ClaimID,ProductCategory,ProductSubtype,CustomerIssueArea,ClaimedComponent,Brand,WarrantyDurationMonths,ExtendedWarranty,FaultType,DamageType,PhysicalDamageReported,LiquidExposureReported,BatterySymptomReported,UsageType,ErrorCodeAvailable,IntermittentIssueReported,ForeignObjectIncidentReported,RecentReinstallationReported,AffectedUnit,ConsumableTypeUsed,ReceiptAvailable,WarrantyCardAvailable,ElectronicWarrantyAvailable,ProductImageAvailable,SerialEvidenceAvailable,FaultEvidenceAvailable,InstallationEvidenceAvailable,BatteryDiagnosticAvailable,ScreenFaultImageAvailable,ServiceDiagnosticAvailable,ComponentIdentityEvidenceAvailable,UsageMeterEvidenceAvailable,RepairReportAvailable,PreviousRepair,RepairCount,RepairAuthorized,PreviousReplacement,ReplacementWithinWarranty,SerialNumberMatch,ProductModelConsistent,DuplicateClaimIndicator,DocumentDuplicateIndicator,ContradictionIndicator,PriorClaimCount,ProductPurchasePrice,ClaimAmount,PreviousRepairCost,OCRConfidence,ClaimSubmissionChannel,BrowserFamily,SubmissionMinute,UiTheme,RandomScore,ProductAgeDays,ClaimReportingDelayDays,ApplicableWarrantyMonths,ComponentWarrantyEligible,WarrantyRemainingDays,WarrantyStatus,SpecialComponentWarrantyStatus,ReportingDeadlineDays,ClaimReportingWithinPeriod,FaultCovered,RequiredDocumentCount,AvailableRequiredDocumentCount,MissingRequiredDocumentCount,UnknownRequiredDocumentCount,RequiredDocumentCoverageRatio,RequiredDocumentsComplete,CriticalDocumentMissing,MissingDocumentCount,AvailableDocumentCount,PurchaseProofAvailable,WarrantyProofAvailable,ProductIdentityMatch,HasRepairHistory,HasPreviousReplacement,CustomerReportedDamageIndicator,ClaimAmountRatio,OCRQualityBand,ClaimMonth,ClaimDayOfWeek,ClaimClass
CLM00001,Camera,Compact,Camera Body,Camera Body,PrimeView,24.0,No,Connectivity Issue,Manufacturing Defect,No,No,Not Applicable,Not Applicable,Not Applicable,Not Applicable,Not Applicable,Not Applicable,Not Applicable,Not Applicable,Yes,Yes,No,Yes,Yes,Yes,Not Applicable,Not Applicable,Not Applicable,Not Applicable,Not Applicable,Not Applicable,Not Applicable,No,0.0,Not Applicable,No,Not Applicable,Yes,Yes,No,No,No,1.0,1747.3,735.54,0.0,0.917,Email,MobileWebView,39,Light,0.4251,642.0,23.0,24.0,Yes,89.0,Active,Not Applicable,30.0,Yes,Yes,3.0,3.0,0.0,0.0,1.0,Yes,No,0.0,3.0,Yes,Yes,Yes,No,No,No,0.4209580495621816,High,3.0,5.0,Valid Claim
CLM00002,Television,Mini-LED,Power,Display Panel,PrimeView,24.0,No,Power Failure,Internal Component Failure,No,Not Applicable,Not Applicable,Not Applicable,Not Applicable,No,Not Applicable,Not Applicable,Not Applicable,Not Applicable,Yes,Yes,Yes,Yes,Yes,Yes,Not Applicable,Not Applicable,Yes,Not Applicable,Not Applicable,Not Applicable,Not Applicable,No,0.0,Not Applicable,No,Not Applicable,Yes,Yes,No,No,No,1.0,2518.99,205.31,0.0,0.754,Service Center,Chrome,29,Dark,1.04054,623.0,12.0,24.0,Yes,108.0,Active,Active,30.0,Yes,Yes,4.0,4.0,0.0,0.0,1.0,Yes,No,0.0,4.0,Yes,Yes,Yes,No,No,No,0.0815048888641876,Medium,5.0,2.0,Valid Claim
CLM00003,Laptop,2-in-1,Device,Main Unit,NovaTech,24.0,No,Connectivity Issue,Manufacturing Defect,No,No,Not Applicable,Not Applicable,Not Applicable,Not Applicable,Not Applicable,Not Applicable,Not Applicable,Not Applicable,Yes,No,Yes,Yes,Yes,Yes,Not Applicable,Not Applicable,Not Applicable,Not Applicable,Not Applicable,Not Applicable,Not Applicable,No,0.0,Not Applicable,No,Not Applicable,Yes,No,No,No,No,0.0,2442.69,257.13,0.0,0.599,Web,Edge,43,Dark,-0.31769,503.0,5.0,24.0,Yes,228.0,Active,Not Applicable,30.0,Yes,Yes,3.0,3.0,0.0,0.0,1.0,Yes,No,0.0,3.0,Yes,Yes,Yes,No,No,No,0.10526509708559,Low,4.0,0.0,Manual Review
CLM00004,Laptop,Consumer Laptop,Charger,Power Adapter,ZenCore,,No,Power Failure,Water Damage,No,Yes,Not Applicable,Not Applicable,Not Applicable,Not Applicable,Not Applicable,Not Applicable,Not Applicable,Not Applicable,Yes,Yes,Yes,Yes,Yes,No,Not Applicable,Not Applicable,Not Applicable,Not Applicable,Not Applicable,Not Applicable,Not Applicable,No,0.0,Not Applicable,No,Not Applicable,Yes,Yes,No,No,No,2.0,2439.73,1375.59,0.0,0.832,Email,MobileWebView,17,Light,0.09047,114.0,9.0,12.0,Yes,251.0,Active,Active,30.0,Yes,No,3.0,2.0,1.0,0.0,0.6666666666666666,No,No,1.0,2.0,Yes,Yes,Yes,No,No,Yes,0.5638287843326926,Medium,8.0,0.0,Invalid Claim
CLM00005,Refrigerator,Single Door,Water Leakage,Main Unit,Aster,24.0,No,Water Leakage,Internal Component Failure,Not Applicable,Not Applicable,Not Applicable,Household,No,Not Applicable,Not Applicable,Not Applicable,Not Applicable,Not Applicable,Yes,Yes,Yes,Yes,Yes,,Not Applicable,Not Applicable,Not Applicable,Not Applicable,Not Applicable,Not Applicable,Not Applicable,No,0.0,Not Applicable,No,Not Applicable,Yes,Yes,No,No,No,0.0,1876.65,669.18,0.0,,Service Center,MobileWebView,20,System,-1.71767,725.0,16.0,24.0,Yes,6.0,Nearing Expiry,Not Applicable,30.0,Yes,Yes,3.0,2.0,0.0,1.0,0.6666666666666666,Unknown,No,0.0,2.0,Yes,Yes,Yes,No,No,Not Applicable,0.3565822076572615,Unknown,7.0,3.0,Manual Review
CLM00006,Camera,Mirrorless,Camera Body,Camera Body,Aster,24.0,No,Connectivity Issue,Manufacturing Defect,No,No,Not Applicable,Not Applicable,Not Applicable,Not Applicable,Not Applicable,Not Applicable,Not Applicable,Not Applicable,No,Yes,Yes,Yes,Yes,Yes,Not Applicable,Not Applicable,Not Applicable,Not Applicable,Not Applicable,Not Applicable,Not Applicable,No,0.0,Not Applicable,No,Not Applicable,Yes,No,No,No,No,0.0,3276.15,948.88,0.0,0.9,Mobile App,Firefox,23,Light,0.81402,643.0,12.0,24.0,Yes,87.0,Active,Not Applicable,30.0,Yes,Yes,3.0,3.0,0.0,0.0,1.0,Yes,No,0.0,3.0,No,Yes,Yes,No,No,No,0.2896326480777742,High,5.0,0.0,Manual Review
CLM00007,Camera,Compact,Camera Body,Camera Body,Aster,24.0,No,Connectivity Issue,Electrical Failure,No,Yes,Not Applicable,Not Applicable,Not Applicable,Not Applicable,Not Applicable,Not Applicable,Not Applicable,Not Applicable,Yes,Yes,Yes,Yes,Yes,,Not Applicable,Not Applicable,Not Applicable,Not Applicable,Not Applicable,Not Applicable,Yes,Yes,1.0,Yes,No,Not Applicable,Yes,Yes,No,No,No,0.0,3239.72,2296.8,259.46,0.978,Service Center,Safari,21,Dark,-0.50896,483.0,23.0,24.0,Yes,248.0,Active,Not Applicable,30.0,Yes,Yes,4.0,3.0,0.0,1.0,0.75,Unknown,No,0.0,3.0,Yes,Yes,Yes,Yes,No,Yes,0.7089501561863372,High,2.0,3.0,Valid Claim
CLM00008,Smartphone,Rugged Smartphone,Phone,Main Unit,Aster,12.0,No,Connectivity Issue,Internal Component Failure,No,No,Not Applicable,Not Applicable,Not Applicable,Not Applicable,Not Applicable,Not Applicable,Not Applicable,Not Applicable,Yes,Yes,Yes,,Yes,Yes,Not Applicable,Not Applicable,Not Applicable,Not Applicable,Not Applicable,Not Applicable,Not Applicable,No,0.0,Not Applicable,No,Not Applicable,Yes,Yes,No,No,No,0.0,1249.32,,0.0,0.834,Web,Chrome,30,Light,0.25348,255.0,23.0,12.0,Yes,110.0,Active,Not Applicable,30.0,Yes,Yes,3.0,3.0,0.0,0.0,1.0,Yes,No,0.0,3.0,Yes,Yes,Yes,No,No,No,,Medium,12.0,2.0,Valid Claim
CLM00009,Refrigerator,Single Door,Noise,Main Unit,HomePro,24.0,No,Noise,Internal Component Failure,Not Applicable,Not Applicable,Not Applicable,Household,Yes,Not Applicable,Not Applicable,Not Applicable,Not Applicable,Not Applicable,Yes,Yes,Yes,Yes,Yes,Yes,Not Applicable,Not Applicable,Not Applicable,Not Applicable,Not Applicable,Not Applicable,Not Applicable,No,0.0,Not Applicable,No,Not Applicable,Yes,Yes,No,No,No,1.0,2642.6,230.96,0.0,0.929,Email,Safari,29,System,-1.46543,672.0,15.0,24.0,Yes,59.0,Active,Not Applicable,30.0,Yes,Yes,3.0,3.0,0.0,0.0,1.0,Yes,No,0.0,3.0,Yes,Yes,Yes,No,No,Not Applicable,0.0873987739347612,High,3.0,4.0,Valid Claim
CLM00010,Camera,DSLR,Camera Body,Camera Body,PrimeView,24.0,Yes,Connectivity Issue,Accidental Damage,Yes,No,Not Applicable,Not Applicable,Not Applicable,Not Applicable,Not Applicable,Not Applicable,Not Applicable,Not Applicable,Yes,Yes,Yes,Yes,Yes,No,Not Applicable,Not Applicable,Not Applicable,Not Applicable,Not Applicable,Not Applicable,Yes,Yes,2.0,No,No,Not Applicable,Yes,Yes,No,No,No,1.0,1575.93,179.56,340.31,0.896,Service Center,MobileWebView,56,Dark,-0.44236,1043.0,3.0,24.0,Yes,53.0,Active,Not Applicable,30.0,Yes,No,4.0,3.0,1.0,0.0,0.75,No,No,1.0,3.0,Yes,Yes,Yes,Yes,No,Yes,0.113939070897819,High,9.0,1.0,Invalid Claim
CLM00011,Printer,Laser,Power,Main Unit,NovaTech,12.0,No,Power Failure,Manufacturing Defect,Not Applicable,Not Applicable,Not Applicable,Not Applicable,No,Not Applicable,No,Not Applicable,Not Applicable,Original,Yes,Yes,No,Yes,Yes,,Not Applicable,Not Applicable,Not Applicable,Not Applicable,Not Applicable,No,Not Applicable,No,0.0,Not Applicable,No,Not Applicable,Yes,Yes,No,Yes,No,3.0,1153.17,301.14,0.0,0.737,Service Center,Chrome,52,System,0.39211,145.0,5.0,12.0,Yes,220.0,Active,Not Applicable,30.0,Yes,Yes,4.0,2.0,1.0,1.0,0.5,No,No,1.0,2.0,Yes,Yes,Yes,No,No,No,0.2611410286427846,Medium,5.0,3.0,Manual Review
CLM00012,Television,OLED,Connection,Main Unit,PrimeView,24.0,Yes,Connectivity Issue,Manufacturing Defect,No,Not Applicable,Not Applicable,Not Applicable,Not Applicable,No,Not Applicable,Not Applicable,Not Applicable,Not Applicable,Yes,No,Yes,Yes,No,,Not Applicable,Not Applicable,Not Applicable,Not Applicable,Not Applicable,Not Applicable,,No,0.0,Not Applicable,No,Not Applicable,Yes,Yes,No,No,No,1.0,2646.96,2024.65,0.0,0.58,Service Center,Edge,33,System,2.27294,1323.0,18.0,24.0,Yes,-227.0,Expired,Not Applicable,30.0,Yes,Yes,3.0,1.0,1.0,1.0,0.3333333333333333,No,Yes,1.0,1.0,Yes,Yes,Yes,No,No,No,0.764896333907577,Low,8.0,5.0,Invalid Claim
CLM00013,Air Conditioner,Split,Indoor Unit,Main Unit,Aster,24.0,Yes,Cooling Failure,Manufacturing Defect,Not Applicable,Not Applicable,Not Applicable,Not Applicable,No,Not Applicable,Not Applicable,No,Indoor Unit,Not Applicable,Yes,Yes,Yes,Yes,Yes,Yes,Yes,Not Applicable,Not Applicable,Not Applicable,Not Applicable,Not Applicable,Not Applicable,No,0.0,Not Applicable,Yes,Yes,Yes,Yes,No,No,No,4.0,499.55,360.61,0.0,0.919,Mobile App,Chrome,52,System,0.10636,1348.0,5.0,24.0,Yes,-253.0,Expired,Not Applicable,30.0,Yes,Yes,4.0,4.0,0.0,0.0,1.0,Yes,No,0.0,4.0,Yes,Yes,Yes,No,Yes,Not Applicable,0.721869682714443,High,2.0,0.0,Invalid Claim
CLM00014,Television,OLED,Remote Control,Remote Control,PrimeView,6.0,No,Power Failure,Manufacturing Defect,No,Not Applicable,Not Applicable,Not Applicable,Not Applicable,Unknown,Not Applicable,Not Applicable,Not Applicable,Not Applicable,Yes,Yes,No,Yes,No,Yes,Not Applicable,Not Applicable,Not Applicable,Not Applicable,Not Applicable,Not Applicable,Not Applicable,No,0.0,Not Applicable,No,Not Applicable,Yes,Yes,No,No,No,0.0,1152.22,1066.29,0.0,0.822,Service Center,Edge,26,System,-1.2169,126.0,42.0,6.0,Yes,56.0,Active,Active,30.0,No,Yes,3.0,2.0,1.0,0.0,0.6666666666666666,No,Yes,1.0,2.0,Yes,Yes,Yes,No,No,No,0.9254222283938832,Medium,3.0,1.0,Invalid Claim
CLM00015,Camera,Compact,Camera Body,Camera Body,PrimeView,24.0,Yes,Battery Problem,Electrical Failure,No,Yes,Yes,Not Applicable,Not Applicable,Not Applicable,Not Applicable,Not Applicable,Not Applicable,Not Applicable,Yes,Yes,Yes,Yes,Yes,Yes,Not Applicable,Not Applicable,Not Applicable,Not Applicable,Not Applicable,Not Applicable,Yes,Yes,2.0,No,No,Not Applicable,Yes,Yes,No,No,No,1.0,3176.48,1345.51,460.91,0.788,Web,MobileWebView,24,System,0.47924,1091.0,11.0,24.0,Yes,5.0,Nearing Expiry,Not Applicable,30.0,Yes,Yes,4.0,4.0,0.0,0.0,1.0,Yes,No,0.0,4.0,Yes,Yes,Yes,Yes,No,Yes,0.423585226414144,Medium,1.0,6.0,Invalid Claim
CLM00016,Camera,Mirrorless,Not Sure,Camera Body,Aster,24.0,No,Battery Problem,Accidental Damage,Yes,No,No,Not Applicable,Not Applicable,Not Applicable,Not Applicable,Not Applicable,Not Applicable,Not Applicable,Yes,Yes,No,Yes,,Yes,Not Applicable,Not Applicable,Not Applicable,Not Applicable,Not Applicable,Not Applicable,Not Applicable,No,0.0,Not Applicable,No,Not Applicable,Yes,Yes,No,No,No,1.0,2411.17,2179.42,0.0,0.52,Web,MobileWebView,26,System,-0.57171,717.0,12.0,24.0,Yes,13.0,Nearing Expiry,Not Applicable,30.0,Yes,No,3.0,2.0,0.0,1.0,0.6666666666666666,Unknown,Unknown,0.0,2.0,Yes,Yes,Yes,No,No,Yes,0.9038848359924848,Low,1.0,6.0,Invalid Claim
CLM00017,Refrigerator,Double Door,Noise,Compressor,ZenCore,120.0,No,Noise,Internal Component Failure,Not Applicable,Not Applicable,Not Applicable,Business,Unknown,Not Applicable,Not Applicable,Not Applicable,Not Applicable,Not Applicable,Yes,Yes,No,Yes,Yes,Yes,Not Applicable,Not Applicable,Not Applicable,Yes,Not Applicable,Not Applicable,No,Yes,2.0,Yes,No,Not Applicable,Yes,Yes,No,No,No,1.0,2091.87,951.23,66.08,0.845,Web,Edge,10,System,0.7037,3876.0,16.0,120.0,Yes,-223.0,Expired,Expired,30.0,Yes,Yes,5.0,4.0,1.0,0.0,0.8,No,No,1.0,4.0,Yes,Yes,Yes,Yes,No,Not Applicable,0.454727110193272,Medium,3.0,0.0,Invalid Claim
CLM00018,Camera,DSLR,Not Sure,Camera Body,NovaTech,24.0,No,Lens Failure,Manufacturing Defect,Unknown,No,Not Applicable,Not Applicable,Not Applicable,Not Applicable,Not Applicable,Not Applicable,Not Applicable,Not Applicable,Yes,Yes,Yes,Yes,Yes,No,Not Applicable,Not Applicable,Not Applicable,Not Applicable,Not Applicable,Not Applicable,Yes,Yes,3.0,Yes,No,Not Applicable,Yes,Yes,No,No,No,1.0,2075.15,439.24,574.81,0.884,Mobile App,Edge,40,Light,0.88802,636.0,12.0,24.0,Yes,95.0,Active,Not Applicable,30.0,Yes,Yes,4.0,3.0,1.0,0.0,0.75,No,No,1.0,3.0,Yes,Yes,Yes,Yes,No,Unknown,0.211666626508927,High,10.0,4.0,Manual Review
CLM00019,Camera,Compact,Lens,Lens,Aster,24.0,No,Connectivity Issue,Electrical Failure,No,No,Not Applicable,Not Applicable,Not Applicable,Not Applicable,Not Applicable,Not Applicable,Not Applicable,Not Applicable,Yes,Yes,No,Yes,Yes,Yes,Not Applicable,Not Applicable,Not Applicable,Not Applicable,Yes,Not Applicable,Not Applicable,No,0.0,Not Applicable,No,Not Applicable,Yes,Yes,No,No,No,0.0,2538.3,1058.11,0.0,0.968,Web,Firefox,18,Light,0.59781,713.0,9.0,24.0,Yes,18.0,Nearing Expiry,Nearing Expiry,30.0,Yes,Yes,4.0,4.0,0.0,0.0,1.0,Yes,No,0.0,4.0,Yes,Yes,Yes,No,No,No,0.4168577394319032,High,8.0,4.0,Valid Claim
CLM00020,Refrigerator,Double Door,Water Leakage,Main Unit,ZenCore,24.0,No,Water Leakage,Manufacturing Defect,Not Applicable,Not Applicable,Not Applicable,Household,No,Not Applicable,Not Applicable,Not Applicable,Not Applicable,Not Applicable,Yes,Yes,No,Yes,Yes,Yes,Not Applicable,Not Applicable,Not Applicable,Not Applicable,Not Applicable,Not Applicable,Not Applicable,No,0.0,Not Applicable,No,Not Applicable,Yes,Yes,No,No,No,1.0,1162.25,472.54,0.0,0.82,Web,MobileWebView,57,System,1.06415,610.0,6.0,24.0,Yes,121.0,Active,Not Applicable,30.0,Yes,Yes,3.0,3.0,0.0,0.0,1.0,Yes,No,0.0,3.0,Yes,Yes,Yes,No,No,Not Applicable,0.4065734566573457,Medium,9.0,3.0,Valid Claim
CLM00021,Smartphone,Standard Smartphone,Not Sure,Main Unit,Aster,12.0,No,Overheating,Internal Component Failure,No,No,Not Applicable,Not Applicable,Not Applicable,Not Applicable,Not Applicable,Not Applicable,Not Applicable,Not Applicable,Yes,Yes,No,No,Yes,Yes,Not Applicable,Not Applicable,Not Applicable,Not Applicable,Not Applicable,Not Applicable,,Yes,2.0,Yes,No,Not Applicable,Yes,Yes,No,No,No,1.0,865.44,776.45,119.62,0.479,Web,Edge,27,Light,1.3869,379.0,37.0,12.0,Yes,-14.0,Expired,Not Applicable,30.0,No,Yes,4.0,3.0,0.0,1.0,0.75,Unknown,No,0.0,3.0,Yes,Yes,Yes,Yes,No,No,0.8971736919948234,Low,1.0,6.0,Invalid Claim
CLM00022,Smartphone,Foldable Smartphone,Phone,Main Unit,Aster,12.0,No,Power Failure,Internal Component Failure,No,No,Not Applicable,Not Applicable,Not Applicable,Not Applicable,Not Applicable,Not Applicable,Not Applicable,Not Applicable,No,Yes,Yes,No,Yes,,Not Applicable,Not Applicable,Not Applicable,Not Applicable,Not Applicable,Not Applicable,Not Applicable,No,0.0,Not Applicable,No,Not Applicable,Yes,Yes,No,No,No,0.0,1024.2,972.1,0.0,0.725,Web,Chrome,41,System,0.04499,172.0,3.0,12.0,Yes,193.0,Active,Not Applicable,30.0,Yes,Yes,3.0,2.0,0.0,1.0,0.6666666666666666,Unknown,No,0.0,2.0,No,Yes,Yes,No,No,No,0.9491310290958797,Medium,12.0,4.0,Valid Claim
CLM00023,Washing Machine,Front Load,Washing,Main Unit,HomePro,24.0,No,Mechanical Failure,Electrical Failure,Not Applicable,Not Applicable,Not Applicable,Household,Yes,Not Applicable,No,Not Applicable,Not Applicable,Not Applicable,Yes,Yes,No,Yes,Yes,Yes,Not Applicable,Not Applicable,Not Applicable,Not Applicable,Not Applicable,Not Applicable,Not Applicable,No,0.0,Not Applicable,No,Not Applicable,Yes,Yes,No,No,No,0.0,1286.19,640.39,0.0,0.892,Mobile App,Edge,23,Light,-1.17019,856.0,34.0,24.0,Yes,-125.0,Expired,Not Applicable,30.0,No,Yes,3.0,3.0,0.0,0.0,1.0,Yes,No,0.0,3.0,Yes,Yes,Yes,No,No,No,0.4978968892620841,High,10.0,5.0,Invalid Claim
CLM00024,Washing Machine,Washer Dryer,Power,Main Unit,HomePro,24.0,No,Power Failure,Electrical Failure,Not Applicable,Not Applicable,Not Applicable,Household,Yes,Not Applicable,No,Not Applicable,Not Applicable,Not Applicable,Yes,Yes,Yes,Yes,,No,Not Applicable,Not Applicable,Not Applicable,Not Applicable,Not Applicable,Not Applicable,Not Applicable,No,0.0,Not Applicable,No,Not Applicable,Yes,No,No,No,No,0.0,951.83,741.74,0.0,0.814,Email,Edge,47,Dark,2.07393,383.0,27.0,24.0,Yes,348.0,Active,Not Applicable,30.0,Yes,Yes,3.0,1.0,1.0,1.0,0.3333333333333333,No,Unknown,1.0,1.0,Yes,Yes,Yes,No,No,No,0.779277812214366,Medium,3.0,3.0,Manual Review
CLM00025,Washing Machine,Top Load,Spinning,Main Unit,ZenCore,24.0,No,Mechanical Failure,Physical Damage,Not Applicable,Not Applicable,Not Applicable,Other,Yes,Not Applicable,No,Not Applicable,Not Applicable,Not Applicable,Yes,Yes,Yes,Yes,Yes,Yes,Not Applicable,Not Applicable,Not Applicable,Not Applicable,Not Applicable,Not Applicable,Yes,Yes,2.0,Yes,No,Not Applicable,Yes,No,No,No,No,3.0,1832.94,791.32,,0.883,Mobile App,Firefox,30,Light,2.59981,576.0,27.0,24.0,Yes,155.0,Active,Not Applicable,30.0,Yes,No,4.0,4.0,0.0,0.0,1.0,Yes,No,0.0,4.0,Yes,Yes,Yes,Yes,No,No,0.4317217148406385,High,4.0,2.0,Invalid Claim
CLM00026,Printer,Laser,Paper Feed,Main Unit,NovaTech,12.0,No,Paper Feed Failure,Electrical Failure,Not Applicable,Not Applicable,Not Applicable,Not Applicable,Yes,Not Applicable,No,Not Applicable,Not Applicable,Compatible,Yes,Yes,No,Yes,Yes,Yes,Not Applicable,Not Applicable,Not Applicable,Not Applicable,Not Applicable,No,Not Applicable,No,0.0,Not Applicable,Yes,Yes,Yes,Yes,No,No,No,1.0,1102.41,355.02,0.0,0.749,Mobile App,MobileWebView,44,Light,0.5347,159.0,23.0,12.0,Yes,206.0,Active,Not Applicable,30.0,Yes,Yes,4.0,3.0,1.0,0.0,0.75,No,No,1.0,3.0,Yes,Yes,Yes,No,Yes,No,0.3220398944131493,Medium,11.0,2.0,Manual Review
CLM00027,Washing Machine,Front Load,Water Leakage,Main Unit,ZenCore,24.0,No,Water Leakage,Accidental Damage,Not Applicable,Not Applicable,Not Applicable,Household,No,Not Applicable,No,Not Applicable,Not Applicable,Not Applicable,No,Yes,Yes,Yes,No,No,Not Applicable,Not Applicable,Not Applicable,Not Applicable,Not Applicable,Not Applicable,Not Applicable,No,0.0,Not Applicable,No,Not Applicable,Yes,Yes,No,No,No,0.0,1620.03,937.55,0.0,0.801,Email,Firefox,24,System,0.99979,403.0,22.0,24.0,Yes,327.0,Active,Not Applicable,30.0,Yes,No,3.0,1.0,2.0,0.0,0.3333333333333333,No,Yes,2.0,1.0,No,Yes,Yes,No,No,No,0.5787238507928866,Medium,6.0,1.0,Invalid Claim
CLM00028,Television,Mini-LED,Power,Main Unit,Aster,24.0,No,Power Failure,Internal Component Failure,No,Not Applicable,Not Applicable,Not Applicable,Not Applicable,No,Not Applicable,Not Applicable,Not Applicable,Not Applicable,Yes,Yes,Yes,,Yes,Yes,Not Applicable,Not Applicable,Not Applicable,Not Applicable,Not Applicable,Not Applicable,Not Applicable,No,0.0,Not Applicable,No,Not Applicable,Yes,Yes,No,No,No,2.0,971.28,132.83,0.0,0.887,Email,Safari,47,System,-1.68727,696.0,10.0,24.0,Yes,35.0,Active,Not Applicable,30.0,Yes,Yes,3.0,3.0,0.0,0.0,1.0,Yes,No,0.0,3.0,Yes,Yes,Yes,No,No,No,0.1367576805864426,High,11.0,4.0,Valid Claim
CLM00029,Smartphone,Foldable Smartphone,Phone,Main Unit,NovaTech,12.0,No,Display Failure,Water Damage,No,Yes,Not Applicable,Not Applicable,Not Applicable,Not Applicable,Not Applicable,Not Applicable,Not Applicable,Not Applicable,Yes,No,Yes,,Yes,Yes,Not Applicable,Not Applicable,Not Applicable,Not Applicable,Not Applicable,Not Applicable,Not Applicable,No,0.0,Not Applicable,No,Not Applicable,Yes,Yes,No,No,No,4.0,889.63,842.72,0.0,0.733,Service Center,Chrome,36,Dark,-1.05117,569.0,9.0,12.0,Yes,-203.0,Expired,Not Applicable,30.0,Yes,No,3.0,3.0,0.0,0.0,1.0,Yes,No,0.0,3.0,Yes,Yes,Yes,No,No,Yes,0.947270213459528,Medium,6.0,2.0,Invalid Claim
CLM00030,Television,LED,Picture,Main Unit,Aster,24.0,No,Display Failure,Manufacturing Defect,No,Not Applicable,Not Applicable,Not Applicable,Not Applicable,No,Not Applicable,Not Applicable,Not Applicable,Not Applicable,Yes,,Yes,No,Yes,Yes,Not Applicable,Not Applicable,Not Applicable,Not Applicable,Not Applicable,Not Applicable,Not Applicable,No,0.0,Not Applicable,No,Not Applicable,Yes,Yes,No,No,No,0.0,606.45,118.54,0.0,0.573,Mobile App,Safari,23,Light,-0.44039,681.0,5.0,24.0,Yes,50.0,Active,Not Applicable,30.0,Yes,Yes,3.0,3.0,0.0,0.0,1.0,Yes,No,0.0,3.0,Yes,Yes,Yes,No,No,No,0.1954654134718443,Low,6.0,2.0,Manual Review
CLM00031,Smartphone,Foldable Smartphone,Battery,Battery,PrimeView,12.0,No,Battery Problem,Manufacturing Defect,No,No,Yes,Not Applicable,Not Applicable,Not Applicable,Not Applicable,Not Applicable,Not Applicable,Not Applicable,Yes,Yes,No,Yes,Yes,Yes,Not Applicable,No,Not Applicable,Not Applicable,Not Applicable,Not Applicable,Not Applicable,No,0.0,Not Applicable,Yes,Yes,Yes,Yes,No,No,No,0.0,512.46,408.06,0.0,0.805,Service Center,Safari,47,Light,2.01407,366.0,6.0,12.0,Yes,0.0,Nearing Expiry,Nearing Expiry,30.0,Yes,Yes,4.0,3.0,1.0,0.0,0.75,No,No,1.0,3.0,Yes,Yes,Yes,No,Yes,No,0.7962767825781524,Medium,12.0,2.0,Manual Review
CLM00032,Smartphone,Foldable Smartphone,Phone,Main Unit,NovaTech,12.0,No,Battery Problem,Manufacturing Defect,No,No,Yes,Not Applicable,Not Applicable,Not Applicable,Not Applicable,Not Applicable,Not Applicable,Not Applicable,Yes,Yes,Yes,Yes,Yes,Yes,Not Applicable,Not Applicable,Not Applicable,Not Applicable,Not Applicable,Not Applicable,Not Applicable,No,0.0,Not Applicable,No,Not Applicable,Yes,Yes,No,No,No,1.0,739.37,264.87,0.0,0.817,Mobile App,MobileWebView,36,System,-0.96318,402.0,22.0,12.0,Yes,-37.0,Expired,Not Applicable,30.0,Yes,Yes,3.0,3.0,0.0,0.0,1.0,Yes,No,0.0,3.0,Yes,Yes,Yes,No,No,No,0.358237418342643,Medium,7.0,0.0,Invalid Claim
CLM00033,Air Conditioner,Split,Indoor Unit,Main Unit,ZenCore,24.0,No,Noise,Manufacturing Defect,Not Applicable,Not Applicable,Not Applicable,Not Applicable,No,Not Applicable,Not Applicable,No,Indoor Unit,Not Applicable,Yes,Yes,Yes,Yes,Yes,Yes,Yes,Not Applicable,Not Applicable,Not Applicable,Not Applicable,Not Applicable,,No,0.0,Not Applicable,No,Not Applicable,Unknown,Yes,No,No,No,0.0,1556.84,494.35,0.0,0.951,Service Center,Chrome,45,System,1.61831,508.0,25.0,24.0,Yes,222.0,Active,Not Applicable,30.0,Yes,Yes,4.0,4.0,0.0,0.0,1.0,Yes,No,0.0,4.0,Yes,Yes,Unknown,No,No,Not Applicable,0.3175342360165463,High,7.0,1.0,Manual Review
CLM00034,Printer,Inkjet,Connection,Main Unit,NovaTech,12.0,No,Connectivity Issue,Physical Damage,Not Applicable,Not Applicable,Not Applicable,Not Applicable,No,Not Applicable,Yes,Not Applicable,Not Applicable,Original,Yes,,Yes,Yes,Yes,Yes,Not Applicable,Not Applicable,Not Applicable,Not Applicable,Not Applicable,Yes,,Yes,2.0,No,No,Not Applicable,Yes,Yes,No,No,No,1.0,397.2,244.06,507.6,0.889,Mobile App,Edge,26,Dark,1.04263,355.0,1.0,12.0,Yes,10.0,Nearing Expiry,Not Applicable,30.0,Yes,No,5.0,4.0,0.0,1.0,0.8,Unknown,No,0.0,4.0,Yes,Yes,Yes,Yes,No,Yes,0.6144511581067472,High,7.0,6.0,Invalid Claim
CLM00035,Printer,Inkjet,Power,Main Unit,NovaTech,12.0,No,Power Failure,Internal Component Failure,Not Applicable,Not Applicable,Not Applicable,Not Applicable,Yes,Not Applicable,No,Not Applicable,Not Applicable,Original,Yes,Yes,No,Yes,Yes,Yes,Not Applicable,Not Applicable,Not Applicable,Not Applicable,Not Applicable,Yes,Not Applicable,No,0.0,Not Applicable,Yes,Yes,Yes,Yes,No,No,No,1.0,540.74,277.48,0.0,0.82,Web,Edge,8,Dark,0.4484,175.0,9.0,12.0,Yes,190.0,Active,Not Applicable,30.0,Yes,Yes,4.0,4.0,0.0,0.0,1.0,Yes,No,0.0,4.0,Yes,Yes,Yes,No,Yes,No,0.5131486481488331,Medium,12.0,2.0,Valid Claim
CLM00036,Television,LED,Connection,Main Unit,HomePro,24.0,No,Connectivity Issue,Manufacturing Defect,No,Not Applicable,Not Applicable,Not Applicable,Not Applicable,No,Not Applicable,Not Applicable,Not Applicable,Not Applicable,,Yes,Yes,,Yes,Yes,Not Applicable,Not Applicable,Not Applicable,Not Applicable,Not Applicable,Not Applicable,Not Applicable,No,0.0,Not Applicable,No,Not Applicable,Yes,Yes,Yes,No,No,1.0,1699.51,1150.13,0.0,0.734,Web,Firefox,23,Light,0.0902,520.0,13.0,24.0,Yes,211.0,Active,Not Applicable,30.0,Yes,Yes,3.0,3.0,0.0,0.0,1.0,Yes,No,0.0,3.0,,Yes,Yes,No,No,No,0.6767421197874682,Medium,2.0,3.0,Invalid Claim
CLM00037,Laptop,2-in-1,Device,Main Unit,NovaTech,24.0,No,Display Failure,Manufacturing Defect,Unknown,No,Not Applicable,Not Applicable,Not Applicable,Not Applicable,Not Applicable,Not Applicable,Not Applicable,Not Applicable,Yes,Yes,No,No,No,Yes,Not Applicable,Not Applicable,Not Applicable,Not Applicable,Not Applicable,Not Applicable,Yes,Yes,3.0,Yes,No,Not Applicable,Yes,Yes,No,No,No,2.0,2108.7,763.89,393.66,0.89,Email,Firefox,49,Dark,0.06096,664.0,1.0,24.0,Yes,67.0,Active,Not Applicable,30.0,Yes,Yes,4.0,3.0,1.0,0.0,0.75,No,Yes,1.0,3.0,Yes,Yes,Yes,Yes,No,Unknown,0.3622563664817186,High,11.0,2.0,Manual Review
CLM00038,Printer,Thermal,Ink or Toner,Ink Or Toner,HomePro,0.0,No,Connectivity Issue,Internal Component Failure,Not Applicable,Not Applicable,Not Applicable,Not Applicable,Yes,Not Applicable,No,Not Applicable,Not Applicable,Original,Yes,Yes,Yes,Yes,Yes,Yes,Not Applicable,Not Applicable,Not Applicable,Not Applicable,Not Applicable,No,No,Yes,3.0,Yes,Yes,Yes,Yes,Yes,No,No,No,0.0,421.2,249.02,67.26,0.736,Service Center,Edge,47,Dark,0.29588,172.0,9.0,0.0,No,,Not Eligible,Not Eligible,30.0,Yes,No,5.0,3.0,2.0,0.0,0.6,No,No,2.0,3.0,Yes,Yes,Yes,Yes,Yes,No,0.5912155745489079,Medium,1.0,2.0,Invalid Claim
CLM00039,Laptop,Business Laptop,Battery,Battery,NovaTech,12.0,No,Battery Problem,Internal Component Failure,No,No,Yes,Not Applicable,Not Applicable,Not Applicable,Not Applicable,Not Applicable,Not Applicable,Not Applicable,Yes,Yes,No,No,Yes,Yes,Not Applicable,Yes,Not Applicable,Not Applicable,Not Applicable,Not Applicable,Yes,Yes,3.0,Yes,No,Not Applicable,Yes,Yes,No,No,No,0.0,828.97,611.42,269.65,0.849,Web,Safari,21,Light,-0.48405,136.0,6.0,12.0,Yes,230.0,Active,Active,30.0,Yes,Yes,5.0,5.0,0.0,0.0,1.0,Yes,No,0.0,5.0,Yes,Yes,Yes,Yes,No,No,0.7375658950263579,Medium,6.0,2.0,Valid Claim
CLM00040,Refrigerator,Side-by-Side,Water Leakage,Main Unit,HomePro,24.0,No,Water Leakage,Manufacturing Defect,Not Applicable,Not Applicable,Not Applicable,Household,Unknown,Not Applicable,Not Applicable,Not Applicable,Not Applicable,Not Applicable,Yes,Yes,Yes,Yes,Yes,Yes,Not Applicable,Not Applicable,Not Applicable,Not Applicable,Not Applicable,Not Applicable,Not Applicable,No,0.0,Not Applicable,No,Not Applicable,Unknown,Yes,No,No,No,2.0,2697.9,2018.68,0.0,0.869,Service Center,Edge,58,System,1.55803,698.0,13.0,24.0,Yes,33.0,Active,Not Applicable,30.0,Yes,Yes,3.0,3.0,0.0,0.0,1.0,Yes,No,0.0,3.0,Yes,Yes,Unknown,No,No,Not Applicable,0.7482412246562141,High,5.0,2.0,Manual Review
CLM00041,Printer,Inkjet,Other,Main Unit,HomePro,12.0,Yes,Connectivity Issue,Normal Wear,Not Applicable,Not Applicable,Not Applicable,Not Applicable,No,Not Applicable,No,Not Applicable,Not Applicable,Original,Yes,Yes,No,Yes,Yes,Yes,Not Applicable,Not Applicable,Not Applicable,Not Applicable,Not Applicable,Yes,Not Applicable,No,0.0,Not Applicable,No,Not Applicable,Yes,No,No,No,Yes,1.0,930.75,108.41,0.0,0.785,Service Center,Safari,5,System,-0.3079,705.0,14.0,12.0,Yes,26.0,Nearing Expiry,Not Applicable,30.0,Yes,No,4.0,4.0,0.0,0.0,1.0,Yes,No,0.0,4.0,Yes,Yes,Yes,No,No,No,0.1164759602471125,Medium,3.0,6.0,Invalid Claim
CLM00042,Laptop,Gaming Laptop,Device,Main Unit,Aster,24.0,No,Display Failure,Internal Component Failure,No,No,Not Applicable,Not Applicable,Not Applicable,Not Applicable,Not Applicable,Not Applicable,Not Applicable,Not Applicable,Yes,Yes,Yes,Yes,Yes,No,Not Applicable,Not Applicable,Not Applicable,Not Applicable,Not Applicable,Not Applicable,Not Applicable,No,0.0,Not Applicable,No,Not Applicable,Yes,Yes,No,No,No,0.0,2125.69,808.57,0.0,0.837,Web,Edge,39,Light,0.75986,568.0,11.0,24.0,Yes,163.0,Active,Not Applicable,30.0,Yes,Yes,3.0,2.0,1.0,0.0,0.6666666666666666,No,No,1.0,2.0,Yes,Yes,Yes,No,No,No,0.3803800177824612,Medium,5.0,1.0,Manual Review
CLM00043,Printer,Inkjet,Printing,Print Head,NovaTech,12.0,No,Mechanical Failure,Internal Component Failure,Not Applicable,Not Applicable,Not Applicable,Not Applicable,Yes,Not Applicable,Yes,Not Applicable,Not Applicable,Compatible,Yes,,Yes,Yes,Yes,Yes,Not Applicable,Not Applicable,Not Applicable,Not Applicable,Not Applicable,Yes,Not Applicable,No,0.0,Not Applicable,No,Not Applicable,Yes,Yes,No,No,Yes,0.0,971.0,633.42,0.0,0.727,Service Center,Chrome,27,Light,-1.00571,175.0,15.0,12.0,Yes,190.0,Active,Active,30.0,Yes,Yes,4.0,4.0,0.0,0.0,1.0,Yes,No,0.0,4.0,Yes,Yes,Yes,No,No,Yes,0.6523377960865087,Medium,7.0,5.0,Manual Review
CLM00044,Television,LED,Picture,Main Unit,HomePro,24.0,No,Display Failure,Improper Wall Mounting,No,Not Applicable,Not Applicable,Not Applicable,Not Applicable,No,Not Applicable,Not Applicable,Not Applicable,Not Applicable,No,Yes,No,Yes,Yes,Yes,Not Applicable,Not Applicable,Not Applicable,Not Applicable,Not Applicable,Not Applicable,,No,0.0,Not Applicable,No,Not Applicable,Yes,Yes,No,No,No,1.0,678.08,511.53,0.0,0.863,Service Center,Safari,56,System,0.3764,376.0,8.0,24.0,Yes,354.0,Active,Not Applicable,30.0,Yes,No,3.0,3.0,0.0,0.0,1.0,Yes,No,0.0,3.0,No,Yes,Yes,No,No,No,0.7543800141576215,High,4.0,2.0,Invalid Claim
CLM00045,Washing Machine,Front Load,Power,Main Unit,ZenCore,24.0,Yes,Power Failure,Electrical Failure,Not Applicable,Not Applicable,Not Applicable,Household,No,Not Applicable,No,Not Applicable,Not Applicable,Not Applicable,Yes,Yes,Yes,Yes,No,Yes,Not Applicable,Not Applicable,Not Applicable,Not Applicable,Not Applicable,Not Applicable,Yes,Yes,2.0,Yes,No,Not Applicable,Yes,Yes,No,No,No,2.0,668.84,108.8,503.69,0.774,Email,MobileWebView,46,Dark,-0.22198,829.0,10.0,24.0,Yes,267.0,Active,Not Applicable,30.0,Yes,Yes,4.0,3.0,1.0,0.0,0.75,No,Yes,1.0,3.0,Yes,Yes,Yes,Yes,No,No,0.1626696967884695,Medium,5.0,4.0,Manual Review
CLM00046,Refrigerator,Double Door,Water Leakage,Compressor,HomePro,120.0,No,Water Leakage,Electrical Failure,Not Applicable,Not Applicable,Not Applicable,Household,No,Not Applicable,Not Applicable,Not Applicable,Not Applicable,Not Applicable,Yes,Yes,No,Yes,,Yes,Not Applicable,Not Applicable,Not Applicable,No,Not Applicable,Not Applicable,Not Applicable,No,0.0,Not Applicable,No,Not Applicable,Yes,Yes,No,No,Yes,0.0,1130.04,495.12,0.0,0.909,Web,Edge,3,System,-0.85303,3552.0,12.0,120.0,Yes,100.0,Active,Active,30.0,Yes,Yes,4.0,2.0,1.0,1.0,0.5,No,Unknown,1.0,2.0,Yes,Yes,Yes,No,No,Not Applicable,0.4381437825209727,High,4.0,6.0,Manual Review
CLM00047,Printer,Inkjet,Power,Main Unit,PrimeView,12.0,No,Power Failure,Accidental Damage,Not Applicable,Not Applicable,Not Applicable,Not Applicable,Yes,Not Applicable,No,Not Applicable,Not Applicable,Original,Yes,Yes,No,Yes,Yes,Yes,Not Applicable,Not Applicable,Not Applicable,Not Applicable,Not Applicable,Yes,,Yes,3.0,Yes,No,Not Applicable,Yes,Yes,No,No,No,0.0,500.3,284.19,600.35,0.929,Web,Edge,30,Light,-0.5764,477.0,11.0,12.0,Yes,-112.0,Expired,Not Applicable,30.0,Yes,No,5.0,4.0,0.0,1.0,0.8,Unknown,No,0.0,4.0,Yes,Yes,Yes,Yes,No,No,0.5680391764941035,High,1.0,2.0,Invalid Claim
CLM00048,Camera,Mirrorless,Camera Body,Camera Body,PrimeView,24.0,No,Power Failure,Liquid Damage,No,Yes,Not Applicable,Not Applicable,Not Applicable,Not Applicable,Not Applicable,Not Applicable,Not Applicable,Not Applicable,Yes,Yes,Yes,Yes,Yes,Yes,Not Applicable,Not Applicable,Not Applicable,Not Applicable,Not Applicable,Not Applicable,Not Applicable,No,0.0,Not Applicable,No,Not Applicable,Yes,Yes,No,No,No,2.0,2590.79,1194.64,0.0,,Mobile App,Firefox,40,Dark,-0.28058,463.0,2.0,24.0,Yes,267.0,Active,Not Applicable,30.0,Yes,No,3.0,3.0,0.0,0.0,1.0,Yes,No,0.0,3.0,Yes,Yes,Yes,No,No,Yes,0.4611103177023225,Unknown,5.0,1.0,Invalid Claim
CLM00049,Smartphone,Foldable Smartphone,Charger,Charger,NovaTech,6.0,No,Display Failure,Manufacturing Defect,No,No,Not Applicable,Not Applicable,Not Applicable,Not Applicable,Not Applicable,Not Applicable,Not Applicable,Not Applicable,Yes,Yes,No,Yes,Yes,Yes,Not Applicable,Not Applicable,Not Applicable,Not Applicable,Not Applicable,Not Applicable,Not Applicable,No,0.0,Not Applicable,No,Not Applicable,Yes,Yes,No,No,No,2.0,776.24,411.82,0.0,0.928,Mobile App,Edge,12,Light,-0.11165,100.0,2.0,6.0,Yes,82.0,Active,Active,30.0,Yes,Yes,3.0,3.0,0.0,0.0,1.0,Yes,No,0.0,3.0,Yes,Yes,Yes,No,No,No,0.5305317942904256,High,4.0,3.0,Valid Claim
CLM00050,Air Conditioner,Cassette,Indoor Unit,Main Unit,ZenCore,24.0,No,Noise,Internal Component Failure,Not Applicable,Not Applicable,Not Applicable,Not Applicable,No,Not Applicable,Not Applicable,No,Indoor Unit,Not Applicable,Yes,Yes,Yes,Yes,Yes,Yes,Yes,Not Applicable,Not Applicable,Not Applicable,Not Applicable,Not Applicable,Not Applicable,No,0.0,Not Applicable,No,Not Applicable,Unknown,Yes,No,No,No,3.0,1548.4,341.19,0.0,0.79,Mobile App,Chrome,15,Light,-1.10207,713.0,8.0,24.0,Yes,18.0,Nearing Expiry,Not Applicable,30.0,Yes,Yes,4.0,4.0,0.0,0.0,1.0,Yes,No,0.0,4.0,Yes,Yes,Unknown,No,No,Not Applicable,0.220350038749677,Medium,2.0,0.0,Manual Review
CLM00051,Air Conditioner,Portable,Indoor Unit,Compressor,Aster,60.0,No,Water Leakage,Water Damage,Not Applicable,Not Applicable,Not Applicable,Not Applicable,No,Not Applicable,Not Applicable,No,Indoor Unit,Not Applicable,No,Yes,Yes,Yes,Yes,Yes,Yes,Not Applicable,Not Applicable,Yes,Not Applicable,Not Applicable,Not Applicable,No,0.0,Not Applicable,No,Not Applicable,Yes,Yes,No,No,No,0.0,2705.18,2169.09,0.0,0.886,Web,Firefox,46,Light,0.19247,1567.0,12.0,60.0,Yes,260.0,Active,Active,30.0,Yes,No,5.0,5.0,0.0,0.0,1.0,Yes,No,0.0,5.0,No,Yes,Yes,No,No,Not Applicable,0.8018283441397616,High,5.0,6.0,Invalid Claim
CLM00052,Camera,Compact,Camera Body,Camera Body,PrimeView,24.0,Yes,Power Failure,Internal Component Failure,No,No,Not Applicable,Not Applicable,Not Applicable,Not Applicable,Not Applicable,Not Applicable,Not Applicable,Not Applicable,Yes,,Yes,No,Yes,No,Not Applicable,Not Applicable,Not Applicable,Not Applicable,Not Applicable,Not Applicable,Not Applicable,No,0.0,Not Applicable,No,Not Applicable,Yes,Yes,No,No,No,1.0,3140.44,2830.6,0.0,0.881,Web,MobileWebView,37,Light,0.82769,997.0,40.0,24.0,Yes,99.0,Active,Not Applicable,30.0,No,Yes,3.0,2.0,1.0,0.0,0.6666666666666666,No,No,1.0,2.0,Yes,Yes,Yes,No,No,No,0.9013386659194252,High,5.0,6.0,Invalid Claim
CLM00053,Washing Machine,Washer Dryer,Noise,Main Unit,PrimeView,24.0,No,Noise,Normal Wear,Not Applicable,Not Applicable,Not Applicable,Household,Yes,Not Applicable,No,Not Applicable,Not Applicable,Not Applicable,Yes,Yes,No,Yes,Yes,No,Not Applicable,Not Applicable,Not Applicable,Not Applicable,Not Applicable,Not Applicable,Not Applicable,No,0.0,Not Applicable,No,Not Applicable,Yes,Yes,No,No,Yes,3.0,1686.81,274.02,0.0,0.734,Mobile App,Safari,45,System,0.34027,725.0,13.0,24.0,Yes,6.0,Nearing Expiry,Not Applicable,30.0,Yes,No,3.0,2.0,1.0,0.0,0.6666666666666666,No,No,1.0,2.0,Yes,Yes,Yes,No,No,No,0.1624486456684511,Medium,1.0,0.0,Invalid Claim
CLM00054,Television,Mini-LED,Not Sure,Display Panel,Aster,24.0,No,Audio Failure,Improper Wall Mounting,No,Not Applicable,Not Applicable,Not Applicable,Not Applicable,No,Not Applicable,Not Applicable,Not Applicable,Not Applicable,Yes,Yes,Yes,Yes,Yes,Yes,Not Applicable,Not Applicable,Yes,Not Applicable,Not Applicable,Not Applicable,Yes,Yes,3.0,Yes,No,Not Applicable,No,Yes,No,No,No,0.0,2973.8,2662.44,594.67,0.821,Web,Safari,42,System,2.05593,368.0,28.0,24.0,Yes,363.0,Active,Active,30.0,Yes,No,5.0,5.0,0.0,0.0,1.0,Yes,No,0.0,5.0,Yes,Yes,No,Yes,No,No,0.8952989441119107,Medium,6.0,4.0,Invalid Claim
CLM00055,Refrigerator,Side-by-Side,Other,Main Unit,ZenCore,24.0,Yes,Mechanical Failure,Internal Component Failure,Not Applicable,Not Applicable,Not Applicable,Household,Yes,Not Applicable,Not Applicable,Not Applicable,Not Applicable,Not Applicable,Yes,Yes,Yes,Yes,Yes,Yes,Not Applicable,Not Applicable,Not Applicable,Not Applicable,Not Applicable,Not Applicable,Not Applicable,No,0.0,Not Applicable,No,Not Applicable,Yes,No,No,No,No,1.0,1435.69,997.54,0.0,0.921,Service Center,Safari,41,Dark,-0.23295,1062.0,1.0,24.0,Yes,34.0,Active,Not Applicable,30.0,Yes,Yes,3.0,3.0,0.0,0.0,1.0,Yes,No,0.0,3.0,Yes,Yes,Yes,No,No,Not Applicable,0.6948157332014571,High,7.0,4.0,Manual Review
CLM00056,Refrigerator,Side-by-Side,Cooling,Main Unit,Aster,24.0,No,Cooling Failure,Electrical Failure,Not Applicable,Not Applicable,Not Applicable,Household,Yes,Not Applicable,Not Applicable,Not Applicable,Not Applicable,Not Applicable,Yes,Yes,No,Yes,Yes,Yes,Not Applicable,Not Applicable,Not Applicable,Not Applicable,Not Applicable,Not Applicable,Not Applicable,No,0.0,Not Applicable,No,Not Applicable,Unknown,Yes,No,No,No,0.0,1126.0,1046.26,,0.849,Email,Chrome,1,Dark,-0.68876,719.0,2.0,24.0,Yes,12.0,Nearing Expiry,Not Applicable,30.0,Yes,Yes,3.0,3.0,0.0,0.0,1.0,Yes,No,0.0,3.0,Yes,Yes,Unknown,No,No,Not Applicable,0.9291829484902308,Medium,5.0,2.0,Manual Review
CLM00057,Camera,Action Camera,Not Sure,Camera Body,PrimeView,24.0,No,Lens Failure,Manufacturing Defect,No,No,Not Applicable,Not Applicable,Not Applicable,Not Applicable,Not Applicable,Not Applicable,Not Applicable,Not Applicable,Yes,Yes,No,Yes,Yes,Yes,Not Applicable,Not Applicable,Not Applicable,Not Applicable,Not Applicable,Not Applicable,Not Applicable,No,0.0,Not Applicable,No,Not Applicable,Yes,Yes,No,No,No,1.0,1063.94,574.17,0.0,0.63,Web,Edge,4,Dark,0.64033,417.0,6.0,24.0,Yes,314.0,Active,Not Applicable,30.0,Yes,Yes,3.0,3.0,0.0,0.0,1.0,Yes,No,0.0,3.0,Yes,Yes,Yes,No,No,No,0.5396638908209109,Low,7.0,6.0,Manual Review
CLM00058,Washing Machine,Front Load,Water Supply or Drain,Motor,PrimeView,120.0,No,Mechanical Failure,Internal Component Failure,Not Applicable,Not Applicable,Not Applicable,Household,Yes,Not Applicable,No,Not Applicable,Not Applicable,Not Applicable,Yes,Yes,Yes,Yes,No,Yes,Not Applicable,Not Applicable,Not Applicable,No,Not Applicable,Not Applicable,Not Applicable,No,0.0,Not Applicable,No,Not Applicable,Yes,Yes,No,No,No,0.0,687.44,323.88,0.0,0.595,Mobile App,Chrome,2,Dark,-0.68379,3633.0,15.0,120.0,Yes,20.0,Nearing Expiry,Nearing Expiry,30.0,Yes,Yes,4.0,2.0,2.0,0.0,0.5,No,Yes,2.0,2.0,Yes,Yes,Yes,No,No,No,0.4711392994297684,Low,10.0,2.0,Manual Review
CLM00059,Television,LED,Sound,Main Unit,Aster,24.0,No,Audio Failure,Manufacturing Defect,No,Not Applicable,Not Applicable,Not Applicable,Not Applicable,Yes,Not Applicable,Not Applicable,Not Applicable,Not Applicable,No,Yes,Yes,Yes,Yes,Yes,Not Applicable,Not Applicable,Not Applicable,Not Applicable,Not Applicable,Not Applicable,,Yes,3.0,Yes,No,Not Applicable,Yes,Yes,No,No,No,1.0,2666.77,1122.51,97.58,0.874,Mobile App,MobileWebView,26,Light,1.6012,717.0,32.0,24.0,Yes,14.0,Nearing Expiry,Not Applicable,30.0,No,Yes,4.0,3.0,0.0,1.0,0.75,Unknown,No,0.0,3.0,No,Yes,Yes,Yes,No,No,0.4209249391586076,High,5.0,2.0,Invalid Claim
CLM00060,Refrigerator,French Door,Water Leakage,Main Unit,ZenCore,24.0,No,Water Leakage,Physical Damage,Not Applicable,Not Applicable,Not Applicable,Business,No,Not Applicable,Not Applicable,Not Applicable,Not Applicable,Not Applicable,Yes,Yes,Yes,Yes,Yes,Yes,Not Applicable,Not Applicable,Not Applicable,Not Applicable,Not Applicable,Not Applicable,Not Applicable,No,0.0,Not Applicable,No,Not Applicable,Yes,Yes,No,No,No,0.0,1054.19,704.85,0.0,0.987,Service Center,Firefox,54,System,-0.91053,758.0,13.0,24.0,Yes,-27.0,Expired,Not Applicable,30.0,Yes,No,3.0,3.0,0.0,0.0,1.0,Yes,No,0.0,3.0,Yes,Yes,Yes,No,No,Not Applicable,0.6686176116259878,High,6.0,4.0,Invalid Claim
CLM00061,Television,LED,Sound,Main Unit,Aster,24.0,No,Audio Failure,Electrical Failure,No,Not Applicable,Not Applicable,Not Applicable,Not Applicable,Yes,Not Applicable,Not Applicable,Not Applicable,Not Applicable,Yes,,No,No,No,Yes,Not Applicable,Not Applicable,Not Applicable,Not Applicable,Not Applicable,Not Applicable,No,Yes,3.0,No,No,Not Applicable,Yes,Yes,Yes,No,No,0.0,2360.2,2165.01,314.83,0.836,Mobile App,MobileWebView,18,System,-0.8114,612.0,14.0,24.0,Yes,119.0,Active,Not Applicable,30.0,Yes,Yes,4.0,2.0,2.0,0.0,0.5,No,Yes,2.0,2.0,Yes,Yes,Yes,Yes,No,No,0.9172993814083554,Medium,3.0,5.0,Invalid Claim
CLM00062,Washing Machine,Front Load,Water Leakage,Main Unit,ZenCore,24.0,No,Water Leakage,Electrical Failure,Not Applicable,Not Applicable,Not Applicable,Other,No,Not Applicable,Yes,Not Applicable,Not Applicable,Not Applicable,Yes,Yes,Yes,Yes,Yes,Yes,Not Applicable,Not Applicable,Not Applicable,Not Applicable,Not Applicable,Not Applicable,Not Applicable,No,0.0,Not Applicable,No,Not Applicable,Yes,Yes,No,No,No,0.0,2128.61,751.36,0.0,0.95,Email,Edge,13,Dark,-1.59603,506.0,10.0,24.0,Yes,224.0,Active,Not Applicable,30.0,Yes,Yes,3.0,3.0,0.0,0.0,1.0,Yes,No,0.0,3.0,Yes,Yes,Yes,No,No,Yes,0.3529815231536072,High,11.0,3.0,Valid Claim
CLM00063,Television,Mini-LED,Picture,Main Unit,Aster,24.0,No,Display Failure,Internal Component Failure,No,Not Applicable,Not Applicable,Not Applicable,Not Applicable,No,Not Applicable,Not Applicable,Not Applicable,Not Applicable,No,Yes,Yes,Yes,No,,Not Applicable,Not Applicable,Not Applicable,Not Applicable,Not Applicable,Not Applicable,Not Applicable,No,0.0,Not Applicable,No,Not Applicable,Yes,Yes,No,No,No,0.0,3147.17,483.21,0.0,0.726,Service Center,Safari,20,Dark,0.35726,370.0,5.0,24.0,Yes,360.0,Active,Not Applicable,30.0,Yes,Yes,3.0,1.0,1.0,1.0,0.3333333333333333,No,Yes,1.0,1.0,No,Yes,Yes,No,No,No,0.1535379404353752,Medium,8.0,4.0,Manual Review
CLM00064,Camera,Action Camera,Lens,Lens,NovaTech,24.0,No,Battery Problem,Manufacturing Defect,No,No,Yes,Not Applicable,Not Applicable,Not Applicable,Not Applicable,Not Applicable,Not Applicable,Not Applicable,Yes,Yes,Yes,Yes,Yes,Yes,Not Applicable,Not Applicable,Not Applicable,Not Applicable,Yes,Not Applicable,Yes,Yes,1.0,Unknown,No,Not Applicable,Yes,Yes,No,No,No,1.0,2517.34,1170.42,507.0,0.78,Service Center,Safari,35,Dark,-0.24499,704.0,8.0,24.0,Yes,26.0,Nearing Expiry,Nearing Expiry,30.0,Yes,Yes,5.0,5.0,0.0,0.0,1.0,Yes,No,0.0,5.0,Yes,Yes,Yes,Yes,No,No,0.4649431542819007,Medium,6.0,0.0,Manual Review
CLM00065,Smartphone,Foldable Smartphone,Phone,Main Unit,PrimeView,12.0,No,Overheating,Water Damage,No,Yes,Not Applicable,Not Applicable,Not Applicable,Not Applicable,Not Applicable,Not Applicable,Not Applicable,Not Applicable,No,No,No,No,Yes,Yes,Not Applicable,Not Applicable,Not Applicable,Not Applicable,Not Applicable,Not Applicable,Not Applicable,No,0.0,Not Applicable,No,Not Applicable,Unknown,Yes,No,No,No,1.0,1558.09,567.01,0.0,0.502,Email,Chrome,2,Light,-0.83236,355.0,8.0,12.0,Yes,10.0,Nearing Expiry,Not Applicable,30.0,Yes,No,3.0,2.0,1.0,0.0,0.6666666666666666,No,Yes,1.0,2.0,No,No,Unknown,No,No,Yes,0.3639135094891823,Low,2.0,4.0,Invalid Claim
CLM00066,Washing Machine,Washer Dryer,Noise,Main Unit,ZenCore,24.0,No,Noise,Electrical Failure,Not Applicable,Not Applicable,Not Applicable,Household,Yes,Not Applicable,No,Not Applicable,Not Applicable,Not Applicable,Yes,Yes,No,Yes,,No,Not Applicable,Not Applicable,Not Applicable,Not Applicable,Not Applicable,Not Applicable,Not Applicable,No,0.0,Not Applicable,Yes,Yes,Yes,Yes,No,No,No,1.0,392.57,367.66,0.0,0.473,Mobile App,MobileWebView,39,Light,-0.84901,727.0,9.0,24.0,Yes,3.0,Nearing Expiry,Not Applicable,30.0,Yes,Yes,3.0,1.0,1.0,1.0,0.3333333333333333,No,Unknown,1.0,1.0,Yes,Yes,Yes,No,Yes,No,0.9365463484219376,Low,8.0,3.0,Manual Review
CLM00067,Television,LED,Sound,Main Unit,HomePro,24.0,No,Audio Failure,Electrical Failure,No,Not Applicable,Not Applicable,Not Applicable,Not Applicable,No,Not Applicable,Not Applicable,Not Applicable,Not Applicable,Yes,Yes,Yes,Yes,Yes,,Not Applicable,Not Applicable,Not Applicable,Not Applicable,Not Applicable,Not Applicable,Not Applicable,No,0.0,Not Applicable,No,Not Applicable,Yes,Yes,No,No,No,1.0,3186.02,760.96,0.0,0.993,Web,Chrome,57,Light,-0.63215,498.0,14.0,24.0,Yes,233.0,Active,Not Applicable,30.0,Yes,Yes,3.0,2.0,0.0,1.0,0.6666666666666666,Unknown,No,0.0,2.0,Yes,Yes,Yes,No,No,No,0.2388434473104375,High,11.0,1.0,Valid Claim
CLM00068,Refrigerator,Single Door,Other,Main Unit,Aster,24.0,No,Mechanical Failure,Manufacturing Defect,Not Applicable,Not Applicable,Not Applicable,Household,No,Not Applicable,Not Applicable,Not Applicable,Not Applicable,Not Applicable,Yes,Yes,No,Yes,Yes,Yes,Not Applicable,Not Applicable,Not Applicable,Not Applicable,Not Applicable,Not Applicable,Not Applicable,No,0.0,Not Applicable,No,Not Applicable,No,Yes,No,No,No,3.0,2454.15,251.34,0.0,0.75,Mobile App,Firefox,26,System,-0.90404,826.0,21.0,24.0,Yes,-96.0,Expired,Not Applicable,30.0,Yes,Yes,3.0,3.0,0.0,0.0,1.0,Yes,No,0.0,3.0,Yes,Yes,No,No,No,Not Applicable,0.1024142778558767,Medium,8.0,2.0,Invalid Claim
CLM00069,Refrigerator,Single Door,Power,Compressor,ZenCore,120.0,No,Power Failure,Electrical Failure,Not Applicable,Not Applicable,Not Applicable,Household,No,Not Applicable,Not Applicable,Not Applicable,Not Applicable,Not Applicable,Yes,Yes,Yes,Yes,No,No,Not Applicable,Not Applicable,Not Applicable,Yes,Not Applicable,Not Applicable,Yes,Yes,2.0,Yes,No,Not Applicable,Yes,Yes,No,No,No,0.0,2084.93,1693.61,515.8,,Service Center,Firefox,6,System,-0.68077,3635.0,11.0,120.0,Yes,17.0,Nearing Expiry,Nearing Expiry,30.0,Yes,Yes,5.0,3.0,2.0,0.0,0.6,No,Yes,2.0,3.0,Yes,Yes,Yes,Yes,No,Not Applicable,0.8123102454279041,Unknown,8.0,5.0,Manual Review
CLM00070,Smartphone,Foldable Smartphone,Phone,Main Unit,NovaTech,12.0,No,Battery Problem,Electrical Failure,No,No,Yes,Not Applicable,Not Applicable,Not Applicable,Not Applicable,Not Applicable,Not Applicable,Not Applicable,Yes,,No,Yes,Yes,Yes,Not Applicable,Not Applicable,Not Applicable,Not Applicable,Not Applicable,Not Applicable,Not Applicable,No,0.0,Not Applicable,No,Not Applicable,Yes,Yes,No,No,No,0.0,534.36,483.02,,0.793,Mobile App,MobileWebView,37,Light,-0.39749,340.0,10.0,12.0,Yes,25.0,Nearing Expiry,Not Applicable,30.0,Yes,Yes,3.0,3.0,0.0,0.0,1.0,Yes,No,0.0,3.0,Yes,Yes,Yes,No,No,No,0.903922449285126,Medium,3.0,1.0,Valid Claim
CLM00071,Television,LED,Picture,Main Unit,PrimeView,24.0,No,Display Failure,Electrical Failure,No,Not Applicable,Not Applicable,Not Applicable,Not Applicable,Yes,Not Applicable,Not Applicable,Not Applicable,Not Applicable,Yes,Yes,Yes,Yes,Yes,Yes,Not Applicable,Not Applicable,Not Applicable,Not Applicable,Not Applicable,Not Applicable,Not Applicable,No,0.0,Not Applicable,No,Not Applicable,Yes,Yes,No,No,No,0.0,1825.82,645.73,0.0,0.972,Email,Firefox,12,Light,-1.61636,717.0,26.0,24.0,Yes,14.0,Nearing Expiry,Not Applicable,30.0,Yes,Yes,3.0,3.0,0.0,0.0,1.0,Yes,No,0.0,3.0,Yes,Yes,Yes,No,No,No,0.3536657501834792,High,11.0,3.0,Valid Claim
CLM00072,Refrigerator,Side-by-Side,Cooling,Main Unit,ZenCore,24.0,No,Cooling Failure,Electrical Failure,Not Applicable,Not Applicable,Not Applicable,Household,No,Not Applicable,Not Applicable,Not Applicable,Not Applicable,Not Applicable,Yes,Yes,No,,Yes,Yes,Not Applicable,Not Applicable,Not Applicable,Not Applicable,Not Applicable,Not Applicable,Not Applicable,No,0.0,Not Applicable,No,Not Applicable,Yes,Yes,No,No,No,1.0,711.29,428.11,0.0,0.77,Web,Safari,27,System,1.52023,690.0,0.0,24.0,Yes,41.0,Active,Not Applicable,30.0,Yes,Yes,3.0,3.0,0.0,0.0,1.0,Yes,No,0.0,3.0,Yes,Yes,Yes,No,No,Not Applicable,0.6018782774958175,Medium,3.0,5.0,Valid Claim
CLM00073,Laptop,Gaming Laptop,Device,Main Unit,NovaTech,24.0,No,Display Failure,Liquid Damage,No,No,Not Applicable,Not Applicable,Not Applicable,Not Applicable,Not Applicable,Not Applicable,Not Applicable,Not Applicable,No,Yes,Yes,Yes,,Yes,Not Applicable,Not Applicable,Not Applicable,Not Applicable,Not Applicable,Not Applicable,,No,0.0,Not Applicable,No,Not Applicable,Yes,Yes,No,No,No,1.0,851.37,371.39,0.0,0.805,Web,Edge,26,Light,-0.08907,633.0,24.0,24.0,Yes,98.0,Active,Not Applicable,30.0,Yes,No,3.0,2.0,0.0,1.0,0.6666666666666666,Unknown,Unknown,0.0,2.0,No,Yes,Yes,No,No,No,0.4362263175822498,Medium,6.0,6.0,Invalid Claim
CLM00074,Air Conditioner,Window,Indoor Unit,Main Unit,ZenCore,24.0,No,Cooling Failure,Manufacturing Defect,Not Applicable,Not Applicable,Not Applicable,Not Applicable,No,Not Applicable,Not Applicable,Yes,Indoor Unit,Not Applicable,Yes,Yes,No,Yes,Yes,Yes,Yes,Not Applicable,Not Applicable,Not Applicable,Not Applicable,Not Applicable,,No,0.0,Not Applicable,No,Not Applicable,Yes,Yes,No,No,No,0.0,2572.65,295.47,0.0,0.893,Mobile App,Chrome,12,Light,0.73776,479.0,7.0,24.0,Yes,252.0,Active,Not Applicable,30.0,Yes,Yes,4.0,4.0,0.0,0.0,1.0,Yes,No,0.0,4.0,Yes,Yes,Yes,No,No,Not Applicable,0.1148504460381319,High,11.0,4.0,Valid Claim
CLM00075,Camera,Action Camera,Camera Body,Camera Body,NovaTech,24.0,Yes,Power Failure,Water Damage,No,Unknown,Not Applicable,Not Applicable,Not Applicable,Not Applicable,Not Applicable,Not Applicable,Not Applicable,Not Applicable,Yes,Yes,No,Yes,Yes,Yes,Not Applicable,Not Applicable,Not Applicable,Not Applicable,Not Applicable,Not Applicable,Yes,Yes,3.0,Yes,No,Not Applicable,Yes,Yes,No,No,No,1.0,2730.59,530.24,267.16,0.94,Web,Edge,26,System,-1.30613,788.0,4.0,24.0,Yes,308.0,Active,Not Applicable,30.0,Yes,No,4.0,4.0,0.0,0.0,1.0,Yes,No,0.0,4.0,Yes,Yes,Yes,Yes,No,Unknown,0.1941851394753515,High,4.0,0.0,Invalid Claim
CLM00076,Air Conditioner,Portable,Indoor Unit,Main Unit,HomePro,24.0,No,Power Failure,Improper Installation,Not Applicable,Not Applicable,Not Applicable,Not Applicable,No,Not Applicable,Not Applicable,No,Indoor Unit,Not Applicable,No,Yes,No,Yes,Yes,Yes,Yes,Not Applicable,Not Applicable,Not Applicable,Not Applicable,Not Applicable,Yes,Yes,2.0,Yes,No,Not Applicable,Yes,Yes,No,No,Yes,2.0,2407.65,839.41,200.4,0.767,Mobile App,Edge,34,System,-0.94659,446.0,21.0,24.0,Yes,285.0,Active,Not Applicable,30.0,Yes,No,5.0,5.0,0.0,0.0,1.0,Yes,No,0.0,5.0,No,Yes,Yes,Yes,No,Not Applicable,0.3486428675264261,Medium,5.0,3.0,Invalid Claim
CLM00077,Television,QLED,Sound,Main Unit,PrimeView,24.0,No,Audio Failure,Internal Component Failure,No,Not Applicable,Not Applicable,Not Applicable,Not Applicable,Yes,Not Applicable,Not Applicable,Not Applicable,Not Applicable,Yes,Yes,Yes,Yes,Yes,Yes,Not Applicable,Not Applicable,Not Applicable,Not Applicable,Not Applicable,Not Applicable,Not Applicable,No,0.0,Not Applicable,No,Not Applicable,Yes,Yes,No,No,No,0.0,639.43,340.23,0.0,0.895,Mobile App,Chrome,16,Dark,-0.93938,435.0,,24.0,Yes,295.0,Active,Not Applicable,30.0,Unknown,Yes,3.0,3.0,0.0,0.0,1.0,Yes,No,0.0,3.0,Yes,Yes,Yes,No,No,No,0.5320832616549115,High,3.0,3.0,Valid Claim
CLM00078,Printer,Laser,Connection,Main Unit,PrimeView,12.0,No,Connectivity Issue,Internal Component Failure,Not Applicable,Not Applicable,Not Applicable,Not Applicable,Yes,Not Applicable,No,Not Applicable,Not Applicable,Original,Yes,Yes,No,Yes,,Yes,Not Applicable,Not Applicable,Not Applicable,Not Applicable,Not Applicable,Yes,Yes,Yes,2.0,Yes,No,Not Applicable,Yes,No,No,No,No,3.0,892.32,645.28,250.39,0.874,Web,Firefox,9,System,0.21687,189.0,25.0,12.0,Yes,176.0,Active,Not Applicable,30.0,Yes,Yes,5.0,4.0,0.0,1.0,0.8,Unknown,Unknown,0.0,4.0,Yes,Yes,Yes,Yes,No,No,0.7231486462255692,High,12.0,3.0,Manual Review
CLM00079,Television,LED,Connection,Main Unit,Aster,24.0,No,Connectivity Issue,Panel Impact Damage,Unknown,Not Applicable,Not Applicable,Not Applicable,Not Applicable,No,Not Applicable,Not Applicable,Not Applicable,Not Applicable,Yes,Yes,Yes,Yes,Yes,Yes,Not Applicable,Not Applicable,Not Applicable,Not Applicable,Not Applicable,Not Applicable,Not Applicable,No,0.0,Not Applicable,No,Not Applicable,Yes,Yes,No,No,No,3.0,2490.41,665.59,0.0,0.891,Mobile App,Edge,33,Light,-0.2076,731.0,7.0,24.0,Yes,0.0,Nearing Expiry,Not Applicable,30.0,Yes,No,3.0,3.0,0.0,0.0,1.0,Yes,No,0.0,3.0,Yes,Yes,Yes,No,No,Unknown,0.2672612140169691,High,4.0,2.0,Invalid Claim
CLM00080,Smartphone,Foldable Smartphone,Not Sure,Charger,PrimeView,,No,Battery Problem,Internal Component Failure,No,No,No,Not Applicable,Not Applicable,Not Applicable,Not Applicable,Not Applicable,Not Applicable,Not Applicable,Yes,Yes,Yes,No,Yes,Yes,Not Applicable,Not Applicable,Not Applicable,Not Applicable,Not Applicable,Not Applicable,Not Applicable,No,0.0,Not Applicable,No,Not Applicable,Yes,Yes,No,No,No,3.0,1324.74,1029.22,0.0,0.824,Service Center,Firefox,22,Dark,-0.39405,119.0,7.0,6.0,Yes,65.0,Active,Active,30.0,Yes,Yes,3.0,3.0,0.0,0.0,1.0,Yes,No,0.0,3.0,Yes,Yes,Yes,No,No,No,0.7769222639914247,Medium,7.0,6.0,Valid Claim
CLM00081,Smartphone,Standard Smartphone,Battery,Battery,Aster,12.0,No,Connectivity Issue,Misuse,No,No,Yes,Not Applicable,Not Applicable,Not Applicable,Not Applicable,Not Applicable,Not Applicable,Not Applicable,No,Yes,No,Yes,Yes,Yes,Not Applicable,No,Not Applicable,Not Applicable,Not Applicable,Not Applicable,Not Applicable,No,0.0,Not Applicable,No,Not Applicable,Yes,Yes,No,No,No,1.0,905.1,829.85,0.0,0.922,Web,MobileWebView,58,Dark,0.13255,353.0,11.0,12.0,Yes,12.0,Nearing Expiry,Nearing Expiry,30.0,Yes,No,4.0,3.0,1.0,0.0,0.75,No,No,1.0,3.0,No,Yes,Yes,No,No,No,0.916860015467904,High,4.0,4.0,Invalid Claim
CLM00082,Printer,Laser,Paper Feed,Main Unit,PrimeView,12.0,No,Paper Feed Failure,Internal Component Failure,Not Applicable,Not Applicable,Not Applicable,Not Applicable,No,Not Applicable,No,Not Applicable,Not Applicable,Original,Yes,Yes,Yes,Yes,Yes,Yes,Not Applicable,Not Applicable,Not Applicable,Not Applicable,Not Applicable,Yes,Not Applicable,No,0.0,Not Applicable,No,Not Applicable,Yes,Yes,No,No,No,1.0,168.8,99.0,0.0,0.796,Email,MobileWebView,16,Light,1.65953,450.0,7.0,12.0,Yes,-85.0,Expired,Not Applicable,30.0,Yes,Yes,4.0,4.0,0.0,0.0,1.0,Yes,No,0.0,4.0,Yes,Yes,Yes,No,No,No,0.5864928909952606,Medium,12.0,6.0,Invalid Claim
CLM00083,Refrigerator,Single Door,Water Leakage,Compressor,ZenCore,120.0,No,Water Leakage,Manufacturing Defect,Not Applicable,Not Applicable,Not Applicable,Other,No,Not Applicable,Not Applicable,Not Applicable,Not Applicable,Not Applicable,Yes,Yes,Yes,Yes,Yes,Yes,Not Applicable,Not Applicable,Not Applicable,No,Not Applicable,Not Applicable,,No,0.0,Not Applicable,No,Not Applicable,Yes,Yes,No,No,No,1.0,1974.14,1545.37,0.0,0.865,Service Center,Safari,1,Light,-0.73202,3397.0,13.0,120.0,Yes,256.0,Active,Active,30.0,Yes,Yes,4.0,3.0,1.0,0.0,0.75,No,No,1.0,3.0,Yes,Yes,Yes,No,No,Not Applicable,0.7828066905082719,High,6.0,6.0,Manual Review
CLM00084,Camera,DSLR,Camera Body,Camera Body,PrimeView,24.0,No,Battery Problem,Electrical Failure,No,No,Unknown,Not Applicable,Not Applicable,Not Applicable,Not Applicable,Not Applicable,Not Applicable,Not Applicable,Yes,Yes,Yes,Yes,Yes,Yes,Not Applicable,Not Applicable,Not Applicable,Not Applicable,Not Applicable,Not Applicable,Not Applicable,No,0.0,Not Applicable,No,Not Applicable,Yes,Yes,No,No,No,0.0,2291.48,566.72,0.0,0.78,Web,MobileWebView,56,System,1.92295,438.0,17.0,24.0,Yes,293.0,Active,Not Applicable,30.0,Yes,Yes,3.0,3.0,0.0,0.0,1.0,Yes,No,0.0,3.0,Yes,Yes,Yes,No,No,No,0.2473161450241765,Medium,4.0,3.0,Valid Claim
CLM00085,Smartphone,Rugged Smartphone,Phone,Main Unit,NovaTech,12.0,No,Power Failure,Internal Component Failure,No,No,Not Applicable,Not Applicable,Not Applicable,Not Applicable,Not Applicable,Not Applicable,Not Applicable,Not Applicable,Yes,Yes,No,Yes,Yes,Yes,Not Applicable,Not Applicable,Not Applicable,Not Applicable,Not Applicable,Not Applicable,Not Applicable,No,0.0,Not Applicable,No,Not Applicable,Yes,Yes,No,No,No,1.0,956.06,384.65,0.0,0.867,Service Center,Chrome,45,Dark,1.07746,180.0,9.0,12.0,Yes,185.0,Active,Not Applicable,30.0,Yes,Yes,3.0,3.0,0.0,0.0,1.0,Yes,No,0.0,3.0,Yes,Yes,Yes,No,No,No,0.4023283057548689,High,12.0,3.0,Valid Claim
CLM00086,Camera,Compact,Not Sure,Camera Body,Aster,24.0,Yes,Battery Problem,Misuse,No,No,Yes,Not Applicable,Not Applicable,Not Applicable,Not Applicable,Not Applicable,Not Applicable,Not Applicable,,Yes,Yes,Yes,Yes,No,Not Applicable,Not Applicable,Not Applicable,Not Applicable,Not Applicable,Not Applicable,Yes,Yes,1.0,Yes,No,Not Applicable,Yes,Yes,No,No,No,0.0,2074.61,1702.9,530.58,0.96,Mobile App,MobileWebView,25,Dark,0.11148,800.0,16.0,24.0,Yes,296.0,Active,Not Applicable,30.0,Yes,No,4.0,3.0,1.0,0.0,0.75,No,No,1.0,3.0,,Yes,Yes,Yes,No,No,0.8208289750844737,High,7.0,3.0,Invalid Claim
CLM00087,Smartphone,Standard Smartphone,Phone,Main Unit,NovaTech,12.0,No,Display Failure,Manufacturing Defect,No,No,Not Applicable,Not Applicable,Not Applicable,Not Applicable,Not Applicable,Not Applicable,Not Applicable,Not Applicable,Yes,Yes,No,Yes,Yes,Yes,Not Applicable,Not Applicable,Not Applicable,Not Applicable,Not Applicable,Not Applicable,Not Applicable,No,0.0,Not Applicable,Yes,Yes,Yes,Yes,No,No,No,0.0,1195.34,1009.7,0.0,0.961,Mobile App,Safari,26,Dark,-0.04799,282.0,27.0,12.0,Yes,83.0,Active,Not Applicable,30.0,Yes,Yes,3.0,3.0,0.0,0.0,1.0,Yes,No,0.0,3.0,Yes,Yes,Yes,No,Yes,No,0.844696906319541,High,9.0,4.0,Valid Claim
CLM00088,Printer,Inkjet,Printing,Main Unit,NovaTech,12.0,No,Mechanical Failure,Electrical Failure,Not Applicable,Not Applicable,Not Applicable,Not Applicable,No,Not Applicable,No,Not Applicable,Not Applicable,Original,No,No,Yes,Yes,Yes,Yes,Not Applicable,Not Applicable,Not Applicable,Not Applicable,Not Applicable,Yes,Yes,Yes,3.0,Yes,No,Not Applicable,Yes,Yes,No,No,No,1.0,748.1,169.42,172.29,0.758,Web,Chrome,53,System,-0.4085,560.0,55.0,12.0,Yes,-195.0,Expired,Not Applicable,30.0,No,Yes,5.0,5.0,0.0,0.0,1.0,Yes,No,0.0,5.0,No,Yes,Yes,Yes,No,No,0.2264670498596444,Medium,8.0,3.0,Invalid Claim
CLM00089,Washing Machine,Front Load,Water Leakage,Main Unit,HomePro,24.0,No,Water Leakage,Electrical Failure,Not Applicable,Not Applicable,Not Applicable,Household,No,Not Applicable,No,Not Applicable,Not Applicable,Not Applicable,Yes,Yes,No,Yes,Yes,Yes,Not Applicable,Not Applicable,Not Applicable,Not Applicable,Not Applicable,Not Applicable,Not Applicable,No,0.0,Not Applicable,No,Not Applicable,No,Yes,No,No,No,2.0,465.25,139.54,0.0,0.507,Email,Edge,55,Dark,-1.3163,486.0,40.0,24.0,Yes,245.0,Active,Not Applicable,30.0,No,Yes,3.0,3.0,0.0,0.0,1.0,Yes,No,0.0,3.0,Yes,Yes,No,No,No,No,0.2999247716281569,Low,3.0,2.0,Invalid Claim
CLM00090,Printer,Laser,Paper Feed,Main Unit,PrimeView,12.0,Yes,Paper Feed Failure,Manufacturing Defect,Not Applicable,Not Applicable,Not Applicable,Not Applicable,No,Not Applicable,No,Not Applicable,Not Applicable,Compatible,Yes,Yes,No,Yes,Yes,Yes,Not Applicable,Not Applicable,Not Applicable,Not Applicable,Not Applicable,No,Not Applicable,No,0.0,Not Applicable,No,Not Applicable,Yes,Yes,No,No,No,1.0,1155.65,989.17,0.0,0.86,Service Center,Safari,50,System,0.82207,660.0,3.0,12.0,Yes,70.0,Active,Not Applicable,30.0,Yes,Yes,4.0,3.0,1.0,0.0,0.75,No,No,1.0,3.0,Yes,Yes,Yes,No,No,No,0.8559425431575303,High,1.0,0.0,Manual Review
CLM00091,Air Conditioner,Portable,Indoor Unit,Compressor,ZenCore,60.0,No,Noise,Manufacturing Defect,Not Applicable,Not Applicable,Not Applicable,Not Applicable,Yes,Not Applicable,Not Applicable,No,Indoor Unit,Not Applicable,Yes,Yes,Yes,Yes,Yes,Yes,Yes,Not Applicable,Not Applicable,Yes,Not Applicable,Not Applicable,,No,0.0,Not Applicable,Yes,Yes,Yes,Yes,No,No,No,2.0,937.33,140.29,0.0,0.732,Service Center,Chrome,40,System,-0.08321,1535.0,1.0,60.0,Yes,292.0,Active,Active,30.0,Yes,Yes,5.0,5.0,0.0,0.0,1.0,Yes,No,0.0,5.0,Yes,Yes,Yes,No,Yes,Not Applicable,0.1496698067916315,Medium,4.0,4.0,Valid Claim
CLM00092,Television,LED,Picture,Main Unit,,24.0,No,Display Failure,Electrical Failure,Unknown,Not Applicable,Not Applicable,Not Applicable,Not Applicable,No,Not Applicable,Not Applicable,Not Applicable,Not Applicable,Yes,Yes,Yes,Yes,Yes,Yes,Not Applicable,Not Applicable,Not Applicable,Not Applicable,Not Applicable,Not Applicable,Not Applicable,No,0.0,Not Applicable,No,Not Applicable,Yes,Yes,No,No,No,0.0,682.19,636.05,0.0,0.911,Web,Firefox,41,System,0.10111,571.0,4.0,24.0,Yes,160.0,Active,Not Applicable,30.0,Yes,Yes,3.0,3.0,0.0,0.0,1.0,Yes,No,0.0,3.0,Yes,Yes,Yes,No,No,Unknown,0.9323648836834312,High,7.0,1.0,Valid Claim
CLM00093,Smartphone,Standard Smartphone,Phone,Main Unit,PrimeView,12.0,No,Overheating,Accidental Damage,Yes,No,Not Applicable,Not Applicable,Not Applicable,Not Applicable,Not Applicable,Not Applicable,Not Applicable,Not Applicable,Yes,Yes,No,Yes,Yes,No,Not Applicable,Not Applicable,Not Applicable,Not Applicable,Not Applicable,Not Applicable,Yes,Yes,3.0,Unknown,Yes,Yes,Unknown,Yes,No,No,No,1.0,292.22,194.2,460.01,0.876,Service Center,MobileWebView,39,Light,-0.10998,369.0,23.0,12.0,Yes,-4.0,Expired,Not Applicable,30.0,Yes,No,4.0,3.0,1.0,0.0,0.75,No,No,1.0,3.0,Yes,Yes,Unknown,Yes,Yes,Yes,0.6645677913900485,High,7.0,4.0,Invalid Claim
CLM00094,Television,LED,Connection,Main Unit,Aster,24.0,No,Connectivity Issue,Internal Component Failure,No,Not Applicable,Not Applicable,Not Applicable,Not Applicable,No,Not Applicable,Not Applicable,Not Applicable,Not Applicable,No,Yes,Yes,Yes,Yes,Yes,Not Applicable,Not Applicable,Not Applicable,Not Applicable,Not Applicable,Not Applicable,Not Applicable,No,0.0,Not Applicable,No,Not Applicable,Yes,Yes,No,No,No,0.0,3169.4,2299.94,0.0,0.873,Service Center,Chrome,2,Dark,-0.00445,385.0,17.0,24.0,Yes,345.0,Active,Not Applicable,30.0,Yes,Yes,3.0,3.0,0.0,0.0,1.0,Yes,No,0.0,3.0,No,Yes,Yes,No,No,No,0.7256704739067331,High,2.0,0.0,Valid Claim
CLM00095,Camera,DSLR,Battery,Battery,PrimeView,6.0,No,Display Failure,Electrical Failure,Yes,No,No,Not Applicable,Not Applicable,Not Applicable,Not Applicable,Not Applicable,Not Applicable,Not Applicable,No,Yes,Yes,Yes,Yes,Yes,Not Applicable,Not Applicable,Not Applicable,Not Applicable,Not Applicable,Not Applicable,Not Applicable,No,0.0,Not Applicable,No,Not Applicable,Yes,Yes,No,No,No,0.0,2398.28,2078.68,0.0,0.864,Email,Safari,15,Dark,-0.45142,102.0,9.0,6.0,Yes,82.0,Active,Active,30.0,Yes,Yes,3.0,3.0,0.0,0.0,1.0,Yes,No,0.0,3.0,No,Yes,Yes,No,No,Yes,0.8667378287772902,High,9.0,2.0,Valid Claim
CLM00096,Laptop,Business Laptop,Device,Main Unit,NovaTech,24.0,No,Battery Problem,Electrical Failure,No,No,No,Not Applicable,Not Applicable,Not Applicable,Not Applicable,Not Applicable,Not Applicable,Not Applicable,Yes,Yes,Yes,Yes,Yes,Yes,Not Applicable,Not Applicable,Not Applicable,Not Applicable,Not Applicable,Not Applicable,Not Applicable,No,0.0,Not Applicable,No,Not Applicable,Yes,Yes,Yes,No,No,0.0,527.98,404.5,0.0,0.76,Web,Firefox,31,System,-1.3388,710.0,16.0,24.0,Yes,21.0,Nearing Expiry,Not Applicable,30.0,Yes,Yes,3.0,3.0,0.0,0.0,1.0,Yes,No,0.0,3.0,Yes,Yes,Yes,No,No,No,0.7661275048297284,Medium,1.0,4.0,Invalid Claim
CLM00097,Television,LED,Connection,Main Unit,PrimeView,24.0,No,Connectivity Issue,Internal Component Failure,Unknown,Not Applicable,Not Applicable,Not Applicable,Not Applicable,No,Not Applicable,Not Applicable,Not Applicable,Not Applicable,Yes,Yes,Yes,Yes,Yes,Yes,Not Applicable,Not Applicable,Not Applicable,Not Applicable,Not Applicable,Not Applicable,Yes,Yes,2.0,Yes,No,Not Applicable,Unknown,Yes,No,No,No,0.0,2530.72,307.43,582.02,0.476,Web,Edge,50,Light,-0.05891,842.0,13.0,24.0,Yes,-111.0,Expired,Not Applicable,30.0,Yes,Yes,4.0,4.0,0.0,0.0,1.0,Yes,No,0.0,4.0,Yes,Yes,Unknown,Yes,No,Unknown,0.1214792628184864,Low,12.0,0.0,Invalid Claim
CLM00098,Smartphone,Foldable Smartphone,Not Sure,Main Unit,NovaTech,12.0,No,Overheating,Internal Component Failure,Yes,No,Not Applicable,Not Applicable,Not Applicable,Not Applicable,Not Applicable,Not Applicable,Not Applicable,Not Applicable,Yes,,Yes,Yes,Yes,Yes,Not Applicable,Not Applicable,Not Applicable,Not Applicable,Not Applicable,Not Applicable,Not Applicable,No,0.0,Not Applicable,No,Not Applicable,Yes,Yes,No,No,No,1.0,816.36,314.95,0.0,0.815,Web,Edge,43,Dark,0.01121,227.0,6.0,12.0,Yes,138.0,Active,Not Applicable,30.0,Yes,Yes,3.0,3.0,0.0,0.0,1.0,Yes,No,0.0,3.0,Yes,Yes,Yes,No,No,Yes,0.3857979322847763,Medium,5.0,6.0,Valid Claim
CLM00099,Refrigerator,Single Door,Cooling,Main Unit,ZenCore,24.0,No,Cooling Failure,Manufacturing Defect,Not Applicable,Not Applicable,Not Applicable,Business,Yes,Not Applicable,Not Applicable,Not Applicable,Not Applicable,Not Applicable,Yes,Yes,Yes,Yes,Yes,Yes,Not Applicable,Not Applicable,Not Applicable,Not Applicable,Not Applicable,Not Applicable,No,Yes,3.0,Yes,Yes,Yes,Yes,Yes,No,No,No,3.0,1510.42,803.21,,0.723,Mobile App,Edge,30,System,-1.29093,716.0,27.0,24.0,Yes,15.0,Nearing Expiry,Not Applicable,30.0,Yes,Yes,4.0,3.0,1.0,0.0,0.75,No,No,1.0,3.0,Yes,Yes,Yes,Yes,Yes,Not Applicable,0.5317792402113319,Medium,8.0,6.0,Manual Review
CLM00100,Camera,DSLR,Camera Body,Camera Body,Aster,24.0,Yes,Lens Failure,Lens Impact Damage,Yes,No,Not Applicable,Not Applicable,Not Applicable,Not Applicable,Not Applicable,Not Applicable,Not Applicable,Not Applicable,Yes,Yes,No,Yes,Yes,,Not Applicable,Not Applicable,Not Applicable,Not Applicable,Not Applicable,Not Applicable,Yes,Yes,1.0,No,No,Not Applicable,Yes,Yes,No,No,No,0.0,2292.91,1987.64,161.04,0.923,Service Center,MobileWebView,16,Light,-0.25729,788.0,7.0,24.0,Yes,308.0,Active,Not Applicable,30.0,Yes,No,4.0,3.0,0.0,1.0,0.75,Unknown,No,0.0,3.0,Yes,Yes,Yes,Yes,No,Yes,0.8668635053272916,High,2.0,1.0,Invalid Claim
CLM00101,Air Conditioner,Portable,Outdoor Unit,Main Unit,Aster,24.0,No,Power Failure,Electrical Failure,Not Applicable,Not Applicable,Not Applicable,Not Applicable,Yes,Not Applicable,Not Applicable,No,Outdoor Unit,Not Applicable,Yes,Yes,Yes,Yes,Yes,Yes,Yes,Not Applicable,Not Applicable,Not Applicable,Not Applicable,Not Applicable,Not Applicable,No,0.0,Not Applicable,No,Not Applicable,Yes,Yes,No,No,No,0.0,1909.96,1520.38,0.0,0.734,Web,Firefox,19,Dark,1.53478,960.0,68.0,24.0,Yes,-229.0,Expired,Not Applicable,30.0,No,Yes,4.0,4.0,0.0,0.0,1.0,Yes,No,0.0,4.0,Yes,Yes,Yes,No,No,Not Applicable,0.7960271419296739,Medium,4.0,1.0,Invalid Claim
CLM00102,Air Conditioner,Portable,Outdoor Unit,Compressor,Aster,60.0,No,Cooling Failure,Manufacturing Defect,Not Applicable,Not Applicable,Not Applicable,Not Applicable,No,Not Applicable,Not Applicable,No,Outdoor Unit,Not Applicable,Yes,Yes,Yes,Yes,Yes,No,Yes,Not Applicable,Not Applicable,Yes,Not Applicable,Not Applicable,No,Yes,3.0,No,No,Not Applicable,Yes,Yes,No,No,No,1.0,2244.16,2042.12,179.46,0.823,Mobile App,Chrome,14,System,0.76154,1463.0,11.0,60.0,Yes,363.0,Active,Active,30.0,Yes,Yes,6.0,4.0,2.0,0.0,0.6666666666666666,No,No,2.0,4.0,Yes,Yes,Yes,Yes,No,Not Applicable,0.9099707685726508,Medium,6.0,4.0,Invalid Claim
CLM00103,Refrigerator,Double Door,Water Leakage,Compressor,HomePro,120.0,No,Water Leakage,Internal Component Failure,Not Applicable,Not Applicable,Not Applicable,Household,No,Not Applicable,Not Applicable,Not Applicable,Not Applicable,Not Applicable,Yes,Yes,Yes,,Yes,Yes,Not Applicable,Not Applicable,Not Applicable,Yes,Not Applicable,Not Applicable,Yes,Yes,1.0,Yes,No,Not Applicable,Unknown,Yes,No,No,No,0.0,1143.25,725.66,457.96,0.737,Service Center,Safari,33,Light,-0.30857,3337.0,6.0,120.0,Yes,315.0,Active,Active,30.0,Yes,Yes,5.0,5.0,0.0,0.0,1.0,Yes,No,0.0,5.0,Yes,Yes,Unknown,Yes,No,Not Applicable,0.6347343100809096,Medium,6.0,0.0,Manual Review
CLM00104,Smartphone,Foldable Smartphone,Phone,Main Unit,PrimeView,12.0,No,Overheating,Internal Component Failure,No,No,Not Applicable,Not Applicable,Not Applicable,Not Applicable,Not Applicable,Not Applicable,Not Applicable,Not Applicable,Yes,Yes,Yes,Yes,Yes,Yes,Not Applicable,Not Applicable,Not Applicable,Not Applicable,Not Applicable,Not Applicable,No,Yes,2.0,Yes,No,Not Applicable,Yes,Yes,No,No,No,1.0,1395.71,582.95,57.31,0.817,Mobile App,MobileWebView,1,Dark,-0.71079,578.0,17.0,12.0,Yes,-212.0,Expired,Not Applicable,30.0,Yes,Yes,4.0,3.0,1.0,0.0,0.75,No,No,1.0,3.0,Yes,Yes,Yes,Yes,No,No,0.4176727257094955,Medium,4.0,5.0,Invalid Claim
CLM00105,Camera,DSLR,Camera Body,Camera Body,Aster,24.0,No,Lens Failure,Electrical Failure,No,No,Not Applicable,Not Applicable,Not Applicable,Not Applicable,Not Applicable,Not Applicable,Not Applicable,Not Applicable,Yes,Yes,Yes,Yes,Yes,Yes,Not Applicable,Not Applicable,Not Applicable,Not Applicable,Not Applicable,Not Applicable,Not Applicable,No,0.0,Not Applicable,No,Not Applicable,No,Yes,No,No,No,0.0,563.82,362.35,,0.849,Web,Chrome,0,Light,0.45005,483.0,32.0,24.0,Yes,247.0,Active,Not Applicable,30.0,No,Yes,3.0,3.0,0.0,0.0,1.0,Yes,No,0.0,3.0,Yes,Yes,No,No,No,No,0.6426696463410309,Medium,7.0,2.0,Invalid Claim
CLM00106,Laptop,Business Laptop,Charger,Power Adapter,Aster,12.0,No,Connectivity Issue,Liquid Damage,No,Yes,Not Applicable,Not Applicable,Not Applicable,Not Applicable,Not Applicable,Not Applicable,Not Applicable,Not Applicable,Yes,Yes,No,Yes,Yes,Yes,Not Applicable,Not Applicable,Not Applicable,Not Applicable,Not Applicable,Not Applicable,Not Applicable,No,0.0,Not Applicable,No,Not Applicable,Yes,Yes,No,No,No,2.0,2088.2,849.72,0.0,0.905,Web,Safari,9,Dark,-1.20369,410.0,13.0,12.0,Yes,-45.0,Expired,Expired,30.0,Yes,No,3.0,3.0,0.0,0.0,1.0,Yes,No,0.0,3.0,Yes,Yes,Yes,No,No,Yes,0.4069150464514893,High,7.0,6.0,Invalid Claim
CLM00107,Smartphone,Foldable Smartphone,Battery,Battery,PrimeView,12.0,No,Power Failure,Manufacturing Defect,No,No,Yes,Not Applicable,Not Applicable,Not Applicable,Not Applicable,Not Applicable,Not Applicable,Not Applicable,Yes,Yes,No,Yes,Yes,Yes,Not Applicable,Yes,Not Applicable,Not Applicable,Not Applicable,Not Applicable,Yes,Yes,1.0,Yes,No,Not Applicable,Yes,Yes,Yes,No,No,0.0,1084.03,,629.87,0.954,Web,Firefox,11,System,-0.60273,222.0,9.0,12.0,Yes,143.0,Active,Active,30.0,Yes,Yes,5.0,5.0,0.0,0.0,1.0,Yes,No,0.0,5.0,Yes,Yes,Yes,Yes,No,No,,High,4.0,0.0,Invalid Claim
CLM00108,Refrigerator,Double Door,Not Sure,Main Unit,HomePro,24.0,No,Power Failure,Internal Component Failure,Not Applicable,Not Applicable,Not Applicable,Household,No,Not Applicable,Not Applicable,Not Applicable,Not Applicable,Not Applicable,,Yes,No,Yes,Yes,Yes,Not Applicable,Not Applicable,Not Applicable,Not Applicable,Not Applicable,Not Applicable,Not Applicable,No,0.0,Not Applicable,No,Not Applicable,Yes,Yes,No,No,No,0.0,1177.93,610.44,0.0,0.738,Web,Edge,14,Dark,-0.17124,535.0,12.0,24.0,Yes,196.0,Active,Not Applicable,30.0,Yes,Yes,3.0,3.0,0.0,0.0,1.0,Yes,No,0.0,3.0,,Yes,Yes,No,No,Not Applicable,0.5182311342779282,Medium,12.0,6.0,Valid Claim
CLM00109,Washing Machine,Washer Dryer,Not Sure,Main Unit,PrimeView,24.0,No,Noise,Electrical Failure,Not Applicable,Not Applicable,Not Applicable,Business,No,Not Applicable,No,Not Applicable,Not Applicable,Not Applicable,Yes,Yes,Yes,Yes,Yes,Yes,Not Applicable,Not Applicable,Not Applicable,Not Applicable,Not Applicable,Not Applicable,Not Applicable,No,0.0,Not Applicable,No,Not Applicable,Yes,Yes,No,No,No,0.0,764.53,213.66,0.0,0.695,Email,Chrome,55,Dark,-2.55693,713.0,15.0,24.0,Yes,18.0,Nearing Expiry,Not Applicable,30.0,Yes,Yes,3.0,3.0,0.0,0.0,1.0,Yes,No,0.0,3.0,Yes,Yes,Yes,No,No,No,0.2794658155991262,Low,10.0,1.0,Manual Review
CLM00110,Smartphone,Foldable Smartphone,Phone,Main Unit,Aster,12.0,No,Overheating,Manufacturing Defect,No,No,Not Applicable,Not Applicable,Not Applicable,Not Applicable,Not Applicable,Not Applicable,Not Applicable,Not Applicable,Yes,Yes,No,Yes,Yes,,Not Applicable,Not Applicable,Not Applicable,Not Applicable,Not Applicable,Not Applicable,,No,0.0,Not Applicable,No,Not Applicable,Yes,Yes,No,No,No,2.0,1539.25,907.68,0.0,0.938,Email,Edge,17,Light,0.16399,213.0,11.0,12.0,Yes,152.0,Active,Not Applicable,30.0,Yes,Yes,3.0,2.0,0.0,1.0,0.6666666666666666,Unknown,No,0.0,2.0,Yes,Yes,Yes,No,No,No,0.5896897839857073,High,8.0,6.0,Valid Claim
CLM00111,Printer,Inkjet,Not Sure,Main Unit,PrimeView,12.0,No,Mechanical Failure,Manufacturing Defect,Not Applicable,Not Applicable,Not Applicable,Not Applicable,No,Not Applicable,Unknown,Not Applicable,Not Applicable,Original,Yes,Yes,No,Yes,Yes,Yes,Not Applicable,Not Applicable,Not Applicable,Not Applicable,Not Applicable,Yes,Not Applicable,No,99.0,Not Applicable,No,Not Applicable,Yes,Yes,No,No,No,2.0,468.54,227.99,0.0,0.765,Web,MobileWebView,26,System,-0.41333,537.0,12.0,12.0,Yes,-171.0,Expired,Not Applicable,30.0,Yes,Yes,4.0,4.0,0.0,0.0,1.0,Yes,No,0.0,4.0,Yes,Yes,Yes,No,No,Unknown,0.4865966619712297,Medium,8.0,4.0,Invalid Claim
CLM00112,Printer,Laser,Power,Print Head,HomePro,12.0,No,Power Failure,Manufacturing Defect,Not Applicable,Not Applicable,Not Applicable,Not Applicable,No,Not Applicable,No,Not Applicable,Not Applicable,Original,Yes,Yes,No,Yes,Yes,Yes,Not Applicable,Not Applicable,Not Applicable,Not Applicable,Not Applicable,Yes,Not Applicable,No,0.0,Not Applicable,No,Not Applicable,Yes,Yes,Yes,No,No,0.0,854.2,657.57,0.0,0.821,Service Center,Firefox,35,Dark,1.06396,338.0,22.0,12.0,Yes,27.0,Nearing Expiry,Nearing Expiry,30.0,Yes,Yes,4.0,4.0,0.0,0.0,1.0,Yes,No,0.0,4.0,Yes,Yes,Yes,No,No,No,0.7698080074923905,Medium,5.0,5.0,Invalid Claim
CLM00113,Air Conditioner,Split,Outdoor Unit,Compressor,Aster,60.0,No,Power Failure,Improper Installation,Not Applicable,Not Applicable,Not Applicable,Not Applicable,Yes,Not Applicable,Not Applicable,Unknown,Outdoor Unit,Not Applicable,No,Yes,Yes,Yes,Yes,Yes,Yes,Not Applicable,Not Applicable,Yes,Not Applicable,Not Applicable,Not Applicable,No,0.0,Not Applicable,No,Not Applicable,Yes,Yes,No,No,No,1.0,2661.64,1691.33,0.0,0.784,Mobile App,Safari,23,Dark,0.88177,1617.0,32.0,60.0,Yes,209.0,Active,Active,30.0,No,No,5.0,5.0,0.0,0.0,1.0,Yes,No,0.0,5.0,No,Yes,Yes,No,No,Not Applicable,0.6354465667783773,Medium,4.0,2.0,Invalid Claim
CLM00114,Laptop,2-in-1,Charger,Power Adapter,ZenCore,12.0,No,Connectivity Issue,Electrical Failure,No,No,Not Applicable,Not Applicable,Not Applicable,Not Applicable,Not Applicable,Not Applicable,Not Applicable,Not Applicable,Yes,Yes,No,Yes,Yes,Yes,Not Applicable,Not Applicable,Not Applicable,Not Applicable,Not Applicable,Not Applicable,Not Applicable,No,0.0,Not Applicable,No,Not Applicable,Unknown,Yes,No,No,No,2.0,1477.91,1122.26,0.0,0.766,Web,Firefox,22,Light,-0.87097,182.0,4.0,12.0,Yes,183.0,Active,Active,30.0,Yes,Yes,3.0,3.0,0.0,0.0,1.0,Yes,No,0.0,3.0,Yes,Yes,Unknown,No,No,No,0.7593561177608921,Medium,11.0,4.0,Manual Review
CLM00115,Television,Mini-LED,Connection,Main Unit,PrimeView,24.0,No,Connectivity Issue,Internal Component Failure,No,Not Applicable,Not Applicable,Not Applicable,Not Applicable,Yes,Not Applicable,Not Applicable,Not Applicable,Not Applicable,Yes,Yes,Yes,Yes,Yes,Yes,Not Applicable,Not Applicable,Not Applicable,Not Applicable,Not Applicable,Not Applicable,Not Applicable,No,0.0,Not Applicable,No,Not Applicable,Yes,Yes,Yes,No,No,0.0,1388.68,732.76,0.0,0.88,Mobile App,Firefox,22,Light,-1.07954,377.0,7.0,24.0,Yes,354.0,Active,Not Applicable,30.0,Yes,Yes,3.0,3.0,0.0,0.0,1.0,Yes,No,0.0,3.0,Yes,Yes,Yes,No,No,No,0.527666561050782,High,10.0,2.0,Invalid Claim
CLM00116,Smartphone,Standard Smartphone,Battery,Battery,PrimeView,12.0,No,Overheating,Manufacturing Defect,No,No,Yes,Not Applicable,Not Applicable,Not Applicable,Not Applicable,Not Applicable,Not Applicable,Not Applicable,Yes,Yes,Yes,Yes,Yes,Yes,Not Applicable,Yes,Not Applicable,Not Applicable,Not Applicable,Not Applicable,Not Applicable,No,0.0,Not Applicable,No,Not Applicable,Yes,Yes,No,No,No,0.0,1292.78,388.75,0.0,0.662,Email,Chrome,46,Dark,-0.56282,251.0,19.0,12.0,Yes,114.0,Active,Active,30.0,Yes,Yes,4.0,4.0,0.0,0.0,1.0,Yes,No,0.0,4.0,Yes,Yes,Yes,No,No,No,0.3007085505654481,Low,1.0,4.0,Manual Review
CLM00117,Laptop,Consumer Laptop,Charger,Power Adapter,Aster,12.0,No,Overheating,Manufacturing Defect,No,No,Not Applicable,Not Applicable,Not Applicable,Not Applicable,Not Applicable,Not Applicable,Not Applicable,Not Applicable,Yes,Yes,No,Yes,Yes,Yes,Not Applicable,Not Applicable,Not Applicable,Not Applicable,Not Applicable,Not Applicable,Yes,Yes,2.0,No,No,Not Applicable,Yes,Yes,No,No,No,0.0,1364.66,,376.98,0.825,Web,Firefox,28,System,0.22363,492.0,9.0,12.0,Yes,-127.0,Expired,Expired,30.0,Yes,Yes,4.0,4.0,0.0,0.0,1.0,Yes,No,0.0,4.0,Yes,Yes,Yes,Yes,No,No,,Medium,1.0,3.0,Invalid Claim
CLM00118,Refrigerator,Double Door,Water Leakage,Main Unit,ZenCore,24.0,No,Water Leakage,Manufacturing Defect,Not Applicable,Not Applicable,Not Applicable,Business,Yes,Not Applicable,Not Applicable,Not Applicable,Not Applicable,Not Applicable,Yes,Yes,Yes,,Yes,Yes,Not Applicable,Not Applicable,Not Applicable,Not Applicable,Not Applicable,Not Applicable,Not Applicable,No,0.0,Not Applicable,Yes,Yes,Yes,Yes,No,No,No,0.0,2361.84,527.08,0.0,0.844,Service Center,MobileWebView,26,System,-0.28933,426.0,17.0,24.0,Yes,304.0,Active,Not Applicable,30.0,Yes,Yes,3.0,3.0,0.0,0.0,1.0,Yes,No,0.0,3.0,Yes,Yes,Yes,No,Yes,Not Applicable,0.2231649900077905,Medium,2.0,2.0,Valid Claim
CLM00119,Smartphone,Rugged Smartphone,Charger,Charger,PrimeView,6.0,No,Connectivity Issue,Internal Component Failure,No,No,Not Applicable,Not Applicable,Not Applicable,Not Applicable,Not Applicable,Not Applicable,Not Applicable,Not Applicable,Yes,Yes,Yes,Yes,Yes,Yes,Not Applicable,Not Applicable,Not Applicable,Not Applicable,Not Applicable,Not Applicable,Not Applicable,No,0.0,Not Applicable,No,Not Applicable,Yes,Yes,No,No,No,2.0,1521.26,806.15,0.0,0.477,Web,Firefox,3,System,0.08399,189.0,41.0,6.0,Yes,-5.0,Expired,Expired,30.0,No,Yes,3.0,3.0,0.0,0.0,1.0,Yes,No,0.0,3.0,Yes,Yes,Yes,No,No,No,0.5299225641902108,Low,1.0,4.0,Invalid Claim
CLM00120,Laptop,Business Laptop,Device,Main Unit,Aster,24.0,No,Power Failure,Electrical Failure,No,No,Not Applicable,Not Applicable,Not Applicable,Not Applicable,Not Applicable,Not Applicable,Not Applicable,Not Applicable,Yes,Yes,No,Yes,Yes,Yes,Not Applicable,Not Applicable,Not Applicable,Not Applicable,Not Applicable,Not Applicable,Yes,Yes,3.0,Unknown,No,Not Applicable,Yes,Yes,No,No,No,3.0,1495.49,1221.63,,0.84,Web,Edge,40,System,-0.46395,675.0,16.0,24.0,Yes,55.0,Active,Not Applicable,30.0,Yes,Yes,4.0,4.0,0.0,0.0,1.0,Yes,No,0.0,4.0,Yes,Yes,Yes,Yes,No,No,0.8168760740626818,Medium,2.0,5.0,Manual Review
CLM00121,Camera,Mirrorless,Camera Body,Camera Body,Aster,24.0,No,Display Failure,Internal Component Failure,No,Unknown,Not Applicable,Not Applicable,Not Applicable,Not Applicable,Not Applicable,Not Applicable,Not Applicable,Not Applicable,Yes,No,No,,Yes,Yes,Not Applicable,Not Applicable,Not Applicable,Not Applicable,Not Applicable,Not Applicable,Yes,Yes,2.0,Yes,No,Not Applicable,Yes,Yes,No,No,No,0.0,1755.74,768.31,381.26,,Mobile App,Edge,3,Dark,0.56449,584.0,7.0,24.0,Yes,147.0,Active,Not Applicable,30.0,Yes,Yes,4.0,4.0,0.0,0.0,1.0,Yes,No,0.0,4.0,Yes,Yes,Yes,Yes,No,Unknown,0.4375989611218061,Unknown,10.0,2.0,Valid Claim
CLM00122,Smartphone,Standard Smartphone,Charger,Charger,PrimeView,6.0,No,Overheating,Manufacturing Defect,No,No,Not Applicable,Not Applicable,Not Applicable,Not Applicable,Not Applicable,Not Applicable,Not Applicable,Not Applicable,No,Yes,No,No,Yes,Yes,Not Applicable,Not Applicable,Not Applicable,Not Applicable,Not Applicable,Not Applicable,Not Applicable,No,0.0,Not Applicable,No,Not Applicable,Yes,Yes,No,No,No,0.0,863.56,470.5,0.0,0.815,Web,Firefox,35,Dark,0.94805,260.0,25.0,6.0,Yes,-78.0,Expired,Expired,30.0,Yes,Yes,3.0,3.0,0.0,0.0,1.0,Yes,No,0.0,3.0,No,Yes,Yes,No,No,No,0.544837648802631,Medium,7.0,2.0,Invalid Claim
CLM00123,Camera,Compact,Camera Body,Camera Body,PrimeView,24.0,No,Connectivity Issue,Internal Component Failure,No,No,Not Applicable,Not Applicable,Not Applicable,Not Applicable,Not Applicable,Not Applicable,Not Applicable,Not Applicable,Yes,Yes,Yes,Yes,Yes,Yes,Not Applicable,Not Applicable,Not Applicable,Not Applicable,Not Applicable,Not Applicable,Not Applicable,No,0.0,Not Applicable,No,Not Applicable,Yes,Yes,No,No,No,0.0,1750.75,441.52,0.0,0.756,Web,Chrome,34,System,-1.19701,858.0,4.0,24.0,Yes,-128.0,Expired,Not Applicable,30.0,Yes,Yes,3.0,3.0,0.0,0.0,1.0,Yes,No,0.0,3.0,Yes,Yes,Yes,No,No,No,0.252189061830644,Medium,8.0,3.0,Invalid Claim
CLM00124,Television,Mini-LED,Sound,Main Unit,PrimeView,24.0,Yes,Audio Failure,Manufacturing Defect,No,Not Applicable,Not Applicable,Not Applicable,Not Applicable,No,Not Applicable,Not Applicable,Not Applicable,Not Applicable,Yes,Yes,No,Yes,Yes,Yes,Not Applicable,Not Applicable,Not Applicable,Not Applicable,Not Applicable,Not Applicable,No,Yes,2.0,No,No,Not Applicable,Yes,Yes,No,No,No,0.0,1573.97,,,,Service Center,Firefox,50,System,1.44741,1074.0,23.0,24.0,Yes,22.0,Nearing Expiry,Not Applicable,30.0,Yes,Yes,4.0,3.0,1.0,0.0,0.75,No,No,1.0,3.0,Yes,Yes,Yes,Yes,No,No,,Unknown,11.0,3.0,Invalid Claim
CLM00125,Smartphone,Rugged Smartphone,Charger,Charger,NovaTech,6.0,No,Connectivity Issue,Internal Component Failure,No,No,Not Applicable,Not Applicable,Not Applicable,Not Applicable,Not Applicable,Not Applicable,Not Applicable,Not Applicable,Yes,Yes,No,Yes,Yes,No,Not Applicable,Not Applicable,Not Applicable,Not Applicable,Not Applicable,Not Applicable,Yes,Yes,1.0,Unknown,No,Not Applicable,Yes,Yes,No,No,No,0.0,1746.24,201.49,574.6,0.816,Service Center,Safari,35,Light,-0.02187,278.0,22.0,6.0,Yes,-96.0,Expired,Expired,30.0,Yes,Yes,4.0,3.0,1.0,0.0,0.75,No,No,1.0,3.0,Yes,Yes,Yes,Yes,No,No,0.1153850558915154,Medium,7.0,4.0,Invalid Claim
CLM00126,Laptop,Business Laptop,Battery,Battery,ZenCore,12.0,No,Power Failure,Internal Component Failure,No,No,Unknown,Not Applicable,Not Applicable,Not Applicable,Not Applicable,Not Applicable,Not Applicable,Not Applicable,,Yes,No,,Yes,Yes,Not Applicable,Yes,Not Applicable,Not Applicable,Not Applicable,Not Applicable,Not Applicable,No,0.0,Not Applicable,No,Not Applicable,No,Yes,No,Yes,No,0.0,2115.03,1506.88,0.0,0.689,Web,Firefox,8,System,-0.09855,117.0,8.0,12.0,Yes,248.0,Active,Active,30.0,Yes,Yes,4.0,4.0,0.0,0.0,1.0,Yes,No,0.0,4.0,,Yes,No,No,No,No,0.7124627073847652,Low,5.0,2.0,Invalid Claim
CLM00127,Smartphone,Standard Smartphone,Phone,Main Unit,NovaTech,12.0,No,Battery Problem,Electrical Failure,No,No,Unknown,Not Applicable,Not Applicable,Not Applicable,Not Applicable,Not Applicable,Not Applicable,Not Applicable,Yes,Yes,No,Yes,Yes,Yes,Not Applicable,Not Applicable,Not Applicable,Not Applicable,Not Applicable,Not Applicable,Yes,Yes,1.0,No,No,Not Applicable,Yes,Yes,No,No,No,1.0,1790.22,1040.21,72.94,0.73,Email,Chrome,3,Light,-0.01146,321.0,16.0,12.0,Yes,44.0,Active,Not Applicable,30.0,Yes,Yes,4.0,4.0,0.0,0.0,1.0,Yes,No,0.0,4.0,Yes,Yes,Yes,Yes,No,No,0.5810514908782161,Medium,4.0,3.0,Invalid Claim
CLM00128,Laptop,Consumer Laptop,Device,Main Unit,ZenCore,24.0,No,Power Failure,Internal Component Failure,Yes,No,Not Applicable,Not Applicable,Not Applicable,Not Applicable,Not Applicable,Not Applicable,Not Applicable,Not Applicable,Yes,Yes,No,Yes,Yes,Yes,Not Applicable,Not Applicable,Not Applicable,Not Applicable,Not Applicable,Not Applicable,Yes,Yes,2.0,Yes,No,Not Applicable,Yes,Yes,No,No,No,3.0,1620.75,1059.18,,0.973,Service Center,Safari,57,Dark,1.24974,1053.0,30.0,24.0,Yes,-322.0,Expired,Not Applicable,30.0,Yes,Yes,4.0,4.0,0.0,0.0,1.0,Yes,No,0.0,4.0,Yes,Yes,Yes,Yes,No,Yes,0.6535122628412773,High,12.0,5.0,Invalid Claim
CLM00129,Refrigerator,Single Door,Noise,Main Unit,ZenCore,24.0,Yes,Noise,Electrical Failure,Not Applicable,Not Applicable,Not Applicable,Household,No,Not Applicable,Not Applicable,Not Applicable,Not Applicable,Not Applicable,Yes,Yes,No,Yes,Yes,Yes,Not Applicable,Not Applicable,Not Applicable,Not Applicable,Not Applicable,Not Applicable,Not Applicable,No,0.0,Not Applicable,No,Not Applicable,Yes,Yes,No,No,No,3.0,519.96,487.02,0.0,0.791,Mobile App,Chrome,28,Light,0.397,968.0,34.0,24.0,Yes,128.0,Active,Not Applicable,30.0,No,Yes,3.0,3.0,0.0,0.0,1.0,Yes,No,0.0,3.0,Yes,Yes,Yes,No,No,Not Applicable,0.9366489729979228,Medium,3.0,6.0,Invalid Claim
CLM00130,Refrigerator,Side-by-Side,Other,Main Unit,ZenCore,24.0,No,Mechanical Failure,Internal Component Failure,Not Applicable,Not Applicable,Not Applicable,Household,No,Not Applicable,Not Applicable,Not Applicable,Not Applicable,Not Applicable,Yes,Yes,Yes,Yes,Yes,Yes,Not Applicable,Not Applicable,Not Applicable,Not Applicable,Not Applicable,Not Applicable,Not Applicable,No,0.0,Not Applicable,Yes,Yes,Yes,Yes,No,No,No,0.0,831.17,261.06,0.0,0.933,Web,MobileWebView,44,System,0.23786,546.0,6.0,24.0,Yes,185.0,Active,Not Applicable,30.0,Yes,Yes,3.0,3.0,0.0,0.0,1.0,Yes,No,0.0,3.0,Yes,Yes,Yes,No,Yes,Not Applicable,0.3140873708146348,High,6.0,6.0,Valid Claim
CLM00131,Printer,Laser,Paper Feed,Main Unit,PrimeView,12.0,No,Paper Feed Failure,Electrical Failure,Not Applicable,Not Applicable,Not Applicable,Not Applicable,No,Not Applicable,No,Not Applicable,Not Applicable,Original,Yes,Yes,Yes,Yes,Yes,Yes,Not Applicable,Not Applicable,Not Applicable,Not Applicable,Not Applicable,Yes,,No,0.0,Not Applicable,Yes,Yes,Yes,Yes,No,No,No,1.0,494.0,137.67,0.0,0.78,Web,Safari,42,Light,0.84917,169.0,2.0,12.0,Yes,197.0,Active,Not Applicable,30.0,Yes,Yes,4.0,4.0,0.0,0.0,1.0,Yes,No,0.0,4.0,Yes,Yes,Yes,No,Yes,No,0.2786842105263157,Medium,3.0,5.0,Valid Claim
CLM00132,Television,LED,Connection,Main Unit,Aster,24.0,Yes,Connectivity Issue,Internal Component Failure,No,Not Applicable,Not Applicable,Not Applicable,Not Applicable,Yes,Not Applicable,Not Applicable,Not Applicable,Not Applicable,Yes,,No,Yes,Yes,Yes,Not Applicable,Not Applicable,Not Applicable,Not Applicable,Not Applicable,Not Applicable,Not Applicable,No,0.0,Not Applicable,No,Not Applicable,Yes,Yes,No,No,No,1.0,2848.64,962.86,0.0,0.929,Email,Chrome,22,System,0.82629,905.0,67.0,24.0,Yes,191.0,Active,Not Applicable,30.0,No,Yes,3.0,3.0,0.0,0.0,1.0,Yes,No,0.0,3.0,Yes,Yes,Yes,No,No,No,0.3380069085598742,High,9.0,3.0,Invalid Claim
CLM00133,Television,OLED,Power,Main Unit,HomePro,24.0,No,Power Failure,Improper Wall Mounting,No,Not Applicable,Not Applicable,Not Applicable,Not Applicable,No,Not Applicable,Not Applicable,Not Applicable,Not Applicable,Yes,No,Yes,Yes,Yes,Yes,Not Applicable,Not Applicable,Not Applicable,Not Applicable,Not Applicable,Not Applicable,Not Applicable,No,0.0,Not Applicable,No,Not Applicable,Yes,Yes,No,No,No,1.0,3139.3,2238.47,,0.817,Web,Edge,17,Light,0.41774,583.0,8.0,24.0,Yes,148.0,Active,Not Applicable,30.0,Yes,No,3.0,3.0,0.0,0.0,1.0,Yes,No,0.0,3.0,Yes,Yes,Yes,No,No,No,0.7130474946644155,Medium,5.0,3.0,Invalid Claim
CLM00134,Washing Machine,Top Load,Washing,Main Unit,HomePro,24.0,No,Mechanical Failure,Manufacturing Defect,Not Applicable,Not Applicable,Not Applicable,Household,No,Not Applicable,No,Not Applicable,Not Applicable,Not Applicable,Yes,Yes,Yes,Yes,Yes,,Not Applicable,Not Applicable,Not Applicable,Not Applicable,Not Applicable,Not Applicable,Not Applicable,No,0.0,Not Applicable,No,Not Applicable,Yes,Yes,No,No,No,1.0,450.2,282.87,0.0,0.623,Web,Chrome,50,Dark,-0.35197,709.0,16.0,24.0,Yes,22.0,Nearing Expiry,Not Applicable,30.0,Yes,Yes,3.0,2.0,0.0,1.0,0.6666666666666666,Unknown,No,0.0,2.0,Yes,Yes,Yes,No,No,No,0.6283207463349623,Low,5.0,6.0,Manual Review
CLM00135,Smartphone,Rugged Smartphone,Phone,Main Unit,PrimeView,12.0,No,Battery Problem,Manufacturing Defect,No,No,Yes,Not Applicable,Not Applicable,Not Applicable,Not Applicable,Not Applicable,Not Applicable,Not Applicable,Yes,Yes,Yes,No,Yes,Yes,Not Applicable,Not Applicable,Not Applicable,Not Applicable,Not Applicable,Not Applicable,Not Applicable,No,0.0,Not Applicable,No,Not Applicable,Yes,Yes,No,No,No,1.0,503.3,,0.0,0.864,Service Center,MobileWebView,16,Light,1.4069,352.0,47.0,12.0,Yes,13.0,Nearing Expiry,Not Applicable,30.0,No,Yes,3.0,3.0,0.0,0.0,1.0,Yes,No,0.0,3.0,Yes,Yes,Yes,No,No,No,,High,4.0,4.0,Invalid Claim
CLM00136,Smartphone,Foldable Smartphone,Not Sure,Main Unit,Aster,12.0,No,Connectivity Issue,Rooted Or Unauthorized Software Modification,No,No,Not Applicable,Not Applicable,Not Applicable,Not Applicable,Not Applicable,Not Applicable,Not Applicable,Not Applicable,Yes,Yes,No,Yes,Yes,Yes,Not Applicable,Not Applicable,Not Applicable,Not Applicable,Not Applicable,Not Applicable,Not Applicable,No,0.0,Not Applicable,No,Not Applicable,Yes,Yes,No,No,No,2.0,1772.17,895.12,,0.894,Email,Chrome,8,Light,-2.44742,214.0,15.0,12.0,Yes,151.0,Active,Not Applicable,30.0,Yes,No,3.0,3.0,0.0,0.0,1.0,Yes,No,0.0,3.0,Yes,Yes,Yes,No,No,No,0.5050982693533916,High,8.0,3.0,Invalid Claim
CLM00137,Washing Machine,Front Load,Power,Main Unit,PrimeView,24.0,No,Power Failure,Overloading,Not Applicable,Not Applicable,Not Applicable,Household,No,Not Applicable,No,Not Applicable,Not Applicable,Not Applicable,Yes,Yes,Yes,Yes,Yes,Yes,Not Applicable,Not Applicable,Not Applicable,Not Applicable,Not Applicable,Not Applicable,Yes,Yes,3.0,Yes,No,Not Applicable,No,Yes,No,No,No,1.0,1649.24,1233.49,417.3,0.909,Web,Safari,20,Dark,-0.98293,625.0,9.0,24.0,Yes,106.0,Active,Not Applicable,30.0,Yes,No,4.0,4.0,0.0,0.0,1.0,Yes,No,0.0,4.0,Yes,Yes,No,Yes,No,No,0.747914190778783,High,8.0,2.0,Invalid Claim
CLM00138,Camera,Mirrorless,Camera Body,Camera Body,PrimeView,24.0,No,Battery Problem,Manufacturing Defect,No,Unknown,Yes,Not Applicable,Not Applicable,Not Applicable,Not Applicable,Not Applicable,Not Applicable,Not Applicable,Yes,Yes,Yes,Yes,Yes,No,Not Applicable,Not Applicable,Not Applicable,Not Applicable,Not Applicable,Not Applicable,,No,0.0,Not Applicable,No,Not Applicable,Yes,Yes,No,No,No,1.0,772.59,225.09,0.0,0.798,Web,Chrome,2,Light,-0.88354,701.0,24.0,24.0,Yes,30.0,Nearing Expiry,Not Applicable,30.0,Yes,Yes,3.0,2.0,1.0,0.0,0.6666666666666666,No,No,1.0,2.0,Yes,Yes,Yes,No,No,Unknown,0.2913446977051217,Medium,12.0,6.0,Manual Review
CLM00139,Camera,Compact,Camera Body,Camera Body,NovaTech,24.0,No,Power Failure,Normal Wear,No,No,Not Applicable,Not Applicable,Not Applicable,Not Applicable,Not Applicable,Not Applicable,Not Applicable,Not Applicable,Yes,No,No,Yes,Yes,No,Not Applicable,Not Applicable,Not Applicable,Not Applicable,Not Applicable,Not Applicable,Not Applicable,No,0.0,Not Applicable,Yes,Yes,Yes,Yes,No,No,No,1.0,3415.24,1410.98,0.0,0.788,Service Center,MobileWebView,58,Light,-0.19871,437.0,10.0,24.0,Yes,294.0,Active,Not Applicable,30.0,Yes,No,3.0,2.0,1.0,0.0,0.6666666666666666,No,No,1.0,2.0,Yes,Yes,Yes,No,Yes,No,0.4131422681861304,Medium,8.0,0.0,Invalid Claim
CLM00140,Smartphone,Rugged Smartphone,Phone,Main Unit,Aster,12.0,No,Overheating,Physical Damage,No,No,Not Applicable,Not Applicable,Not Applicable,Not Applicable,Not Applicable,Not Applicable,Not Applicable,Not Applicable,Yes,No,Yes,Yes,Yes,Yes,Not Applicable,Not Applicable,Not Applicable,Not Applicable,Not Applicable,Not Applicable,Not Applicable,No,0.0,Not Applicable,No,Not Applicable,Yes,Yes,No,No,No,0.0,394.74,226.51,0.0,0.876,Web,Chrome,13,System,0.15279,267.0,9.0,12.0,Yes,98.0,Active,Not Applicable,30.0,Yes,No,3.0,3.0,0.0,0.0,1.0,Yes,No,0.0,3.0,Yes,Yes,Yes,No,No,No,0.5738207427673911,High,11.0,0.0,Invalid Claim
CLM00141,Laptop,2-in-1,Device,Main Unit,Aster,24.0,No,Display Failure,Normal Wear,No,No,Not Applicable,Not Applicable,Not Applicable,Not Applicable,Not Applicable,Not Applicable,Not Applicable,Not Applicable,Yes,Yes,No,Yes,Yes,Yes,Not Applicable,Not Applicable,Not Applicable,Not Applicable,Not Applicable,Not Applicable,Not Applicable,No,0.0,Not Applicable,No,Not Applicable,Yes,Yes,No,No,No,1.0,509.41,157.2,0.0,0.761,Email,Edge,2,System,0.22191,464.0,7.0,24.0,Yes,266.0,Active,Not Applicable,30.0,Yes,No,3.0,3.0,0.0,0.0,1.0,Yes,No,0.0,3.0,Yes,Yes,Yes,No,No,No,0.308592293044895,Medium,7.0,2.0,Invalid Claim
CLM00142,Washing Machine,Top Load,Spinning,Main Unit,PrimeView,24.0,No,Mechanical Failure,Internal Component Failure,Not Applicable,Not Applicable,Not Applicable,Household,Yes,Not Applicable,No,Not Applicable,Not Applicable,Not Applicable,Yes,Yes,Yes,Yes,Yes,Yes,Not Applicable,Not Applicable,Not Applicable,Not Applicable,Not Applicable,Not Applicable,Yes,Yes,3.0,Yes,No,Not Applicable,Yes,Yes,No,No,No,1.0,717.04,464.71,168.83,0.595,Web,MobileWebView,52,Light,-0.29351,714.0,16.0,24.0,Yes,17.0,Nearing Expiry,Not Applicable,30.0,Yes,Yes,4.0,4.0,0.0,0.0,1.0,Yes,No,0.0,4.0,Yes,Yes,Yes,Yes,No,No,0.6480949458886534,Low,2.0,4.0,Manual Review
CLM00143,Laptop,Business Laptop,Device,Main Unit,Aster,24.0,No,Overheating,Internal Component Failure,No,Yes,Not Applicable,Not Applicable,Not Applicable,Not Applicable,Not Applicable,Not Applicable,Not Applicable,Not Applicable,Yes,Yes,Yes,,Yes,Yes,Not Applicable,Not Applicable,Not Applicable,Not Applicable,Not Applicable,Not Applicable,,No,0.0,Not Applicable,No,Not Applicable,Yes,Yes,No,No,No,1.0,2457.92,330.83,0.0,0.984,Web,MobileWebView,34,Dark,-1.29046,752.0,7.0,24.0,Yes,-22.0,Expired,Not Applicable,30.0,Yes,Yes,3.0,3.0,0.0,0.0,1.0,Yes,No,0.0,3.0,Yes,Yes,Yes,No,No,Yes,0.1345975458924619,High,6.0,3.0,Invalid Claim
CLM00144,Camera,Action Camera,Camera Body,Camera Body,PrimeView,24.0,Yes,Display Failure,Internal Component Failure,No,No,Not Applicable,Not Applicable,Not Applicable,Not Applicable,Not Applicable,Not Applicable,Not Applicable,Not Applicable,Yes,Yes,No,Yes,No,No,Not Applicable,Not Applicable,Not Applicable,Not Applicable,Not Applicable,Not Applicable,Not Applicable,No,0.0,Not Applicable,Yes,Yes,Yes,Yes,No,No,No,1.0,886.56,243.49,0.0,0.839,Service Center,MobileWebView,12,System,-0.59218,1017.0,8.0,24.0,Yes,79.0,Active,Not Applicable,30.0,Yes,Yes,3.0,1.0,2.0,0.0,0.3333333333333333,No,Yes,2.0,1.0,Yes,Yes,Yes,No,Yes,No,0.2746458220537809,Medium,7.0,5.0,Manual Review
CLM00145,Refrigerator,French Door,Other,Main Unit,ZenCore,24.0,No,Mechanical Failure,Electrical Failure,Not Applicable,Not Applicable,Not Applicable,Other,No,Not Applicable,Not Applicable,Not Applicable,Not Applicable,Not Applicable,Yes,Yes,Yes,Yes,Yes,Yes,Not Applicable,Not Applicable,Not Applicable,Not Applicable,Not Applicable,Not Applicable,Not Applicable,No,0.0,Not Applicable,No,Not Applicable,Yes,Yes,No,No,No,1.0,1813.78,1373.82,,0.835,Service Center,Safari,43,System,0.50985,692.0,13.0,24.0,Yes,39.0,Active,Not Applicable,30.0,Yes,Yes,3.0,3.0,0.0,0.0,1.0,Yes,No,0.0,3.0,Yes,Yes,Yes,No,No,Not Applicable,0.7574347495286088,Medium,4.0,3.0,Valid Claim
CLM00146,Camera,DSLR,Camera Body,Camera Body,PrimeView,24.0,No,Display Failure,Electrical Failure,No,No,Not Applicable,Not Applicable,Not Applicable,Not Applicable,Not Applicable,Not Applicable,Not Applicable,Not Applicable,No,Yes,Yes,Yes,Yes,Yes,Not Applicable,Not Applicable,Not Applicable,Not Applicable,Not Applicable,Not Applicable,Yes,Yes,2.0,Yes,No,Not Applicable,Yes,Yes,No,No,No,1.0,2598.38,1898.45,134.94,0.946,Service Center,Safari,27,Dark,0.70655,638.0,12.0,24.0,Yes,92.0,Active,Not Applicable,30.0,Yes,Yes,4.0,4.0,0.0,0.0,1.0,Yes,No,0.0,4.0,No,Yes,Yes,Yes,No,No,0.7306283145652291,High,7.0,4.0,Valid Claim
CLM00147,Smartphone,Foldable Smartphone,Not Sure,Main Unit,Aster,12.0,No,Battery Problem,Normal Wear,Yes,No,Yes,Not Applicable,Not Applicable,Not Applicable,Not Applicable,Not Applicable,Not Applicable,Not Applicable,Yes,Yes,No,Yes,No,,Not Applicable,Not Applicable,Not Applicable,Not Applicable,Not Applicable,Not Applicable,Not Applicable,No,0.0,Not Applicable,No,Not Applicable,Yes,Yes,No,No,No,0.0,555.95,104.26,0.0,0.814,Service Center,Edge,47,System,-0.36308,153.0,12.0,12.0,Yes,212.0,Active,Not Applicable,30.0,Yes,No,3.0,1.0,1.0,1.0,0.3333333333333333,No,Yes,1.0,1.0,Yes,Yes,Yes,No,No,Yes,0.187534850256318,Medium,6.0,6.0,Invalid Claim
CLM00148,Washing Machine,Front Load,Washing,Main Unit,ZenCore,24.0,No,Mechanical Failure,Overloading,Not Applicable,Not Applicable,Not Applicable,Household,No,Not Applicable,Yes,Not Applicable,Not Applicable,Not Applicable,Yes,Yes,No,Yes,Yes,No,Not Applicable,Not Applicable,Not Applicable,Not Applicable,Not Applicable,Not Applicable,,No,0.0,Not Applicable,No,Not Applicable,Yes,Yes,No,No,No,0.0,2101.44,1785.48,0.0,0.484,Email,Safari,33,Dark,-0.41923,444.0,6.0,24.0,Yes,287.0,Active,Not Applicable,30.0,Yes,No,3.0,2.0,1.0,0.0,0.6666666666666666,No,No,1.0,2.0,Yes,Yes,Yes,No,No,Yes,0.8496459570580174,Low,5.0,0.0,Invalid Claim
CLM00149,Laptop,Business Laptop,Device,Main Unit,Aster,24.0,No,Battery Problem,Manufacturing Defect,No,Unknown,Yes,Not Applicable,Not Applicable,Not Applicable,Not Applicable,Not Applicable,Not Applicable,Not Applicable,Yes,Yes,Yes,Yes,Yes,Yes,Not Applicable,Not Applicable,Not Applicable,Not Applicable,Not Applicable,Not Applicable,,No,0.0,Not Applicable,No,Not Applicable,Yes,Yes,No,No,No,0.0,2032.82,780.6,0.0,0.888,Web,MobileWebView,56,System,-0.14111,698.0,26.0,24.0,Yes,33.0,Active,Not Applicable,30.0,Yes,Yes,3.0,3.0,0.0,0.0,1.0,Yes,No,0.0,3.0,Yes,Yes,Yes,No,No,Unknown,0.3839985832488858,High,5.0,0.0,Valid Claim
CLM00150,Camera,Mirrorless,Camera Body,Camera Body,NovaTech,24.0,No,Connectivity Issue,Manufacturing Defect,No,No,Not Applicable,Not Applicable,Not Applicable,Not Applicable,Not Applicable,Not Applicable,Not Applicable,Not Applicable,Yes,Yes,No,Yes,Yes,,Not Applicable,Not Applicable,Not Applicable,Not Applicable,Not Applicable,Not Applicable,Yes,Yes,2.0,No,No,Not Applicable,Yes,Yes,No,No,No,1.0,1549.6,130.7,255.06,0.891,Service Center,Safari,14,System,-1.0727,409.0,10.0,24.0,Yes,322.0,Active,Not Applicable,30.0,Yes,Yes,4.0,3.0,0.0,1.0,0.75,Unknown,No,0.0,3.0,Yes,Yes,Yes,Yes,No,No,0.0843443469282395,High,3.0,6.0,Invalid Claim
CLM00151,Refrigerator,Single Door,Water Leakage,Main Unit,ZenCore,24.0,No,Water Leakage,Internal Component Failure,Not Applicable,Not Applicable,Not Applicable,Business,No,Not Applicable,Not Applicable,Not Applicable,Not Applicable,Not Applicable,Yes,No,Yes,Yes,Yes,Yes,Not Applicable,Not Applicable,Not Applicable,Not Applicable,Not Applicable,Not Applicable,Not Applicable,No,0.0,Not Applicable,No,Not Applicable,Yes,Yes,No,No,No,1.0,1792.01,326.05,0.0,0.496,Web,Edge,39,Light,-0.90227,594.0,7.0,24.0,Yes,136.0,Active,Not Applicable,30.0,Yes,Yes,3.0,3.0,0.0,0.0,1.0,Yes,No,0.0,3.0,Yes,Yes,Yes,No,No,Not Applicable,0.1819465293162426,Low,8.0,0.0,Manual Review
CLM00152,Television,QLED,Connection,Main Unit,PrimeView,24.0,No,Connectivity Issue,Electrical Failure,No,Not Applicable,Not Applicable,Not Applicable,Not Applicable,Yes,Not Applicable,Not Applicable,Not Applicable,Not Applicable,Yes,Yes,Yes,Yes,Yes,Yes,Not Applicable,Not Applicable,Not Applicable,Not Applicable,Not Applicable,Not Applicable,Not Applicable,No,0.0,Not Applicable,No,Not Applicable,Unknown,Yes,No,No,No,1.0,1594.65,239.8,0.0,0.864,Web,Edge,15,System,-0.13865,951.0,8.0,24.0,Yes,-220.0,Expired,Not Applicable,30.0,Yes,Yes,3.0,3.0,0.0,0.0,1.0,Yes,No,0.0,3.0,Yes,Yes,Unknown,No,No,No,0.1503778258552033,High,1.0,2.0,Invalid Claim
CLM00153,Printer,Thermal,Power,Print Head,HomePro,12.0,No,Power Failure,Manufacturing Defect,Not Applicable,Not Applicable,Not Applicable,Not Applicable,Yes,Not Applicable,No,Not Applicable,Not Applicable,Original,Yes,,Yes,Yes,Yes,Yes,Not Applicable,Not Applicable,Not Applicable,Not Applicable,Not Applicable,Yes,Not Applicable,No,0.0,Not Applicable,No,Not Applicable,Yes,Yes,No,No,No,1.0,575.33,232.64,0.0,0.675,Email,Chrome,52,Light,-2.33422,236.0,3.0,12.0,Yes,129.0,Active,Active,30.0,Yes,Yes,4.0,4.0,0.0,0.0,1.0,Yes,No,0.0,4.0,Yes,Yes,Yes,No,No,No,0.4043592373072844,Low,5.0,4.0,Manual Review
CLM00154,Camera,Mirrorless,Camera Body,Camera Body,PrimeView,24.0,No,Battery Problem,Sensor Contamination Due To Misuse,No,No,Yes,Not Applicable,Not Applicable,Not Applicable,Not Applicable,Not Applicable,Not Applicable,Not Applicable,No,Yes,Yes,Yes,Yes,Yes,Not Applicable,Not Applicable,Not Applicable,Not Applicable,Not Applicable,Not Applicable,Yes,Yes,1.0,Yes,Yes,Yes,Yes,Yes,No,No,No,0.0,1447.84,882.3,63.39,,Web,Edge,17,Light,-0.23658,1090.0,22.0,24.0,Yes,-359.0,Expired,Not Applicable,30.0,Yes,No,4.0,4.0,0.0,0.0,1.0,Yes,No,0.0,4.0,No,Yes,Yes,Yes,Yes,No,0.6093905403912034,Unknown,9.0,1.0,Invalid Claim
CLM00155,Washing Machine,Front Load,Noise,Main Unit,ZenCore,24.0,No,Noise,Manufacturing Defect,Not Applicable,Not Applicable,Not Applicable,Household,Yes,Not Applicable,Yes,Not Applicable,Not Applicable,Not Applicable,No,Yes,Yes,Yes,Yes,Yes,Not Applicable,Not Applicable,Not Applicable,Not Applicable,Not Applicable,Not Applicable,Not Applicable,No,0.0,Not Applicable,No,Not Applicable,No,Yes,No,No,No,1.0,2074.65,266.5,0.0,0.947,Mobile App,Firefox,40,Dark,0.32565,697.0,4.0,24.0,Yes,33.0,Active,Not Applicable,30.0,Yes,Yes,3.0,3.0,0.0,0.0,1.0,Yes,No,0.0,3.0,No,Yes,No,No,No,Yes,0.1284554021160195,High,8.0,3.0,Invalid Claim
CLM00156,Smartphone,Foldable Smartphone,Phone,Main Unit,PrimeView,12.0,No,Battery Problem,Manufacturing Defect,No,No,Yes,Not Applicable,Not Applicable,Not Applicable,Not Applicable,Not Applicable,Not Applicable,Not Applicable,No,Yes,Yes,Yes,Yes,Yes,Not Applicable,Not Applicable,Not Applicable,Not Applicable,Not Applicable,Not Applicable,Not Applicable,No,0.0,Not Applicable,No,Not Applicable,Yes,Yes,No,No,No,0.0,1181.08,1084.01,0.0,0.948,Service Center,Edge,23,System,0.66784,298.0,31.0,12.0,Yes,68.0,Active,Not Applicable,30.0,No,Yes,3.0,3.0,0.0,0.0,1.0,Yes,No,0.0,3.0,No,Yes,Yes,No,No,No,0.9178125105835336,High,6.0,2.0,Invalid Claim
CLM00157,Air Conditioner,Portable,Indoor Unit,Main Unit,Aster,24.0,No,Cooling Failure,Physical Damage,Not Applicable,Not Applicable,Not Applicable,Not Applicable,Yes,Not Applicable,Not Applicable,No,Indoor Unit,Not Applicable,Yes,Yes,No,Yes,No,Yes,No,Not Applicable,Not Applicable,Not Applicable,Not Applicable,Not Applicable,,No,0.0,Not Applicable,No,Not Applicable,Yes,Yes,No,No,No,0.0,1081.08,990.32,0.0,0.915,Service Center,MobileWebView,40,Dark,-0.04612,538.0,12.0,24.0,Yes,193.0,Active,Not Applicable,30.0,Yes,No,4.0,2.0,2.0,0.0,0.5,No,Yes,2.0,2.0,Yes,Yes,Yes,No,No,Not Applicable,0.916046916046916,High,9.0,6.0,Invalid Claim
CLM00158,Printer,Laser,Paper Feed,Main Unit,HomePro,12.0,No,Paper Feed Failure,Electrical Failure,Not Applicable,Not Applicable,Not Applicable,Not Applicable,No,Not Applicable,No,Not Applicable,Not Applicable,Original,Yes,Yes,Yes,Yes,Yes,Yes,Not Applicable,Not Applicable,Not Applicable,Not Applicable,Not Applicable,Yes,Not Applicable,No,0.0,Not Applicable,No,Not Applicable,Yes,Yes,No,No,No,0.0,350.93,117.73,0.0,0.928,Service Center,MobileWebView,49,Dark,-0.79804,349.0,11.0,12.0,Yes,17.0,Nearing Expiry,Not Applicable,30.0,Yes,Yes,4.0,4.0,0.0,0.0,1.0,Yes,No,0.0,4.0,Yes,Yes,Yes,No,No,No,0.3354800102584561,High,7.0,6.0,Valid Claim
CLM00159,Washing Machine,Front Load,Power,Main Unit,ZenCore,24.0,No,Power Failure,Internal Component Failure,Not Applicable,Not Applicable,Not Applicable,Household,Yes,Not Applicable,No,Not Applicable,Not Applicable,Not Applicable,Yes,Yes,Yes,Yes,Yes,Yes,Not Applicable,Not Applicable,Not Applicable,Not Applicable,Not Applicable,Not Applicable,Not Applicable,No,0.0,Not Applicable,No,Not Applicable,Yes,Yes,No,No,No,0.0,725.51,439.53,0.0,0.922,Mobile App,Firefox,42,System,0.1318,635.0,6.0,24.0,Yes,96.0,Active,Not Applicable,30.0,Yes,Yes,3.0,3.0,0.0,0.0,1.0,Yes,No,0.0,3.0,Yes,Yes,Yes,No,No,No,0.6058221113423661,High,4.0,5.0,Valid Claim
CLM00160,Refrigerator,Double Door,Noise,Main Unit,Aster,24.0,No,Noise,Commercial Misuse,Not Applicable,Not Applicable,Not Applicable,Household,No,Not Applicable,Not Applicable,Not Applicable,Not Applicable,Not Applicable,Yes,Yes,Yes,Yes,Yes,Yes,Not Applicable,Not Applicable,Not Applicable,Not Applicable,Not Applicable,Not Applicable,Not Applicable,No,0.0,Not Applicable,No,Not Applicable,Yes,Yes,No,No,No,0.0,1510.26,846.15,0.0,0.9,Mobile App,Firefox,13,Dark,-0.09313,416.0,18.0,24.0,Yes,315.0,Active,Not Applicable,30.0,Yes,No,3.0,3.0,0.0,0.0,1.0,Yes,No,0.0,3.0,Yes,Yes,Yes,No,No,Not Applicable,0.5602677684637082,High,3.0,1.0,Invalid Claim
CLM00161,Laptop,Gaming Laptop,Charger,Power Adapter,Aster,12.0,No,Power Failure,Physical Damage,Yes,No,Not Applicable,Not Applicable,Not Applicable,Not Applicable,Not Applicable,Not Applicable,Not Applicable,Not Applicable,,Yes,No,Yes,Yes,Yes,Not Applicable,Not Applicable,Not Applicable,Not Applicable,Not Applicable,Not Applicable,,No,0.0,Not Applicable,No,Not Applicable,Yes,Yes,No,No,No,0.0,2109.39,301.8,,0.726,Service Center,Firefox,43,Light,-1.30095,343.0,8.0,12.0,Yes,23.0,Nearing Expiry,Nearing Expiry,30.0,Yes,No,3.0,3.0,0.0,0.0,1.0,Yes,No,0.0,3.0,,Yes,Yes,No,No,Yes,0.1430745381366177,Medium,12.0,2.0,Invalid Claim
CLM00162,Air Conditioner,Window,Indoor Unit,Main Unit,Aster,24.0,No,Power Failure,Manufacturing Defect,Not Applicable,Not Applicable,Not Applicable,Not Applicable,Yes,Not Applicable,Not Applicable,No,Indoor Unit,Not Applicable,Yes,Yes,Yes,Yes,Yes,Yes,Yes,Not Applicable,Not Applicable,Not Applicable,Not Applicable,Not Applicable,,No,0.0,Not Applicable,No,Not Applicable,Yes,Yes,No,No,No,2.0,1358.06,157.08,0.0,0.971,Service Center,Edge,10,Dark,1.1536,518.0,8.0,24.0,Yes,213.0,Active,Not Applicable,30.0,Yes,Yes,4.0,4.0,0.0,0.0,1.0,Yes,No,0.0,4.0,Yes,Yes,Yes,No,No,Not Applicable,0.1156649927101895,High,4.0,1.0,Valid Claim
CLM00163,Air Conditioner,Cassette,Indoor Unit,Main Unit,,24.0,No,Cooling Failure,Internal Component Failure,Not Applicable,Not Applicable,Not Applicable,Not Applicable,No,Not Applicable,Not Applicable,No,Indoor Unit,Not Applicable,Yes,Yes,No,Yes,Yes,Yes,Yes,Not Applicable,Not Applicable,Not Applicable,Not Applicable,Not Applicable,Not Applicable,No,0.0,Not Applicable,No,Not Applicable,Yes,Yes,No,No,No,1.0,1952.24,464.91,0.0,0.812,Web,Chrome,21,Dark,0.95368,369.0,23.0,24.0,Yes,362.0,Active,Not Applicable,30.0,Yes,Yes,4.0,4.0,0.0,0.0,1.0,Yes,No,0.0,4.0,Yes,Yes,Yes,No,No,Not Applicable,0.2381418268245707,Medium,11.0,4.0,Valid Claim
CLM00164,Smartphone,Foldable Smartphone,Not Sure,Main Unit,PrimeView,12.0,No,Display Failure,Internal Component Failure,No,Yes,Not Applicable,Not Applicable,Not Applicable,Not Applicable,Not Applicable,Not Applicable,Not Applicable,Not Applicable,Yes,Yes,No,Yes,Yes,Yes,Not Applicable,Not Applicable,Not Applicable,Not Applicable,Not Applicable,Not Applicable,Yes,Yes,3.0,Yes,No,Not Applicable,Yes,Yes,No,No,No,0.0,421.03,255.52,547.13,,Mobile App,Firefox,28,System,-0.97512,214.0,1.0,12.0,Yes,151.0,Active,Not Applicable,30.0,Yes,Yes,4.0,4.0,0.0,0.0,1.0,Yes,No,0.0,4.0,Yes,Yes,Yes,Yes,No,Yes,0.6068926204783508,Unknown,8.0,0.0,Valid Claim
CLM00165,Smartphone,Standard Smartphone,Not Sure,Main Unit,Aster,12.0,Yes,Battery Problem,Liquid Damage,No,Yes,Yes,Not Applicable,Not Applicable,Not Applicable,Not Applicable,Not Applicable,Not Applicable,Not Applicable,Yes,Yes,No,Yes,Yes,Yes,Not Applicable,Not Applicable,Not Applicable,Not Applicable,Not Applicable,Not Applicable,Not Applicable,No,0.0,Not Applicable,No,Not Applicable,Yes,Yes,No,No,No,0.0,858.0,,0.0,0.879,Web,MobileWebView,40,Dark,-0.77877,481.0,28.0,12.0,Yes,249.0,Active,Not Applicable,30.0,Yes,No,3.0,3.0,0.0,0.0,1.0,Yes,No,0.0,3.0,Yes,Yes,Yes,No,No,Yes,,High,7.0,5.0,Invalid Claim
CLM00166,Refrigerator,Side-by-Side,Power,Main Unit,ZenCore,24.0,No,Power Failure,Accidental Damage,Not Applicable,Not Applicable,Not Applicable,Household,No,Not Applicable,Not Applicable,Not Applicable,Not Applicable,Not Applicable,Yes,Yes,Yes,Yes,Yes,Yes,Not Applicable,Not Applicable,Not Applicable,Not Applicable,Not Applicable,Not Applicable,,No,0.0,Not Applicable,No,Not Applicable,Yes,Yes,No,No,Yes,0.0,757.45,303.56,,,Service Center,Safari,34,System,-2.23403,500.0,7.0,24.0,Yes,231.0,Active,Not Applicable,30.0,Yes,No,3.0,3.0,0.0,0.0,1.0,Yes,No,0.0,3.0,Yes,Yes,Yes,No,No,Not Applicable,0.4007657271107003,Unknown,6.0,5.0,Invalid Claim
CLM00167,Laptop,Business Laptop,Device,Main Unit,Aster,24.0,No,Connectivity Issue,Normal Wear,No,No,Not Applicable,Not Applicable,Not Applicable,Not Applicable,Not Applicable,Not Applicable,Not Applicable,Not Applicable,Yes,Yes,No,Yes,Yes,No,Not Applicable,Not Applicable,Not Applicable,Not Applicable,Not Applicable,Not Applicable,Not Applicable,No,0.0,Not Applicable,No,Not Applicable,No,Yes,No,No,No,0.0,2179.03,923.86,0.0,0.576,Service Center,Safari,35,Dark,0.69215,461.0,3.0,24.0,Yes,270.0,Active,Not Applicable,30.0,Yes,No,3.0,2.0,1.0,0.0,0.6666666666666666,No,No,1.0,2.0,Yes,Yes,No,No,No,No,0.4239776414276077,Low,2.0,0.0,Invalid Claim
CLM00168,Laptop,2-in-1,Device,Main Unit,NovaTech,24.0,No,Connectivity Issue,Liquid Damage,No,Yes,Not Applicable,Not Applicable,Not Applicable,Not Applicable,Not Applicable,Not Applicable,Not Applicable,Not Applicable,Yes,,Yes,Yes,Yes,Yes,Not Applicable,Not Applicable,Not Applicable,Not Applicable,Not Applicable,Not Applicable,Yes,Yes,3.0,No,No,Not Applicable,Yes,Yes,No,No,No,0.0,2051.12,1024.61,510.51,0.842,Web,Edge,45,System,1.09251,440.0,7.0,24.0,Yes,291.0,Active,Not Applicable,30.0,Yes,No,4.0,4.0,0.0,0.0,1.0,Yes,No,0.0,4.0,Yes,Yes,Yes,Yes,No,Yes,0.4995368384102344,Medium,11.0,1.0,Invalid Claim
CLM00169,Television,LED,Sound,Display Panel,Aster,24.0,No,Audio Failure,Normal Wear,No,Not Applicable,Not Applicable,Not Applicable,Not Applicable,No,Not Applicable,Not Applicable,Not Applicable,Not Applicable,Yes,,Yes,Yes,Yes,Yes,Not Applicable,Not Applicable,Yes,Not Applicable,Not Applicable,Not Applicable,Not Applicable,No,0.0,Not Applicable,No,Not Applicable,Yes,Yes,No,No,No,1.0,2134.24,508.46,0.0,0.786,Web,Edge,5,System,0.15405,712.0,21.0,24.0,Yes,19.0,Nearing Expiry,Nearing Expiry,30.0,Yes,No,4.0,4.0,0.0,0.0,1.0,Yes,No,0.0,4.0,Yes,Yes,Yes,No,No,No,0.2382393732663618,Medium,4.0,2.0,Invalid Claim
CLM00170,Air Conditioner,Cassette,Both,Main Unit,HomePro,24.0,No,Cooling Failure,Physical Damage,Not Applicable,Not Applicable,Not Applicable,Not Applicable,No,Not Applicable,Not Applicable,No,Both,Not Applicable,Yes,Yes,Yes,Yes,No,Yes,Yes,Not Applicable,Not Applicable,Not Applicable,Not Applicable,Not Applicable,Not Applicable,No,0.0,Not Applicable,No,Not Applicable,Yes,Yes,No,No,No,0.0,1893.5,428.33,0.0,0.966,Service Center,MobileWebView,26,Dark,-1.1489,390.0,19.0,24.0,Yes,340.0,Active,Not Applicable,30.0,Yes,No,4.0,3.0,1.0,0.0,0.75,No,Yes,1.0,3.0,Yes,Yes,Yes,No,No,Not Applicable,0.2262107208872458,High,9.0,0.0,Invalid Claim
CLM00171,Printer,Inkjet,Power,Main Unit,NovaTech,12.0,Yes,Power Failure,Electrical Failure,Not Applicable,Not Applicable,Not Applicable,Not Applicable,No,Not Applicable,No,Not Applicable,Not Applicable,Original,Yes,Yes,No,No,Yes,Yes,Not Applicable,Not Applicable,Not Applicable,Not Applicable,Not Applicable,Yes,Not Applicable,No,0.0,Not Applicable,No,Not Applicable,Yes,Yes,Yes,No,No,2.0,1187.98,1127.0,0.0,0.973,Email,Safari,31,Dark,-1.15121,691.0,23.0,12.0,Yes,39.0,Active,Not Applicable,30.0,Yes,Yes,4.0,4.0,0.0,0.0,1.0,Yes,No,0.0,4.0,Yes,Yes,Yes,No,No,No,0.9486691695146384,High,1.0,0.0,Invalid Claim
CLM00172,Refrigerator,French Door,Water Leakage,Compressor,HomePro,120.0,No,Water Leakage,Manufacturing Defect,Not Applicable,Not Applicable,Not Applicable,Household,Unknown,Not Applicable,Not Applicable,Not Applicable,Not Applicable,Not Applicable,Yes,Yes,No,Yes,Yes,Yes,Not Applicable,Not Applicable,Not Applicable,Yes,Not Applicable,Not Applicable,Not Applicable,No,0.0,Not Applicable,No,Not Applicable,Yes,Yes,No,No,Yes,1.0,2810.76,1796.95,0.0,0.869,Service Center,Edge,23,Dark,-1.01977,3609.0,3.0,120.0,Yes,43.0,Active,Active,30.0,Yes,Yes,4.0,4.0,0.0,0.0,1.0,Yes,No,0.0,4.0,Yes,Yes,Yes,No,No,Not Applicable,0.6393110760079124,High,5.0,1.0,Manual Review
CLM00173,Television,LED,Power,Main Unit,HomePro,24.0,No,Power Failure,Internal Component Failure,No,Not Applicable,Not Applicable,Not Applicable,Not Applicable,Yes,Not Applicable,Not Applicable,Not Applicable,Not Applicable,Yes,Yes,Yes,Yes,Yes,Yes,Not Applicable,Not Applicable,Not Applicable,Not Applicable,Not Applicable,Not Applicable,,No,0.0,Not Applicable,No,Not Applicable,No,Yes,No,No,No,1.0,1735.63,615.33,0.0,0.754,Web,MobileWebView,21,Dark,-1.37708,671.0,14.0,24.0,Yes,60.0,Active,Not Applicable,30.0,Yes,Yes,3.0,3.0,0.0,0.0,1.0,Yes,No,0.0,3.0,Yes,Yes,No,No,No,No,0.3545283268899477,Medium,1.0,4.0,Invalid Claim
CLM00174,Smartphone,Foldable Smartphone,Phone,Main Unit,NovaTech,12.0,Yes,Power Failure,Misuse,No,No,Not Applicable,Not Applicable,Not Applicable,Not Applicable,Not Applicable,Not Applicable,Not Applicable,Not Applicable,Yes,Yes,Yes,Yes,Yes,Yes,Not Applicable,Not Applicable,Not Applicable,Not Applicable,Not Applicable,Not Applicable,,Yes,3.0,No,No,Not Applicable,Yes,Yes,No,Yes,No,0.0,448.44,187.07,187.5,0.579,Web,MobileWebView,28,Light,-0.7803,438.0,15.0,12.0,Yes,293.0,Active,Not Applicable,30.0,Yes,No,4.0,3.0,0.0,1.0,0.75,Unknown,No,0.0,3.0,Yes,Yes,Yes,Yes,No,No,0.4171572562661671,Low,8.0,4.0,Invalid Claim
CLM00175,Smartphone,Rugged Smartphone,Phone,Main Unit,NovaTech,12.0,No,Power Failure,Electrical Failure,No,No,Not Applicable,Not Applicable,Not Applicable,Not Applicable,Not Applicable,Not Applicable,Not Applicable,Not Applicable,Yes,Yes,No,Yes,Yes,Yes,Not Applicable,Not Applicable,Not Applicable,Not Applicable,Not Applicable,Not Applicable,,No,0.0,Not Applicable,No,Not Applicable,Yes,Yes,No,No,No,0.0,704.02,249.71,0.0,,Email,MobileWebView,55,System,0.41723,204.0,4.0,12.0,Yes,162.0,Active,Not Applicable,30.0,Yes,Yes,3.0,3.0,0.0,0.0,1.0,Yes,No,0.0,3.0,Yes,Yes,Yes,No,No,No,0.3546916280787477,Unknown,5.0,2.0,Valid Claim
CLM00176,Television,Mini-LED,Not Sure,Main Unit,HomePro,24.0,Yes,Connectivity Issue,Electrical Failure,No,Not Applicable,Not Applicable,Not Applicable,Not Applicable,No,Not Applicable,Not Applicable,Not Applicable,Not Applicable,Yes,Yes,Yes,Yes,Yes,Yes,Not Applicable,Not Applicable,Not Applicable,Not Applicable,Not Applicable,Not Applicable,No,Yes,3.0,Unknown,No,Not Applicable,Yes,No,No,No,No,1.0,615.26,180.15,468.32,0.761,Web,MobileWebView,46,System,-0.49881,1407.0,3.0,24.0,Yes,-312.0,Expired,Not Applicable,30.0,Yes,Yes,4.0,3.0,1.0,0.0,0.75,No,No,1.0,3.0,Yes,Yes,Yes,Yes,No,No,0.2928030426161297,Medium,1.0,6.0,Invalid Claim
CLM00177,Camera,Mirrorless,Camera Body,Camera Body,PrimeView,24.0,No,Lens Failure,Internal Component Failure,No,No,Not Applicable,Not Applicable,Not Applicable,Not Applicable,Not Applicable,Not Applicable,Not Applicable,Not Applicable,No,,No,Yes,Yes,Yes,Not Applicable,Not Applicable,Not Applicable,Not Applicable,Not Applicable,Not Applicable,Yes,Yes,1.0,No,No,Not Applicable,Yes,Yes,No,No,No,0.0,1593.76,544.12,77.16,0.847,Service Center,Firefox,36,System,-0.1479,483.0,6.0,24.0,Yes,248.0,Active,Not Applicable,30.0,Yes,Yes,4.0,3.0,0.0,1.0,0.75,Unknown,Unknown,0.0,3.0,No,Unknown,Yes,Yes,No,No,0.3414064852926413,Medium,1.0,1.0,Invalid Claim
CLM00178,Laptop,Business Laptop,Device,Main Unit,NovaTech,24.0,No,Connectivity Issue,Manufacturing Defect,No,No,Not Applicable,Not Applicable,Not Applicable,Not Applicable,Not Applicable,Not Applicable,Not Applicable,Not Applicable,Yes,Yes,No,Yes,Yes,Yes,Not Applicable,Not Applicable,Not Applicable,Not Applicable,Not Applicable,Not Applicable,,No,0.0,Not Applicable,No,Not Applicable,Yes,Yes,No,Yes,No,1.0,1117.2,660.36,0.0,0.765,Service Center,Firefox,24,Light,-0.35564,541.0,3.0,24.0,Yes,190.0,Active,Not Applicable,30.0,Yes,Yes,3.0,3.0,0.0,0.0,1.0,Yes,No,0.0,3.0,Yes,Yes,Yes,No,No,No,0.5910848549946294,Medium,3.0,5.0,Valid Claim
CLM00179,Refrigerator,Single Door,Noise,Main Unit,HomePro,24.0,No,Noise,Electrical Failure,Not Applicable,Not Applicable,Not Applicable,Household,No,Not Applicable,Not Applicable,Not Applicable,Not Applicable,Not Applicable,Yes,Yes,Yes,Yes,No,Yes,Not Applicable,Not Applicable,Not Applicable,Not Applicable,Not Applicable,Not Applicable,Not Applicable,No,0.0,Not Applicable,No,Not Applicable,Yes,Yes,No,No,No,1.0,2489.83,2282.1,0.0,0.835,Mobile App,Firefox,44,System,0.88017,382.0,5.0,24.0,Yes,348.0,Active,Not Applicable,30.0,Yes,Yes,3.0,2.0,1.0,0.0,0.6666666666666666,No,Yes,1.0,2.0,Yes,Yes,Yes,No,No,Not Applicable,0.9165686010691492,Medium,2.0,1.0,Manual Review
CLM00180,Television,QLED,Connection,Main Unit,HomePro,24.0,No,Connectivity Issue,Electrical Failure,Unknown,Not Applicable,Not Applicable,Not Applicable,Not Applicable,No,Not Applicable,Not Applicable,Not Applicable,Not Applicable,Yes,Yes,Yes,Yes,Yes,Yes,Not Applicable,Not Applicable,Not Applicable,Not Applicable,Not Applicable,Not Applicable,No,Yes,1.0,Yes,No,Not Applicable,Yes,Yes,No,No,No,0.0,2162.5,771.09,224.35,0.621,Web,Safari,43,Dark,-0.15051,714.0,14.0,24.0,Yes,17.0,Nearing Expiry,Not Applicable,30.0,Yes,Yes,4.0,3.0,1.0,0.0,0.75,No,No,1.0,3.0,Yes,Yes,Yes,Yes,No,Unknown,0.3565734104046243,Low,6.0,1.0,Manual Review
CLM00181,Laptop,2-in-1,Charger,Power Adapter,Aster,12.0,No,Overheating,Electrical Failure,No,No,Not Applicable,Not Applicable,Not Applicable,Not Applicable,Not Applicable,Not Applicable,Not Applicable,Not Applicable,Yes,Yes,No,Yes,Yes,Yes,Not Applicable,Not Applicable,Not Applicable,Not Applicable,Not Applicable,Not Applicable,Not Applicable,No,0.0,Not Applicable,No,Not Applicable,Yes,Yes,No,No,No,1.0,1025.13,593.68,0.0,0.835,Service Center,Firefox,55,System,-0.0251,273.0,12.0,12.0,Yes,92.0,Active,Active,30.0,Yes,Yes,3.0,3.0,0.0,0.0,1.0,Yes,No,0.0,3.0,Yes,Yes,Yes,No,No,No,0.5791265498034395,Medium,6.0,1.0,Valid Claim
CLM00182,Laptop,2-in-1,Battery,Battery,ZenCore,12.0,No,Display Failure,Internal Component Failure,No,No,Unknown,Not Applicable,Not Applicable,Not Applicable,Not Applicable,Not Applicable,Not Applicable,Not Applicable,Yes,Yes,Yes,Yes,Yes,Yes,Not Applicable,Yes,Not Applicable,Not Applicable,Not Applicable,Not Applicable,Not Applicable,No,0.0,Not Applicable,No,Not Applicable,No,Yes,No,No,No,2.0,2318.55,1183.6,0.0,0.968,Mobile App,Firefox,8,Light,1.55447,146.0,5.0,12.0,Yes,219.0,Active,Active,30.0,Yes,Yes,4.0,4.0,0.0,0.0,1.0,Yes,No,0.0,4.0,Yes,Yes,No,No,No,No,0.510491470962455,High,8.0,5.0,Invalid Claim
CLM00183,Washing Machine,Front Load,Not Sure,Main Unit,ZenCore,24.0,No,Power Failure,Electrical Failure,Not Applicable,Not Applicable,Not Applicable,Household,No,Not Applicable,No,Not Applicable,Not Applicable,Not Applicable,Yes,Yes,Yes,Yes,Yes,Yes,Not Applicable,Not Applicable,Not Applicable,Not Applicable,Not Applicable,Not Applicable,Not Applicable,No,0.0,Not Applicable,No,Not Applicable,Yes,Yes,No,No,No,1.0,1161.92,737.72,0.0,0.746,Email,Firefox,40,Dark,0.79901,399.0,14.0,24.0,Yes,331.0,Active,Not Applicable,30.0,Yes,Yes,3.0,3.0,0.0,0.0,1.0,Yes,No,0.0,3.0,Yes,Yes,Yes,No,No,No,0.634914624070504,Medium,8.0,5.0,Valid Claim
CLM00184,Television,OLED,Remote Control,Remote Control,Aster,6.0,No,Connectivity Issue,Physical Damage,No,Not Applicable,Not Applicable,Not Applicable,Not Applicable,Yes,Not Applicable,Not Applicable,Not Applicable,Not Applicable,Yes,No,No,Yes,Yes,No,Not Applicable,Not Applicable,Not Applicable,Not Applicable,Not Applicable,Not Applicable,Not Applicable,No,0.0,Not Applicable,No,Not Applicable,Yes,Yes,No,No,No,0.0,2553.22,1662.77,0.0,0.481,Mobile App,MobileWebView,16,System,1.24846,114.0,24.0,6.0,Yes,67.0,Active,Active,30.0,Yes,No,3.0,2.0,1.0,0.0,0.6666666666666666,No,No,1.0,2.0,Yes,Yes,Yes,No,No,No,0.6512443111051927,Low,1.0,2.0,Invalid Claim
CLM00185,Washing Machine,Front Load,Water Leakage,Main Unit,PrimeView,24.0,Yes,Water Leakage,Manufacturing Defect,Not Applicable,Not Applicable,Not Applicable,Household,Yes,Not Applicable,No,Not Applicable,Not Applicable,Not Applicable,Yes,No,Yes,Yes,Yes,Yes,Not Applicable,Not Applicable,Not Applicable,Not Applicable,Not Applicable,Not Applicable,Yes,Yes,3.0,Yes,No,Not Applicable,Yes,Yes,No,No,No,1.0,1368.76,1172.94,576.58,0.72,Service Center,Safari,20,Light,0.38577,968.0,8.0,24.0,Yes,128.0,Active,Not Applicable,30.0,Yes,Yes,4.0,4.0,0.0,0.0,1.0,Yes,No,0.0,4.0,Yes,Yes,Yes,Yes,No,No,0.8569362050322921,Medium,1.0,1.0,Valid Claim
CLM00186,Refrigerator,Single Door,Noise,Main Unit,ZenCore,24.0,No,Noise,Misuse,Not Applicable,Not Applicable,Not Applicable,Other,Yes,Not Applicable,Not Applicable,Not Applicable,Not Applicable,Not Applicable,,No,Yes,Yes,Yes,Yes,Not Applicable,Not Applicable,Not Applicable,Not Applicable,Not Applicable,Not Applicable,No,Yes,2.0,Yes,No,Not Applicable,Yes,Yes,No,No,No,0.0,2620.84,1284.24,369.28,0.882,Mobile App,Edge,38,Dark,-0.76653,606.0,50.0,24.0,Yes,125.0,Active,Not Applicable,30.0,No,No,4.0,3.0,1.0,0.0,0.75,No,No,1.0,3.0,,Yes,Yes,Yes,No,Not Applicable,0.4900108362204484,High,10.0,6.0,Invalid Claim
CLM00187,Television,LED,Sound,Display Panel,PrimeView,24.0,No,Audio Failure,Water Damage,Yes,Not Applicable,Not Applicable,Not Applicable,Not Applicable,Unknown,Not Applicable,Not Applicable,Not Applicable,Not Applicable,Yes,No,No,Yes,Yes,Yes,Not Applicable,Not Applicable,Yes,Not Applicable,Not Applicable,Not Applicable,No,Yes,2.0,Yes,No,Not Applicable,Yes,Yes,No,No,No,1.0,2223.03,1448.92,444.65,0.958,Web,Safari,23,Light,0.84796,685.0,40.0,24.0,Yes,46.0,Active,Active,30.0,No,No,5.0,4.0,1.0,0.0,0.8,No,No,1.0,4.0,Yes,Yes,Yes,Yes,No,Yes,0.651777079031772,High,10.0,1.0,Invalid Claim
CLM00188,Smartphone,Rugged Smartphone,Phone,Main Unit,Aster,12.0,No,Power Failure,Manufacturing Defect,No,No,Not Applicable,Not Applicable,Not Applicable,Not Applicable,Not Applicable,Not Applicable,Not Applicable,Not Applicable,Yes,Yes,No,Yes,Yes,Yes,Not Applicable,Not Applicable,Not Applicable,Not Applicable,Not Applicable,Not Applicable,Not Applicable,No,0.0,Not Applicable,No,Not Applicable,Yes,Yes,No,No,No,3.0,1406.04,,0.0,0.797,Service Center,Safari,8,Light,-1.02548,371.0,6.0,12.0,Yes,-6.0,Expired,Not Applicable,30.0,Yes,Yes,3.0,3.0,0.0,0.0,1.0,Yes,No,0.0,3.0,Yes,Yes,Yes,No,No,No,,Medium,3.0,6.0,Invalid Claim
CLM00189,Refrigerator,French Door,Water Leakage,Main Unit,ZenCore,24.0,Yes,Water Leakage,Internal Component Failure,Not Applicable,Not Applicable,Not Applicable,Household,No,Not Applicable,Not Applicable,Not Applicable,Not Applicable,Not Applicable,Yes,Yes,No,No,No,Yes,Not Applicable,Not Applicable,Not Applicable,Not Applicable,Not Applicable,Not Applicable,,No,0.0,Not Applicable,Yes,Yes,Yes,Yes,No,No,No,0.0,2192.01,280.83,0.0,0.532,Web,Edge,19,System,0.69422,1072.0,5.0,24.0,Yes,24.0,Nearing Expiry,Not Applicable,30.0,Yes,Yes,3.0,2.0,1.0,0.0,0.6666666666666666,No,Yes,1.0,2.0,Yes,Yes,Yes,No,Yes,Not Applicable,0.1281152914448382,Low,9.0,1.0,Manual Review
CLM00190,Laptop,Consumer Laptop,Device,Main Unit,Aster,24.0,No,Connectivity Issue,Internal Component Failure,No,No,Not Applicable,Not Applicable,Not Applicable,Not Applicable,Not Applicable,Not Applicable,Not Applicable,Not Applicable,Yes,No,No,Yes,Yes,No,Not Applicable,Not Applicable,Not Applicable,Not Applicable,Not Applicable,Not Applicable,Not Applicable,No,0.0,Not Applicable,No,Not Applicable,Yes,Yes,No,No,No,1.0,709.52,113.79,0.0,0.952,Service Center,MobileWebView,16,Dark,0.09114,691.0,8.0,24.0,Yes,39.0,Active,Not Applicable,30.0,Yes,Yes,3.0,2.0,1.0,0.0,0.6666666666666666,No,No,1.0,2.0,Yes,Yes,Yes,No,No,No,0.1603760288645845,High,4.0,0.0,Manual Review
CLM00191,Refrigerator,Single Door,Not Sure,Main Unit,Aster,24.0,No,Cooling Failure,Manufacturing Defect,Not Applicable,Not Applicable,Not Applicable,Household,No,Not Applicable,Not Applicable,Not Applicable,Not Applicable,Not Applicable,Yes,Yes,No,Yes,Yes,Yes,Not Applicable,Not Applicable,Not Applicable,Not Applicable,Not Applicable,Not Applicable,Not Applicable,No,0.0,Not Applicable,No,Not Applicable,Yes,Yes,Yes,No,No,1.0,1219.08,287.21,0.0,0.855,Web,Firefox,45,Dark,0.59702,716.0,19.0,24.0,Yes,15.0,Nearing Expiry,Not Applicable,30.0,Yes,Yes,3.0,3.0,0.0,0.0,1.0,Yes,No,0.0,3.0,Yes,Yes,Yes,No,No,Not Applicable,0.2355956951143485,High,12.0,0.0,Invalid Claim
CLM00192,Refrigerator,French Door,Other,Main Unit,Aster,24.0,No,Mechanical Failure,Internal Component Failure,Not Applicable,Not Applicable,Not Applicable,Business,No,Not Applicable,Not Applicable,Not Applicable,Not Applicable,Not Applicable,Yes,Yes,No,Yes,Yes,Yes,Not Applicable,Not Applicable,Not Applicable,Not Applicable,Not Applicable,Not Applicable,Not Applicable,No,0.0,Not Applicable,No,Not Applicable,Yes,Yes,No,No,No,0.0,751.29,704.88,0.0,0.741,Web,Chrome,33,System,0.47025,729.0,4.0,24.0,Yes,2.0,Nearing Expiry,Not Applicable,30.0,Yes,Yes,3.0,3.0,0.0,0.0,1.0,Yes,No,0.0,3.0,Yes,Yes,Yes,No,No,Not Applicable,0.9382262508485404,Medium,12.0,2.0,Valid Claim
CLM00193,Washing Machine,Top Load,Washing,Main Unit,PrimeView,24.0,No,Mechanical Failure,Manufacturing Defect,Not Applicable,Not Applicable,Not Applicable,Business,No,Not Applicable,No,Not Applicable,Not Applicable,Not Applicable,Yes,Yes,Yes,Yes,No,No,Not Applicable,Not Applicable,Not Applicable,Not Applicable,Not Applicable,Not Applicable,Not Applicable,No,0.0,Not Applicable,No,Not Applicable,Yes,Yes,No,No,No,1.0,1159.28,333.7,0.0,0.736,Web,Chrome,24,Dark,-0.67577,658.0,15.0,24.0,Yes,73.0,Active,Not Applicable,30.0,Yes,Yes,3.0,1.0,2.0,0.0,0.3333333333333333,No,Yes,2.0,1.0,Yes,Yes,Yes,No,No,No,0.2878510799806776,Medium,11.0,3.0,Manual Review
CLM00194,Refrigerator,Single Door,Noise,Main Unit,ZenCore,24.0,No,Noise,Manufacturing Defect,Not Applicable,Not Applicable,Not Applicable,Household,No,Not Applicable,Not Applicable,Not Applicable,Not Applicable,Not Applicable,Yes,Yes,Yes,Yes,Yes,Yes,Not Applicable,Not Applicable,Not Applicable,Not Applicable,Not Applicable,Not Applicable,Yes,Yes,1.0,Yes,No,Not Applicable,Yes,Yes,No,No,No,0.0,786.98,205.86,239.33,0.946,Mobile App,Edge,59,Light,-0.09011,422.0,25.0,24.0,Yes,308.0,Active,Not Applicable,30.0,Yes,Yes,4.0,4.0,0.0,0.0,1.0,Yes,No,0.0,4.0,Yes,Yes,Yes,Yes,No,Not Applicable,0.2615822511372589,High,6.0,0.0,Valid Claim
CLM00195,Washing Machine,Washer Dryer,Water Leakage,Main Unit,PrimeView,24.0,No,Water Leakage,Manufacturing Defect,Not Applicable,Not Applicable,Not Applicable,Household,Yes,Not Applicable,Unknown,Not Applicable,Not Applicable,Not Applicable,Yes,Yes,Yes,Yes,Yes,Yes,Not Applicable,Not Applicable,Not Applicable,Not Applicable,Not Applicable,Not Applicable,Not Applicable,No,0.0,Not Applicable,No,Not Applicable,Yes,Yes,No,No,No,0.0,1749.31,387.17,0.0,0.797,Mobile App,Safari,14,Dark,1.01646,585.0,8.0,24.0,Yes,146.0,Active,Not Applicable,30.0,Yes,Yes,3.0,3.0,0.0,0.0,1.0,Yes,No,0.0,3.0,Yes,Yes,Yes,No,No,Unknown,0.2213272661792364,Medium,4.0,1.0,Valid Claim
CLM00196,Printer,Thermal,Power,Main Unit,HomePro,12.0,No,Power Failure,Consumable Depletion,Not Applicable,Not Applicable,Not Applicable,Not Applicable,No,Not Applicable,No,Not Applicable,Not Applicable,Compatible,Yes,Yes,Yes,No,Yes,Yes,Not Applicable,Not Applicable,Not Applicable,Not Applicable,Not Applicable,Yes,Not Applicable,No,0.0,Not Applicable,No,Not Applicable,Yes,Yes,No,Yes,No,0.0,125.02,79.54,0.0,0.857,Web,Chrome,8,Light,-0.49178,331.0,21.0,12.0,Yes,34.0,Active,Not Applicable,30.0,Yes,No,4.0,4.0,0.0,0.0,1.0,Yes,No,0.0,4.0,Yes,Yes,Yes,No,No,No,0.6362182050871861,High,1.0,5.0,Invalid Claim
CLM00197,Television,Mini-LED,Remote Control,Remote Control,Aster,6.0,No,Audio Failure,Electrical Failure,No,Not Applicable,Not Applicable,Not Applicable,Not Applicable,Yes,Not Applicable,Not Applicable,Not Applicable,Not Applicable,Yes,Yes,Yes,Yes,Yes,Yes,Not Applicable,Not Applicable,Not Applicable,Not Applicable,Not Applicable,Not Applicable,Yes,Yes,3.0,No,No,Not Applicable,Yes,Yes,No,No,No,0.0,1350.83,411.0,415.2,0.74,Mobile App,MobileWebView,34,System,-1.11439,69.0,14.0,6.0,Yes,112.0,Active,Active,30.0,Yes,Yes,4.0,4.0,0.0,0.0,1.0,Yes,No,0.0,4.0,Yes,Yes,Yes,Yes,No,No,0.3042573824981678,Medium,2.0,4.0,Invalid Claim
CLM00198,Smartphone,Rugged Smartphone,Phone,Main Unit,Aster,12.0,No,Power Failure,Electrical Failure,No,No,Not Applicable,Not Applicable,Not Applicable,Not Applicable,Not Applicable,Not Applicable,Not Applicable,Not Applicable,Yes,No,No,Yes,,,Not Applicable,Not Applicable,Not Applicable,Not Applicable,Not Applicable,Not Applicable,Not Applicable,No,0.0,Not Applicable,No,Not Applicable,Unknown,Yes,No,No,No,0.0,1079.09,389.22,0.0,0.883,Web,MobileWebView,4,Dark,-1.05962,366.0,17.0,12.0,Yes,0.0,Nearing Expiry,Not Applicable,30.0,Yes,Yes,3.0,1.0,0.0,2.0,0.3333333333333333,Unknown,Unknown,0.0,1.0,Yes,Yes,Unknown,No,No,No,0.3606928059754052,High,3.0,2.0,Manual Review
CLM00199,Smartphone,Standard Smartphone,Phone,Main Unit,Aster,12.0,No,Connectivity Issue,Manufacturing Defect,No,No,Not Applicable,Not Applicable,Not Applicable,Not Applicable,Not Applicable,Not Applicable,Not Applicable,Not Applicable,Yes,Yes,Yes,Yes,Yes,Yes,Not Applicable,Not Applicable,Not Applicable,Not Applicable,Not Applicable,Not Applicable,Not Applicable,No,0.0,Not Applicable,No,Not Applicable,Yes,Yes,No,No,No,0.0,721.51,,0.0,0.933,Email,Chrome,19,Light,0.11719,258.0,16.0,12.0,Yes,107.0,Active,Not Applicable,30.0,Yes,Yes,3.0,3.0,0.0,0.0,1.0,Yes,No,0.0,3.0,Yes,Yes,Yes,No,No,No,,High,3.0,0.0,Valid Claim
CLM00200,Printer,Laser,Paper Feed,Main Unit,PrimeView,12.0,Yes,Paper Feed Failure,Manufacturing Defect,Not Applicable,Not Applicable,Not Applicable,Not Applicable,No,Not Applicable,No,Not Applicable,Not Applicable,Unknown,Yes,Yes,No,Yes,Yes,No,Not Applicable,Not Applicable,Not Applicable,Not Applicable,Not Applicable,No,Not Applicable,No,0.0,Not Applicable,Yes,Yes,Yes,Yes,No,No,No,1.0,1193.23,129.65,0.0,0.971,Service Center,Firefox,22,Light,1.14912,726.0,19.0,12.0,Yes,4.0,Nearing Expiry,Not Applicable,30.0,Yes,Yes,4.0,2.0,2.0,0.0,0.5,No,No,2.0,2.0,Yes,Yes,Yes,No,Yes,No,0.1086546600403945,High,7.0,1.0,Manual Review
CLM00201,Air Conditioner,Portable,Both,Main Unit,ZenCore,24.0,No,Power Failure,Manufacturing Defect,Not Applicable,Not Applicable,Not Applicable,Not Applicable,No,Not Applicable,Not Applicable,No,Both,Not Applicable,Yes,Yes,Yes,Yes,Yes,Yes,No,Not Applicable,Not Applicable,Not Applicable,Not Applicable,Not Applicable,Not Applicable,No,0.0,Not Applicable,No,Not Applicable,Unknown,Yes,No,Yes,No,999.0,567.26,349.94,0.0,0.993,Web,MobileWebView,48,Dark,-0.90178,907.0,14.0,24.0,Yes,-177.0,Expired,Not Applicable,30.0,Yes,Yes,4.0,3.0,1.0,0.0,0.75,No,Yes,1.0,3.0,Yes,Yes,Unknown,No,No,Not Applicable,0.6168952508549871,High,1.0,4.0,Invalid Claim
CLM00202,Camera,DSLR,Battery,Battery,Aster,6.0,No,Connectivity Issue,Manufacturing Defect,No,No,Yes,Not Applicable,Not Applicable,Not Applicable,Not Applicable,Not Applicable,Not Applicable,Not Applicable,No,No,No,Yes,Yes,No,Not Applicable,Not Applicable,Not Applicable,Not Applicable,Not Applicable,Not Applicable,Yes,Yes,3.0,Yes,No,Not Applicable,Yes,Yes,No,No,No,1.0,2609.32,1442.22,367.7,0.771,Web,MobileWebView,33,System,0.49642,127.0,5.0,6.0,Yes,57.0,Active,Active,30.0,Yes,Yes,4.0,2.0,2.0,0.0,0.5,No,Yes,2.0,2.0,No,No,Yes,Yes,No,No,0.552718715987307,Medium,10.0,4.0,Manual Review
CLM00203,Television,LED,Picture,Main Unit,Aster,24.0,No,Display Failure,Manufacturing Defect,No,Not Applicable,Not Applicable,Not Applicable,Not Applicable,No,Not Applicable,Not Applicable,Not Applicable,Not Applicable,Yes,No,Yes,Yes,Yes,Yes,Not Applicable,Not Applicable,Not Applicable,Not Applicable,Not Applicable,Not Applicable,Not Applicable,No,0.0,Not Applicable,No,Not Applicable,Yes,Yes,No,No,No,2.0,1238.21,556.43,0.0,0.543,Mobile App,Safari,14,Light,0.85324,609.0,12.0,24.0,Yes,122.0,Active,Not Applicable,30.0,Yes,Yes,3.0,3.0,0.0,0.0,1.0,Yes,No,0.0,3.0,Yes,Yes,Yes,No,No,No,0.4493825764611818,Low,12.0,5.0,Manual Review
CLM00204,Air Conditioner,Portable,Both,Main Unit,Aster,24.0,No,Water Leakage,Manufacturing Defect,Not Applicable,Not Applicable,Not Applicable,Not Applicable,Yes,Not Applicable,Not Applicable,Unknown,Both,Not Applicable,Yes,No,No,Yes,Yes,Yes,Yes,Not Applicable,Not Applicable,Not Applicable,Not Applicable,Not Applicable,Not Applicable,No,0.0,Not Applicable,No,Not Applicable,Unknown,No,No,No,No,1.0,2710.25,1147.8,0.0,0.807,Email,Safari,34,Light,1.10352,592.0,0.0,24.0,Yes,139.0,Active,Not Applicable,30.0,Yes,Yes,4.0,4.0,0.0,0.0,1.0,Yes,No,0.0,4.0,Yes,Yes,Unknown,No,No,Not Applicable,0.4235033668480767,Medium,7.0,0.0,Manual Review
CLM00205,Camera,Action Camera,Camera Body,Camera Body,NovaTech,24.0,No,Power Failure,Electrical Failure,Yes,No,Not Applicable,Not Applicable,Not Applicable,Not Applicable,Not Applicable,Not Applicable,Not Applicable,Not Applicable,No,No,Yes,No,Yes,Yes,Not Applicable,Not Applicable,Not Applicable,Not Applicable,Not Applicable,Not Applicable,,Yes,1.0,Yes,No,Not Applicable,Yes,Yes,No,No,No,1.0,3128.81,1431.78,477.7,0.743,Mobile App,Firefox,39,Light,0.9025,572.0,15.0,24.0,Yes,159.0,Active,Not Applicable,30.0,Yes,Yes,4.0,3.0,0.0,1.0,0.75,Unknown,No,0.0,3.0,No,Yes,Yes,Yes,No,Yes,0.4576116798399391,Medium,4.0,5.0,Valid Claim
CLM00206,Laptop,Business Laptop,Device,Main Unit,NovaTech,24.0,No,Connectivity Issue,Manufacturing Defect,No,No,Not Applicable,Not Applicable,Not Applicable,Not Applicable,Not Applicable,Not Applicable,Not Applicable,Not Applicable,Yes,Yes,Yes,Yes,Yes,Yes,Not Applicable,Not Applicable,Not Applicable,Not Applicable,Not Applicable,Not Applicable,Not Applicable,No,0.0,Not Applicable,No,Not Applicable,Yes,Yes,No,No,No,0.0,896.46,197.11,0.0,0.917,Mobile App,MobileWebView,53,System,-1.49369,1000.0,7.0,24.0,Yes,-270.0,Expired,Not Applicable,30.0,Yes,Yes,3.0,3.0,0.0,0.0,1.0,Yes,No,0.0,3.0,Yes,Yes,Yes,No,No,No,0.2198759565401691,High,10.0,1.0,Invalid Claim
CLM00207,Camera,Compact,Camera Body,Camera Body,PrimeView,24.0,No,Connectivity Issue,Internal Component Failure,No,No,Not Applicable,Not Applicable,Not Applicable,Not Applicable,Not Applicable,Not Applicable,Not Applicable,Not Applicable,Yes,Yes,Yes,Yes,Yes,No,Not Applicable,Not Applicable,Not Applicable,Not Applicable,Not Applicable,Not Applicable,Not Applicable,No,0.0,Not Applicable,No,Not Applicable,Yes,Yes,No,No,No,3.0,3018.01,,0.0,0.887,Mobile App,Edge,25,Light,0.02772,714.0,23.0,24.0,Yes,17.0,Nearing Expiry,Not Applicable,30.0,Yes,Yes,3.0,2.0,1.0,0.0,0.6666666666666666,No,No,1.0,2.0,Yes,Yes,Yes,No,No,No,,High,7.0,0.0,Manual Review
CLM00208,Television,Mini-LED,Power,Main Unit,PrimeView,24.0,No,Power Failure,Electrical Failure,No,Not Applicable,Not Applicable,Not Applicable,Not Applicable,No,Not Applicable,Not Applicable,Not Applicable,Not Applicable,Yes,Yes,No,Yes,Yes,,Not Applicable,Not Applicable,Not Applicable,Not Applicable,Not Applicable,Not Applicable,Not Applicable,No,0.0,Not Applicable,No,Not Applicable,Yes,Yes,No,No,No,1.0,696.48,125.8,0.0,0.855,Web,MobileWebView,53,System,-0.31242,488.0,16.0,24.0,Yes,242.0,Active,Not Applicable,30.0,Yes,Yes,3.0,2.0,0.0,1.0,0.6666666666666666,Unknown,No,0.0,2.0,Yes,Yes,Yes,No,No,No,0.180622559154606,High,8.0,1.0,Valid Claim
CLM00209,Washing Machine,Washer Dryer,Spinning,Main Unit,ZenCore,24.0,Yes,Mechanical Failure,Manufacturing Defect,Not Applicable,Not Applicable,Not Applicable,Household,No,Not Applicable,No,Not Applicable,Not Applicable,Not Applicable,Yes,Yes,Yes,Yes,Yes,No,Not Applicable,Not Applicable,Not Applicable,Not Applicable,Not Applicable,Not Applicable,,No,0.0,Not Applicable,No,Not Applicable,Yes,Yes,No,No,No,1.0,821.13,383.37,0.0,0.839,Email,MobileWebView,45,Light,-0.66844,809.0,13.0,24.0,Yes,286.0,Active,Not Applicable,30.0,Yes,Yes,3.0,2.0,1.0,0.0,0.6666666666666666,No,No,1.0,2.0,Yes,Yes,Yes,No,No,No,0.4668810054437178,Medium,6.0,0.0,Manual Review
CLM00210,Smartphone,Rugged Smartphone,Not Sure,Main Unit,PrimeView,12.0,No,Battery Problem,Electrical Failure,No,No,Yes,Not Applicable,Not Applicable,Not Applicable,Not Applicable,Not Applicable,Not Applicable,Not Applicable,Yes,Yes,No,Yes,Yes,,Not Applicable,Not Applicable,Not Applicable,Not Applicable,Not Applicable,Not Applicable,Not Applicable,No,0.0,Not Applicable,No,Not Applicable,Yes,Yes,No,No,No,1.0,1040.39,309.62,0.0,0.905,Email,MobileWebView,40,Light,-1.31306,343.0,26.0,12.0,Yes,22.0,Nearing Expiry,Not Applicable,30.0,Yes,Yes,3.0,2.0,0.0,1.0,0.6666666666666666,Unknown,No,0.0,2.0,Yes,Yes,Yes,No,No,No,0.2975999384846067,High,4.0,3.0,Manual Review
CLM00211,Washing Machine,Front Load,Water Supply or Drain,Main Unit,HomePro,24.0,Yes,Mechanical Failure,Internal Component Failure,Not Applicable,Not Applicable,Not Applicable,Household,No,Not Applicable,No,Not Applicable,Not Applicable,Not Applicable,Yes,Yes,Yes,Yes,Yes,Yes,Not Applicable,Not Applicable,Not Applicable,Not Applicable,Not Applicable,Not Applicable,Not Applicable,No,0.0,Not Applicable,No,Not Applicable,Yes,Yes,No,No,No,0.0,2178.27,1205.02,0.0,0.922,Web,Firefox,38,Light,2.30632,980.0,25.0,24.0,Yes,116.0,Active,Not Applicable,30.0,Yes,Yes,3.0,3.0,0.0,0.0,1.0,Yes,No,0.0,3.0,Yes,Yes,Yes,No,No,No,0.5532004756067889,High,5.0,2.0,Valid Claim
CLM00212,Washing Machine,Washer Dryer,Water Leakage,Main Unit,PrimeView,24.0,No,Water Leakage,Manufacturing Defect,Not Applicable,Not Applicable,Not Applicable,Household,No,Not Applicable,No,Not Applicable,Not Applicable,Not Applicable,No,Yes,Yes,Yes,Yes,,Not Applicable,Not Applicable,Not Applicable,Not Applicable,Not Applicable,Not Applicable,Yes,Yes,2.0,Yes,No,Not Applicable,Yes,Yes,No,No,No,1.0,1985.66,1006.7,,,Web,Chrome,28,System,0.1764,595.0,3.0,24.0,Yes,135.0,Active,Not Applicable,30.0,Yes,Yes,4.0,3.0,0.0,1.0,0.75,Unknown,No,0.0,3.0,No,Yes,Yes,Yes,No,No,0.5069850830454358,Unknown,3.0,1.0,Manual Review
CLM00213,Television,LED,Remote Control,Remote Control,HomePro,6.0,No,Display Failure,Electrical Failure,No,Not Applicable,Not Applicable,Not Applicable,Not Applicable,No,Not Applicable,Not Applicable,Not Applicable,Not Applicable,Yes,Yes,Yes,Yes,Yes,Yes,Not Applicable,Not Applicable,Not Applicable,Not Applicable,Not Applicable,Not Applicable,Not Applicable,No,0.0,Not Applicable,No,Not Applicable,Yes,Yes,No,No,No,3.0,935.36,555.77,0.0,0.871,Web,Safari,7,Dark,0.02135,82.0,16.0,6.0,Yes,101.0,Active,Active,30.0,Yes,Yes,3.0,3.0,0.0,0.0,1.0,Yes,No,0.0,3.0,Yes,Yes,Yes,No,No,No,0.5941776428327061,High,8.0,0.0,Valid Claim
CLM00214,Washing Machine,Top Load,Power,Main Unit,HomePro,24.0,No,Power Failure,Internal Component Failure,Not Applicable,Not Applicable,Not Applicable,Household,No,Not Applicable,No,Not Applicable,Not Applicable,Not Applicable,Yes,Yes,Yes,Yes,Yes,Yes,Not Applicable,Not Applicable,Not Applicable,Not Applicable,Not Applicable,Not Applicable,Not Applicable,No,0.0,Not Applicable,No,Not Applicable,Yes,Yes,No,No,No,1.0,1507.07,595.42,0.0,0.868,Mobile App,Safari,8,Dark,0.40358,585.0,22.0,24.0,Yes,146.0,Active,Not Applicable,30.0,Yes,Yes,3.0,3.0,0.0,0.0,1.0,Yes,No,0.0,3.0,Yes,Yes,Yes,No,No,No,0.3950845017152488,High,3.0,3.0,Valid Claim
CLM00215,Air Conditioner,Cassette,Both,Main Unit,Aster,24.0,No,Power Failure,Internal Component Failure,Not Applicable,Not Applicable,Not Applicable,Not Applicable,Yes,Not Applicable,Not Applicable,No,Both,Not Applicable,Yes,Yes,Yes,Yes,Yes,Yes,Yes,Not Applicable,Not Applicable,Not Applicable,Not Applicable,Not Applicable,Yes,Yes,3.0,Yes,No,Not Applicable,Yes,Yes,No,No,No,2.0,1981.31,1202.96,400.37,0.876,Mobile App,Firefox,6,Light,-0.5377,497.0,35.0,24.0,Yes,233.0,Active,Not Applicable,30.0,No,Yes,5.0,5.0,0.0,0.0,1.0,Yes,No,0.0,5.0,Yes,Yes,Yes,Yes,No,Not Applicable,0.607153852753986,High,9.0,0.0,Invalid Claim
CLM00216,Laptop,Business Laptop,Device,Main Unit,Aster,24.0,No,Display Failure,Manufacturing Defect,No,No,Not Applicable,Not Applicable,Not Applicable,Not Applicable,Not Applicable,Not Applicable,Not Applicable,Not Applicable,Yes,Yes,Yes,Yes,Yes,Yes,Not Applicable,Not Applicable,Not Applicable,Not Applicable,Not Applicable,Not Applicable,Not Applicable,No,0.0,Not Applicable,No,Not Applicable,Yes,Yes,No,No,No,0.0,1539.39,999999.0,0.0,0.905,Service Center,Edge,3,Light,1.12939,476.0,40.0,24.0,Yes,255.0,Active,Not Applicable,30.0,No,Yes,3.0,3.0,0.0,0.0,1.0,Yes,No,0.0,3.0,Yes,Yes,Yes,No,No,No,649.6073119872157,High,3.0,4.0,Invalid Claim
CLM00217,Air Conditioner,Portable,Indoor Unit,Main Unit,ZenCore,24.0,No,Power Failure,Misuse,Not Applicable,Not Applicable,Not Applicable,Not Applicable,No,Not Applicable,Not Applicable,No,Indoor Unit,Not Applicable,No,Yes,Yes,Yes,Yes,Yes,Yes,Not Applicable,Not Applicable,Not Applicable,Not Applicable,Not Applicable,Yes,Yes,1.0,Yes,No,Not Applicable,Yes,Yes,No,No,No,0.0,1840.69,210.08,608.66,0.817,Web,Safari,12,Dark,-0.24027,563.0,4.0,24.0,Yes,167.0,Active,Not Applicable,30.0,Yes,No,5.0,5.0,0.0,0.0,1.0,Yes,No,0.0,5.0,No,Yes,Yes,Yes,No,Not Applicable,0.1141311138757748,Medium,3.0,6.0,Invalid Claim
CLM00218,Television,OLED,Picture,Main Unit,Aster,24.0,No,Display Failure,Electrical Failure,No,Not Applicable,Not Applicable,Not Applicable,Not Applicable,Yes,Not Applicable,Not Applicable,Not Applicable,Not Applicable,Yes,Yes,No,Yes,No,Yes,Not Applicable,Not Applicable,Not Applicable,Not Applicable,Not Applicable,Not Applicable,Not Applicable,No,0.0,Not Applicable,Yes,Yes,Yes,Yes,Yes,No,No,2.0,1055.54,96.69,0.0,0.715,Web,Safari,30,Light,-0.21732,966.0,13.0,24.0,Yes,-235.0,Expired,Not Applicable,30.0,Yes,Yes,3.0,2.0,1.0,0.0,0.6666666666666666,No,Yes,1.0,2.0,Yes,Yes,Yes,No,Yes,No,0.0916024025617219,Medium,11.0,0.0,Invalid Claim
CLM00219,Smartphone,Rugged Smartphone,Phone,Main Unit,NovaTech,12.0,No,Display Failure,Manufacturing Defect,No,No,Not Applicable,Not Applicable,Not Applicable,Not Applicable,Not Applicable,Not Applicable,Not Applicable,Not Applicable,Yes,Yes,Yes,Yes,Yes,Yes,Not Applicable,Not Applicable,Not Applicable,Not Applicable,Not Applicable,Not Applicable,Not Applicable,No,0.0,Not Applicable,No,Not Applicable,Yes,Yes,No,No,No,1.0,493.74,294.86,0.0,0.524,Web,MobileWebView,22,System,-0.94051,363.0,7.0,12.0,Yes,2.0,Nearing Expiry,Not Applicable,30.0,Yes,Yes,3.0,3.0,0.0,0.0,1.0,Yes,No,0.0,3.0,Yes,Yes,Yes,No,No,No,0.5971969052537773,Low,2.0,1.0,Manual Review
CLM00220,Television,OLED,Picture,Main Unit,PrimeView,24.0,No,Display Failure,Electrical Failure,No,Not Applicable,Not Applicable,Not Applicable,Not Applicable,No,Not Applicable,Not Applicable,Not Applicable,Not Applicable,Yes,Yes,Yes,Yes,Yes,Yes,Not Applicable,Not Applicable,Not Applicable,Not Applicable,Not Applicable,Not Applicable,Not Applicable,No,0.0,Not Applicable,No,Not Applicable,Yes,Yes,No,No,No,1.0,2028.63,631.35,0.0,0.972,Email,Safari,32,Dark,-0.59645,854.0,17.0,24.0,Yes,-124.0,Expired,Not Applicable,30.0,Yes,Yes,3.0,3.0,0.0,0.0,1.0,Yes,No,0.0,3.0,Yes,Yes,Yes,No,No,No,0.3112198873131128,High,6.0,3.0,Invalid Claim
CLM00221,Washing Machine,Washer Dryer,Water Leakage,Main Unit,ZenCore,24.0,Yes,Water Leakage,Internal Component Failure,Not Applicable,Not Applicable,Not Applicable,Household,No,Not Applicable,No,Not Applicable,Not Applicable,Not Applicable,Yes,Yes,Yes,Yes,Yes,Yes,Not Applicable,Not Applicable,Not Applicable,Not Applicable,Not Applicable,Not Applicable,Not Applicable,No,0.0,Not Applicable,No,Not Applicable,Yes,Yes,No,No,No,0.0,2136.18,286.42,0.0,0.871,Service Center,Chrome,36,System,0.92728,740.0,11.0,24.0,Yes,355.0,Active,Not Applicable,30.0,Yes,Yes,3.0,3.0,0.0,0.0,1.0,Yes,No,0.0,3.0,Yes,Yes,Yes,No,No,No,0.1340804613843403,High,5.0,3.0,Valid Claim
CLM00222,Laptop,Business Laptop,Device,Main Unit,ZenCore,24.0,No,Power Failure,Electrical Failure,No,No,Not Applicable,Not Applicable,Not Applicable,Not Applicable,Not Applicable,Not Applicable,Not Applicable,Not Applicable,Yes,Yes,No,Yes,Yes,Yes,Not Applicable,Not Applicable,Not Applicable,Not Applicable,Not Applicable,Not Applicable,Not Applicable,No,0.0,Not Applicable,No,Not Applicable,Yes,Yes,No,No,No,1.0,1449.68,1071.18,0.0,0.689,Service Center,MobileWebView,8,System,0.67043,914.0,17.0,24.0,Yes,-184.0,Expired,Not Applicable,30.0,Yes,Yes,3.0,3.0,0.0,0.0,1.0,Yes,No,0.0,3.0,Yes,Yes,Yes,No,No,No,0.7389078969151813,Low,2.0,3.0,Invalid Claim
CLM00223,Printer,Laser,Paper Feed,Main Unit,HomePro,12.0,No,Paper Feed Failure,Electrical Failure,Not Applicable,Not Applicable,Not Applicable,Not Applicable,Yes,Not Applicable,Yes,Not Applicable,Not Applicable,Original,Yes,Yes,No,Yes,,Yes,Not Applicable,Not Applicable,Not Applicable,Not Applicable,Not Applicable,No,Not Applicable,No,0.0,Not Applicable,No,Not Applicable,Yes,Yes,No,No,No,0.0,301.18,147.21,0.0,0.961,Web,Edge,26,System,-0.30109,199.0,13.0,12.0,Yes,166.0,Active,Not Applicable,30.0,Yes,Yes,4.0,2.0,1.0,1.0,0.5,No,Unknown,1.0,2.0,Yes,Yes,Yes,No,No,Yes,0.4887774752639617,High,6.0,0.0,Manual Review
CLM00224,Washing Machine,Washer Dryer,Water Supply or Drain,Main Unit,ZenCore,24.0,No,Mechanical Failure,Accidental Damage,Not Applicable,Not Applicable,Not Applicable,Household,Yes,Not Applicable,No,Not Applicable,Not Applicable,Not Applicable,Yes,Yes,No,Yes,Yes,Yes,Not Applicable,Not Applicable,Not Applicable,Not Applicable,Not Applicable,Not Applicable,,No,0.0,Not Applicable,No,Not Applicable,Yes,Yes,No,No,No,0.0,1403.81,187.76,0.0,0.896,Web,Edge,20,Light,0.09745,461.0,9.0,24.0,Yes,269.0,Active,Not Applicable,30.0,Yes,No,3.0,3.0,0.0,0.0,1.0,Yes,No,0.0,3.0,Yes,Yes,Yes,No,No,No,0.1337502938431839,High,12.0,2.0,Invalid Claim
CLM00225,Laptop,Consumer Laptop,Device,Main Unit,ZenCore,24.0,No,Battery Problem,Electrical Failure,Unknown,No,Yes,Not Applicable,Not Applicable,Not Applicable,Not Applicable,Not Applicable,Not Applicable,Not Applicable,Yes,Yes,No,Yes,Yes,,Not Applicable,Not Applicable,Not Applicable,Not Applicable,Not Applicable,Not Applicable,Not Applicable,No,0.0,Not Applicable,No,Not Applicable,Yes,Yes,No,Yes,No,0.0,586.85,121.01,0.0,0.829,Mobile App,Edge,34,Light,1.03889,512.0,4.0,24.0,Yes,219.0,Active,Not Applicable,30.0,Yes,Yes,3.0,2.0,0.0,1.0,0.6666666666666666,Unknown,No,0.0,2.0,Yes,Yes,Yes,No,No,Unknown,0.2062026071398142,Medium,6.0,5.0,Valid Claim
CLM00226,Printer,Laser,Paper Feed,Main Unit,PrimeView,12.0,No,Paper Feed Failure,Internal Component Failure,Not Applicable,Not Applicable,Not Applicable,Not Applicable,No,Not Applicable,Unknown,Not Applicable,Not Applicable,Original,Yes,Yes,Yes,Yes,Yes,Yes,Not Applicable,Not Applicable,Not Applicable,Not Applicable,Not Applicable,No,Not Applicable,No,0.0,Not Applicable,No,Not Applicable,Yes,Yes,No,No,No,1.0,943.56,706.5,0.0,0.88,Mobile App,Safari,42,Dark,0.3681,158.0,29.0,12.0,Yes,207.0,Active,Not Applicable,30.0,Yes,Yes,4.0,3.0,1.0,0.0,0.75,No,No,1.0,3.0,Yes,Yes,Yes,No,No,Unknown,0.7487600152613507,High,8.0,3.0,Manual Review
CLM00227,Washing Machine,Front Load,Water Leakage,Main Unit,PrimeView,24.0,No,Water Leakage,Manufacturing Defect,Not Applicable,Not Applicable,Not Applicable,Household,Yes,Not Applicable,Yes,Not Applicable,Not Applicable,Not Applicable,Yes,,No,Yes,Yes,Yes,Not Applicable,Not Applicable,Not Applicable,Not Applicable,Not Applicable,Not Applicable,Not Applicable,No,0.0,Not Applicable,No,Not Applicable,Yes,Yes,No,No,No,0.0,1657.64,508.95,0.0,0.993,Web,Safari,12,System,-2.13411,696.0,7.0,24.0,Yes,35.0,Active,Not Applicable,30.0,Yes,Yes,3.0,3.0,0.0,0.0,1.0,Yes,No,0.0,3.0,Yes,Yes,Yes,No,No,Yes,0.3070328901329601,High,10.0,3.0,Valid Claim
CLM00228,Refrigerator,Single Door,Other,Main Unit,Aster,24.0,No,Mechanical Failure,Internal Component Failure,Not Applicable,Not Applicable,Not Applicable,Household,No,Not Applicable,Not Applicable,Not Applicable,Not Applicable,Not Applicable,Yes,Yes,No,Yes,Yes,Yes,Not Applicable,Not Applicable,Not Applicable,Not Applicable,Not Applicable,Not Applicable,Not Applicable,No,0.0,Not Applicable,No,Not Applicable,Yes,Yes,No,No,No,0.0,1652.89,849.81,0.0,0.904,Service Center,Firefox,11,Dark,-0.34146,556.0,1.0,24.0,Yes,174.0,Active,Not Applicable,30.0,Yes,Yes,3.0,3.0,0.0,0.0,1.0,Yes,No,0.0,3.0,Yes,Yes,Yes,No,No,Not Applicable,0.5141358469105627,High,6.0,5.0,Valid Claim
CLM00229,Television,LED,Power,Main Unit,HomePro,24.0,No,Power Failure,Manufacturing Defect,No,Not Applicable,Not Applicable,Not Applicable,Not Applicable,Yes,Not Applicable,Not Applicable,Not Applicable,Not Applicable,,Yes,Yes,Yes,Yes,Yes,Not Applicable,Not Applicable,Not Applicable,Not Applicable,Not Applicable,Not Applicable,Yes,Yes,1.0,Yes,No,Not Applicable,Yes,Yes,No,No,No,1.0,482.91,158.44,592.47,0.948,Service Center,Edge,10,System,0.78857,540.0,17.0,24.0,Yes,191.0,Active,Not Applicable,30.0,Yes,Yes,4.0,4.0,0.0,0.0,1.0,Yes,No,0.0,4.0,,Yes,Yes,Yes,No,No,0.3280942618707419,High,3.0,1.0,Valid Claim
CLM00230,Refrigerator,Side-by-Side,Power,Main Unit,HomePro,24.0,No,Power Failure,Electrical Failure,Not Applicable,Not Applicable,Not Applicable,Household,No,Not Applicable,Not Applicable,Not Applicable,Not Applicable,Not Applicable,Yes,,Yes,Yes,Yes,Yes,Not Applicable,Not Applicable,Not Applicable,Not Applicable,Not Applicable,Not Applicable,Yes,Yes,2.0,Yes,No,Not Applicable,Yes,Yes,No,No,No,0.0,1908.17,418.01,444.2,0.736,Mobile App,Safari,24,Dark,-1.66167,526.0,3.0,24.0,Yes,205.0,Active,Not Applicable,30.0,Yes,Yes,4.0,4.0,0.0,0.0,1.0,Yes,No,0.0,4.0,Yes,Yes,Yes,Yes,No,Not Applicable,0.2190632910065665,Medium,4.0,6.0,Valid Claim
CLM00231,Printer,Laser,Ink or Toner,Ink Or Toner,NovaTech,0.0,No,Power Failure,Internal Component Failure,Not Applicable,Not Applicable,Not Applicable,Not Applicable,Yes,Not Applicable,No,Not Applicable,Not Applicable,Original,Yes,No,Yes,Yes,Yes,No,Not Applicable,Not Applicable,Not Applicable,Not Applicable,Not Applicable,Yes,Not Applicable,No,0.0,Not Applicable,No,Not Applicable,Yes,Yes,No,No,No,0.0,521.04,431.37,0.0,0.941,Web,MobileWebView,59,Light,-0.43815,364.0,5.0,0.0,No,,Not Eligible,Not Eligible,30.0,Yes,No,4.0,3.0,1.0,0.0,0.75,No,No,1.0,3.0,Yes,Yes,Yes,No,No,No,0.8279018885306311,High,1.0,4.0,Invalid Claim
CLM00232,Television,LED,Picture,Main Unit,HomePro,24.0,No,Display Failure,Manufacturing Defect,No,Not Applicable,Not Applicable,Not Applicable,Not Applicable,No,Not Applicable,Not Applicable,Not Applicable,Not Applicable,No,Yes,Yes,Yes,Yes,,Not Applicable,Not Applicable,Not Applicable,Not Applicable,Not Applicable,Not Applicable,Not Applicable,No,0.0,Not Applicable,No,Not Applicable,Yes,Yes,No,No,No,1.0,745.65,390.1,0.0,0.96,Web,Chrome,37,Dark,-0.22442,507.0,12.0,24.0,Yes,223.0,Active,Not Applicable,30.0,Yes,Yes,3.0,2.0,0.0,1.0,0.6666666666666666,Unknown,No,0.0,2.0,No,Yes,Yes,No,No,No,0.5231677060282975,High,8.0,5.0,Valid Claim
CLM00233,Camera,Mirrorless,Camera Body,Camera Body,NovaTech,24.0,No,Battery Problem,Electrical Failure,No,No,Yes,Not Applicable,Not Applicable,Not Applicable,Not Applicable,Not Applicable,Not Applicable,Not Applicable,No,Yes,No,Yes,Yes,Yes,Not Applicable,Not Applicable,Not Applicable,Not Applicable,Not Applicable,Not Applicable,No,Yes,1.0,Yes,No,Not Applicable,Yes,Yes,No,No,No,0.0,2139.6,714.63,542.78,0.861,Web,Chrome,54,Dark,1.31165,469.0,11.0,24.0,Yes,261.0,Active,Not Applicable,30.0,Yes,Yes,4.0,3.0,1.0,0.0,0.75,No,No,1.0,3.0,No,Yes,Yes,Yes,No,No,0.3340016825574874,High,6.0,5.0,Manual Review
CLM00234,Smartphone,Rugged Smartphone,Phone,Main Unit,Aster,12.0,No,Connectivity Issue,Electrical Failure,No,Unknown,Not Applicable,Not Applicable,Not Applicable,Not Applicable,Not Applicable,Not Applicable,Not Applicable,Not Applicable,Yes,No,Yes,Yes,Yes,No,Not Applicable,Not Applicable,Not Applicable,Not Applicable,Not Applicable,Not Applicable,Not Applicable,No,,Not Applicable,No,Not Applicable,Yes,Yes,No,No,No,0.0,1644.73,1315.61,0.0,0.889,Mobile App,MobileWebView,0,Dark,-1.02293,212.0,4.0,12.0,Yes,153.0,Active,Not Applicable,30.0,Yes,Yes,3.0,2.0,1.0,0.0,0.6666666666666666,No,No,1.0,2.0,Yes,Yes,Yes,No,No,Unknown,0.7998942075599034,High,10.0,6.0,Manual Review
CLM00235,Air Conditioner,Cassette,Indoor Unit,Main Unit,ZenCore,24.0,No,Power Failure,Electrical Failure,Not Applicable,Not Applicable,Not Applicable,Not Applicable,Yes,Not Applicable,Not Applicable,No,Indoor Unit,Not Applicable,No,Yes,No,Yes,No,Yes,Yes,Not Applicable,Not Applicable,Not Applicable,Not Applicable,Not Applicable,,No,0.0,Not Applicable,No,Not Applicable,Yes,Yes,No,No,No,0.0,2576.3,2253.0,0.0,0.778,Web,Edge,1,Dark,0.17194,624.0,,24.0,Yes,106.0,Active,Not Applicable,30.0,Unknown,Yes,4.0,3.0,1.0,0.0,0.75,No,Yes,1.0,3.0,No,Yes,Yes,No,No,Not Applicable,0.8745099561386483,Medium,2.0,1.0,Manual Review
CLM00236,Washing Machine,Washer Dryer,Water Supply or Drain,Main Unit,HomePro,24.0,No,Mechanical Failure,Electrical Failure,Not Applicable,Not Applicable,Not Applicable,Business,No,Not Applicable,No,Not Applicable,Not Applicable,Not Applicable,Yes,Yes,Yes,Yes,Yes,Yes,Not Applicable,Not Applicable,Not Applicable,Not Applicable,Not Applicable,Not Applicable,Yes,Yes,2.0,Yes,No,Not Applicable,Yes,Yes,No,No,No,1.0,1046.35,299.7,106.91,0.888,Web,MobileWebView,29,System,0.1217,740.0,9.0,24.0,Yes,-9.0,Expired,Not Applicable,30.0,Yes,Yes,4.0,4.0,0.0,0.0,1.0,Yes,No,0.0,4.0,Yes,Yes,Yes,Yes,No,No,0.2864242366321021,High,10.0,3.0,Invalid Claim
CLM00237,Camera,Mirrorless,Camera Body,Camera Body,PrimeView,24.0,No,Power Failure,Physical Damage,Yes,No,Not Applicable,Not Applicable,Not Applicable,Not Applicable,Not Applicable,Not Applicable,Not Applicable,Not Applicable,Yes,No,No,Yes,Yes,Yes,Not Applicable,Not Applicable,Not Applicable,Not Applicable,Not Applicable,Not Applicable,Not Applicable,No,0.0,Not Applicable,No,Not Applicable,Yes,Yes,No,No,No,0.0,2670.36,1180.26,0.0,0.862,Mobile App,Chrome,39,System,-0.14917,862.0,13.0,24.0,Yes,-131.0,Expired,Not Applicable,30.0,Yes,No,3.0,3.0,0.0,0.0,1.0,Yes,No,0.0,3.0,Yes,Yes,Yes,No,No,Yes,0.4419853502898485,High,12.0,0.0,Invalid Claim
CLM00238,Television,Mini-LED,Picture,Main Unit,Aster,24.0,Yes,Display Failure,Misuse,No,Not Applicable,Not Applicable,Not Applicable,Not Applicable,No,Not Applicable,Not Applicable,Not Applicable,Not Applicable,Yes,Yes,Yes,Yes,Yes,Yes,Not Applicable,Not Applicable,Not Applicable,Not Applicable,Not Applicable,Not Applicable,Not Applicable,No,0.0,Not Applicable,Yes,Yes,Yes,Yes,No,No,No,0.0,1329.72,768.91,0.0,0.733,Mobile App,Edge,18,Dark,-0.05813,876.0,2.0,24.0,Yes,220.0,Active,Not Applicable,30.0,Yes,No,3.0,3.0,0.0,0.0,1.0,Yes,No,0.0,3.0,Yes,Yes,Yes,No,Yes,No,0.5782495562975664,Medium,1.0,4.0,Invalid Claim
CLM00239,Refrigerator,French Door,Water Leakage,Main Unit,ZenCore,24.0,No,Water Leakage,Electrical Failure,Not Applicable,Not Applicable,Not Applicable,Business,No,Not Applicable,Not Applicable,Not Applicable,Not Applicable,Not Applicable,Yes,Yes,Yes,Yes,Yes,Yes,Not Applicable,Not Applicable,Not Applicable,Not Applicable,Not Applicable,Not Applicable,Not Applicable,No,0.0,Not Applicable,No,Not Applicable,Yes,Yes,No,No,No,0.0,1451.58,742.49,0.0,0.952,Mobile App,Firefox,27,Light,1.91016,537.0,19.0,24.0,Yes,193.0,Active,Not Applicable,30.0,Yes,Yes,3.0,3.0,0.0,0.0,1.0,Yes,No,0.0,3.0,Yes,Yes,Yes,No,No,Not Applicable,0.5115047052177627,High,9.0,5.0,Valid Claim
CLM00240,Refrigerator,French Door,Power,Main Unit,Aster,24.0,No,Power Failure,Internal Component Failure,Not Applicable,Not Applicable,Not Applicable,Household,No,Not Applicable,Not Applicable,Not Applicable,Not Applicable,Not Applicable,Yes,Yes,Yes,No,Yes,,Not Applicable,Not Applicable,Not Applicable,Not Applicable,Not Applicable,Not Applicable,Not Applicable,No,0.0,Not Applicable,No,Not Applicable,Yes,Yes,No,No,No,2.0,1387.08,1061.06,0.0,0.915,Email,MobileWebView,12,Dark,-0.35823,776.0,26.0,24.0,Yes,-45.0,Expired,Not Applicable,30.0,Yes,Yes,3.0,2.0,0.0,1.0,0.6666666666666666,Unknown,No,0.0,2.0,Yes,Yes,Yes,No,No,Not Applicable,0.76495948323096,High,10.0,0.0,Invalid Claim
CLM00241,Air Conditioner,Portable,Indoor Unit,Main Unit,Aster,24.0,No,Noise,Internal Component Failure,Not Applicable,Not Applicable,Not Applicable,Not Applicable,Yes,Not Applicable,Not Applicable,No,Indoor Unit,Not Applicable,Yes,Yes,Yes,Yes,No,No,Yes,Not Applicable,Not Applicable,Not Applicable,Not Applicable,Not Applicable,Not Applicable,No,0.0,Not Applicable,No,Not Applicable,Yes,Yes,No,No,No,1.0,1538.4,755.36,0.0,0.748,Email,Edge,20,Dark,0.92643,401.0,11.0,24.0,Yes,330.0,Active,Not Applicable,30.0,Yes,Yes,4.0,2.0,2.0,0.0,0.5,No,Yes,2.0,2.0,Yes,Yes,Yes,No,No,Not Applicable,0.4910036401456058,Medium,12.0,1.0,Manual Review
CLM00242,Printer,Thermal,Paper Feed,Main Unit,PrimeView,12.0,No,Paper Feed Failure,Electrical Failure,Not Applicable,Not Applicable,Not Applicable,Not Applicable,Yes,Not Applicable,No,Not Applicable,Not Applicable,Unknown,Yes,Yes,Yes,Yes,Yes,Yes,Not Applicable,Not Applicable,Not Applicable,Not Applicable,Not Applicable,Yes,Yes,Yes,1.0,Yes,No,Not Applicable,Yes,Yes,No,No,No,4.0,481.39,90.7,445.81,,Web,Edge,13,Light,3.24964,123.0,28.0,12.0,Yes,242.0,Active,Not Applicable,30.0,Yes,Yes,5.0,5.0,0.0,0.0,1.0,Yes,No,0.0,5.0,Yes,Yes,Yes,Yes,No,No,0.1884127214940069,Unknown,9.0,2.0,Valid Claim
CLM00243,Washing Machine,Washer Dryer,Water Leakage,Main Unit,HomePro,24.0,No,Water Leakage,Electrical Failure,Not Applicable,Not Applicable,Not Applicable,Household,Yes,Not Applicable,No,Not Applicable,Not Applicable,Not Applicable,Yes,Yes,Yes,Yes,Yes,Yes,Not Applicable,Not Applicable,Not Applicable,Not Applicable,Not Applicable,Not Applicable,Yes,Yes,1.0,Yes,No,Not Applicable,Yes,Yes,No,No,No,0.0,2194.07,1978.88,120.69,0.864,Web,Chrome,4,System,-0.76855,433.0,10.0,24.0,Yes,298.0,Active,Not Applicable,30.0,Yes,Yes,4.0,4.0,0.0,0.0,1.0,Yes,No,0.0,4.0,Yes,Yes,Yes,Yes,No,No,0.901921998842334,High,12.0,6.0,Valid Claim
CLM00244,Washing Machine,Front Load,Water Leakage,Motor,,120.0,No,Water Leakage,Internal Component Failure,Not Applicable,Not Applicable,Not Applicable,Household,No,Not Applicable,No,Not Applicable,Not Applicable,Not Applicable,Yes,Yes,Yes,Yes,Yes,Yes,Not Applicable,Not Applicable,Not Applicable,Yes,Not Applicable,Not Applicable,Not Applicable,No,0.0,Not Applicable,No,Not Applicable,Yes,Yes,No,No,No,0.0,597.59,194.51,0.0,0.506,Web,MobileWebView,18,Light,1.60888,3487.0,12.0,120.0,Yes,166.0,Active,Active,30.0,Yes,Yes,4.0,4.0,0.0,0.0,1.0,Yes,No,0.0,4.0,Yes,Yes,Yes,No,No,No,0.3254907210629361,Low,4.0,0.0,Manual Review
CLM00245,Printer,Thermal,Connection,Print Head,NovaTech,12.0,No,Connectivity Issue,Electrical Failure,Not Applicable,Not Applicable,Not Applicable,Not Applicable,Unknown,Not Applicable,No,Not Applicable,Not Applicable,Original,No,Yes,Yes,Yes,Yes,Yes,Not Applicable,Not Applicable,Not Applicable,Not Applicable,Not Applicable,Yes,,No,0.0,Not Applicable,No,Not Applicable,Yes,Yes,No,No,No,0.0,750.97,179.54,0.0,0.558,Service Center,Chrome,52,System,-0.36045,253.0,10.0,12.0,Yes,112.0,Active,Active,30.0,Yes,Yes,4.0,4.0,0.0,0.0,1.0,Yes,No,0.0,4.0,No,Yes,Yes,No,No,No,0.2390774598186345,Low,8.0,5.0,Manual Review
CLM00246,Television,QLED,Picture,Main Unit,PrimeView,24.0,No,Display Failure,Improper Wall Mounting,No,Not Applicable,Not Applicable,Not Applicable,Not Applicable,Unknown,Not Applicable,Not Applicable,Not Applicable,Not Applicable,Yes,Yes,Yes,,,Yes,Not Applicable,Not Applicable,Not Applicable,Not Applicable,Not Applicable,Not Applicable,Not Applicable,No,0.0,Not Applicable,Yes,Yes,Yes,Yes,No,No,No,0.0,1006.0,129.99,0.0,0.92,Mobile App,Firefox,7,Dark,0.68649,711.0,5.0,24.0,Yes,20.0,Nearing Expiry,Not Applicable,30.0,Yes,No,3.0,2.0,0.0,1.0,0.6666666666666666,Unknown,Unknown,0.0,2.0,Yes,Yes,Yes,No,Yes,No,0.1292147117296223,High,9.0,4.0,Invalid Claim
CLM00247,Smartphone,Foldable Smartphone,Not Sure,Main Unit,NovaTech,12.0,Yes,Display Failure,Internal Component Failure,No,No,Not Applicable,Not Applicable,Not Applicable,Not Applicable,Not Applicable,Not Applicable,Not Applicable,Not Applicable,Yes,No,Yes,Yes,Yes,Yes,Not Applicable,Not Applicable,Not Applicable,Not Applicable,Not Applicable,Not Applicable,Not Applicable,No,0.0,Not Applicable,No,Not Applicable,Yes,Yes,No,No,No,0.0,802.3,280.19,0.0,0.787,Service Center,Safari,32,System,-1.00032,689.0,24.0,12.0,Yes,42.0,Active,Not Applicable,30.0,Yes,Yes,3.0,3.0,0.0,0.0,1.0,Yes,No,0.0,3.0,Yes,Yes,Yes,No,No,No,0.3492334538202667,Medium,12.0,3.0,Valid Claim
CLM00248,Washing Machine,Washer Dryer,Noise,Main Unit,ZenCore,24.0,No,Noise,Internal Component Failure,Not Applicable,Not Applicable,Not Applicable,Household,No,Not Applicable,Unknown,Not Applicable,Not Applicable,Not Applicable,Yes,Yes,No,Yes,Yes,Yes,Not Applicable,Not Applicable,Not Applicable,Not Applicable,Not Applicable,Not Applicable,Not Applicable,No,0.0,Not Applicable,No,Not Applicable,Yes,Yes,No,No,No,0.0,708.57,116.86,0.0,0.784,Web,Chrome,43,Dark,-0.66973,683.0,16.0,24.0,Yes,48.0,Active,Not Applicable,30.0,Yes,Yes,3.0,3.0,0.0,0.0,1.0,Yes,No,0.0,3.0,Yes,Yes,Yes,No,No,Unknown,0.1649237196042733,Medium,12.0,2.0,Valid Claim
CLM00249,Air Conditioner,Split,Not Sure,Compressor,ZenCore,60.0,No,Power Failure,Water Damage,Not Applicable,Not Applicable,Not Applicable,Not Applicable,No,Not Applicable,Not Applicable,No,Not Sure,Not Applicable,Yes,,Yes,Yes,Yes,,Yes,Not Applicable,Not Applicable,Yes,Not Applicable,Not Applicable,Yes,Yes,2.0,Yes,No,Not Applicable,Yes,Yes,No,No,No,1.0,1647.9,1113.05,,,Service Center,Edge,1,Dark,0.7668,1953.0,4.0,60.0,Yes,-127.0,Expired,Expired,30.0,Yes,No,6.0,5.0,0.0,1.0,0.8333333333333334,Unknown,No,0.0,5.0,Yes,Yes,Yes,Yes,No,Not Applicable,0.6754354026336549,Unknown,4.0,5.0,Invalid Claim
CLM00250,Laptop,Consumer Laptop,Device,Main Unit,Aster,24.0,No,Battery Problem,Water Damage,No,Yes,Yes,Not Applicable,Not Applicable,Not Applicable,Not Applicable,Not Applicable,Not Applicable,Not Applicable,Yes,,Yes,Yes,Yes,Yes,Not Applicable,Not Applicable,Not Applicable,Not Applicable,Not Applicable,Not Applicable,Not Applicable,No,0.0,Not Applicable,No,Not Applicable,Yes,Yes,No,No,No,2.0,919.06,164.23,0.0,0.907,Service Center,Edge,26,Light,-0.22413,658.0,28.0,24.0,Yes,73.0,Active,Not Applicable,30.0,Yes,No,3.0,3.0,0.0,0.0,1.0,Yes,No,0.0,3.0,Yes,Yes,Yes,No,No,Yes,0.1786934476530368,High,2.0,6.0,Invalid Claim
CLM00251,Refrigerator,Side-by-Side,Noise,Main Unit,HomePro,24.0,No,Noise,Electrical Failure,Not Applicable,Not Applicable,Not Applicable,Household,Unknown,Not Applicable,Not Applicable,Not Applicable,Not Applicable,Not Applicable,Yes,Yes,Yes,Yes,Yes,Yes,Not Applicable,Not Applicable,Not Applicable,Not Applicable,Not Applicable,Not Applicable,Yes,Yes,3.0,No,No,Not Applicable,Yes,Yes,No,No,No,0.0,2827.71,1261.13,320.59,0.734,Service Center,Safari,2,System,-0.33308,980.0,27.0,24.0,Yes,-249.0,Expired,Not Applicable,30.0,Yes,Yes,4.0,4.0,0.0,0.0,1.0,Yes,No,0.0,4.0,Yes,Yes,Yes,Yes,No,Not Applicable,0.4459898645900746,Medium,11.0,6.0,Invalid Claim
CLM00252,Laptop,2-in-1,Device,Main Unit,NovaTech,24.0,No,Overheating,Manufacturing Defect,No,No,Not Applicable,Not Applicable,Not Applicable,Not Applicable,Not Applicable,Not Applicable,Not Applicable,Not Applicable,Yes,Yes,No,Yes,Yes,Yes,Not Applicable,Not Applicable,Not Applicable,Not Applicable,Not Applicable,Not Applicable,,No,0.0,Not Applicable,No,Not Applicable,Yes,Yes,No,No,Yes,1.0,805.93,444.73,0.0,0.73,Service Center,MobileWebView,37,Light,1.14501,1080.0,5.0,24.0,Yes,-350.0,Expired,Not Applicable,30.0,Yes,Yes,3.0,3.0,0.0,0.0,1.0,Yes,No,0.0,3.0,Yes,Yes,Yes,No,No,No,0.5518221185462758,Medium,6.0,4.0,Invalid Claim
CLM00253,Smartphone,Foldable Smartphone,Phone,Main Unit,Aster,12.0,No,Overheating,Electrical Failure,No,No,Not Applicable,Not Applicable,Not Applicable,Not Applicable,Not Applicable,Not Applicable,Not Applicable,Not Applicable,Yes,No,No,Yes,Yes,No,Not Applicable,Not Applicable,Not Applicable,Not Applicable,Not Applicable,Not Applicable,Not Applicable,No,0.0,Not Applicable,No,Not Applicable,Yes,Yes,No,No,No,1.0,599.99,490.48,0.0,0.885,Mobile App,Firefox,35,Dark,1.73791,144.0,8.0,12.0,Yes,221.0,Active,Not Applicable,30.0,Yes,Yes,3.0,2.0,1.0,0.0,0.6666666666666666,No,No,1.0,2.0,Yes,Yes,Yes,No,No,No,0.817480291338189,High,12.0,2.0,Manual Review
CLM00254,Laptop,Business Laptop,Not Sure,Main Unit,ZenCore,24.0,No,Connectivity Issue,Electrical Failure,No,No,Not Applicable,Not Applicable,Not Applicable,Not Applicable,Not Applicable,Not Applicable,Not Applicable,Not Applicable,Yes,Yes,Yes,Yes,Yes,Yes,Not Applicable,Not Applicable,Not Applicable,Not Applicable,Not Applicable,Not Applicable,Not Applicable,No,0.0,Not Applicable,No,Not Applicable,Yes,Yes,No,No,No,0.0,1790.58,1193.23,0.0,0.94,Web,Chrome,55,Dark,0.43313,703.0,8.0,24.0,Yes,28.0,Nearing Expiry,Not Applicable,30.0,Yes,Yes,3.0,3.0,0.0,0.0,1.0,Yes,No,0.0,3.0,Yes,Yes,Yes,No,No,No,0.6663930123200305,High,3.0,0.0,Valid Claim
CLM00255,Laptop,2-in-1,Device,Main Unit,NovaTech,24.0,No,Battery Problem,Misuse,No,No,Yes,Not Applicable,Not Applicable,Not Applicable,Not Applicable,Not Applicable,Not Applicable,Not Applicable,Yes,Yes,No,Yes,Yes,Yes,Not Applicable,Not Applicable,Not Applicable,Not Applicable,Not Applicable,Not Applicable,Not Applicable,No,0.0,Not Applicable,No,Not Applicable,Yes,Yes,No,No,No,3.0,888.93,326.93,0.0,0.86,Service Center,Chrome,47,Light,-1.35705,434.0,12.0,24.0,Yes,296.0,Active,Not Applicable,30.0,Yes,No,3.0,3.0,0.0,0.0,1.0,Yes,No,0.0,3.0,Yes,Yes,Yes,No,No,No,0.3677792402101403,High,3.0,0.0,Invalid Claim
CLM00256,Smartphone,Foldable Smartphone,Charger,Charger,Aster,6.0,No,Display Failure,Manufacturing Defect,No,No,Not Applicable,Not Applicable,Not Applicable,Not Applicable,Not Applicable,Not Applicable,Not Applicable,Not Applicable,Yes,Yes,Yes,Yes,Yes,Yes,Not Applicable,Not Applicable,Not Applicable,Not Applicable,Not Applicable,Not Applicable,No,Yes,3.0,No,No,Not Applicable,Unknown,Yes,No,No,No,0.0,728.76,107.84,349.67,0.737,Mobile App,Edge,6,Dark,0.63016,285.0,25.0,6.0,Yes,-101.0,Expired,Expired,30.0,Yes,Yes,4.0,3.0,1.0,0.0,0.75,No,No,1.0,3.0,Yes,Yes,Unknown,Yes,No,No,0.1479773862451287,Medium,4.0,2.0,Invalid Claim
CLM00257,Laptop,2-in-1,Device,Main Unit,Aster,24.0,No,Display Failure,Internal Component Failure,No,No,Not Applicable,Not Applicable,Not Applicable,Not Applicable,Not Applicable,Not Applicable,Not Applicable,Not Applicable,Yes,Yes,Yes,Yes,Yes,Yes,Not Applicable,Not Applicable,Not Applicable,Not Applicable,Not Applicable,Not Applicable,Yes,Yes,2.0,Yes,No,Not Applicable,Yes,Yes,No,No,No,0.0,1140.48,256.59,,0.881,Web,MobileWebView,13,System,-0.7088,673.0,21.0,24.0,Yes,58.0,Active,Not Applicable,30.0,Yes,Yes,4.0,4.0,0.0,0.0,1.0,Yes,No,0.0,4.0,Yes,Yes,Yes,Yes,No,No,0.2249842171717171,High,5.0,5.0,Valid Claim
CLM00258,Refrigerator,Single Door,Other,Main Unit,Aster,24.0,No,Mechanical Failure,Misuse,Not Applicable,Not Applicable,Not Applicable,Household,Yes,Not Applicable,Not Applicable,Not Applicable,Not Applicable,Not Applicable,Yes,No,No,Yes,Yes,Yes,Not Applicable,Not Applicable,Not Applicable,Not Applicable,Not Applicable,Not Applicable,,Yes,2.0,No,No,Not Applicable,Yes,Yes,No,No,No,1.0,1435.1,1016.01,551.22,0.82,Email,Firefox,42,Dark,-0.3621,806.0,23.0,24.0,Yes,-75.0,Expired,Not Applicable,30.0,Yes,No,4.0,3.0,0.0,1.0,0.75,Unknown,No,0.0,3.0,Yes,Yes,Yes,Yes,No,Not Applicable,0.7079715699254407,Medium,4.0,4.0,Invalid Claim
CLM00259,Television,OLED,Sound,Main Unit,HomePro,24.0,No,Audio Failure,Manufacturing Defect,No,Not Applicable,Not Applicable,Not Applicable,Not Applicable,No,Not Applicable,Not Applicable,Not Applicable,Not Applicable,Yes,Yes,Yes,Yes,Yes,Yes,Not Applicable,Not Applicable,Not Applicable,Not Applicable,Not Applicable,Not Applicable,Yes,Yes,1.0,Yes,No,Not Applicable,Yes,Yes,No,No,No,1.0,816.32,628.05,88.45,0.894,Web,Edge,33,System,-0.58616,640.0,19.0,24.0,Yes,91.0,Active,Not Applicable,30.0,Yes,Yes,4.0,4.0,0.0,0.0,1.0,Yes,No,0.0,4.0,Yes,Yes,Yes,Yes,No,No,0.7693674049392394,High,4.0,3.0,Valid Claim
CLM00260,Camera,DSLR,Camera Body,Camera Body,NovaTech,24.0,No,Connectivity Issue,Manufacturing Defect,No,No,Not Applicable,Not Applicable,Not Applicable,Not Applicable,Not Applicable,Not Applicable,Not Applicable,Not Applicable,Yes,Yes,Yes,Yes,,Yes,Not Applicable,Not Applicable,Not Applicable,Not Applicable,Not Applicable,Not Applicable,Yes,Yes,3.0,Yes,No,Not Applicable,Yes,No,No,No,No,2.0,3031.45,1450.84,536.94,0.902,Service Center,Firefox,19,Light,0.18222,,15.0,24.0,Yes,,Unknown,Not Applicable,30.0,Yes,Yes,4.0,3.0,0.0,1.0,0.75,Unknown,Unknown,0.0,3.0,Yes,Yes,Yes,Yes,No,No,0.4785960513945471,High,3.0,4.0,Manual Review
CLM00261,Television,Mini-LED,Connection,Display Panel,PrimeView,24.0,No,Connectivity Issue,Internal Component Failure,No,Not Applicable,Not Applicable,Not Applicable,Not Applicable,No,Not Applicable,Not Applicable,Not Applicable,Not Applicable,Yes,Yes,Yes,Yes,Yes,Yes,Not Applicable,Not Applicable,Yes,Not Applicable,Not Applicable,Not Applicable,,No,0.0,Not Applicable,No,Not Applicable,Yes,Yes,No,No,No,0.0,1948.43,,0.0,0.976,Email,MobileWebView,30,Dark,0.56326,647.0,9.0,24.0,Yes,84.0,Active,Active,30.0,Yes,Yes,4.0,4.0,0.0,0.0,1.0,Yes,No,0.0,4.0,Yes,Yes,Yes,No,No,No,,High,12.0,6.0,Valid Claim
CLM00262,Smartphone,Foldable Smartphone,Phone,Main Unit,Aster,12.0,No,Display Failure,Electrical Failure,No,No,Not Applicable,Not Applicable,Not Applicable,Not Applicable,Not Applicable,Not Applicable,Not Applicable,Not Applicable,Yes,Yes,Yes,No,Yes,Yes,Not Applicable,Not Applicable,Not Applicable,Not Applicable,Not Applicable,Not Applicable,Yes,Yes,2.0,Yes,No,Not Applicable,Yes,Yes,No,No,No,1.0,1705.06,343.26,343.32,0.94,Service Center,Firefox,43,System,1.16795,565.0,14.0,12.0,Yes,-200.0,Expired,Not Applicable,30.0,Yes,Yes,4.0,4.0,0.0,0.0,1.0,Yes,No,0.0,4.0,Yes,Yes,Yes,Yes,No,No,0.2013184286769967,High,5.0,6.0,Invalid Claim
CLM00263,Smartphone,Rugged Smartphone,Charger,Charger,NovaTech,6.0,No,Connectivity Issue,Electrical Failure,No,No,Not Applicable,Not Applicable,Not Applicable,Not Applicable,Not Applicable,Not Applicable,Not Applicable,Not Applicable,Yes,Yes,Yes,Yes,Yes,Yes,Not Applicable,Not Applicable,Not Applicable,Not Applicable,Not Applicable,Not Applicable,No,Yes,3.0,Unknown,No,Not Applicable,Yes,Yes,No,No,No,0.0,384.12,53.46,208.9,,Email,MobileWebView,3,System,1.01889,117.0,13.0,6.0,Yes,64.0,Active,Active,30.0,Yes,Yes,4.0,3.0,1.0,0.0,0.75,No,No,1.0,3.0,Yes,Yes,Yes,Yes,No,No,0.1391752577319587,Unknown,1.0,4.0,Manual Review
CLM00264,Printer,Inkjet,Connection,Main Unit,HomePro,12.0,No,Connectivity Issue,Electrical Failure,Not Applicable,Not Applicable,Not Applicable,Not Applicable,No,Not Applicable,No,Not Applicable,Not Applicable,Compatible,Yes,Yes,Yes,Yes,Yes,Yes,Not Applicable,Not Applicable,Not Applicable,Not Applicable,Not Applicable,Yes,Not Applicable,No,0.0,Not Applicable,No,Not Applicable,Unknown,Yes,No,No,No,0.0,895.2,257.94,0.0,0.74,Mobile App,MobileWebView,25,Light,0.98133,333.0,3.0,12.0,Yes,33.0,Active,Not Applicable,30.0,Yes,Yes,4.0,4.0,0.0,0.0,1.0,Yes,No,0.0,4.0,Yes,Yes,Unknown,No,No,No,0.2881367292225201,Medium,6.0,6.0,Manual Review
CLM00265,Smartphone,Standard Smartphone,Phone,Main Unit,Aster,12.0,No,Battery Problem,Electrical Failure,No,No,Yes,Not Applicable,Not Applicable,Not Applicable,Not Applicable,Not Applicable,Not Applicable,Not Applicable,Yes,Yes,No,Yes,Yes,Yes,Not Applicable,Not Applicable,Not Applicable,Not Applicable,Not Applicable,Not Applicable,Not Applicable,No,0.0,Not Applicable,No,Not Applicable,Yes,Yes,No,No,No,0.0,557.63,500.94,0.0,0.948,Mobile App,Firefox,30,Light,-0.02564,183.0,15.0,12.0,Yes,182.0,Active,Not Applicable,30.0,Yes,Yes,3.0,3.0,0.0,0.0,1.0,Yes,No,0.0,3.0,Yes,Yes,Yes,No,No,No,0.8983376073740652,High,11.0,4.0,Valid Claim
CLM00266,Washing Machine,Front Load,Water Leakage,Main Unit,PrimeView,24.0,No,Water Leakage,Physical Damage,Not Applicable,Not Applicable,Not Applicable,Household,No,Not Applicable,No,Not Applicable,Not Applicable,Not Applicable,No,Yes,Yes,Yes,Yes,Yes,Not Applicable,Not Applicable,Not Applicable,Not Applicable,Not Applicable,Not Applicable,Yes,Yes,1.0,Yes,No,Not Applicable,Yes,Yes,No,No,No,0.0,2058.43,1608.4,110.19,0.761,Web,Edge,51,System,0.98726,499.0,5.0,24.0,Yes,231.0,Active,Not Applicable,30.0,Yes,No,4.0,4.0,0.0,0.0,1.0,Yes,No,0.0,4.0,No,Yes,Yes,Yes,No,No,0.781372210859733,Medium,7.0,3.0,Invalid Claim
CLM00267,Laptop,Gaming Laptop,Not Sure,Main Unit,ZenCore,24.0,No,Display Failure,Liquid Damage,No,No,Not Applicable,Not Applicable,Not Applicable,Not Applicable,Not Applicable,Not Applicable,Not Applicable,Not Applicable,Yes,Yes,No,No,Yes,No,Not Applicable,Not Applicable,Not Applicable,Not Applicable,Not Applicable,Not Applicable,Not Applicable,No,0.0,Not Applicable,No,Not Applicable,Yes,Yes,No,No,No,999.0,754.57,357.2,0.0,0.522,Service Center,Firefox,4,System,0.46029,390.0,12.0,24.0,Yes,341.0,Active,Not Applicable,30.0,Yes,No,3.0,2.0,1.0,0.0,0.6666666666666666,No,No,1.0,2.0,Yes,Yes,Yes,No,No,No,0.4733821911817326,Low,10.0,5.0,Invalid Claim
CLM00268,Laptop,Business Laptop,Battery,Battery,Aster,12.0,No,Display Failure,Internal Component Failure,Unknown,No,Yes,Not Applicable,Not Applicable,Not Applicable,Not Applicable,Not Applicable,Not Applicable,Not Applicable,Yes,,Yes,Yes,Yes,No,Not Applicable,Yes,Not Applicable,Not Applicable,Not Applicable,Not Applicable,Not Applicable,No,0.0,Not Applicable,No,Not Applicable,Yes,Yes,No,No,No,1.0,1642.76,562.01,0.0,0.943,Service Center,Chrome,57,System,-0.04203,345.0,9.0,12.0,Yes,21.0,Nearing Expiry,Nearing Expiry,30.0,Yes,Yes,4.0,3.0,1.0,0.0,0.75,No,No,1.0,3.0,Yes,Yes,Yes,No,No,Unknown,0.3421132727848255,High,1.0,2.0,Manual Review
CLM00269,Printer,Thermal,Printing,Main Unit,HomePro,12.0,No,Mechanical Failure,Physical Damage,Not Applicable,Not Applicable,Not Applicable,Not Applicable,No,Not Applicable,No,Not Applicable,Not Applicable,Unknown,Yes,Yes,Yes,Yes,No,Yes,Not Applicable,Not Applicable,Not Applicable,Not Applicable,Not Applicable,Yes,Not Applicable,No,0.0,Not Applicable,No,Not Applicable,Yes,Yes,No,No,No,0.0,1159.81,580.82,0.0,0.986,Service Center,Edge,57,System,1.44316,126.0,30.0,12.0,Yes,239.0,Active,Not Applicable,30.0,Yes,No,4.0,3.0,1.0,0.0,0.75,No,Yes,1.0,3.0,Yes,Yes,Yes,No,No,No,0.500788922323484,High,7.0,2.0,Invalid Claim
CLM00270,Refrigerator,French Door,Not Sure,Main Unit,HomePro,24.0,No,Water Leakage,Manufacturing Defect,Not Applicable,Not Applicable,Not Applicable,Household,Yes,Not Applicable,Not Applicable,Not Applicable,Not Applicable,Not Applicable,Yes,Yes,No,Yes,Yes,Yes,Not Applicable,Not Applicable,Not Applicable,Not Applicable,Not Applicable,Not Applicable,Yes,Yes,2.0,Yes,No,Not Applicable,Yes,Yes,No,No,No,1.0,1244.53,646.36,397.24,,Service Center,Firefox,40,System,-0.24322,498.0,6.0,24.0,Yes,232.0,Active,Not Applicable,30.0,Yes,Yes,4.0,4.0,0.0,0.0,1.0,Yes,No,0.0,4.0,Yes,Yes,Yes,Yes,No,Not Applicable,0.5193607225217552,Unknown,11.0,5.0,Valid Claim
CLM00271,Air Conditioner,Split,Outdoor Unit,Compressor,ZenCore,60.0,No,Noise,Manufacturing Defect,Not Applicable,Not Applicable,Not Applicable,Not Applicable,Unknown,Not Applicable,Not Applicable,No,Outdoor Unit,Not Applicable,Yes,Yes,Yes,Yes,Yes,Yes,Yes,Not Applicable,Not Applicable,Yes,Not Applicable,Not Applicable,Yes,Yes,1.0,Unknown,No,Not Applicable,Yes,Yes,No,No,No,2.0,1498.0,1179.89,,0.84,Email,MobileWebView,39,System,0.85568,1686.0,7.0,60.0,Yes,140.0,Active,Active,30.0,Yes,Yes,6.0,6.0,0.0,0.0,1.0,Yes,No,0.0,6.0,Yes,Yes,Yes,Yes,No,Not Applicable,0.7876435246995995,Medium,11.0,0.0,Manual Review
CLM00272,Smartphone,Rugged Smartphone,Not Sure,Main Unit,PrimeView,12.0,No,Display Failure,Manufacturing Defect,Unknown,No,Not Applicable,Not Applicable,Not Applicable,Not Applicable,Not Applicable,Not Applicable,Not Applicable,Not Applicable,Yes,Yes,No,Yes,Yes,No,Not Applicable,Not Applicable,Not Applicable,Not Applicable,Not Applicable,Not Applicable,Not Applicable,No,0.0,Not Applicable,No,Not Applicable,Yes,Yes,No,No,No,1.0,1229.21,568.57,0.0,0.582,Web,Firefox,42,Dark,-1.16694,228.0,41.0,12.0,Yes,137.0,Active,Not Applicable,30.0,No,Yes,3.0,2.0,1.0,0.0,0.6666666666666666,No,No,1.0,2.0,Yes,Yes,Yes,No,No,Unknown,0.4625491169124885,Low,9.0,5.0,Invalid Claim
CLM00273,Television,LED,Power,Main Unit,HomePro,24.0,Yes,Power Failure,Improper Wall Mounting,No,Not Applicable,Not Applicable,Not Applicable,Not Applicable,No,Not Applicable,Not Applicable,Not Applicable,Not Applicable,Yes,No,No,Yes,Yes,Yes,Not Applicable,Not Applicable,Not Applicable,Not Applicable,Not Applicable,Not Applicable,Not Applicable,No,0.0,Not Applicable,No,Not Applicable,Yes,Yes,No,No,No,1.0,3119.44,2181.73,0.0,0.56,Service Center,Safari,51,Light,-0.5132,1067.0,4.0,24.0,Yes,29.0,Nearing Expiry,Not Applicable,30.0,Yes,No,3.0,3.0,0.0,0.0,1.0,Yes,No,0.0,3.0,Yes,Yes,Yes,No,No,No,0.6993979688662068,Low,6.0,2.0,Invalid Claim
CLM00274,Smartphone,Standard Smartphone,Battery,Battery,NovaTech,12.0,No,Power Failure,Liquid Damage,No,Yes,Yes,Not Applicable,Not Applicable,Not Applicable,Not Applicable,Not Applicable,Not Applicable,Not Applicable,Yes,Yes,No,Yes,Yes,Yes,Not Applicable,Yes,Not Applicable,Not Applicable,Not Applicable,Not Applicable,Not Applicable,No,0.0,Not Applicable,No,Not Applicable,Yes,Yes,No,No,No,0.0,1271.69,1026.87,0.0,0.788,Email,Chrome,50,Dark,-0.24917,298.0,15.0,12.0,Yes,67.0,Active,Active,30.0,Yes,No,4.0,4.0,0.0,0.0,1.0,Yes,No,0.0,4.0,Yes,Yes,Yes,No,No,Yes,0.807484528462125,Medium,6.0,3.0,Invalid Claim
CLM00275,Laptop,Gaming Laptop,Device,Main Unit,NovaTech,24.0,No,Display Failure,Internal Component Failure,No,No,Not Applicable,Not Applicable,Not Applicable,Not Applicable,Not Applicable,Not Applicable,Not Applicable,Not Applicable,Yes,No,No,,Yes,Yes,Not Applicable,Not Applicable,Not Applicable,Not Applicable,Not Applicable,Not Applicable,No,Yes,3.0,Yes,No,Not Applicable,Yes,Yes,No,No,No,3.0,1196.14,214.54,613.45,0.849,Web,Edge,9,Dark,0.01259,694.0,32.0,24.0,Yes,37.0,Active,Not Applicable,30.0,No,Yes,4.0,3.0,1.0,0.0,0.75,No,No,1.0,3.0,Yes,Yes,Yes,Yes,No,No,0.1793602755530289,Medium,12.0,6.0,Invalid Claim
CLM00276,Television,QLED,Connection,Main Unit,PrimeView,24.0,No,Connectivity Issue,Normal Wear,No,Not Applicable,Not Applicable,Not Applicable,Not Applicable,Unknown,Not Applicable,Not Applicable,Not Applicable,Not Applicable,Yes,,Yes,Yes,Yes,Yes,Not Applicable,Not Applicable,Not Applicable,Not Applicable,Not Applicable,Not Applicable,Not Applicable,No,0.0,Not Applicable,No,Not Applicable,Yes,Yes,No,No,No,0.0,2160.63,1366.24,0.0,0.929,Web,MobileWebView,22,System,0.3025,868.0,38.0,24.0,Yes,-137.0,Expired,Not Applicable,30.0,No,No,3.0,3.0,0.0,0.0,1.0,Yes,No,0.0,3.0,Yes,Yes,Yes,No,No,No,0.6323340877429268,High,6.0,2.0,Invalid Claim
CLM00277,Smartphone,Standard Smartphone,Phone,Main Unit,,12.0,No,Display Failure,Liquid Damage,No,Yes,Not Applicable,Not Applicable,Not Applicable,Not Applicable,Not Applicable,Not Applicable,Not Applicable,Not Applicable,Yes,Yes,No,Yes,Yes,Yes,Not Applicable,Not Applicable,Not Applicable,Not Applicable,Not Applicable,Not Applicable,Yes,Yes,3.0,Yes,Yes,Yes,Yes,Yes,No,No,No,0.0,296.3,232.72,352.62,0.92,Email,Edge,35,System,0.14199,195.0,5.0,12.0,Yes,170.0,Active,Not Applicable,30.0,Yes,No,4.0,4.0,0.0,0.0,1.0,Yes,No,0.0,4.0,Yes,Yes,Yes,Yes,Yes,Yes,0.7854201822477219,High,11.0,4.0,Invalid Claim
CLM00278,Television,Mini-LED,Sound,Main Unit,Aster,24.0,No,Audio Failure,Water Damage,Yes,Not Applicable,Not Applicable,Not Applicable,Not Applicable,No,Not Applicable,Not Applicable,Not Applicable,Not Applicable,Yes,Yes,Yes,Yes,Yes,No,Not Applicable,Not Applicable,Not Applicable,Not Applicable,Not Applicable,Not Applicable,Not Applicable,No,0.0,Not Applicable,No,Not Applicable,Yes,Yes,No,No,No,1.0,756.87,704.52,,0.936,Service Center,MobileWebView,21,System,-0.92366,420.0,12.0,24.0,Yes,311.0,Active,Not Applicable,30.0,Yes,No,3.0,2.0,1.0,0.0,0.6666666666666666,No,No,1.0,2.0,Yes,Yes,Yes,No,No,Yes,0.9308335645487336,High,3.0,6.0,Invalid Claim
CLM00279,Refrigerator,Single Door,Other,Main Unit,Aster,24.0,No,Mechanical Failure,Electrical Failure,Not Applicable,Not Applicable,Not Applicable,Household,Yes,Not Applicable,Not Applicable,Not Applicable,Not Applicable,Not Applicable,Yes,Yes,Yes,Yes,Yes,Yes,Not Applicable,Not Applicable,Not Applicable,Not Applicable,Not Applicable,Not Applicable,Not Applicable,No,0.0,Not Applicable,No,Not Applicable,Yes,No,No,No,No,0.0,2472.84,2285.4,0.0,0.974,Web,MobileWebView,51,Light,0.72616,377.0,4.0,24.0,Yes,353.0,Active,Not Applicable,30.0,Yes,Yes,3.0,3.0,0.0,0.0,1.0,Yes,No,0.0,3.0,Yes,Yes,Yes,No,No,Not Applicable,0.9242005143883146,High,4.0,4.0,Manual Review
CLM00280,Printer,Thermal,Power,Print Head,PrimeView,12.0,No,Power Failure,Manufacturing Defect,Not Applicable,Not Applicable,Not Applicable,Not Applicable,No,Not Applicable,Yes,Not Applicable,Not Applicable,Original,Yes,Yes,Yes,Yes,,Yes,Not Applicable,Not Applicable,Not Applicable,Not Applicable,Not Applicable,Yes,Not Applicable,No,0.0,Not Applicable,No,Not Applicable,Yes,Yes,No,No,No,0.0,350.02,101.22,0.0,0.815,Mobile App,Safari,14,Light,-0.61082,347.0,8.0,12.0,Yes,18.0,Nearing Expiry,Nearing Expiry,30.0,Yes,Yes,4.0,3.0,0.0,1.0,0.75,Unknown,Unknown,0.0,3.0,Yes,Yes,Yes,No,No,Yes,0.2891834752299869,Medium,4.0,2.0,Valid Claim
CLM00281,Camera,Compact,Camera Body,Camera Body,PrimeView,24.0,No,Connectivity Issue,Internal Component Failure,No,No,Not Applicable,Not Applicable,Not Applicable,Not Applicable,Not Applicable,Not Applicable,Not Applicable,Not Applicable,Yes,Yes,Yes,Yes,Yes,Yes,Not Applicable,Not Applicable,Not Applicable,Not Applicable,Not Applicable,Not Applicable,Not Applicable,No,,Not Applicable,Yes,Yes,Yes,Yes,No,No,No,0.0,680.14,360.93,0.0,0.849,Web,Firefox,55,Light,-0.3115,562.0,21.0,24.0,Yes,168.0,Active,Not Applicable,30.0,Yes,Yes,3.0,3.0,0.0,0.0,1.0,Yes,No,0.0,3.0,Yes,Yes,Yes,No,Yes,No,0.5306701561443232,Medium,11.0,1.0,Valid Claim
CLM00282,Refrigerator,French Door,Noise,Compressor,Aster,120.0,No,Noise,Water Damage,Not Applicable,Not Applicable,Not Applicable,Household,No,Not Applicable,Not Applicable,Not Applicable,Not Applicable,Not Applicable,Yes,Yes,Yes,,Yes,Yes,Not Applicable,Not Applicable,Not Applicable,Yes,Not Applicable,Not Applicable,Not Applicable,No,0.0,Not Applicable,No,Not Applicable,Yes,Yes,No,No,No,1.0,1021.56,639.67,0.0,0.917,Web,Firefox,0,Dark,-0.2872,3439.0,9.0,120.0,Yes,214.0,Active,Active,30.0,Yes,No,4.0,4.0,0.0,0.0,1.0,Yes,No,0.0,4.0,Yes,Yes,Yes,No,No,Not Applicable,0.6261697795528407,High,7.0,0.0,Invalid Claim
CLM00283,Laptop,Consumer Laptop,Battery,Battery,Aster,12.0,No,Battery Problem,Misuse,No,No,Yes,Not Applicable,Not Applicable,Not Applicable,Not Applicable,Not Applicable,Not Applicable,Not Applicable,Yes,Yes,Yes,Yes,Yes,Yes,Not Applicable,Yes,Not Applicable,Not Applicable,Not Applicable,Not Applicable,Not Applicable,No,0.0,Not Applicable,No,Not Applicable,Yes,Yes,No,No,Yes,0.0,636.96,317.09,0.0,0.764,Email,Safari,55,System,1.29929,206.0,4.0,12.0,Yes,159.0,Active,Active,30.0,Yes,No,4.0,4.0,0.0,0.0,1.0,Yes,No,0.0,4.0,Yes,Yes,Yes,No,No,No,0.4978177593569454,Medium,1.0,1.0,Invalid Claim
CLM00284,Camera,Compact,Camera Body,Camera Body,PrimeView,24.0,No,Battery Problem,Internal Component Failure,No,No,Yes,Not Applicable,Not Applicable,Not Applicable,Not Applicable,Not Applicable,Not Applicable,Not Applicable,,Yes,Yes,Yes,Yes,Yes,Not Applicable,Not Applicable,Not Applicable,Not Applicable,Not Applicable,Not Applicable,Not Applicable,No,0.0,Not Applicable,No,Not Applicable,Yes,Yes,No,Yes,No,0.0,784.0,137.55,0.0,0.822,Service Center,Edge,36,Dark,1.0948,469.0,4.0,24.0,Yes,262.0,Active,Not Applicable,30.0,Yes,Yes,3.0,3.0,0.0,0.0,1.0,Yes,No,0.0,3.0,,Yes,Yes,No,No,No,0.1754464285714286,Medium,10.0,2.0,Valid Claim
CLM00285,Television,OLED,Picture,Main Unit,HomePro,24.0,No,Display Failure,Internal Component Failure,No,Not Applicable,Not Applicable,Not Applicable,Not Applicable,Yes,Not Applicable,Not Applicable,Not Applicable,Not Applicable,Yes,Yes,No,Yes,Yes,Yes,Not Applicable,Not Applicable,Not Applicable,Not Applicable,Not Applicable,Not Applicable,Yes,Yes,2.0,Yes,No,Not Applicable,Yes,Yes,Yes,No,No,1.0,1166.47,1076.92,257.04,0.854,Web,Firefox,50,System,-1.02341,589.0,11.0,24.0,Yes,142.0,Active,Not Applicable,30.0,Yes,Yes,4.0,4.0,0.0,0.0,1.0,Yes,No,0.0,4.0,Yes,Yes,Yes,Yes,No,No,0.9232299159001088,High,2.0,3.0,Invalid Claim
CLM00286,Smartphone,Rugged Smartphone,Phone,Main Unit,NovaTech,12.0,No,Overheating,Rooted Or Unauthorized Software Modification,No,No,Not Applicable,Not Applicable,Not Applicable,Not Applicable,Not Applicable,Not Applicable,Not Applicable,Not Applicable,Yes,Yes,Yes,Yes,Yes,Yes,Not Applicable,Not Applicable,Not Applicable,Not Applicable,Not Applicable,Not Applicable,Not Applicable,No,0.0,Not Applicable,No,Not Applicable,Yes,Yes,No,No,No,1.0,687.92,565.71,0.0,0.813,Web,Edge,49,Dark,0.70977,319.0,19.0,12.0,Yes,47.0,Active,Not Applicable,30.0,Yes,No,3.0,3.0,0.0,0.0,1.0,Yes,No,0.0,3.0,Yes,Yes,Yes,No,No,No,0.8223485288987092,Medium,7.0,4.0,Invalid Claim
CLM00287,Air Conditioner,Split,Both,Main Unit,HomePro,24.0,No,Water Leakage,Manufacturing Defect,Not Applicable,Not Applicable,Not Applicable,Not Applicable,Yes,Not Applicable,Not Applicable,No,Both,Not Applicable,Yes,No,Yes,Yes,Yes,Yes,Yes,Not Applicable,Not Applicable,Not Applicable,Not Applicable,Not Applicable,Not Applicable,No,0.0,Not Applicable,Yes,Yes,Yes,Yes,No,No,No,0.0,883.07,192.92,0.0,0.48,Web,Safari,29,System,0.57219,609.0,24.0,24.0,Yes,121.0,Active,Not Applicable,30.0,Yes,Yes,4.0,4.0,0.0,0.0,1.0,Yes,No,0.0,4.0,Yes,Yes,Yes,No,Yes,Not Applicable,0.2184651273398484,Low,1.0,1.0,Manual Review
CLM00288,Laptop,Business Laptop,Charger,Power Adapter,ZenCore,12.0,No,Display Failure,Electrical Failure,No,No,Not Applicable,Not Applicable,Not Applicable,Not Applicable,Not Applicable,Not Applicable,Not Applicable,Not Applicable,Yes,Yes,No,Yes,Yes,Yes,Not Applicable,Not Applicable,Not Applicable,Not Applicable,Not Applicable,Not Applicable,Yes,Yes,1.0,Yes,No,Not Applicable,Yes,Yes,No,No,No,0.0,2012.17,414.55,,0.769,Web,Chrome,58,Dark,-0.50383,198.0,1.0,12.0,Yes,168.0,Active,Active,30.0,Yes,Yes,4.0,4.0,0.0,0.0,1.0,Yes,No,0.0,4.0,Yes,Yes,Yes,Yes,No,No,0.2060213600242524,Medium,4.0,5.0,Valid Claim
CLM00289,Laptop,Business Laptop,Not Sure,Main Unit,Aster,24.0,Yes,Overheating,Misuse,No,No,Not Applicable,Not Applicable,Not Applicable,Not Applicable,Not Applicable,Not Applicable,Not Applicable,Not Applicable,Yes,Yes,Yes,Yes,,Yes,Not Applicable,Not Applicable,Not Applicable,Not Applicable,Not Applicable,Not Applicable,Yes,Yes,1.0,Yes,No,Not Applicable,Yes,Yes,No,No,No,1.0,2382.99,1544.95,446.27,0.834,Web,Safari,6,System,-1.56292,741.0,3.0,24.0,Yes,354.0,Active,Not Applicable,30.0,Yes,No,4.0,3.0,0.0,1.0,0.75,Unknown,Unknown,0.0,3.0,Yes,Yes,Yes,Yes,No,No,0.6483241641802946,Medium,6.0,6.0,Invalid Claim
CLM00290,Smartphone,Standard Smartphone,Phone,Main Unit,NovaTech,12.0,No,Overheating,Internal Component Failure,No,Yes,Not Applicable,Not Applicable,Not Applicable,Not Applicable,Not Applicable,Not Applicable,Not Applicable,Not Applicable,,Yes,Yes,Yes,Yes,Yes,Not Applicable,Not Applicable,Not Applicable,Not Applicable,Not Applicable,Not Applicable,,Yes,2.0,Yes,No,Not Applicable,Yes,Yes,No,No,No,0.0,1533.26,1339.51,,0.755,Service Center,Edge,58,Light,0.17369,339.0,12.0,12.0,Yes,26.0,Nearing Expiry,Not Applicable,30.0,Yes,Yes,4.0,3.0,0.0,1.0,0.75,Unknown,No,0.0,3.0,,Yes,Yes,Yes,No,Yes,0.8736352608168216,Medium,4.0,2.0,Valid Claim
CLM00291,Printer,Laser,Paper Feed,Main Unit,NovaTech,12.0,No,Paper Feed Failure,Electrical Failure,Not Applicable,Not Applicable,Not Applicable,Not Applicable,No,Not Applicable,No,Not Applicable,Not Applicable,Original,Yes,Yes,No,Yes,,No,Not Applicable,Not Applicable,Not Applicable,Not Applicable,Not Applicable,Yes,Not Applicable,No,0.0,Not Applicable,No,Not Applicable,Yes,Yes,No,No,No,0.0,620.35,560.74,0.0,0.869,Mobile App,Edge,12,Light,0.22029,295.0,16.0,12.0,Yes,70.0,Active,Not Applicable,30.0,Yes,Yes,4.0,2.0,1.0,1.0,0.5,No,Unknown,1.0,2.0,Yes,Yes,Yes,No,No,No,0.903909083581849,High,8.0,1.0,Manual Review
CLM00292,Air Conditioner,Cassette,Both,Main Unit,ZenCore,24.0,No,Cooling Failure,Misuse,Not Applicable,Not Applicable,Not Applicable,Not Applicable,No,Not Applicable,Not Applicable,Unknown,Both,Not Applicable,No,Yes,Yes,Yes,Yes,Yes,Yes,Not Applicable,Not Applicable,Not Applicable,Not Applicable,Not Applicable,Not Applicable,No,0.0,Not Applicable,No,Not Applicable,Yes,Yes,No,No,No,0.0,2759.16,1440.65,,0.865,Web,Chrome,5,System,0.04063,399.0,9.0,24.0,Yes,332.0,Active,Not Applicable,30.0,Yes,No,4.0,4.0,0.0,0.0,1.0,Yes,No,0.0,4.0,No,Yes,Yes,No,No,Not Applicable,0.5221335478913873,High,3.0,2.0,Invalid Claim
CLM00293,Laptop,Business Laptop,Device,Main Unit,,24.0,Yes,Connectivity Issue,Electrical Failure,No,No,Not Applicable,Not Applicable,Not Applicable,Not Applicable,Not Applicable,Not Applicable,Not Applicable,Not Applicable,Yes,Yes,Yes,Yes,Yes,No,Not Applicable,Not Applicable,Not Applicable,Not Applicable,Not Applicable,Not Applicable,Yes,Yes,3.0,Yes,No,Not Applicable,Unknown,Yes,No,No,No,1.0,1734.18,669.17,629.31,0.738,Service Center,Edge,51,System,1.2295,1324.0,11.0,24.0,Yes,-229.0,Expired,Not Applicable,30.0,Yes,Yes,4.0,3.0,1.0,0.0,0.75,No,No,1.0,3.0,Yes,Yes,Unknown,Yes,No,No,0.3858711321777439,Medium,10.0,2.0,Invalid Claim
CLM00294,Air Conditioner,Split,Indoor Unit,Compressor,Aster,60.0,No,Water Leakage,Internal Component Failure,Not Applicable,Not Applicable,Not Applicable,Not Applicable,No,Not Applicable,Not Applicable,No,Indoor Unit,Not Applicable,Yes,No,Yes,Yes,Yes,Yes,Yes,Not Applicable,Not Applicable,Yes,Not Applicable,Not Applicable,Not Applicable,No,0.0,Not Applicable,No,Not Applicable,No,Yes,No,No,No,0.0,1961.13,999999.0,0.0,0.541,Mobile App,Edge,4,Dark,-0.55355,1818.0,24.0,60.0,Yes,8.0,Nearing Expiry,Nearing Expiry,30.0,Yes,Yes,5.0,5.0,0.0,0.0,1.0,Yes,No,0.0,5.0,Yes,Yes,No,No,No,Not Applicable,509.9095929387649,Low,5.0,6.0,Invalid Claim
CLM00295,Printer,Thermal,Printing,Main Unit,NovaTech,12.0,No,Mechanical Failure,Manufacturing Defect,Not Applicable,Not Applicable,Not Applicable,Not Applicable,No,Not Applicable,No,Not Applicable,Not Applicable,Compatible,Yes,,No,,Yes,Yes,Not Applicable,Not Applicable,Not Applicable,Not Applicable,Not Applicable,Yes,Not Applicable,No,0.0,Not Applicable,No,Not Applicable,Yes,Yes,No,No,No,2.0,732.48,203.51,0.0,,Service Center,Safari,31,Dark,0.57612,209.0,11.0,12.0,Yes,156.0,Active,Not Applicable,30.0,Yes,Yes,4.0,4.0,0.0,0.0,1.0,Yes,No,0.0,4.0,Yes,Yes,Yes,No,No,No,0.2778369375273045,Unknown,2.0,3.0,Valid Claim
CLM00296,Smartphone,Rugged Smartphone,Not Sure,Charger,Aster,6.0,No,Power Failure,Manufacturing Defect,No,No,Not Applicable,Not Applicable,Not Applicable,Not Applicable,Not Applicable,Not Applicable,Not Applicable,Not Applicable,Yes,Yes,Yes,Yes,Yes,,Not Applicable,Not Applicable,Not Applicable,Not Applicable,Not Applicable,Not Applicable,Not Applicable,No,0.0,Not Applicable,No,Not Applicable,Yes,Yes,No,No,No,2.0,1315.16,959.29,0.0,0.746,Service Center,Safari,1,System,-0.9909,79.0,11.0,6.0,Yes,102.0,Active,Active,30.0,Yes,Yes,3.0,2.0,0.0,1.0,0.6666666666666666,Unknown,No,0.0,2.0,Yes,Yes,Yes,No,No,No,0.7294093494327686,Medium,4.0,4.0,Valid Claim
CLM00297,Laptop,Gaming Laptop,Not Sure,Main Unit,ZenCore,24.0,No,Display Failure,Manufacturing Defect,No,No,Not Applicable,Not Applicable,Not Applicable,Not Applicable,Not Applicable,Not Applicable,Not Applicable,Not Applicable,Yes,Yes,No,Yes,Yes,Yes,Not Applicable,Not Applicable,Not Applicable,Not Applicable,Not Applicable,Not Applicable,Not Applicable,No,0.0,Not Applicable,No,Not Applicable,Yes,Yes,No,No,No,0.0,2575.65,2351.54,0.0,0.615,Email,Safari,48,System,-0.53655,451.0,21.0,24.0,Yes,280.0,Active,Not Applicable,30.0,Yes,Yes,3.0,3.0,0.0,0.0,1.0,Yes,No,0.0,3.0,Yes,Yes,Yes,No,No,No,0.9129889542445596,Low,1.0,6.0,Manual Review
CLM00298,Refrigerator,Double Door,Cooling,Main Unit,ZenCore,24.0,No,Cooling Failure,Electrical Failure,Not Applicable,Not Applicable,Not Applicable,Business,No,Not Applicable,Not Applicable,Not Applicable,Not Applicable,Not Applicable,No,Yes,No,Yes,,Yes,Not Applicable,Not Applicable,Not Applicable,Not Applicable,Not Applicable,Not Applicable,Not Applicable,No,0.0,Not Applicable,No,Not Applicable,Yes,Yes,No,No,No,1.0,2435.68,,0.0,0.775,Service Center,Safari,42,System,0.96181,569.0,9.0,24.0,Yes,162.0,Active,Not Applicable,30.0,Yes,Yes,3.0,2.0,0.0,1.0,0.6666666666666666,Unknown,Unknown,0.0,2.0,No,Yes,Yes,No,No,Not Applicable,,Medium,8.0,5.0,Valid Claim
CLM00299,Laptop,Gaming Laptop,Device,Main Unit,NovaTech,24.0,No,Battery Problem,Manufacturing Defect,Yes,No,No,Not Applicable,Not Applicable,Not Applicable,Not Applicable,Not Applicable,Not Applicable,Not Applicable,Yes,Yes,Yes,Yes,Yes,Yes,Not Applicable,Not Applicable,Not Applicable,Not Applicable,Not Applicable,Not Applicable,Not Applicable,No,0.0,Not Applicable,No,Not Applicable,Yes,Yes,No,No,No,0.0,1028.32,965.55,0.0,0.845,Web,Safari,15,System,-0.95683,733.0,7.0,24.0,Yes,-3.0,Expired,Not Applicable,30.0,Yes,Yes,3.0,3.0,0.0,0.0,1.0,Yes,No,0.0,3.0,Yes,Yes,Yes,No,No,Yes,0.938958689901976,Medium,2.0,3.0,Invalid Claim
CLM00300,Air Conditioner,Split,Outdoor Unit,Compressor,ZenCore,60.0,No,Power Failure,Manufacturing Defect,Not Applicable,Not Applicable,Not Applicable,Not Applicable,Unknown,Not Applicable,Not Applicable,No,Outdoor Unit,Not Applicable,Yes,No,Yes,Yes,Yes,Yes,Yes,Not Applicable,Not Applicable,Yes,Not Applicable,Not Applicable,Yes,Yes,3.0,Yes,No,Not Applicable,Yes,Yes,No,No,No,0.0,2133.83,699.28,59.45,0.923,Service Center,Safari,15,Light,-0.21342,1796.0,7.0,60.0,Yes,30.0,Nearing Expiry,Nearing Expiry,30.0,Yes,Yes,6.0,6.0,0.0,0.0,1.0,Yes,No,0.0,6.0,Yes,Yes,Yes,Yes,No,Not Applicable,0.3277112047351476,High,8.0,1.0,Valid Claim
CLM00301,Air Conditioner,Portable,Both,Main Unit,ZenCore,24.0,Yes,Water Leakage,Internal Component Failure,Not Applicable,Not Applicable,Not Applicable,Not Applicable,No,Not Applicable,Not Applicable,No,Both,Not Applicable,Yes,Yes,Yes,Yes,Yes,Yes,No,Not Applicable,Not Applicable,Not Applicable,Not Applicable,Not Applicable,Not Applicable,No,0.0,Not Applicable,No,Not Applicable,Yes,Yes,No,No,No,2.0,1353.6,634.23,0.0,0.871,Web,MobileWebView,53,Dark,0.0781,769.0,30.0,24.0,Yes,326.0,Active,Not Applicable,30.0,Yes,Yes,4.0,3.0,1.0,0.0,0.75,No,Yes,1.0,3.0,Yes,Yes,Yes,No,No,Not Applicable,0.4685505319148936,High,6.0,1.0,Manual Review
CLM00302,Laptop,Gaming Laptop,Battery,Battery,ZenCore,12.0,No,Battery Problem,Internal Component Failure,No,No,No,Not Applicable,Not Applicable,Not Applicable,Not Applicable,Not Applicable,Not Applicable,Not Applicable,Yes,Yes,No,Yes,Yes,Yes,Not Applicable,No,Not Applicable,Not Applicable,Not Applicable,Not Applicable,Yes,Yes,1.0,Yes,No,Not Applicable,Yes,Yes,No,No,No,1.0,2476.41,2165.44,570.96,0.768,Service Center,Firefox,18,Light,-0.85214,133.0,12.0,12.0,Yes,233.0,Active,Active,30.0,Yes,Yes,5.0,4.0,1.0,0.0,0.8,No,No,1.0,4.0,Yes,Yes,Yes,Yes,No,No,0.874427094059546,Medium,3.0,5.0,Manual Review
CLM00303,Air Conditioner,Portable,Both,Main Unit,HomePro,24.0,No,Water Leakage,Manufacturing Defect,Not Applicable,Not Applicable,Not Applicable,Not Applicable,No,Not Applicable,Not Applicable,No,Both,Not Applicable,,,Yes,Yes,No,Yes,Yes,Not Applicable,Not Applicable,Not Applicable,Not Applicable,Not Applicable,Yes,Yes,2.0,Yes,No,Not Applicable,Yes,Yes,No,No,No,0.0,1900.31,1644.86,444.7,0.922,Mobile App,Firefox,41,Light,-0.38975,651.0,5.0,24.0,Yes,80.0,Active,Not Applicable,30.0,Yes,Yes,5.0,4.0,1.0,0.0,0.8,No,Yes,1.0,4.0,,Yes,Yes,Yes,No,Not Applicable,0.8655745641500597,High,12.0,2.0,Manual Review
CLM00304,Washing Machine,Top Load,Water Supply or Drain,Main Unit,ZenCore,24.0,Yes,Mechanical Failure,Water Damage,Not Applicable,Not Applicable,Not Applicable,Household,No,Not Applicable,No,Not Applicable,Not Applicable,Not Applicable,Yes,No,No,Yes,Yes,Yes,Not Applicable,Not Applicable,Not Applicable,Not Applicable,Not Applicable,Not Applicable,Not Applicable,No,0.0,Not Applicable,No,Not Applicable,Unknown,Yes,No,No,No,0.0,2028.71,1267.74,0.0,,Mobile App,Edge,7,Light,0.97674,785.0,8.0,24.0,Yes,311.0,Active,Not Applicable,30.0,Yes,No,3.0,3.0,0.0,0.0,1.0,Yes,No,0.0,3.0,Yes,Yes,Unknown,No,No,No,0.6248995667197381,Unknown,3.0,2.0,Invalid Claim
CLM00305,Washing Machine,Washer Dryer,Spinning,Main Unit,PrimeView,24.0,No,Mechanical Failure,Foreign Object Damage,Not Applicable,Not Applicable,Not Applicable,Household,No,Not Applicable,No,Not Applicable,Not Applicable,Not Applicable,Yes,Yes,No,Yes,Yes,Yes,Not Applicable,Not Applicable,Not Applicable,Not Applicable,Not Applicable,Not Applicable,Not Applicable,No,0.0,Not Applicable,No,Not Applicable,Yes,Yes,No,No,No,1.0,1226.38,643.74,0.0,0.984,Mobile App,Safari,27,Light,0.11849,391.0,23.0,24.0,Yes,339.0,Active,Not Applicable,30.0,Yes,No,3.0,3.0,0.0,0.0,1.0,Yes,No,0.0,3.0,Yes,Yes,Yes,No,No,No,0.5249107128296286,High,5.0,2.0,Invalid Claim
CLM00306,Camera,Action Camera,Camera Body,Camera Body,NovaTech,24.0,No,Power Failure,Manufacturing Defect,No,No,Not Applicable,Not Applicable,Not Applicable,Not Applicable,Not Applicable,Not Applicable,Not Applicable,Not Applicable,,Yes,Yes,Yes,Yes,Yes,Not Applicable,Not Applicable,Not Applicable,Not Applicable,Not Applicable,Not Applicable,,No,0.0,Not Applicable,No,Not Applicable,Yes,Yes,No,No,No,1.0,2773.73,1112.79,0.0,0.721,Web,Safari,39,Dark,-0.71392,727.0,5.0,24.0,Yes,4.0,Nearing Expiry,Not Applicable,30.0,Yes,Yes,3.0,3.0,0.0,0.0,1.0,Yes,No,0.0,3.0,,Yes,Yes,No,No,No,0.4011890126292032,Medium,11.0,1.0,Valid Claim
CLM00307,Smartphone,Standard Smartphone,Phone,Main Unit,PrimeView,12.0,No,Battery Problem,Internal Component Failure,Unknown,No,Yes,Not Applicable,Not Applicable,Not Applicable,Not Applicable,Not Applicable,Not Applicable,Not Applicable,,Yes,Yes,Yes,Yes,Yes,Not Applicable,Not Applicable,Not Applicable,Not Applicable,Not Applicable,Not Applicable,No,Yes,3.0,Yes,No,Not Applicable,Yes,Yes,No,No,No,1.0,1076.16,760.97,503.77,0.722,Mobile App,Edge,54,Dark,0.21776,166.0,19.0,12.0,Yes,200.0,Active,Not Applicable,30.0,Yes,Yes,4.0,3.0,1.0,0.0,0.75,No,No,1.0,3.0,,Yes,Yes,Yes,No,Unknown,0.7071160422242045,Medium,4.0,4.0,Manual Review
CLM00308,Television,QLED,Not Sure,Main Unit,Aster,24.0,No,Audio Failure,Electrical Failure,No,Not Applicable,Not Applicable,Not Applicable,Not Applicable,No,Not Applicable,Not Applicable,Not Applicable,Not Applicable,Yes,Yes,Yes,Yes,Yes,Yes,Not Applicable,Not Applicable,Not Applicable,Not Applicable,Not Applicable,Not Applicable,Not Applicable,No,0.0,Not Applicable,No,Not Applicable,Yes,Yes,No,No,No,1.0,2303.44,1663.61,0.0,0.891,Web,Chrome,46,Dark,1.425,490.0,17.0,24.0,Yes,241.0,Active,Not Applicable,30.0,Yes,Yes,3.0,3.0,0.0,0.0,1.0,Yes,No,0.0,3.0,Yes,Yes,Yes,No,No,No,0.7222284930365018,High,8.0,3.0,Valid Claim
CLM00309,Refrigerator,Double Door,Power,Main Unit,ZenCore,24.0,No,Power Failure,Accidental Damage,Not Applicable,Not Applicable,Not Applicable,Household,Yes,Not Applicable,Not Applicable,Not Applicable,Not Applicable,Not Applicable,Yes,Yes,Yes,Yes,Yes,Yes,Not Applicable,Not Applicable,Not Applicable,Not Applicable,Not Applicable,Not Applicable,,No,0.0,Not Applicable,No,Not Applicable,Yes,Yes,No,No,No,0.0,1360.65,669.94,0.0,0.976,Email,Chrome,49,System,-1.35193,416.0,9.0,24.0,Yes,315.0,Active,Not Applicable,30.0,Yes,No,3.0,3.0,0.0,0.0,1.0,Yes,No,0.0,3.0,Yes,Yes,Yes,No,No,Not Applicable,0.492367618417668,High,9.0,0.0,Invalid Claim
CLM00310,Printer,Laser,Printing,Main Unit,HomePro,12.0,No,Mechanical Failure,Unsupported Consumable,Not Applicable,Not Applicable,Not Applicable,Not Applicable,No,Not Applicable,No,Not Applicable,Not Applicable,Original,No,Yes,No,Yes,Yes,,Not Applicable,Not Applicable,Not Applicable,Not Applicable,Not Applicable,Yes,Not Applicable,No,0.0,Not Applicable,No,Not Applicable,Yes,Yes,No,No,No,0.0,305.72,51.01,0.0,0.875,Web,Safari,59,Dark,0.34391,162.0,18.0,12.0,Yes,203.0,Active,Not Applicable,30.0,Yes,No,4.0,3.0,0.0,1.0,0.75,Unknown,No,0.0,3.0,No,Yes,Yes,No,No,No,0.1668520214575428,High,9.0,0.0,Invalid Claim
CLM00311,Smartphone,Standard Smartphone,Phone,Main Unit,Aster,12.0,No,Overheating,Internal Component Failure,Yes,No,Not Applicable,Not Applicable,Not Applicable,Not Applicable,Not Applicable,Not Applicable,Not Applicable,Not Applicable,Yes,,No,Yes,Yes,Yes,Not Applicable,Not Applicable,Not Applicable,Not Applicable,Not Applicable,Not Applicable,Yes,Yes,2.0,Yes,No,Not Applicable,Yes,Yes,No,No,No,1.0,1228.53,154.49,102.01,,Web,Safari,44,System,-0.04172,207.0,1.0,12.0,Yes,158.0,Active,Not Applicable,30.0,Yes,Yes,4.0,4.0,0.0,0.0,1.0,Yes,No,0.0,4.0,Yes,Yes,Yes,Yes,No,Yes,0.1257519148901532,Unknown,10.0,6.0,Valid Claim
CLM00312,Laptop,2-in-1,Not Sure,Main Unit,NovaTech,24.0,No,Power Failure,Internal Component Failure,No,No,Not Applicable,Not Applicable,Not Applicable,Not Applicable,Not Applicable,Not Applicable,Not Applicable,Not Applicable,Yes,Yes,Yes,Yes,Yes,Yes,Not Applicable,Not Applicable,Not Applicable,Not Applicable,Not Applicable,Not Applicable,Yes,Yes,2.0,No,No,Not Applicable,Yes,Yes,No,No,No,0.0,2563.34,1561.5,183.45,0.94,Web,Safari,12,Dark,-2.02779,395.0,9.0,24.0,Yes,335.0,Active,Not Applicable,30.0,Yes,Yes,4.0,4.0,0.0,0.0,1.0,Yes,No,0.0,4.0,Yes,Yes,Yes,Yes,No,No,0.6091661660177736,High,5.0,6.0,Invalid Claim
CLM00313,Printer,Inkjet,Connection,Main Unit,PrimeView,12.0,No,Connectivity Issue,Manufacturing Defect,Not Applicable,Not Applicable,Not Applicable,Not Applicable,Yes,Not Applicable,No,Not Applicable,Not Applicable,Compatible,Yes,Yes,No,Yes,Yes,Yes,Not Applicable,Not Applicable,Not Applicable,Not Applicable,Not Applicable,Yes,Not Applicable,No,0.0,Not Applicable,No,Not Applicable,Yes,No,No,No,No,0.0,990.74,510.4,0.0,,Service Center,Edge,15,Light,0.36265,358.0,31.0,12.0,Yes,7.0,Nearing Expiry,Not Applicable,30.0,No,Yes,4.0,4.0,0.0,0.0,1.0,Yes,No,0.0,4.0,Yes,Yes,Yes,No,No,No,0.5151704786321335,Unknown,9.0,6.0,Invalid Claim
CLM00314,Smartphone,Rugged Smartphone,Phone,Main Unit,NovaTech,12.0,No,Connectivity Issue,Manufacturing Defect,No,No,Not Applicable,Not Applicable,Not Applicable,Not Applicable,Not Applicable,Not Applicable,Not Applicable,Not Applicable,Yes,Yes,No,Yes,Yes,Yes,Not Applicable,Not Applicable,Not Applicable,Not Applicable,Not Applicable,Not Applicable,Yes,Yes,2.0,Yes,No,Not Applicable,Yes,Yes,No,No,No,1.0,331.66,43.56,455.29,0.904,Mobile App,Edge,17,Light,-0.37335,285.0,25.0,12.0,Yes,81.0,Active,Not Applicable,30.0,Yes,Yes,4.0,4.0,0.0,0.0,1.0,Yes,No,0.0,4.0,Yes,Yes,Yes,Yes,No,No,0.1313393234034855,High,11.0,5.0,Valid Claim
CLM00315,Laptop,Consumer Laptop,Battery,Battery,Aster,12.0,No,Overheating,Physical Damage,Yes,No,Yes,Not Applicable,Not Applicable,Not Applicable,Not Applicable,Not Applicable,Not Applicable,Not Applicable,Yes,Yes,No,Yes,Yes,Yes,Not Applicable,No,Not Applicable,Not Applicable,Not Applicable,Not Applicable,Not Applicable,No,0.0,Not Applicable,No,Not Applicable,Yes,Yes,No,No,No,1.0,1719.49,1607.39,0.0,0.798,Service Center,Safari,15,System,-0.86106,279.0,1.0,12.0,Yes,86.0,Active,Active,30.0,Yes,No,4.0,3.0,1.0,0.0,0.75,No,No,1.0,3.0,Yes,Yes,Yes,No,No,Yes,0.934806250690612,Medium,7.0,1.0,Invalid Claim
CLM00316,Refrigerator,Single Door,Other,Main Unit,ZenCore,24.0,No,Mechanical Failure,Internal Component Failure,Not Applicable,Not Applicable,Not Applicable,Household,No,Not Applicable,Not Applicable,Not Applicable,Not Applicable,Not Applicable,Yes,Yes,Yes,Yes,Yes,,Not Applicable,Not Applicable,Not Applicable,Not Applicable,Not Applicable,Not Applicable,Not Applicable,No,0.0,Not Applicable,No,Not Applicable,Yes,Yes,No,No,No,1.0,1359.72,154.36,0.0,0.857,Web,Chrome,8,Dark,-0.31696,654.0,6.0,24.0,Yes,77.0,Active,Not Applicable,30.0,Yes,Yes,3.0,2.0,0.0,1.0,0.6666666666666666,Unknown,No,0.0,2.0,Yes,Yes,Yes,No,No,Not Applicable,0.1135233724590357,High,5.0,5.0,Valid Claim
CLM00317,Printer,Laser,Ink or Toner,Ink Or Toner,HomePro,0.0,No,Connectivity Issue,Manufacturing Defect,Not Applicable,Not Applicable,Not Applicable,Not Applicable,Unknown,Not Applicable,No,Not Applicable,Not Applicable,Original,Yes,No,No,Yes,Yes,Yes,Not Applicable,Not Applicable,Not Applicable,Not Applicable,Not Applicable,Yes,Not Applicable,No,0.0,Not Applicable,No,Not Applicable,Yes,Yes,No,No,No,0.0,248.51,232.44,0.0,0.971,Service Center,Firefox,23,Dark,0.53366,167.0,19.0,0.0,No,,Not Eligible,Not Eligible,30.0,Yes,No,4.0,4.0,0.0,0.0,1.0,Yes,No,0.0,4.0,Yes,Yes,Yes,No,No,No,0.9353345941813208,High,3.0,0.0,Invalid Claim
CLM00318,Refrigerator,French Door,Cooling,Main Unit,HomePro,24.0,No,Cooling Failure,Water Damage,Not Applicable,Not Applicable,Not Applicable,Business,Yes,Not Applicable,Not Applicable,Not Applicable,Not Applicable,Not Applicable,Yes,Yes,No,Yes,Yes,Yes,Not Applicable,Not Applicable,Not Applicable,Not Applicable,Not Applicable,Not Applicable,Not Applicable,No,0.0,Not Applicable,Yes,Yes,Yes,Yes,No,No,No,0.0,1138.09,719.98,0.0,0.978,Service Center,Edge,21,Dark,-0.88455,525.0,43.0,24.0,Yes,205.0,Active,Not Applicable,30.0,No,No,3.0,3.0,0.0,0.0,1.0,Yes,No,0.0,3.0,Yes,Yes,Yes,No,Yes,Not Applicable,0.6326213216880915,High,4.0,5.0,Invalid Claim
CLM00319,Washing Machine,Top Load,Power,Main Unit,PrimeView,24.0,No,Power Failure,Physical Damage,Not Applicable,Not Applicable,Not Applicable,Household,Unknown,Not Applicable,No,Not Applicable,Not Applicable,Not Applicable,Yes,Yes,Yes,Yes,No,Yes,Not Applicable,Not Applicable,Not Applicable,Not Applicable,Not Applicable,Not Applicable,Not Applicable,No,0.0,Not Applicable,No,Not Applicable,Unknown,Yes,No,No,No,2.0,684.62,438.53,,0.837,Service Center,MobileWebView,56,System,0.43633,380.0,4.0,24.0,Yes,351.0,Active,Not Applicable,30.0,Yes,No,3.0,2.0,1.0,0.0,0.6666666666666666,No,Yes,1.0,2.0,Yes,Yes,Unknown,No,No,No,0.6405451199205399,Medium,5.0,2.0,Invalid Claim
CLM00320,Smartphone,Foldable Smartphone,Charger,Charger,PrimeView,6.0,No,Connectivity Issue,Physical Damage,Yes,No,Not Applicable,Not Applicable,Not Applicable,Not Applicable,Not Applicable,Not Applicable,Not Applicable,Not Applicable,No,Yes,Yes,No,Yes,Yes,Not Applicable,Not Applicable,Not Applicable,Not Applicable,Not Applicable,Not Applicable,Not Applicable,No,0.0,Not Applicable,Yes,No,Yes,No,No,No,No,0.0,1756.26,1581.36,0.0,0.936,Web,MobileWebView,12,System,0.98697,88.0,11.0,6.0,Yes,95.0,Active,Active,30.0,Yes,No,3.0,3.0,0.0,0.0,1.0,Yes,No,0.0,3.0,No,Yes,Yes,No,Yes,Yes,0.9004133784291619,High,9.0,6.0,Invalid Claim
CLM00321,Television,LED,Remote Control,Remote Control,Aster,6.0,No,Connectivity Issue,Internal Component Failure,No,Not Applicable,Not Applicable,Not Applicable,Not Applicable,No,Not Applicable,Not Applicable,Not Applicable,Not Applicable,Yes,Yes,Yes,Yes,,Yes,Not Applicable,Not Applicable,Not Applicable,Not Applicable,Not Applicable,Not Applicable,Not Applicable,No,0.0,Not Applicable,Yes,Yes,Yes,Yes,No,No,No,2.0,2361.72,,0.0,0.599,Web,MobileWebView,52,System,-0.33952,263.0,17.0,6.0,Yes,-80.0,Expired,Expired,30.0,Yes,Yes,3.0,2.0,0.0,1.0,0.6666666666666666,Unknown,Unknown,0.0,2.0,Yes,Yes,Yes,No,Yes,No,,Low,1.0,3.0,Invalid Claim
CLM00322,Laptop,Consumer Laptop,Charger,Power Adapter,Aster,12.0,No,Power Failure,Internal Component Failure,No,No,Not Applicable,Not Applicable,Not Applicable,Not Applicable,Not Applicable,Not Applicable,Not Applicable,Not Applicable,Yes,Yes,Yes,Yes,Yes,Yes,Not Applicable,Not Applicable,Not Applicable,Not Applicable,Not Applicable,Not Applicable,Not Applicable,No,0.0,Not Applicable,No,Not Applicable,Yes,Yes,No,No,No,0.0,1916.57,639.57,0.0,0.978,Web,Firefox,45,Dark,1.40001,300.0,24.0,12.0,Yes,65.0,Active,Active,30.0,Yes,Yes,3.0,3.0,0.0,0.0,1.0,Yes,No,0.0,3.0,Yes,Yes,Yes,No,No,No,0.333705526017834,High,5.0,5.0,Valid Claim
CLM00323,Laptop,Business Laptop,Device,Main Unit,,24.0,No,Display Failure,Physical Damage,Yes,No,Not Applicable,Not Applicable,Not Applicable,Not Applicable,Not Applicable,Not Applicable,Not Applicable,Not Applicable,Yes,Yes,Yes,Yes,Yes,Yes,Not Applicable,Not Applicable,Not Applicable,Not Applicable,Not Applicable,Not Applicable,Yes,Yes,3.0,Yes,No,Not Applicable,Yes,Yes,No,No,No,2.0,1141.93,863.26,,0.869,Email,MobileWebView,38,System,0.60809,655.0,16.0,24.0,Yes,75.0,Active,Not Applicable,30.0,Yes,No,4.0,4.0,0.0,0.0,1.0,Yes,No,0.0,4.0,Yes,Yes,Yes,Yes,No,Yes,0.7559657772367833,High,2.0,0.0,Invalid Claim
CLM00324,Washing Machine,Top Load,Water Supply or Drain,Main Unit,PrimeView,24.0,No,Mechanical Failure,Manufacturing Defect,Not Applicable,Not Applicable,Not Applicable,Household,No,Not Applicable,No,Not Applicable,Not Applicable,Not Applicable,Yes,Yes,Yes,Yes,Yes,,Not Applicable,Not Applicable,Not Applicable,Not Applicable,Not Applicable,Not Applicable,Not Applicable,No,0.0,Not Applicable,No,Not Applicable,Yes,Yes,No,No,No,1.0,1391.48,789.86,0.0,0.766,Mobile App,Firefox,19,Dark,1.0701,431.0,9.0,24.0,Yes,300.0,Active,Not Applicable,30.0,Yes,Yes,3.0,2.0,0.0,1.0,0.6666666666666666,Unknown,No,0.0,2.0,Yes,Yes,Yes,No,No,No,0.567640210423434,Medium,6.0,1.0,Valid Claim
CLM00325,Television,OLED,Power,Main Unit,PrimeView,24.0,No,Power Failure,Electrical Failure,No,Not Applicable,Not Applicable,Not Applicable,Not Applicable,Yes,Not Applicable,Not Applicable,Not Applicable,Not Applicable,Yes,,Yes,Yes,Yes,Yes,Not Applicable,Not Applicable,Not Applicable,Not Applicable,Not Applicable,Not Applicable,Not Applicable,No,0.0,Not Applicable,No,Not Applicable,Yes,Yes,No,No,No,1.0,2726.48,2293.94,0.0,0.723,Mobile App,Firefox,0,Light,-0.00503,1063.0,17.0,24.0,Yes,-332.0,Expired,Not Applicable,30.0,Yes,Yes,3.0,3.0,0.0,0.0,1.0,Yes,No,0.0,3.0,Yes,Yes,Yes,No,No,No,0.8413558874446172,Medium,5.0,2.0,Invalid Claim
CLM00326,Printer,Thermal,Paper Feed,Main Unit,HomePro,12.0,No,Paper Feed Failure,Manufacturing Defect,Not Applicable,Not Applicable,Not Applicable,Not Applicable,No,Not Applicable,No,Not Applicable,Not Applicable,Original,Yes,No,Yes,Yes,,Yes,Not Applicable,Not Applicable,Not Applicable,Not Applicable,Not Applicable,No,Not Applicable,No,0.0,Not Applicable,No,Not Applicable,Yes,Yes,No,No,No,0.0,785.87,611.81,0.0,0.82,Web,MobileWebView,26,Light,0.27472,203.0,21.0,12.0,Yes,162.0,Active,Not Applicable,30.0,Yes,Yes,4.0,2.0,1.0,1.0,0.5,No,Unknown,1.0,2.0,Yes,Yes,Yes,No,No,No,0.7785129856083066,Medium,8.0,5.0,Manual Review
CLM00327,Refrigerator,Double Door,Noise,Main Unit,Aster,24.0,No,Noise,Physical Damage,Not Applicable,Not Applicable,Not Applicable,Household,No,Not Applicable,Not Applicable,Not Applicable,Not Applicable,Not Applicable,Yes,No,Yes,Yes,Yes,Yes,Not Applicable,Not Applicable,Not Applicable,Not Applicable,Not Applicable,Not Applicable,Yes,Yes,2.0,No,No,Not Applicable,Yes,Yes,No,No,No,0.0,2224.95,453.38,181.84,0.945,Web,Chrome,10,Light,-0.92675,755.0,22.0,24.0,Yes,-24.0,Expired,Not Applicable,30.0,Yes,No,4.0,4.0,0.0,0.0,1.0,Yes,No,0.0,4.0,Yes,Yes,Yes,Yes,No,Not Applicable,0.2037708712555338,High,11.0,3.0,Invalid Claim
CLM00328,Washing Machine,Top Load,Water Leakage,Main Unit,ZenCore,24.0,No,Water Leakage,Manufacturing Defect,Not Applicable,Not Applicable,Not Applicable,Household,No,Not Applicable,No,Not Applicable,Not Applicable,Not Applicable,Yes,Yes,No,Yes,Yes,No,Not Applicable,Not Applicable,Not Applicable,Not Applicable,Not Applicable,Not Applicable,Not Applicable,No,0.0,Not Applicable,No,Not Applicable,Yes,Yes,No,No,No,0.0,644.62,77.99,0.0,0.59,Web,Chrome,56,Light,-1.3696,518.0,25.0,24.0,Yes,212.0,Active,Not Applicable,30.0,Yes,Yes,3.0,2.0,1.0,0.0,0.6666666666666666,No,No,1.0,2.0,Yes,Yes,Yes,No,No,No,0.1209860072600912,Low,5.0,2.0,Manual Review
CLM00329,Smartphone,Foldable Smartphone,Phone,Main Unit,PrimeView,12.0,No,Display Failure,Normal Wear,No,No,Not Applicable,Not Applicable,Not Applicable,Not Applicable,Not Applicable,Not Applicable,Not Applicable,Not Applicable,Yes,,No,Yes,Yes,Yes,Not Applicable,Not Applicable,Not Applicable,Not Applicable,Not Applicable,Not Applicable,Yes,Yes,1.0,Yes,No,Not Applicable,Yes,Yes,No,No,No,1.0,605.44,238.64,96.82,0.952,Mobile App,Chrome,41,Dark,0.57021,193.0,20.0,12.0,Yes,172.0,Active,Not Applicable,30.0,Yes,No,4.0,4.0,0.0,0.0,1.0,Yes,No,0.0,4.0,Yes,Yes,Yes,Yes,No,No,0.3941596194503171,High,2.0,6.0,Invalid Claim
CLM00330,Laptop,Business Laptop,Battery,Battery,ZenCore,12.0,No,Battery Problem,Misuse,No,No,No,Not Applicable,Not Applicable,Not Applicable,Not Applicable,Not Applicable,Not Applicable,Not Applicable,Yes,Yes,No,Yes,Yes,Yes,Not Applicable,No,Not Applicable,Not Applicable,Not Applicable,Not Applicable,Not Applicable,No,0.0,Not Applicable,No,Not Applicable,Yes,Yes,No,No,No,0.0,1445.42,161.12,0.0,0.94,Email,Edge,26,System,0.29929,290.0,9.0,12.0,Yes,75.0,Active,Active,30.0,Yes,No,4.0,3.0,1.0,0.0,0.75,No,No,1.0,3.0,Yes,Yes,Yes,No,No,No,0.1114693307135642,High,2.0,2.0,Invalid Claim
CLM00331,Television,LED,Sound,Main Unit,HomePro,24.0,No,Audio Failure,Normal Wear,No,Not Applicable,Not Applicable,Not Applicable,Not Applicable,No,Not Applicable,Not Applicable,Not Applicable,Not Applicable,Yes,No,No,Yes,Yes,Yes,Not Applicable,Not Applicable,Not Applicable,Not Applicable,Not Applicable,Not Applicable,Not Applicable,No,0.0,Not Applicable,No,Not Applicable,Yes,Yes,No,No,No,0.0,1346.65,1150.99,0.0,0.554,Web,Safari,22,System,1.84297,384.0,13.0,24.0,Yes,347.0,Active,Not Applicable,30.0,Yes,No,3.0,3.0,0.0,0.0,1.0,Yes,No,0.0,3.0,Yes,Yes,Yes,No,No,No,0.8547061226005271,Low,3.0,0.0,Invalid Claim
CLM00332,Television,Mini-LED,Sound,Main Unit,Aster,24.0,No,Audio Failure,Manufacturing Defect,No,Not Applicable,Not Applicable,Not Applicable,Not Applicable,Yes,Not Applicable,Not Applicable,Not Applicable,Not Applicable,Yes,Yes,Yes,Yes,,Yes,Not Applicable,Not Applicable,Not Applicable,Not Applicable,Not Applicable,Not Applicable,Not Applicable,No,0.0,Not Applicable,No,Not Applicable,Yes,Yes,No,No,No,2.0,1806.86,1273.75,0.0,0.812,Service Center,Firefox,18,Dark,0.62825,425.0,2.0,24.0,Yes,305.0,Active,Not Applicable,30.0,Yes,Yes,3.0,2.0,0.0,1.0,0.6666666666666666,Unknown,Unknown,0.0,2.0,Yes,Yes,Yes,No,No,No,0.7049522375834321,Medium,7.0,4.0,Valid Claim
CLM00333,Air Conditioner,Window,Outdoor Unit,Main Unit,Aster,24.0,Yes,Cooling Failure,Water Damage,Not Applicable,Not Applicable,Not Applicable,Not Applicable,No,Not Applicable,Not Applicable,No,Outdoor Unit,Not Applicable,Yes,Yes,No,Yes,Yes,Yes,Yes,Not Applicable,Not Applicable,Not Applicable,Not Applicable,Not Applicable,,No,0.0,Not Applicable,No,Not Applicable,Yes,Yes,No,No,No,0.0,1888.54,1094.74,0.0,0.79,Service Center,Edge,34,Light,-0.30607,1361.0,17.0,24.0,Yes,-266.0,Expired,Not Applicable,30.0,Yes,No,4.0,4.0,0.0,0.0,1.0,Yes,No,0.0,4.0,Yes,Yes,Yes,No,No,Not Applicable,0.5796753047327565,Medium,2.0,5.0,Invalid Claim
CLM00334,Camera,Compact,Camera Body,Camera Body,,24.0,No,Display Failure,Electrical Failure,No,No,Not Applicable,Not Applicable,Not Applicable,Not Applicable,Not Applicable,Not Applicable,Not Applicable,Not Applicable,Yes,Yes,Yes,Yes,Yes,Yes,Not Applicable,Not Applicable,Not Applicable,Not Applicable,Not Applicable,Not Applicable,Not Applicable,No,0.0,Not Applicable,No,Not Applicable,Yes,Yes,No,No,No,1.0,621.03,200.43,0.0,0.868,Web,Safari,6,Light,-3.0977,1006.0,11.0,24.0,Yes,-275.0,Expired,Not Applicable,30.0,Yes,Yes,3.0,3.0,0.0,0.0,1.0,Yes,No,0.0,3.0,Yes,Yes,Yes,No,No,No,0.3227380319791315,High,7.0,5.0,Invalid Claim
CLM00335,Air Conditioner,Split,Both,Main Unit,Aster,24.0,No,Noise,Electrical Failure,Not Applicable,Not Applicable,Not Applicable,Not Applicable,Unknown,Not Applicable,Not Applicable,Yes,Both,Not Applicable,Yes,Yes,No,Yes,Yes,Yes,Yes,Not Applicable,Not Applicable,Not Applicable,Not Applicable,Not Applicable,Not Applicable,No,0.0,Not Applicable,No,Not Applicable,Yes,Yes,No,No,No,1.0,1891.49,369.26,0.0,0.883,Service Center,Chrome,37,Dark,-0.84583,608.0,13.0,24.0,Yes,123.0,Active,Not Applicable,30.0,Yes,Yes,4.0,4.0,0.0,0.0,1.0,Yes,No,0.0,4.0,Yes,Yes,Yes,No,No,Not Applicable,0.195221756393108,High,5.0,4.0,Valid Claim
CLM00336,Air Conditioner,Cassette,Outdoor Unit,Main Unit,Aster,24.0,No,Noise,Internal Component Failure,Not Applicable,Not Applicable,Not Applicable,Not Applicable,No,Not Applicable,Not Applicable,No,Outdoor Unit,Not Applicable,Yes,Yes,Yes,Yes,Yes,Yes,Yes,Not Applicable,Not Applicable,Not Applicable,Not Applicable,Not Applicable,Not Applicable,No,0.0,Not Applicable,No,Not Applicable,Yes,Yes,No,No,No,0.0,2049.68,1058.63,0.0,0.578,Web,Firefox,21,Light,1.0482,720.0,16.0,24.0,Yes,11.0,Nearing Expiry,Not Applicable,30.0,Yes,Yes,4.0,4.0,0.0,0.0,1.0,Yes,No,0.0,4.0,Yes,Yes,Yes,No,No,Not Applicable,0.5164855001756372,Low,1.0,2.0,Manual Review
CLM00337,Laptop,Gaming Laptop,Charger,Power Adapter,NovaTech,12.0,No,Overheating,Electrical Failure,No,No,Not Applicable,Not Applicable,Not Applicable,Not Applicable,Not Applicable,Not Applicable,Not Applicable,Not Applicable,Yes,Yes,No,Yes,Yes,Yes,Not Applicable,Not Applicable,Not Applicable,Not Applicable,Not Applicable,Not Applicable,Not Applicable,No,0.0,Not Applicable,No,Not Applicable,Yes,Yes,No,No,No,1.0,1739.64,917.71,0.0,0.918,Mobile App,Chrome,29,Dark,-0.87508,,8.0,12.0,Yes,,Unknown,Unknown,30.0,Yes,Yes,3.0,3.0,0.0,0.0,1.0,Yes,No,0.0,3.0,Yes,Yes,Yes,No,No,No,0.52752868409556,High,12.0,0.0,Valid Claim
CLM00338,Washing Machine,Top Load,Power,Main Unit,,24.0,No,Power Failure,Commercial Misuse,Not Applicable,Not Applicable,Not Applicable,Household,Yes,Not Applicable,No,Not Applicable,Not Applicable,Not Applicable,Yes,Yes,Yes,Yes,No,No,Not Applicable,Not Applicable,Not Applicable,Not Applicable,Not Applicable,Not Applicable,Not Applicable,No,0.0,Not Applicable,No,Not Applicable,Yes,Yes,No,No,No,1.0,1171.97,205.85,0.0,0.759,Service Center,Firefox,12,Dark,-0.45409,717.0,12.0,24.0,Yes,14.0,Nearing Expiry,Not Applicable,30.0,Yes,No,3.0,1.0,2.0,0.0,0.3333333333333333,No,Yes,2.0,1.0,Yes,Yes,Yes,No,No,No,0.1756444277583897,Medium,1.0,3.0,Invalid Claim
CLM00339,Air Conditioner,Split,Both,Compressor,Aster,60.0,No,Power Failure,Internal Component Failure,Not Applicable,Not Applicable,Not Applicable,Not Applicable,No,Not Applicable,Not Applicable,Unknown,Both,Not Applicable,Yes,Yes,No,Yes,Yes,Yes,No,Not Applicable,Not Applicable,No,Not Applicable,Not Applicable,Not Applicable,No,0.0,Not Applicable,No,Not Applicable,Yes,Yes,No,No,No,0.0,514.26,168.62,0.0,0.879,Service Center,Firefox,7,System,-0.09976,1815.0,16.0,60.0,Yes,11.0,Nearing Expiry,Nearing Expiry,30.0,Yes,Yes,5.0,3.0,2.0,0.0,0.6,No,Yes,2.0,3.0,Yes,Yes,Yes,No,No,Not Applicable,0.3278886166530549,High,9.0,5.0,Manual Review
CLM00340,Laptop,Business Laptop,Device,Main Unit,NovaTech,24.0,No,Battery Problem,Internal Component Failure,No,Yes,No,Not Applicable,Not Applicable,Not Applicable,Not Applicable,Not Applicable,Not Applicable,Not Applicable,Yes,Yes,Yes,Yes,Yes,Yes,Not Applicable,Not Applicable,Not Applicable,Not Applicable,Not Applicable,Not Applicable,Yes,Yes,2.0,Yes,No,Not Applicable,Yes,Yes,No,No,No,1.0,2579.89,1049.21,457.17,0.838,Web,MobileWebView,54,Light,-0.66166,602.0,8.0,24.0,Yes,129.0,Active,Not Applicable,30.0,Yes,Yes,4.0,4.0,0.0,0.0,1.0,Yes,No,0.0,4.0,Yes,Yes,Yes,Yes,No,Yes,0.4066878820414824,Medium,4.0,0.0,Valid Claim
CLM00341,Refrigerator,Side-by-Side,Other,Main Unit,Aster,24.0,No,Mechanical Failure,Manufacturing Defect,Not Applicable,Not Applicable,Not Applicable,Household,Unknown,Not Applicable,Not Applicable,Not Applicable,Not Applicable,Not Applicable,No,Yes,No,Yes,Yes,Yes,Not Applicable,Not Applicable,Not Applicable,Not Applicable,Not Applicable,Not Applicable,Not Applicable,No,0.0,Not Applicable,No,Not Applicable,Yes,Yes,No,No,No,1.0,653.42,221.41,,0.993,Email,Chrome,27,Light,-0.08564,499.0,24.0,24.0,Yes,232.0,Active,Not Applicable,30.0,Yes,Yes,3.0,3.0,0.0,0.0,1.0,Yes,No,0.0,3.0,No,Yes,Yes,No,No,Not Applicable,0.3388479079305806,High,9.0,3.0,Valid Claim
CLM00342,Television,QLED,Remote Control,Remote Control,Aster,6.0,No,Display Failure,Internal Component Failure,No,Not Applicable,Not Applicable,Not Applicable,Not Applicable,Yes,Not Applicable,Not Applicable,Not Applicable,Not Applicable,Yes,Yes,No,Yes,Yes,Yes,Not Applicable,Not Applicable,Not Applicable,Not Applicable,Not Applicable,Not Applicable,Not Applicable,No,0.0,Not Applicable,No,Not Applicable,Yes,Yes,No,No,No,2.0,1073.36,118.71,,0.892,Mobile App,Firefox,32,Light,-0.17168,117.0,21.0,6.0,Yes,65.0,Active,Active,30.0,Yes,Yes,3.0,3.0,0.0,0.0,1.0,Yes,No,0.0,3.0,Yes,Yes,Yes,No,No,No,0.110596631139599,High,4.0,3.0,Valid Claim
CLM00343,Camera,Mirrorless,Lens,Lens,NovaTech,24.0,No,Battery Problem,Electrical Failure,Unknown,No,Yes,Not Applicable,Not Applicable,Not Applicable,Not Applicable,Not Applicable,Not Applicable,Not Applicable,Yes,Yes,Yes,Yes,Yes,Yes,Not Applicable,Not Applicable,Not Applicable,Not Applicable,Yes,Not Applicable,Not Applicable,No,0.0,Not Applicable,No,Not Applicable,Yes,Yes,No,No,No,1.0,2285.14,789.81,0.0,0.815,Web,Firefox,37,System,0.26684,717.0,4.0,24.0,Yes,14.0,Nearing Expiry,Nearing Expiry,30.0,Yes,Yes,4.0,4.0,0.0,0.0,1.0,Yes,No,0.0,4.0,Yes,Yes,Yes,No,No,Unknown,0.3456287142144463,Medium,2.0,4.0,Valid Claim
CLM00344,Camera,DSLR,Camera Body,Camera Body,PrimeView,24.0,No,Battery Problem,Electrical Failure,Unknown,No,Yes,Not Applicable,Not Applicable,Not Applicable,Not Applicable,Not Applicable,Not Applicable,Not Applicable,Yes,,No,Yes,Yes,Yes,Not Applicable,Not Applicable,Not Applicable,Not Applicable,Not Applicable,Not Applicable,Not Applicable,No,0.0,Not Applicable,No,Not Applicable,Yes,Yes,No,No,No,0.0,2491.16,1131.93,0.0,0.952,Mobile App,Edge,54,Light,-0.63278,460.0,9.0,24.0,Yes,270.0,Active,Not Applicable,30.0,Yes,Yes,3.0,3.0,0.0,0.0,1.0,Yes,No,0.0,3.0,Yes,Yes,Yes,No,No,Unknown,0.4543786830231699,High,6.0,4.0,Valid Claim
CLM00345,Printer,Laser,Connection,Main Unit,NovaTech,12.0,No,Connectivity Issue,Manufacturing Defect,Not Applicable,Not Applicable,Not Applicable,Not Applicable,No,Not Applicable,No,Not Applicable,Not Applicable,Original,No,No,Yes,Yes,Yes,,Not Applicable,Not Applicable,Not Applicable,Not Applicable,Not Applicable,Yes,Not Applicable,No,0.0,Not Applicable,No,Not Applicable,Yes,Yes,No,No,No,1.0,410.41,294.7,0.0,0.856,Web,MobileWebView,21,System,1.62426,209.0,4.0,12.0,Yes,157.0,Active,Not Applicable,30.0,Yes,Yes,4.0,3.0,0.0,1.0,0.75,Unknown,No,0.0,3.0,No,Yes,Yes,No,No,No,0.7180624253794985,High,1.0,6.0,Valid Claim
CLM00346,Air Conditioner,Window,Indoor Unit,Compressor,Aster,60.0,No,Noise,Manufacturing Defect,Not Applicable,Not Applicable,Not Applicable,Not Applicable,Yes,Not Applicable,Not Applicable,No,Indoor Unit,Not Applicable,Yes,Yes,No,Yes,,Yes,Yes,Not Applicable,Not Applicable,Yes,Not Applicable,Not Applicable,Yes,Yes,2.0,Yes,No,Not Applicable,Yes,Yes,No,No,No,3.0,1974.14,914.56,207.69,0.732,Service Center,Edge,48,Light,-0.97771,2128.0,7.0,60.0,Yes,-302.0,Expired,Expired,30.0,Yes,Yes,6.0,5.0,0.0,1.0,0.8333333333333334,Unknown,Unknown,0.0,5.0,Yes,Yes,Yes,Yes,No,Not Applicable,0.4632700821623592,Medium,3.0,6.0,Invalid Claim
CLM00347,Television,QLED,Sound,Main Unit,HomePro,24.0,No,Audio Failure,Manufacturing Defect,No,Not Applicable,Not Applicable,Not Applicable,Not Applicable,No,Not Applicable,Not Applicable,Not Applicable,Not Applicable,Yes,Yes,Yes,Yes,Yes,Yes,Not Applicable,Not Applicable,Not Applicable,Not Applicable,Not Applicable,Not Applicable,Not Applicable,No,0.0,Not Applicable,No,Not Applicable,Yes,Yes,No,No,No,0.0,1635.96,1017.44,0.0,0.925,Mobile App,Chrome,58,System,-0.41071,839.0,5.0,24.0,Yes,-108.0,Expired,Not Applicable,30.0,Yes,Yes,3.0,3.0,0.0,0.0,1.0,Yes,No,0.0,3.0,Yes,Yes,Yes,No,No,No,0.6219222963886648,High,1.0,2.0,Invalid Claim
CLM00348,Refrigerator,French Door,Noise,Main Unit,ZenCore,24.0,No,Noise,Internal Component Failure,Not Applicable,Not Applicable,Not Applicable,Household,No,Not Applicable,Not Applicable,Not Applicable,Not Applicable,Not Applicable,Yes,Yes,Yes,Yes,No,Yes,Not Applicable,Not Applicable,Not Applicable,Not Applicable,Not Applicable,Not Applicable,No,Yes,2.0,Yes,No,Not Applicable,Unknown,No,No,No,No,2.0,2812.64,1100.16,613.64,0.802,Web,MobileWebView,35,System,-0.3503,385.0,6.0,24.0,Yes,345.0,Active,Not Applicable,30.0,Yes,Yes,4.0,2.0,2.0,0.0,0.5,No,Yes,2.0,2.0,Yes,Yes,Unknown,Yes,No,Not Applicable,0.3911485294954207,Medium,4.0,6.0,Manual Review
CLM00349,Smartphone,Rugged Smartphone,Phone,Main Unit,PrimeView,12.0,Yes,Overheating,Physical Damage,Yes,No,Not Applicable,Not Applicable,Not Applicable,Not Applicable,Not Applicable,Not Applicable,Not Applicable,Not Applicable,Yes,Yes,No,Yes,Yes,Yes,Not Applicable,Not Applicable,Not Applicable,Not Applicable,Not Applicable,Not Applicable,Not Applicable,No,0.0,Not Applicable,No,Not Applicable,Yes,Yes,No,No,No,1.0,1789.55,261.43,0.0,0.882,Email,Edge,0,Dark,-0.15004,922.0,9.0,12.0,Yes,-191.0,Expired,Not Applicable,30.0,Yes,No,3.0,3.0,0.0,0.0,1.0,Yes,No,0.0,3.0,Yes,Yes,Yes,No,No,Yes,0.1460870051130172,High,1.0,5.0,Invalid Claim
CLM00350,Washing Machine,Washer Dryer,Power,Main Unit,PrimeView,24.0,No,Power Failure,Accidental Damage,Not Applicable,Not Applicable,Not Applicable,Household,No,Not Applicable,No,Not Applicable,Not Applicable,Not Applicable,Yes,Yes,No,Yes,Yes,No,Not Applicable,Not Applicable,Not Applicable,Not Applicable,Not Applicable,Not Applicable,Yes,Yes,3.0,Yes,No,Not Applicable,Yes,Yes,No,No,No,3.0,1009.06,372.65,81.79,0.808,Mobile App,MobileWebView,10,Dark,0.61388,556.0,17.0,24.0,Yes,175.0,Active,Not Applicable,30.0,Yes,No,4.0,3.0,1.0,0.0,0.75,No,No,1.0,3.0,Yes,Yes,Yes,Yes,No,No,0.3693041048104176,Medium,1.0,5.0,Invalid Claim
CLM00351,Refrigerator,Double Door,Noise,Main Unit,Aster,24.0,No,Noise,Internal Component Failure,Not Applicable,Not Applicable,Not Applicable,Household,Unknown,Not Applicable,Not Applicable,Not Applicable,Not Applicable,Not Applicable,No,Yes,Yes,Yes,Yes,Yes,Not Applicable,Not Applicable,Not Applicable,Not Applicable,Not Applicable,Not Applicable,Not Applicable,No,0.0,Not Applicable,No,Not Applicable,Yes,Yes,No,No,No,0.0,1076.08,772.28,0.0,0.453,Web,Edge,51,Light,0.69989,1042.0,17.0,24.0,Yes,-312.0,Expired,Not Applicable,30.0,Yes,Yes,3.0,3.0,0.0,0.0,1.0,Yes,No,0.0,3.0,No,Yes,Yes,No,No,Not Applicable,0.7176789829752435,Low,12.0,0.0,Invalid Claim
CLM00352,Laptop,Business Laptop,Device,Main Unit,NovaTech,24.0,No,Battery Problem,Manufacturing Defect,Unknown,Yes,Yes,Not Applicable,Not Applicable,Not Applicable,Not Applicable,Not Applicable,Not Applicable,Not Applicable,Yes,Yes,Yes,Yes,Yes,Yes,Not Applicable,Not Applicable,Not Applicable,Not Applicable,Not Applicable,Not Applicable,Not Applicable,No,0.0,Not Applicable,No,Not Applicable,Yes,Yes,No,No,No,0.0,618.29,235.69,0.0,0.728,Web,MobileWebView,47,Light,-0.80711,503.0,2.0,24.0,Yes,227.0,Active,Not Applicable,30.0,Yes,Yes,3.0,3.0,0.0,0.0,1.0,Yes,No,0.0,3.0,Yes,Yes,Yes,No,No,Yes,0.3811965259020848,Medium,9.0,1.0,Valid Claim
CLM00353,Refrigerator,Single Door,Water Leakage,Main Unit,Aster,24.0,No,Water Leakage,Manufacturing Defect,Not Applicable,Not Applicable,Not Applicable,Household,Unknown,Not Applicable,Not Applicable,Not Applicable,Not Applicable,Not Applicable,Yes,Yes,Yes,Yes,Yes,Yes,Not Applicable,Not Applicable,Not Applicable,Not Applicable,Not Applicable,Not Applicable,Not Applicable,No,0.0,Not Applicable,No,Not Applicable,No,Yes,No,No,No,1.0,566.2,494.99,0.0,,Mobile App,MobileWebView,35,System,-0.6631,539.0,7.0,24.0,Yes,192.0,Active,Not Applicable,30.0,Yes,Yes,3.0,3.0,0.0,0.0,1.0,Yes,No,0.0,3.0,Yes,Yes,No,No,No,Not Applicable,0.8742317202401978,Unknown,11.0,3.0,Invalid Claim
CLM00354,Refrigerator,Side-by-Side,Other,Main Unit,HomePro,24.0,No,Mechanical Failure,Commercial Misuse,Not Applicable,Not Applicable,Not Applicable,Household,No,Not Applicable,Not Applicable,Not Applicable,Not Applicable,Not Applicable,Yes,Yes,Yes,Yes,Yes,Yes,Not Applicable,Not Applicable,Not Applicable,Not Applicable,Not Applicable,Not Applicable,Not Applicable,No,0.0,Not Applicable,No,Not Applicable,Yes,Yes,No,No,No,0.0,1638.87,,0.0,0.873,Web,Firefox,46,Dark,-1.31532,519.0,16.0,24.0,Yes,211.0,Active,Not Applicable,30.0,Yes,No,3.0,3.0,0.0,0.0,1.0,Yes,No,0.0,3.0,Yes,Yes,Yes,No,No,Not Applicable,,High,10.0,3.0,Invalid Claim
CLM00355,Air Conditioner,Portable,Outdoor Unit,Compressor,HomePro,60.0,No,Noise,Internal Component Failure,Not Applicable,Not Applicable,Not Applicable,Not Applicable,Unknown,Not Applicable,Not Applicable,No,Outdoor Unit,Not Applicable,Yes,Yes,No,Yes,No,Yes,Yes,Not Applicable,Not Applicable,Yes,Not Applicable,Not Applicable,Not Applicable,No,0.0,Not Applicable,No,Not Applicable,Yes,Yes,No,No,No,1.0,2732.03,630.87,0.0,0.982,Email,MobileWebView,27,System,-1.06355,1761.0,,60.0,Yes,65.0,Active,Active,30.0,Unknown,Yes,5.0,4.0,1.0,0.0,0.8,No,Yes,1.0,4.0,Yes,Yes,Yes,No,No,Not Applicable,0.2309162051661218,High,4.0,1.0,Manual Review
CLM00356,Smartphone,Foldable Smartphone,Phone,Main Unit,PrimeView,12.0,No,Power Failure,Internal Component Failure,Yes,Unknown,Not Applicable,Not Applicable,Not Applicable,Not Applicable,Not Applicable,Not Applicable,Not Applicable,Not Applicable,Yes,Yes,Yes,Yes,Yes,Yes,Not Applicable,Not Applicable,Not Applicable,Not Applicable,Not Applicable,Not Applicable,Yes,Yes,1.0,Unknown,No,Not Applicable,Yes,Yes,No,No,No,0.0,906.39,575.63,304.61,0.775,Email,Firefox,39,System,0.1675,304.0,27.0,12.0,Yes,61.0,Active,Not Applicable,30.0,Yes,Yes,4.0,4.0,0.0,0.0,1.0,Yes,No,0.0,4.0,Yes,Yes,Yes,Yes,No,Yes,0.6350798221516124,Medium,2.0,0.0,Manual Review
CLM00357,Washing Machine,Top Load,Power,Main Unit,ZenCore,24.0,No,Power Failure,Internal Component Failure,Not Applicable,Not Applicable,Not Applicable,Household,Yes,Not Applicable,Unknown,Not Applicable,Not Applicable,Not Applicable,Yes,Yes,No,Yes,Yes,Yes,Not Applicable,Not Applicable,Not Applicable,Not Applicable,Not Applicable,Not Applicable,Not Applicable,No,0.0,Not Applicable,Yes,Yes,Yes,Yes,No,No,No,1.0,748.91,410.31,0.0,0.745,Service Center,MobileWebView,27,Dark,-1.03788,662.0,9.0,24.0,Yes,69.0,Active,Not Applicable,30.0,Yes,Yes,3.0,3.0,0.0,0.0,1.0,Yes,No,0.0,3.0,Yes,Yes,Yes,No,Yes,Unknown,0.5478762468120335,Medium,4.0,0.0,Valid Claim
CLM00358,Laptop,Consumer Laptop,Device,Main Unit,Aster,24.0,No,Battery Problem,Electrical Failure,No,Unknown,Yes,Not Applicable,Not Applicable,Not Applicable,Not Applicable,Not Applicable,Not Applicable,Not Applicable,Yes,No,Yes,Yes,Yes,Yes,Not Applicable,Not Applicable,Not Applicable,Not Applicable,Not Applicable,Not Applicable,Yes,Yes,1.0,Yes,No,Not Applicable,Yes,Yes,No,No,No,2.0,2058.27,283.91,278.03,0.671,Web,Edge,25,Dark,-1.17211,492.0,18.0,24.0,Yes,239.0,Active,Not Applicable,30.0,Yes,Yes,4.0,4.0,0.0,0.0,1.0,Yes,No,0.0,4.0,Yes,Yes,Yes,Yes,No,Unknown,0.1379362279972987,Low,2.0,5.0,Manual Review
CLM00359,Printer,Laser,Other,Print Head,NovaTech,12.0,No,Connectivity Issue,Electrical Failure,Not Applicable,Not Applicable,Not Applicable,Not Applicable,No,Not Applicable,No,Not Applicable,Not Applicable,Original,Yes,Yes,Yes,Yes,No,No,Not Applicable,Not Applicable,Not Applicable,Not Applicable,Not Applicable,Yes,Not Applicable,No,0.0,Not Applicable,No,Not Applicable,Yes,Yes,No,No,No,0.0,199.16,83.91,0.0,0.902,Service Center,Edge,36,Light,0.18315,232.0,11.0,12.0,Yes,133.0,Active,Active,30.0,Yes,Yes,4.0,2.0,2.0,0.0,0.5,No,Yes,2.0,2.0,Yes,Yes,Yes,No,No,No,0.4213195420767222,High,10.0,0.0,Manual Review
CLM00360,Refrigerator,Double Door,Not Sure,Main Unit,ZenCore,24.0,No,Noise,Electrical Failure,Not Applicable,Not Applicable,Not Applicable,Household,Yes,Not Applicable,Not Applicable,Not Applicable,Not Applicable,Not Applicable,Yes,No,No,Yes,Yes,Yes,Not Applicable,Not Applicable,Not Applicable,Not Applicable,Not Applicable,Not Applicable,Not Applicable,No,0.0,Not Applicable,No,Not Applicable,Yes,Yes,No,No,No,1.0,2835.36,518.76,0.0,0.751,Mobile App,Chrome,55,Dark,-0.68233,381.0,6.0,24.0,Yes,350.0,Active,Not Applicable,30.0,Yes,Yes,3.0,3.0,0.0,0.0,1.0,Yes,No,0.0,3.0,Yes,Yes,Yes,No,No,Not Applicable,0.1829608938547486,Medium,5.0,1.0,Valid Claim
CLM00361,Camera,DSLR,Camera Body,Camera Body,Aster,24.0,No,Battery Problem,Internal Component Failure,No,No,Yes,Not Applicable,Not Applicable,Not Applicable,Not Applicable,Not Applicable,Not Applicable,Not Applicable,No,No,No,Yes,No,Yes,Not Applicable,Not Applicable,Not Applicable,Not Applicable,Not Applicable,Not Applicable,Not Applicable,No,0.0,Not Applicable,No,Not Applicable,Yes,Yes,No,No,No,4.0,1677.88,214.12,0.0,0.881,Service Center,Safari,40,Dark,-0.61133,427.0,13.0,24.0,Yes,304.0,Active,Not Applicable,30.0,Yes,Yes,3.0,1.0,2.0,0.0,0.3333333333333333,No,Yes,2.0,1.0,No,No,Yes,No,No,No,0.1276134169308889,High,8.0,1.0,Manual Review
CLM00362,Refrigerator,Single Door,Power,Main Unit,Aster,24.0,No,Power Failure,Manufacturing Defect,Not Applicable,Not Applicable,Not Applicable,Business,No,Not Applicable,Not Applicable,Not Applicable,Not Applicable,Not Applicable,Yes,Yes,No,Yes,,Yes,Not Applicable,Not Applicable,Not Applicable,Not Applicable,Not Applicable,Not Applicable,,No,0.0,Not Applicable,No,Not Applicable,Yes,Yes,No,No,No,0.0,1579.8,157.68,0.0,0.787,Email,Chrome,16,System,0.75411,401.0,7.0,24.0,Yes,329.0,Active,Not Applicable,30.0,Yes,Yes,3.0,2.0,0.0,1.0,0.6666666666666666,Unknown,Unknown,0.0,2.0,Yes,Yes,Yes,No,No,Not Applicable,0.0998101025446259,Medium,7.0,3.0,Valid Claim
CLM00363,Smartphone,Foldable Smartphone,Phone,Main Unit,NovaTech,12.0,No,Power Failure,Accidental Damage,Yes,No,Not Applicable,Not Applicable,Not Applicable,Not Applicable,Not Applicable,Not Applicable,Not Applicable,Not Applicable,Yes,No,Yes,,Yes,Yes,Not Applicable,Not Applicable,Not Applicable,Not Applicable,Not Applicable,Not Applicable,Yes,Yes,1.0,Yes,No,Not Applicable,Yes,Yes,No,No,No,0.0,1368.08,450.47,178.0,0.46,Mobile App,Firefox,36,Light,-1.01327,208.0,44.0,12.0,Yes,158.0,Active,Not Applicable,30.0,No,No,4.0,4.0,0.0,0.0,1.0,Yes,No,0.0,4.0,Yes,Yes,Yes,Yes,No,Yes,0.3292716800187124,Low,5.0,5.0,Invalid Claim
CLM00364,Laptop,Gaming Laptop,Device,Main Unit,,24.0,No,Power Failure,Misuse,No,No,Not Applicable,Not Applicable,Not Applicable,Not Applicable,Not Applicable,Not Applicable,Not Applicable,Not Applicable,Yes,Yes,No,Yes,Yes,No,Not Applicable,Not Applicable,Not Applicable,Not Applicable,Not Applicable,Not Applicable,,Yes,3.0,Yes,No,Not Applicable,Yes,Yes,No,No,Yes,2.0,1846.98,814.55,553.84,0.847,Web,Edge,14,Light,0.01442,459.0,11.0,24.0,Yes,271.0,Active,Not Applicable,30.0,Yes,No,4.0,2.0,1.0,1.0,0.5,No,No,1.0,2.0,Yes,Yes,Yes,Yes,No,No,0.4410172281237479,Medium,4.0,2.0,Invalid Claim
CLM00365,Laptop,Gaming Laptop,Device,Main Unit,NovaTech,24.0,No,Battery Problem,Electrical Failure,No,No,Yes,Not Applicable,Not Applicable,Not Applicable,Not Applicable,Not Applicable,Not Applicable,Not Applicable,Yes,Yes,Yes,Yes,,Yes,Not Applicable,Not Applicable,Not Applicable,Not Applicable,Not Applicable,Not Applicable,No,Yes,1.0,Yes,No,Not Applicable,Yes,Yes,No,No,Yes,0.0,1937.75,317.61,547.21,0.769,Mobile App,Firefox,17,System,-2.81682,398.0,23.0,24.0,Yes,333.0,Active,Not Applicable,30.0,Yes,Yes,4.0,2.0,1.0,1.0,0.5,No,Unknown,1.0,2.0,Yes,Yes,Yes,Yes,No,No,0.1639065926977164,Medium,6.0,1.0,Manual Review
CLM00366,Washing Machine,Top Load,Noise,Main Unit,PrimeView,24.0,No,Noise,Electrical Failure,Not Applicable,Not Applicable,Not Applicable,Household,Yes,Not Applicable,No,Not Applicable,Not Applicable,Not Applicable,Yes,Yes,Yes,Yes,Yes,Yes,Not Applicable,Not Applicable,Not Applicable,Not Applicable,Not Applicable,Not Applicable,No,Yes,3.0,Yes,No,Not Applicable,Yes,Yes,No,No,No,3.0,1926.47,475.71,638.18,0.842,Mobile App,MobileWebView,2,System,-0.41904,968.0,1.0,24.0,Yes,-237.0,Expired,Not Applicable,30.0,Yes,Yes,4.0,3.0,1.0,0.0,0.75,No,No,1.0,3.0,Yes,Yes,Yes,Yes,No,No,0.246933510514049,Medium,3.0,1.0,Invalid Claim
CLM00367,Television,QLED,Sound,Main Unit,Aster,24.0,No,Audio Failure,Electrical Failure,No,Not Applicable,Not Applicable,Not Applicable,Not Applicable,No,Not Applicable,Not Applicable,Not Applicable,Not Applicable,Yes,Yes,Yes,Yes,Yes,Yes,Not Applicable,Not Applicable,Not Applicable,Not Applicable,Not Applicable,Not Applicable,Not Applicable,No,0.0,Not Applicable,No,Not Applicable,Yes,Yes,No,No,Yes,1.0,1076.93,428.47,0.0,0.737,Mobile App,Safari,14,Dark,0.31268,422.0,9.0,24.0,Yes,309.0,Active,Not Applicable,30.0,Yes,Yes,3.0,3.0,0.0,0.0,1.0,Yes,No,0.0,3.0,Yes,Yes,Yes,No,No,No,0.3978624423128708,Medium,1.0,1.0,Manual Review
CLM00368,Television,OLED,Power,Main Unit,,24.0,No,Power Failure,Manufacturing Defect,Yes,Not Applicable,Not Applicable,Not Applicable,Not Applicable,Yes,Not Applicable,Not Applicable,Not Applicable,Not Applicable,Yes,Yes,Yes,Yes,Yes,,Not Applicable,Not Applicable,Not Applicable,Not Applicable,Not Applicable,Not Applicable,Not Applicable,No,0.0,Not Applicable,No,Not Applicable,Yes,Yes,No,No,No,0.0,2614.85,229.76,,0.505,Mobile App,Chrome,54,System,0.32277,617.0,24.0,24.0,Yes,114.0,Active,Not Applicable,30.0,Yes,Yes,3.0,2.0,0.0,1.0,0.6666666666666666,Unknown,No,0.0,2.0,Yes,Yes,Yes,No,No,Yes,0.0878673728894582,Low,6.0,6.0,Manual Review
CLM00369,Laptop,Business Laptop,Device,Main Unit,NovaTech,24.0,No,Power Failure,Electrical Failure,Yes,No,Not Applicable,Not Applicable,Not Applicable,Not Applicable,Not Applicable,Not Applicable,Not Applicable,Not Applicable,No,Yes,No,Yes,No,Yes,Not Applicable,Not Applicable,Not Applicable,Not Applicable,Not Applicable,Not Applicable,Not Applicable,No,0.0,Not Applicable,No,Not Applicable,Yes,Yes,No,No,No,1.0,726.31,120.13,0.0,0.568,Web,Chrome,39,Dark,1.14879,588.0,15.0,24.0,Yes,143.0,Active,Not Applicable,30.0,Yes,Yes,3.0,2.0,1.0,0.0,0.6666666666666666,No,Yes,1.0,2.0,No,Yes,Yes,No,No,Yes,0.1653976951990197,Low,4.0,5.0,Manual Review
CLM00370,Air Conditioner,Cassette,Outdoor Unit,Main Unit,,24.0,No,Water Leakage,Misuse,Not Applicable,Not Applicable,Not Applicable,Not Applicable,No,Not Applicable,Not Applicable,No,Outdoor Unit,Not Applicable,Yes,No,No,Yes,Yes,Yes,Yes,Not Applicable,Not Applicable,Not Applicable,Not Applicable,Not Applicable,Not Applicable,No,0.0,Not Applicable,No,Not Applicable,Yes,Yes,No,No,No,1.0,926.68,548.43,0.0,,Web,Chrome,13,Dark,0.00086,519.0,11.0,24.0,Yes,211.0,Active,Not Applicable,30.0,Yes,No,4.0,4.0,0.0,0.0,1.0,Yes,No,0.0,4.0,Yes,Yes,Yes,No,No,Not Applicable,0.5918224198212975,Unknown,10.0,3.0,Invalid Claim
CLM00371,Laptop,Business Laptop,Device,Main Unit,Aster,24.0,No,Overheating,Electrical Failure,No,No,Not Applicable,Not Applicable,Not Applicable,Not Applicable,Not Applicable,Not Applicable,Not Applicable,Not Applicable,Yes,Yes,Yes,Yes,Yes,Yes,Not Applicable,Not Applicable,Not Applicable,Not Applicable,Not Applicable,Not Applicable,Not Applicable,No,0.0,Not Applicable,No,Not Applicable,Yes,Yes,No,No,No,0.0,647.51,220.57,,0.604,Mobile App,MobileWebView,46,Light,-0.3483,423.0,39.0,24.0,Yes,307.0,Active,Not Applicable,30.0,No,Yes,3.0,3.0,0.0,0.0,1.0,Yes,No,0.0,3.0,Yes,Yes,Yes,No,No,No,0.3406433877469074,Low,1.0,4.0,Invalid Claim
CLM00372,Laptop,Gaming Laptop,Not Sure,Main Unit,Aster,24.0,No,Display Failure,Accidental Damage,Yes,Unknown,Not Applicable,Not Applicable,Not Applicable,Not Applicable,Not Applicable,Not Applicable,Not Applicable,Not Applicable,Yes,Yes,Yes,Yes,,Yes,Not Applicable,Not Applicable,Not Applicable,Not Applicable,Not Applicable,Not Applicable,Yes,Yes,3.0,Yes,No,Not Applicable,Yes,Yes,No,No,No,0.0,1375.77,214.4,,,Mobile App,Edge,54,System,0.66854,936.0,11.0,24.0,Yes,-205.0,Expired,Not Applicable,30.0,Yes,No,4.0,3.0,0.0,1.0,0.75,Unknown,Unknown,0.0,3.0,Yes,Yes,Yes,Yes,No,Yes,0.1558400023259702,Unknown,2.0,5.0,Invalid Claim
CLM00373,Washing Machine,Washer Dryer,Other,Main Unit,PrimeView,24.0,Yes,Mechanical Failure,Electrical Failure,Not Applicable,Not Applicable,Not Applicable,Household,No,Not Applicable,No,Not Applicable,Not Applicable,Not Applicable,Yes,Yes,Yes,Yes,Yes,Yes,Not Applicable,Not Applicable,Not Applicable,Not Applicable,Not Applicable,Not Applicable,Not Applicable,No,0.0,Not Applicable,No,Not Applicable,Yes,Yes,No,No,No,1.0,1607.05,450.26,0.0,0.864,Email,Edge,33,System,-0.52714,826.0,13.0,24.0,Yes,270.0,Active,Not Applicable,30.0,Yes,Yes,3.0,3.0,0.0,0.0,1.0,Yes,No,0.0,3.0,Yes,Yes,Yes,No,No,No,0.2801779658380262,High,6.0,1.0,Valid Claim
CLM00374,Laptop,2-in-1,Device,Main Unit,ZenCore,24.0,No,Display Failure,Accidental Damage,No,Unknown,Not Applicable,Not Applicable,Not Applicable,Not Applicable,Not Applicable,Not Applicable,Not Applicable,Not Applicable,Yes,No,No,,Yes,Yes,Not Applicable,Not Applicable,Not Applicable,Not Applicable,Not Applicable,Not Applicable,Not Applicable,No,0.0,Not Applicable,No,Not Applicable,Yes,Yes,No,No,No,2.0,911.73,647.37,0.0,0.772,Web,Edge,32,System,0.99726,399.0,0.0,24.0,Yes,331.0,Active,Not Applicable,30.0,Yes,No,3.0,3.0,0.0,0.0,1.0,Yes,No,0.0,3.0,Yes,Yes,Yes,No,No,Unknown,0.7100457372248363,Medium,12.0,1.0,Invalid Claim
CLM00375,Air Conditioner,Split,Both,Main Unit,ZenCore,24.0,No,Water Leakage,Electrical Failure,Not Applicable,Not Applicable,Not Applicable,Not Applicable,No,Not Applicable,Not Applicable,No,Both,Not Applicable,Yes,No,Yes,No,Yes,No,Yes,Not Applicable,Not Applicable,Not Applicable,Not Applicable,Not Applicable,Not Applicable,No,0.0,Not Applicable,No,Not Applicable,Yes,Yes,No,No,No,0.0,2326.3,1743.76,0.0,0.821,Mobile App,Firefox,7,Light,0.20734,731.0,18.0,24.0,Yes,0.0,Nearing Expiry,Not Applicable,30.0,Yes,Yes,4.0,3.0,1.0,0.0,0.75,No,No,1.0,3.0,Yes,Yes,Yes,No,No,Not Applicable,0.7495851781799423,Medium,6.0,5.0,Manual Review
CLM00376,Air Conditioner,Split,Both,Main Unit,Aster,24.0,No,Noise,Manufacturing Defect,Not Applicable,Not Applicable,Not Applicable,Not Applicable,Yes,Not Applicable,Not Applicable,No,Both,Not Applicable,No,Yes,Yes,,Yes,Yes,No,Not Applicable,Not Applicable,Not Applicable,Not Applicable,Not Applicable,Not Applicable,No,0.0,Not Applicable,No,Not Applicable,Yes,Yes,No,No,No,0.0,895.79,615.83,0.0,0.539,Mobile App,MobileWebView,38,Dark,2.01173,903.0,15.0,24.0,Yes,-172.0,Expired,Not Applicable,30.0,Yes,Yes,4.0,3.0,1.0,0.0,0.75,No,Yes,1.0,3.0,No,Yes,Yes,No,No,Not Applicable,0.6874713939651035,Low,10.0,0.0,Invalid Claim
CLM00377,Laptop,Business Laptop,Device,Main Unit,ZenCore,24.0,Yes,Overheating,Electrical Failure,No,No,Not Applicable,Not Applicable,Not Applicable,Not Applicable,Not Applicable,Not Applicable,Not Applicable,Not Applicable,Yes,No,Yes,Yes,Yes,Yes,Not Applicable,Not Applicable,Not Applicable,Not Applicable,Not Applicable,Not Applicable,Yes,Yes,2.0,Yes,No,Not Applicable,Yes,Yes,No,No,Yes,1.0,993.92,736.4,243.89,0.823,Mobile App,Safari,44,Dark,-0.05332,895.0,36.0,24.0,Yes,201.0,Active,Not Applicable,30.0,No,Yes,4.0,4.0,0.0,0.0,1.0,Yes,No,0.0,4.0,Yes,Yes,Yes,Yes,No,No,0.7409047005795235,Medium,6.0,2.0,Invalid Claim
CLM00378,Smartphone,Rugged Smartphone,Phone,Main Unit,NovaTech,12.0,No,Overheating,Liquid Damage,No,Yes,Not Applicable,Not Applicable,Not Applicable,Not Applicable,Not Applicable,Not Applicable,Not Applicable,Not Applicable,Yes,,Yes,Yes,Yes,Yes,Not Applicable,Not Applicable,Not Applicable,Not Applicable,Not Applicable,Not Applicable,,No,0.0,Not Applicable,Yes,Yes,Yes,Yes,No,No,No,0.0,587.95,194.85,,0.924,Service Center,MobileWebView,39,System,0.69544,315.0,13.0,12.0,Yes,50.0,Active,Not Applicable,30.0,Yes,No,3.0,3.0,0.0,0.0,1.0,Yes,No,0.0,3.0,Yes,Yes,Yes,No,Yes,Yes,0.3314057317799132,High,8.0,4.0,Invalid Claim
CLM00379,Printer,Thermal,Printing,Main Unit,NovaTech,12.0,No,Mechanical Failure,Electrical Failure,Not Applicable,Not Applicable,Not Applicable,Not Applicable,No,Not Applicable,No,Not Applicable,Not Applicable,Unknown,Yes,Yes,Yes,Yes,No,Yes,Not Applicable,Not Applicable,Not Applicable,Not Applicable,Not Applicable,Yes,,No,0.0,Not Applicable,No,Not Applicable,Yes,Yes,No,No,No,3.0,467.38,41.13,,0.798,Email,Firefox,58,Dark,-0.03446,161.0,48.0,12.0,Yes,204.0,Active,Not Applicable,30.0,No,Yes,4.0,3.0,1.0,0.0,0.75,No,Yes,1.0,3.0,Yes,Yes,Yes,No,No,No,0.0880011981685138,Medium,9.0,4.0,Invalid Claim
CLM00380,Laptop,Consumer Laptop,Battery,Battery,Aster,12.0,No,Display Failure,Liquid Damage,No,Unknown,Yes,Not Applicable,Not Applicable,Not Applicable,Not Applicable,Not Applicable,Not Applicable,Not Applicable,Yes,Yes,Yes,Yes,Yes,Yes,Not Applicable,Yes,Not Applicable,Not Applicable,Not Applicable,Not Applicable,Not Applicable,No,0.0,Not Applicable,No,Not Applicable,Yes,Yes,Yes,No,No,3.0,1434.97,915.49,0.0,0.731,Mobile App,Firefox,2,Light,1.94939,249.0,2.0,12.0,Yes,116.0,Active,Active,30.0,Yes,No,4.0,4.0,0.0,0.0,1.0,Yes,No,0.0,4.0,Yes,Yes,Yes,No,No,Unknown,0.637985463110727,Medium,6.0,5.0,Invalid Claim
CLM00381,Refrigerator,French Door,Power,Main Unit,HomePro,24.0,No,Power Failure,Manufacturing Defect,Not Applicable,Not Applicable,Not Applicable,Household,No,Not Applicable,Not Applicable,Not Applicable,Not Applicable,Not Applicable,Yes,Yes,Yes,Yes,Yes,,Not Applicable,Not Applicable,Not Applicable,Not Applicable,Not Applicable,Not Applicable,No,Yes,2.0,Yes,No,Not Applicable,Yes,Yes,No,No,No,0.0,2670.68,619.54,383.95,0.575,Web,MobileWebView,41,System,-0.19755,366.0,15.0,24.0,Yes,365.0,Active,Not Applicable,30.0,Yes,Yes,4.0,2.0,1.0,1.0,0.5,No,No,1.0,2.0,Yes,Yes,Yes,Yes,No,Not Applicable,0.2319783725493132,Low,2.0,2.0,Manual Review
CLM00382,Smartphone,Foldable Smartphone,Phone,Main Unit,PrimeView,12.0,No,Connectivity Issue,Liquid Damage,No,Yes,Not Applicable,Not Applicable,Not Applicable,Not Applicable,Not Applicable,Not Applicable,Not Applicable,Not Applicable,Yes,Yes,No,Yes,Yes,Yes,Not Applicable,Not Applicable,Not Applicable,Not Applicable,Not Applicable,Not Applicable,,No,0.0,Not Applicable,No,Not Applicable,Unknown,Yes,No,No,No,1.0,1404.47,1295.73,0.0,0.876,Web,Safari,43,Dark,-0.28114,147.0,9.0,12.0,Yes,218.0,Active,Not Applicable,30.0,Yes,No,3.0,3.0,0.0,0.0,1.0,Yes,No,0.0,3.0,Yes,Yes,Unknown,No,No,Yes,0.92257577591547,High,1.0,5.0,Invalid Claim
CLM00383,Refrigerator,Single Door,Cooling,Main Unit,ZenCore,24.0,Yes,Cooling Failure,Electrical Failure,Not Applicable,Not Applicable,Not Applicable,Household,No,Not Applicable,Not Applicable,Not Applicable,Not Applicable,Not Applicable,Yes,Yes,No,Yes,Yes,No,Not Applicable,Not Applicable,Not Applicable,Not Applicable,Not Applicable,Not Applicable,Not Applicable,No,0.0,Not Applicable,No,Not Applicable,No,Yes,No,No,No,3.0,2849.62,880.6,0.0,0.877,Web,Safari,56,Dark,-0.97638,936.0,48.0,24.0,Yes,160.0,Active,Not Applicable,30.0,No,Yes,3.0,2.0,1.0,0.0,0.6666666666666666,No,No,1.0,2.0,Yes,Yes,No,No,No,Not Applicable,0.3090236592949235,High,10.0,1.0,Invalid Claim
CLM00384,Television,OLED,Connection,Main Unit,PrimeView,24.0,Yes,Connectivity Issue,Manufacturing Defect,No,Not Applicable,Not Applicable,Not Applicable,Not Applicable,No,Not Applicable,Not Applicable,Not Applicable,Not Applicable,Yes,Yes,Yes,Yes,Yes,Yes,Not Applicable,Not Applicable,Not Applicable,Not Applicable,Not Applicable,Not Applicable,Yes,Yes,2.0,Yes,No,Not Applicable,No,Yes,No,No,No,0.0,2608.18,348.42,60.45,0.761,Service Center,Safari,9,Light,0.20801,1110.0,10.0,24.0,Yes,-14.0,Expired,Not Applicable,30.0,Yes,Yes,4.0,4.0,0.0,0.0,1.0,Yes,No,0.0,4.0,Yes,Yes,No,Yes,No,No,0.1335874057772086,Medium,7.0,6.0,Invalid Claim
CLM00385,Camera,DSLR,Not Sure,Camera Body,NovaTech,24.0,No,Lens Failure,Internal Component Failure,No,No,Not Applicable,Not Applicable,Not Applicable,Not Applicable,Not Applicable,Not Applicable,Not Applicable,Not Applicable,Yes,Yes,No,Yes,Yes,Yes,Not Applicable,Not Applicable,Not Applicable,Not Applicable,Not Applicable,Not Applicable,Yes,Yes,1.0,Yes,No,Not Applicable,Yes,Yes,No,No,No,1.0,1715.94,900.63,30.93,0.945,Mobile App,MobileWebView,51,System,0.908,532.0,20.0,24.0,Yes,199.0,Active,Not Applicable,30.0,Yes,Yes,4.0,4.0,0.0,0.0,1.0,Yes,No,0.0,4.0,Yes,Yes,Yes,Yes,No,No,0.5248610091261932,High,10.0,2.0,Valid Claim
CLM00386,Smartphone,Rugged Smartphone,Charger,Charger,Aster,6.0,No,Battery Problem,Electrical Failure,No,No,Yes,Not Applicable,Not Applicable,Not Applicable,Not Applicable,Not Applicable,Not Applicable,Not Applicable,Yes,No,Yes,Yes,No,Yes,Not Applicable,Not Applicable,Not Applicable,Not Applicable,Not Applicable,Not Applicable,Yes,Yes,1.0,Yes,No,Not Applicable,Yes,Yes,Yes,No,No,2.0,866.39,124.11,620.11,0.912,Service Center,Edge,2,System,-0.09678,75.0,27.0,6.0,Yes,106.0,Active,Active,30.0,Yes,Yes,4.0,3.0,1.0,0.0,0.75,No,Yes,1.0,3.0,Yes,Yes,Yes,Yes,No,No,0.1432495758261291,High,1.0,3.0,Invalid Claim
CLM00387,Air Conditioner,Portable,Indoor Unit,Main Unit,Aster,24.0,No,Noise,Electrical Failure,Not Applicable,Not Applicable,Not Applicable,Not Applicable,No,Not Applicable,Not Applicable,No,Indoor Unit,Not Applicable,Yes,Yes,No,Yes,Yes,Yes,Yes,Not Applicable,Not Applicable,Not Applicable,Not Applicable,Not Applicable,Not Applicable,No,0.0,Not Applicable,Yes,Yes,Yes,Yes,No,No,No,0.0,2703.1,616.83,0.0,,Mobile App,Safari,17,System,0.65087,1024.0,12.0,24.0,Yes,-293.0,Expired,Not Applicable,30.0,Yes,Yes,4.0,4.0,0.0,0.0,1.0,Yes,No,0.0,4.0,Yes,Yes,Yes,No,Yes,Not Applicable,0.2281935555473345,Unknown,1.0,6.0,Invalid Claim
CLM00388,Refrigerator,Side-by-Side,Cooling,Main Unit,HomePro,24.0,No,Cooling Failure,Electrical Failure,Not Applicable,Not Applicable,Not Applicable,Household,No,Not Applicable,Not Applicable,Not Applicable,Not Applicable,Not Applicable,Yes,No,No,Yes,Yes,Yes,Not Applicable,Not Applicable,Not Applicable,Not Applicable,Not Applicable,Not Applicable,Not Applicable,No,0.0,Not Applicable,No,Not Applicable,Yes,Yes,No,No,No,1.0,1107.58,706.92,0.0,0.99,Web,MobileWebView,33,System,0.31988,517.0,16.0,24.0,Yes,213.0,Active,Not Applicable,30.0,Yes,Yes,3.0,3.0,0.0,0.0,1.0,Yes,No,0.0,3.0,Yes,Yes,Yes,No,No,Not Applicable,0.6382563787717366,High,8.0,6.0,Valid Claim
CLM00389,Camera,Mirrorless,Camera Body,Camera Body,NovaTech,24.0,No,Lens Failure,Electrical Failure,No,No,Not Applicable,Not Applicable,Not Applicable,Not Applicable,Not Applicable,Not Applicable,Not Applicable,Not Applicable,Yes,Yes,Yes,Yes,Yes,Yes,Not Applicable,Not Applicable,Not Applicable,Not Applicable,Not Applicable,Not Applicable,Not Applicable,No,0.0,Not Applicable,No,Not Applicable,Yes,Yes,No,No,No,0.0,461.16,390.18,,0.729,Web,Chrome,55,Light,-0.95189,493.0,23.0,24.0,Yes,237.0,Active,Not Applicable,30.0,Yes,Yes,3.0,3.0,0.0,0.0,1.0,Yes,No,0.0,3.0,Yes,Yes,Yes,No,No,No,0.8460837887067395,Medium,8.0,0.0,Valid Claim
CLM00390,Refrigerator,Side-by-Side,Cooling,Main Unit,Aster,24.0,No,Cooling Failure,Internal Component Failure,Not Applicable,Not Applicable,Not Applicable,Household,Yes,Not Applicable,Not Applicable,Not Applicable,Not Applicable,Not Applicable,Yes,No,No,Yes,Yes,Yes,Not Applicable,Not Applicable,Not Applicable,Not Applicable,Not Applicable,Not Applicable,Yes,Yes,3.0,Yes,No,Not Applicable,Yes,Yes,No,No,No,1.0,1991.3,1254.73,165.9,0.867,Mobile App,Firefox,57,Light,-0.23007,934.0,16.0,24.0,Yes,-204.0,Expired,Not Applicable,30.0,Yes,Yes,4.0,4.0,0.0,0.0,1.0,Yes,No,0.0,4.0,Yes,Yes,Yes,Yes,No,Not Applicable,0.6301059609300457,High,8.0,5.0,Invalid Claim
CLM00391,Air Conditioner,Window,Indoor Unit,Main Unit,HomePro,24.0,No,Power Failure,Manufacturing Defect,Not Applicable,Not Applicable,Not Applicable,Not Applicable,Unknown,Not Applicable,Not Applicable,No,Indoor Unit,Not Applicable,Yes,Yes,No,Yes,Yes,Yes,No,Not Applicable,Not Applicable,Not Applicable,Not Applicable,Not Applicable,Not Applicable,No,0.0,Not Applicable,No,Not Applicable,Yes,Yes,No,No,No,2.0,1280.18,767.76,0.0,0.921,Mobile App,MobileWebView,53,System,0.89289,415.0,20.0,24.0,Yes,316.0,Active,Not Applicable,30.0,Yes,Yes,4.0,3.0,1.0,0.0,0.75,No,Yes,1.0,3.0,Yes,Yes,Yes,No,No,Not Applicable,0.5997281632270461,High,2.0,6.0,Manual Review
CLM00392,Television,LED,Remote Control,Remote Control,HomePro,6.0,No,Connectivity Issue,Internal Component Failure,No,Not Applicable,Not Applicable,Not Applicable,Not Applicable,Yes,Not Applicable,Not Applicable,Not Applicable,Not Applicable,Yes,Yes,Yes,Yes,Yes,Yes,Not Applicable,Not Applicable,Not Applicable,Not Applicable,Not Applicable,Not Applicable,Not Applicable,No,0.0,Not Applicable,No,Not Applicable,Yes,Yes,No,No,No,0.0,1681.46,213.18,0.0,0.917,Mobile App,Firefox,46,System,-1.70234,58.0,5.0,6.0,Yes,124.0,Active,Active,30.0,Yes,Yes,3.0,3.0,0.0,0.0,1.0,Yes,No,0.0,3.0,Yes,Yes,Yes,No,No,No,0.1267826769593091,High,12.0,2.0,Valid Claim
CLM00393,Laptop,Gaming Laptop,Device,Main Unit,ZenCore,24.0,Yes,Connectivity Issue,Internal Component Failure,No,No,Not Applicable,Not Applicable,Not Applicable,Not Applicable,Not Applicable,Not Applicable,Not Applicable,Not Applicable,Yes,Yes,Yes,Yes,Yes,Yes,Not Applicable,Not Applicable,Not Applicable,Not Applicable,Not Applicable,Not Applicable,Yes,Yes,2.0,Yes,No,Not Applicable,Yes,Yes,No,No,No,1.0,1880.54,259.61,286.2,0.528,Service Center,Safari,47,Dark,0.97279,1269.0,8.0,24.0,Yes,-174.0,Expired,Not Applicable,30.0,Yes,Yes,4.0,4.0,0.0,0.0,1.0,Yes,No,0.0,4.0,Yes,Yes,Yes,Yes,No,No,0.1380507726504089,Low,4.0,5.0,Invalid Claim
CLM00394,Air Conditioner,Cassette,Not Sure,Main Unit,Aster,24.0,No,Noise,Manufacturing Defect,Not Applicable,Not Applicable,Not Applicable,Not Applicable,No,Not Applicable,Not Applicable,Yes,Not Sure,Not Applicable,Yes,Yes,No,,Yes,Yes,Yes,Not Applicable,Not Applicable,Not Applicable,Not Applicable,Not Applicable,No,Yes,2.0,Yes,No,Not Applicable,Yes,Yes,No,No,No,1.0,2537.58,513.27,206.38,0.804,Mobile App,MobileWebView,18,Light,-1.10794,643.0,11.0,24.0,Yes,88.0,Active,Not Applicable,30.0,Yes,Yes,5.0,4.0,1.0,0.0,0.8,No,No,1.0,4.0,Yes,Yes,Yes,Yes,No,Not Applicable,0.2022675147187478,Medium,11.0,6.0,Manual Review
CLM00395,Television,LED,Connection,Main Unit,Aster,24.0,No,Connectivity Issue,Internal Component Failure,No,Not Applicable,Not Applicable,Not Applicable,Not Applicable,No,Not Applicable,Not Applicable,Not Applicable,Not Applicable,Yes,,No,Yes,Yes,Yes,Not Applicable,Not Applicable,Not Applicable,Not Applicable,Not Applicable,Not Applicable,Yes,Yes,1.0,Yes,No,Not Applicable,Yes,Yes,No,No,No,1.0,2156.16,1288.59,371.78,0.752,Service Center,Firefox,39,Dark,-0.10961,477.0,12.0,24.0,Yes,254.0,Active,Not Applicable,30.0,Yes,Yes,4.0,4.0,0.0,0.0,1.0,Yes,No,0.0,4.0,Yes,Yes,Yes,Yes,No,No,0.5976319011576136,Medium,5.0,5.0,Valid Claim
CLM00396,Refrigerator,French Door,Cooling,Main Unit,HomePro,24.0,No,Cooling Failure,Electrical Failure,Not Applicable,Not Applicable,Not Applicable,Household,Yes,Not Applicable,Not Applicable,Not Applicable,Not Applicable,Not Applicable,Yes,Yes,Yes,Yes,Yes,Yes,Not Applicable,Not Applicable,Not Applicable,Not Applicable,Not Applicable,Not Applicable,Not Applicable,No,0.0,Not Applicable,No,Not Applicable,Yes,Yes,No,No,No,1.0,795.02,251.1,0.0,0.931,Web,Firefox,17,Light,0.02017,495.0,3.0,24.0,Yes,236.0,Active,Not Applicable,30.0,Yes,Yes,3.0,3.0,0.0,0.0,1.0,Yes,No,0.0,3.0,Yes,Yes,Yes,No,No,Not Applicable,0.3158411109154486,High,3.0,0.0,Valid Claim
CLM00397,Printer,Inkjet,Power,Main Unit,NovaTech,12.0,No,Power Failure,Manufacturing Defect,Not Applicable,Not Applicable,Not Applicable,Not Applicable,No,Not Applicable,No,Not Applicable,Not Applicable,Original,Yes,Yes,No,Yes,Yes,Yes,Not Applicable,Not Applicable,Not Applicable,Not Applicable,Not Applicable,Yes,Not Applicable,No,0.0,Not Applicable,No,Not Applicable,Yes,Yes,No,No,No,0.0,1119.93,798.77,0.0,0.9,Web,Safari,15,Dark,-0.02182,540.0,15.0,12.0,Yes,-175.0,Expired,Not Applicable,30.0,Yes,Yes,4.0,4.0,0.0,0.0,1.0,Yes,No,0.0,4.0,Yes,Yes,Yes,No,No,No,0.7132320770048127,High,3.0,2.0,Invalid Claim
CLM00398,Laptop,Gaming Laptop,Device,Main Unit,ZenCore,24.0,No,Overheating,Electrical Failure,No,No,Not Applicable,Not Applicable,Not Applicable,Not Applicable,Not Applicable,Not Applicable,Not Applicable,Not Applicable,Yes,Yes,Yes,Yes,Yes,Yes,Not Applicable,Not Applicable,Not Applicable,Not Applicable,Not Applicable,Not Applicable,Not Applicable,No,0.0,Not Applicable,No,Not Applicable,Yes,Yes,No,No,No,0.0,1594.47,378.05,0.0,0.798,Web,Chrome,53,System,0.28363,542.0,4.0,24.0,Yes,189.0,Active,Not Applicable,30.0,Yes,Yes,3.0,3.0,0.0,0.0,1.0,Yes,No,0.0,3.0,Yes,Yes,Yes,No,No,No,0.2371007293959748,Medium,7.0,5.0,Valid Claim
CLM00399,Smartphone,Standard Smartphone,Phone,Main Unit,NovaTech,12.0,No,Power Failure,Rooted Or Unauthorized Software Modification,Unknown,No,Not Applicable,Not Applicable,Not Applicable,Not Applicable,Not Applicable,Not Applicable,Not Applicable,Not Applicable,Yes,Yes,No,Yes,Yes,Yes,Not Applicable,Not Applicable,Not Applicable,Not Applicable,Not Applicable,Not Applicable,Yes,Yes,2.0,Yes,No,Not Applicable,Yes,Yes,No,No,No,2.0,1790.33,1012.52,575.88,0.843,Service Center,MobileWebView,17,Light,-1.92105,391.0,12.0,12.0,Yes,-26.0,Expired,Not Applicable,30.0,Yes,No,4.0,4.0,0.0,0.0,1.0,Yes,No,0.0,4.0,Yes,Yes,Yes,Yes,No,Unknown,0.5655493679936101,Medium,3.0,0.0,Invalid Claim
CLM00400,Printer,Laser,Connection,Print Head,NovaTech,12.0,No,Connectivity Issue,Physical Damage,Not Applicable,Not Applicable,Not Applicable,Not Applicable,No,Not Applicable,No,Not Applicable,Not Applicable,Compatible,No,Yes,Yes,Yes,Yes,Yes,Not Applicable,Not Applicable,Not Applicable,Not Applicable,Not Applicable,Yes,Not Applicable,No,0.0,Not Applicable,No,Not Applicable,Unknown,Yes,No,No,No,2.0,657.5,79.29,0.0,0.889,Service Center,Firefox,58,System,-0.54756,186.0,10.0,12.0,Yes,179.0,Active,Active,30.0,Yes,No,4.0,4.0,0.0,0.0,1.0,Yes,No,0.0,4.0,No,Yes,Unknown,No,No,No,0.1205931558935361,High,11.0,6.0,Invalid Claim
CLM00401,Television,Mini-LED,Sound,Main Unit,PrimeView,24.0,No,Audio Failure,Electrical Failure,No,Not Applicable,Not Applicable,Not Applicable,Not Applicable,Unknown,Not Applicable,Not Applicable,Not Applicable,Not Applicable,No,Yes,Yes,Yes,Yes,,Not Applicable,Not Applicable,Not Applicable,Not Applicable,Not Applicable,Not Applicable,No,Yes,1.0,Yes,No,Not Applicable,Yes,Yes,No,No,No,0.0,727.33,585.49,617.63,0.924,Mobile App,Edge,52,Dark,0.83223,947.0,8.0,24.0,Yes,-216.0,Expired,Not Applicable,30.0,Yes,Yes,4.0,2.0,1.0,1.0,0.5,No,No,1.0,2.0,No,Yes,Yes,Yes,No,No,0.8049853574031045,High,1.0,5.0,Invalid Claim
CLM00402,Printer,Laser,Printing,Main Unit,NovaTech,12.0,No,Mechanical Failure,Internal Component Failure,Not Applicable,Not Applicable,Not Applicable,Not Applicable,Yes,Not Applicable,No,Not Applicable,Not Applicable,Compatible,No,No,Yes,Yes,Yes,Yes,Not Applicable,Not Applicable,Not Applicable,Not Applicable,Not Applicable,Yes,Not Applicable,No,0.0,Not Applicable,No,Not Applicable,Yes,Yes,No,No,No,1.0,257.9,70.52,0.0,0.885,Web,Firefox,12,Dark,0.27896,155.0,19.0,12.0,Yes,210.0,Active,Not Applicable,30.0,Yes,Yes,4.0,4.0,0.0,0.0,1.0,Yes,No,0.0,4.0,No,Yes,Yes,No,No,No,0.2734393175649476,High,8.0,0.0,Valid Claim
CLM00403,Smartphone,Foldable Smartphone,Phone,Main Unit,Aster,12.0,Yes,Power Failure,Normal Wear,No,No,Not Applicable,Not Applicable,Not Applicable,Not Applicable,Not Applicable,Not Applicable,Not Applicable,Not Applicable,Yes,Yes,No,Yes,Yes,Yes,Not Applicable,Not Applicable,Not Applicable,Not Applicable,Not Applicable,Not Applicable,Yes,Yes,1.0,Yes,No,Not Applicable,Yes,Yes,No,No,No,0.0,810.06,529.06,459.84,0.918,Web,Chrome,35,Light,-0.93665,563.0,7.0,12.0,Yes,168.0,Active,Not Applicable,30.0,Yes,No,4.0,4.0,0.0,0.0,1.0,Yes,No,0.0,4.0,Yes,Yes,Yes,Yes,No,No,0.653112115151964,High,4.0,4.0,Invalid Claim
CLM00404,Washing Machine,Top Load,Power,Main Unit,ZenCore,24.0,No,Power Failure,Electrical Failure,Not Applicable,Not Applicable,Not Applicable,Household,No,Not Applicable,No,Not Applicable,Not Applicable,Not Applicable,Yes,,Yes,Yes,,Yes,Not Applicable,Not Applicable,Not Applicable,Not Applicable,Not Applicable,Not Applicable,Not Applicable,No,0.0,Not Applicable,No,Not Applicable,Yes,Yes,No,No,No,0.0,1767.85,655.29,0.0,0.493,Service Center,MobileWebView,42,System,-1.65677,390.0,13.0,24.0,Yes,341.0,Active,Not Applicable,30.0,Yes,Yes,3.0,2.0,0.0,1.0,0.6666666666666666,Unknown,Unknown,0.0,2.0,Yes,Yes,Yes,No,No,No,0.3706705885680346,Low,10.0,5.0,Manual Review
CLM00405,Laptop,Consumer Laptop,Not Sure,Main Unit,NovaTech,24.0,No,Display Failure,Internal Component Failure,No,No,Not Applicable,Not Applicable,Not Applicable,Not Applicable,Not Applicable,Not Applicable,Not Applicable,Not Applicable,Yes,,Yes,Yes,Yes,Yes,Not Applicable,Not Applicable,Not Applicable,Not Applicable,Not Applicable,Not Applicable,Not Applicable,No,0.0,Not Applicable,Yes,Yes,Yes,Yes,No,No,No,2.0,1383.77,1300.66,0.0,0.792,Web,MobileWebView,56,Light,0.7568,500.0,8.0,24.0,Yes,231.0,Active,Not Applicable,30.0,Yes,Yes,3.0,3.0,0.0,0.0,1.0,Yes,No,0.0,3.0,Yes,Yes,Yes,No,Yes,No,0.9399394408030236,Medium,4.0,3.0,Valid Claim
CLM00406,Air Conditioner,Split,Indoor Unit,Main Unit,ZenCore,24.0,No,Power Failure,Improper Refrigerant Handling,Not Applicable,Not Applicable,Not Applicable,Not Applicable,No,Not Applicable,Not Applicable,No,Indoor Unit,Not Applicable,Yes,Yes,Yes,Yes,Yes,No,No,Not Applicable,Not Applicable,Not Applicable,Not Applicable,Not Applicable,No,Yes,1.0,Yes,No,Not Applicable,Yes,Yes,No,No,No,0.0,2779.88,434.71,40.09,0.87,Web,Edge,35,Light,0.42112,437.0,11.0,24.0,Yes,294.0,Active,Not Applicable,30.0,Yes,No,5.0,2.0,3.0,0.0,0.4,No,Yes,3.0,2.0,Yes,Yes,Yes,Yes,No,Not Applicable,0.156377253694404,High,3.0,6.0,Invalid Claim
CLM00407,Laptop,2-in-1,Device,Main Unit,ZenCore,24.0,No,Overheating,Electrical Failure,No,No,Not Applicable,Not Applicable,Not Applicable,Not Applicable,Not Applicable,Not Applicable,Not Applicable,Not Applicable,Yes,Yes,No,Yes,Yes,,Not Applicable,Not Applicable,Not Applicable,Not Applicable,Not Applicable,Not Applicable,Not Applicable,No,0.0,Not Applicable,No,Not Applicable,Yes,Yes,No,No,No,0.0,1875.11,865.91,,0.894,Service Center,MobileWebView,4,Dark,0.55035,530.0,12.0,24.0,Yes,201.0,Active,Not Applicable,30.0,Yes,Yes,3.0,2.0,0.0,1.0,0.6666666666666666,Unknown,No,0.0,2.0,Yes,Yes,Yes,No,No,No,0.4617915748942728,High,2.0,2.0,Valid Claim
CLM00408,Printer,Thermal,Ink or Toner,Ink Or Toner,,0.0,No,Connectivity Issue,Physical Damage,Not Applicable,Not Applicable,Not Applicable,Not Applicable,Yes,Not Applicable,No,Not Applicable,Not Applicable,Original,Yes,,Yes,,Yes,Yes,Not Applicable,Not Applicable,Not Applicable,Not Applicable,Not Applicable,Yes,Not Applicable,No,0.0,Not Applicable,Yes,Yes,Yes,Yes,No,No,No,1.0,693.23,298.48,0.0,0.576,Mobile App,Edge,36,Dark,1.30849,278.0,7.0,0.0,No,,Not Eligible,Not Eligible,30.0,Yes,No,4.0,4.0,0.0,0.0,1.0,Yes,No,0.0,4.0,Yes,Yes,Yes,No,Yes,No,0.430564170621583,Low,10.0,1.0,Invalid Claim
CLM00409,Printer,Laser,Printing,Print Head,PrimeView,12.0,No,Mechanical Failure,Internal Component Failure,Not Applicable,Not Applicable,Not Applicable,Not Applicable,No,Not Applicable,No,Not Applicable,Not Applicable,Compatible,Yes,Yes,Yes,Yes,Yes,Yes,Not Applicable,Not Applicable,Not Applicable,Not Applicable,Not Applicable,Yes,Not Applicable,No,0.0,Not Applicable,No,Not Applicable,Yes,Yes,No,No,No,1.0,137.63,71.99,0.0,0.75,Service Center,MobileWebView,54,Dark,-0.65502,158.0,5.0,12.0,Yes,207.0,Active,Active,30.0,Yes,Yes,4.0,4.0,0.0,0.0,1.0,Yes,No,0.0,4.0,Yes,Yes,Yes,No,No,No,0.5230690983070552,Medium,6.0,0.0,Valid Claim
CLM00410,Camera,DSLR,Camera Body,Camera Body,NovaTech,24.0,No,Connectivity Issue,Normal Wear,No,No,Not Applicable,Not Applicable,Not Applicable,Not Applicable,Not Applicable,Not Applicable,Not Applicable,Not Applicable,Yes,Yes,Yes,Yes,Yes,Yes,Not Applicable,Not Applicable,Not Applicable,Not Applicable,Not Applicable,Not Applicable,Not Applicable,No,0.0,Not Applicable,Yes,Yes,Yes,Yes,No,No,No,0.0,1768.2,739.02,0.0,0.908,Mobile App,Safari,13,Light,0.42131,993.0,11.0,24.0,Yes,-262.0,Expired,Not Applicable,30.0,Yes,No,3.0,3.0,0.0,0.0,1.0,Yes,No,0.0,3.0,Yes,Yes,Yes,No,Yes,No,0.4179504580929759,High,5.0,0.0,Invalid Claim
CLM00411,Camera,Action Camera,Camera Body,Camera Body,NovaTech,24.0,No,Display Failure,Electrical Failure,No,No,Not Applicable,Not Applicable,Not Applicable,Not Applicable,Not Applicable,Not Applicable,Not Applicable,Not Applicable,Yes,Yes,Yes,Yes,Yes,Yes,Not Applicable,Not Applicable,Not Applicable,Not Applicable,Not Applicable,Not Applicable,Not Applicable,No,0.0,Not Applicable,No,Not Applicable,Yes,Yes,No,No,No,0.0,2047.19,954.86,0.0,0.871,Service Center,Chrome,0,Light,0.7982,628.0,12.0,24.0,Yes,103.0,Active,Not Applicable,30.0,Yes,Yes,3.0,3.0,0.0,0.0,1.0,Yes,No,0.0,3.0,Yes,Yes,Yes,No,No,No,0.4664247089913491,High,5.0,1.0,Valid Claim
CLM00412,Television,QLED,Power,Main Unit,PrimeView,24.0,No,Power Failure,Internal Component Failure,Yes,Not Applicable,Not Applicable,Not Applicable,Not Applicable,No,Not Applicable,Not Applicable,Not Applicable,Not Applicable,Yes,Yes,No,No,Yes,Yes,Not Applicable,Not Applicable,Not Applicable,Not Applicable,Not Applicable,Not Applicable,Not Applicable,No,0.0,Not Applicable,No,Not Applicable,Yes,Yes,No,No,No,1.0,2405.95,1897.81,0.0,0.815,Web,MobileWebView,33,Light,-1.06702,1005.0,32.0,24.0,Yes,-274.0,Expired,Not Applicable,30.0,No,Yes,3.0,3.0,0.0,0.0,1.0,Yes,No,0.0,3.0,Yes,Yes,Yes,No,No,Yes,0.7887986034622498,Medium,1.0,5.0,Invalid Claim
CLM00413,Washing Machine,Front Load,Water Leakage,Main Unit,ZenCore,24.0,No,Water Leakage,Internal Component Failure,Not Applicable,Not Applicable,Not Applicable,Household,No,Not Applicable,No,Not Applicable,Not Applicable,Not Applicable,Yes,Yes,Yes,Yes,Yes,Yes,Not Applicable,Not Applicable,Not Applicable,Not Applicable,Not Applicable,Not Applicable,Not Applicable,No,99.0,Not Applicable,No,Not Applicable,Yes,Yes,No,No,No,1.0,1614.33,1213.34,0.0,0.878,Service Center,Firefox,20,System,0.25694,622.0,42.0,24.0,Yes,109.0,Active,Not Applicable,30.0,No,Yes,3.0,3.0,0.0,0.0,1.0,Yes,No,0.0,3.0,Yes,Yes,Yes,No,No,No,0.7516059293948573,High,3.0,0.0,Invalid Claim
CLM00414,Air Conditioner,Portable,Indoor Unit,Main Unit,HomePro,24.0,No,Cooling Failure,Internal Component Failure,Not Applicable,Not Applicable,Not Applicable,Not Applicable,Unknown,Not Applicable,Not Applicable,No,Indoor Unit,Not Applicable,Yes,Yes,Yes,No,Yes,Yes,Yes,Not Applicable,Not Applicable,Not Applicable,Not Applicable,Not Applicable,,No,0.0,Not Applicable,No,Not Applicable,Yes,Yes,No,No,No,2.0,2150.93,1817.5,0.0,0.984,Email,Safari,43,Dark,-0.16821,536.0,6.0,24.0,Yes,194.0,Active,Not Applicable,30.0,Yes,Yes,4.0,4.0,0.0,0.0,1.0,Yes,No,0.0,4.0,Yes,Yes,Yes,No,No,Not Applicable,0.8449833327909324,High,10.0,3.0,Valid Claim
CLM00415,Laptop,Gaming Laptop,Battery,Battery,Aster,12.0,No,Power Failure,Manufacturing Defect,No,No,Yes,Not Applicable,Not Applicable,Not Applicable,Not Applicable,Not Applicable,Not Applicable,Not Applicable,Yes,Yes,No,Yes,,Yes,Not Applicable,Yes,Not Applicable,Not Applicable,Not Applicable,Not Applicable,Not Applicable,No,0.0,Not Applicable,Yes,Yes,Yes,Yes,No,No,No,2.0,2392.39,1848.97,0.0,0.971,Web,Safari,48,Light,1.05204,542.0,2.0,12.0,Yes,-177.0,Expired,Expired,30.0,Yes,Yes,4.0,3.0,0.0,1.0,0.75,Unknown,Unknown,0.0,3.0,Yes,Yes,Yes,No,Yes,No,0.7728547603024591,High,6.0,6.0,Invalid Claim
CLM00416,Camera,Action Camera,Camera Body,Camera Body,NovaTech,24.0,No,Lens Failure,Sensor Contamination Due To Misuse,No,No,Not Applicable,Not Applicable,Not Applicable,Not Applicable,Not Applicable,Not Applicable,Not Applicable,Not Applicable,Yes,Yes,Yes,Yes,Yes,Yes,Not Applicable,Not Applicable,Not Applicable,Not Applicable,Not Applicable,Not Applicable,Not Applicable,No,0.0,Not Applicable,No,Not Applicable,No,Yes,No,No,No,2.0,2867.01,2121.24,0.0,0.992,Mobile App,Edge,13,Dark,0.85943,666.0,15.0,24.0,Yes,65.0,Active,Not Applicable,30.0,Yes,No,3.0,3.0,0.0,0.0,1.0,Yes,No,0.0,3.0,Yes,Yes,No,No,No,No,0.7398788284658929,High,10.0,3.0,Invalid Claim
CLM00417,Air Conditioner,Portable,Indoor Unit,Main Unit,Aster,24.0,No,Noise,Accidental Damage,Not Applicable,Not Applicable,Not Applicable,Not Applicable,No,Not Applicable,Not Applicable,No,Indoor Unit,Not Applicable,No,Yes,Yes,Yes,Yes,Yes,Yes,Not Applicable,Not Applicable,Not Applicable,Not Applicable,Not Applicable,Yes,Yes,1.0,Yes,No,Not Applicable,Yes,Yes,No,No,No,1.0,732.83,558.72,476.56,0.855,Email,Chrome,28,Dark,1.04925,675.0,43.0,24.0,Yes,56.0,Active,Not Applicable,30.0,No,No,5.0,5.0,0.0,0.0,1.0,Yes,No,0.0,5.0,No,Yes,Yes,Yes,No,Not Applicable,0.7624142024753353,High,1.0,6.0,Invalid Claim
CLM00418,Printer,Thermal,Ink or Toner,Ink Or Toner,HomePro,0.0,No,Power Failure,Internal Component Failure,Not Applicable,Not Applicable,Not Applicable,Not Applicable,No,Not Applicable,Unknown,Not Applicable,Not Applicable,Original,Yes,Yes,No,Yes,Yes,Yes,Not Applicable,Not Applicable,Not Applicable,Not Applicable,Not Applicable,Yes,Not Applicable,No,0.0,Not Applicable,No,Not Applicable,Yes,Yes,No,No,No,0.0,1148.15,950.97,0.0,0.948,Mobile App,MobileWebView,7,Light,-0.43147,235.0,13.0,0.0,No,,Not Eligible,Not Eligible,30.0,Yes,No,4.0,4.0,0.0,0.0,1.0,Yes,No,0.0,4.0,Yes,Yes,Yes,No,No,Unknown,0.8282628576405522,High,2.0,4.0,Invalid Claim
CLM00419,Television,OLED,Sound,Main Unit,PrimeView,24.0,No,Audio Failure,Internal Component Failure,No,Not Applicable,Not Applicable,Not Applicable,Not Applicable,No,Not Applicable,Not Applicable,Not Applicable,Not Applicable,Yes,No,No,Yes,Yes,Yes,Not Applicable,Not Applicable,Not Applicable,Not Applicable,Not Applicable,Not Applicable,,No,0.0,Not Applicable,No,Not Applicable,Yes,Yes,No,No,No,0.0,3030.65,576.73,0.0,0.831,Mobile App,MobileWebView,42,Dark,-0.27539,990.0,36.0,24.0,Yes,-260.0,Expired,Not Applicable,30.0,No,Yes,3.0,3.0,0.0,0.0,1.0,Yes,No,0.0,3.0,Yes,Yes,Yes,No,No,No,0.1902991107518189,Medium,6.0,5.0,Invalid Claim
CLM00420,Smartphone,Rugged Smartphone,Phone,Main Unit,Aster,12.0,No,Display Failure,Electrical Failure,No,No,Not Applicable,Not Applicable,Not Applicable,Not Applicable,Not Applicable,Not Applicable,Not Applicable,Not Applicable,No,Yes,No,Yes,Yes,No,Not Applicable,Not Applicable,Not Applicable,Not Applicable,Not Applicable,Not Applicable,Not Applicable,No,0.0,Not Applicable,No,Not Applicable,Yes,Yes,No,No,No,1.0,1465.6,1309.55,0.0,0.66,Web,Safari,2,System,0.538,443.0,16.0,12.0,Yes,-78.0,Expired,Not Applicable,30.0,Yes,Yes,3.0,2.0,1.0,0.0,0.6666666666666666,No,No,1.0,2.0,No,Yes,Yes,No,No,No,0.8935248362445415,Low,3.0,3.0,Invalid Claim
CLM00421,Television,OLED,Power,Main Unit,Aster,,Yes,Power Failure,Electrical Failure,No,Not Applicable,Not Applicable,Not Applicable,Not Applicable,No,Not Applicable,Not Applicable,Not Applicable,Not Applicable,No,Yes,Yes,Yes,Yes,Yes,Not Applicable,Not Applicable,Not Applicable,Not Applicable,Not Applicable,Not Applicable,Not Applicable,No,0.0,Not Applicable,Yes,Yes,Yes,Yes,No,No,No,1.0,978.8,825.88,0.0,0.895,Web,MobileWebView,13,Light,1.14508,939.0,6.0,24.0,Yes,157.0,Active,Not Applicable,30.0,Yes,Yes,3.0,3.0,0.0,0.0,1.0,Yes,No,0.0,3.0,No,Yes,Yes,No,Yes,No,0.8437678790355537,High,2.0,0.0,Valid Claim
CLM00422,Washing Machine,Washer Dryer,Water Leakage,Main Unit,HomePro,24.0,No,Water Leakage,Electrical Failure,Not Applicable,Not Applicable,Not Applicable,Household,Yes,Not Applicable,No,Not Applicable,Not Applicable,Not Applicable,Yes,No,Yes,Yes,Yes,Yes,Not Applicable,Not Applicable,Not Applicable,Not Applicable,Not Applicable,Not Applicable,Not Applicable,No,0.0,Not Applicable,No,Not Applicable,Yes,Yes,No,No,No,1.0,578.84,71.67,0.0,0.921,Web,Edge,46,System,-0.47894,423.0,15.0,24.0,Yes,308.0,Active,Not Applicable,30.0,Yes,Yes,3.0,3.0,0.0,0.0,1.0,Yes,No,0.0,3.0,Yes,Yes,Yes,No,No,No,0.1238165987146707,High,4.0,4.0,Valid Claim
CLM00423,Air Conditioner,Window,Indoor Unit,Main Unit,HomePro,24.0,No,Water Leakage,Accidental Damage,Not Applicable,Not Applicable,Not Applicable,Not Applicable,Unknown,Not Applicable,Not Applicable,No,Indoor Unit,Not Applicable,Yes,Yes,Yes,Yes,Yes,,Yes,Not Applicable,Not Applicable,Not Applicable,Not Applicable,Not Applicable,Not Applicable,No,0.0,Not Applicable,No,Not Applicable,Yes,Yes,No,No,No,0.0,1433.47,995.21,0.0,0.762,Web,Edge,12,System,1.28059,518.0,25.0,24.0,Yes,213.0,Active,Not Applicable,30.0,Yes,No,4.0,3.0,0.0,1.0,0.75,Unknown,No,0.0,3.0,Yes,Yes,Yes,No,No,Not Applicable,0.6942663606493334,Medium,1.0,2.0,Invalid Claim
CLM00424,Washing Machine,Front Load,Washing,Main Unit,ZenCore,24.0,No,Mechanical Failure,Electrical Failure,Not Applicable,Not Applicable,Not Applicable,Household,No,Not Applicable,No,Not Applicable,Not Applicable,Not Applicable,Yes,Yes,Yes,Yes,Yes,Yes,Not Applicable,Not Applicable,Not Applicable,Not Applicable,Not Applicable,Not Applicable,Yes,Yes,1.0,No,No,Not Applicable,Yes,Yes,No,No,No,1.0,827.92,193.53,623.03,0.835,Mobile App,MobileWebView,14,Light,1.43929,476.0,14.0,24.0,Yes,255.0,Active,Not Applicable,30.0,Yes,Yes,4.0,4.0,0.0,0.0,1.0,Yes,No,0.0,4.0,Yes,Yes,Yes,Yes,No,No,0.2337544690308242,Medium,4.0,5.0,Invalid Claim
CLM00425,Printer,Thermal,Printing,Print Head,NovaTech,12.0,No,Mechanical Failure,Electrical Failure,Not Applicable,Not Applicable,Not Applicable,Not Applicable,Yes,Not Applicable,No,Not Applicable,Not Applicable,Compatible,Yes,Yes,Yes,,Yes,No,Not Applicable,Not Applicable,Not Applicable,Not Applicable,Not Applicable,Yes,Not Applicable,No,0.0,Not Applicable,No,Not Applicable,Yes,Yes,No,No,No,1.0,394.32,323.38,0.0,0.867,Web,Chrome,5,Dark,0.0421,162.0,8.0,12.0,Yes,204.0,Active,Active,30.0,Yes,Yes,4.0,3.0,1.0,0.0,0.75,No,No,1.0,3.0,Yes,Yes,Yes,No,No,No,0.820095354027186,High,6.0,6.0,Manual Review
CLM00426,Television,Mini-LED,Not Sure,Main Unit,Aster,24.0,No,Display Failure,Manufacturing Defect,No,Not Applicable,Not Applicable,Not Applicable,Not Applicable,Yes,Not Applicable,Not Applicable,Not Applicable,Not Applicable,Yes,Yes,No,Yes,Yes,No,Not Applicable,Not Applicable,Not Applicable,Not Applicable,Not Applicable,Not Applicable,Yes,Yes,2.0,Yes,No,Not Applicable,Yes,Yes,No,No,No,2.0,2205.76,1589.41,463.07,,Mobile App,Firefox,30,System,0.41293,502.0,19.0,24.0,Yes,228.0,Active,Not Applicable,30.0,Yes,Yes,4.0,3.0,1.0,0.0,0.75,No,No,1.0,3.0,Yes,Yes,Yes,Yes,No,No,0.7205725010880604,Unknown,10.0,4.0,Manual Review
CLM00427,Television,QLED,Sound,Main Unit,HomePro,24.0,No,Audio Failure,Manufacturing Defect,Yes,Not Applicable,Not Applicable,Not Applicable,Not Applicable,No,Not Applicable,Not Applicable,Not Applicable,Not Applicable,Yes,No,Yes,Yes,,Yes,Not Applicable,Not Applicable,Not Applicable,Not Applicable,Not Applicable,Not Applicable,Not Applicable,No,0.0,Not Applicable,Yes,Yes,Yes,No,No,No,No,2.0,1054.01,894.14,0.0,,Email,Firefox,33,System,1.44453,678.0,17.0,24.0,Yes,52.0,Active,Not Applicable,30.0,Yes,Yes,3.0,2.0,0.0,1.0,0.6666666666666666,Unknown,Unknown,0.0,2.0,Yes,Yes,Yes,No,Yes,Yes,0.848322122181004,Unknown,3.0,4.0,Manual Review
CLM00428,Printer,Inkjet,Paper Feed,Main Unit,HomePro,12.0,No,Paper Feed Failure,Electrical Failure,Not Applicable,Not Applicable,Not Applicable,Not Applicable,Yes,Not Applicable,No,Not Applicable,Not Applicable,Original,Yes,Yes,Yes,Yes,Yes,Yes,Not Applicable,Not Applicable,Not Applicable,Not Applicable,Not Applicable,Yes,Not Applicable,No,0.0,Not Applicable,Yes,Yes,Yes,No,No,No,No,1.0,478.1,441.79,,0.554,Service Center,MobileWebView,27,Dark,-1.89144,242.0,14.0,12.0,Yes,123.0,Active,Not Applicable,30.0,Yes,Yes,4.0,4.0,0.0,0.0,1.0,Yes,No,0.0,4.0,Yes,Yes,Yes,No,Yes,No,0.9240535452834135,Low,5.0,4.0,Manual Review
CLM00429,Refrigerator,Single Door,Cooling,Main Unit,HomePro,24.0,No,Cooling Failure,Internal Component Failure,Not Applicable,Not Applicable,Not Applicable,Business,Yes,Not Applicable,Not Applicable,Not Applicable,Not Applicable,Not Applicable,Yes,Yes,No,Yes,Yes,Yes,Not Applicable,Not Applicable,Not Applicable,Not Applicable,Not Applicable,Not Applicable,,No,0.0,Not Applicable,Yes,No,Yes,Yes,Yes,No,No,0.0,2943.72,1158.92,0.0,0.775,Email,MobileWebView,57,System,1.72188,563.0,50.0,24.0,Yes,168.0,Active,Not Applicable,30.0,No,Yes,3.0,3.0,0.0,0.0,1.0,Yes,No,0.0,3.0,Yes,Yes,Yes,No,Yes,Not Applicable,0.3936923348688055,Medium,7.0,3.0,Invalid Claim
CLM00430,Air Conditioner,Cassette,Indoor Unit,Main Unit,ZenCore,24.0,No,Power Failure,Manufacturing Defect,Not Applicable,Not Applicable,Not Applicable,Not Applicable,No,Not Applicable,Not Applicable,Unknown,Indoor Unit,Not Applicable,Yes,Yes,Yes,Yes,No,Yes,Yes,Not Applicable,Not Applicable,Not Applicable,Not Applicable,Not Applicable,Not Applicable,No,0.0,Not Applicable,No,Not Applicable,Yes,Yes,No,No,No,1.0,2203.73,1517.3,0.0,0.868,Email,Chrome,13,Dark,-0.23132,457.0,23.0,24.0,Yes,273.0,Active,Not Applicable,30.0,Yes,Yes,4.0,3.0,1.0,0.0,0.75,No,Yes,1.0,3.0,Yes,Yes,Yes,No,No,Not Applicable,0.6885144731886392,High,1.0,3.0,Manual Review
CLM00431,Printer,Thermal,Power,Main Unit,HomePro,12.0,No,Power Failure,Manufacturing Defect,Not Applicable,Not Applicable,Not Applicable,Not Applicable,No,Not Applicable,No,Not Applicable,Not Applicable,Compatible,Yes,,No,Yes,,Yes,Not Applicable,Not Applicable,Not Applicable,Not Applicable,Not Applicable,Yes,,No,0.0,Not Applicable,No,Not Applicable,Yes,Yes,No,No,No,0.0,689.87,308.21,0.0,0.923,Service Center,Edge,14,Dark,-0.83532,243.0,2.0,12.0,Yes,122.0,Active,Not Applicable,30.0,Yes,Yes,4.0,3.0,0.0,1.0,0.75,Unknown,Unknown,0.0,3.0,Yes,Yes,Yes,No,No,No,0.4467653325988954,High,5.0,6.0,Valid Claim
CLM00432,Air Conditioner,Cassette,Both,Compressor,HomePro,60.0,No,Cooling Failure,Accidental Damage,Not Applicable,Not Applicable,Not Applicable,Not Applicable,No,Not Applicable,Not Applicable,No,Both,Not Applicable,Yes,No,No,Yes,Yes,No,Yes,Not Applicable,Not Applicable,Yes,Not Applicable,Not Applicable,Yes,Yes,3.0,Unknown,No,Not Applicable,Yes,Yes,No,No,No,0.0,950.15,203.37,258.31,0.832,Email,Safari,35,System,0.24952,1825.0,22.0,60.0,Yes,1.0,Nearing Expiry,Nearing Expiry,30.0,Yes,No,6.0,5.0,1.0,0.0,0.8333333333333334,No,No,1.0,5.0,Yes,Yes,Yes,Yes,No,Not Applicable,0.2140398884386675,Medium,7.0,5.0,Invalid Claim
CLM00433,Smartphone,Standard Smartphone,Phone,Main Unit,PrimeView,12.0,No,Battery Problem,Water Damage,Unknown,Yes,Yes,Not Applicable,Not Applicable,Not Applicable,Not Applicable,Not Applicable,Not Applicable,Not Applicable,,No,No,Yes,No,Yes,Not Applicable,Not Applicable,Not Applicable,Not Applicable,Not Applicable,Not Applicable,Yes,Yes,2.0,No,Yes,Yes,No,Yes,No,No,No,1.0,731.0,320.47,152.22,0.459,Mobile App,Chrome,6,Light,0.28497,388.0,26.0,12.0,Yes,-23.0,Expired,Not Applicable,30.0,Yes,No,4.0,2.0,1.0,1.0,0.5,No,Yes,1.0,2.0,,Unknown,No,Yes,Yes,Yes,0.4383994528043776,Low,4.0,5.0,Invalid Claim
CLM00434,Camera,DSLR,Camera Body,Camera Body,NovaTech,24.0,No,Battery Problem,Electrical Failure,No,No,Yes,Not Applicable,Not Applicable,Not Applicable,Not Applicable,Not Applicable,Not Applicable,Not Applicable,Yes,No,No,Yes,No,Yes,Not Applicable,Not Applicable,Not Applicable,Not Applicable,Not Applicable,Not Applicable,Not Applicable,No,0.0,Not Applicable,No,Not Applicable,Yes,Yes,No,No,No,2.0,1611.31,1169.0,0.0,0.92,Mobile App,Chrome,43,Dark,0.43572,705.0,20.0,24.0,Yes,26.0,Nearing Expiry,Not Applicable,30.0,Yes,Yes,3.0,2.0,1.0,0.0,0.6666666666666666,No,Yes,1.0,2.0,Yes,Yes,Yes,No,No,No,0.7254966455865104,High,8.0,3.0,Manual Review
CLM00435,Television,LED,Connection,Main Unit,PrimeView,24.0,No,Connectivity Issue,Electrical Failure,Unknown,Not Applicable,Not Applicable,Not Applicable,Not Applicable,No,Not Applicable,Not Applicable,Not Applicable,Not Applicable,Yes,Yes,Yes,Yes,Yes,Yes,Not Applicable,Not Applicable,Not Applicable,Not Applicable,Not Applicable,Not Applicable,Not Applicable,No,0.0,Not Applicable,No,Not Applicable,Yes,Yes,No,No,No,2.0,1939.85,1538.67,0.0,0.938,Service Center,Edge,32,System,-1.40385,502.0,11.0,24.0,Yes,229.0,Active,Not Applicable,30.0,Yes,Yes,3.0,3.0,0.0,0.0,1.0,Yes,No,0.0,3.0,Yes,Yes,Yes,No,No,Unknown,0.7931901951181793,High,8.0,2.0,Valid Claim
CLM00436,Smartphone,Foldable Smartphone,Phone,Main Unit,NovaTech,12.0,No,Connectivity Issue,Normal Wear,No,No,Not Applicable,Not Applicable,Not Applicable,Not Applicable,Not Applicable,Not Applicable,Not Applicable,Not Applicable,No,,Yes,Yes,Yes,Yes,Not Applicable,Not Applicable,Not Applicable,Not Applicable,Not Applicable,Not Applicable,Not Applicable,No,0.0,Not Applicable,No,Not Applicable,Unknown,Yes,No,No,No,1.0,364.52,181.85,0.0,0.925,Service Center,Firefox,10,System,-0.35827,226.0,3.0,12.0,Yes,140.0,Active,Not Applicable,30.0,Yes,No,3.0,3.0,0.0,0.0,1.0,Yes,No,0.0,3.0,No,Yes,Unknown,No,No,No,0.4988752331833644,High,2.0,0.0,Invalid Claim
CLM00437,Television,Mini-LED,Power,Main Unit,Aster,24.0,Yes,Power Failure,Manufacturing Defect,No,Not Applicable,Not Applicable,Not Applicable,Not Applicable,Yes,Not Applicable,Not Applicable,Not Applicable,Not Applicable,Yes,Yes,No,Yes,Yes,Yes,Not Applicable,Not Applicable,Not Applicable,Not Applicable,Not Applicable,Not Applicable,Not Applicable,No,0.0,Not Applicable,No,Not Applicable,Yes,Yes,No,No,No,0.0,2920.89,983.88,0.0,0.82,Service Center,MobileWebView,39,Dark,-0.37061,871.0,35.0,24.0,Yes,225.0,Active,Not Applicable,30.0,No,Yes,3.0,3.0,0.0,0.0,1.0,Yes,No,0.0,3.0,Yes,Yes,Yes,No,No,No,0.3368425377196676,Medium,6.0,0.0,Invalid Claim
CLM00438,Camera,Compact,Lens,Lens,NovaTech,24.0,No,Lens Failure,Internal Component Failure,No,No,Not Applicable,Not Applicable,Not Applicable,Not Applicable,Not Applicable,Not Applicable,Not Applicable,Not Applicable,Yes,Yes,Yes,Yes,Yes,Yes,Not Applicable,Not Applicable,Not Applicable,Not Applicable,Yes,Not Applicable,Not Applicable,No,0.0,Not Applicable,No,Not Applicable,Yes,Yes,No,No,No,1.0,1038.3,83.61,0.0,0.874,Service Center,Edge,55,Dark,-1.11972,450.0,1.0,24.0,Yes,280.0,Active,Active,30.0,Yes,Yes,4.0,4.0,0.0,0.0,1.0,Yes,No,0.0,4.0,Yes,Yes,Yes,No,No,No,0.0805258595781566,High,5.0,6.0,Valid Claim
CLM00439,Refrigerator,Single Door,Other,Main Unit,ZenCore,24.0,No,Mechanical Failure,Manufacturing Defect,Not Applicable,Not Applicable,Not Applicable,Household,No,Not Applicable,Not Applicable,Not Applicable,Not Applicable,Not Applicable,Yes,No,No,Yes,Yes,No,Not Applicable,Not Applicable,Not Applicable,Not Applicable,Not Applicable,Not Applicable,Not Applicable,No,0.0,Not Applicable,Yes,Yes,Yes,Yes,No,No,No,2.0,2887.11,2026.72,0.0,0.745,Web,Chrome,22,System,-1.21887,582.0,16.0,24.0,Yes,149.0,Active,Not Applicable,30.0,Yes,Yes,3.0,2.0,1.0,0.0,0.6666666666666666,No,No,1.0,2.0,Yes,Yes,Yes,No,Yes,Not Applicable,0.7019891864182521,Medium,8.0,3.0,Manual Review
CLM00440,Laptop,2-in-1,Device,Main Unit,Aster,24.0,No,Power Failure,Liquid Damage,No,Yes,Not Applicable,Not Applicable,Not Applicable,Not Applicable,Not Applicable,Not Applicable,Not Applicable,Not Applicable,Yes,Yes,Yes,No,No,Yes,Not Applicable,Not Applicable,Not Applicable,Not Applicable,Not Applicable,Not Applicable,Not Applicable,No,0.0,Not Applicable,No,Not Applicable,Yes,Yes,No,No,No,0.0,1599.72,501.45,0.0,0.952,Web,Edge,13,Light,-2.55707,726.0,16.0,24.0,Yes,5.0,Nearing Expiry,Not Applicable,30.0,Yes,No,3.0,2.0,1.0,0.0,0.6666666666666666,No,Yes,1.0,2.0,Yes,Yes,Yes,No,No,Yes,0.3134611056934963,High,12.0,0.0,Invalid Claim
CLM00441,Camera,Action Camera,Camera Body,Camera Body,PrimeView,24.0,No,Battery Problem,Manufacturing Defect,No,No,Yes,Not Applicable,Not Applicable,Not Applicable,Not Applicable,Not Applicable,Not Applicable,Not Applicable,Yes,Yes,Yes,No,Yes,Yes,Not Applicable,Not Applicable,Not Applicable,Not Applicable,Not Applicable,Not Applicable,Not Applicable,No,0.0,Not Applicable,No,Not Applicable,Yes,Yes,No,No,No,1.0,3397.95,1371.35,0.0,0.543,Mobile App,Edge,0,System,1.23818,435.0,14.0,24.0,Yes,295.0,Active,Not Applicable,30.0,Yes,Yes,3.0,3.0,0.0,0.0,1.0,Yes,No,0.0,3.0,Yes,Yes,Yes,No,No,No,0.4035815712414838,Low,11.0,0.0,Manual Review
CLM00442,Laptop,Gaming Laptop,Not Sure,Main Unit,Aster,24.0,No,Overheating,Internal Component Failure,No,No,Not Applicable,Not Applicable,Not Applicable,Not Applicable,Not Applicable,Not Applicable,Not Applicable,Not Applicable,Yes,Yes,Yes,Yes,Yes,Yes,Not Applicable,Not Applicable,Not Applicable,Not Applicable,Not Applicable,Not Applicable,Not Applicable,No,0.0,Not Applicable,No,Not Applicable,Yes,Yes,No,Yes,No,0.0,1759.02,599.35,0.0,0.811,Email,MobileWebView,7,Light,-0.2637,483.0,6.0,24.0,Yes,248.0,Active,Not Applicable,30.0,Yes,Yes,3.0,3.0,0.0,0.0,1.0,Yes,No,0.0,3.0,Yes,Yes,Yes,No,No,No,0.3407294971063433,Medium,5.0,6.0,Valid Claim
CLM00443,Smartphone,Rugged Smartphone,Phone,Main Unit,PrimeView,12.0,No,Connectivity Issue,Internal Component Failure,No,Unknown,Not Applicable,Not Applicable,Not Applicable,Not Applicable,Not Applicable,Not Applicable,Not Applicable,Not Applicable,Yes,Yes,Yes,Yes,Yes,Yes,Not Applicable,Not Applicable,Not Applicable,Not Applicable,Not Applicable,Not Applicable,Not Applicable,No,0.0,Not Applicable,No,Not Applicable,Unknown,Yes,No,No,No,0.0,1123.91,567.7,0.0,0.514,Web,Edge,48,Light,2.10759,298.0,29.0,12.0,Yes,67.0,Active,Not Applicable,30.0,Yes,Yes,3.0,3.0,0.0,0.0,1.0,Yes,No,0.0,3.0,Yes,Yes,Unknown,No,No,Unknown,0.5051116192577697,Low,4.0,6.0,Manual Review
CLM00444,Television,Mini-LED,Not Sure,Main Unit,PrimeView,24.0,No,Connectivity Issue,Panel Impact Damage,Yes,Not Applicable,Not Applicable,Not Applicable,Not Applicable,Yes,Not Applicable,Not Applicable,Not Applicable,Not Applicable,Yes,Yes,Yes,Yes,Yes,Yes,Not Applicable,Not Applicable,Not Applicable,Not Applicable,Not Applicable,Not Applicable,Not Applicable,No,0.0,Not Applicable,No,Not Applicable,Yes,Yes,No,No,No,0.0,848.84,346.76,,0.762,Web,Safari,6,Dark,-0.23258,824.0,35.0,24.0,Yes,-93.0,Expired,Not Applicable,30.0,No,No,3.0,3.0,0.0,0.0,1.0,Yes,No,0.0,3.0,Yes,Yes,Yes,No,No,Yes,0.4085104377739031,Medium,3.0,3.0,Invalid Claim
CLM00445,Printer,Laser,Power,Main Unit,NovaTech,12.0,Yes,Power Failure,Internal Component Failure,Not Applicable,Not Applicable,Not Applicable,Not Applicable,Yes,Not Applicable,No,Not Applicable,Not Applicable,Original,Yes,Yes,Yes,Yes,,Yes,Not Applicable,Not Applicable,Not Applicable,Not Applicable,Not Applicable,Yes,Not Applicable,No,0.0,Not Applicable,No,Not Applicable,Yes,Yes,No,No,No,0.0,905.89,729.99,0.0,0.741,Service Center,Chrome,54,Dark,0.1625,947.0,35.0,12.0,Yes,-217.0,Expired,Not Applicable,30.0,No,Yes,4.0,3.0,0.0,1.0,0.75,Unknown,Unknown,0.0,3.0,Yes,Yes,Yes,No,No,No,0.8058263144531898,Medium,1.0,5.0,Invalid Claim
CLM00446,Television,OLED,Picture,Main Unit,HomePro,24.0,No,Display Failure,Physical Damage,Yes,Not Applicable,Not Applicable,Not Applicable,Not Applicable,No,Not Applicable,Not Applicable,Not Applicable,Not Applicable,Yes,Yes,No,Yes,Yes,Yes,Not Applicable,Not Applicable,Not Applicable,Not Applicable,Not Applicable,Not Applicable,Not Applicable,No,0.0,Not Applicable,No,Not Applicable,Yes,Yes,No,No,No,0.0,955.25,218.24,0.0,0.757,Email,Firefox,58,System,0.19877,465.0,45.0,24.0,Yes,265.0,Active,Not Applicable,30.0,No,No,3.0,3.0,0.0,0.0,1.0,Yes,No,0.0,3.0,Yes,Yes,Yes,No,No,Yes,0.2284637529442554,Medium,6.0,1.0,Invalid Claim
CLM00447,Air Conditioner,Portable,Outdoor Unit,Main Unit,ZenCore,24.0,No,Power Failure,Internal Component Failure,Not Applicable,Not Applicable,Not Applicable,Not Applicable,Yes,Not Applicable,Not Applicable,No,Outdoor Unit,Not Applicable,Yes,Yes,Yes,Yes,Yes,Yes,Yes,Not Applicable,Not Applicable,Not Applicable,Not Applicable,Not Applicable,Yes,Yes,1.0,Yes,No,Not Applicable,Yes,Yes,No,No,No,2.0,1099.71,312.73,155.11,0.844,Mobile App,Safari,36,Light,1.51875,747.0,21.0,24.0,Yes,-16.0,Expired,Not Applicable,30.0,Yes,Yes,5.0,5.0,0.0,0.0,1.0,Yes,No,0.0,5.0,Yes,Yes,Yes,Yes,No,Not Applicable,0.2843749715834174,Medium,1.0,4.0,Invalid Claim
CLM00448,Laptop,Business Laptop,Device,Main Unit,NovaTech,24.0,No,Connectivity Issue,Manufacturing Defect,No,No,Not Applicable,Not Applicable,Not Applicable,Not Applicable,Not Applicable,Not Applicable,Not Applicable,Not Applicable,Yes,Yes,Yes,Yes,Yes,Yes,Not Applicable,Not Applicable,Not Applicable,Not Applicable,Not Applicable,Not Applicable,Not Applicable,No,0.0,Not Applicable,No,Not Applicable,Yes,Yes,No,No,No,0.0,2468.09,1844.15,,0.84,Service Center,Firefox,52,Light,-0.55765,698.0,10.0,24.0,Yes,33.0,Active,Not Applicable,30.0,Yes,Yes,3.0,3.0,0.0,0.0,1.0,Yes,No,0.0,3.0,Yes,Yes,Yes,No,No,No,0.7471972253848117,Medium,7.0,2.0,Valid Claim
CLM00449,Refrigerator,French Door,Water Leakage,Compressor,ZenCore,120.0,No,Water Leakage,Internal Component Failure,Not Applicable,Not Applicable,Not Applicable,Household,No,Not Applicable,Not Applicable,Not Applicable,Not Applicable,Not Applicable,Yes,Yes,Yes,Yes,Yes,Yes,Not Applicable,Not Applicable,Not Applicable,No,Not Applicable,Not Applicable,Not Applicable,No,0.0,Not Applicable,No,Not Applicable,Yes,Yes,No,No,No,1.0,1968.87,715.32,0.0,0.899,Mobile App,Chrome,1,Light,-1.71699,3351.0,9.0,120.0,Yes,301.0,Active,Active,30.0,Yes,Yes,4.0,3.0,1.0,0.0,0.75,No,No,1.0,3.0,Yes,Yes,Yes,No,No,Not Applicable,0.3633149979429825,High,9.0,6.0,Manual Review
CLM00450,Refrigerator,Side-by-Side,Water Leakage,Main Unit,HomePro,24.0,No,Water Leakage,Internal Component Failure,Not Applicable,Not Applicable,Not Applicable,Household,No,Not Applicable,Not Applicable,Not Applicable,Not Applicable,Not Applicable,Yes,Yes,Yes,Yes,Yes,Yes,Not Applicable,Not Applicable,Not Applicable,Not Applicable,Not Applicable,Not Applicable,,No,0.0,Not Applicable,No,Not Applicable,Yes,Yes,No,No,No,0.0,808.32,90.16,0.0,0.738,Service Center,Safari,31,Light,0.79544,438.0,17.0,24.0,Yes,293.0,Active,Not Applicable,30.0,Yes,Yes,3.0,3.0,0.0,0.0,1.0,Yes,No,0.0,3.0,Yes,Yes,Yes,No,No,Not Applicable,0.1115399841646872,Medium,9.0,6.0,Valid Claim
CLM00451,Laptop,2-in-1,Charger,Power Adapter,Aster,12.0,No,Power Failure,Normal Wear,No,No,Not Applicable,Not Applicable,Not Applicable,Not Applicable,Not Applicable,Not Applicable,Not Applicable,Not Applicable,Yes,Yes,No,Yes,Yes,Yes,Not Applicable,Not Applicable,Not Applicable,Not Applicable,Not Applicable,Not Applicable,Not Applicable,No,0.0,Not Applicable,No,Not Applicable,No,Yes,No,No,No,1.0,1758.84,1610.45,0.0,,Email,Chrome,51,Light,0.9243,281.0,44.0,12.0,Yes,84.0,Active,Active,30.0,No,No,3.0,3.0,0.0,0.0,1.0,Yes,No,0.0,3.0,Yes,Yes,No,No,No,No,0.9156318937481522,Unknown,5.0,0.0,Invalid Claim
CLM00452,Washing Machine,Top Load,Power,Main Unit,PrimeView,24.0,No,Power Failure,Electrical Failure,Not Applicable,Not Applicable,Not Applicable,Household,No,Not Applicable,No,Not Applicable,Not Applicable,Not Applicable,No,No,Yes,Yes,No,Yes,Not Applicable,Not Applicable,Not Applicable,Not Applicable,Not Applicable,Not Applicable,Not Applicable,No,0.0,Not Applicable,No,Not Applicable,Yes,Yes,No,No,No,0.0,1724.24,1048.12,0.0,0.732,Service Center,Chrome,35,Dark,0.04572,646.0,13.0,24.0,Yes,85.0,Active,Not Applicable,30.0,Yes,Yes,3.0,2.0,1.0,0.0,0.6666666666666666,No,Yes,1.0,2.0,No,Yes,Yes,No,No,No,0.6078736138820581,Medium,5.0,2.0,Manual Review
CLM00453,Television,LED,Remote Control,Remote Control,HomePro,6.0,No,Display Failure,Electrical Failure,No,Not Applicable,Not Applicable,Not Applicable,Not Applicable,No,Not Applicable,Not Applicable,Not Applicable,Not Applicable,Yes,Yes,Yes,Yes,Yes,Yes,Not Applicable,Not Applicable,Not Applicable,Not Applicable,Not Applicable,Not Applicable,Yes,Yes,1.0,Yes,No,Not Applicable,No,Yes,No,No,No,0.0,825.43,195.13,162.76,0.785,Mobile App,Safari,8,System,1.63172,97.0,12.0,6.0,Yes,85.0,Active,Active,30.0,Yes,Yes,4.0,4.0,0.0,0.0,1.0,Yes,No,0.0,4.0,Yes,Yes,No,Yes,No,No,0.2363979986189016,Medium,2.0,2.0,Invalid Claim
CLM00454,Washing Machine,Top Load,Spinning,Main Unit,HomePro,24.0,No,Mechanical Failure,Manufacturing Defect,Not Applicable,Not Applicable,Not Applicable,Household,Unknown,Not Applicable,No,Not Applicable,Not Applicable,Not Applicable,Yes,Yes,Yes,Yes,,Yes,Not Applicable,Not Applicable,Not Applicable,Not Applicable,Not Applicable,Not Applicable,Not Applicable,No,0.0,Not Applicable,No,Not Applicable,Yes,Yes,No,No,No,2.0,424.43,295.52,0.0,0.891,Mobile App,Chrome,47,Light,1.70131,686.0,11.0,24.0,Yes,45.0,Active,Not Applicable,30.0,Yes,Yes,3.0,2.0,0.0,1.0,0.6666666666666666,Unknown,Unknown,0.0,2.0,Yes,Yes,Yes,No,No,No,0.6962750041231769,High,7.0,6.0,Valid Claim
CLM00455,Refrigerator,Side-by-Side,Other,Main Unit,HomePro,24.0,Yes,Mechanical Failure,Misuse,Not Applicable,Not Applicable,Not Applicable,Business,No,Not Applicable,Not Applicable,Not Applicable,Not Applicable,Not Applicable,Yes,No,No,Yes,Yes,Yes,Not Applicable,Not Applicable,Not Applicable,Not Applicable,Not Applicable,Not Applicable,Not Applicable,No,0.0,Not Applicable,No,Not Applicable,Yes,Yes,No,No,No,2.0,2894.48,1309.44,0.0,0.773,Mobile App,Firefox,0,System,-0.5998,970.0,37.0,24.0,Yes,126.0,Active,Not Applicable,30.0,No,No,3.0,3.0,0.0,0.0,1.0,Yes,No,0.0,3.0,Yes,Yes,Yes,No,No,Not Applicable,0.4523921395207429,Medium,1.0,2.0,Invalid Claim
CLM00456,Laptop,Gaming Laptop,Device,Main Unit,ZenCore,24.0,No,Power Failure,Manufacturing Defect,No,No,Not Applicable,Not Applicable,Not Applicable,Not Applicable,Not Applicable,Not Applicable,Not Applicable,Not Applicable,Yes,Yes,No,Yes,Yes,Yes,Not Applicable,Not Applicable,Not Applicable,Not Applicable,Not Applicable,Not Applicable,Not Applicable,No,0.0,Not Applicable,No,Not Applicable,Yes,Yes,No,No,No,0.0,2438.16,,,0.781,Service Center,Chrome,24,System,-0.10816,723.0,29.0,24.0,Yes,8.0,Nearing Expiry,Not Applicable,30.0,Yes,Yes,3.0,3.0,0.0,0.0,1.0,Yes,No,0.0,3.0,Yes,Yes,Yes,No,No,No,,Medium,6.0,2.0,Valid Claim
CLM00457,Printer,Inkjet,Connection,Main Unit,HomePro,12.0,No,Connectivity Issue,Internal Component Failure,Not Applicable,Not Applicable,Not Applicable,Not Applicable,Yes,Not Applicable,No,Not Applicable,Not Applicable,Original,Yes,Yes,Yes,Yes,Yes,No,Not Applicable,Not Applicable,Not Applicable,Not Applicable,Not Applicable,Yes,Not Applicable,No,0.0,Not Applicable,No,Not Applicable,Yes,Yes,No,No,No,2.0,1161.25,594.93,0.0,0.458,Web,Chrome,21,Dark,0.79871,270.0,8.0,12.0,Yes,96.0,Active,Not Applicable,30.0,Yes,Yes,4.0,3.0,1.0,0.0,0.75,No,No,1.0,3.0,Yes,Yes,Yes,No,No,No,0.5123186221743811,Low,8.0,0.0,Manual Review
CLM00458,Washing Machine,Front Load,Not Sure,Motor,ZenCore,120.0,No,Noise,Internal Component Failure,Not Applicable,Not Applicable,Not Applicable,Household,Yes,Not Applicable,No,Not Applicable,Not Applicable,Not Applicable,Yes,No,No,Yes,No,Yes,Not Applicable,Not Applicable,Not Applicable,Yes,Not Applicable,Not Applicable,Not Applicable,No,0.0,Not Applicable,No,Not Applicable,Yes,Yes,No,No,No,1.0,2167.24,1057.3,0.0,0.88,Web,MobileWebView,19,System,0.2181,3678.0,5.0,120.0,Yes,-25.0,Expired,Expired,30.0,Yes,Yes,4.0,3.0,1.0,0.0,0.75,No,Yes,1.0,3.0,Yes,Yes,Yes,No,No,No,0.4878555213082077,High,1.0,5.0,Invalid Claim
CLM00459,Smartphone,Rugged Smartphone,Phone,Main Unit,Aster,12.0,No,Battery Problem,Internal Component Failure,No,No,No,Not Applicable,Not Applicable,Not Applicable,Not Applicable,Not Applicable,Not Applicable,Not Applicable,Yes,Yes,Yes,Yes,Yes,Yes,Not Applicable,Not Applicable,Not Applicable,Not Applicable,Not Applicable,Not Applicable,Not Applicable,No,0.0,Not Applicable,No,Not Applicable,Unknown,Yes,No,No,Yes,0.0,782.54,698.58,0.0,0.733,Web,Edge,13,Dark,-1.32807,257.0,10.0,12.0,Yes,108.0,Active,Not Applicable,30.0,Yes,Yes,3.0,3.0,0.0,0.0,1.0,Yes,No,0.0,3.0,Yes,Yes,Unknown,No,No,No,0.8927083599560407,Medium,4.0,5.0,Manual Review
CLM00460,Printer,Thermal,Paper Feed,Main Unit,HomePro,12.0,No,Paper Feed Failure,Manufacturing Defect,Not Applicable,Not Applicable,Not Applicable,Not Applicable,Yes,Not Applicable,No,Not Applicable,Not Applicable,Compatible,Yes,Yes,No,Yes,Yes,,Not Applicable,Not Applicable,Not Applicable,Not Applicable,Not Applicable,Yes,,Yes,3.0,Yes,Yes,Yes,Yes,Yes,No,No,No,0.0,513.53,160.4,99999.0,0.941,Mobile App,Edge,10,System,0.51946,294.0,11.0,12.0,Yes,71.0,Active,Not Applicable,30.0,Yes,Yes,5.0,3.0,0.0,2.0,0.6,Unknown,No,0.0,3.0,Yes,Yes,Yes,Yes,Yes,No,0.3123478667263841,High,6.0,0.0,Valid Claim
CLM00461,Air Conditioner,Window,Not Sure,Main Unit,ZenCore,24.0,No,Power Failure,Accidental Damage,Not Applicable,Not Applicable,Not Applicable,Not Applicable,No,Not Applicable,Not Applicable,No,Not Sure,Not Applicable,Yes,Yes,No,Yes,Yes,Yes,Yes,Not Applicable,Not Applicable,Not Applicable,Not Applicable,Not Applicable,Not Applicable,No,0.0,Not Applicable,No,Not Applicable,Yes,Yes,No,No,No,0.0,842.06,785.81,0.0,0.775,Service Center,Chrome,0,Light,-1.7014,434.0,54.0,24.0,Yes,297.0,Active,Not Applicable,30.0,No,No,4.0,4.0,0.0,0.0,1.0,Yes,No,0.0,4.0,Yes,Yes,Yes,No,No,Not Applicable,0.933199534474978,Medium,10.0,1.0,Invalid Claim
CLM00462,Printer,Laser,Ink or Toner,Ink Or Toner,NovaTech,0.0,No,Power Failure,Electrical Failure,Not Applicable,Not Applicable,Not Applicable,Not Applicable,Yes,Not Applicable,Yes,Not Applicable,Not Applicable,Original,Yes,Yes,No,Yes,,Yes,Not Applicable,Not Applicable,Not Applicable,Not Applicable,Not Applicable,Yes,Not Applicable,No,0.0,Not Applicable,No,Not Applicable,Yes,Yes,No,No,No,0.0,145.05,86.04,0.0,0.756,Web,Firefox,40,Dark,-0.70227,302.0,44.0,0.0,No,,Not Eligible,Not Eligible,30.0,No,No,4.0,3.0,0.0,1.0,0.75,Unknown,Unknown,0.0,3.0,Yes,Yes,Yes,No,No,Yes,0.5931747673216132,Medium,1.0,3.0,Invalid Claim
CLM00463,Television,OLED,Power,Main Unit,Aster,24.0,No,Power Failure,Water Damage,No,Not Applicable,Not Applicable,Not Applicable,Not Applicable,Unknown,Not Applicable,Not Applicable,Not Applicable,Not Applicable,Yes,No,No,Yes,,Yes,Not Applicable,Not Applicable,Not Applicable,Not Applicable,Not Applicable,Not Applicable,Yes,Yes,3.0,Yes,No,Not Applicable,Yes,Yes,No,No,No,0.0,1995.13,770.94,532.23,0.816,Mobile App,Edge,11,System,0.36751,891.0,16.0,24.0,Yes,-160.0,Expired,Not Applicable,30.0,Yes,No,4.0,3.0,0.0,1.0,0.75,Unknown,Unknown,0.0,3.0,Yes,Yes,Yes,Yes,No,No,0.3864109105672312,Medium,11.0,4.0,Invalid Claim
CLM00464,Refrigerator,Single Door,Power,Main Unit,Aster,24.0,No,Power Failure,Internal Component Failure,Not Applicable,Not Applicable,Not Applicable,Household,Unknown,Not Applicable,Not Applicable,Not Applicable,Not Applicable,Not Applicable,Yes,Yes,No,No,Yes,Yes,Not Applicable,Not Applicable,Not Applicable,Not Applicable,Not Applicable,Not Applicable,No,Yes,2.0,Yes,No,Not Applicable,Yes,Yes,No,No,No,0.0,1197.49,,110.06,0.721,Web,Chrome,52,Dark,0.89605,882.0,22.0,24.0,Yes,-151.0,Expired,Not Applicable,30.0,Yes,Yes,4.0,3.0,1.0,0.0,0.75,No,No,1.0,3.0,Yes,Yes,Yes,Yes,No,Not Applicable,,Medium,12.0,5.0,Invalid Claim
CLM00465,Washing Machine,Front Load,Water Leakage,Main Unit,ZenCore,24.0,No,Water Leakage,Electrical Failure,Not Applicable,Not Applicable,Not Applicable,Household,No,Not Applicable,No,Not Applicable,Not Applicable,Not Applicable,No,,Yes,Yes,Yes,Yes,Not Applicable,Not Applicable,Not Applicable,Not Applicable,Not Applicable,Not Applicable,Not Applicable,No,0.0,Not Applicable,Yes,Yes,Yes,Yes,No,No,No,0.0,1286.12,512.89,0.0,0.77,Mobile App,Chrome,34,Light,1.04255,382.0,7.0,24.0,Yes,348.0,Active,Not Applicable,30.0,Yes,Yes,3.0,3.0,0.0,0.0,1.0,Yes,No,0.0,3.0,No,Yes,Yes,No,Yes,No,0.398788604484807,Medium,9.0,0.0,Valid Claim
CLM00466,Printer,Thermal,Paper Feed,Print Head,PrimeView,12.0,No,Paper Feed Failure,Internal Component Failure,Not Applicable,Not Applicable,Not Applicable,Not Applicable,Unknown,Not Applicable,No,Not Applicable,Not Applicable,Original,,Yes,Yes,Yes,Yes,No,Not Applicable,Not Applicable,Not Applicable,Not Applicable,Not Applicable,Yes,Yes,Yes,3.0,Yes,No,Not Applicable,Yes,Yes,No,No,No,4.0,708.44,172.85,,0.721,Web,Chrome,0,Light,0.82705,189.0,27.0,12.0,Yes,177.0,Active,Active,30.0,Yes,Yes,5.0,4.0,1.0,0.0,0.8,No,No,1.0,4.0,,Yes,Yes,Yes,No,No,0.2439867878719439,Medium,1.0,2.0,Manual Review
CLM00467,Television,LED,Power,Main Unit,HomePro,24.0,Yes,Power Failure,Manufacturing Defect,No,Not Applicable,Not Applicable,Not Applicable,Not Applicable,No,Not Applicable,Not Applicable,Not Applicable,Not Applicable,Yes,Yes,Yes,Yes,Yes,Yes,Not Applicable,Not Applicable,Not Applicable,Not Applicable,Not Applicable,Not Applicable,Not Applicable,No,0.0,Not Applicable,No,Not Applicable,Yes,Yes,No,No,No,0.0,1394.91,685.04,0.0,0.8,Mobile App,Safari,0,Dark,-2.16079,889.0,11.0,24.0,Yes,207.0,Active,Not Applicable,30.0,Yes,Yes,3.0,3.0,0.0,0.0,1.0,Yes,No,0.0,3.0,Yes,Yes,Yes,No,No,No,0.491099784215469,Medium,2.0,4.0,Valid Claim
CLM00468,Refrigerator,Single Door,Other,Main Unit,ZenCore,24.0,No,Mechanical Failure,Improper Voltage Supply,Not Applicable,Not Applicable,Not Applicable,Household,Unknown,Not Applicable,Not Applicable,Not Applicable,Not Applicable,Not Applicable,Yes,Yes,No,Yes,Yes,Yes,Not Applicable,Not Applicable,Not Applicable,Not Applicable,Not Applicable,Not Applicable,Yes,Yes,1.0,Yes,No,Not Applicable,Yes,Yes,No,No,No,0.0,2294.03,728.92,346.08,0.809,Web,Safari,33,Dark,0.00333,581.0,19.0,24.0,Yes,149.0,Active,Not Applicable,30.0,Yes,No,4.0,4.0,0.0,0.0,1.0,Yes,No,0.0,4.0,Yes,Yes,Yes,Yes,No,Not Applicable,0.3177464985200716,Medium,1.0,5.0,Invalid Claim
CLM00469,Air Conditioner,Cassette,Both,Main Unit,HomePro,24.0,No,Noise,Manufacturing Defect,Not Applicable,Not Applicable,Not Applicable,Not Applicable,No,Not Applicable,Not Applicable,No,Both,Not Applicable,Yes,Yes,Yes,Yes,Yes,Yes,Yes,Not Applicable,Not Applicable,Not Applicable,Not Applicable,Not Applicable,,Yes,1.0,Yes,No,Not Applicable,Yes,Yes,No,No,No,1.0,857.9,411.28,110.16,0.869,Web,Chrome,45,System,0.3183,516.0,13.0,24.0,Yes,215.0,Active,Not Applicable,30.0,Yes,Yes,5.0,4.0,0.0,1.0,0.8,Unknown,No,0.0,4.0,Yes,Yes,Yes,Yes,No,Not Applicable,0.4794031938454365,High,6.0,1.0,Valid Claim
CLM00470,Washing Machine,Washer Dryer,Not Sure,Main Unit,PrimeView,24.0,Yes,Mechanical Failure,Misuse,Not Applicable,Not Applicable,Not Applicable,Household,No,Not Applicable,No,Not Applicable,Not Applicable,Not Applicable,Yes,Yes,No,Yes,Yes,Yes,Not Applicable,Not Applicable,Not Applicable,Not Applicable,Not Applicable,Not Applicable,,No,0.0,Not Applicable,No,Not Applicable,Yes,Yes,No,No,No,1.0,1614.12,533.28,0.0,,Web,Firefox,4,Dark,0.6516,758.0,6.0,24.0,Yes,338.0,Active,Not Applicable,30.0,Yes,No,3.0,3.0,0.0,0.0,1.0,Yes,No,0.0,3.0,Yes,Yes,Yes,No,No,No,0.3303843580402944,Unknown,2.0,3.0,Invalid Claim
CLM00471,Television,LED,Power,Main Unit,PrimeView,24.0,No,Power Failure,Internal Component Failure,No,Not Applicable,Not Applicable,Not Applicable,Not Applicable,Yes,Not Applicable,Not Applicable,Not Applicable,Not Applicable,Yes,Yes,Yes,Yes,No,Yes,Not Applicable,Not Applicable,Not Applicable,Not Applicable,Not Applicable,Not Applicable,Not Applicable,No,0.0,Not Applicable,No,Not Applicable,Yes,Yes,No,No,No,1.0,1750.43,1155.33,0.0,0.897,Mobile App,Safari,37,Light,-1.07454,478.0,18.0,24.0,Yes,253.0,Active,Not Applicable,30.0,Yes,Yes,3.0,2.0,1.0,0.0,0.6666666666666666,No,Yes,1.0,2.0,Yes,Yes,Yes,No,No,No,0.6600263935147364,High,7.0,1.0,Manual Review
CLM00472,Smartphone,Foldable Smartphone,Phone,Main Unit,NovaTech,12.0,No,Power Failure,Manufacturing Defect,No,Yes,Not Applicable,Not Applicable,Not Applicable,Not Applicable,Not Applicable,Not Applicable,Not Applicable,Not Applicable,Yes,Yes,No,Yes,Yes,Yes,Not Applicable,Not Applicable,Not Applicable,Not Applicable,Not Applicable,Not Applicable,Yes,Yes,1.0,Yes,No,Not Applicable,Yes,No,No,No,No,0.0,424.92,,355.5,0.778,Mobile App,MobileWebView,36,Light,-0.05622,172.0,5.0,12.0,Yes,194.0,Active,Not Applicable,30.0,Yes,Yes,4.0,4.0,0.0,0.0,1.0,Yes,No,0.0,4.0,Yes,Yes,Yes,Yes,No,Yes,,Medium,8.0,3.0,Manual Review
CLM00473,Smartphone,Foldable Smartphone,Phone,Main Unit,PrimeView,12.0,No,Connectivity Issue,Electrical Failure,No,No,Not Applicable,Not Applicable,Not Applicable,Not Applicable,Not Applicable,Not Applicable,Not Applicable,Not Applicable,Yes,Yes,No,Yes,Yes,,Not Applicable,Not Applicable,Not Applicable,Not Applicable,Not Applicable,Not Applicable,Yes,Yes,1.0,Yes,No,Not Applicable,Yes,Yes,No,No,No,1.0,1411.16,1230.89,548.75,0.823,Mobile App,Safari,41,Dark,-0.54044,429.0,466.0,12.0,Yes,-64.0,Expired,Not Applicable,30.0,No,Yes,4.0,3.0,0.0,1.0,0.75,Unknown,No,0.0,3.0,Yes,Yes,Yes,Yes,No,No,0.8722540321437683,Medium,1.0,6.0,Invalid Claim
CLM00474,Camera,DSLR,Camera Body,Camera Body,PrimeView,24.0,No,Display Failure,Electrical Failure,No,No,Not Applicable,Not Applicable,Not Applicable,Not Applicable,Not Applicable,Not Applicable,Not Applicable,Not Applicable,Yes,Yes,Yes,Yes,Yes,Yes,Not Applicable,Not Applicable,Not Applicable,Not Applicable,Not Applicable,Not Applicable,Yes,Yes,3.0,Yes,No,Not Applicable,Yes,Yes,No,No,No,1.0,1829.67,1536.12,132.35,0.877,Mobile App,MobileWebView,31,Light,0.10829,707.0,12.0,24.0,Yes,24.0,Nearing Expiry,Not Applicable,30.0,Yes,Yes,4.0,4.0,0.0,0.0,1.0,Yes,No,0.0,4.0,Yes,Yes,Yes,Yes,No,No,0.8395612323533751,High,4.0,6.0,Valid Claim
CLM00475,Washing Machine,Top Load,Noise,Main Unit,HomePro,24.0,No,Noise,Accidental Damage,Not Applicable,Not Applicable,Not Applicable,Household,No,Not Applicable,No,Not Applicable,Not Applicable,Not Applicable,Yes,Yes,Yes,Yes,Yes,Yes,Not Applicable,Not Applicable,Not Applicable,Not Applicable,Not Applicable,Not Applicable,Not Applicable,No,0.0,Not Applicable,No,Not Applicable,Unknown,Yes,No,No,No,1.0,1118.81,599.58,0.0,0.807,Mobile App,Safari,3,System,-0.9791,548.0,7.0,24.0,Yes,182.0,Active,Not Applicable,30.0,Yes,No,3.0,3.0,0.0,0.0,1.0,Yes,No,0.0,3.0,Yes,Yes,Unknown,No,No,No,0.5359086886960253,Medium,12.0,4.0,Invalid Claim
CLM00476,Laptop,Consumer Laptop,Device,Main Unit,ZenCore,24.0,No,Overheating,Electrical Failure,No,No,Not Applicable,Not Applicable,Not Applicable,Not Applicable,Not Applicable,Not Applicable,Not Applicable,Not Applicable,Yes,Yes,No,Yes,Yes,No,Not Applicable,Not Applicable,Not Applicable,Not Applicable,Not Applicable,Not Applicable,Not Applicable,No,0.0,Not Applicable,No,Not Applicable,Yes,Yes,No,No,No,1.0,764.54,682.1,0.0,0.655,Service Center,Firefox,48,Light,-1.25382,636.0,5.0,24.0,Yes,94.0,Active,Not Applicable,30.0,Yes,Yes,3.0,2.0,1.0,0.0,0.6666666666666666,No,No,1.0,2.0,Yes,Yes,Yes,No,No,No,0.8921704554372565,Low,1.0,4.0,Manual Review
CLM00477,Camera,DSLR,Camera Body,Camera Body,Aster,24.0,No,Lens Failure,Sensor Contamination Due To Misuse,No,No,Not Applicable,Not Applicable,Not Applicable,Not Applicable,Not Applicable,Not Applicable,Not Applicable,Not Applicable,Yes,Yes,Yes,Yes,Yes,Yes,Not Applicable,Not Applicable,Not Applicable,Not Applicable,Not Applicable,Not Applicable,Not Applicable,No,0.0,Not Applicable,No,Not Applicable,Yes,Yes,No,No,No,1.0,2961.18,2127.25,,0.896,Mobile App,Safari,38,Light,0.71294,585.0,17.0,24.0,Yes,146.0,Active,Not Applicable,30.0,Yes,No,3.0,3.0,0.0,0.0,1.0,Yes,No,0.0,3.0,Yes,Yes,Yes,No,No,No,0.7183791596593251,High,5.0,3.0,Invalid Claim
CLM00478,Refrigerator,Double Door,Water Leakage,Main Unit,Aster,24.0,No,Water Leakage,Manufacturing Defect,Not Applicable,Not Applicable,Not Applicable,Household,No,Not Applicable,Not Applicable,Not Applicable,Not Applicable,Not Applicable,,Yes,Yes,Yes,Yes,No,Not Applicable,Not Applicable,Not Applicable,Not Applicable,Not Applicable,Not Applicable,,No,0.0,Not Applicable,Yes,No,Yes,Yes,No,No,No,0.0,2127.05,864.95,,0.855,Web,Chrome,54,System,0.36236,821.0,4.0,24.0,Yes,-90.0,Expired,Not Applicable,30.0,Yes,Yes,3.0,2.0,1.0,0.0,0.6666666666666666,No,No,1.0,2.0,,Yes,Yes,No,Yes,Not Applicable,0.4066430032204226,High,2.0,4.0,Invalid Claim
CLM00479,Washing Machine,Top Load,Not Sure,Main Unit,ZenCore,24.0,No,Water Leakage,Internal Component Failure,Not Applicable,Not Applicable,Not Applicable,Household,No,Not Applicable,No,Not Applicable,Not Applicable,Not Applicable,Yes,Yes,Yes,Yes,,Yes,Not Applicable,Not Applicable,Not Applicable,Not Applicable,Not Applicable,Not Applicable,Not Applicable,No,0.0,Not Applicable,No,Not Applicable,Yes,Yes,No,No,No,1.0,546.42,498.51,0.0,0.877,Web,Safari,5,Dark,0.08387,433.0,10.0,24.0,Yes,297.0,Active,Not Applicable,30.0,Yes,Yes,3.0,2.0,0.0,1.0,0.6666666666666666,Unknown,Unknown,0.0,2.0,Yes,Yes,Yes,No,No,No,0.9123201932579336,High,2.0,2.0,Valid Claim
CLM00480,Printer,Laser,Printing,Main Unit,HomePro,12.0,No,Mechanical Failure,Electrical Failure,Not Applicable,Not Applicable,Not Applicable,Not Applicable,No,Not Applicable,Yes,Not Applicable,Not Applicable,Original,Yes,Yes,Yes,Yes,Yes,No,Not Applicable,Not Applicable,Not Applicable,Not Applicable,Not Applicable,Yes,,No,0.0,Not Applicable,No,Not Applicable,Yes,Yes,No,No,Yes,1.0,1036.38,600.98,0.0,0.785,Mobile App,Safari,26,System,0.40342,291.0,15.0,12.0,Yes,75.0,Active,Not Applicable,30.0,Yes,Yes,4.0,3.0,1.0,0.0,0.75,No,No,1.0,3.0,Yes,Yes,Yes,No,No,Yes,0.5798838263957236,Medium,9.0,5.0,Manual Review
CLM00481,Camera,Mirrorless,Lens,Lens,PrimeView,24.0,No,Display Failure,Internal Component Failure,No,No,Not Applicable,Not Applicable,Not Applicable,Not Applicable,Not Applicable,Not Applicable,Not Applicable,Not Applicable,Yes,,Yes,Yes,Yes,Yes,Not Applicable,Not Applicable,Not Applicable,Not Applicable,Yes,Not Applicable,Not Applicable,No,0.0,Not Applicable,Yes,Yes,Yes,Yes,No,No,No,1.0,1139.95,418.36,0.0,0.572,Service Center,Edge,48,Light,-0.06622,534.0,9.0,24.0,Yes,196.0,Active,Active,30.0,Yes,Yes,4.0,4.0,0.0,0.0,1.0,Yes,No,0.0,4.0,Yes,Yes,Yes,No,Yes,No,0.3669985525680951,Low,3.0,4.0,Manual Review
CLM00482,Camera,DSLR,Battery,Battery,NovaTech,6.0,No,Power Failure,Normal Wear,Unknown,No,Yes,Not Applicable,Not Applicable,Not Applicable,Not Applicable,Not Applicable,Not Applicable,Not Applicable,Yes,Yes,Yes,Yes,No,Yes,Not Applicable,Not Applicable,Not Applicable,Not Applicable,Not Applicable,Not Applicable,Not Applicable,No,0.0,Not Applicable,No,Not Applicable,Yes,Yes,No,No,No,1.0,2986.86,549.77,0.0,0.944,Web,Edge,3,Light,0.76944,112.0,19.0,6.0,Yes,72.0,Active,Active,30.0,Yes,No,3.0,2.0,1.0,0.0,0.6666666666666666,No,Yes,1.0,2.0,Yes,Yes,Yes,No,No,Unknown,0.1840628620022364,High,7.0,2.0,Invalid Claim
CLM00483,Air Conditioner,Split,Outdoor Unit,Main Unit,ZenCore,24.0,No,Cooling Failure,Manufacturing Defect,Not Applicable,Not Applicable,Not Applicable,Not Applicable,No,Not Applicable,Not Applicable,No,Outdoor Unit,Not Applicable,Yes,No,Yes,,No,Yes,Yes,Not Applicable,Not Applicable,Not Applicable,Not Applicable,Not Applicable,Not Applicable,No,0.0,Not Applicable,No,Not Applicable,No,Yes,No,No,No,2.0,2024.49,1219.63,0.0,0.876,Web,MobileWebView,27,Dark,-1.15549,726.0,15.0,24.0,Yes,5.0,Nearing Expiry,Not Applicable,30.0,Yes,Yes,4.0,3.0,1.0,0.0,0.75,No,Yes,1.0,3.0,Yes,Yes,No,No,No,Not Applicable,0.6024381449155096,High,10.0,5.0,Invalid Claim
CLM00484,Camera,Mirrorless,Lens,Lens,,24.0,No,Connectivity Issue,Misuse,Unknown,No,Not Applicable,Not Applicable,Not Applicable,Not Applicable,Not Applicable,Not Applicable,Not Applicable,Not Applicable,Yes,Yes,No,Yes,No,Yes,Not Applicable,Not Applicable,Not Applicable,Not Applicable,Yes,Not Applicable,,No,0.0,Not Applicable,No,Not Applicable,Yes,Yes,No,No,Yes,1.0,505.28,410.24,,0.76,Web,Chrome,12,Light,-0.42286,425.0,8.0,24.0,Yes,306.0,Active,Active,30.0,Yes,No,4.0,3.0,1.0,0.0,0.75,No,Yes,1.0,3.0,Yes,Yes,Yes,No,No,Unknown,0.811906269791007,Medium,8.0,4.0,Invalid Claim
CLM00485,Refrigerator,Single Door,Noise,Main Unit,ZenCore,24.0,No,Noise,Electrical Failure,Not Applicable,Not Applicable,Not Applicable,Household,No,Not Applicable,Not Applicable,Not Applicable,Not Applicable,Not Applicable,Yes,Yes,Yes,Yes,Yes,Yes,Not Applicable,Not Applicable,Not Applicable,Not Applicable,Not Applicable,Not Applicable,,No,0.0,Not Applicable,No,Not Applicable,Yes,Yes,No,No,No,0.0,703.94,245.31,0.0,0.968,Service Center,MobileWebView,13,System,-0.63511,745.0,13.0,24.0,Yes,-14.0,Expired,Not Applicable,30.0,Yes,Yes,3.0,3.0,0.0,0.0,1.0,Yes,No,0.0,3.0,Yes,Yes,Yes,No,No,Not Applicable,0.3484814046651703,High,4.0,3.0,Invalid Claim
CLM00486,Washing Machine,Top Load,Water Leakage,Main Unit,PrimeView,24.0,No,Water Leakage,Internal Component Failure,Not Applicable,Not Applicable,Not Applicable,Household,No,Not Applicable,Unknown,Not Applicable,Not Applicable,Not Applicable,Yes,Yes,No,Yes,Yes,Yes,Not Applicable,Not Applicable,Not Applicable,Not Applicable,Not Applicable,Not Applicable,Not Applicable,No,0.0,Not Applicable,No,Not Applicable,Yes,Yes,No,No,No,1.0,464.08,384.39,0.0,0.563,Email,Chrome,55,System,0.09451,387.0,16.0,24.0,Yes,343.0,Active,Not Applicable,30.0,Yes,Yes,3.0,3.0,0.0,0.0,1.0,Yes,No,0.0,3.0,Yes,Yes,Yes,No,No,Unknown,0.8282839165661093,Low,4.0,5.0,Manual Review
CLM00487,Air Conditioner,Portable,Both,Main Unit,HomePro,24.0,No,Water Leakage,Electrical Failure,Not Applicable,Not Applicable,Not Applicable,Not Applicable,Unknown,Not Applicable,Not Applicable,No,Both,Not Applicable,Yes,Yes,Yes,Yes,Yes,Yes,Yes,Not Applicable,Not Applicable,Not Applicable,Not Applicable,Not Applicable,,Yes,1.0,Yes,No,Not Applicable,Yes,Yes,No,No,No,0.0,2077.34,264.49,575.08,0.97,Service Center,Firefox,32,System,0.31999,627.0,18.0,24.0,Yes,104.0,Active,Not Applicable,30.0,Yes,Yes,5.0,4.0,0.0,1.0,0.8,Unknown,No,0.0,4.0,Yes,Yes,Yes,Yes,No,Not Applicable,0.1273214784291449,High,4.0,2.0,Valid Claim
CLM00488,Laptop,Consumer Laptop,Device,Main Unit,ZenCore,24.0,No,Display Failure,Physical Damage,No,No,Not Applicable,Not Applicable,Not Applicable,Not Applicable,Not Applicable,Not Applicable,Not Applicable,Not Applicable,,Yes,Yes,Yes,No,No,Not Applicable,Not Applicable,Not Applicable,Not Applicable,Not Applicable,Not Applicable,Yes,Yes,3.0,Yes,No,Not Applicable,Yes,Yes,No,No,No,1.0,2412.06,719.91,570.62,0.83,Web,Safari,47,System,0.23086,445.0,14.0,24.0,Yes,285.0,Active,Not Applicable,30.0,Yes,No,4.0,2.0,2.0,0.0,0.5,No,Yes,2.0,2.0,,Yes,Yes,Yes,No,No,0.2984627248078406,Medium,7.0,4.0,Invalid Claim
CLM00489,Refrigerator,Side-by-Side,Power,Main Unit,HomePro,24.0,No,Power Failure,Manufacturing Defect,Not Applicable,Not Applicable,Not Applicable,Household,Yes,Not Applicable,Not Applicable,Not Applicable,Not Applicable,Not Applicable,Yes,Yes,Yes,Yes,Yes,Yes,Not Applicable,Not Applicable,Not Applicable,Not Applicable,Not Applicable,Not Applicable,,No,0.0,Not Applicable,No,Not Applicable,Yes,Yes,No,No,No,2.0,1868.08,1016.16,0.0,0.856,Mobile App,Edge,6,Light,1.63635,418.0,21.0,24.0,Yes,313.0,Active,Not Applicable,30.0,Yes,Yes,3.0,3.0,0.0,0.0,1.0,Yes,No,0.0,3.0,Yes,Yes,Yes,No,No,Not Applicable,0.5439595734658045,High,10.0,2.0,Valid Claim
CLM00490,Printer,Inkjet,Paper Feed,Main Unit,NovaTech,12.0,Yes,Paper Feed Failure,Accidental Damage,Not Applicable,Not Applicable,Not Applicable,Not Applicable,No,Not Applicable,No,Not Applicable,Not Applicable,Original,Yes,,Yes,Yes,,Yes,Not Applicable,Not Applicable,Not Applicable,Not Applicable,Not Applicable,No,Not Applicable,No,0.0,Not Applicable,No,Not Applicable,Yes,Yes,No,No,No,1.0,997.13,829.37,0.0,0.903,Web,Firefox,58,Dark,-0.75916,554.0,14.0,12.0,Yes,177.0,Active,Not Applicable,30.0,Yes,No,4.0,2.0,1.0,1.0,0.5,No,Unknown,1.0,2.0,Yes,Yes,Yes,No,No,No,0.8317571430004111,High,2.0,5.0,Invalid Claim
CLM00491,Washing Machine,Top Load,Noise,Main Unit,HomePro,24.0,No,Noise,Normal Wear,Not Applicable,Not Applicable,Not Applicable,Household,No,Not Applicable,No,Not Applicable,Not Applicable,Not Applicable,,Yes,No,Yes,,Yes,Not Applicable,Not Applicable,Not Applicable,Not Applicable,Not Applicable,Not Applicable,Not Applicable,No,0.0,Not Applicable,Yes,Yes,Yes,Yes,No,No,No,1.0,1053.51,657.02,0.0,0.766,Email,Safari,39,System,-0.01641,1008.0,7.0,24.0,Yes,-277.0,Expired,Not Applicable,30.0,Yes,No,3.0,2.0,0.0,1.0,0.6666666666666666,Unknown,Unknown,0.0,2.0,,Yes,Yes,No,Yes,No,0.6236485652722803,Medium,8.0,1.0,Invalid Claim
CLM00492,Smartphone,Foldable Smartphone,Battery,Battery,NovaTech,12.0,No,Display Failure,Electrical Failure,Yes,No,Yes,Not Applicable,Not Applicable,Not Applicable,Not Applicable,Not Applicable,Not Applicable,Not Applicable,Yes,Yes,Yes,Yes,Yes,,Not Applicable,Yes,Not Applicable,Not Applicable,Not Applicable,Not Applicable,Not Applicable,No,0.0,Not Applicable,No,Not Applicable,Yes,Yes,No,No,No,0.0,700.62,496.11,0.0,0.959,Mobile App,Firefox,57,Light,-0.32176,361.0,5.0,12.0,Yes,4.0,Nearing Expiry,Nearing Expiry,30.0,Yes,Yes,4.0,3.0,0.0,1.0,0.75,Unknown,No,0.0,3.0,Yes,Yes,Yes,No,No,Yes,0.7081013959064828,High,1.0,4.0,Valid Claim
CLM00493,Television,Mini-LED,Sound,Main Unit,Aster,24.0,No,Audio Failure,Manufacturing Defect,No,Not Applicable,Not Applicable,Not Applicable,Not Applicable,Yes,Not Applicable,Not Applicable,Not Applicable,Not Applicable,Yes,Yes,Yes,Yes,Yes,,Not Applicable,Not Applicable,Not Applicable,Not Applicable,Not Applicable,Not Applicable,Not Applicable,No,0.0,Not Applicable,No,Not Applicable,Yes,Yes,No,No,No,1.0,2437.95,519.75,0.0,0.588,Web,Edge,25,Light,-2.45151,398.0,57.0,24.0,Yes,333.0,Active,Not Applicable,30.0,No,Yes,3.0,2.0,0.0,1.0,0.6666666666666666,Unknown,No,0.0,2.0,Yes,Yes,Yes,No,No,No,0.2131914108164646,Low,3.0,5.0,Invalid Claim
CLM00494,Smartphone,Standard Smartphone,Phone,Main Unit,PrimeView,12.0,No,Overheating,Misuse,No,No,Not Applicable,Not Applicable,Not Applicable,Not Applicable,Not Applicable,Not Applicable,Not Applicable,Not Applicable,Yes,Yes,No,Yes,Yes,No,Not Applicable,Not Applicable,Not Applicable,Not Applicable,Not Applicable,Not Applicable,Yes,Yes,2.0,Yes,No,Not Applicable,Yes,Yes,No,No,No,0.0,444.57,178.05,604.98,0.813,Mobile App,Chrome,9,System,0.54755,482.0,5.0,12.0,Yes,-117.0,Expired,Not Applicable,30.0,Yes,No,4.0,3.0,1.0,0.0,0.75,No,No,1.0,3.0,Yes,Yes,Yes,Yes,No,No,0.400499358931102,Medium,6.0,4.0,Invalid Claim
CLM00495,Washing Machine,Top Load,Power,Main Unit,ZenCore,24.0,No,Power Failure,Electrical Failure,Not Applicable,Not Applicable,Not Applicable,Household,No,Not Applicable,No,Not Applicable,Not Applicable,Not Applicable,Yes,Yes,No,Yes,Yes,Yes,Not Applicable,Not Applicable,Not Applicable,Not Applicable,Not Applicable,Not Applicable,,No,0.0,Not Applicable,No,Not Applicable,Yes,Yes,Yes,No,No,0.0,2196.65,1660.4,0.0,0.579,Mobile App,Firefox,23,Light,-0.82788,463.0,24.0,24.0,Yes,268.0,Active,Not Applicable,30.0,Yes,Yes,3.0,3.0,0.0,0.0,1.0,Yes,No,0.0,3.0,Yes,Yes,Yes,No,No,No,0.755878269182619,Low,1.0,1.0,Invalid Claim
CLM00496,Camera,Action Camera,Camera Body,Camera Body,Aster,24.0,No,Power Failure,Lens Impact Damage,No,No,Not Applicable,Not Applicable,Not Applicable,Not Applicable,Not Applicable,Not Applicable,Not Applicable,Not Applicable,Yes,Yes,Yes,Yes,Yes,,Not Applicable,Not Applicable,Not Applicable,Not Applicable,Not Applicable,Not Applicable,Not Applicable,No,0.0,Not Applicable,Yes,Yes,Yes,Yes,No,No,No,0.0,3310.42,2036.44,0.0,0.873,Service Center,Safari,14,Dark,-1.09365,589.0,5.0,24.0,Yes,142.0,Active,Not Applicable,30.0,Yes,No,3.0,2.0,0.0,1.0,0.6666666666666666,Unknown,No,0.0,2.0,Yes,Yes,Yes,No,Yes,No,0.6151606140610557,High,8.0,4.0,Invalid Claim
CLM00497,Printer,Laser,Ink or Toner,Ink Or Toner,HomePro,0.0,No,Mechanical Failure,Internal Component Failure,Not Applicable,Not Applicable,Not Applicable,Not Applicable,Yes,Not Applicable,No,Not Applicable,Not Applicable,Original,Yes,No,Yes,Yes,Yes,Yes,Not Applicable,Not Applicable,Not Applicable,Not Applicable,Not Applicable,Yes,Not Applicable,No,0.0,Not Applicable,No,Not Applicable,Yes,Yes,No,No,No,0.0,791.62,672.18,0.0,0.639,Web,Edge,21,Dark,-2.02994,226.0,4.0,0.0,No,,Not Eligible,Not Eligible,30.0,Yes,No,4.0,4.0,0.0,0.0,1.0,Yes,No,0.0,4.0,Yes,Yes,Yes,No,No,No,0.8491195270458047,Low,10.0,0.0,Invalid Claim
CLM00498,Air Conditioner,Portable,Not Sure,Main Unit,ZenCore,24.0,No,Cooling Failure,Internal Component Failure,Not Applicable,Not Applicable,Not Applicable,Not Applicable,Yes,Not Applicable,Not Applicable,Yes,Not Sure,Not Applicable,Yes,Yes,No,No,Yes,,No,Not Applicable,Not Applicable,Not Applicable,Not Applicable,Not Applicable,Not Applicable,No,0.0,Not Applicable,No,Not Applicable,Yes,Yes,No,No,No,2.0,1064.12,460.46,0.0,0.77,Mobile App,Chrome,24,System,0.03513,643.0,14.0,24.0,Yes,88.0,Active,Not Applicable,30.0,Yes,Yes,4.0,2.0,1.0,1.0,0.5,No,Yes,1.0,2.0,Yes,Yes,Yes,No,No,Not Applicable,0.4327143555238131,Medium,4.0,1.0,Manual Review
CLM00499,Printer,Laser,Ink or Toner,Ink Or Toner,PrimeView,0.0,No,Power Failure,Manufacturing Defect,Not Applicable,Not Applicable,Not Applicable,Not Applicable,No,Not Applicable,No,Not Applicable,Not Applicable,Unknown,Yes,Yes,Yes,Yes,Yes,,Not Applicable,Not Applicable,Not Applicable,Not Applicable,Not Applicable,Yes,Not Applicable,No,0.0,Not Applicable,No,Not Applicable,Yes,Yes,No,No,No,0.0,291.41,,0.0,0.778,Mobile App,MobileWebView,44,Light,0.07369,322.0,5.0,0.0,No,,Not Eligible,Not Eligible,30.0,Yes,No,4.0,3.0,0.0,1.0,0.75,Unknown,No,0.0,3.0,Yes,Yes,Yes,No,No,No,,Medium,8.0,1.0,Invalid Claim
CLM00500,Washing Machine,Top Load,Water Supply or Drain,Main Unit,ZenCore,24.0,Yes,Mechanical Failure,Electrical Failure,Not Applicable,Not Applicable,Not Applicable,Household,Yes,Not Applicable,No,Not Applicable,Not Applicable,Not Applicable,Yes,Yes,No,Yes,Yes,,Not Applicable,Not Applicable,Not Applicable,Not Applicable,Not Applicable,Not Applicable,No,Yes,3.0,Yes,No,Not Applicable,Yes,Yes,No,No,No,2.0,786.72,701.7,,0.89,Web,Chrome,56,Dark,0.63979,817.0,12.0,24.0,Yes,279.0,Active,Not Applicable,30.0,Yes,Yes,4.0,2.0,1.0,1.0,0.5,No,No,1.0,2.0,Yes,Yes,Yes,Yes,No,No,0.8919310555216595,High,2.0,2.0,Manual Review
CLM00501,Smartphone,Standard Smartphone,Battery,Battery,NovaTech,12.0,No,Connectivity Issue,Electrical Failure,No,No,Yes,Not Applicable,Not Applicable,Not Applicable,Not Applicable,Not Applicable,Not Applicable,Not Applicable,Yes,Yes,Yes,Yes,Yes,Yes,Not Applicable,Yes,Not Applicable,Not Applicable,Not Applicable,Not Applicable,Yes,Yes,3.0,Yes,No,Not Applicable,Yes,Yes,No,No,No,1.0,1100.46,881.64,564.85,0.827,Web,Safari,9,System,-0.44346,178.0,18.0,12.0,Yes,187.0,Active,Active,30.0,Yes,Yes,5.0,5.0,0.0,0.0,1.0,Yes,No,0.0,5.0,Yes,Yes,Yes,Yes,No,No,0.8011558802682515,Medium,8.0,4.0,Valid Claim
CLM00502,Laptop,Gaming Laptop,Device,Main Unit,ZenCore,24.0,No,Battery Problem,Electrical Failure,No,No,Yes,Not Applicable,Not Applicable,Not Applicable,Not Applicable,Not Applicable,Not Applicable,Not Applicable,Yes,Yes,Yes,Yes,Yes,No,Not Applicable,Not Applicable,Not Applicable,Not Applicable,Not Applicable,Not Applicable,Yes,Yes,3.0,Yes,No,Not Applicable,Yes,Yes,No,No,No,0.0,1666.99,265.17,523.81,0.893,Mobile App,MobileWebView,34,System,-1.03513,533.0,46.0,24.0,Yes,198.0,Active,Not Applicable,30.0,No,Yes,4.0,3.0,1.0,0.0,0.75,No,No,1.0,3.0,Yes,Yes,Yes,Yes,No,No,0.1590711401988014,High,3.0,5.0,Invalid Claim
CLM00503,Air Conditioner,Cassette,Outdoor Unit,Main Unit,ZenCore,24.0,No,Noise,Electrical Failure,Not Applicable,Not Applicable,Not Applicable,Not Applicable,No,Not Applicable,Not Applicable,No,Outdoor Unit,Not Applicable,,Yes,Yes,,Yes,Yes,Yes,Not Applicable,Not Applicable,Not Applicable,Not Applicable,Not Applicable,Not Applicable,No,0.0,Not Applicable,No,Not Applicable,Yes,Yes,No,No,No,2.0,1484.39,193.48,0.0,0.906,Mobile App,MobileWebView,41,System,0.61907,585.0,19.0,24.0,Yes,145.0,Active,Not Applicable,30.0,Yes,Yes,4.0,4.0,0.0,0.0,1.0,Yes,No,0.0,4.0,,Yes,Yes,No,No,Not Applicable,0.1303431039012658,High,6.0,1.0,Valid Claim
CLM00504,Camera,DSLR,Camera Body,Camera Body,PrimeView,24.0,No,Lens Failure,Manufacturing Defect,No,No,Not Applicable,Not Applicable,Not Applicable,Not Applicable,Not Applicable,Not Applicable,Not Applicable,Not Applicable,Yes,Yes,No,Yes,Yes,Yes,Not Applicable,Not Applicable,Not Applicable,Not Applicable,Not Applicable,Not Applicable,Not Applicable,No,0.0,Not Applicable,No,Not Applicable,Yes,Yes,No,No,No,0.0,1070.87,791.5,0.0,0.867,Mobile App,Chrome,55,Dark,-0.93315,725.0,14.0,24.0,Yes,6.0,Nearing Expiry,Not Applicable,30.0,Yes,Yes,3.0,3.0,0.0,0.0,1.0,Yes,No,0.0,3.0,Yes,Yes,Yes,No,No,No,0.7391186605283555,High,7.0,2.0,Valid Claim
CLM00505,Air Conditioner,Portable,Both,Main Unit,Aster,24.0,Yes,Noise,Accidental Damage,Not Applicable,Not Applicable,Not Applicable,Not Applicable,No,Not Applicable,Not Applicable,No,Both,Not Applicable,Yes,Yes,Yes,Yes,Yes,Yes,Yes,Not Applicable,Not Applicable,Not Applicable,Not Applicable,Not Applicable,Not Applicable,No,0.0,Not Applicable,Yes,Yes,Yes,Yes,No,No,No,2.0,2757.97,2039.25,0.0,0.486,Web,Safari,19,Dark,-0.50237,1045.0,36.0,24.0,Yes,51.0,Active,Not Applicable,30.0,No,No,4.0,4.0,0.0,0.0,1.0,Yes,No,0.0,4.0,Yes,Yes,Yes,No,Yes,Not Applicable,0.7394025315721346,Low,1.0,6.0,Invalid Claim
CLM00506,Camera,Action Camera,Camera Body,Camera Body,Aster,24.0,No,Display Failure,Lens Impact Damage,Unknown,No,Not Applicable,Not Applicable,Not Applicable,Not Applicable,Not Applicable,Not Applicable,Not Applicable,Not Applicable,Yes,Yes,No,Yes,Yes,Yes,Not Applicable,Not Applicable,Not Applicable,Not Applicable,Not Applicable,Not Applicable,Not Applicable,No,0.0,Not Applicable,No,Not Applicable,Yes,Yes,No,No,No,0.0,3337.76,3000.4,0.0,0.756,Mobile App,Firefox,27,System,-1.34859,460.0,31.0,24.0,Yes,270.0,Active,Not Applicable,30.0,No,No,3.0,3.0,0.0,0.0,1.0,Yes,No,0.0,3.0,Yes,Yes,Yes,No,No,Unknown,0.8989262259719093,Medium,10.0,2.0,Invalid Claim
CLM00507,Smartphone,Rugged Smartphone,Battery,Battery,PrimeView,12.0,No,Power Failure,Internal Component Failure,No,No,Yes,Not Applicable,Not Applicable,Not Applicable,Not Applicable,Not Applicable,Not Applicable,Not Applicable,Yes,Yes,No,Yes,No,No,Not Applicable,Yes,Not Applicable,Not Applicable,Not Applicable,Not Applicable,Not Applicable,No,0.0,Not Applicable,No,Not Applicable,Yes,Yes,No,No,No,2.0,1051.72,534.91,0.0,0.682,Web,Firefox,10,System,-0.29249,229.0,30.0,12.0,Yes,136.0,Active,Active,30.0,Yes,Yes,4.0,2.0,2.0,0.0,0.5,No,Yes,2.0,2.0,Yes,Yes,Yes,No,No,No,0.5086049518883352,Low,5.0,4.0,Manual Review
CLM00508,Air Conditioner,Cassette,Both,Main Unit,ZenCore,24.0,No,Power Failure,Physical Damage,Not Applicable,Not Applicable,Not Applicable,Not Applicable,No,Not Applicable,Not Applicable,No,Both,Not Applicable,Yes,Yes,Yes,Yes,,No,Yes,Not Applicable,Not Applicable,Not Applicable,Not Applicable,Not Applicable,,No,0.0,Not Applicable,No,Not Applicable,Yes,Yes,No,No,No,0.0,1699.08,529.35,0.0,0.884,Web,Edge,18,Dark,-0.87974,1016.0,9.0,24.0,Yes,-285.0,Expired,Not Applicable,30.0,Yes,No,4.0,2.0,1.0,1.0,0.5,No,Unknown,1.0,2.0,Yes,Yes,Yes,No,No,Not Applicable,0.3115509569884879,High,9.0,6.0,Invalid Claim
CLM00509,Printer,Thermal,Connection,Main Unit,NovaTech,12.0,No,Connectivity Issue,Accidental Damage,Not Applicable,Not Applicable,Not Applicable,Not Applicable,No,Not Applicable,No,Not Applicable,Not Applicable,Compatible,Yes,Yes,No,Yes,Yes,Yes,Not Applicable,Not Applicable,Not Applicable,Not Applicable,Not Applicable,Yes,,No,0.0,Not Applicable,No,Not Applicable,Yes,Yes,No,No,Yes,1.0,463.31,268.86,0.0,0.738,Service Center,Chrome,22,Light,0.34574,227.0,33.0,12.0,Yes,139.0,Active,Not Applicable,30.0,No,No,4.0,4.0,0.0,0.0,1.0,Yes,No,0.0,4.0,Yes,Yes,Yes,No,No,No,0.5803026051671667,Medium,8.0,6.0,Invalid Claim
CLM00510,Laptop,Business Laptop,Charger,Power Adapter,Aster,12.0,No,Power Failure,Electrical Failure,No,No,Not Applicable,Not Applicable,Not Applicable,Not Applicable,Not Applicable,Not Applicable,Not Applicable,Not Applicable,Yes,Yes,Yes,Yes,Yes,Yes,Not Applicable,Not Applicable,Not Applicable,Not Applicable,Not Applicable,Not Applicable,Not Applicable,No,0.0,Not Applicable,No,Not Applicable,Yes,Yes,No,No,No,2.0,2385.31,1087.43,0.0,0.929,Mobile App,MobileWebView,46,System,-0.03175,467.0,3.0,12.0,Yes,-102.0,Expired,Expired,30.0,Yes,Yes,3.0,3.0,0.0,0.0,1.0,Yes,No,0.0,3.0,Yes,Yes,Yes,No,No,No,0.4558862370090261,High,2.0,2.0,Invalid Claim
CLM00511,Laptop,Business Laptop,Device,Main Unit,Aster,24.0,No,Power Failure,Water Damage,No,Yes,Not Applicable,Not Applicable,Not Applicable,Not Applicable,Not Applicable,Not Applicable,Not Applicable,Not Applicable,Yes,No,No,Yes,Yes,Yes,Not Applicable,Not Applicable,Not Applicable,Not Applicable,Not Applicable,Not Applicable,Not Applicable,No,0.0,Not Applicable,No,Not Applicable,Yes,Yes,No,No,No,0.0,1381.22,1007.48,0.0,0.881,Web,Firefox,20,System,-1.4074,602.0,34.0,24.0,Yes,129.0,Active,Not Applicable,30.0,No,No,3.0,3.0,0.0,0.0,1.0,Yes,No,0.0,3.0,Yes,Yes,Yes,No,No,Yes,0.7294131275249417,High,3.0,6.0,Invalid Claim
CLM00512,Smartphone,Rugged Smartphone,Phone,Main Unit,NovaTech,12.0,No,Battery Problem,Manufacturing Defect,No,No,Yes,Not Applicable,Not Applicable,Not Applicable,Not Applicable,Not Applicable,Not Applicable,Not Applicable,Yes,,No,Yes,,Yes,Not Applicable,Not Applicable,Not Applicable,Not Applicable,Not Applicable,Not Applicable,Not Applicable,No,0.0,Not Applicable,No,Not Applicable,Yes,Yes,No,No,No,0.0,990.1,107.01,0.0,0.835,Service Center,Safari,25,System,-0.42227,305.0,20.0,12.0,Yes,60.0,Active,Not Applicable,30.0,Yes,Yes,3.0,2.0,0.0,1.0,0.6666666666666666,Unknown,Unknown,0.0,2.0,Yes,Yes,Yes,No,No,No,0.108079991920008,Medium,1.0,6.0,Valid Claim
CLM00513,Television,LED,Picture,Main Unit,HomePro,24.0,No,Display Failure,Electrical Failure,No,Not Applicable,Not Applicable,Not Applicable,Not Applicable,No,Not Applicable,Not Applicable,Not Applicable,Not Applicable,Yes,Yes,No,Yes,No,,Not Applicable,Not Applicable,Not Applicable,Not Applicable,Not Applicable,Not Applicable,Not Applicable,No,0.0,Not Applicable,No,Not Applicable,Yes,Yes,No,No,No,1.0,1051.24,857.32,0.0,0.727,Service Center,Chrome,51,Dark,0.3581,543.0,15.0,24.0,Yes,188.0,Active,Not Applicable,30.0,Yes,Yes,3.0,1.0,1.0,1.0,0.3333333333333333,No,Yes,1.0,1.0,Yes,Yes,Yes,No,No,No,0.8155321334804612,Medium,4.0,0.0,Manual Review
CLM00514,Laptop,Consumer Laptop,Device,Main Unit,NovaTech,24.0,Yes,Battery Problem,Internal Component Failure,No,No,Yes,Not Applicable,Not Applicable,Not Applicable,Not Applicable,Not Applicable,Not Applicable,Not Applicable,Yes,Yes,Yes,Yes,Yes,Yes,Not Applicable,Not Applicable,Not Applicable,Not Applicable,Not Applicable,Not Applicable,Yes,Yes,1.0,Yes,Yes,Yes,Yes,Yes,No,No,No,0.0,2521.42,1197.68,33.47,0.789,Service Center,Edge,23,System,1.40476,745.0,19.0,24.0,Yes,351.0,Active,Not Applicable,30.0,Yes,Yes,4.0,4.0,0.0,0.0,1.0,Yes,No,0.0,4.0,Yes,Yes,Yes,Yes,Yes,No,0.4750021813105314,Medium,8.0,0.0,Valid Claim
CLM00515,Camera,DSLR,Camera Body,Camera Body,PrimeView,24.0,No,Display Failure,Manufacturing Defect,No,No,Not Applicable,Not Applicable,Not Applicable,Not Applicable,Not Applicable,Not Applicable,Not Applicable,Not Applicable,Yes,Yes,No,Yes,Yes,Yes,Not Applicable,Not Applicable,Not Applicable,Not Applicable,Not Applicable,Not Applicable,Not Applicable,No,0.0,Not Applicable,No,Not Applicable,Yes,Yes,No,No,No,0.0,2050.96,1129.49,0.0,0.615,Mobile App,Firefox,14,Light,-1.66216,602.0,25.0,24.0,Yes,129.0,Active,Not Applicable,30.0,Yes,Yes,3.0,3.0,0.0,0.0,1.0,Yes,No,0.0,3.0,Yes,Yes,Yes,No,No,No,0.5507128369153957,Low,7.0,0.0,Manual Review
CLM00516,Washing Machine,Washer Dryer,Noise,Main Unit,ZenCore,24.0,No,Noise,Overloading,Not Applicable,Not Applicable,Not Applicable,Household,No,Not Applicable,No,Not Applicable,Not Applicable,Not Applicable,No,Yes,Yes,Yes,Yes,,Not Applicable,Not Applicable,Not Applicable,Not Applicable,Not Applicable,Not Applicable,,No,0.0,Not Applicable,No,Not Applicable,Yes,Yes,No,No,No,3.0,515.63,93.67,0.0,0.93,Web,MobileWebView,10,Dark,0.00517,558.0,2.0,24.0,Yes,173.0,Active,Not Applicable,30.0,Yes,No,3.0,2.0,0.0,1.0,0.6666666666666666,Unknown,No,0.0,2.0,No,Yes,Yes,No,No,No,0.1816612687392122,High,3.0,5.0,Invalid Claim
CLM00517,Laptop,Gaming Laptop,Charger,Power Adapter,NovaTech,12.0,No,Display Failure,Manufacturing Defect,No,Yes,Not Applicable,Not Applicable,Not Applicable,Not Applicable,Not Applicable,Not Applicable,Not Applicable,Not Applicable,Yes,Yes,Yes,Yes,Yes,Yes,Not Applicable,Not Applicable,Not Applicable,Not Applicable,Not Applicable,Not Applicable,,Yes,1.0,Yes,No,Not Applicable,Yes,Yes,No,No,No,0.0,2498.57,1376.95,250.11,0.836,Mobile App,Firefox,39,Dark,0.84803,208.0,15.0,12.0,Yes,157.0,Active,Active,30.0,Yes,Yes,4.0,3.0,0.0,1.0,0.75,Unknown,No,0.0,3.0,Yes,Yes,Yes,Yes,No,Yes,0.5510952264695406,Medium,5.0,4.0,Valid Claim
CLM00518,Smartphone,Foldable Smartphone,Battery,Battery,NovaTech,12.0,No,Battery Problem,Electrical Failure,No,No,Yes,Not Applicable,Not Applicable,Not Applicable,Not Applicable,Not Applicable,Not Applicable,Not Applicable,Yes,Yes,Yes,,Yes,Yes,Not Applicable,Yes,Not Applicable,Not Applicable,Not Applicable,Not Applicable,Not Applicable,No,0.0,Not Applicable,No,Not Applicable,Yes,Yes,No,No,No,1.0,544.87,99.8,0.0,0.941,Service Center,Firefox,25,Light,0.27313,281.0,21.0,12.0,Yes,84.0,Active,Active,30.0,Yes,Yes,4.0,4.0,0.0,0.0,1.0,Yes,No,0.0,4.0,Yes,Yes,Yes,No,No,No,0.1831629563015031,High,12.0,3.0,Valid Claim
CLM00519,Air Conditioner,Split,Outdoor Unit,Compressor,Aster,60.0,No,Noise,Internal Component Failure,Not Applicable,Not Applicable,Not Applicable,Not Applicable,Yes,Not Applicable,Not Applicable,No,Outdoor Unit,Not Applicable,Yes,No,No,Yes,Yes,Yes,Yes,Not Applicable,Not Applicable,No,Not Applicable,Not Applicable,Yes,Yes,3.0,No,No,Not Applicable,Yes,Yes,Yes,No,No,0.0,2492.55,640.86,365.79,0.819,Mobile App,Firefox,50,System,-0.74793,1620.0,13.0,60.0,Yes,207.0,Active,Active,30.0,Yes,Yes,6.0,5.0,1.0,0.0,0.8333333333333334,No,No,1.0,5.0,Yes,Yes,Yes,Yes,No,Not Applicable,0.2571101883613167,Medium,2.0,3.0,Invalid Claim
CLM00520,Washing Machine,Top Load,Noise,Main Unit,HomePro,24.0,No,Noise,Electrical Failure,Not Applicable,Not Applicable,Not Applicable,Household,No,Not Applicable,No,Not Applicable,Not Applicable,Not Applicable,Yes,Yes,Yes,Yes,Yes,Yes,Not Applicable,Not Applicable,Not Applicable,Not Applicable,Not Applicable,Not Applicable,Yes,Yes,3.0,No,No,Not Applicable,Yes,No,No,No,No,0.0,364.91,325.94,509.9,0.893,Mobile App,MobileWebView,33,System,0.38352,541.0,22.0,24.0,Yes,189.0,Active,Not Applicable,30.0,Yes,Yes,4.0,4.0,0.0,0.0,1.0,Yes,No,0.0,4.0,Yes,Yes,Yes,Yes,No,No,0.893206544079362,High,6.0,3.0,Invalid Claim
CLM00521,Camera,Action Camera,Battery,Battery,NovaTech,6.0,No,Battery Problem,Manufacturing Defect,No,No,Yes,Not Applicable,Not Applicable,Not Applicable,Not Applicable,Not Applicable,Not Applicable,Not Applicable,Yes,Yes,Yes,Yes,Yes,Yes,Not Applicable,Not Applicable,Not Applicable,Not Applicable,Not Applicable,Not Applicable,No,Yes,2.0,Yes,No,Not Applicable,Unknown,Yes,No,No,No,0.0,2863.71,1136.28,94.36,0.82,Email,Safari,56,Dark,-0.06222,160.0,9.0,6.0,Yes,22.0,Nearing Expiry,Nearing Expiry,30.0,Yes,Yes,4.0,3.0,1.0,0.0,0.75,No,No,1.0,3.0,Yes,Yes,Unknown,Yes,No,No,0.3967859874079428,Medium,3.0,1.0,Manual Review
CLM00522,Camera,Mirrorless,Lens,Lens,NovaTech,24.0,No,Lens Failure,Sensor Contamination Due To Misuse,No,Yes,Not Applicable,Not Applicable,Not Applicable,Not Applicable,Not Applicable,Not Applicable,Not Applicable,Not Applicable,Yes,Yes,Yes,Yes,Yes,Yes,Not Applicable,Not Applicable,Not Applicable,Not Applicable,Yes,Not Applicable,,No,0.0,Not Applicable,Yes,Yes,Yes,Yes,No,No,No,0.0,413.8,74.92,0.0,0.993,Mobile App,Firefox,51,System,0.76037,731.0,8.0,24.0,Yes,-1.0,Expired,Expired,30.0,Yes,No,4.0,4.0,0.0,0.0,1.0,Yes,No,0.0,4.0,Yes,Yes,Yes,No,Yes,Yes,0.1810536491058482,High,8.0,5.0,Invalid Claim
CLM00523,Air Conditioner,Window,Indoor Unit,Main Unit,ZenCore,24.0,No,Noise,Electrical Failure,Not Applicable,Not Applicable,Not Applicable,Not Applicable,No,Not Applicable,Not Applicable,No,Indoor Unit,Not Applicable,Yes,Yes,No,Yes,Yes,Yes,Yes,Not Applicable,Not Applicable,Not Applicable,Not Applicable,Not Applicable,Not Applicable,No,0.0,Not Applicable,No,Not Applicable,Yes,Yes,No,Yes,No,1.0,1880.41,304.9,0.0,0.984,Mobile App,Firefox,45,System,-0.08165,816.0,11.0,24.0,Yes,-85.0,Expired,Not Applicable,30.0,Yes,Yes,4.0,4.0,0.0,0.0,1.0,Yes,No,0.0,4.0,Yes,Yes,Yes,No,No,Not Applicable,0.1621454895474922,High,12.0,1.0,Invalid Claim
CLM00524,Air Conditioner,Window,Outdoor Unit,Main Unit,HomePro,24.0,No,Power Failure,Electrical Failure,Not Applicable,Not Applicable,Not Applicable,Not Applicable,No,Not Applicable,Not Applicable,No,Outdoor Unit,Not Applicable,Yes,Yes,No,No,Yes,Yes,Yes,Not Applicable,Not Applicable,Not Applicable,Not Applicable,Not Applicable,Not Applicable,No,0.0,Not Applicable,No,Not Applicable,Yes,Yes,No,No,No,0.0,1650.79,842.63,0.0,0.925,Web,Chrome,19,Dark,1.15195,480.0,22.0,24.0,Yes,251.0,Active,Not Applicable,30.0,Yes,Yes,4.0,4.0,0.0,0.0,1.0,Yes,No,0.0,4.0,Yes,Yes,Yes,No,No,Not Applicable,0.5104404557817772,High,10.0,0.0,Valid Claim
CLM00525,Washing Machine,Top Load,Noise,Main Unit,HomePro,24.0,No,Noise,Manufacturing Defect,Not Applicable,Not Applicable,Not Applicable,Household,No,Not Applicable,No,Not Applicable,Not Applicable,Not Applicable,Yes,Yes,No,Yes,Yes,Yes,Not Applicable,Not Applicable,Not Applicable,Not Applicable,Not Applicable,Not Applicable,No,Yes,2.0,Yes,Yes,Yes,Yes,Yes,No,No,No,2.0,1716.26,919.43,99.02,0.687,Mobile App,Chrome,49,System,-0.70749,606.0,13.0,24.0,Yes,125.0,Active,Not Applicable,30.0,Yes,Yes,4.0,3.0,1.0,0.0,0.75,No,No,1.0,3.0,Yes,Yes,Yes,Yes,Yes,No,0.5357171990257886,Low,1.0,6.0,Manual Review
CLM00526,Printer,Inkjet,Connection,Main Unit,PrimeView,12.0,No,Connectivity Issue,Manufacturing Defect,Not Applicable,Not Applicable,Not Applicable,Not Applicable,No,Not Applicable,No,Not Applicable,Not Applicable,Unknown,Yes,Yes,Yes,Yes,Yes,Yes,Not Applicable,Not Applicable,Not Applicable,Not Applicable,Not Applicable,Yes,Yes,Yes,3.0,Yes,Yes,Yes,Yes,Yes,No,No,No,1.0,870.25,783.53,615.98,0.866,Web,Chrome,35,System,-0.04653,332.0,7.0,12.0,Yes,33.0,Active,Not Applicable,30.0,Yes,Yes,5.0,5.0,0.0,0.0,1.0,Yes,No,0.0,5.0,Yes,Yes,Yes,Yes,Yes,No,0.9003504740017236,High,8.0,2.0,Valid Claim
CLM00527,Camera,Action Camera,Camera Body,Camera Body,Aster,24.0,No,Connectivity Issue,Internal Component Failure,No,No,Not Applicable,Not Applicable,Not Applicable,Not Applicable,Not Applicable,Not Applicable,Not Applicable,Not Applicable,Yes,Yes,No,Yes,Yes,Yes,Not Applicable,Not Applicable,Not Applicable,Not Applicable,Not Applicable,Not Applicable,Yes,Yes,1.0,Yes,Yes,Yes,Yes,Yes,No,No,No,2.0,3075.13,588.58,330.59,0.958,Service Center,MobileWebView,47,Dark,-0.1879,585.0,15.0,24.0,Yes,146.0,Active,Not Applicable,30.0,Yes,Yes,4.0,4.0,0.0,0.0,1.0,Yes,No,0.0,4.0,Yes,Yes,Yes,Yes,Yes,No,0.1914000383723615,High,9.0,0.0,Valid Claim
CLM00528,Refrigerator,Side-by-Side,Power,Main Unit,ZenCore,24.0,No,Power Failure,Electrical Failure,Not Applicable,Not Applicable,Not Applicable,Household,Yes,Not Applicable,Not Applicable,Not Applicable,Not Applicable,Not Applicable,Yes,Yes,Yes,Yes,No,No,Not Applicable,Not Applicable,Not Applicable,Not Applicable,Not Applicable,Not Applicable,Not Applicable,No,0.0,Not Applicable,No,Not Applicable,Yes,No,No,No,No,2.0,1208.52,587.5,0.0,,Web,Edge,6,Dark,0.33825,1080.0,7.0,24.0,Yes,-349.0,Expired,Not Applicable,30.0,Yes,Yes,3.0,1.0,2.0,0.0,0.3333333333333333,No,Yes,2.0,1.0,Yes,Yes,Yes,No,No,Not Applicable,0.4861317975705822,Unknown,9.0,0.0,Invalid Claim
CLM00529,Washing Machine,Top Load,Water Leakage,Main Unit,PrimeView,24.0,No,Water Leakage,Internal Component Failure,Not Applicable,Not Applicable,Not Applicable,Household,Unknown,Not Applicable,Unknown,Not Applicable,Not Applicable,Not Applicable,Yes,Yes,Yes,Yes,Yes,Yes,Not Applicable,Not Applicable,Not Applicable,Not Applicable,Not Applicable,Not Applicable,,No,0.0,Not Applicable,No,Not Applicable,Yes,Yes,No,Yes,No,0.0,723.14,592.03,0.0,0.938,Web,MobileWebView,53,System,0.95598,1025.0,2.0,24.0,Yes,-294.0,Expired,Not Applicable,30.0,Yes,Yes,3.0,3.0,0.0,0.0,1.0,Yes,No,0.0,3.0,Yes,Yes,Yes,No,No,Unknown,0.8186934756755262,High,9.0,4.0,Invalid Claim
CLM00530,Refrigerator,Double Door,Water Leakage,Main Unit,Aster,24.0,No,Water Leakage,Commercial Misuse,Not Applicable,Not Applicable,Not Applicable,Household,Yes,Not Applicable,Not Applicable,Not Applicable,Not Applicable,Not Applicable,Yes,Yes,Yes,Yes,Yes,Yes,Not Applicable,Not Applicable,Not Applicable,Not Applicable,Not Applicable,Not Applicable,Not Applicable,No,0.0,Not Applicable,No,Not Applicable,Unknown,Yes,No,No,No,1.0,2286.71,990.29,0.0,0.944,Service Center,Chrome,13,Light,0.58174,640.0,13.0,24.0,Yes,91.0,Active,Not Applicable,30.0,Yes,No,3.0,3.0,0.0,0.0,1.0,Yes,No,0.0,3.0,Yes,Yes,Unknown,No,No,Not Applicable,0.4330632218339885,High,9.0,6.0,Invalid Claim
CLM00531,Washing Machine,Front Load,Noise,Main Unit,ZenCore,24.0,No,Noise,Internal Component Failure,Not Applicable,Not Applicable,Not Applicable,Household,No,Not Applicable,No,Not Applicable,Not Applicable,Not Applicable,Yes,Yes,No,Yes,No,Yes,Not Applicable,Not Applicable,Not Applicable,Not Applicable,Not Applicable,Not Applicable,Yes,Yes,2.0,Yes,Yes,Yes,Yes,Yes,No,No,No,0.0,1917.88,,649.57,0.942,Mobile App,Chrome,59,Dark,0.81309,653.0,5.0,24.0,Yes,78.0,Active,Not Applicable,30.0,Yes,Yes,4.0,3.0,1.0,0.0,0.75,No,Yes,1.0,3.0,Yes,Yes,Yes,Yes,Yes,No,,High,7.0,2.0,Manual Review
CLM00532,Air Conditioner,Portable,Indoor Unit,Main Unit,Aster,24.0,No,Noise,Internal Component Failure,Not Applicable,Not Applicable,Not Applicable,Not Applicable,No,Not Applicable,Not Applicable,No,Indoor Unit,Not Applicable,Yes,Yes,No,No,Yes,Yes,Yes,Not Applicable,Not Applicable,Not Applicable,Not Applicable,Not Applicable,Not Applicable,No,0.0,Not Applicable,No,Not Applicable,Yes,Yes,No,No,No,0.0,1381.75,1204.12,0.0,0.823,Mobile App,Firefox,41,Dark,1.12765,708.0,36.0,24.0,Yes,23.0,Nearing Expiry,Not Applicable,30.0,No,Yes,4.0,4.0,0.0,0.0,1.0,Yes,No,0.0,4.0,Yes,Yes,Yes,No,No,Not Applicable,0.8714456305409806,Medium,4.0,3.0,Invalid Claim
CLM00533,Laptop,Business Laptop,Device,Main Unit,ZenCore,24.0,No,Display Failure,Normal Wear,No,No,Not Applicable,Not Applicable,Not Applicable,Not Applicable,Not Applicable,Not Applicable,Not Applicable,Not Applicable,Yes,Yes,Yes,Yes,Yes,Yes,Not Applicable,Not Applicable,Not Applicable,Not Applicable,Not Applicable,Not Applicable,Yes,Yes,3.0,Yes,No,Not Applicable,Yes,Yes,No,No,No,2.0,2590.61,684.45,,0.986,Web,MobileWebView,9,Light,0.43739,661.0,25.0,24.0,Yes,70.0,Active,Not Applicable,30.0,Yes,No,4.0,4.0,0.0,0.0,1.0,Yes,No,0.0,4.0,Yes,Yes,Yes,Yes,No,No,0.2642041835706648,High,8.0,4.0,Invalid Claim
CLM00534,Laptop,Gaming Laptop,Device,Main Unit,NovaTech,24.0,No,Display Failure,Accidental Damage,Yes,No,Not Applicable,Not Applicable,Not Applicable,Not Applicable,Not Applicable,Not Applicable,Not Applicable,Not Applicable,Yes,Yes,Yes,Yes,Yes,Yes,Not Applicable,Not Applicable,Not Applicable,Not Applicable,Not Applicable,Not Applicable,Yes,Yes,1.0,Yes,Yes,Yes,Yes,Yes,No,No,No,0.0,579.59,63.3,54.69,0.77,Email,MobileWebView,26,Dark,1.63872,372.0,8.0,24.0,Yes,359.0,Active,Not Applicable,30.0,Yes,No,4.0,4.0,0.0,0.0,1.0,Yes,No,0.0,4.0,Yes,Yes,Yes,Yes,Yes,Yes,0.1092151348366949,Medium,10.0,1.0,Invalid Claim
CLM00535,Smartphone,Rugged Smartphone,Phone,Main Unit,Aster,12.0,No,Display Failure,Internal Component Failure,No,No,Not Applicable,Not Applicable,Not Applicable,Not Applicable,Not Applicable,Not Applicable,Not Applicable,Not Applicable,Yes,Yes,No,No,Yes,Yes,Not Applicable,Not Applicable,Not Applicable,Not Applicable,Not Applicable,Not Applicable,Yes,Yes,1.0,Yes,No,Not Applicable,Yes,Yes,No,No,No,1.0,802.93,396.66,285.45,0.885,Web,Safari,24,Light,-0.33787,158.0,15.0,12.0,Yes,207.0,Active,Not Applicable,30.0,Yes,Yes,4.0,4.0,0.0,0.0,1.0,Yes,No,0.0,4.0,Yes,Yes,Yes,Yes,No,No,0.4940156676173515,High,11.0,3.0,Valid Claim
CLM00536,Television,Mini-LED,Not Sure,Main Unit,PrimeView,24.0,No,Audio Failure,Manufacturing Defect,No,Not Applicable,Not Applicable,Not Applicable,Not Applicable,Yes,Not Applicable,Not Applicable,Not Applicable,Not Applicable,Yes,No,No,Yes,Yes,Yes,Not Applicable,Not Applicable,Not Applicable,Not Applicable,Not Applicable,Not Applicable,Not Applicable,No,0.0,Not Applicable,No,Not Applicable,No,Yes,No,No,No,0.0,2535.13,1678.05,0.0,0.825,Web,Chrome,50,Light,-0.51465,642.0,11.0,24.0,Yes,89.0,Active,Not Applicable,30.0,Yes,Yes,3.0,3.0,0.0,0.0,1.0,Yes,No,0.0,3.0,Yes,Yes,No,No,No,No,0.6619187181722436,Medium,4.0,4.0,Invalid Claim
CLM00537,Camera,Compact,Camera Body,Camera Body,NovaTech,24.0,No,Display Failure,Manufacturing Defect,No,Unknown,Not Applicable,Not Applicable,Not Applicable,Not Applicable,Not Applicable,Not Applicable,Not Applicable,Not Applicable,No,Yes,No,,Yes,Yes,Not Applicable,Not Applicable,Not Applicable,Not Applicable,Not Applicable,Not Applicable,Not Applicable,No,0.0,Not Applicable,No,Not Applicable,Yes,Yes,Yes,No,No,0.0,2387.85,1155.83,0.0,0.843,Web,Edge,1,Dark,0.87005,1081.0,2.0,24.0,Yes,-351.0,Expired,Not Applicable,30.0,Yes,Yes,3.0,3.0,0.0,0.0,1.0,Yes,No,0.0,3.0,No,Yes,Yes,No,No,Unknown,0.4840463178172833,Medium,2.0,1.0,Invalid Claim
CLM00538,Printer,Thermal,Ink or Toner,Ink Or Toner,PrimeView,0.0,No,Mechanical Failure,Electrical Failure,Not Applicable,Not Applicable,Not Applicable,Not Applicable,No,Not Applicable,Yes,Not Applicable,Not Applicable,Original,Yes,Yes,Yes,Yes,,Yes,Not Applicable,Not Applicable,Not Applicable,Not Applicable,Not Applicable,Yes,,Yes,1.0,Yes,No,Not Applicable,Yes,Yes,No,No,No,0.0,978.76,849.99,416.66,0.776,Web,Firefox,13,Dark,-0.3379,238.0,9.0,0.0,No,,Not Eligible,Not Eligible,30.0,Yes,No,5.0,3.0,0.0,2.0,0.6,Unknown,Unknown,0.0,3.0,Yes,Yes,Yes,Yes,No,Yes,0.868435571539499,Medium,6.0,6.0,Invalid Claim
CLM00539,Air Conditioner,Window,Indoor Unit,Main Unit,Aster,24.0,No,Power Failure,Manufacturing Defect,Not Applicable,Not Applicable,Not Applicable,Not Applicable,No,Not Applicable,Not Applicable,No,Indoor Unit,Not Applicable,Yes,Yes,Yes,Yes,Yes,Yes,Yes,Not Applicable,Not Applicable,Not Applicable,Not Applicable,Not Applicable,Not Applicable,No,0.0,Not Applicable,No,Not Applicable,Yes,Yes,No,No,No,1.0,1230.33,161.77,0.0,0.913,Web,MobileWebView,49,System,-0.52378,579.0,10.0,24.0,Yes,151.0,Active,Not Applicable,30.0,Yes,Yes,4.0,4.0,0.0,0.0,1.0,Yes,No,0.0,4.0,Yes,Yes,Yes,No,No,Not Applicable,0.1314850487267644,High,1.0,2.0,Valid Claim
CLM00540,Television,Mini-LED,Sound,Main Unit,Aster,24.0,Yes,Audio Failure,Internal Component Failure,No,Not Applicable,Not Applicable,Not Applicable,Not Applicable,No,Not Applicable,Not Applicable,Not Applicable,Not Applicable,,Yes,Yes,Yes,Yes,Yes,Not Applicable,Not Applicable,Not Applicable,Not Applicable,Not Applicable,Not Applicable,Not Applicable,No,0.0,Not Applicable,No,Not Applicable,Yes,Yes,Yes,No,No,0.0,2516.22,373.06,0.0,0.854,Web,MobileWebView,21,Light,1.87314,1213.0,17.0,24.0,Yes,-117.0,Expired,Not Applicable,30.0,Yes,Yes,3.0,3.0,0.0,0.0,1.0,Yes,No,0.0,3.0,,Yes,Yes,No,No,No,0.1482620756531623,High,10.0,0.0,Invalid Claim
CLM00541,Laptop,2-in-1,Device,Main Unit,ZenCore,24.0,No,Connectivity Issue,Electrical Failure,Unknown,No,Not Applicable,Not Applicable,Not Applicable,Not Applicable,Not Applicable,Not Applicable,Not Applicable,Not Applicable,Yes,No,No,No,No,Yes,Not Applicable,Not Applicable,Not Applicable,Not Applicable,Not Applicable,Not Applicable,Not Applicable,No,0.0,Not Applicable,No,Not Applicable,Yes,Yes,No,No,No,2.0,2282.81,1141.12,0.0,0.902,Mobile App,MobileWebView,26,System,0.23787,681.0,10.0,24.0,Yes,50.0,Active,Not Applicable,30.0,Yes,Yes,3.0,2.0,1.0,0.0,0.6666666666666666,No,Yes,1.0,2.0,Yes,Yes,Yes,No,No,Unknown,0.4998751538673827,High,3.0,6.0,Manual Review
CLM00542,Washing Machine,Washer Dryer,Water Leakage,Main Unit,ZenCore,24.0,No,Water Leakage,Internal Component Failure,Not Applicable,Not Applicable,Not Applicable,Household,No,Not Applicable,No,Not Applicable,Not Applicable,Not Applicable,Yes,Yes,Yes,Yes,Yes,Yes,Not Applicable,Not Applicable,Not Applicable,Not Applicable,Not Applicable,Not Applicable,Not Applicable,No,0.0,Not Applicable,Yes,Yes,No,Yes,No,No,No,1.0,2029.59,1292.56,0.0,0.819,Service Center,Edge,23,Light,-0.07101,583.0,8.0,24.0,Yes,147.0,Active,Not Applicable,30.0,Yes,Yes,3.0,3.0,0.0,0.0,1.0,Yes,No,0.0,3.0,Yes,Yes,No,No,Yes,No,0.6368576904695037,Medium,9.0,1.0,Invalid Claim
CLM00543,Washing Machine,Washer Dryer,Noise,Main Unit,ZenCore,24.0,No,Noise,Manufacturing Defect,Not Applicable,Not Applicable,Not Applicable,Household,No,Not Applicable,No,Not Applicable,Not Applicable,Not Applicable,Yes,Yes,No,Yes,,No,Not Applicable,Not Applicable,Not Applicable,Not Applicable,Not Applicable,Not Applicable,Not Applicable,No,0.0,Not Applicable,No,Not Applicable,Yes,Yes,No,No,No,0.0,686.95,80.25,0.0,0.903,Web,Chrome,20,Dark,0.06124,508.0,11.0,24.0,Yes,223.0,Active,Not Applicable,30.0,Yes,Yes,3.0,1.0,1.0,1.0,0.3333333333333333,No,Unknown,1.0,1.0,Yes,Yes,Yes,No,No,No,0.1168207293107213,High,6.0,4.0,Manual Review
CLM00544,Smartphone,Foldable Smartphone,Phone,Main Unit,NovaTech,12.0,No,Power Failure,Electrical Failure,No,Unknown,Not Applicable,Not Applicable,Not Applicable,Not Applicable,Not Applicable,Not Applicable,Not Applicable,Not Applicable,Yes,Yes,Yes,Yes,Yes,Yes,Not Applicable,Not Applicable,Not Applicable,Not Applicable,Not Applicable,Not Applicable,Not Applicable,No,0.0,Not Applicable,No,Not Applicable,Yes,Yes,No,No,No,1.0,1057.58,600.54,,0.859,Web,Firefox,17,System,0.75857,306.0,33.0,12.0,Yes,59.0,Active,Not Applicable,30.0,No,Yes,3.0,3.0,0.0,0.0,1.0,Yes,No,0.0,3.0,Yes,Yes,Yes,No,No,Unknown,0.567843567389701,High,5.0,3.0,Invalid Claim
CLM00545,Television,Mini-LED,Power,Main Unit,Aster,24.0,No,Power Failure,Electrical Failure,No,Not Applicable,Not Applicable,Not Applicable,Not Applicable,No,Not Applicable,Not Applicable,Not Applicable,Not Applicable,Yes,Yes,Yes,Yes,Yes,Yes,Not Applicable,Not Applicable,Not Applicable,Not Applicable,Not Applicable,Not Applicable,Not Applicable,No,0.0,Not Applicable,No,Not Applicable,Yes,Yes,No,No,No,0.0,729.25,132.73,0.0,,Web,Firefox,16,Dark,2.25222,378.0,11.0,24.0,Yes,353.0,Active,Not Applicable,30.0,Yes,Yes,3.0,3.0,0.0,0.0,1.0,Yes,No,0.0,3.0,Yes,Yes,Yes,No,No,No,0.1820089132670551,Unknown,1.0,5.0,Valid Claim
CLM00546,Refrigerator,Side-by-Side,Noise,Compressor,ZenCore,120.0,No,Noise,Internal Component Failure,Not Applicable,Not Applicable,Not Applicable,Business,No,Not Applicable,Not Applicable,Not Applicable,Not Applicable,Not Applicable,Yes,Yes,Yes,Yes,Yes,Yes,Not Applicable,Not Applicable,Not Applicable,Yes,Not Applicable,Not Applicable,No,Yes,2.0,Yes,Yes,No,Yes,Yes,No,No,No,0.0,1834.86,1067.07,554.76,0.927,Web,Firefox,12,Dark,-0.83462,3722.0,4.0,120.0,Yes,-70.0,Expired,Expired,30.0,Yes,Yes,5.0,4.0,1.0,0.0,0.8,No,No,1.0,4.0,Yes,Yes,Yes,Yes,Yes,Not Applicable,0.5815539060200778,High,7.0,4.0,Invalid Claim
CLM00547,Laptop,Consumer Laptop,Device,Main Unit,NovaTech,24.0,No,Overheating,Normal Wear,No,No,Not Applicable,Not Applicable,Not Applicable,Not Applicable,Not Applicable,Not Applicable,Not Applicable,Not Applicable,Yes,Yes,No,Yes,Yes,Yes,Not Applicable,Not Applicable,Not Applicable,Not Applicable,Not Applicable,Not Applicable,Not Applicable,No,0.0,Not Applicable,No,Not Applicable,Yes,Yes,No,No,No,0.0,723.51,558.57,0.0,0.96,Mobile App,MobileWebView,19,Light,0.5401,583.0,15.0,24.0,Yes,148.0,Active,Not Applicable,30.0,Yes,No,3.0,3.0,0.0,0.0,1.0,Yes,No,0.0,3.0,Yes,Yes,Yes,No,No,No,0.7720280300203177,High,2.0,3.0,Invalid Claim
CLM00548,Television,QLED,Sound,Main Unit,PrimeView,24.0,Yes,Audio Failure,Internal Component Failure,Yes,Not Applicable,Not Applicable,Not Applicable,Not Applicable,Yes,Not Applicable,Not Applicable,Not Applicable,Not Applicable,,No,Yes,Yes,Yes,Yes,Not Applicable,Not Applicable,Not Applicable,Not Applicable,Not Applicable,Not Applicable,Not Applicable,No,0.0,Not Applicable,No,Not Applicable,Yes,Yes,No,No,No,0.0,1619.15,737.63,0.0,0.806,Mobile App,Chrome,28,Light,-1.34071,1373.0,3.0,24.0,Yes,-278.0,Expired,Not Applicable,30.0,Yes,Yes,3.0,3.0,0.0,0.0,1.0,Yes,No,0.0,3.0,,Yes,Yes,No,No,Yes,0.4555661921378501,Medium,2.0,6.0,Invalid Claim
CLM00549,Refrigerator,Side-by-Side,Cooling,Main Unit,HomePro,24.0,Yes,Cooling Failure,Electrical Failure,Not Applicable,Not Applicable,Not Applicable,Household,No,Not Applicable,Not Applicable,Not Applicable,Not Applicable,Not Applicable,Yes,Yes,Yes,Yes,Yes,,Not Applicable,Not Applicable,Not Applicable,Not Applicable,Not Applicable,Not Applicable,Yes,Yes,3.0,Yes,No,Not Applicable,Yes,No,No,No,No,0.0,2130.69,1404.1,599.15,,Mobile App,Chrome,31,System,-0.03684,874.0,10.0,24.0,Yes,222.0,Active,Not Applicable,30.0,Yes,Yes,4.0,3.0,0.0,1.0,0.75,Unknown,No,0.0,3.0,Yes,Yes,Yes,Yes,No,Not Applicable,0.6589884028178664,Unknown,7.0,4.0,Manual Review
CLM00550,Television,LED,Power,Main Unit,PrimeView,24.0,No,Power Failure,Manufacturing Defect,No,Not Applicable,Not Applicable,Not Applicable,Not Applicable,No,Not Applicable,Not Applicable,Not Applicable,Not Applicable,Yes,Yes,Yes,Yes,Yes,Yes,Not Applicable,Not Applicable,Not Applicable,Not Applicable,Not Applicable,Not Applicable,Not Applicable,No,0.0,Not Applicable,No,Not Applicable,Yes,Yes,No,No,No,1.0,759.72,111.93,0.0,0.943,Service Center,Firefox,4,System,1.22384,713.0,12.0,24.0,Yes,18.0,Nearing Expiry,Not Applicable,30.0,Yes,Yes,3.0,3.0,0.0,0.0,1.0,Yes,No,0.0,3.0,Yes,Yes,Yes,No,No,No,0.1473305954825462,High,9.0,5.0,Valid Claim
CLM00551,Television,LED,Not Sure,Display Panel,Aster,24.0,No,Display Failure,Misuse,Unknown,Not Applicable,Not Applicable,Not Applicable,Not Applicable,No,Not Applicable,Not Applicable,Not Applicable,Not Applicable,Yes,Yes,Yes,No,Yes,Yes,Not Applicable,Not Applicable,Yes,Not Applicable,Not Applicable,Not Applicable,Not Applicable,No,0.0,Not Applicable,No,Not Applicable,Yes,Yes,No,No,No,2.0,1222.0,1047.05,0.0,0.938,Email,Safari,42,Dark,-1.08584,630.0,33.0,24.0,Yes,101.0,Active,Active,30.0,No,No,4.0,4.0,0.0,0.0,1.0,Yes,No,0.0,4.0,Yes,Yes,Yes,No,No,Unknown,0.8568330605564648,High,10.0,0.0,Invalid Claim
CLM00552,Refrigerator,French Door,Noise,Main Unit,HomePro,24.0,No,Noise,Manufacturing Defect,Not Applicable,Not Applicable,Not Applicable,Household,No,Not Applicable,Not Applicable,Not Applicable,Not Applicable,Not Applicable,Yes,Yes,No,Yes,Yes,Yes,Not Applicable,Not Applicable,Not Applicable,Not Applicable,Not Applicable,Not Applicable,Not Applicable,No,0.0,Not Applicable,No,Not Applicable,Yes,Yes,No,No,No,0.0,1692.46,701.96,,0.756,Web,Edge,15,System,0.22325,784.0,12.0,24.0,Yes,-53.0,Expired,Not Applicable,30.0,Yes,Yes,3.0,3.0,0.0,0.0,1.0,Yes,No,0.0,3.0,Yes,Yes,Yes,No,No,Not Applicable,0.414757217304988,Medium,6.0,6.0,Invalid Claim
CLM00553,Washing Machine,Washer Dryer,Water Supply or Drain,Main Unit,ZenCore,24.0,No,Mechanical Failure,Manufacturing Defect,Not Applicable,Not Applicable,Not Applicable,Household,Unknown,Not Applicable,No,Not Applicable,Not Applicable,Not Applicable,Yes,Yes,Yes,Yes,Yes,Yes,Not Applicable,Not Applicable,Not Applicable,Not Applicable,Not Applicable,Not Applicable,Yes,Yes,1.0,Yes,No,Not Applicable,Yes,Yes,No,No,No,1.0,1993.37,274.6,247.77,0.826,Email,Safari,53,Light,-0.46111,773.0,4.0,24.0,Yes,-42.0,Expired,Not Applicable,30.0,Yes,Yes,4.0,4.0,0.0,0.0,1.0,Yes,No,0.0,4.0,Yes,Yes,Yes,Yes,No,No,0.1377566633389687,Medium,2.0,2.0,Invalid Claim
CLM00554,Laptop,2-in-1,Device,Main Unit,NovaTech,24.0,No,Battery Problem,Accidental Damage,Yes,No,Yes,Not Applicable,Not Applicable,Not Applicable,Not Applicable,Not Applicable,Not Applicable,Not Applicable,Yes,Yes,Yes,No,Yes,Yes,Not Applicable,Not Applicable,Not Applicable,Not Applicable,Not Applicable,Not Applicable,Not Applicable,No,0.0,Not Applicable,No,Not Applicable,No,Yes,No,No,No,0.0,1286.42,835.08,0.0,0.862,Web,Chrome,43,Dark,0.25496,654.0,24.0,24.0,Yes,77.0,Active,Not Applicable,30.0,Yes,No,3.0,3.0,0.0,0.0,1.0,Yes,No,0.0,3.0,Yes,Yes,No,No,No,Yes,0.649150355249452,High,9.0,3.0,Invalid Claim
CLM00555,Printer,Thermal,Connection,Main Unit,HomePro,12.0,No,Connectivity Issue,Manufacturing Defect,Not Applicable,Not Applicable,Not Applicable,Not Applicable,No,Not Applicable,No,Not Applicable,Not Applicable,Unknown,Yes,Yes,Yes,Yes,,Yes,Not Applicable,Not Applicable,Not Applicable,Not Applicable,Not Applicable,Yes,Not Applicable,No,0.0,Not Applicable,No,Not Applicable,Yes,Yes,No,No,No,1.0,825.76,343.71,0.0,0.881,Web,MobileWebView,33,Dark,-0.01452,141.0,6.0,12.0,Yes,224.0,Active,Not Applicable,30.0,Yes,Yes,4.0,3.0,0.0,1.0,0.75,Unknown,Unknown,0.0,3.0,Yes,Yes,Yes,No,No,No,0.4162347413291997,High,7.0,2.0,Valid Claim
CLM00556,Air Conditioner,Cassette,Outdoor Unit,Compressor,HomePro,60.0,No,Water Leakage,Electrical Failure,Not Applicable,Not Applicable,Not Applicable,Not Applicable,Yes,Not Applicable,Not Applicable,No,Outdoor Unit,Not Applicable,Yes,Yes,Yes,Yes,Yes,Yes,Yes,Not Applicable,Not Applicable,No,Not Applicable,Not Applicable,Not Applicable,No,0.0,Not Applicable,No,Not Applicable,Unknown,Yes,No,No,No,0.0,1623.43,1264.59,0.0,0.835,Mobile App,MobileWebView,49,Dark,-0.83406,1560.0,22.0,60.0,Yes,266.0,Active,Active,30.0,Yes,Yes,5.0,4.0,1.0,0.0,0.8,No,No,1.0,4.0,Yes,Yes,Unknown,No,No,Not Applicable,0.778961827735104,Medium,2.0,3.0,Manual Review
CLM00557,Washing Machine,Front Load,Power,Motor,HomePro,120.0,No,Power Failure,Electrical Failure,Not Applicable,Not Applicable,Not Applicable,Household,No,Not Applicable,Yes,Not Applicable,Not Applicable,Not Applicable,Yes,Yes,Yes,Yes,Yes,Yes,Not Applicable,Not Applicable,Not Applicable,Yes,Not Applicable,Not Applicable,Not Applicable,No,0.0,Not Applicable,No,Not Applicable,Yes,Yes,No,No,Yes,1.0,631.61,54.62,0.0,0.886,Service Center,Safari,57,Dark,-0.66016,3362.0,6.0,120.0,Yes,290.0,Active,Active,30.0,Yes,Yes,4.0,4.0,0.0,0.0,1.0,Yes,No,0.0,4.0,Yes,Yes,Yes,No,No,Yes,0.086477414860436,High,1.0,4.0,Manual Review
CLM00558,Television,LED,Connection,Main Unit,PrimeView,24.0,Yes,Connectivity Issue,Manufacturing Defect,No,Not Applicable,Not Applicable,Not Applicable,Not Applicable,Yes,Not Applicable,Not Applicable,Not Applicable,Not Applicable,Yes,Yes,Yes,No,,Yes,Not Applicable,Not Applicable,Not Applicable,Not Applicable,Not Applicable,Not Applicable,Yes,Yes,1.0,Yes,No,Not Applicable,Yes,Yes,Yes,No,No,1.0,838.39,95.74,328.0,0.855,Service Center,Chrome,1,System,2.05267,933.0,4.0,24.0,Yes,163.0,Active,Not Applicable,30.0,Yes,Yes,4.0,3.0,0.0,1.0,0.75,Unknown,Unknown,0.0,3.0,Yes,Yes,Yes,Yes,No,No,0.114195064349527,High,12.0,4.0,Invalid Claim
CLM00559,Camera,Mirrorless,Camera Body,Camera Body,Aster,24.0,No,Lens Failure,Internal Component Failure,No,No,Not Applicable,Not Applicable,Not Applicable,Not Applicable,Not Applicable,Not Applicable,Not Applicable,Not Applicable,Yes,Yes,Yes,Yes,Yes,,Not Applicable,Not Applicable,Not Applicable,Not Applicable,Not Applicable,Not Applicable,Not Applicable,No,0.0,Not Applicable,No,Not Applicable,Yes,Yes,No,No,Yes,1.0,1863.76,1764.69,0.0,0.843,Mobile App,Safari,51,Dark,2.3998,656.0,10.0,24.0,Yes,75.0,Active,Not Applicable,30.0,Yes,Yes,3.0,2.0,0.0,1.0,0.6666666666666666,Unknown,No,0.0,2.0,Yes,Yes,Yes,No,No,No,0.946844014250762,Medium,2.0,2.0,Manual Review
CLM00560,Washing Machine,Front Load,Water Leakage,Main Unit,HomePro,24.0,No,Water Leakage,Manufacturing Defect,Not Applicable,Not Applicable,Not Applicable,Household,Yes,Not Applicable,No,Not Applicable,Not Applicable,Not Applicable,Yes,,Yes,Yes,Yes,Yes,Not Applicable,Not Applicable,Not Applicable,Not Applicable,Not Applicable,Not Applicable,Not Applicable,No,0.0,Not Applicable,No,Not Applicable,Yes,Yes,No,No,No,0.0,589.95,518.52,,0.92,Web,Firefox,28,System,-0.14864,939.0,24.0,24.0,Yes,-208.0,Expired,Not Applicable,30.0,Yes,Yes,3.0,3.0,0.0,0.0,1.0,Yes,No,0.0,3.0,Yes,Yes,Yes,No,No,No,0.8789219425375031,High,8.0,1.0,Invalid Claim
CLM00561,Washing Machine,Washer Dryer,Washing,Main Unit,HomePro,24.0,No,Mechanical Failure,Manufacturing Defect,Not Applicable,Not Applicable,Not Applicable,Household,Yes,Not Applicable,Unknown,Not Applicable,Not Applicable,Not Applicable,,Yes,Yes,Yes,Yes,Yes,Not Applicable,Not Applicable,Not Applicable,Not Applicable,Not Applicable,Not Applicable,Not Applicable,No,0.0,Not Applicable,Yes,Yes,Yes,Yes,No,No,No,0.0,1717.56,452.86,0.0,0.956,Mobile App,Firefox,16,System,0.10175,611.0,15.0,24.0,Yes,120.0,Active,Not Applicable,30.0,Yes,Yes,3.0,3.0,0.0,0.0,1.0,Yes,No,0.0,3.0,,Yes,Yes,No,Yes,Unknown,0.2636647336919817,High,3.0,3.0,Valid Claim
CLM00562,Washing Machine,Washer Dryer,Noise,Main Unit,ZenCore,24.0,No,Noise,Electrical Failure,Not Applicable,Not Applicable,Not Applicable,Household,No,Not Applicable,No,Not Applicable,Not Applicable,Not Applicable,Yes,Yes,Yes,Yes,Yes,Yes,Not Applicable,Not Applicable,Not Applicable,Not Applicable,Not Applicable,Not Applicable,Not Applicable,No,0.0,Not Applicable,No,Not Applicable,Yes,Yes,No,No,No,2.0,1487.09,1212.43,0.0,0.91,Email,Safari,36,Dark,0.47593,901.0,10.0,24.0,Yes,-170.0,Expired,Not Applicable,30.0,Yes,Yes,3.0,3.0,0.0,0.0,1.0,Yes,No,0.0,3.0,Yes,Yes,Yes,No,No,No,0.8153037139648577,High,6.0,0.0,Invalid Claim
CLM00563,Printer,Inkjet,Power,Main Unit,HomePro,12.0,No,Power Failure,Unsupported Consumable,Not Applicable,Not Applicable,Not Applicable,Not Applicable,No,Not Applicable,No,Not Applicable,Not Applicable,Compatible,Yes,,Yes,Yes,Yes,Yes,Not Applicable,Not Applicable,Not Applicable,Not Applicable,Not Applicable,Yes,,No,0.0,Not Applicable,No,Not Applicable,Yes,Yes,No,No,No,1.0,1145.2,713.33,0.0,,Mobile App,Firefox,0,Dark,-0.18608,133.0,2.0,12.0,Yes,232.0,Active,Not Applicable,30.0,Yes,No,4.0,4.0,0.0,0.0,1.0,Yes,No,0.0,4.0,Yes,Yes,Yes,No,No,No,0.6228868319944114,Unknown,12.0,6.0,Invalid Claim
CLM00564,Camera,Action Camera,Not Sure,Camera Body,NovaTech,24.0,No,Connectivity Issue,Electrical Failure,No,No,Not Applicable,Not Applicable,Not Applicable,Not Applicable,Not Applicable,Not Applicable,Not Applicable,Not Applicable,Yes,Yes,Yes,Yes,Yes,Yes,Not Applicable,Not Applicable,Not Applicable,Not Applicable,Not Applicable,Not Applicable,Not Applicable,No,0.0,Not Applicable,No,Not Applicable,Unknown,Yes,No,No,No,0.0,2099.55,,0.0,,Service Center,Chrome,54,Light,0.8327,675.0,22.0,24.0,Yes,56.0,Active,Not Applicable,30.0,Yes,Yes,3.0,3.0,0.0,0.0,1.0,Yes,No,0.0,3.0,Yes,Yes,Unknown,No,No,No,,Unknown,4.0,0.0,Manual Review
CLM00565,Smartphone,Standard Smartphone,Phone,Main Unit,Aster,12.0,Yes,Display Failure,Manufacturing Defect,No,No,Not Applicable,Not Applicable,Not Applicable,Not Applicable,Not Applicable,Not Applicable,Not Applicable,Not Applicable,No,Yes,No,Yes,No,Yes,Not Applicable,Not Applicable,Not Applicable,Not Applicable,Not Applicable,Not Applicable,,No,0.0,Not Applicable,No,Not Applicable,Yes,Yes,No,No,No,1.0,300.43,256.79,0.0,0.985,Web,Safari,46,System,0.6704,674.0,12.0,12.0,Yes,56.0,Active,Not Applicable,30.0,Yes,Yes,3.0,2.0,1.0,0.0,0.6666666666666666,No,Yes,1.0,2.0,No,Yes,Yes,No,No,No,0.8547415371301136,High,4.0,6.0,Manual Review
CLM00566,Air Conditioner,Cassette,Outdoor Unit,Main Unit,HomePro,24.0,No,Power Failure,Water Damage,Not Applicable,Not Applicable,Not Applicable,Not Applicable,No,Not Applicable,Not Applicable,Yes,Outdoor Unit,Not Applicable,Yes,Yes,No,Yes,Yes,Yes,Yes,Not Applicable,Not Applicable,Not Applicable,Not Applicable,Not Applicable,Not Applicable,No,0.0,Not Applicable,No,Not Applicable,No,Yes,No,No,No,1.0,1467.77,712.81,0.0,0.842,Web,Edge,15,System,0.73707,369.0,14.0,24.0,Yes,361.0,Active,Not Applicable,30.0,Yes,No,4.0,4.0,0.0,0.0,1.0,Yes,No,0.0,4.0,Yes,Yes,No,No,No,Not Applicable,0.4856414833386702,Medium,8.0,3.0,Invalid Claim
CLM00567,Television,OLED,Sound,Main Unit,PrimeView,24.0,No,Audio Failure,Manufacturing Defect,No,Not Applicable,Not Applicable,Not Applicable,Not Applicable,No,Not Applicable,Not Applicable,Not Applicable,Not Applicable,Yes,,Yes,Yes,Yes,No,Not Applicable,Not Applicable,Not Applicable,Not Applicable,Not Applicable,Not Applicable,Not Applicable,No,0.0,Not Applicable,No,Not Applicable,Yes,Yes,No,No,Yes,0.0,2007.74,1523.76,0.0,0.824,Web,Chrome,4,Light,-0.26051,1047.0,16.0,24.0,Yes,-317.0,Expired,Not Applicable,30.0,Yes,Yes,3.0,2.0,1.0,0.0,0.6666666666666666,No,No,1.0,2.0,Yes,Yes,Yes,No,No,No,0.7589428910117844,Medium,1.0,4.0,Invalid Claim
CLM00568,Smartphone,Standard Smartphone,Phone,Main Unit,NovaTech,12.0,No,Power Failure,Misuse,Yes,No,Not Applicable,Not Applicable,Not Applicable,Not Applicable,Not Applicable,Not Applicable,Not Applicable,Not Applicable,Yes,Yes,Yes,Yes,Yes,Yes,Not Applicable,Not Applicable,Not Applicable,Not Applicable,Not Applicable,Not Applicable,Not Applicable,No,0.0,Not Applicable,No,Not Applicable,Yes,Yes,No,No,No,1.0,926.81,248.47,0.0,0.749,Mobile App,MobileWebView,32,Light,-0.21745,353.0,13.0,12.0,Yes,12.0,Nearing Expiry,Not Applicable,30.0,Yes,No,3.0,3.0,0.0,0.0,1.0,Yes,No,0.0,3.0,Yes,Yes,Yes,No,No,Yes,0.268091626115385,Medium,8.0,1.0,Invalid Claim
CLM00569,Laptop,Gaming Laptop,Device,Main Unit,Aster,24.0,No,Connectivity Issue,Accidental Damage,Unknown,No,Not Applicable,Not Applicable,Not Applicable,Not Applicable,Not Applicable,Not Applicable,Not Applicable,Not Applicable,Yes,No,No,Yes,Yes,Yes,Not Applicable,Not Applicable,Not Applicable,Not Applicable,Not Applicable,Not Applicable,Not Applicable,No,0.0,Not Applicable,No,Not Applicable,Yes,Yes,No,No,No,3.0,952.05,311.54,0.0,0.784,Mobile App,Firefox,28,System,-0.66144,556.0,33.0,24.0,Yes,175.0,Active,Not Applicable,30.0,No,No,3.0,3.0,0.0,0.0,1.0,Yes,No,0.0,3.0,Yes,Yes,Yes,No,No,Unknown,0.3272307126726538,Medium,6.0,6.0,Invalid Claim
CLM00570,Printer,Inkjet,Ink or Toner,Ink Or Toner,NovaTech,0.0,No,Power Failure,Internal Component Failure,Not Applicable,Not Applicable,Not Applicable,Not Applicable,No,Not Applicable,No,Not Applicable,Not Applicable,Original,Yes,No,Yes,Yes,Yes,Yes,Not Applicable,Not Applicable,Not Applicable,Not Applicable,Not Applicable,Yes,Not Applicable,No,0.0,Not Applicable,No,Not Applicable,Yes,Yes,No,No,No,2.0,402.61,168.92,0.0,0.746,Web,Chrome,49,Dark,-0.44558,281.0,7.0,0.0,No,,Not Eligible,Not Eligible,30.0,Yes,No,4.0,4.0,0.0,0.0,1.0,Yes,No,0.0,4.0,Yes,Yes,Yes,No,No,No,0.4195623556295174,Medium,5.0,0.0,Invalid Claim
CLM00571,Washing Machine,Front Load,Noise,Main Unit,HomePro,24.0,No,Noise,Internal Component Failure,Not Applicable,Not Applicable,Not Applicable,Household,No,Not Applicable,No,Not Applicable,Not Applicable,Not Applicable,Yes,Yes,Yes,Yes,Yes,Yes,Not Applicable,Not Applicable,Not Applicable,Not Applicable,Not Applicable,Not Applicable,Yes,Yes,1.0,Yes,No,Not Applicable,Yes,Yes,No,No,No,0.0,1583.45,589.42,588.23,0.946,Web,Firefox,35,System,-2.68645,471.0,6.0,24.0,Yes,260.0,Active,Not Applicable,30.0,Yes,Yes,4.0,4.0,0.0,0.0,1.0,Yes,No,0.0,4.0,Yes,Yes,Yes,Yes,No,No,0.3722378351068868,High,1.0,2.0,Valid Claim
CLM00572,Camera,Action Camera,Camera Body,Camera Body,NovaTech,24.0,No,Display Failure,Manufacturing Defect,No,No,Not Applicable,Not Applicable,Not Applicable,Not Applicable,Not Applicable,Not Applicable,Not Applicable,Not Applicable,Yes,Yes,Yes,Yes,No,,Not Applicable,Not Applicable,Not Applicable,Not Applicable,Not Applicable,Not Applicable,Not Applicable,No,0.0,Not Applicable,No,Not Applicable,Yes,Yes,Yes,No,No,0.0,3214.5,773.34,0.0,0.758,Service Center,Edge,5,Dark,-0.23572,413.0,5.0,24.0,Yes,318.0,Active,Not Applicable,30.0,Yes,Yes,3.0,1.0,1.0,1.0,0.3333333333333333,No,Yes,1.0,1.0,Yes,Yes,Yes,No,No,No,0.2405786280914605,Medium,8.0,1.0,Invalid Claim
CLM00573,Television,LED,Picture,Main Unit,PrimeView,24.0,Yes,Display Failure,Internal Component Failure,No,Not Applicable,Not Applicable,Not Applicable,Not Applicable,Yes,Not Applicable,Not Applicable,Not Applicable,Not Applicable,Yes,Yes,Yes,Yes,Yes,Yes,Not Applicable,Not Applicable,Not Applicable,Not Applicable,Not Applicable,Not Applicable,Yes,Yes,3.0,No,No,Not Applicable,Yes,Yes,No,No,No,1.0,624.85,342.73,468.76,,Email,Edge,59,System,-1.08948,1086.0,26.0,24.0,Yes,10.0,Nearing Expiry,Not Applicable,30.0,Yes,Yes,4.0,4.0,0.0,0.0,1.0,Yes,No,0.0,4.0,Yes,Yes,Yes,Yes,No,No,0.5484996399135793,Unknown,3.0,5.0,Invalid Claim
CLM00574,Television,OLED,Picture,Main Unit,Aster,24.0,No,Display Failure,Accidental Damage,Yes,Not Applicable,Not Applicable,Not Applicable,Not Applicable,No,Not Applicable,Not Applicable,Not Applicable,Not Applicable,Yes,Yes,No,Yes,Yes,Yes,Not Applicable,Not Applicable,Not Applicable,Not Applicable,Not Applicable,Not Applicable,Yes,Yes,1.0,Yes,No,Not Applicable,Yes,Yes,No,No,No,0.0,2099.81,664.32,154.82,0.751,Web,Safari,24,System,0.53557,753.0,9.0,24.0,Yes,-22.0,Expired,Not Applicable,30.0,Yes,No,4.0,4.0,0.0,0.0,1.0,Yes,No,0.0,4.0,Yes,Yes,Yes,Yes,No,Yes,0.3163714812292541,Medium,9.0,2.0,Invalid Claim
CLM00575,Smartphone,Rugged Smartphone,Phone,Main Unit,PrimeView,12.0,No,Display Failure,Manufacturing Defect,Unknown,No,Not Applicable,Not Applicable,Not Applicable,Not Applicable,Not Applicable,Not Applicable,Not Applicable,Not Applicable,No,No,Yes,Yes,Yes,Yes,Not Applicable,Not Applicable,Not Applicable,Not Applicable,Not Applicable,Not Applicable,,No,0.0,Not Applicable,No,Not Applicable,Yes,Yes,No,No,No,2.0,316.25,120.8,0.0,0.844,Email,Chrome,48,Dark,1.07049,222.0,25.0,12.0,Yes,143.0,Active,Not Applicable,30.0,Yes,Yes,3.0,3.0,0.0,0.0,1.0,Yes,No,0.0,3.0,No,Yes,Yes,No,No,Unknown,0.3819762845849802,Medium,11.0,4.0,Valid Claim
CLM00576,Camera,DSLR,Camera Body,Camera Body,NovaTech,24.0,No,Lens Failure,Internal Component Failure,No,Yes,Not Applicable,Not Applicable,Not Applicable,Not Applicable,Not Applicable,Not Applicable,Not Applicable,Not Applicable,Yes,Yes,Yes,Yes,Yes,Yes,Not Applicable,Not Applicable,Not Applicable,Not Applicable,Not Applicable,Not Applicable,Yes,Yes,2.0,Yes,Yes,Yes,Yes,Yes,No,No,No,2.0,2194.81,211.52,137.36,0.774,Web,Chrome,59,Light,0.10682,691.0,9.0,24.0,Yes,40.0,Active,Not Applicable,30.0,Yes,Yes,4.0,4.0,0.0,0.0,1.0,Yes,No,0.0,4.0,Yes,Yes,Yes,Yes,Yes,Yes,0.0963728067577603,Medium,12.0,5.0,Valid Claim
CLM00577,Printer,Laser,Power,Print Head,PrimeView,12.0,No,Power Failure,Electrical Failure,Not Applicable,Not Applicable,Not Applicable,Not Applicable,No,Not Applicable,No,Not Applicable,Not Applicable,Unknown,No,Yes,Yes,Yes,,Yes,Not Applicable,Not Applicable,Not Applicable,Not Applicable,Not Applicable,Yes,Yes,Yes,2.0,Yes,No,Not Applicable,Yes,Yes,No,No,No,0.0,646.0,182.35,583.09,0.876,Service Center,Edge,52,Dark,1.83273,160.0,9.0,12.0,Yes,205.0,Active,Active,30.0,Yes,Yes,5.0,4.0,0.0,1.0,0.8,Unknown,Unknown,0.0,4.0,No,Yes,Yes,Yes,No,No,0.2822755417956656,High,2.0,3.0,Valid Claim
CLM00578,Printer,Laser,Printing,Print Head,PrimeView,12.0,No,Mechanical Failure,Normal Wear,Not Applicable,Not Applicable,Not Applicable,Not Applicable,Yes,Not Applicable,No,Not Applicable,Not Applicable,Unknown,Yes,Yes,No,No,Yes,Yes,Not Applicable,Not Applicable,Not Applicable,Not Applicable,Not Applicable,Yes,Not Applicable,No,0.0,Not Applicable,No,Not Applicable,Yes,No,No,No,No,0.0,678.82,244.39,0.0,0.755,Web,Safari,55,System,-0.04739,199.0,9.0,12.0,Yes,166.0,Active,Active,30.0,Yes,No,4.0,4.0,0.0,0.0,1.0,Yes,No,0.0,4.0,Yes,Yes,Yes,No,No,No,0.3600218025397012,Medium,12.0,4.0,Invalid Claim
CLM00579,Television,OLED,Picture,Main Unit,PrimeView,24.0,No,Display Failure,Electrical Failure,No,Not Applicable,Not Applicable,Not Applicable,Not Applicable,No,Not Applicable,Not Applicable,Not Applicable,Not Applicable,Yes,Yes,Yes,Yes,Yes,No,Not Applicable,Not Applicable,Not Applicable,Not Applicable,Not Applicable,Not Applicable,Not Applicable,No,0.0,Not Applicable,No,Not Applicable,Yes,Yes,No,No,No,4.0,1791.2,977.18,0.0,0.902,Web,Firefox,57,Light,0.92062,510.0,32.0,24.0,Yes,220.0,Active,Not Applicable,30.0,No,Yes,3.0,2.0,1.0,0.0,0.6666666666666666,No,No,1.0,2.0,Yes,Yes,Yes,No,No,No,0.5455448861098704,High,11.0,6.0,Invalid Claim
CLM00580,Air Conditioner,Split,Outdoor Unit,Main Unit,HomePro,24.0,No,Cooling Failure,Water Damage,Not Applicable,Not Applicable,Not Applicable,Not Applicable,No,Not Applicable,Not Applicable,No,Outdoor Unit,Not Applicable,Yes,Yes,Yes,Yes,Yes,Yes,Yes,Not Applicable,Not Applicable,Not Applicable,Not Applicable,Not Applicable,Not Applicable,No,0.0,Not Applicable,No,Not Applicable,Yes,Yes,No,No,No,0.0,2169.03,705.79,0.0,0.81,Web,Edge,30,Dark,-0.5383,647.0,8.0,24.0,Yes,84.0,Active,Not Applicable,30.0,Yes,No,4.0,4.0,0.0,0.0,1.0,Yes,No,0.0,4.0,Yes,Yes,Yes,No,No,Not Applicable,0.3253943006781833,Medium,12.0,0.0,Invalid Claim
CLM00581,Printer,Thermal,Connection,Main Unit,NovaTech,12.0,No,Connectivity Issue,Manufacturing Defect,Not Applicable,Not Applicable,Not Applicable,Not Applicable,No,Not Applicable,No,Not Applicable,Not Applicable,Original,Yes,Yes,No,Yes,Yes,Yes,Not Applicable,Not Applicable,Not Applicable,Not Applicable,Not Applicable,Yes,Not Applicable,No,0.0,Not Applicable,No,Not Applicable,Yes,Yes,No,No,No,0.0,783.2,700.26,0.0,0.88,Service Center,Firefox,51,Dark,-0.2248,335.0,6.0,12.0,Yes,30.0,Nearing Expiry,Not Applicable,30.0,Yes,Yes,4.0,4.0,0.0,0.0,1.0,Yes,No,0.0,4.0,Yes,Yes,Yes,No,No,No,0.8941011235955055,High,8.0,5.0,Valid Claim
CLM00582,Smartphone,Foldable Smartphone,Phone,Main Unit,,12.0,No,Overheating,Electrical Failure,No,No,Not Applicable,Not Applicable,Not Applicable,Not Applicable,Not Applicable,Not Applicable,Not Applicable,Not Applicable,Yes,Yes,Yes,Yes,No,Yes,Not Applicable,Not Applicable,Not Applicable,Not Applicable,Not Applicable,Not Applicable,Not Applicable,No,0.0,Not Applicable,No,Not Applicable,Yes,Yes,No,No,No,2.0,1141.69,930.67,0.0,0.85,Web,MobileWebView,43,System,-0.83316,134.0,26.0,12.0,Yes,232.0,Active,Not Applicable,30.0,Yes,Yes,3.0,2.0,1.0,0.0,0.6666666666666666,No,Yes,1.0,2.0,Yes,Yes,Yes,No,No,No,0.8151687410768247,High,1.0,3.0,Manual Review
CLM00583,Television,OLED,Power,Main Unit,HomePro,24.0,No,Power Failure,Manufacturing Defect,No,Not Applicable,Not Applicable,Not Applicable,Not Applicable,Yes,Not Applicable,Not Applicable,Not Applicable,Not Applicable,Yes,Yes,Yes,,,Yes,Not Applicable,Not Applicable,Not Applicable,Not Applicable,Not Applicable,Not Applicable,Not Applicable,No,,Not Applicable,No,Not Applicable,Yes,Yes,No,No,No,1.0,1641.05,762.01,0.0,0.542,Service Center,Safari,45,Dark,0.01568,645.0,16.0,24.0,Yes,85.0,Active,Not Applicable,30.0,Yes,Yes,3.0,2.0,0.0,1.0,0.6666666666666666,Unknown,Unknown,0.0,2.0,Yes,Yes,Yes,No,No,No,0.4643429511593187,Low,1.0,1.0,Manual Review
CLM00584,Laptop,Business Laptop,Device,Main Unit,Aster,24.0,No,Display Failure,Electrical Failure,No,No,Not Applicable,Not Applicable,Not Applicable,Not Applicable,Not Applicable,Not Applicable,Not Applicable,Not Applicable,Yes,Yes,Yes,Yes,Yes,Yes,Not Applicable,Not Applicable,Not Applicable,Not Applicable,Not Applicable,Not Applicable,Not Applicable,No,0.0,Not Applicable,No,Not Applicable,Yes,Yes,No,No,No,0.0,1940.23,982.16,0.0,0.511,Service Center,Safari,10,Light,0.61306,692.0,18.0,24.0,Yes,39.0,Active,Not Applicable,30.0,Yes,Yes,3.0,3.0,0.0,0.0,1.0,Yes,No,0.0,3.0,Yes,Yes,Yes,No,No,No,0.5062080268834107,Low,5.0,1.0,Manual Review
CLM00585,Smartphone,Standard Smartphone,Phone,Main Unit,PrimeView,12.0,No,Display Failure,Internal Component Failure,No,No,Not Applicable,Not Applicable,Not Applicable,Not Applicable,Not Applicable,Not Applicable,Not Applicable,Not Applicable,No,Yes,No,Yes,No,Yes,Not Applicable,Not Applicable,Not Applicable,Not Applicable,Not Applicable,Not Applicable,Not Applicable,No,0.0,Not Applicable,No,Not Applicable,Yes,Yes,No,No,No,1.0,939.09,879.82,0.0,0.873,Mobile App,MobileWebView,25,System,-0.3369,291.0,10.0,12.0,Yes,74.0,Active,Not Applicable,30.0,Yes,Yes,3.0,2.0,1.0,0.0,0.6666666666666666,No,Yes,1.0,2.0,No,Yes,Yes,No,No,No,0.9368857085050422,High,5.0,0.0,Manual Review
CLM00586,Television,OLED,Not Sure,Main Unit,HomePro,24.0,No,Audio Failure,Improper Wall Mounting,Unknown,Not Applicable,Not Applicable,Not Applicable,Not Applicable,No,Not Applicable,Not Applicable,Not Applicable,Not Applicable,Yes,Yes,No,Yes,Yes,,Not Applicable,Not Applicable,Not Applicable,Not Applicable,Not Applicable,Not Applicable,,No,0.0,Not Applicable,Yes,Yes,Yes,Yes,No,No,No,0.0,1549.0,408.7,0.0,0.779,Email,Firefox,17,System,0.09265,692.0,25.0,24.0,Yes,39.0,Active,Not Applicable,30.0,Yes,No,3.0,2.0,0.0,1.0,0.6666666666666666,Unknown,No,0.0,2.0,Yes,Yes,Yes,No,Yes,Unknown,0.2638476436410587,Medium,8.0,1.0,Invalid Claim
CLM00587,Washing Machine,Washer Dryer,Spinning,Main Unit,HomePro,24.0,No,Mechanical Failure,Electrical Failure,Not Applicable,Not Applicable,Not Applicable,Business,No,Not Applicable,No,Not Applicable,Not Applicable,Not Applicable,Yes,No,No,Yes,Yes,Yes,Not Applicable,Not Applicable,Not Applicable,Not Applicable,Not Applicable,Not Applicable,Not Applicable,No,0.0,Not Applicable,No,Not Applicable,Yes,Yes,No,No,No,0.0,1911.86,1618.12,0.0,0.766,Email,Firefox,30,Light,-0.13434,485.0,13.0,24.0,Yes,245.0,Active,Not Applicable,30.0,Yes,Yes,3.0,3.0,0.0,0.0,1.0,Yes,No,0.0,3.0,Yes,Yes,Yes,No,No,No,0.8463590430261629,Medium,10.0,1.0,Valid Claim
CLM00588,Television,OLED,Power,Main Unit,PrimeView,24.0,No,Power Failure,Misuse,No,Not Applicable,Not Applicable,Not Applicable,Not Applicable,Yes,Not Applicable,Not Applicable,Not Applicable,Not Applicable,Yes,,Yes,Yes,Yes,Yes,Not Applicable,Not Applicable,Not Applicable,Not Applicable,Not Applicable,Not Applicable,No,Yes,2.0,Unknown,No,Not Applicable,Yes,Yes,Yes,Yes,No,1.0,2014.59,381.28,77.19,0.877,Web,MobileWebView,37,System,-0.9571,500.0,20.0,24.0,Yes,230.0,Active,Not Applicable,30.0,Yes,No,4.0,3.0,1.0,0.0,0.75,No,No,1.0,3.0,Yes,Yes,Yes,Yes,No,No,0.1892593530197211,High,5.0,3.0,Invalid Claim
CLM00589,Washing Machine,Top Load,Water Supply or Drain,Main Unit,HomePro,24.0,No,Mechanical Failure,Manufacturing Defect,Not Applicable,Not Applicable,Not Applicable,Household,Yes,Not Applicable,No,Not Applicable,Not Applicable,Not Applicable,Yes,Yes,No,Yes,Yes,No,Not Applicable,Not Applicable,Not Applicable,Not Applicable,Not Applicable,Not Applicable,Not Applicable,No,0.0,Not Applicable,No,Not Applicable,No,Yes,No,No,No,0.0,2194.79,803.16,0.0,0.898,Mobile App,Safari,9,Dark,0.15942,,10.0,24.0,Yes,,Unknown,Not Applicable,30.0,Yes,Yes,3.0,2.0,1.0,0.0,0.6666666666666666,No,No,1.0,2.0,Yes,Yes,No,No,No,No,0.3659393381599151,High,12.0,5.0,Invalid Claim
CLM00590,Television,Mini-LED,Connection,Main Unit,Aster,24.0,No,Connectivity Issue,Manufacturing Defect,Unknown,Not Applicable,Not Applicable,Not Applicable,Not Applicable,No,Not Applicable,Not Applicable,Not Applicable,Not Applicable,No,No,Yes,Yes,Yes,Yes,Not Applicable,Not Applicable,Not Applicable,Not Applicable,Not Applicable,Not Applicable,Not Applicable,No,0.0,Not Applicable,No,Not Applicable,Yes,Yes,No,No,No,0.0,1177.51,723.37,0.0,0.471,Mobile App,Safari,55,Light,0.9468,645.0,24.0,24.0,Yes,86.0,Active,Not Applicable,30.0,Yes,Yes,3.0,3.0,0.0,0.0,1.0,Yes,No,0.0,3.0,No,Yes,Yes,No,No,Unknown,0.6143217467367581,Low,12.0,1.0,Manual Review
CLM00591,Laptop,Consumer Laptop,Device,Main Unit,Aster,24.0,No,Connectivity Issue,Manufacturing Defect,No,No,Not Applicable,Not Applicable,Not Applicable,Not Applicable,Not Applicable,Not Applicable,Not Applicable,Not Applicable,Yes,No,No,Yes,Yes,Yes,Not Applicable,Not Applicable,Not Applicable,Not Applicable,Not Applicable,Not Applicable,Not Applicable,No,0.0,Not Applicable,No,Not Applicable,Yes,Yes,No,No,No,0.0,1984.11,913.17,0.0,,Mobile App,Chrome,59,System,2.31158,379.0,20.0,24.0,Yes,351.0,Active,Not Applicable,30.0,Yes,Yes,3.0,3.0,0.0,0.0,1.0,Yes,No,0.0,3.0,Yes,Yes,Yes,No,No,No,0.4602416196682644,Unknown,12.0,3.0,Valid Claim
CLM00592,Printer,Inkjet,Connection,Main Unit,NovaTech,12.0,No,Connectivity Issue,Foreign Object Damage,Not Applicable,Not Applicable,Not Applicable,Not Applicable,Yes,Not Applicable,No,Not Applicable,Not Applicable,Compatible,Yes,No,No,Yes,Yes,Yes,Not Applicable,Not Applicable,Not Applicable,Not Applicable,Not Applicable,Yes,Yes,Yes,3.0,Yes,No,Not Applicable,Yes,Yes,No,No,No,0.0,928.5,790.08,39.1,0.875,Service Center,Edge,16,System,0.98515,195.0,21.0,12.0,Yes,170.0,Active,Not Applicable,30.0,Yes,No,5.0,5.0,0.0,0.0,1.0,Yes,No,0.0,5.0,Yes,Yes,Yes,Yes,No,No,0.8509208400646204,High,11.0,1.0,Invalid Claim
CLM00593,Air Conditioner,Portable,Indoor Unit,Compressor,ZenCore,60.0,No,Power Failure,Manufacturing Defect,Not Applicable,Not Applicable,Not Applicable,Not Applicable,Yes,Not Applicable,Not Applicable,Yes,Indoor Unit,Not Applicable,No,No,No,Yes,Yes,No,Yes,Not Applicable,Not Applicable,Yes,Not Applicable,Not Applicable,,No,99.0,Not Applicable,No,Not Applicable,Yes,Yes,No,No,No,0.0,1946.98,1534.59,,0.962,Service Center,Chrome,50,System,0.67215,1769.0,3.0,60.0,Yes,58.0,Active,Active,30.0,Yes,Yes,5.0,3.0,2.0,0.0,0.6,No,Yes,2.0,3.0,No,No,Yes,No,No,Not Applicable,0.7881899146370276,High,5.0,6.0,Manual Review
CLM00594,Air Conditioner,Window,Indoor Unit,Compressor,HomePro,60.0,No,Water Leakage,Electrical Failure,Not Applicable,Not Applicable,Not Applicable,Not Applicable,Yes,Not Applicable,Not Applicable,No,Indoor Unit,Not Applicable,Yes,Yes,No,No,Yes,Yes,No,Not Applicable,Not Applicable,Yes,Not Applicable,Not Applicable,No,Yes,2.0,Yes,No,Not Applicable,Yes,Yes,No,No,No,1.0,1794.47,198.89,630.31,,Service Center,Safari,53,Dark,1.10261,1609.0,7.0,60.0,Yes,218.0,Active,Active,30.0,Yes,Yes,6.0,4.0,2.0,0.0,0.6666666666666666,No,Yes,2.0,4.0,Yes,Yes,Yes,Yes,No,Not Applicable,0.1108349540532859,Unknown,1.0,5.0,Manual Review
CLM00595,Smartphone,Foldable Smartphone,Charger,Charger,PrimeView,6.0,No,Battery Problem,Rooted Or Unauthorized Software Modification,No,No,Yes,Not Applicable,Not Applicable,Not Applicable,Not Applicable,Not Applicable,Not Applicable,Not Applicable,Yes,Yes,Yes,Yes,Yes,Yes,Not Applicable,Not Applicable,Not Applicable,Not Applicable,Not Applicable,Not Applicable,Not Applicable,No,0.0,Not Applicable,No,Not Applicable,Yes,Yes,No,No,No,0.0,541.28,474.23,0.0,0.835,Web,Chrome,33,System,0.18357,90.0,24.0,6.0,Yes,94.0,Active,Active,30.0,Yes,No,3.0,3.0,0.0,0.0,1.0,Yes,No,0.0,3.0,Yes,Yes,Yes,No,No,No,0.876126958321017,Medium,6.0,2.0,Invalid Claim
CLM00596,Washing Machine,Top Load,Power,Motor,ZenCore,120.0,No,Power Failure,Internal Component Failure,Not Applicable,Not Applicable,Not Applicable,Household,Yes,Not Applicable,No,Not Applicable,Not Applicable,Not Applicable,Yes,Yes,No,Yes,Yes,Yes,Not Applicable,Not Applicable,Not Applicable,Yes,Not Applicable,Not Applicable,Yes,Yes,1.0,Yes,No,Not Applicable,Yes,Yes,No,No,No,0.0,1833.13,1143.88,193.34,0.928,Mobile App,Firefox,49,Dark,0.56231,3603.0,11.0,120.0,Yes,50.0,Active,Active,30.0,Yes,Yes,5.0,5.0,0.0,0.0,1.0,Yes,No,0.0,5.0,Yes,Yes,Yes,Yes,No,No,0.6240037531435305,High,2.0,4.0,Valid Claim
CLM00597,Printer,Inkjet,Paper Feed,Main Unit,HomePro,12.0,No,Paper Feed Failure,Electrical Failure,Not Applicable,Not Applicable,Not Applicable,Not Applicable,Unknown,Not Applicable,No,Not Applicable,Not Applicable,Compatible,Yes,Yes,Yes,Yes,Yes,Yes,Not Applicable,Not Applicable,Not Applicable,Not Applicable,Not Applicable,Yes,Not Applicable,No,0.0,Not Applicable,No,Not Applicable,Yes,Yes,No,No,No,0.0,1149.53,466.23,0.0,0.738,Mobile App,Firefox,13,Light,1.31514,227.0,6.0,12.0,Yes,138.0,Active,Not Applicable,30.0,Yes,Yes,4.0,4.0,0.0,0.0,1.0,Yes,No,0.0,4.0,Yes,Yes,Yes,No,No,No,0.4055831513749097,Medium,3.0,5.0,Valid Claim
CLM00598,Camera,Compact,Camera Body,Camera Body,Aster,24.0,No,Power Failure,Manufacturing Defect,No,No,Not Applicable,Not Applicable,Not Applicable,Not Applicable,Not Applicable,Not Applicable,Not Applicable,Not Applicable,Yes,Yes,Yes,Yes,Yes,,Not Applicable,Not Applicable,Not Applicable,Not Applicable,Not Applicable,Not Applicable,Not Applicable,No,0.0,Not Applicable,No,Not Applicable,Yes,Yes,No,No,No,1.0,361.35,325.87,0.0,0.861,Service Center,Edge,41,Light,-1.28015,729.0,11.0,24.0,Yes,2.0,Nearing Expiry,Not Applicable,30.0,Yes,Yes,3.0,2.0,0.0,1.0,0.6666666666666666,Unknown,No,0.0,2.0,Yes,Yes,Yes,No,No,No,0.9018126470181264,High,4.0,5.0,Valid Claim
CLM00599,Washing Machine,Top Load,Power,Main Unit,PrimeView,24.0,No,Power Failure,Internal Component Failure,Not Applicable,Not Applicable,Not Applicable,Household,Yes,Not Applicable,No,Not Applicable,Not Applicable,Not Applicable,Yes,Yes,Yes,Yes,Yes,Yes,Not Applicable,Not Applicable,Not Applicable,Not Applicable,Not Applicable,Not Applicable,Not Applicable,No,0.0,Not Applicable,No,Not Applicable,Yes,Yes,No,Yes,Yes,0.0,868.07,605.48,0.0,0.887,Service Center,Edge,18,System,1.38369,493.0,23.0,24.0,Yes,238.0,Active,Not Applicable,30.0,Yes,Yes,3.0,3.0,0.0,0.0,1.0,Yes,No,0.0,3.0,Yes,Yes,Yes,No,No,No,0.6975013535774764,High,4.0,1.0,Manual Review
CLM00600,Smartphone,Foldable Smartphone,Phone,Main Unit,PrimeView,12.0,No,Overheating,Electrical Failure,No,Unknown,Not Applicable,Not Applicable,Not Applicable,Not Applicable,Not Applicable,Not Applicable,Not Applicable,Not Applicable,No,Yes,Yes,Yes,Yes,,Not Applicable,Not Applicable,Not Applicable,Not Applicable,Not Applicable,Not Applicable,Yes,Yes,1.0,Yes,Yes,Yes,Yes,Yes,No,No,No,0.0,413.12,164.76,59.78,0.804,Mobile App,Safari,10,Dark,-0.46689,227.0,16.0,12.0,Yes,139.0,Active,Not Applicable,30.0,Yes,Yes,4.0,3.0,0.0,1.0,0.75,Unknown,No,0.0,3.0,No,Yes,Yes,Yes,Yes,Unknown,0.3988187451587916,Medium,4.0,4.0,Valid Claim
CLM00601,Air Conditioner,Split,Indoor Unit,Main Unit,Aster,24.0,No,Noise,Internal Component Failure,Not Applicable,Not Applicable,Not Applicable,Not Applicable,No,Not Applicable,Not Applicable,No,Indoor Unit,Not Applicable,Yes,Yes,Yes,Yes,No,Yes,Yes,Not Applicable,Not Applicable,Not Applicable,Not Applicable,Not Applicable,Not Applicable,No,0.0,Not Applicable,No,Not Applicable,Yes,Yes,No,No,No,0.0,869.81,557.73,0.0,,Mobile App,Safari,19,Dark,-0.34747,1005.0,12.0,24.0,Yes,-274.0,Expired,Not Applicable,30.0,Yes,Yes,4.0,3.0,1.0,0.0,0.75,No,Yes,1.0,3.0,Yes,Yes,Yes,No,No,Not Applicable,0.641208999666594,Unknown,1.0,6.0,Invalid Claim
CLM00602,Television,Mini-LED,Power,Main Unit,HomePro,24.0,No,Power Failure,Internal Component Failure,No,Not Applicable,Not Applicable,Not Applicable,Not Applicable,No,Not Applicable,Not Applicable,Not Applicable,Not Applicable,Yes,Yes,No,Yes,Yes,Yes,Not Applicable,Not Applicable,Not Applicable,Not Applicable,Not Applicable,Not Applicable,Yes,Yes,3.0,No,No,Not Applicable,Yes,Yes,No,No,No,0.0,2716.38,595.96,594.92,0.85,Email,Chrome,45,Dark,-0.03547,618.0,11.0,24.0,Yes,112.0,Active,Not Applicable,30.0,Yes,Yes,4.0,4.0,0.0,0.0,1.0,Yes,No,0.0,4.0,Yes,Yes,Yes,Yes,No,No,0.2193949300171551,High,6.0,2.0,Invalid Claim
CLM00603,Camera,Compact,Camera Body,Camera Body,PrimeView,24.0,No,Lens Failure,Internal Component Failure,No,No,Not Applicable,Not Applicable,Not Applicable,Not Applicable,Not Applicable,Not Applicable,Not Applicable,Not Applicable,Yes,Yes,Yes,Yes,Yes,Yes,Not Applicable,Not Applicable,Not Applicable,Not Applicable,Not Applicable,Not Applicable,Not Applicable,No,0.0,Not Applicable,Yes,Yes,Yes,Yes,No,No,No,1.0,2349.03,2018.79,0.0,0.878,Service Center,Edge,15,Light,0.74699,373.0,3.0,24.0,Yes,357.0,Active,Not Applicable,30.0,Yes,Yes,3.0,3.0,0.0,0.0,1.0,Yes,No,0.0,3.0,Yes,Yes,Yes,No,Yes,No,0.8594143114391897,High,7.0,3.0,Valid Claim
CLM00604,Printer,Inkjet,Connection,Main Unit,NovaTech,12.0,No,Connectivity Issue,Manufacturing Defect,Not Applicable,Not Applicable,Not Applicable,Not Applicable,No,Not Applicable,No,Not Applicable,Not Applicable,Original,Yes,Yes,Yes,Yes,Yes,Yes,Not Applicable,Not Applicable,Not Applicable,Not Applicable,Not Applicable,No,Not Applicable,No,0.0,Not Applicable,No,Not Applicable,Yes,Yes,Yes,No,No,2.0,688.77,619.55,0.0,0.936,Web,Edge,38,System,0.71355,209.0,8.0,12.0,Yes,156.0,Active,Not Applicable,30.0,Yes,Yes,4.0,3.0,1.0,0.0,0.75,No,No,1.0,3.0,Yes,Yes,Yes,No,No,No,0.8995020108309014,High,1.0,2.0,Invalid Claim
CLM00605,Camera,Compact,Camera Body,Camera Body,PrimeView,24.0,No,Display Failure,Lens Impact Damage,Yes,No,Not Applicable,Not Applicable,Not Applicable,Not Applicable,Not Applicable,Not Applicable,Not Applicable,Not Applicable,Yes,Yes,No,Yes,Yes,Yes,Not Applicable,Not Applicable,Not Applicable,Not Applicable,Not Applicable,Not Applicable,Not Applicable,No,0.0,Not Applicable,No,Not Applicable,Yes,Yes,No,Yes,No,1.0,2106.51,1678.31,,0.876,Web,Safari,15,Light,-1.51268,597.0,25.0,24.0,Yes,134.0,Active,Not Applicable,30.0,Yes,No,3.0,3.0,0.0,0.0,1.0,Yes,No,0.0,3.0,Yes,Yes,Yes,No,No,Yes,0.7967253893881348,High,6.0,6.0,Invalid Claim
CLM00606,Laptop,Consumer Laptop,Device,Main Unit,Aster,24.0,No,Connectivity Issue,Misuse,No,No,Not Applicable,Not Applicable,Not Applicable,Not Applicable,Not Applicable,Not Applicable,Not Applicable,Not Applicable,No,Yes,No,Yes,,Yes,Not Applicable,Not Applicable,Not Applicable,Not Applicable,Not Applicable,Not Applicable,Yes,Yes,3.0,Yes,No,Not Applicable,Yes,Yes,No,No,No,1.0,2002.79,,460.62,0.899,Web,Safari,4,System,-1.42104,697.0,28.0,24.0,Yes,33.0,Active,Not Applicable,30.0,Yes,No,4.0,3.0,0.0,1.0,0.75,Unknown,Unknown,0.0,3.0,No,Yes,Yes,Yes,No,No,,High,7.0,3.0,Invalid Claim
CLM00607,Refrigerator,Double Door,Other,Main Unit,ZenCore,24.0,No,Mechanical Failure,Manufacturing Defect,Not Applicable,Not Applicable,Not Applicable,Household,No,Not Applicable,Not Applicable,Not Applicable,Not Applicable,Not Applicable,Yes,No,No,Yes,Yes,Yes,Not Applicable,Not Applicable,Not Applicable,Not Applicable,Not Applicable,Not Applicable,Not Applicable,No,0.0,Not Applicable,No,Not Applicable,Yes,Yes,No,No,No,0.0,1020.83,377.48,0.0,0.949,Email,MobileWebView,42,Dark,1.19865,552.0,15.0,24.0,Yes,178.0,Active,Not Applicable,30.0,Yes,Yes,3.0,3.0,0.0,0.0,1.0,Yes,No,0.0,3.0,Yes,Yes,Yes,No,No,Not Applicable,0.3697775339674579,High,6.0,2.0,Valid Claim
CLM00608,Printer,Thermal,Connection,Main Unit,HomePro,12.0,No,Connectivity Issue,Internal Component Failure,Not Applicable,Not Applicable,Not Applicable,Not Applicable,No,Not Applicable,Yes,Not Applicable,Not Applicable,Original,Yes,Yes,Yes,Yes,Yes,Yes,Not Applicable,Not Applicable,Not Applicable,Not Applicable,Not Applicable,Yes,Not Applicable,No,0.0,Not Applicable,No,Not Applicable,Yes,Yes,No,No,No,0.0,1117.27,167.09,0.0,0.908,Mobile App,Firefox,52,Light,-1.3833,221.0,10.0,12.0,Yes,144.0,Active,Not Applicable,30.0,Yes,Yes,4.0,4.0,0.0,0.0,1.0,Yes,No,0.0,4.0,Yes,Yes,Yes,No,No,Yes,0.149552033080634,High,10.0,4.0,Valid Claim
CLM00609,Washing Machine,Washer Dryer,Spinning,Main Unit,ZenCore,24.0,Yes,Mechanical Failure,Internal Component Failure,Not Applicable,Not Applicable,Not Applicable,Household,Unknown,Not Applicable,No,Not Applicable,Not Applicable,Not Applicable,Yes,Yes,Yes,Yes,No,Yes,Not Applicable,Not Applicable,Not Applicable,Not Applicable,Not Applicable,Not Applicable,Not Applicable,No,0.0,Not Applicable,No,Not Applicable,No,Yes,No,No,No,0.0,728.83,469.23,,0.776,Service Center,Safari,24,Light,-0.68549,1040.0,9.0,24.0,Yes,56.0,Active,Not Applicable,30.0,Yes,Yes,3.0,2.0,1.0,0.0,0.6666666666666666,No,Yes,1.0,2.0,Yes,Yes,No,No,No,No,0.6438126860859185,Medium,12.0,6.0,Invalid Claim
CLM00610,Laptop,Gaming Laptop,Device,Main Unit,ZenCore,24.0,No,Battery Problem,Manufacturing Defect,Unknown,No,Yes,Not Applicable,Not Applicable,Not Applicable,Not Applicable,Not Applicable,Not Applicable,Not Applicable,Yes,Yes,No,Yes,Yes,Yes,Not Applicable,Not Applicable,Not Applicable,Not Applicable,Not Applicable,Not Applicable,Yes,Yes,3.0,Yes,No,Not Applicable,Yes,Yes,No,Yes,No,0.0,2223.37,1821.47,283.67,0.752,Mobile App,Edge,52,Dark,0.442,475.0,13.0,24.0,Yes,255.0,Active,Not Applicable,30.0,Yes,Yes,4.0,4.0,0.0,0.0,1.0,Yes,No,0.0,4.0,Yes,Yes,Yes,Yes,No,Unknown,0.8192383633853115,Medium,7.0,1.0,Valid Claim
CLM00611,Refrigerator,French Door,Cooling,Main Unit,Aster,24.0,No,Cooling Failure,Manufacturing Defect,Not Applicable,Not Applicable,Not Applicable,Household,No,Not Applicable,Not Applicable,Not Applicable,Not Applicable,Not Applicable,No,Yes,No,Yes,Yes,No,Not Applicable,Not Applicable,Not Applicable,Not Applicable,Not Applicable,Not Applicable,Not Applicable,No,0.0,Not Applicable,No,Not Applicable,Yes,Yes,No,No,No,0.0,1460.44,561.23,0.0,0.827,Service Center,Safari,0,System,-0.74133,683.0,6.0,24.0,Yes,48.0,Active,Not Applicable,30.0,Yes,Yes,3.0,2.0,1.0,0.0,0.6666666666666666,No,No,1.0,2.0,No,Yes,Yes,No,No,Not Applicable,0.3842882966777136,Medium,11.0,1.0,Manual Review
CLM00612,Refrigerator,Double Door,Power,Main Unit,HomePro,24.0,No,Power Failure,Internal Component Failure,Not Applicable,Not Applicable,Not Applicable,Household,Yes,Not Applicable,Not Applicable,Not Applicable,Not Applicable,Not Applicable,Yes,No,No,Yes,Yes,Yes,Not Applicable,Not Applicable,Not Applicable,Not Applicable,Not Applicable,Not Applicable,Not Applicable,No,0.0,Not Applicable,No,Not Applicable,Yes,Yes,No,No,No,1.0,2194.83,962.57,0.0,0.868,Web,Chrome,21,System,1.83454,545.0,10.0,24.0,Yes,186.0,Active,Not Applicable,30.0,Yes,Yes,3.0,3.0,0.0,0.0,1.0,Yes,No,0.0,3.0,Yes,Yes,Yes,No,No,Not Applicable,0.4385624399156199,High,5.0,4.0,Valid Claim
CLM00613,Camera,Action Camera,Camera Body,Camera Body,NovaTech,24.0,No,Lens Failure,Manufacturing Defect,No,No,Not Applicable,Not Applicable,Not Applicable,Not Applicable,Not Applicable,Not Applicable,Not Applicable,Not Applicable,Yes,Yes,Yes,Yes,Yes,Yes,Not Applicable,Not Applicable,Not Applicable,Not Applicable,Not Applicable,Not Applicable,Not Applicable,No,0.0,Not Applicable,No,Not Applicable,No,Yes,No,No,No,0.0,1932.5,877.54,0.0,0.93,Email,Edge,40,Dark,-0.79281,650.0,5.0,24.0,Yes,80.0,Active,Not Applicable,30.0,Yes,Yes,3.0,3.0,0.0,0.0,1.0,Yes,No,0.0,3.0,Yes,Yes,No,No,No,No,0.4540957309184993,High,7.0,4.0,Invalid Claim
CLM00614,Washing Machine,Front Load,Power,Main Unit,HomePro,24.0,No,Power Failure,Internal Component Failure,Not Applicable,Not Applicable,Not Applicable,Household,Yes,Not Applicable,No,Not Applicable,Not Applicable,Not Applicable,No,Yes,No,Yes,Yes,Yes,Not Applicable,Not Applicable,Not Applicable,Not Applicable,Not Applicable,Not Applicable,Not Applicable,No,0.0,Not Applicable,No,Not Applicable,Yes,Yes,No,No,No,3.0,848.67,156.59,0.0,,Web,Firefox,12,System,0.13772,663.0,23.0,24.0,Yes,68.0,Active,Not Applicable,30.0,Yes,Yes,3.0,3.0,0.0,0.0,1.0,Yes,No,0.0,3.0,No,Yes,Yes,No,No,No,0.1845122367940424,Unknown,3.0,0.0,Valid Claim
CLM00615,Air Conditioner,Window,Outdoor Unit,Main Unit,ZenCore,24.0,No,Power Failure,Electrical Failure,Not Applicable,Not Applicable,Not Applicable,Not Applicable,No,Not Applicable,Not Applicable,No,Outdoor Unit,Not Applicable,Yes,Yes,Yes,No,Yes,Yes,Yes,Not Applicable,Not Applicable,Not Applicable,Not Applicable,Not Applicable,Not Applicable,No,0.0,Not Applicable,No,Not Applicable,No,Yes,No,No,No,3.0,908.36,757.17,0.0,0.992,Email,Chrome,12,Light,1.28216,707.0,5.0,24.0,Yes,24.0,Nearing Expiry,Not Applicable,30.0,Yes,Yes,4.0,4.0,0.0,0.0,1.0,Yes,No,0.0,4.0,Yes,Yes,No,No,No,Not Applicable,0.833557179972698,High,8.0,0.0,Invalid Claim
CLM00616,Washing Machine,Top Load,Not Sure,Main Unit,HomePro,24.0,No,Noise,Overloading,Not Applicable,Not Applicable,Not Applicable,Household,No,Not Applicable,No,Not Applicable,Not Applicable,Not Applicable,Yes,Yes,Yes,Yes,Yes,Yes,Not Applicable,Not Applicable,Not Applicable,Not Applicable,Not Applicable,Not Applicable,Not Applicable,No,0.0,Not Applicable,No,Not Applicable,Yes,Yes,No,No,Yes,0.0,1363.57,899.72,0.0,0.765,Email,Chrome,18,Dark,0.7782,387.0,9.0,24.0,Yes,343.0,Active,Not Applicable,30.0,Yes,No,3.0,3.0,0.0,0.0,1.0,Yes,No,0.0,3.0,Yes,Yes,Yes,No,No,No,0.6598267782365409,Medium,3.0,6.0,Invalid Claim
CLM00617,Television,OLED,Picture,Main Unit,HomePro,24.0,No,Display Failure,Electrical Failure,No,Not Applicable,Not Applicable,Not Applicable,Not Applicable,Unknown,Not Applicable,Not Applicable,Not Applicable,Not Applicable,No,Yes,Yes,Yes,Yes,Yes,Not Applicable,Not Applicable,Not Applicable,Not Applicable,Not Applicable,Not Applicable,Not Applicable,No,0.0,Not Applicable,Yes,Yes,Yes,Yes,No,No,No,0.0,1425.85,125.57,0.0,0.953,Web,Firefox,50,Light,0.73166,505.0,15.0,24.0,Yes,226.0,Active,Not Applicable,30.0,Yes,Yes,3.0,3.0,0.0,0.0,1.0,Yes,No,0.0,3.0,No,Yes,Yes,No,Yes,No,0.0880667671914998,High,10.0,3.0,Valid Claim
CLM00618,Television,LED,Sound,Main Unit,Aster,24.0,Yes,Audio Failure,Internal Component Failure,No,Not Applicable,Not Applicable,Not Applicable,Not Applicable,Yes,Not Applicable,Not Applicable,Not Applicable,Not Applicable,Yes,Yes,Yes,Yes,No,No,Not Applicable,Not Applicable,Not Applicable,Not Applicable,Not Applicable,Not Applicable,Not Applicable,No,0.0,Not Applicable,Yes,Yes,Yes,Yes,No,No,No,0.0,1886.21,880.12,0.0,0.858,Email,MobileWebView,34,System,-0.64128,1012.0,14.0,24.0,Yes,84.0,Active,Not Applicable,30.0,Yes,Yes,3.0,1.0,2.0,0.0,0.3333333333333333,No,Yes,2.0,1.0,Yes,Yes,Yes,No,Yes,No,0.4666076417790172,High,8.0,2.0,Manual Review
CLM00619,Refrigerator,French Door,Water Leakage,Main Unit,ZenCore,24.0,No,Water Leakage,Commercial Misuse,Not Applicable,Not Applicable,Not Applicable,Household,No,Not Applicable,Not Applicable,Not Applicable,Not Applicable,Not Applicable,Yes,Yes,No,Yes,Yes,Yes,Not Applicable,Not Applicable,Not Applicable,Not Applicable,Not Applicable,Not Applicable,Not Applicable,No,0.0,Not Applicable,No,Not Applicable,Yes,Yes,No,No,No,0.0,756.81,663.33,0.0,0.873,Web,MobileWebView,24,Dark,-0.0901,714.0,15.0,24.0,Yes,17.0,Nearing Expiry,Not Applicable,30.0,Yes,No,3.0,3.0,0.0,0.0,1.0,Yes,No,0.0,3.0,Yes,Yes,Yes,No,No,Not Applicable,0.8764815475482619,High,5.0,3.0,Invalid Claim
CLM00620,Laptop,Consumer Laptop,Device,Main Unit,NovaTech,24.0,No,Display Failure,Internal Component Failure,No,No,Not Applicable,Not Applicable,Not Applicable,Not Applicable,Not Applicable,Not Applicable,Not Applicable,Not Applicable,Yes,Yes,Yes,Yes,Yes,Yes,Not Applicable,Not Applicable,Not Applicable,Not Applicable,Not Applicable,Not Applicable,Yes,Yes,1.0,Yes,No,Not Applicable,Yes,Yes,No,No,No,1.0,2003.18,1099.64,549.7,0.879,Web,Chrome,33,System,-0.10071,387.0,32.0,24.0,Yes,343.0,Active,Not Applicable,30.0,No,Yes,4.0,4.0,0.0,0.0,1.0,Yes,No,0.0,4.0,Yes,Yes,Yes,Yes,No,No,0.5489471739933506,High,2.0,0.0,Invalid Claim
CLM00621,Camera,Compact,Lens,Lens,PrimeView,24.0,No,Battery Problem,Manufacturing Defect,Yes,No,Yes,Not Applicable,Not Applicable,Not Applicable,Not Applicable,Not Applicable,Not Applicable,Not Applicable,No,Yes,Yes,Yes,Yes,Yes,Not Applicable,Not Applicable,Not Applicable,Not Applicable,Yes,Not Applicable,Not Applicable,No,0.0,Not Applicable,No,Not Applicable,Yes,Yes,No,No,No,1.0,452.47,129.89,0.0,,Email,Firefox,24,Light,-0.88003,981.0,10.0,24.0,Yes,-251.0,Expired,Expired,30.0,Yes,Yes,4.0,4.0,0.0,0.0,1.0,Yes,No,0.0,4.0,No,Yes,Yes,No,No,Yes,0.2870687559396203,Unknown,8.0,0.0,Invalid Claim
CLM00622,Printer,Inkjet,Ink or Toner,Ink Or Toner,PrimeView,0.0,No,Power Failure,Electrical Failure,Not Applicable,Not Applicable,Not Applicable,Not Applicable,No,Not Applicable,Unknown,Not Applicable,Not Applicable,Original,Yes,Yes,Yes,Yes,Yes,Yes,Not Applicable,Not Applicable,Not Applicable,Not Applicable,Not Applicable,Yes,Not Applicable,No,0.0,Not Applicable,No,Not Applicable,Yes,Yes,No,No,No,1.0,903.57,524.35,0.0,0.945,Mobile App,Edge,38,System,1.13401,278.0,16.0,0.0,No,,Not Eligible,Not Eligible,30.0,Yes,No,4.0,4.0,0.0,0.0,1.0,Yes,No,0.0,4.0,Yes,Yes,Yes,No,No,Unknown,0.5803092178801864,High,3.0,0.0,Invalid Claim
CLM00623,Television,Mini-LED,Picture,Main Unit,HomePro,24.0,No,Display Failure,Panel Impact Damage,Yes,Not Applicable,Not Applicable,Not Applicable,Not Applicable,No,Not Applicable,Not Applicable,Not Applicable,Not Applicable,Yes,Yes,No,Yes,Yes,,Not Applicable,Not Applicable,Not Applicable,Not Applicable,Not Applicable,Not Applicable,,Yes,1.0,Yes,No,Not Applicable,Yes,Yes,No,No,No,0.0,395.51,999999.0,,0.769,Mobile App,Firefox,40,System,-0.12859,409.0,37.0,24.0,Yes,322.0,Active,Not Applicable,30.0,No,No,4.0,2.0,0.0,2.0,0.5,Unknown,No,0.0,2.0,Yes,Yes,Yes,Yes,No,Yes,2528.3785492149377,Medium,5.0,6.0,Invalid Claim
CLM00624,Smartphone,Rugged Smartphone,Phone,Main Unit,NovaTech,12.0,No,Display Failure,Internal Component Failure,No,No,Not Applicable,Not Applicable,Not Applicable,Not Applicable,Not Applicable,Not Applicable,Not Applicable,Not Applicable,Yes,Yes,Yes,Yes,,Yes,Not Applicable,Not Applicable,Not Applicable,Not Applicable,Not Applicable,Not Applicable,Not Applicable,No,0.0,Not Applicable,No,Not Applicable,Yes,Yes,No,No,No,0.0,994.17,563.42,0.0,0.921,Web,MobileWebView,35,System,-1.37429,177.0,41.0,12.0,Yes,188.0,Active,Not Applicable,30.0,No,Yes,3.0,2.0,0.0,1.0,0.6666666666666666,Unknown,Unknown,0.0,2.0,Yes,Yes,Yes,No,No,No,0.566724000925395,High,5.0,2.0,Invalid Claim
CLM00625,Television,Mini-LED,Picture,Main Unit,PrimeView,24.0,No,Display Failure,Misuse,No,Not Applicable,Not Applicable,Not Applicable,Not Applicable,No,Not Applicable,Not Applicable,Not Applicable,Not Applicable,Yes,Yes,No,,Yes,No,Not Applicable,Not Applicable,Not Applicable,Not Applicable,Not Applicable,Not Applicable,Not Applicable,No,0.0,Not Applicable,No,Not Applicable,Yes,Yes,No,No,No,0.0,2781.48,1532.39,0.0,0.873,Mobile App,Chrome,2,System,0.42847,1067.0,21.0,24.0,Yes,-337.0,Expired,Not Applicable,30.0,Yes,No,3.0,2.0,1.0,0.0,0.6666666666666666,No,No,1.0,2.0,Yes,Yes,Yes,No,No,No,0.5509261256597208,High,11.0,4.0,Invalid Claim
CLM00626,Laptop,Business Laptop,Device,Main Unit,ZenCore,24.0,No,Battery Problem,Water Damage,No,Yes,Yes,Not Applicable,Not Applicable,Not Applicable,Not Applicable,Not Applicable,Not Applicable,Not Applicable,Yes,Yes,No,Yes,No,Yes,Not Applicable,Not Applicable,Not Applicable,Not Applicable,Not Applicable,Not Applicable,,No,0.0,Not Applicable,No,Not Applicable,Yes,Yes,No,No,No,1.0,2508.72,2174.56,0.0,0.695,Web,Safari,22,Light,0.34565,729.0,3.0,24.0,Yes,1.0,Nearing Expiry,Not Applicable,30.0,Yes,No,3.0,2.0,1.0,0.0,0.6666666666666666,No,Yes,1.0,2.0,Yes,Yes,Yes,No,No,Yes,0.866800599508913,Low,2.0,2.0,Invalid Claim
CLM00627,Printer,Inkjet,Connection,Main Unit,HomePro,12.0,No,Connectivity Issue,Unsupported Consumable,Not Applicable,Not Applicable,Not Applicable,Not Applicable,No,Not Applicable,No,Not Applicable,Not Applicable,Original,Yes,Yes,Yes,Yes,,Yes,Not Applicable,Not Applicable,Not Applicable,Not Applicable,Not Applicable,Yes,Not Applicable,No,0.0,Not Applicable,Yes,Yes,Yes,Yes,No,No,No,0.0,371.02,298.85,0.0,0.936,Service Center,Safari,2,Light,-1.72741,349.0,20.0,12.0,Yes,17.0,Nearing Expiry,Not Applicable,30.0,Yes,No,4.0,3.0,0.0,1.0,0.75,Unknown,Unknown,0.0,3.0,Yes,Yes,Yes,No,Yes,No,0.8054821842488277,High,7.0,3.0,Invalid Claim
CLM00628,Laptop,Gaming Laptop,Device,Main Unit,ZenCore,24.0,No,Overheating,Manufacturing Defect,Yes,No,Not Applicable,Not Applicable,Not Applicable,Not Applicable,Not Applicable,Not Applicable,Not Applicable,Not Applicable,Yes,Yes,Yes,Yes,No,Yes,Not Applicable,Not Applicable,Not Applicable,Not Applicable,Not Applicable,Not Applicable,Not Applicable,No,0.0,Not Applicable,No,Not Applicable,Yes,Yes,No,No,No,2.0,1075.8,952.18,0.0,0.795,Web,Chrome,40,Light,-0.47202,773.0,16.0,24.0,Yes,-42.0,Expired,Not Applicable,30.0,Yes,Yes,3.0,2.0,1.0,0.0,0.6666666666666666,No,Yes,1.0,2.0,Yes,Yes,Yes,No,No,Yes,0.8850901654582636,Medium,6.0,4.0,Invalid Claim
CLM00629,Washing Machine,Top Load,Water Supply or Drain,Main Unit,ZenCore,24.0,No,Mechanical Failure,Misuse,Not Applicable,Not Applicable,Not Applicable,Household,No,Not Applicable,No,Not Applicable,Not Applicable,Not Applicable,No,Yes,No,Yes,Yes,Yes,Not Applicable,Not Applicable,Not Applicable,Not Applicable,Not Applicable,Not Applicable,Not Applicable,No,0.0,Not Applicable,No,Not Applicable,Yes,No,No,No,No,3.0,1018.4,785.25,0.0,0.924,Service Center,MobileWebView,38,Light,0.28211,725.0,27.0,24.0,Yes,6.0,Nearing Expiry,Not Applicable,30.0,Yes,No,3.0,3.0,0.0,0.0,1.0,Yes,No,0.0,3.0,No,Yes,Yes,No,No,No,0.7710624509033779,High,6.0,3.0,Invalid Claim
CLM00630,Laptop,2-in-1,Charger,Power Adapter,NovaTech,12.0,No,Battery Problem,Electrical Failure,No,No,Yes,Not Applicable,Not Applicable,Not Applicable,Not Applicable,Not Applicable,Not Applicable,Not Applicable,,,No,Yes,,Yes,Not Applicable,Not Applicable,Not Applicable,Not Applicable,Not Applicable,Not Applicable,Yes,Yes,3.0,Yes,No,Not Applicable,Yes,Yes,No,No,No,2.0,970.18,525.54,,0.923,Mobile App,Safari,15,System,1.44847,239.0,22.0,12.0,Yes,126.0,Active,Active,30.0,Yes,Yes,4.0,2.0,0.0,2.0,0.5,Unknown,Unknown,0.0,2.0,,Unknown,Yes,Yes,No,No,0.5416932940279123,High,10.0,4.0,Valid Claim
CLM00631,Camera,Mirrorless,Camera Body,Camera Body,NovaTech,24.0,Yes,Lens Failure,Manufacturing Defect,No,No,Not Applicable,Not Applicable,Not Applicable,Not Applicable,Not Applicable,Not Applicable,Not Applicable,Not Applicable,Yes,Yes,Yes,Yes,Yes,Yes,Not Applicable,Not Applicable,Not Applicable,Not Applicable,Not Applicable,Not Applicable,,No,0.0,Not Applicable,No,Not Applicable,Yes,Yes,Yes,No,No,1.0,2258.53,976.95,0.0,0.752,Mobile App,Firefox,40,Light,0.3161,1147.0,2.0,24.0,Yes,-51.0,Expired,Not Applicable,30.0,Yes,Yes,3.0,3.0,0.0,0.0,1.0,Yes,No,0.0,3.0,Yes,Yes,Yes,No,No,No,0.4325601165359769,Medium,8.0,6.0,Invalid Claim
CLM00632,Smartphone,Rugged Smartphone,Battery,Battery,Aster,12.0,No,Power Failure,Internal Component Failure,No,No,Yes,Not Applicable,Not Applicable,Not Applicable,Not Applicable,Not Applicable,Not Applicable,Not Applicable,No,No,No,Yes,Yes,Yes,Not Applicable,No,Not Applicable,Not Applicable,Not Applicable,Not Applicable,Not Applicable,No,0.0,Not Applicable,Yes,Yes,Yes,Yes,No,No,No,1.0,724.21,259.53,0.0,0.73,Service Center,Safari,22,System,-0.90609,564.0,5.0,12.0,Yes,-199.0,Expired,Expired,30.0,Yes,Yes,4.0,2.0,2.0,0.0,0.5,No,Yes,2.0,2.0,No,No,Yes,No,Yes,No,0.3583629057869954,Medium,11.0,3.0,Invalid Claim
CLM00633,Refrigerator,Single Door,Power,Main Unit,ZenCore,24.0,No,Power Failure,Manufacturing Defect,Not Applicable,Not Applicable,Not Applicable,Household,No,Not Applicable,Not Applicable,Not Applicable,Not Applicable,Not Applicable,,Yes,Yes,No,Yes,No,Not Applicable,Not Applicable,Not Applicable,Not Applicable,Not Applicable,Not Applicable,Not Applicable,No,0.0,Not Applicable,No,Not Applicable,Yes,No,Yes,No,Yes,0.0,876.56,171.38,0.0,0.985,Mobile App,Chrome,15,Light,1.54268,992.0,23.0,24.0,Yes,-261.0,Expired,Not Applicable,30.0,Yes,Yes,3.0,2.0,1.0,0.0,0.6666666666666666,No,No,1.0,2.0,,Yes,Yes,No,No,Not Applicable,0.1955142831066898,High,4.0,5.0,Invalid Claim
CLM00634,Television,Mini-LED,Sound,Main Unit,PrimeView,24.0,No,Audio Failure,Manufacturing Defect,No,Not Applicable,Not Applicable,Not Applicable,Not Applicable,Yes,Not Applicable,Not Applicable,Not Applicable,Not Applicable,Yes,Yes,Yes,Yes,,Yes,Not Applicable,Not Applicable,Not Applicable,Not Applicable,Not Applicable,Not Applicable,Not Applicable,No,0.0,Not Applicable,No,Not Applicable,Yes,Yes,No,No,No,0.0,2063.65,1232.4,0.0,0.858,Service Center,Edge,18,Dark,-1.05924,417.0,55.0,24.0,Yes,313.0,Active,Not Applicable,30.0,No,Yes,3.0,2.0,0.0,1.0,0.6666666666666666,Unknown,Unknown,0.0,2.0,Yes,Yes,Yes,No,No,No,0.5971942916676762,High,11.0,5.0,Invalid Claim
CLM00635,Television,LED,Sound,Main Unit,Aster,24.0,No,Audio Failure,Improper Wall Mounting,No,Not Applicable,Not Applicable,Not Applicable,Not Applicable,No,Not Applicable,Not Applicable,Not Applicable,Not Applicable,Yes,Yes,No,Yes,Yes,Yes,Not Applicable,Not Applicable,Not Applicable,Not Applicable,Not Applicable,Not Applicable,Not Applicable,No,0.0,Not Applicable,No,Not Applicable,Yes,Yes,No,No,No,0.0,2496.6,1759.2,,0.929,Web,Chrome,34,Dark,-0.78506,513.0,8.0,24.0,Yes,218.0,Active,Not Applicable,30.0,Yes,No,3.0,3.0,0.0,0.0,1.0,Yes,No,0.0,3.0,Yes,Yes,Yes,No,No,No,0.7046383080990147,High,5.0,1.0,Invalid Claim
CLM00636,Television,Mini-LED,Not Sure,Main Unit,Aster,24.0,Yes,Power Failure,Internal Component Failure,No,Not Applicable,Not Applicable,Not Applicable,Not Applicable,Unknown,Not Applicable,Not Applicable,Not Applicable,Not Applicable,Yes,Yes,Yes,Yes,No,,Not Applicable,Not Applicable,Not Applicable,Not Applicable,Not Applicable,Not Applicable,Not Applicable,No,0.0,Not Applicable,No,Not Applicable,Yes,No,No,No,No,3.0,1081.07,801.45,0.0,0.988,Web,Chrome,7,Dark,-0.66547,1260.0,1336.0,24.0,Yes,-164.0,Expired,Not Applicable,30.0,No,Yes,3.0,1.0,1.0,1.0,0.3333333333333333,No,Yes,1.0,1.0,Yes,Yes,Yes,No,No,No,0.7413488488257005,High,6.0,4.0,Invalid Claim
CLM00637,Printer,Laser,Paper Feed,Main Unit,PrimeView,12.0,No,Paper Feed Failure,Manufacturing Defect,Not Applicable,Not Applicable,Not Applicable,Not Applicable,No,Not Applicable,No,Not Applicable,Not Applicable,Original,Yes,Yes,No,Yes,Yes,Yes,Not Applicable,Not Applicable,Not Applicable,Not Applicable,Not Applicable,Yes,Not Applicable,No,0.0,Not Applicable,No,Not Applicable,Yes,Yes,No,No,No,1.0,659.58,326.34,,0.835,Web,MobileWebView,48,System,0.3019,192.0,1.0,12.0,Yes,174.0,Active,Not Applicable,30.0,Yes,Yes,4.0,4.0,0.0,0.0,1.0,Yes,No,0.0,4.0,Yes,Yes,Yes,No,No,No,0.4947693987082688,Medium,3.0,5.0,Valid Claim
CLM00638,Printer,Laser,Printing,Main Unit,HomePro,12.0,No,Mechanical Failure,Electrical Failure,Not Applicable,Not Applicable,Not Applicable,Not Applicable,Yes,Not Applicable,Unknown,Not Applicable,Not Applicable,Original,Yes,Yes,No,No,Yes,Yes,Not Applicable,Not Applicable,Not Applicable,Not Applicable,Not Applicable,Yes,Yes,Yes,1.0,Yes,No,Not Applicable,Yes,Yes,No,No,No,0.0,687.97,430.74,190.09,0.779,Web,MobileWebView,56,System,-0.79665,217.0,32.0,12.0,Yes,148.0,Active,Not Applicable,30.0,No,Yes,5.0,5.0,0.0,0.0,1.0,Yes,No,0.0,5.0,Yes,Yes,Yes,Yes,No,Unknown,0.6261028823931276,Medium,5.0,2.0,Invalid Claim
CLM00639,Refrigerator,Side-by-Side,Noise,Main Unit,HomePro,24.0,Yes,Noise,Manufacturing Defect,Not Applicable,Not Applicable,Not Applicable,Household,Yes,Not Applicable,Not Applicable,Not Applicable,Not Applicable,Not Applicable,Yes,Yes,Yes,No,No,Yes,Not Applicable,Not Applicable,Not Applicable,Not Applicable,Not Applicable,Not Applicable,Not Applicable,No,0.0,Not Applicable,No,Not Applicable,Yes,Yes,No,No,No,2.0,1567.04,1089.52,0.0,0.914,Web,MobileWebView,8,Dark,-0.85544,906.0,3.0,24.0,Yes,190.0,Active,Not Applicable,30.0,Yes,Yes,3.0,2.0,1.0,0.0,0.6666666666666666,No,Yes,1.0,2.0,Yes,Yes,Yes,No,No,Not Applicable,0.695272615887278,High,6.0,0.0,Manual Review
CLM00640,Laptop,Gaming Laptop,Device,Main Unit,NovaTech,24.0,No,Connectivity Issue,Internal Component Failure,No,No,Not Applicable,Not Applicable,Not Applicable,Not Applicable,Not Applicable,Not Applicable,Not Applicable,Not Applicable,Yes,Yes,Yes,Yes,Yes,Yes,Not Applicable,Not Applicable,Not Applicable,Not Applicable,Not Applicable,Not Applicable,,No,0.0,Not Applicable,No,Not Applicable,Yes,Yes,No,No,No,1.0,1753.68,1364.2,0.0,0.929,Mobile App,Chrome,56,System,-1.11731,587.0,1.0,24.0,Yes,143.0,Active,Not Applicable,30.0,Yes,Yes,3.0,3.0,0.0,0.0,1.0,Yes,No,0.0,3.0,Yes,Yes,Yes,No,No,No,0.777907029788787,High,2.0,3.0,Valid Claim
CLM00641,Refrigerator,Double Door,Not Sure,Main Unit,ZenCore,24.0,No,Water Leakage,Manufacturing Defect,Not Applicable,Not Applicable,Not Applicable,Household,Unknown,Not Applicable,Not Applicable,Not Applicable,Not Applicable,Not Applicable,Yes,Yes,Yes,Yes,Yes,No,Not Applicable,Not Applicable,Not Applicable,Not Applicable,Not Applicable,Not Applicable,Yes,Yes,1.0,Yes,Yes,Yes,Yes,Yes,No,No,No,1.0,1252.45,985.9,539.72,0.739,Web,MobileWebView,22,Light,-0.05316,449.0,13.0,24.0,Yes,281.0,Active,Not Applicable,30.0,Yes,Yes,4.0,3.0,1.0,0.0,0.75,No,No,1.0,3.0,Yes,Yes,Yes,Yes,Yes,Not Applicable,0.7871771328196734,Medium,1.0,6.0,Manual Review
CLM00642,Refrigerator,Side-by-Side,Other,Main Unit,ZenCore,24.0,No,Mechanical Failure,Internal Component Failure,Not Applicable,Not Applicable,Not Applicable,Household,Yes,Not Applicable,Not Applicable,Not Applicable,Not Applicable,Not Applicable,Yes,Yes,No,Yes,Yes,Yes,Not Applicable,Not Applicable,Not Applicable,Not Applicable,Not Applicable,Not Applicable,Not Applicable,No,0.0,Not Applicable,No,Not Applicable,Yes,Yes,No,No,No,0.0,685.86,116.27,0.0,0.858,Mobile App,Edge,36,System,1.25706,458.0,6.0,24.0,Yes,273.0,Active,Not Applicable,30.0,Yes,Yes,3.0,3.0,0.0,0.0,1.0,Yes,No,0.0,3.0,Yes,Yes,Yes,No,No,Not Applicable,0.1695243927332108,High,6.0,2.0,Valid Claim
CLM00643,Laptop,Gaming Laptop,Battery,Battery,ZenCore,12.0,No,Battery Problem,Internal Component Failure,No,No,Yes,Not Applicable,Not Applicable,Not Applicable,Not Applicable,Not Applicable,Not Applicable,Not Applicable,Yes,No,No,Yes,,Yes,Not Applicable,Yes,Not Applicable,Not Applicable,Not Applicable,Not Applicable,Not Applicable,No,0.0,Not Applicable,No,Not Applicable,Yes,Yes,No,No,No,0.0,2516.47,2037.8,0.0,0.578,Mobile App,MobileWebView,40,System,0.93492,221.0,17.0,12.0,Yes,144.0,Active,Active,30.0,Yes,Yes,4.0,3.0,0.0,1.0,0.75,Unknown,Unknown,0.0,3.0,Yes,Yes,Yes,No,No,No,0.8097851355271471,Low,12.0,3.0,Manual Review
CLM00644,Laptop,2-in-1,Device,Main Unit,ZenCore,24.0,Yes,Display Failure,Internal Component Failure,No,No,Not Applicable,Not Applicable,Not Applicable,Not Applicable,Not Applicable,Not Applicable,Not Applicable,Not Applicable,Yes,Yes,Yes,Yes,Yes,Yes,Not Applicable,Not Applicable,Not Applicable,Not Applicable,Not Applicable,Not Applicable,Not Applicable,No,0.0,Not Applicable,No,Not Applicable,Yes,No,No,No,No,0.0,1215.54,,0.0,0.743,Web,Firefox,0,System,-0.27052,1076.0,20.0,24.0,Yes,20.0,Nearing Expiry,Not Applicable,30.0,Yes,Yes,3.0,3.0,0.0,0.0,1.0,Yes,No,0.0,3.0,Yes,Yes,Yes,No,No,No,,Medium,7.0,5.0,Manual Review
CLM00645,Washing Machine,Top Load,Power,Main Unit,ZenCore,24.0,No,Power Failure,Accidental Damage,Not Applicable,Not Applicable,Not Applicable,Household,No,Not Applicable,No,Not Applicable,Not Applicable,Not Applicable,Yes,Yes,Yes,No,Yes,Yes,Not Applicable,Not Applicable,Not Applicable,Not Applicable,Not Applicable,Not Applicable,Yes,Yes,3.0,Yes,No,Not Applicable,Yes,Yes,No,No,No,0.0,897.74,846.27,141.34,0.794,Service Center,MobileWebView,6,Dark,-0.87684,615.0,5.0,24.0,Yes,116.0,Active,Not Applicable,30.0,Yes,No,4.0,4.0,0.0,0.0,1.0,Yes,No,0.0,4.0,Yes,Yes,Yes,Yes,No,No,0.9426671419341904,Medium,8.0,6.0,Invalid Claim
CLM00646,Air Conditioner,Portable,Outdoor Unit,Main Unit,HomePro,24.0,No,Water Leakage,Misuse,Not Applicable,Not Applicable,Not Applicable,Not Applicable,No,Not Applicable,Not Applicable,No,Outdoor Unit,Not Applicable,Yes,Yes,No,Yes,Yes,Yes,Yes,Not Applicable,Not Applicable,Not Applicable,Not Applicable,Not Applicable,Not Applicable,No,0.0,Not Applicable,No,Not Applicable,Yes,Yes,No,No,No,0.0,522.74,95.86,0.0,0.795,Web,Edge,43,System,0.43983,619.0,14.0,24.0,Yes,111.0,Active,Not Applicable,30.0,Yes,No,4.0,4.0,0.0,0.0,1.0,Yes,No,0.0,4.0,Yes,Yes,Yes,No,No,Not Applicable,0.1833798829245896,Medium,8.0,3.0,Invalid Claim
CLM00647,Camera,Compact,Camera Body,Camera Body,Aster,24.0,No,Display Failure,Electrical Failure,No,No,Not Applicable,Not Applicable,Not Applicable,Not Applicable,Not Applicable,Not Applicable,Not Applicable,Not Applicable,No,No,Yes,Yes,Yes,Yes,Not Applicable,Not Applicable,Not Applicable,Not Applicable,Not Applicable,Not Applicable,Not Applicable,No,0.0,Not Applicable,No,Not Applicable,Unknown,Yes,No,No,No,1.0,1002.31,880.17,0.0,0.813,Web,Edge,36,Light,-2.49818,711.0,6.0,24.0,Yes,20.0,Nearing Expiry,Not Applicable,30.0,Yes,Yes,3.0,3.0,0.0,0.0,1.0,Yes,No,0.0,3.0,No,Yes,Unknown,No,No,No,0.8781414931508216,Medium,5.0,2.0,Manual Review
CLM00648,Washing Machine,Front Load,Water Leakage,Main Unit,PrimeView,24.0,No,Water Leakage,Physical Damage,Not Applicable,Not Applicable,Not Applicable,Household,No,Not Applicable,No,Not Applicable,Not Applicable,Not Applicable,Yes,Yes,Yes,,Yes,No,Not Applicable,Not Applicable,Not Applicable,Not Applicable,Not Applicable,Not Applicable,Not Applicable,No,0.0,Not Applicable,No,Not Applicable,Yes,Yes,No,No,No,1.0,1316.36,174.89,0.0,0.832,Web,Safari,20,Light,-0.04405,854.0,17.0,24.0,Yes,-124.0,Expired,Not Applicable,30.0,Yes,No,3.0,2.0,1.0,0.0,0.6666666666666666,No,No,1.0,2.0,Yes,Yes,Yes,No,No,No,0.1328587924276034,Medium,8.0,0.0,Invalid Claim
CLM00649,Refrigerator,Double Door,Power,Compressor,HomePro,120.0,No,Power Failure,Electrical Failure,Not Applicable,Not Applicable,Not Applicable,Household,No,Not Applicable,Not Applicable,Not Applicable,Not Applicable,Not Applicable,Yes,Yes,Yes,No,Yes,Yes,Not Applicable,Not Applicable,Not Applicable,Yes,Not Applicable,Not Applicable,Yes,Yes,2.0,Unknown,No,Not Applicable,Yes,Yes,No,No,No,1.0,1345.79,778.99,307.1,0.971,Web,Firefox,43,Dark,1.23074,3424.0,11.0,120.0,Yes,228.0,Active,Active,30.0,Yes,Yes,5.0,5.0,0.0,0.0,1.0,Yes,No,0.0,5.0,Yes,Yes,Yes,Yes,No,Not Applicable,0.5788347364744871,High,8.0,3.0,Manual Review
CLM00650,Television,LED,Power,Main Unit,HomePro,24.0,No,Power Failure,Accidental Damage,Yes,Not Applicable,Not Applicable,Not Applicable,Not Applicable,Yes,Not Applicable,Not Applicable,Not Applicable,Not Applicable,Yes,Yes,Yes,Yes,,Yes,Not Applicable,Not Applicable,Not Applicable,Not Applicable,Not Applicable,Not Applicable,Not Applicable,No,0.0,Not Applicable,No,Not Applicable,Yes,Yes,No,No,No,0.0,2666.94,1006.07,0.0,0.96,Mobile App,Edge,7,System,-0.38284,583.0,19.0,24.0,Yes,148.0,Active,Not Applicable,30.0,Yes,No,3.0,2.0,0.0,1.0,0.6666666666666666,Unknown,Unknown,0.0,2.0,Yes,Yes,Yes,No,No,Yes,0.3772375831477274,High,7.0,4.0,Invalid Claim
CLM00651,Printer,Thermal,Connection,Main Unit,HomePro,12.0,Yes,Connectivity Issue,Electrical Failure,Not Applicable,Not Applicable,Not Applicable,Not Applicable,No,Not Applicable,No,Not Applicable,Not Applicable,Original,Yes,No,No,No,Yes,No,Not Applicable,Not Applicable,Not Applicable,Not Applicable,Not Applicable,Yes,Not Applicable,No,0.0,Not Applicable,No,Not Applicable,Yes,Yes,No,Yes,No,0.0,289.64,157.54,0.0,0.793,Web,Chrome,39,Light,-0.79136,602.0,11.0,12.0,Yes,129.0,Active,Not Applicable,30.0,Yes,Yes,4.0,3.0,1.0,0.0,0.75,No,No,1.0,3.0,Yes,Yes,Yes,No,No,No,0.5439165861068913,Medium,2.0,0.0,Manual Review
CLM00652,Television,OLED,Picture,Main Unit,HomePro,24.0,No,Display Failure,Internal Component Failure,No,Not Applicable,Not Applicable,Not Applicable,Not Applicable,Yes,Not Applicable,Not Applicable,Not Applicable,Not Applicable,No,Yes,Yes,Yes,Yes,Yes,Not Applicable,Not Applicable,Not Applicable,Not Applicable,Not Applicable,Not Applicable,Yes,Yes,1.0,Unknown,No,Not Applicable,No,Yes,No,No,No,0.0,755.62,527.42,324.38,,Web,Firefox,48,System,-0.55151,587.0,28.0,24.0,Yes,144.0,Active,Not Applicable,30.0,Yes,Yes,4.0,4.0,0.0,0.0,1.0,Yes,No,0.0,4.0,No,Yes,No,Yes,No,No,0.6979963473703713,Unknown,7.0,2.0,Invalid Claim
CLM00653,Air Conditioner,Split,Outdoor Unit,Main Unit,Aster,24.0,No,Noise,Electrical Failure,Not Applicable,Not Applicable,Not Applicable,Not Applicable,Yes,Not Applicable,Not Applicable,No,Outdoor Unit,Not Applicable,Yes,Yes,Yes,Yes,Yes,Yes,Yes,Not Applicable,Not Applicable,Not Applicable,Not Applicable,Not Applicable,Not Applicable,No,0.0,Not Applicable,No,Not Applicable,Yes,Yes,No,No,No,3.0,615.21,212.69,0.0,0.759,Web,Chrome,39,Light,-0.52354,709.0,2.0,24.0,Yes,22.0,Nearing Expiry,Not Applicable,30.0,Yes,Yes,4.0,4.0,0.0,0.0,1.0,Yes,No,0.0,4.0,Yes,Yes,Yes,No,No,Not Applicable,0.3457193478649566,Medium,12.0,6.0,Valid Claim
CLM00654,Printer,Inkjet,Printing,Main Unit,HomePro,12.0,No,Mechanical Failure,Internal Component Failure,Not Applicable,Not Applicable,Not Applicable,Not Applicable,Yes,Not Applicable,No,Not Applicable,Not Applicable,Original,Yes,Yes,Yes,Yes,Yes,Yes,Not Applicable,Not Applicable,Not Applicable,Not Applicable,Not Applicable,Yes,Yes,Yes,2.0,Yes,No,Not Applicable,Yes,Yes,No,No,No,1.0,181.35,76.12,210.3,0.847,Web,Safari,47,System,0.55942,166.0,25.0,12.0,Yes,199.0,Active,Not Applicable,30.0,Yes,Yes,5.0,5.0,0.0,0.0,1.0,Yes,No,0.0,5.0,Yes,Yes,Yes,Yes,No,No,0.4197408326440585,Medium,4.0,2.0,Valid Claim
CLM00655,Camera,DSLR,Not Sure,Camera Body,PrimeView,24.0,No,Power Failure,Electrical Failure,No,No,Not Applicable,Not Applicable,Not Applicable,Not Applicable,Not Applicable,Not Applicable,Not Applicable,Not Applicable,Yes,,Yes,Yes,Yes,Yes,Not Applicable,Not Applicable,Not Applicable,Not Applicable,Not Applicable,Not Applicable,Not Applicable,No,0.0,Not Applicable,No,Not Applicable,Unknown,Yes,No,No,No,0.0,1145.17,584.48,0.0,0.85,Email,MobileWebView,8,Light,-0.53129,480.0,22.0,24.0,Yes,251.0,Active,Not Applicable,30.0,Yes,Yes,3.0,3.0,0.0,0.0,1.0,Yes,No,0.0,3.0,Yes,Yes,Unknown,No,No,No,0.5103871040980815,High,12.0,2.0,Manual Review
CLM00656,Laptop,2-in-1,Device,Main Unit,NovaTech,24.0,Yes,Overheating,Manufacturing Defect,No,No,Not Applicable,Not Applicable,Not Applicable,Not Applicable,Not Applicable,Not Applicable,Not Applicable,Not Applicable,Yes,Yes,Yes,Yes,Yes,Yes,Not Applicable,Not Applicable,Not Applicable,Not Applicable,Not Applicable,Not Applicable,Not Applicable,No,0.0,Not Applicable,No,Not Applicable,Yes,Yes,No,No,No,1.0,2348.55,2107.47,0.0,0.868,Web,Chrome,30,Dark,-0.87682,747.0,10.0,24.0,Yes,349.0,Active,Not Applicable,30.0,Yes,Yes,3.0,3.0,0.0,0.0,1.0,Yes,No,0.0,3.0,Yes,Yes,Yes,No,No,No,0.8973494283706966,High,3.0,4.0,Valid Claim
CLM00657,Camera,Compact,Lens,Lens,Aster,24.0,No,Lens Failure,Physical Damage,Yes,No,Not Applicable,Not Applicable,Not Applicable,Not Applicable,Not Applicable,Not Applicable,Not Applicable,Not Applicable,Yes,Yes,No,Yes,No,Yes,Not Applicable,Not Applicable,Not Applicable,Not Applicable,Yes,Not Applicable,No,Yes,2.0,Unknown,Yes,Yes,Yes,Yes,No,No,No,0.0,1130.66,807.68,443.98,0.96,Service Center,Safari,49,System,-0.46243,425.0,22.0,24.0,Yes,306.0,Active,Active,30.0,Yes,No,5.0,3.0,2.0,0.0,0.6,No,Yes,2.0,3.0,Yes,Yes,Yes,Yes,Yes,Yes,0.7143438345744962,High,7.0,6.0,Invalid Claim
CLM00658,Laptop,Gaming Laptop,Battery,Battery,Aster,12.0,No,Display Failure,Electrical Failure,No,No,Yes,Not Applicable,Not Applicable,Not Applicable,Not Applicable,Not Applicable,Not Applicable,Not Applicable,Yes,Yes,Yes,Yes,Yes,Yes,Not Applicable,No,Not Applicable,Not Applicable,Not Applicable,Not Applicable,Yes,Yes,1.0,Yes,Yes,Yes,Yes,Yes,No,No,No,1.0,1202.99,907.46,222.31,0.757,Web,Chrome,8,Dark,-0.38047,449.0,14.0,12.0,Yes,-84.0,Expired,Expired,30.0,Yes,Yes,5.0,4.0,1.0,0.0,0.8,No,No,1.0,4.0,Yes,Yes,Yes,Yes,Yes,No,0.7543371100341649,Medium,1.0,4.0,Invalid Claim
CLM00659,Television,Mini-LED,Power,Main Unit,HomePro,24.0,No,Power Failure,Internal Component Failure,Unknown,Not Applicable,Not Applicable,Not Applicable,Not Applicable,No,Not Applicable,Not Applicable,Not Applicable,Not Applicable,,Yes,Yes,Yes,Yes,Yes,Not Applicable,Not Applicable,Not Applicable,Not Applicable,Not Applicable,Not Applicable,Not Applicable,No,0.0,Not Applicable,No,Not Applicable,Yes,Yes,No,Yes,No,0.0,2108.85,1854.78,0.0,0.726,Service Center,Edge,57,Dark,-0.70592,913.0,8.0,24.0,Yes,-182.0,Expired,Not Applicable,30.0,Yes,Yes,3.0,3.0,0.0,0.0,1.0,Yes,No,0.0,3.0,,Yes,Yes,No,No,Unknown,0.8795220143680205,Medium,11.0,5.0,Invalid Claim
CLM00660,Smartphone,Standard Smartphone,Phone,Main Unit,PrimeView,12.0,No,Connectivity Issue,Internal Component Failure,No,Unknown,Not Applicable,Not Applicable,Not Applicable,Not Applicable,Not Applicable,Not Applicable,Not Applicable,Not Applicable,Yes,Yes,No,Yes,Yes,,Not Applicable,Not Applicable,Not Applicable,Not Applicable,Not Applicable,Not Applicable,Not Applicable,No,0.0,Not Applicable,Yes,Yes,Yes,Yes,No,No,No,0.0,991.95,916.72,0.0,0.956,Mobile App,Safari,24,Dark,-2.98096,271.0,32.0,12.0,Yes,95.0,Active,Not Applicable,30.0,No,Yes,3.0,2.0,0.0,1.0,0.6666666666666666,Unknown,No,0.0,2.0,Yes,Yes,Yes,No,Yes,Unknown,0.9241594838449518,High,9.0,4.0,Invalid Claim
CLM00661,Camera,Mirrorless,Camera Body,Camera Body,NovaTech,24.0,No,Power Failure,Internal Component Failure,No,No,Not Applicable,Not Applicable,Not Applicable,Not Applicable,Not Applicable,Not Applicable,Not Applicable,Not Applicable,Yes,Yes,Yes,No,Yes,Yes,Not Applicable,Not Applicable,Not Applicable,Not Applicable,Not Applicable,Not Applicable,Not Applicable,No,0.0,Not Applicable,No,Not Applicable,Yes,Yes,No,No,No,1.0,2276.67,432.75,0.0,0.914,Service Center,Edge,51,Dark,-0.96695,440.0,5.0,24.0,Yes,291.0,Active,Not Applicable,30.0,Yes,Yes,3.0,3.0,0.0,0.0,1.0,Yes,No,0.0,3.0,Yes,Yes,Yes,No,No,No,0.1900802487844088,High,2.0,3.0,Valid Claim
CLM00662,Washing Machine,Washer Dryer,Spinning,Main Unit,PrimeView,24.0,No,Mechanical Failure,Misuse,Not Applicable,Not Applicable,Not Applicable,Household,Yes,Not Applicable,No,Not Applicable,Not Applicable,Not Applicable,Yes,Yes,Yes,Yes,Yes,Yes,Not Applicable,Not Applicable,Not Applicable,Not Applicable,Not Applicable,Not Applicable,No,Yes,3.0,Yes,No,Not Applicable,Yes,Yes,No,No,No,0.0,1609.2,136.77,247.68,0.764,Web,Edge,9,System,-1.03065,475.0,28.0,24.0,Yes,256.0,Active,Not Applicable,30.0,Yes,No,4.0,3.0,1.0,0.0,0.75,No,No,1.0,3.0,Yes,Yes,Yes,Yes,No,No,0.0849925428784489,Medium,2.0,0.0,Invalid Claim
CLM00663,Camera,DSLR,Camera Body,Camera Body,PrimeView,24.0,No,Battery Problem,Manufacturing Defect,No,Unknown,No,Not Applicable,Not Applicable,Not Applicable,Not Applicable,Not Applicable,Not Applicable,Not Applicable,Yes,,No,Yes,Yes,Yes,Not Applicable,Not Applicable,Not Applicable,Not Applicable,Not Applicable,Not Applicable,Not Applicable,No,0.0,Not Applicable,Yes,Yes,Yes,Yes,No,No,No,2.0,1647.61,414.06,0.0,0.933,Email,Chrome,55,Dark,-0.47973,699.0,13.0,24.0,Yes,31.0,Active,Not Applicable,30.0,Yes,Yes,3.0,3.0,0.0,0.0,1.0,Yes,No,0.0,3.0,Yes,Yes,Yes,No,Yes,Unknown,0.2513094725086641,High,8.0,5.0,Valid Claim
CLM00664,Smartphone,Foldable Smartphone,Phone,Main Unit,PrimeView,12.0,No,Display Failure,Physical Damage,Yes,No,Not Applicable,Not Applicable,Not Applicable,Not Applicable,Not Applicable,Not Applicable,Not Applicable,Not Applicable,Yes,Yes,Yes,Yes,Yes,Yes,Not Applicable,Not Applicable,Not Applicable,Not Applicable,Not Applicable,Not Applicable,Not Applicable,No,0.0,Not Applicable,No,Not Applicable,Yes,Yes,No,No,No,1.0,1306.26,244.62,0.0,0.822,Mobile App,Chrome,30,Dark,1.68203,188.0,5.0,12.0,Yes,177.0,Active,Not Applicable,30.0,Yes,No,3.0,3.0,0.0,0.0,1.0,Yes,No,0.0,3.0,Yes,Yes,Yes,No,No,Yes,0.1872674658949979,Medium,5.0,4.0,Invalid Claim
CLM00665,Smartphone,Rugged Smartphone,Phone,Main Unit,NovaTech,12.0,Yes,Power Failure,Misuse,No,No,Not Applicable,Not Applicable,Not Applicable,Not Applicable,Not Applicable,Not Applicable,Not Applicable,Not Applicable,No,,Yes,,Yes,Yes,Not Applicable,Not Applicable,Not Applicable,Not Applicable,Not Applicable,Not Applicable,Yes,Yes,2.0,Yes,No,Not Applicable,Yes,Yes,No,Yes,No,2.0,1757.77,1279.9,507.11,0.834,Web,MobileWebView,40,System,0.78595,711.0,17.0,12.0,Yes,19.0,Nearing Expiry,Not Applicable,30.0,Yes,No,4.0,4.0,0.0,0.0,1.0,Yes,No,0.0,4.0,No,Yes,Yes,Yes,No,No,0.72813849365958,Medium,4.0,4.0,Invalid Claim
CLM00666,Television,Mini-LED,Picture,Main Unit,Aster,24.0,Yes,Display Failure,Internal Component Failure,No,Not Applicable,Not Applicable,Not Applicable,Not Applicable,No,Not Applicable,Not Applicable,Not Applicable,Not Applicable,Yes,Yes,Yes,Yes,Yes,Yes,Not Applicable,Not Applicable,Not Applicable,Not Applicable,Not Applicable,Not Applicable,Not Applicable,No,0.0,Not Applicable,No,Not Applicable,No,Yes,No,No,No,3.0,1256.55,993.51,0.0,0.902,Service Center,Chrome,27,Dark,0.75665,1236.0,11.0,24.0,Yes,-141.0,Expired,Not Applicable,30.0,Yes,Yes,3.0,3.0,0.0,0.0,1.0,Yes,No,0.0,3.0,Yes,Yes,No,No,No,No,0.7906649158409932,High,7.0,1.0,Invalid Claim
CLM00667,Television,LED,Remote Control,Remote Control,PrimeView,6.0,No,Audio Failure,Manufacturing Defect,Yes,Not Applicable,Not Applicable,Not Applicable,Not Applicable,Yes,Not Applicable,Not Applicable,Not Applicable,Not Applicable,No,Yes,Yes,Yes,Yes,,Not Applicable,Not Applicable,Not Applicable,Not Applicable,Not Applicable,Not Applicable,No,Yes,2.0,Yes,No,Not Applicable,Yes,Yes,No,No,No,0.0,810.39,575.04,431.6,,Service Center,Edge,13,Light,0.95439,109.0,13.0,6.0,Yes,74.0,Active,Active,30.0,Yes,Yes,4.0,2.0,1.0,1.0,0.5,No,No,1.0,2.0,No,Yes,Yes,Yes,No,Yes,0.7095842742383297,Unknown,8.0,6.0,Manual Review
CLM00668,Smartphone,Rugged Smartphone,Phone,Main Unit,NovaTech,12.0,No,Overheating,Manufacturing Defect,No,No,Not Applicable,Not Applicable,Not Applicable,Not Applicable,Not Applicable,Not Applicable,Not Applicable,Not Applicable,Yes,Yes,Yes,Yes,Yes,Yes,Not Applicable,Not Applicable,Not Applicable,Not Applicable,Not Applicable,Not Applicable,Yes,Yes,1.0,Yes,Yes,Yes,No,Yes,No,No,No,0.0,1581.46,284.24,47.72,0.821,Mobile App,Safari,52,System,1.57192,296.0,18.0,12.0,Yes,70.0,Active,Not Applicable,30.0,Yes,Yes,4.0,4.0,0.0,0.0,1.0,Yes,No,0.0,4.0,Yes,Yes,No,Yes,Yes,No,0.1797326521062815,Medium,9.0,5.0,Invalid Claim
CLM00669,Washing Machine,Top Load,Water Leakage,Main Unit,HomePro,24.0,No,Water Leakage,Overloading,Not Applicable,Not Applicable,Not Applicable,Household,No,Not Applicable,Yes,Not Applicable,Not Applicable,Not Applicable,Yes,,No,Yes,Yes,Yes,Not Applicable,Not Applicable,Not Applicable,Not Applicable,Not Applicable,Not Applicable,Not Applicable,No,0.0,Not Applicable,No,Not Applicable,Yes,Yes,No,No,No,0.0,1375.98,294.78,0.0,0.922,Email,Edge,14,Dark,-0.68598,577.0,19.0,24.0,Yes,153.0,Active,Not Applicable,30.0,Yes,No,3.0,3.0,0.0,0.0,1.0,Yes,No,0.0,3.0,Yes,Yes,Yes,No,No,Yes,0.2142327650111193,High,7.0,3.0,Invalid Claim
CLM00670,Air Conditioner,Split,Outdoor Unit,Compressor,ZenCore,60.0,No,Noise,Manufacturing Defect,Not Applicable,Not Applicable,Not Applicable,Not Applicable,No,Not Applicable,Not Applicable,Unknown,Outdoor Unit,Not Applicable,Yes,Yes,Yes,Yes,,Yes,Yes,Not Applicable,Not Applicable,Yes,Not Applicable,Not Applicable,No,Yes,1.0,Unknown,No,Not Applicable,Yes,Yes,No,No,No,1.0,489.72,235.18,478.16,0.869,Mobile App,MobileWebView,55,Dark,-0.00615,1485.0,2.0,60.0,Yes,341.0,Active,Active,30.0,Yes,Yes,6.0,4.0,1.0,1.0,0.6666666666666666,No,Unknown,1.0,4.0,Yes,Yes,Yes,Yes,No,Not Applicable,0.4802336028751123,High,9.0,1.0,Manual Review
CLM00671,Air Conditioner,Portable,Outdoor Unit,Main Unit,ZenCore,24.0,No,Water Leakage,Electrical Failure,Not Applicable,Not Applicable,Not Applicable,Not Applicable,Unknown,Not Applicable,Not Applicable,No,Outdoor Unit,Not Applicable,Yes,Yes,No,Yes,No,Yes,Yes,Not Applicable,Not Applicable,Not Applicable,Not Applicable,Not Applicable,Not Applicable,No,0.0,Not Applicable,No,Not Applicable,Yes,Yes,No,No,No,0.0,1985.86,1389.63,0.0,0.883,Web,Chrome,57,Light,0.19454,777.0,6.0,24.0,Yes,-46.0,Expired,Not Applicable,30.0,Yes,Yes,4.0,3.0,1.0,0.0,0.75,No,Yes,1.0,3.0,Yes,Yes,Yes,No,No,Not Applicable,0.699762319599569,High,5.0,1.0,Invalid Claim
CLM00672,Camera,Compact,Camera Body,Camera Body,NovaTech,24.0,No,Power Failure,Electrical Failure,No,No,Not Applicable,Not Applicable,Not Applicable,Not Applicable,Not Applicable,Not Applicable,Not Applicable,Not Applicable,Yes,Yes,Yes,Yes,Yes,Yes,Not Applicable,Not Applicable,Not Applicable,Not Applicable,Not Applicable,Not Applicable,Yes,Yes,1.0,Yes,No,Not Applicable,Yes,Yes,No,No,No,0.0,2207.27,901.73,,0.956,Service Center,Edge,35,System,1.63229,691.0,11.0,24.0,Yes,39.0,Active,Not Applicable,30.0,Yes,Yes,4.0,4.0,0.0,0.0,1.0,Yes,No,0.0,4.0,Yes,Yes,Yes,Yes,No,No,0.4085272757750524,High,9.0,4.0,Valid Claim
CLM00673,Air Conditioner,Portable,Indoor Unit,Main Unit,Aster,24.0,No,Cooling Failure,Improper Voltage Supply,Not Applicable,Not Applicable,Not Applicable,Not Applicable,No,Not Applicable,Not Applicable,No,Indoor Unit,Not Applicable,No,Yes,Yes,Yes,Yes,Yes,Yes,Not Applicable,Not Applicable,Not Applicable,Not Applicable,Not Applicable,Yes,Yes,1.0,Yes,No,Not Applicable,Yes,Yes,No,No,No,0.0,2527.85,1296.96,260.33,0.746,Mobile App,Firefox,38,System,-0.36902,980.0,5.0,24.0,Yes,-250.0,Expired,Not Applicable,30.0,Yes,No,5.0,5.0,0.0,0.0,1.0,Yes,No,0.0,5.0,No,Yes,Yes,Yes,No,Not Applicable,0.5130684178254248,Medium,2.0,3.0,Invalid Claim
CLM00674,Washing Machine,Washer Dryer,Washing,Main Unit,ZenCore,24.0,No,Mechanical Failure,Overloading,Not Applicable,Not Applicable,Not Applicable,Household,No,Not Applicable,No,Not Applicable,Not Applicable,Not Applicable,Yes,Yes,No,Yes,Yes,,Not Applicable,Not Applicable,Not Applicable,Not Applicable,Not Applicable,Not Applicable,Not Applicable,No,0.0,Not Applicable,No,Not Applicable,Yes,Yes,No,No,No,1.0,1377.55,456.46,0.0,0.808,Web,MobileWebView,2,Dark,-0.05088,1081.0,8.0,24.0,Yes,-350.0,Expired,Not Applicable,30.0,Yes,No,3.0,2.0,0.0,1.0,0.6666666666666666,Unknown,No,0.0,2.0,Yes,Yes,Yes,No,No,No,0.3313563935973286,Medium,3.0,3.0,Invalid Claim
CLM00675,Washing Machine,Washer Dryer,Power,Main Unit,ZenCore,24.0,No,Power Failure,Electrical Failure,Not Applicable,Not Applicable,Not Applicable,Household,Unknown,Not Applicable,No,Not Applicable,Not Applicable,Not Applicable,,Yes,No,Yes,,Yes,Not Applicable,Not Applicable,Not Applicable,Not Applicable,Not Applicable,Not Applicable,Not Applicable,No,0.0,Not Applicable,No,Not Applicable,Yes,Yes,No,No,No,0.0,1325.32,148.6,0.0,0.908,Mobile App,Firefox,16,Light,0.5205,564.0,4.0,24.0,Yes,167.0,Active,Not Applicable,30.0,Yes,Yes,3.0,2.0,0.0,1.0,0.6666666666666666,Unknown,Unknown,0.0,2.0,,Yes,Yes,No,No,No,0.1121238644251954,High,9.0,3.0,Valid Claim
CLM00676,Air Conditioner,Portable,Indoor Unit,Main Unit,ZenCore,24.0,No,Power Failure,Normal Wear,Not Applicable,Not Applicable,Not Applicable,Not Applicable,Yes,Not Applicable,Not Applicable,No,Indoor Unit,Not Applicable,Yes,Yes,Yes,Yes,Yes,Yes,No,Not Applicable,Not Applicable,Not Applicable,Not Applicable,Not Applicable,No,Yes,2.0,Unknown,No,Not Applicable,Yes,Yes,No,No,No,0.0,2781.49,1350.51,,0.811,Mobile App,Safari,45,Light,-0.58487,708.0,9.0,24.0,Yes,22.0,Nearing Expiry,Not Applicable,30.0,Yes,No,5.0,3.0,2.0,0.0,0.6,No,Yes,2.0,3.0,Yes,Yes,Yes,Yes,No,Not Applicable,0.4855347313849771,Medium,1.0,2.0,Invalid Claim
CLM00677,Refrigerator,Double Door,Cooling,Main Unit,ZenCore,24.0,No,Cooling Failure,Water Damage,Not Applicable,Not Applicable,Not Applicable,Household,No,Not Applicable,Not Applicable,Not Applicable,Not Applicable,Not Applicable,Yes,Yes,No,Yes,Yes,Yes,Not Applicable,Not Applicable,Not Applicable,Not Applicable,Not Applicable,Not Applicable,Not Applicable,No,0.0,Not Applicable,No,Not Applicable,No,No,No,No,No,1.0,2492.03,1883.75,0.0,0.803,Web,MobileWebView,24,Light,-0.96978,720.0,15.0,24.0,Yes,11.0,Nearing Expiry,Not Applicable,30.0,Yes,No,3.0,3.0,0.0,0.0,1.0,Yes,No,0.0,3.0,Yes,Yes,No,No,No,Not Applicable,0.7559098405717427,Medium,2.0,3.0,Invalid Claim
CLM00678,Printer,Thermal,Printing,Main Unit,PrimeView,12.0,No,Mechanical Failure,Unsupported Consumable,Not Applicable,Not Applicable,Not Applicable,Not Applicable,No,Not Applicable,No,Not Applicable,Not Applicable,Original,,Yes,Yes,Yes,Yes,Yes,Not Applicable,Not Applicable,Not Applicable,Not Applicable,Not Applicable,Yes,Not Applicable,No,0.0,Not Applicable,No,Not Applicable,Yes,Yes,No,No,No,0.0,947.41,783.22,0.0,0.727,Mobile App,MobileWebView,2,Light,-1.41102,117.0,33.0,12.0,Yes,248.0,Active,Not Applicable,30.0,No,No,4.0,4.0,0.0,0.0,1.0,Yes,No,0.0,4.0,,Yes,Yes,No,No,No,0.8266959394559906,Medium,8.0,6.0,Invalid Claim
CLM00679,Refrigerator,Single Door,Not Sure,Main Unit,ZenCore,24.0,Yes,Noise,Manufacturing Defect,Not Applicable,Not Applicable,Not Applicable,Household,No,Not Applicable,Not Applicable,Not Applicable,Not Applicable,Not Applicable,Yes,Yes,No,Yes,Yes,,Not Applicable,Not Applicable,Not Applicable,Not Applicable,Not Applicable,Not Applicable,,No,0.0,Not Applicable,No,Not Applicable,Unknown,Yes,No,No,No,1.0,1223.87,,0.0,0.977,Email,Edge,47,Light,1.16954,1335.0,4.0,24.0,Yes,-239.0,Expired,Not Applicable,30.0,Yes,Yes,3.0,2.0,0.0,1.0,0.6666666666666666,Unknown,No,0.0,2.0,Yes,Yes,Unknown,No,No,Not Applicable,,High,6.0,6.0,Invalid Claim
CLM00680,Printer,Laser,Paper Feed,Main Unit,NovaTech,12.0,No,Paper Feed Failure,Manufacturing Defect,Not Applicable,Not Applicable,Not Applicable,Not Applicable,No,Not Applicable,No,Not Applicable,Not Applicable,Original,Yes,No,Yes,Yes,Yes,Yes,Not Applicable,Not Applicable,Not Applicable,Not Applicable,Not Applicable,Yes,Not Applicable,No,0.0,Not Applicable,No,Not Applicable,Yes,Yes,No,Yes,No,2.0,197.67,64.34,0.0,0.773,Mobile App,Chrome,57,System,0.57258,353.0,1.0,12.0,Yes,12.0,Nearing Expiry,Not Applicable,30.0,Yes,Yes,4.0,4.0,0.0,0.0,1.0,Yes,No,0.0,4.0,Yes,Yes,Yes,No,No,No,0.3254919815854707,Medium,7.0,4.0,Valid Claim
CLM00681,Air Conditioner,Portable,Outdoor Unit,Compressor,HomePro,60.0,No,Water Leakage,Manufacturing Defect,Not Applicable,Not Applicable,Not Applicable,Not Applicable,No,Not Applicable,Not Applicable,No,Outdoor Unit,Not Applicable,Yes,Yes,No,Yes,Yes,No,Yes,Not Applicable,Not Applicable,Yes,Not Applicable,Not Applicable,Not Applicable,No,0.0,Not Applicable,No,Not Applicable,No,No,No,No,No,2.0,1763.74,1550.52,0.0,0.926,Email,Chrome,28,System,-0.47041,1497.0,9.0,60.0,Yes,330.0,Active,Active,30.0,Yes,Yes,5.0,4.0,1.0,0.0,0.8,No,No,1.0,4.0,Yes,Yes,No,No,No,Not Applicable,0.8791091657500538,High,1.0,0.0,Invalid Claim
CLM00682,Air Conditioner,Window,Indoor Unit,Main Unit,Aster,24.0,Yes,Noise,Improper Installation,Not Applicable,Not Applicable,Not Applicable,Not Applicable,Yes,Not Applicable,Not Applicable,No,Indoor Unit,Not Applicable,Yes,Yes,Yes,Yes,Yes,No,Yes,Not Applicable,Not Applicable,Not Applicable,Not Applicable,Not Applicable,,No,0.0,Not Applicable,No,Not Applicable,Yes,Yes,No,No,No,3.0,1740.51,287.57,0.0,0.901,Mobile App,Safari,17,Dark,-0.02387,834.0,9.0,24.0,Yes,262.0,Active,Not Applicable,30.0,Yes,No,4.0,3.0,1.0,0.0,0.75,No,No,1.0,3.0,Yes,Yes,Yes,No,No,Not Applicable,0.1652216878960764,High,7.0,0.0,Invalid Claim
CLM00683,Television,Mini-LED,Sound,Main Unit,PrimeView,24.0,No,Audio Failure,Manufacturing Defect,No,Not Applicable,Not Applicable,Not Applicable,Not Applicable,Yes,Not Applicable,Not Applicable,Not Applicable,Not Applicable,Yes,Yes,No,Yes,Yes,Yes,Not Applicable,Not Applicable,Not Applicable,Not Applicable,Not Applicable,Not Applicable,Not Applicable,No,0.0,Not Applicable,No,Not Applicable,Yes,Yes,No,No,No,0.0,459.88,230.51,0.0,0.75,Service Center,Edge,36,Dark,-2.08901,526.0,31.0,24.0,Yes,205.0,Active,Not Applicable,30.0,No,Yes,3.0,3.0,0.0,0.0,1.0,Yes,No,0.0,3.0,Yes,Yes,Yes,No,No,No,0.5012394537705488,Medium,7.0,6.0,Invalid Claim
CLM00684,Refrigerator,French Door,Other,Compressor,ZenCore,120.0,No,Mechanical Failure,Electrical Failure,Not Applicable,Not Applicable,Not Applicable,Household,Unknown,Not Applicable,Not Applicable,Not Applicable,Not Applicable,Not Applicable,Yes,Yes,No,Yes,Yes,Yes,Not Applicable,Not Applicable,Not Applicable,Yes,Not Applicable,Not Applicable,,No,0.0,Not Applicable,No,Not Applicable,Yes,Yes,No,No,No,0.0,2673.12,1596.2,0.0,0.723,Web,Chrome,7,Light,-0.11977,3569.0,17.0,120.0,Yes,83.0,Active,Active,30.0,Yes,Yes,4.0,4.0,0.0,0.0,1.0,Yes,No,0.0,4.0,Yes,Yes,Yes,No,No,Not Applicable,0.5971299455318131,Medium,8.0,2.0,Valid Claim
CLM00685,Printer,Thermal,Connection,Main Unit,HomePro,12.0,Yes,Connectivity Issue,Normal Wear,Not Applicable,Not Applicable,Not Applicable,Not Applicable,No,Not Applicable,Yes,Not Applicable,Not Applicable,Original,Yes,Yes,No,Yes,Yes,Yes,Not Applicable,Not Applicable,Not Applicable,Not Applicable,Not Applicable,Yes,Yes,Yes,1.0,Yes,No,Not Applicable,Yes,Yes,No,No,No,0.0,419.2,208.1,44.13,,Web,Chrome,22,System,-1.39053,719.0,15.0,12.0,Yes,11.0,Nearing Expiry,Not Applicable,30.0,Yes,No,5.0,5.0,0.0,0.0,1.0,Yes,No,0.0,5.0,Yes,Yes,Yes,Yes,No,Yes,0.4964217557251908,Unknown,6.0,0.0,Invalid Claim
CLM00686,Smartphone,Foldable Smartphone,Phone,Main Unit,PrimeView,12.0,No,Battery Problem,Internal Component Failure,No,No,Yes,Not Applicable,Not Applicable,Not Applicable,Not Applicable,Not Applicable,Not Applicable,Not Applicable,Yes,Yes,Yes,Yes,,Yes,Not Applicable,Not Applicable,Not Applicable,Not Applicable,Not Applicable,Not Applicable,Yes,Yes,1.0,Yes,No,Not Applicable,Yes,Yes,No,No,No,3.0,761.13,200.24,138.93,0.91,Mobile App,Safari,17,System,0.68001,363.0,1.0,12.0,Yes,2.0,Nearing Expiry,Not Applicable,30.0,Yes,Yes,4.0,3.0,0.0,1.0,0.75,Unknown,Unknown,0.0,3.0,Yes,Yes,Yes,Yes,No,No,0.263082522039599,High,4.0,1.0,Valid Claim
CLM00687,Air Conditioner,Cassette,Indoor Unit,Main Unit,ZenCore,24.0,No,Power Failure,Misuse,Not Applicable,Not Applicable,Not Applicable,Not Applicable,Yes,Not Applicable,Not Applicable,No,Indoor Unit,Not Applicable,Yes,Yes,Yes,Yes,Yes,Yes,Yes,Not Applicable,Not Applicable,Not Applicable,Not Applicable,Not Applicable,Yes,Yes,3.0,Yes,No,Not Applicable,Yes,Yes,No,No,No,0.0,1237.51,448.34,400.31,0.993,Service Center,Chrome,44,Light,0.18296,712.0,15.0,24.0,Yes,19.0,Nearing Expiry,Not Applicable,30.0,Yes,No,5.0,5.0,0.0,0.0,1.0,Yes,No,0.0,5.0,Yes,Yes,Yes,Yes,No,Not Applicable,0.3622920218826514,High,9.0,5.0,Invalid Claim
CLM00688,Television,LED,Sound,Main Unit,Aster,24.0,Yes,Audio Failure,Electrical Failure,No,Not Applicable,Not Applicable,Not Applicable,Not Applicable,No,Not Applicable,Not Applicable,Not Applicable,Not Applicable,Yes,Yes,No,,Yes,No,Not Applicable,Not Applicable,Not Applicable,Not Applicable,Not Applicable,Not Applicable,Not Applicable,No,0.0,Not Applicable,No,Not Applicable,Yes,Yes,No,No,No,0.0,436.12,58.08,0.0,0.77,Web,MobileWebView,13,Light,-0.14039,1205.0,3.0,24.0,Yes,-109.0,Expired,Not Applicable,30.0,Yes,Yes,3.0,2.0,1.0,0.0,0.6666666666666666,No,No,1.0,2.0,Yes,Yes,Yes,No,No,No,0.1331743556819224,Medium,8.0,2.0,Invalid Claim
CLM00689,Printer,Laser,Power,Main Unit,PrimeView,12.0,No,Power Failure,Electrical Failure,Not Applicable,Not Applicable,Not Applicable,Not Applicable,No,Not Applicable,No,Not Applicable,Not Applicable,Original,Yes,Yes,Yes,Yes,Yes,Yes,Not Applicable,Not Applicable,Not Applicable,Not Applicable,Not Applicable,Yes,Not Applicable,No,0.0,Not Applicable,No,Not Applicable,Yes,Yes,No,No,No,2.0,511.61,128.06,0.0,0.963,Service Center,Safari,47,Dark,-2.15876,232.0,16.0,12.0,Yes,133.0,Active,Not Applicable,30.0,Yes,Yes,4.0,4.0,0.0,0.0,1.0,Yes,No,0.0,4.0,Yes,Yes,Yes,No,No,No,0.2503078516838998,High,6.0,1.0,Valid Claim
CLM00690,Printer,Thermal,Ink or Toner,Ink Or Toner,PrimeView,0.0,No,Paper Feed Failure,Internal Component Failure,Not Applicable,Not Applicable,Not Applicable,Not Applicable,No,Not Applicable,No,Not Applicable,Not Applicable,Compatible,Yes,No,Yes,,Yes,Yes,Not Applicable,Not Applicable,Not Applicable,Not Applicable,Not Applicable,Yes,Not Applicable,No,0.0,Not Applicable,No,Not Applicable,Yes,Yes,No,No,No,0.0,863.95,723.14,0.0,0.98,Service Center,Safari,46,Dark,1.47598,242.0,21.0,0.0,No,,Not Eligible,Not Eligible,30.0,Yes,No,4.0,4.0,0.0,0.0,1.0,Yes,No,0.0,4.0,Yes,Yes,Yes,No,No,No,0.8370160310203136,High,5.0,0.0,Invalid Claim
CLM00691,Air Conditioner,Portable,Outdoor Unit,Main Unit,ZenCore,24.0,No,Water Leakage,Manufacturing Defect,Not Applicable,Not Applicable,Not Applicable,Not Applicable,No,Not Applicable,Not Applicable,No,Outdoor Unit,Not Applicable,Yes,,No,Yes,,No,Yes,Not Applicable,Not Applicable,Not Applicable,Not Applicable,Not Applicable,Not Applicable,No,0.0,Not Applicable,No,Not Applicable,Unknown,Yes,No,No,No,1.0,1991.71,1139.51,0.0,0.721,Email,Safari,21,Dark,0.13284,869.0,21.0,24.0,Yes,-138.0,Expired,Not Applicable,30.0,Yes,Yes,4.0,2.0,1.0,1.0,0.5,No,Unknown,1.0,2.0,Yes,Yes,Unknown,No,No,Not Applicable,0.5721264641940844,Medium,1.0,0.0,Invalid Claim
CLM00692,Air Conditioner,Window,Not Sure,Main Unit,Aster,24.0,No,Power Failure,Water Damage,Not Applicable,Not Applicable,Not Applicable,Not Applicable,Yes,Not Applicable,Not Applicable,No,Not Sure,Not Applicable,No,Yes,Yes,Yes,Yes,Yes,Yes,Not Applicable,Not Applicable,Not Applicable,Not Applicable,Not Applicable,Not Applicable,No,0.0,Not Applicable,No,Not Applicable,Yes,Yes,No,No,No,2.0,1589.55,1208.8,,0.912,Email,Firefox,23,Light,1.96614,579.0,4.0,24.0,Yes,152.0,Active,Not Applicable,30.0,Yes,No,4.0,4.0,0.0,0.0,1.0,Yes,No,0.0,4.0,No,Yes,Yes,No,No,Not Applicable,0.7604667987795288,High,8.0,2.0,Invalid Claim
CLM00693,Camera,Compact,Camera Body,Camera Body,Aster,24.0,Yes,Display Failure,Internal Component Failure,No,No,Not Applicable,Not Applicable,Not Applicable,Not Applicable,Not Applicable,Not Applicable,Not Applicable,Not Applicable,Yes,Yes,No,Yes,,Yes,Not Applicable,Not Applicable,Not Applicable,Not Applicable,Not Applicable,Not Applicable,Yes,Yes,1.0,Yes,No,Not Applicable,Yes,No,No,No,No,0.0,2550.87,553.69,210.36,0.76,Service Center,Firefox,56,Light,-0.54118,934.0,14.0,24.0,Yes,162.0,Active,Not Applicable,30.0,Yes,Yes,4.0,3.0,0.0,1.0,0.75,Unknown,Unknown,0.0,3.0,Yes,Yes,Yes,Yes,No,No,0.21705927781502,Medium,1.0,4.0,Manual Review
CLM00694,Television,Mini-LED,Connection,Main Unit,HomePro,24.0,No,Connectivity Issue,Internal Component Failure,No,Not Applicable,Not Applicable,Not Applicable,Not Applicable,Yes,Not Applicable,Not Applicable,Not Applicable,Not Applicable,Yes,Yes,Yes,Yes,No,Yes,Not Applicable,Not Applicable,Not Applicable,Not Applicable,Not Applicable,Not Applicable,Not Applicable,No,0.0,Not Applicable,No,Not Applicable,Yes,Yes,No,No,No,0.0,2111.41,725.67,0.0,0.768,Service Center,Edge,47,Light,1.04431,431.0,2.0,24.0,Yes,300.0,Active,Not Applicable,30.0,Yes,Yes,3.0,2.0,1.0,0.0,0.6666666666666666,No,Yes,1.0,2.0,Yes,Yes,Yes,No,No,No,0.3436897618179321,Medium,4.0,4.0,Manual Review
CLM00695,Camera,Mirrorless,Lens,Lens,Aster,24.0,No,Lens Failure,Manufacturing Defect,Yes,No,Not Applicable,Not Applicable,Not Applicable,Not Applicable,Not Applicable,Not Applicable,Not Applicable,Not Applicable,Yes,,No,Yes,Yes,Yes,Not Applicable,Not Applicable,Not Applicable,Not Applicable,Yes,Not Applicable,Not Applicable,No,0.0,Not Applicable,No,Not Applicable,Unknown,Yes,No,No,No,0.0,3485.36,1114.17,0.0,0.827,Email,Chrome,32,Dark,0.62188,706.0,14.0,24.0,Yes,25.0,Nearing Expiry,Nearing Expiry,30.0,Yes,Yes,4.0,4.0,0.0,0.0,1.0,Yes,No,0.0,4.0,Yes,Yes,Unknown,No,No,Yes,0.319671425620309,Medium,10.0,6.0,Manual Review
CLM00696,Laptop,2-in-1,Device,Main Unit,ZenCore,24.0,No,Display Failure,Manufacturing Defect,Unknown,No,Not Applicable,Not Applicable,Not Applicable,Not Applicable,Not Applicable,Not Applicable,Not Applicable,Not Applicable,,Yes,No,Yes,Yes,Yes,Not Applicable,Not Applicable,Not Applicable,Not Applicable,Not Applicable,Not Applicable,Not Applicable,No,0.0,Not Applicable,No,Not Applicable,Yes,Yes,No,No,No,1.0,1744.63,1495.27,0.0,0.796,Email,Edge,39,Light,0.48555,700.0,39.0,24.0,Yes,31.0,Active,Not Applicable,30.0,No,Yes,3.0,3.0,0.0,0.0,1.0,Yes,No,0.0,3.0,,Yes,Yes,No,No,Unknown,0.8570699804543083,Medium,2.0,6.0,Invalid Claim
CLM00697,Camera,Action Camera,Battery,Battery,NovaTech,6.0,No,Battery Problem,Manufacturing Defect,No,No,Yes,Not Applicable,Not Applicable,Not Applicable,Not Applicable,Not Applicable,Not Applicable,Not Applicable,Yes,Yes,No,Yes,Yes,Yes,Not Applicable,Not Applicable,Not Applicable,Not Applicable,Not Applicable,Not Applicable,Yes,Yes,3.0,Unknown,Yes,Yes,No,Yes,No,No,Yes,1.0,3373.23,358.5,510.55,0.677,Mobile App,MobileWebView,40,Light,0.00866,147.0,17.0,6.0,Yes,35.0,Active,Active,30.0,Yes,Yes,4.0,4.0,0.0,0.0,1.0,Yes,No,0.0,4.0,Yes,Yes,No,Yes,Yes,No,0.106277959107443,Low,5.0,1.0,Invalid Claim
CLM00698,Refrigerator,Side-by-Side,Water Leakage,Main Unit,HomePro,24.0,No,Water Leakage,Internal Component Failure,Not Applicable,Not Applicable,Not Applicable,Household,No,Not Applicable,Not Applicable,Not Applicable,Not Applicable,Not Applicable,Yes,Yes,No,Yes,Yes,Yes,Not Applicable,Not Applicable,Not Applicable,Not Applicable,Not Applicable,Not Applicable,Not Applicable,No,0.0,Not Applicable,No,Not Applicable,Yes,Yes,No,No,No,1.0,2585.25,1724.82,0.0,0.777,Mobile App,Chrome,9,System,1.25321,489.0,5.0,24.0,Yes,242.0,Active,Not Applicable,30.0,Yes,Yes,3.0,3.0,0.0,0.0,1.0,Yes,No,0.0,3.0,Yes,Yes,Yes,No,No,Not Applicable,0.6671772555845663,Medium,1.0,4.0,Valid Claim
CLM00699,Camera,Compact,Camera Body,Camera Body,NovaTech,24.0,No,Lens Failure,Manufacturing Defect,No,No,Not Applicable,Not Applicable,Not Applicable,Not Applicable,Not Applicable,Not Applicable,Not Applicable,Not Applicable,Yes,Yes,Yes,Yes,,No,Not Applicable,Not Applicable,Not Applicable,Not Applicable,Not Applicable,Not Applicable,,No,0.0,Not Applicable,No,Not Applicable,Yes,Yes,No,No,No,2.0,3407.85,826.6,0.0,0.852,Web,Edge,19,Light,0.08988,936.0,15.0,24.0,Yes,-205.0,Expired,Not Applicable,30.0,Yes,Yes,3.0,1.0,1.0,1.0,0.3333333333333333,No,Unknown,1.0,1.0,Yes,Yes,Yes,No,No,No,0.2425576243085816,High,9.0,4.0,Invalid Claim
CLM00700,Smartphone,Standard Smartphone,Phone,Main Unit,PrimeView,12.0,No,Overheating,Manufacturing Defect,Unknown,No,Not Applicable,Not Applicable,Not Applicable,Not Applicable,Not Applicable,Not Applicable,Not Applicable,Not Applicable,Yes,,No,Yes,Yes,Yes,Not Applicable,Not Applicable,Not Applicable,Not Applicable,Not Applicable,Not Applicable,Yes,Yes,1.0,Yes,No,Not Applicable,Yes,Yes,No,No,No,1.0,1477.46,1178.79,259.77,,Mobile App,Chrome,55,Dark,-0.29026,500.0,13.0,12.0,Yes,-134.0,Expired,Not Applicable,30.0,Yes,Yes,4.0,4.0,0.0,0.0,1.0,Yes,No,0.0,4.0,Yes,Yes,Yes,Yes,No,Unknown,0.7978490111407415,Unknown,9.0,6.0,Invalid Claim
CLM00701,Washing Machine,Washer Dryer,Washing,Main Unit,HomePro,24.0,No,Mechanical Failure,Manufacturing Defect,Not Applicable,Not Applicable,Not Applicable,Household,No,Not Applicable,No,Not Applicable,Not Applicable,Not Applicable,Yes,Yes,Yes,Yes,Yes,Yes,Not Applicable,Not Applicable,Not Applicable,Not Applicable,Not Applicable,Not Applicable,Not Applicable,No,0.0,Not Applicable,No,Not Applicable,Yes,Yes,No,No,No,1.0,526.91,122.32,0.0,,Web,Chrome,40,Light,-0.82197,588.0,62.0,24.0,Yes,142.0,Active,Not Applicable,30.0,No,Yes,3.0,3.0,0.0,0.0,1.0,Yes,No,0.0,3.0,Yes,Yes,Yes,No,No,No,0.2321459072706914,Unknown,5.0,3.0,Invalid Claim
CLM00702,Camera,Compact,Camera Body,Camera Body,NovaTech,24.0,No,Battery Problem,Normal Wear,No,No,Yes,Not Applicable,Not Applicable,Not Applicable,Not Applicable,Not Applicable,Not Applicable,Not Applicable,Yes,,Yes,Yes,Yes,Yes,Not Applicable,Not Applicable,Not Applicable,Not Applicable,Not Applicable,Not Applicable,Not Applicable,No,0.0,Not Applicable,No,Not Applicable,Yes,Yes,No,No,No,2.0,2683.23,404.71,0.0,0.802,Mobile App,Firefox,11,System,-1.93954,710.0,5.0,24.0,Yes,20.0,Nearing Expiry,Not Applicable,30.0,Yes,No,3.0,3.0,0.0,0.0,1.0,Yes,No,0.0,3.0,Yes,Yes,Yes,No,No,No,0.1508294108220316,Medium,2.0,1.0,Invalid Claim
CLM00703,Air Conditioner,Portable,Indoor Unit,Main Unit,ZenCore,24.0,Yes,Cooling Failure,Manufacturing Defect,Not Applicable,Not Applicable,Not Applicable,Not Applicable,Yes,Not Applicable,Not Applicable,No,Indoor Unit,Not Applicable,Yes,Yes,No,Yes,Yes,Yes,Yes,Not Applicable,Not Applicable,Not Applicable,Not Applicable,Not Applicable,Not Applicable,No,0.0,Not Applicable,No,Not Applicable,Yes,Yes,No,No,No,1.0,909.91,466.48,0.0,0.818,Mobile App,MobileWebView,40,Dark,-1.57754,1090.0,9.0,24.0,Yes,6.0,Nearing Expiry,Not Applicable,30.0,Yes,Yes,4.0,4.0,0.0,0.0,1.0,Yes,No,0.0,4.0,Yes,Yes,Yes,No,No,Not Applicable,0.5126660878548428,Medium,7.0,0.0,Valid Claim
CLM00704,Washing Machine,Washer Dryer,Water Leakage,Main Unit,HomePro,24.0,No,Water Leakage,Manufacturing Defect,Not Applicable,Not Applicable,Not Applicable,Business,No,Not Applicable,No,Not Applicable,Not Applicable,Not Applicable,Yes,Yes,Yes,Yes,No,Yes,Not Applicable,Not Applicable,Not Applicable,Not Applicable,Not Applicable,Not Applicable,Not Applicable,No,0.0,Not Applicable,Yes,Yes,Yes,Yes,No,No,No,0.0,856.26,413.76,0.0,0.984,Service Center,Edge,52,Dark,-0.49198,935.0,12.0,24.0,Yes,-205.0,Expired,Not Applicable,30.0,Yes,Yes,3.0,2.0,1.0,0.0,0.6666666666666666,No,Yes,1.0,2.0,Yes,Yes,Yes,No,Yes,No,0.483217714245673,High,3.0,5.0,Invalid Claim
CLM00705,Refrigerator,Side-by-Side,Cooling,Main Unit,Aster,24.0,No,Cooling Failure,Electrical Failure,Not Applicable,Not Applicable,Not Applicable,Business,Yes,Not Applicable,Not Applicable,Not Applicable,Not Applicable,Not Applicable,,Yes,Yes,Yes,Yes,,Not Applicable,Not Applicable,Not Applicable,Not Applicable,Not Applicable,Not Applicable,Not Applicable,No,0.0,Not Applicable,No,Not Applicable,Yes,Yes,No,No,No,0.0,1225.53,595.36,0.0,0.916,Mobile App,Firefox,19,Dark,0.92229,684.0,7.0,24.0,Yes,47.0,Active,Not Applicable,30.0,Yes,Yes,3.0,2.0,0.0,1.0,0.6666666666666666,Unknown,No,0.0,2.0,,Yes,Yes,No,No,Not Applicable,0.485797981281568,High,12.0,3.0,Valid Claim
CLM00706,Refrigerator,Side-by-Side,Water Leakage,Main Unit,ZenCore,24.0,No,Water Leakage,Internal Component Failure,Not Applicable,Not Applicable,Not Applicable,Business,No,Not Applicable,Not Applicable,Not Applicable,Not Applicable,Not Applicable,Yes,Yes,No,Yes,Yes,Yes,Not Applicable,Not Applicable,Not Applicable,Not Applicable,Not Applicable,Not Applicable,Yes,Yes,3.0,Yes,No,Not Applicable,No,Yes,No,No,No,1.0,1979.9,639.87,590.3,,Service Center,Edge,54,System,-0.84925,829.0,19.0,24.0,Yes,-98.0,Expired,Not Applicable,30.0,Yes,Yes,4.0,4.0,0.0,0.0,1.0,Yes,No,0.0,4.0,Yes,Yes,No,Yes,No,Not Applicable,0.3231829890398505,Unknown,1.0,6.0,Invalid Claim
CLM00707,Air Conditioner,Split,Not Sure,Compressor,HomePro,60.0,No,Power Failure,Manufacturing Defect,Not Applicable,Not Applicable,Not Applicable,Not Applicable,No,Not Applicable,Not Applicable,Yes,Not Sure,Not Applicable,Yes,Yes,No,No,Yes,Yes,Yes,Not Applicable,Not Applicable,Yes,Not Applicable,Not Applicable,Not Applicable,No,0.0,Not Applicable,No,Not Applicable,Yes,Yes,No,No,No,2.0,2537.72,1545.88,0.0,0.798,Web,Chrome,11,Dark,0.31032,1635.0,4.0,60.0,Yes,191.0,Active,Active,30.0,Yes,Yes,5.0,5.0,0.0,0.0,1.0,Yes,No,0.0,5.0,Yes,Yes,Yes,No,No,Not Applicable,0.6091609791466357,Medium,4.0,4.0,Valid Claim
CLM00708,Printer,Laser,Connection,Main Unit,PrimeView,12.0,No,Connectivity Issue,Electrical Failure,Not Applicable,Not Applicable,Not Applicable,Not Applicable,No,Not Applicable,No,Not Applicable,Not Applicable,Original,Yes,Yes,Yes,Yes,Yes,Yes,Not Applicable,Not Applicable,Not Applicable,Not Applicable,Not Applicable,No,No,Yes,2.0,Yes,No,Not Applicable,Yes,Yes,No,No,No,1.0,1003.66,946.28,454.9,0.726,Web,Chrome,4,System,-0.50345,304.0,10.0,12.0,Yes,62.0,Active,Not Applicable,30.0,Yes,Yes,5.0,3.0,2.0,0.0,0.6,No,No,2.0,3.0,Yes,Yes,Yes,Yes,No,No,0.9428292449634338,Medium,9.0,3.0,Manual Review
CLM00709,Smartphone,Foldable Smartphone,Phone,Main Unit,NovaTech,12.0,No,Overheating,Internal Component Failure,Unknown,Unknown,Not Applicable,Not Applicable,Not Applicable,Not Applicable,Not Applicable,Not Applicable,Not Applicable,Not Applicable,Yes,,Yes,Yes,Yes,Yes,Not Applicable,Not Applicable,Not Applicable,Not Applicable,Not Applicable,Not Applicable,Not Applicable,No,0.0,Not Applicable,No,Not Applicable,Yes,Yes,No,No,No,,1558.06,,0.0,0.892,Mobile App,Firefox,9,Dark,1.81246,233.0,12.0,12.0,Yes,132.0,Active,Not Applicable,30.0,Yes,Yes,3.0,3.0,0.0,0.0,1.0,Yes,No,0.0,3.0,Yes,Yes,Yes,No,No,Unknown,,High,2.0,6.0,Valid Claim
CLM00710,Smartphone,Standard Smartphone,Phone,Main Unit,NovaTech,12.0,No,Power Failure,Electrical Failure,Unknown,No,Not Applicable,Not Applicable,Not Applicable,Not Applicable,Not Applicable,Not Applicable,Not Applicable,Not Applicable,Yes,,No,Yes,Yes,Yes,Not Applicable,Not Applicable,Not Applicable,Not Applicable,Not Applicable,Not Applicable,,No,0.0,Not Applicable,No,Not Applicable,Yes,No,No,No,No,1.0,1083.15,694.75,0.0,0.789,Web,Edge,34,System,2.14178,172.0,11.0,12.0,Yes,193.0,Active,Not Applicable,30.0,Yes,Yes,3.0,3.0,0.0,0.0,1.0,Yes,No,0.0,3.0,Yes,Yes,Yes,No,No,Unknown,0.641416239671329,Medium,11.0,6.0,Manual Review
CLM00711,Refrigerator,French Door,Power,Compressor,ZenCore,120.0,No,Power Failure,Manufacturing Defect,Not Applicable,Not Applicable,Not Applicable,Household,Unknown,Not Applicable,Not Applicable,Not Applicable,Not Applicable,Not Applicable,Yes,Yes,Yes,Yes,Yes,Yes,Not Applicable,Not Applicable,Not Applicable,Yes,Not Applicable,Not Applicable,Not Applicable,No,0.0,Not Applicable,No,Not Applicable,Yes,Yes,No,No,No,2.0,1434.46,1295.6,0.0,0.65,Service Center,Chrome,22,Light,-1.39807,3949.0,13.0,120.0,Yes,-297.0,Expired,Expired,30.0,Yes,Yes,4.0,4.0,0.0,0.0,1.0,Yes,No,0.0,4.0,Yes,Yes,Yes,No,No,Not Applicable,0.9031970218758276,Low,7.0,4.0,Invalid Claim
CLM00712,Television,Mini-LED,Sound,Main Unit,Aster,24.0,No,Audio Failure,Normal Wear,No,Not Applicable,Not Applicable,Not Applicable,Not Applicable,No,Not Applicable,Not Applicable,Not Applicable,Not Applicable,Yes,Yes,No,Yes,Yes,Yes,Not Applicable,Not Applicable,Not Applicable,Not Applicable,Not Applicable,Not Applicable,Not Applicable,No,0.0,Not Applicable,No,Not Applicable,Yes,Yes,No,No,No,0.0,2138.81,1324.26,0.0,0.842,Mobile App,Safari,29,Light,-1.1764,538.0,8.0,24.0,Yes,192.0,Active,Not Applicable,30.0,Yes,No,3.0,3.0,0.0,0.0,1.0,Yes,No,0.0,3.0,Yes,Yes,Yes,No,No,No,0.6191573819086315,Medium,12.0,0.0,Invalid Claim
CLM00713,Laptop,2-in-1,Device,Main Unit,ZenCore,24.0,No,Battery Problem,Manufacturing Defect,No,No,Yes,Not Applicable,Not Applicable,Not Applicable,Not Applicable,Not Applicable,Not Applicable,Not Applicable,Yes,Yes,No,Yes,Yes,No,Not Applicable,Not Applicable,Not Applicable,Not Applicable,Not Applicable,Not Applicable,Yes,Yes,3.0,Yes,No,Not Applicable,Yes,Yes,No,No,No,1.0,1069.62,787.59,120.43,0.81,Service Center,Chrome,5,System,-0.90006,542.0,9.0,24.0,Yes,189.0,Active,Not Applicable,30.0,Yes,Yes,4.0,3.0,1.0,0.0,0.75,No,No,1.0,3.0,Yes,Yes,Yes,Yes,No,No,0.7363269198406912,Medium,1.0,3.0,Manual Review
CLM00714,Refrigerator,Side-by-Side,Water Leakage,Compressor,ZenCore,120.0,No,Water Leakage,Manufacturing Defect,Not Applicable,Not Applicable,Not Applicable,Household,Yes,Not Applicable,Not Applicable,Not Applicable,Not Applicable,Not Applicable,No,Yes,Yes,Yes,Yes,Yes,Not Applicable,Not Applicable,Not Applicable,Yes,Not Applicable,Not Applicable,Yes,Yes,2.0,No,No,Not Applicable,Yes,Yes,No,No,No,2.0,2370.05,1717.85,509.54,0.746,Service Center,Safari,49,System,0.05902,3408.0,14.0,120.0,Yes,244.0,Active,Active,30.0,Yes,Yes,5.0,5.0,0.0,0.0,1.0,Yes,No,0.0,5.0,No,Yes,Yes,Yes,No,Not Applicable,0.72481593215333,Medium,7.0,5.0,Invalid Claim
CLM00715,Television,QLED,Connection,Main Unit,Aster,24.0,No,Connectivity Issue,Electrical Failure,No,Not Applicable,Not Applicable,Not Applicable,Not Applicable,Unknown,Not Applicable,Not Applicable,Not Applicable,Not Applicable,No,Yes,Yes,Yes,Yes,Yes,Not Applicable,Not Applicable,Not Applicable,Not Applicable,Not Applicable,Not Applicable,Not Applicable,No,0.0,Not Applicable,Yes,Yes,Yes,Yes,No,No,No,1.0,2661.66,215.99,0.0,0.786,Web,Chrome,59,System,-1.24557,388.0,6.0,24.0,Yes,342.0,Active,Not Applicable,30.0,Yes,Yes,3.0,3.0,0.0,0.0,1.0,Yes,No,0.0,3.0,No,Yes,Yes,No,Yes,No,0.0811486065087201,Medium,7.0,5.0,Valid Claim
CLM00716,Smartphone,Rugged Smartphone,Phone,Main Unit,NovaTech,12.0,No,Battery Problem,Manufacturing Defect,No,No,Yes,Not Applicable,Not Applicable,Not Applicable,Not Applicable,Not Applicable,Not Applicable,Not Applicable,Yes,No,Yes,Yes,Yes,Yes,Not Applicable,Not Applicable,Not Applicable,Not Applicable,Not Applicable,Not Applicable,Yes,Yes,3.0,Unknown,No,Not Applicable,Yes,Yes,No,No,No,1.0,634.48,166.49,469.23,0.909,Email,MobileWebView,1,Dark,0.05013,350.0,19.0,12.0,Yes,15.0,Nearing Expiry,Not Applicable,30.0,Yes,Yes,4.0,4.0,0.0,0.0,1.0,Yes,No,0.0,4.0,Yes,Yes,Yes,Yes,No,No,0.2624038582776447,High,12.0,3.0,Manual Review
CLM00717,Camera,Action Camera,Not Sure,Camera Body,Aster,24.0,No,Lens Failure,Electrical Failure,No,No,Not Applicable,Not Applicable,Not Applicable,Not Applicable,Not Applicable,Not Applicable,Not Applicable,Not Applicable,No,Yes,Yes,Yes,Yes,Yes,Not Applicable,Not Applicable,Not Applicable,Not Applicable,Not Applicable,Not Applicable,Not Applicable,No,0.0,Not Applicable,No,Not Applicable,Yes,Yes,No,No,No,0.0,806.76,706.66,0.0,0.725,Web,MobileWebView,17,Dark,-0.79572,680.0,13.0,24.0,Yes,51.0,Active,Not Applicable,30.0,Yes,Yes,3.0,3.0,0.0,0.0,1.0,Yes,No,0.0,3.0,No,Yes,Yes,No,No,No,0.8759234468739154,Medium,4.0,4.0,Valid Claim
CLM00718,Camera,Compact,Camera Body,Camera Body,NovaTech,24.0,No,Display Failure,Internal Component Failure,No,No,Not Applicable,Not Applicable,Not Applicable,Not Applicable,Not Applicable,Not Applicable,Not Applicable,Not Applicable,No,Yes,No,Yes,Yes,Yes,Not Applicable,Not Applicable,Not Applicable,Not Applicable,Not Applicable,Not Applicable,Not Applicable,No,0.0,Not Applicable,No,Not Applicable,Yes,Yes,No,No,No,0.0,2140.94,1121.42,,0.817,Email,Chrome,54,System,1.59391,722.0,26.0,24.0,Yes,9.0,Nearing Expiry,Not Applicable,30.0,Yes,Yes,3.0,3.0,0.0,0.0,1.0,Yes,No,0.0,3.0,No,Yes,Yes,No,No,No,0.5237979579063402,Medium,7.0,1.0,Valid Claim
CLM00719,Laptop,Gaming Laptop,Device,Main Unit,NovaTech,24.0,Yes,Power Failure,Electrical Failure,Yes,No,Not Applicable,Not Applicable,Not Applicable,Not Applicable,Not Applicable,Not Applicable,Not Applicable,Not Applicable,Yes,Yes,No,Yes,Yes,Yes,Not Applicable,Not Applicable,Not Applicable,Not Applicable,Not Applicable,Not Applicable,Not Applicable,No,0.0,Not Applicable,No,Not Applicable,Yes,Yes,No,No,No,0.0,2063.08,1323.25,0.0,0.727,Service Center,Chrome,25,System,0.71611,1071.0,38.0,24.0,Yes,25.0,Nearing Expiry,Not Applicable,30.0,No,Yes,3.0,3.0,0.0,0.0,1.0,Yes,No,0.0,3.0,Yes,Yes,Yes,No,No,Yes,0.6413953894177638,Medium,7.0,5.0,Invalid Claim
CLM00720,Laptop,Gaming Laptop,Device,Main Unit,NovaTech,24.0,No,Connectivity Issue,Physical Damage,No,No,Not Applicable,Not Applicable,Not Applicable,Not Applicable,Not Applicable,Not Applicable,Not Applicable,Not Applicable,Yes,Yes,Yes,Yes,Yes,,Not Applicable,Not Applicable,Not Applicable,Not Applicable,Not Applicable,Not Applicable,Yes,Yes,3.0,Yes,No,Not Applicable,Unknown,Yes,No,No,No,0.0,780.0,131.84,,0.721,Web,Chrome,20,Light,0.29001,1022.0,5.0,24.0,Yes,-292.0,Expired,Not Applicable,30.0,Yes,No,4.0,3.0,0.0,1.0,0.75,Unknown,No,0.0,3.0,Yes,Yes,Unknown,Yes,No,No,0.169025641025641,Medium,10.0,1.0,Invalid Claim
CLM00721,Camera,Compact,Camera Body,Camera Body,PrimeView,24.0,Yes,Lens Failure,Sensor Contamination Due To Misuse,No,No,Not Applicable,Not Applicable,Not Applicable,Not Applicable,Not Applicable,Not Applicable,Not Applicable,Not Applicable,Yes,Yes,Yes,No,Yes,Yes,Not Applicable,Not Applicable,Not Applicable,Not Applicable,Not Applicable,Not Applicable,Not Applicable,No,0.0,Not Applicable,No,Not Applicable,Yes,No,No,No,No,0.0,1377.12,999.51,,0.907,Email,MobileWebView,15,System,0.45979,869.0,1.0,24.0,Yes,227.0,Active,Not Applicable,30.0,Yes,No,3.0,3.0,0.0,0.0,1.0,Yes,No,0.0,3.0,Yes,Yes,Yes,No,No,No,0.7257973161380272,High,1.0,4.0,Invalid Claim
CLM00722,Air Conditioner,Portable,Both,Main Unit,Aster,24.0,No,Power Failure,Water Damage,Not Applicable,Not Applicable,Not Applicable,Not Applicable,No,Not Applicable,Not Applicable,No,Both,Not Applicable,,Yes,Yes,Yes,Yes,Yes,Yes,Not Applicable,Not Applicable,Not Applicable,Not Applicable,Not Applicable,Not Applicable,No,0.0,Not Applicable,No,Not Applicable,Yes,Yes,No,No,No,0.0,1240.08,1156.87,0.0,0.93,Web,Firefox,46,Dark,0.06276,394.0,11.0,24.0,Yes,336.0,Active,Not Applicable,30.0,Yes,No,4.0,4.0,0.0,0.0,1.0,Yes,No,0.0,4.0,,Yes,Yes,No,No,Not Applicable,0.9328994903554608,High,2.0,6.0,Invalid Claim
CLM00723,Air Conditioner,Split,Indoor Unit,Compressor,ZenCore,60.0,No,Cooling Failure,Electrical Failure,Not Applicable,Not Applicable,Not Applicable,Not Applicable,Yes,Not Applicable,Not Applicable,No,Indoor Unit,Not Applicable,Yes,Yes,No,No,Yes,Yes,Yes,Not Applicable,Not Applicable,Yes,Not Applicable,Not Applicable,Not Applicable,No,0.0,Not Applicable,No,Not Applicable,Yes,Yes,No,No,No,0.0,2787.34,464.37,0.0,0.834,Mobile App,Safari,47,Dark,-0.03615,1636.0,5.0,60.0,Yes,190.0,Active,Active,30.0,Yes,Yes,5.0,5.0,0.0,0.0,1.0,Yes,No,0.0,5.0,Yes,Yes,Yes,No,No,Not Applicable,0.1665996972023506,Medium,6.0,2.0,Valid Claim
CLM00724,Air Conditioner,Window,Indoor Unit,Main Unit,HomePro,24.0,No,Water Leakage,Normal Wear,Not Applicable,Not Applicable,Not Applicable,Not Applicable,Yes,Not Applicable,Not Applicable,No,Indoor Unit,Not Applicable,Yes,No,No,Yes,Yes,No,Yes,Not Applicable,Not Applicable,Not Applicable,Not Applicable,Not Applicable,,Yes,1.0,Yes,No,Not Applicable,Yes,Yes,No,No,No,0.0,891.59,492.33,282.37,0.741,Service Center,MobileWebView,11,System,-1.00709,595.0,19.0,24.0,Yes,136.0,Active,Not Applicable,30.0,Yes,No,5.0,3.0,1.0,1.0,0.6,No,No,1.0,3.0,Yes,Yes,Yes,Yes,No,Not Applicable,0.5521932726926053,Medium,9.0,2.0,Invalid Claim
CLM00725,Camera,Compact,Camera Body,Camera Body,Aster,24.0,No,Battery Problem,Manufacturing Defect,No,No,Yes,Not Applicable,Not Applicable,Not Applicable,Not Applicable,Not Applicable,Not Applicable,Not Applicable,Yes,,No,Yes,Yes,Yes,Not Applicable,Not Applicable,Not Applicable,Not Applicable,Not Applicable,Not Applicable,Yes,Yes,2.0,Yes,No,Not Applicable,Yes,Yes,No,No,No,0.0,1480.4,322.43,148.86,0.692,Web,Firefox,16,Dark,-0.19921,713.0,44.0,24.0,Yes,17.0,Nearing Expiry,Not Applicable,30.0,No,Yes,4.0,4.0,0.0,0.0,1.0,Yes,No,0.0,4.0,Yes,Yes,Yes,Yes,No,No,0.2177992434477168,Low,1.0,1.0,Invalid Claim
CLM00726,Printer,Inkjet,Printing,Main Unit,NovaTech,12.0,No,Mechanical Failure,Normal Wear,Not Applicable,Not Applicable,Not Applicable,Not Applicable,Yes,Not Applicable,No,Not Applicable,Not Applicable,Compatible,Yes,No,Yes,No,No,Yes,Not Applicable,Not Applicable,Not Applicable,Not Applicable,Not Applicable,Yes,,Yes,1.0,Yes,No,Not Applicable,Yes,Yes,No,No,No,3.0,1195.3,344.22,409.05,0.755,Email,Firefox,18,Light,0.74682,225.0,7.0,12.0,Yes,140.0,Active,Not Applicable,30.0,Yes,No,5.0,3.0,1.0,1.0,0.6,No,Yes,1.0,3.0,Yes,Yes,Yes,Yes,No,No,0.2879779134945202,Medium,3.0,0.0,Invalid Claim
CLM00727,Washing Machine,Top Load,Power,Main Unit,PrimeView,24.0,No,Power Failure,Physical Damage,Not Applicable,Not Applicable,Not Applicable,Household,Yes,Not Applicable,No,Not Applicable,Not Applicable,Not Applicable,Yes,Yes,Yes,Yes,Yes,Yes,Not Applicable,Not Applicable,Not Applicable,Not Applicable,Not Applicable,Not Applicable,Not Applicable,No,0.0,Not Applicable,No,Not Applicable,Yes,Yes,No,No,No,2.0,737.13,371.33,0.0,0.733,Web,Chrome,43,Dark,-0.19277,1012.0,19.0,24.0,Yes,-281.0,Expired,Not Applicable,30.0,Yes,No,3.0,3.0,0.0,0.0,1.0,Yes,No,0.0,3.0,Yes,Yes,Yes,No,No,No,0.503751034417267,Medium,7.0,2.0,Invalid Claim
CLM00728,Smartphone,Standard Smartphone,Phone,Main Unit,Aster,12.0,No,Display Failure,Normal Wear,No,No,Not Applicable,Not Applicable,Not Applicable,Not Applicable,Not Applicable,Not Applicable,Not Applicable,Not Applicable,Yes,Yes,No,Yes,Yes,Yes,Not Applicable,Not Applicable,Not Applicable,Not Applicable,Not Applicable,Not Applicable,Not Applicable,No,0.0,Not Applicable,Yes,Yes,Yes,Yes,No,No,No,0.0,1518.93,163.61,0.0,0.779,Mobile App,Firefox,24,Dark,0.53247,254.0,11.0,12.0,Yes,111.0,Active,Not Applicable,30.0,Yes,No,3.0,3.0,0.0,0.0,1.0,Yes,No,0.0,3.0,Yes,Yes,Yes,No,Yes,No,0.10771398286952,Medium,3.0,5.0,Invalid Claim
CLM00729,Printer,Laser,Power,Main Unit,NovaTech,12.0,No,Power Failure,Manufacturing Defect,Not Applicable,Not Applicable,Not Applicable,Not Applicable,No,Not Applicable,No,Not Applicable,Not Applicable,Compatible,Yes,Yes,Yes,Yes,Yes,Yes,Not Applicable,Not Applicable,Not Applicable,Not Applicable,Not Applicable,Yes,Not Applicable,No,0.0,Not Applicable,No,Not Applicable,Yes,Yes,No,No,No,1.0,844.47,799.51,0.0,0.744,Service Center,Edge,54,Dark,-0.33725,407.0,34.0,12.0,Yes,-41.0,Expired,Not Applicable,30.0,No,Yes,4.0,4.0,0.0,0.0,1.0,Yes,No,0.0,4.0,Yes,Yes,Yes,No,No,No,0.9467595059623196,Medium,1.0,6.0,Invalid Claim
CLM00730,Television,OLED,Sound,Main Unit,HomePro,24.0,No,Audio Failure,Electrical Failure,No,Not Applicable,Not Applicable,Not Applicable,Not Applicable,Yes,Not Applicable,Not Applicable,Not Applicable,Not Applicable,No,Yes,No,,No,Yes,Not Applicable,Not Applicable,Not Applicable,Not Applicable,Not Applicable,Not Applicable,Not Applicable,No,0.0,Not Applicable,No,Not Applicable,Yes,Yes,Yes,No,No,0.0,530.4,228.24,0.0,0.94,Web,MobileWebView,59,Dark,0.88789,403.0,24.0,24.0,Yes,327.0,Active,Not Applicable,30.0,Yes,Yes,3.0,2.0,1.0,0.0,0.6666666666666666,No,Yes,1.0,2.0,No,Yes,Yes,No,No,No,0.430316742081448,High,11.0,0.0,Invalid Claim
CLM00731,Camera,Compact,Camera Body,Camera Body,NovaTech,24.0,No,Connectivity Issue,Electrical Failure,No,No,Not Applicable,Not Applicable,Not Applicable,Not Applicable,Not Applicable,Not Applicable,Not Applicable,Not Applicable,Yes,,Yes,Yes,Yes,,Not Applicable,Not Applicable,Not Applicable,Not Applicable,Not Applicable,Not Applicable,Not Applicable,No,0.0,Not Applicable,No,Not Applicable,No,Yes,No,No,No,0.0,458.83,41.27,0.0,0.922,Mobile App,Safari,57,Light,-1.10945,718.0,12.0,24.0,Yes,13.0,Nearing Expiry,Not Applicable,30.0,Yes,Yes,3.0,2.0,0.0,1.0,0.6666666666666666,Unknown,No,0.0,2.0,Yes,Yes,No,No,No,No,0.089946167425844,High,5.0,0.0,Invalid Claim
CLM00732,Television,QLED,Picture,Main Unit,HomePro,24.0,No,Display Failure,Electrical Failure,No,Not Applicable,Not Applicable,Not Applicable,Not Applicable,Yes,Not Applicable,Not Applicable,Not Applicable,Not Applicable,Yes,Yes,Yes,,Yes,Yes,Not Applicable,Not Applicable,Not Applicable,Not Applicable,Not Applicable,Not Applicable,No,Yes,3.0,Yes,No,Not Applicable,Yes,Yes,No,No,No,0.0,1401.01,261.23,524.07,0.927,Service Center,Firefox,38,Dark,0.60587,540.0,36.0,24.0,Yes,191.0,Active,Not Applicable,30.0,No,Yes,4.0,3.0,1.0,0.0,0.75,No,No,1.0,3.0,Yes,Yes,Yes,Yes,No,No,0.1864583407684456,High,8.0,4.0,Invalid Claim
CLM00733,Television,OLED,Picture,Display Panel,PrimeView,24.0,No,Display Failure,Manufacturing Defect,No,Not Applicable,Not Applicable,Not Applicable,Not Applicable,Yes,Not Applicable,Not Applicable,Not Applicable,Not Applicable,Yes,Yes,Yes,Yes,No,Yes,Not Applicable,Not Applicable,Yes,Not Applicable,Not Applicable,Not Applicable,Not Applicable,No,0.0,Not Applicable,No,Not Applicable,Yes,Yes,No,No,No,1.0,958.74,872.86,0.0,0.817,Email,Edge,33,Light,-0.13374,610.0,5.0,24.0,Yes,121.0,Active,Active,30.0,Yes,Yes,4.0,3.0,1.0,0.0,0.75,No,Yes,1.0,3.0,Yes,Yes,Yes,No,No,No,0.9104240982956796,Medium,7.0,2.0,Manual Review
CLM00734,Camera,Action Camera,Battery,Battery,PrimeView,6.0,No,Lens Failure,Electrical Failure,Unknown,No,Yes,Not Applicable,Not Applicable,Not Applicable,Not Applicable,Not Applicable,Not Applicable,Not Applicable,,Yes,No,Yes,Yes,Yes,Not Applicable,Not Applicable,Not Applicable,Not Applicable,Not Applicable,Not Applicable,,Yes,3.0,Yes,No,Not Applicable,Yes,Yes,No,No,No,,569.1,293.7,129.47,0.987,Web,Safari,48,System,1.73023,98.0,12.0,6.0,Yes,86.0,Active,Active,30.0,Yes,Yes,4.0,3.0,0.0,1.0,0.75,Unknown,No,0.0,3.0,,Yes,Yes,Yes,No,Unknown,0.5160780179230363,High,7.0,3.0,Manual Review
CLM00735,Laptop,Gaming Laptop,Battery,Battery,ZenCore,12.0,No,Power Failure,Internal Component Failure,No,No,Yes,Not Applicable,Not Applicable,Not Applicable,Not Applicable,Not Applicable,Not Applicable,Not Applicable,Yes,Yes,Yes,Yes,Yes,Yes,Not Applicable,Yes,Not Applicable,Not Applicable,Not Applicable,Not Applicable,Not Applicable,No,0.0,Not Applicable,No,Not Applicable,Yes,Yes,No,No,No,0.0,855.82,217.38,0.0,0.98,Mobile App,MobileWebView,47,Light,0.21988,213.0,25.0,12.0,Yes,152.0,Active,Active,30.0,Yes,Yes,4.0,4.0,0.0,0.0,1.0,Yes,No,0.0,4.0,Yes,Yes,Yes,No,No,No,0.2540020097684092,High,7.0,2.0,Valid Claim
CLM00736,Printer,Laser,Printing,Main Unit,NovaTech,12.0,No,Mechanical Failure,Electrical Failure,Not Applicable,Not Applicable,Not Applicable,Not Applicable,Yes,Not Applicable,No,Not Applicable,Not Applicable,Original,Yes,Yes,Yes,Yes,No,Yes,Not Applicable,Not Applicable,Not Applicable,Not Applicable,Not Applicable,Yes,Not Applicable,No,0.0,Not Applicable,No,Not Applicable,Yes,Yes,No,No,No,0.0,838.63,353.75,0.0,0.817,Mobile App,MobileWebView,4,System,-2.03477,125.0,13.0,12.0,Yes,240.0,Active,Not Applicable,30.0,Yes,Yes,4.0,3.0,1.0,0.0,0.75,No,Yes,1.0,3.0,Yes,Yes,Yes,No,No,No,0.4218189189511465,Medium,9.0,5.0,Manual Review
CLM00737,Laptop,Business Laptop,Device,Main Unit,Aster,24.0,No,Connectivity Issue,Manufacturing Defect,No,Yes,Not Applicable,Not Applicable,Not Applicable,Not Applicable,Not Applicable,Not Applicable,Not Applicable,Not Applicable,Yes,Yes,No,Yes,Yes,,Not Applicable,Not Applicable,Not Applicable,Not Applicable,Not Applicable,Not Applicable,Yes,Yes,1.0,Yes,No,Not Applicable,Yes,Yes,No,No,No,0.0,746.8,348.37,163.69,0.98,Mobile App,Edge,4,Light,0.94433,411.0,4.0,24.0,Yes,319.0,Active,Not Applicable,30.0,Yes,Yes,4.0,3.0,0.0,1.0,0.75,Unknown,No,0.0,3.0,Yes,Yes,Yes,Yes,No,Yes,0.4664836636314944,High,5.0,2.0,Valid Claim
CLM00738,Washing Machine,Top Load,Power,Main Unit,PrimeView,24.0,No,Power Failure,Manufacturing Defect,Not Applicable,Not Applicable,Not Applicable,Household,No,Not Applicable,No,Not Applicable,Not Applicable,Not Applicable,Yes,Yes,Yes,Yes,Yes,,Not Applicable,Not Applicable,Not Applicable,Not Applicable,Not Applicable,Not Applicable,Not Applicable,No,0.0,Not Applicable,Yes,Yes,Unknown,Yes,No,No,No,0.0,1740.87,248.32,0.0,0.861,Web,Firefox,3,System,-0.85888,1057.0,28.0,24.0,Yes,-326.0,Expired,Not Applicable,30.0,Yes,Yes,3.0,2.0,0.0,1.0,0.6666666666666666,Unknown,No,0.0,2.0,Yes,Yes,Unknown,No,Yes,No,0.1426413230166526,High,2.0,6.0,Invalid Claim
CLM00739,Washing Machine,Front Load,Noise,Main Unit,ZenCore,24.0,No,Noise,Internal Component Failure,Not Applicable,Not Applicable,Not Applicable,Household,No,Not Applicable,No,Not Applicable,Not Applicable,Not Applicable,Yes,Yes,Yes,No,Yes,Yes,Not Applicable,Not Applicable,Not Applicable,Not Applicable,Not Applicable,Not Applicable,Not Applicable,No,0.0,Not Applicable,Yes,Yes,Yes,Yes,No,No,No,0.0,842.37,317.24,0.0,0.842,Mobile App,Safari,5,System,1.35134,665.0,12.0,24.0,Yes,66.0,Active,Not Applicable,30.0,Yes,Yes,3.0,3.0,0.0,0.0,1.0,Yes,No,0.0,3.0,Yes,Yes,Yes,No,Yes,No,0.376604105084464,Medium,8.0,4.0,Valid Claim
CLM00740,Printer,Thermal,Connection,Print Head,NovaTech,12.0,No,Connectivity Issue,Electrical Failure,Not Applicable,Not Applicable,Not Applicable,Not Applicable,No,Not Applicable,No,Not Applicable,Not Applicable,Compatible,Yes,Yes,No,Yes,Yes,Yes,Not Applicable,Not Applicable,Not Applicable,Not Applicable,Not Applicable,Yes,Not Applicable,No,0.0,Not Applicable,No,Not Applicable,Yes,Yes,No,No,No,0.0,859.76,161.99,0.0,0.781,Web,MobileWebView,22,System,-0.26884,362.0,19.0,12.0,Yes,3.0,Nearing Expiry,Nearing Expiry,30.0,Yes,Yes,4.0,4.0,0.0,0.0,1.0,Yes,No,0.0,4.0,Yes,Yes,Yes,No,No,No,0.18841304550107,Medium,7.0,3.0,Valid Claim
CLM00741,Television,LED,Connection,Main Unit,PrimeView,24.0,No,Connectivity Issue,Accidental Damage,Yes,Not Applicable,Not Applicable,Not Applicable,Not Applicable,Yes,Not Applicable,Not Applicable,Not Applicable,Not Applicable,Yes,No,Yes,Yes,Yes,Yes,Not Applicable,Not Applicable,Not Applicable,Not Applicable,Not Applicable,Not Applicable,Not Applicable,No,0.0,Not Applicable,No,Not Applicable,Yes,Yes,No,No,No,0.0,2225.8,683.98,0.0,0.762,Service Center,Firefox,43,Dark,-0.07315,648.0,12.0,24.0,Yes,83.0,Active,Not Applicable,30.0,Yes,No,3.0,3.0,0.0,0.0,1.0,Yes,No,0.0,3.0,Yes,Yes,Yes,No,No,Yes,0.3072962530326175,Medium,6.0,0.0,Invalid Claim
CLM00742,Smartphone,Rugged Smartphone,Phone,Main Unit,Aster,12.0,No,Overheating,Internal Component Failure,No,No,Not Applicable,Not Applicable,Not Applicable,Not Applicable,Not Applicable,Not Applicable,Not Applicable,Not Applicable,Yes,,No,No,Yes,Yes,Not Applicable,Not Applicable,Not Applicable,Not Applicable,Not Applicable,Not Applicable,Not Applicable,No,0.0,Not Applicable,No,Not Applicable,Yes,Yes,Yes,No,No,0.0,818.33,546.76,0.0,0.772,Mobile App,Edge,11,Dark,-0.65524,176.0,15.0,12.0,Yes,189.0,Active,Not Applicable,30.0,Yes,Yes,3.0,3.0,0.0,0.0,1.0,Yes,No,0.0,3.0,Yes,Yes,Yes,No,No,No,0.6681412144244986,Medium,11.0,2.0,Invalid Claim
CLM00743,Printer,Laser,Power,Main Unit,HomePro,12.0,No,Power Failure,Electrical Failure,Not Applicable,Not Applicable,Not Applicable,Not Applicable,No,Not Applicable,No,Not Applicable,Not Applicable,Original,Yes,Yes,Yes,Yes,Yes,Yes,Not Applicable,Not Applicable,Not Applicable,Not Applicable,Not Applicable,Yes,Not Applicable,No,0.0,Not Applicable,No,Not Applicable,Yes,Yes,Yes,No,No,1.0,628.52,350.23,0.0,0.799,Service Center,Chrome,22,Light,-0.91945,243.0,42.0,12.0,Yes,123.0,Active,Not Applicable,30.0,No,Yes,4.0,4.0,0.0,0.0,1.0,Yes,No,0.0,4.0,Yes,Yes,Yes,No,No,No,0.5572296824285624,Medium,1.0,5.0,Invalid Claim
CLM00744,Air Conditioner,Split,Indoor Unit,Main Unit,HomePro,24.0,No,Noise,Improper Refrigerant Handling,Not Applicable,Not Applicable,Not Applicable,Not Applicable,No,Not Applicable,Not Applicable,No,Indoor Unit,Not Applicable,Yes,Yes,No,Yes,,Yes,Yes,Not Applicable,Not Applicable,Not Applicable,Not Applicable,Not Applicable,Not Applicable,No,0.0,Not Applicable,No,Not Applicable,Yes,Yes,No,No,No,0.0,2355.08,2121.24,,0.974,Email,Edge,28,System,-1.18011,402.0,4.0,24.0,Yes,329.0,Active,Not Applicable,30.0,Yes,No,4.0,3.0,0.0,1.0,0.75,Unknown,Unknown,0.0,3.0,Yes,Yes,Yes,No,No,Not Applicable,0.9007082561951185,High,12.0,1.0,Invalid Claim
CLM00745,Television,QLED,Picture,Display Panel,PrimeView,24.0,No,Display Failure,Physical Damage,Yes,Not Applicable,Not Applicable,Not Applicable,Not Applicable,Yes,Not Applicable,Not Applicable,Not Applicable,Not Applicable,Yes,No,No,Yes,Yes,Yes,Not Applicable,Not Applicable,Yes,Not Applicable,Not Applicable,Not Applicable,Not Applicable,No,0.0,Not Applicable,Yes,No,Yes,Yes,No,No,No,0.0,1022.8,747.66,0.0,0.77,Service Center,Safari,5,Dark,-0.38046,550.0,12.0,24.0,Yes,181.0,Active,Active,30.0,Yes,No,4.0,4.0,0.0,0.0,1.0,Yes,No,0.0,4.0,Yes,Yes,Yes,No,Yes,Yes,0.7309933515838873,Medium,6.0,5.0,Invalid Claim
CLM00746,Camera,DSLR,Camera Body,Camera Body,NovaTech,24.0,No,Battery Problem,Electrical Failure,Unknown,No,Yes,Not Applicable,Not Applicable,Not Applicable,Not Applicable,Not Applicable,Not Applicable,Not Applicable,Yes,Yes,Yes,Yes,Yes,Yes,Not Applicable,Not Applicable,Not Applicable,Not Applicable,Not Applicable,Not Applicable,Yes,Yes,2.0,Yes,No,Not Applicable,Yes,Yes,No,No,No,0.0,1237.4,1123.6,124.78,0.734,Email,Firefox,6,Dark,-0.42618,420.0,22.0,24.0,Yes,311.0,Active,Not Applicable,30.0,Yes,Yes,4.0,4.0,0.0,0.0,1.0,Yes,No,0.0,4.0,Yes,Yes,Yes,Yes,No,Unknown,0.9080329723614028,Medium,9.0,4.0,Valid Claim
CLM00747,Printer,Thermal,Power,Main Unit,HomePro,12.0,No,Power Failure,Internal Component Failure,Not Applicable,Not Applicable,Not Applicable,Not Applicable,Yes,Not Applicable,No,Not Applicable,Not Applicable,Original,No,Yes,Yes,Yes,Yes,Yes,Not Applicable,Not Applicable,Not Applicable,Not Applicable,Not Applicable,Yes,Not Applicable,No,0.0,Not Applicable,No,Not Applicable,No,Yes,No,No,No,0.0,346.77,163.85,0.0,0.54,Mobile App,Safari,53,Light,1.25347,339.0,40.0,12.0,Yes,27.0,Nearing Expiry,Not Applicable,30.0,No,Yes,4.0,4.0,0.0,0.0,1.0,Yes,No,0.0,4.0,No,Yes,No,No,No,No,0.4725033884130692,Low,6.0,5.0,Invalid Claim
CLM00748,Printer,Thermal,Printing,Print Head,NovaTech,12.0,No,Mechanical Failure,Electrical Failure,Not Applicable,Not Applicable,Not Applicable,Not Applicable,No,Not Applicable,No,Not Applicable,Not Applicable,Original,Yes,No,No,Yes,Yes,Yes,Not Applicable,Not Applicable,Not Applicable,Not Applicable,Not Applicable,Yes,Not Applicable,No,0.0,Not Applicable,Yes,Yes,Yes,Yes,No,No,No,0.0,879.53,346.03,0.0,0.979,Mobile App,MobileWebView,49,Dark,0.01553,184.0,19.0,12.0,Yes,181.0,Active,Active,30.0,Yes,Yes,4.0,4.0,0.0,0.0,1.0,Yes,No,0.0,4.0,Yes,Yes,Yes,No,Yes,No,0.39342603435926,High,5.0,6.0,Valid Claim
CLM00749,Printer,Inkjet,Power,Main Unit,NovaTech,12.0,No,Power Failure,Manufacturing Defect,Not Applicable,Not Applicable,Not Applicable,Not Applicable,Yes,Not Applicable,No,Not Applicable,Not Applicable,Original,Yes,Yes,Yes,Yes,Yes,Yes,Not Applicable,Not Applicable,Not Applicable,Not Applicable,Not Applicable,Yes,Not Applicable,No,0.0,Not Applicable,No,Not Applicable,Yes,Yes,No,No,No,0.0,221.99,18.86,0.0,0.849,Service Center,Firefox,56,Light,-0.23013,242.0,7.0,12.0,Yes,124.0,Active,Not Applicable,30.0,Yes,Yes,4.0,4.0,0.0,0.0,1.0,Yes,No,0.0,4.0,Yes,Yes,Yes,No,No,No,0.0849587819271138,Medium,8.0,3.0,Valid Claim
CLM00750,Refrigerator,French Door,Power,Main Unit,Aster,24.0,No,Power Failure,Internal Component Failure,Not Applicable,Not Applicable,Not Applicable,Business,No,Not Applicable,Not Applicable,Not Applicable,Not Applicable,Not Applicable,Yes,Yes,Yes,Yes,Yes,Yes,Not Applicable,Not Applicable,Not Applicable,Not Applicable,Not Applicable,Not Applicable,Yes,Yes,1.0,Yes,No,Not Applicable,Yes,Yes,No,No,Yes,1.0,1194.12,1068.51,639.32,0.771,Web,Firefox,56,System,0.25714,1013.0,8.0,24.0,Yes,-282.0,Expired,Not Applicable,30.0,Yes,Yes,4.0,4.0,0.0,0.0,1.0,Yes,No,0.0,4.0,Yes,Yes,Yes,Yes,No,Not Applicable,0.8948095668777009,Medium,2.0,3.0,Invalid Claim
CLM00751,Printer,Thermal,Connection,Main Unit,PrimeView,12.0,No,Connectivity Issue,Internal Component Failure,Not Applicable,Not Applicable,Not Applicable,Not Applicable,Yes,Not Applicable,No,Not Applicable,Not Applicable,Compatible,Yes,Yes,Yes,Yes,Yes,No,Not Applicable,Not Applicable,Not Applicable,Not Applicable,Not Applicable,Yes,No,Yes,2.0,Yes,No,Not Applicable,Yes,Yes,No,No,No,1.0,385.58,64.99,429.6,0.79,Web,Chrome,16,Dark,1.92876,234.0,8.0,12.0,Yes,131.0,Active,Not Applicable,30.0,Yes,Yes,5.0,3.0,2.0,0.0,0.6,No,No,2.0,3.0,Yes,Yes,Yes,Yes,No,No,0.168551273406297,Medium,10.0,1.0,Manual Review
CLM00752,Laptop,2-in-1,Device,Main Unit,NovaTech,24.0,No,Display Failure,Manufacturing Defect,Yes,Unknown,Not Applicable,Not Applicable,Not Applicable,Not Applicable,Not Applicable,Not Applicable,Not Applicable,Not Applicable,Yes,Yes,Yes,Yes,Yes,Yes,Not Applicable,Not Applicable,Not Applicable,Not Applicable,Not Applicable,Not Applicable,,Yes,2.0,Unknown,No,Not Applicable,Yes,Yes,No,No,Yes,0.0,881.05,676.14,477.08,0.669,Email,Edge,19,System,0.80266,527.0,53.0,24.0,Yes,204.0,Active,Not Applicable,30.0,No,Yes,4.0,3.0,0.0,1.0,0.75,Unknown,No,0.0,3.0,Yes,Yes,Yes,Yes,No,Yes,0.7674252312581579,Low,10.0,0.0,Invalid Claim
CLM00753,Camera,Compact,Camera Body,Camera Body,PrimeView,24.0,No,Power Failure,Water Damage,No,Yes,Not Applicable,Not Applicable,Not Applicable,Not Applicable,Not Applicable,Not Applicable,Not Applicable,Not Applicable,Yes,Yes,Yes,Yes,Yes,Yes,Not Applicable,Not Applicable,Not Applicable,Not Applicable,Not Applicable,Not Applicable,Yes,Yes,2.0,Yes,No,Not Applicable,Yes,Yes,No,No,No,0.0,3171.7,1891.04,518.05,0.824,Service Center,MobileWebView,54,Dark,0.39178,629.0,3.0,24.0,Yes,101.0,Active,Not Applicable,30.0,Yes,No,4.0,4.0,0.0,0.0,1.0,Yes,No,0.0,4.0,Yes,Yes,Yes,Yes,No,Yes,0.5962228457924772,Medium,1.0,2.0,Invalid Claim
CLM00754,Laptop,Gaming Laptop,Device,Main Unit,Aster,24.0,No,Battery Problem,Internal Component Failure,No,No,Yes,Not Applicable,Not Applicable,Not Applicable,Not Applicable,Not Applicable,Not Applicable,Not Applicable,Yes,Yes,No,Yes,Yes,Yes,Not Applicable,Not Applicable,Not Applicable,Not Applicable,Not Applicable,Not Applicable,Yes,Yes,1.0,No,Yes,Yes,Yes,Yes,No,No,No,1.0,1043.5,975.9,592.28,0.896,Email,Firefox,49,Dark,-1.13619,556.0,18.0,24.0,Yes,174.0,Active,Not Applicable,30.0,Yes,Yes,4.0,4.0,0.0,0.0,1.0,Yes,No,0.0,4.0,Yes,Yes,Yes,Yes,Yes,No,0.9352180162913272,High,11.0,4.0,Invalid Claim
CLM00755,Air Conditioner,Split,Indoor Unit,Main Unit,Aster,24.0,No,Water Leakage,Internal Component Failure,Not Applicable,Not Applicable,Not Applicable,Not Applicable,Yes,Not Applicable,Not Applicable,No,Indoor Unit,Not Applicable,Yes,Yes,No,Yes,Yes,Yes,Yes,Not Applicable,Not Applicable,Not Applicable,Not Applicable,Not Applicable,Not Applicable,No,0.0,Not Applicable,Yes,Yes,Yes,Yes,No,No,No,2.0,1720.59,779.51,0.0,0.735,Service Center,Chrome,5,System,0.26854,371.0,19.0,24.0,Yes,359.0,Active,Not Applicable,30.0,Yes,Yes,4.0,4.0,0.0,0.0,1.0,Yes,No,0.0,4.0,Yes,Yes,Yes,No,Yes,Not Applicable,0.4530480823438472,Medium,12.0,3.0,Valid Claim
CLM00756,Washing Machine,Front Load,Spinning,Main Unit,HomePro,24.0,No,Mechanical Failure,Electrical Failure,Not Applicable,Not Applicable,Not Applicable,Household,No,Not Applicable,No,Not Applicable,Not Applicable,Not Applicable,Yes,Yes,Yes,Yes,No,Yes,Not Applicable,Not Applicable,Not Applicable,Not Applicable,Not Applicable,Not Applicable,Not Applicable,No,0.0,Not Applicable,Yes,Yes,Yes,Yes,No,No,No,0.0,353.61,72.78,0.0,0.737,Web,Chrome,52,Dark,0.66506,711.0,29.0,24.0,Yes,20.0,Nearing Expiry,Not Applicable,30.0,Yes,Yes,3.0,2.0,1.0,0.0,0.6666666666666666,No,Yes,1.0,2.0,Yes,Yes,Yes,No,Yes,No,0.2058199711546619,Medium,10.0,5.0,Manual Review
CLM00757,Television,LED,Sound,Main Unit,HomePro,24.0,No,Audio Failure,Internal Component Failure,No,Not Applicable,Not Applicable,Not Applicable,Not Applicable,Yes,Not Applicable,Not Applicable,Not Applicable,Not Applicable,Yes,Yes,No,Yes,No,Yes,Not Applicable,Not Applicable,Not Applicable,Not Applicable,Not Applicable,Not Applicable,Not Applicable,No,0.0,Not Applicable,No,Not Applicable,Yes,Yes,No,No,No,0.0,410.78,286.57,0.0,0.858,Email,MobileWebView,43,Light,-1.01511,724.0,29.0,24.0,Yes,7.0,Nearing Expiry,Not Applicable,30.0,Yes,Yes,3.0,2.0,1.0,0.0,0.6666666666666666,No,Yes,1.0,2.0,Yes,Yes,Yes,No,No,No,0.6976240323287405,High,8.0,3.0,Manual Review
CLM00758,Camera,Mirrorless,Camera Body,Camera Body,NovaTech,24.0,No,Battery Problem,Electrical Failure,No,No,No,Not Applicable,Not Applicable,Not Applicable,Not Applicable,Not Applicable,Not Applicable,Not Applicable,Yes,Yes,No,Yes,No,Yes,Not Applicable,Not Applicable,Not Applicable,Not Applicable,Not Applicable,Not Applicable,Yes,Yes,1.0,Yes,No,Not Applicable,Yes,Yes,No,No,No,2.0,1883.82,945.65,461.13,0.961,Web,Chrome,43,Light,0.04198,1056.0,19.0,24.0,Yes,-325.0,Expired,Not Applicable,30.0,Yes,Yes,4.0,3.0,1.0,0.0,0.75,No,Yes,1.0,3.0,Yes,Yes,Yes,Yes,No,No,0.5019853276852353,High,4.0,0.0,Invalid Claim
CLM00759,Printer,Laser,Power,Main Unit,PrimeView,12.0,No,Power Failure,Internal Component Failure,Not Applicable,Not Applicable,Not Applicable,Not Applicable,No,Not Applicable,Yes,Not Applicable,Not Applicable,Original,Yes,Yes,Yes,Yes,Yes,Yes,Not Applicable,Not Applicable,Not Applicable,Not Applicable,Not Applicable,Yes,Not Applicable,No,0.0,Not Applicable,No,Not Applicable,Unknown,Yes,No,No,No,2.0,576.23,229.93,0.0,,Mobile App,Edge,2,Light,0.22562,193.0,16.0,12.0,Yes,173.0,Active,Not Applicable,30.0,Yes,Yes,4.0,4.0,0.0,0.0,1.0,Yes,No,0.0,4.0,Yes,Yes,Unknown,No,No,Yes,0.3990246950002603,Unknown,6.0,4.0,Manual Review
CLM00760,Air Conditioner,Split,Outdoor Unit,Compressor,ZenCore,60.0,No,Water Leakage,Electrical Failure,Not Applicable,Not Applicable,Not Applicable,Not Applicable,No,Not Applicable,Not Applicable,No,Outdoor Unit,Not Applicable,,Yes,Yes,Yes,Yes,Yes,Yes,Not Applicable,Not Applicable,Yes,Not Applicable,Not Applicable,No,Yes,2.0,Yes,No,Not Applicable,Yes,Yes,No,No,No,0.0,2260.67,924.6,138.99,0.748,Web,Chrome,21,System,2.08732,1852.0,21.0,60.0,Yes,-26.0,Expired,Expired,30.0,Yes,Yes,6.0,5.0,1.0,0.0,0.8333333333333334,No,No,1.0,5.0,,Yes,Yes,Yes,No,Not Applicable,0.4089937938752671,Medium,2.0,3.0,Invalid Claim
CLM00761,Printer,Inkjet,Paper Feed,Main Unit,PrimeView,12.0,No,Paper Feed Failure,Manufacturing Defect,Not Applicable,Not Applicable,Not Applicable,Not Applicable,No,Not Applicable,Yes,Not Applicable,Not Applicable,Original,No,Yes,No,Yes,Yes,Yes,Not Applicable,Not Applicable,Not Applicable,Not Applicable,Not Applicable,Yes,Not Applicable,No,0.0,Not Applicable,No,Not Applicable,Yes,Yes,No,No,No,0.0,1157.94,899.2,0.0,0.88,Service Center,Chrome,37,System,-0.1224,449.0,21.0,12.0,Yes,-84.0,Expired,Not Applicable,30.0,Yes,Yes,4.0,4.0,0.0,0.0,1.0,Yes,No,0.0,4.0,No,Yes,Yes,No,No,Yes,0.7765514620792097,High,3.0,5.0,Invalid Claim
CLM00762,Smartphone,Standard Smartphone,Phone,Main Unit,PrimeView,12.0,No,Power Failure,Internal Component Failure,No,No,Not Applicable,Not Applicable,Not Applicable,Not Applicable,Not Applicable,Not Applicable,Not Applicable,Not Applicable,Yes,Yes,No,Yes,Yes,Yes,Not Applicable,Not Applicable,Not Applicable,Not Applicable,Not Applicable,Not Applicable,Yes,Yes,1.0,Yes,No,Not Applicable,Yes,Yes,No,No,No,2.0,668.44,178.57,,0.858,Web,MobileWebView,40,Dark,-0.11046,418.0,10.0,12.0,Yes,-53.0,Expired,Not Applicable,30.0,Yes,Yes,4.0,4.0,0.0,0.0,1.0,Yes,No,0.0,4.0,Yes,Yes,Yes,Yes,No,No,0.2671443959068876,High,6.0,2.0,Invalid Claim
CLM00763,Laptop,Business Laptop,Not Sure,Main Unit,Aster,24.0,No,Power Failure,Manufacturing Defect,No,No,Not Applicable,Not Applicable,Not Applicable,Not Applicable,Not Applicable,Not Applicable,Not Applicable,Not Applicable,Yes,Yes,No,Yes,Yes,Yes,Not Applicable,Not Applicable,Not Applicable,Not Applicable,Not Applicable,Not Applicable,Not Applicable,No,0.0,Not Applicable,No,Not Applicable,Yes,Yes,No,No,No,0.0,2302.08,1762.98,0.0,0.833,Mobile App,Safari,41,Dark,-0.95913,877.0,27.0,24.0,Yes,-147.0,Expired,Not Applicable,30.0,Yes,Yes,3.0,3.0,0.0,0.0,1.0,Yes,No,0.0,3.0,Yes,Yes,Yes,No,No,No,0.7658204753961635,Medium,5.0,4.0,Invalid Claim
CLM00764,Laptop,Consumer Laptop,Device,Main Unit,NovaTech,24.0,Yes,Display Failure,Internal Component Failure,Unknown,No,Not Applicable,Not Applicable,Not Applicable,Not Applicable,Not Applicable,Not Applicable,Not Applicable,Not Applicable,Yes,Yes,Yes,Yes,Yes,Yes,Not Applicable,Not Applicable,Not Applicable,Not Applicable,Not Applicable,Not Applicable,Not Applicable,No,0.0,Not Applicable,No,Not Applicable,Yes,Yes,Yes,No,No,0.0,761.44,457.81,0.0,0.745,Service Center,Edge,6,Dark,-1.45104,1132.0,9.0,24.0,Yes,-36.0,Expired,Not Applicable,30.0,Yes,Yes,3.0,3.0,0.0,0.0,1.0,Yes,No,0.0,3.0,Yes,Yes,Yes,No,No,Unknown,0.6012423828535406,Medium,1.0,4.0,Invalid Claim
CLM00765,Smartphone,Foldable Smartphone,Phone,Main Unit,PrimeView,12.0,No,Connectivity Issue,Electrical Failure,No,No,Not Applicable,Not Applicable,Not Applicable,Not Applicable,Not Applicable,Not Applicable,Not Applicable,Not Applicable,,Yes,Yes,Yes,Yes,Yes,Not Applicable,Not Applicable,Not Applicable,Not Applicable,Not Applicable,Not Applicable,Not Applicable,No,0.0,Not Applicable,Yes,Yes,Yes,Yes,No,No,Yes,0.0,431.01,311.34,0.0,0.893,Service Center,Safari,10,Dark,0.51355,187.0,53.0,12.0,Yes,178.0,Active,Not Applicable,30.0,No,Yes,3.0,3.0,0.0,0.0,1.0,Yes,No,0.0,3.0,,Yes,Yes,No,Yes,No,0.7223498294703139,High,10.0,5.0,Invalid Claim
CLM00766,Camera,Mirrorless,Camera Body,Camera Body,NovaTech,24.0,No,Power Failure,Manufacturing Defect,No,No,Not Applicable,Not Applicable,Not Applicable,Not Applicable,Not Applicable,Not Applicable,Not Applicable,Not Applicable,Yes,Yes,Yes,Yes,Yes,Yes,Not Applicable,Not Applicable,Not Applicable,Not Applicable,Not Applicable,Not Applicable,,No,0.0,Not Applicable,No,Not Applicable,Yes,Yes,No,No,No,1.0,2330.01,1152.36,0.0,0.94,Web,Chrome,42,System,0.80907,493.0,7.0,24.0,Yes,237.0,Active,Not Applicable,30.0,Yes,Yes,3.0,3.0,0.0,0.0,1.0,Yes,No,0.0,3.0,Yes,Yes,Yes,No,No,No,0.4945729846653017,High,4.0,1.0,Valid Claim
CLM00767,Laptop,2-in-1,Device,Main Unit,NovaTech,24.0,No,Display Failure,Electrical Failure,Unknown,No,Not Applicable,Not Applicable,Not Applicable,Not Applicable,Not Applicable,Not Applicable,Not Applicable,Not Applicable,Yes,Yes,Yes,Yes,Yes,No,Not Applicable,Not Applicable,Not Applicable,Not Applicable,Not Applicable,Not Applicable,Not Applicable,No,0.0,Not Applicable,No,Not Applicable,Yes,Yes,No,No,No,0.0,1621.8,477.78,0.0,0.983,Mobile App,Firefox,27,System,-0.21526,688.0,12.0,24.0,Yes,43.0,Active,Not Applicable,30.0,Yes,Yes,3.0,2.0,1.0,0.0,0.6666666666666666,No,No,1.0,2.0,Yes,Yes,Yes,No,No,Unknown,0.2945985941546429,High,3.0,5.0,Manual Review
CLM00768,Television,LED,Sound,Main Unit,PrimeView,24.0,No,Audio Failure,Electrical Failure,No,Not Applicable,Not Applicable,Not Applicable,Not Applicable,No,Not Applicable,Not Applicable,Not Applicable,Not Applicable,Yes,Yes,No,Yes,Yes,Yes,Not Applicable,Not Applicable,Not Applicable,Not Applicable,Not Applicable,Not Applicable,Not Applicable,No,0.0,Not Applicable,No,Not Applicable,Unknown,Yes,No,No,No,0.0,1530.93,1188.07,0.0,0.727,Service Center,Safari,8,Dark,-0.45994,638.0,35.0,24.0,Yes,93.0,Active,Not Applicable,30.0,No,Yes,3.0,3.0,0.0,0.0,1.0,Yes,No,0.0,3.0,Yes,Yes,Unknown,No,No,No,0.7760446264688783,Medium,1.0,3.0,Invalid Claim
CLM00769,Washing Machine,Top Load,Water Leakage,Motor,ZenCore,120.0,No,Water Leakage,Electrical Failure,Not Applicable,Not Applicable,Not Applicable,Household,No,Not Applicable,No,Not Applicable,Not Applicable,Not Applicable,Yes,No,No,No,Yes,Yes,Not Applicable,Not Applicable,Not Applicable,Yes,Not Applicable,Not Applicable,Not Applicable,No,0.0,Not Applicable,No,Not Applicable,Yes,Yes,No,No,No,2.0,967.92,873.33,0.0,0.792,Web,Safari,37,Light,-1.13497,3344.0,32.0,120.0,Yes,308.0,Active,Active,30.0,No,Yes,4.0,4.0,0.0,0.0,1.0,Yes,No,0.0,4.0,Yes,Yes,Yes,No,No,No,0.902274981403422,Medium,2.0,6.0,Invalid Claim
CLM00770,Air Conditioner,Cassette,Outdoor Unit,Main Unit,HomePro,24.0,No,Water Leakage,Improper Refrigerant Handling,Not Applicable,Not Applicable,Not Applicable,Not Applicable,Yes,Not Applicable,Not Applicable,No,Outdoor Unit,Not Applicable,,No,Yes,No,Yes,,No,Not Applicable,Not Applicable,Not Applicable,Not Applicable,Not Applicable,Not Applicable,No,0.0,Not Applicable,Yes,Yes,Yes,Yes,No,No,No,1.0,859.55,768.52,0.0,0.802,Service Center,Chrome,8,System,0.94501,661.0,6.0,24.0,Yes,69.0,Active,Not Applicable,30.0,Yes,No,4.0,2.0,1.0,1.0,0.5,No,Yes,1.0,2.0,,Yes,Yes,No,Yes,Not Applicable,0.8940957477749986,Medium,3.0,6.0,Invalid Claim
CLM00771,Laptop,Consumer Laptop,Device,Main Unit,Aster,24.0,No,Battery Problem,Electrical Failure,No,No,Yes,Not Applicable,Not Applicable,Not Applicable,Not Applicable,Not Applicable,Not Applicable,Not Applicable,Yes,,Yes,Yes,No,Yes,Not Applicable,Not Applicable,Not Applicable,Not Applicable,Not Applicable,Not Applicable,Not Applicable,No,0.0,Not Applicable,No,Not Applicable,Yes,Yes,No,No,No,2.0,1403.82,833.87,0.0,0.87,Web,MobileWebView,22,Dark,-0.70047,706.0,8.0,24.0,Yes,25.0,Nearing Expiry,Not Applicable,30.0,Yes,Yes,3.0,2.0,1.0,0.0,0.6666666666666666,No,Yes,1.0,2.0,Yes,Yes,Yes,No,No,No,0.5940006553546752,High,3.0,0.0,Manual Review
CLM00772,Air Conditioner,Window,Indoor Unit,Main Unit,Aster,24.0,Yes,Cooling Failure,Electrical Failure,Not Applicable,Not Applicable,Not Applicable,Not Applicable,Unknown,Not Applicable,Not Applicable,No,Indoor Unit,Not Applicable,Yes,Yes,No,Yes,Yes,Yes,Yes,Not Applicable,Not Applicable,Not Applicable,Not Applicable,Not Applicable,,No,0.0,Not Applicable,No,Not Applicable,Yes,Yes,No,No,No,0.0,978.29,430.67,0.0,0.8,Service Center,MobileWebView,49,System,-0.28853,1058.0,2.0,24.0,Yes,38.0,Active,Not Applicable,30.0,Yes,Yes,4.0,4.0,0.0,0.0,1.0,Yes,No,0.0,4.0,Yes,Yes,Yes,No,No,Not Applicable,0.4402273354526776,Medium,2.0,3.0,Valid Claim
CLM00773,Air Conditioner,Split,Outdoor Unit,Compressor,ZenCore,60.0,No,Noise,Manufacturing Defect,Not Applicable,Not Applicable,Not Applicable,Not Applicable,No,Not Applicable,Not Applicable,No,Outdoor Unit,Not Applicable,Yes,No,No,Yes,No,Yes,Yes,Not Applicable,Not Applicable,Yes,Not Applicable,Not Applicable,Not Applicable,No,0.0,Not Applicable,No,Not Applicable,Yes,Yes,No,No,No,0.0,736.26,358.94,0.0,0.816,Web,Chrome,55,System,-0.83495,1823.0,26.0,60.0,Yes,4.0,Nearing Expiry,Nearing Expiry,30.0,Yes,Yes,5.0,4.0,1.0,0.0,0.8,No,Yes,1.0,4.0,Yes,Yes,Yes,No,No,Not Applicable,0.4875179963599815,Medium,11.0,4.0,Manual Review
CLM00774,Smartphone,Rugged Smartphone,Phone,Main Unit,Aster,12.0,Yes,Display Failure,Water Damage,Yes,Yes,Not Applicable,Not Applicable,Not Applicable,Not Applicable,Not Applicable,Not Applicable,Not Applicable,Not Applicable,No,,No,Yes,Yes,Yes,Not Applicable,Not Applicable,Not Applicable,Not Applicable,Not Applicable,Not Applicable,Not Applicable,No,0.0,Not Applicable,No,Not Applicable,Yes,Yes,No,No,No,1.0,517.18,317.12,0.0,0.602,Mobile App,Chrome,38,Light,-2.17829,589.0,4.0,12.0,Yes,142.0,Active,Not Applicable,30.0,Yes,No,3.0,2.0,0.0,1.0,0.6666666666666666,Unknown,Unknown,0.0,2.0,No,Unknown,Yes,No,No,Yes,0.6131714296763217,Low,6.0,5.0,Invalid Claim
CLM00775,Air Conditioner,Window,Indoor Unit,Compressor,HomePro,60.0,No,Water Leakage,Electrical Failure,Not Applicable,Not Applicable,Not Applicable,Not Applicable,Unknown,Not Applicable,Not Applicable,Unknown,Indoor Unit,Not Applicable,Yes,No,Yes,Yes,Yes,No,Yes,Not Applicable,Not Applicable,No,Not Applicable,Not Applicable,Not Applicable,No,0.0,Not Applicable,Yes,Yes,Yes,Yes,No,No,No,1.0,533.22,356.82,0.0,0.866,Web,MobileWebView,25,Light,-0.90804,1599.0,2.0,60.0,Yes,227.0,Active,Active,30.0,Yes,Yes,5.0,3.0,2.0,0.0,0.6,No,No,2.0,3.0,Yes,Yes,Yes,No,Yes,Not Applicable,0.6691797006863958,High,9.0,0.0,Manual Review
CLM00776,Smartphone,Rugged Smartphone,Phone,Main Unit,Aster,12.0,No,Battery Problem,Internal Component Failure,No,No,Yes,Not Applicable,Not Applicable,Not Applicable,Not Applicable,Not Applicable,Not Applicable,Not Applicable,Yes,Yes,Yes,Yes,Yes,,Not Applicable,Not Applicable,Not Applicable,Not Applicable,Not Applicable,Not Applicable,Not Applicable,No,0.0,Not Applicable,No,Not Applicable,Yes,Yes,No,No,No,0.0,1596.62,458.89,0.0,0.979,Web,Firefox,40,Dark,0.97291,317.0,13.0,12.0,Yes,48.0,Active,Not Applicable,30.0,Yes,Yes,3.0,2.0,0.0,1.0,0.6666666666666666,Unknown,No,0.0,2.0,Yes,Yes,Yes,No,No,No,0.2874134108303792,High,4.0,6.0,Manual Review
CLM00777,Camera,DSLR,Camera Body,Camera Body,PrimeView,24.0,No,Display Failure,Electrical Failure,No,No,Not Applicable,Not Applicable,Not Applicable,Not Applicable,Not Applicable,Not Applicable,Not Applicable,Not Applicable,Yes,Yes,Yes,Yes,Yes,No,Not Applicable,Not Applicable,Not Applicable,Not Applicable,Not Applicable,Not Applicable,Not Applicable,No,0.0,Not Applicable,No,Not Applicable,Yes,Yes,No,No,No,1.0,718.83,223.32,0.0,0.74,Service Center,Edge,19,Light,-0.20869,489.0,10.0,24.0,Yes,242.0,Active,Not Applicable,30.0,Yes,Yes,3.0,2.0,1.0,0.0,0.6666666666666666,No,No,1.0,2.0,Yes,Yes,Yes,No,No,No,0.3106715078669504,Medium,9.0,3.0,Manual Review
CLM00778,Refrigerator,Double Door,Noise,Main Unit,ZenCore,24.0,No,Noise,Manufacturing Defect,Not Applicable,Not Applicable,Not Applicable,Household,Yes,Not Applicable,Not Applicable,Not Applicable,Not Applicable,Not Applicable,Yes,Yes,Yes,Yes,Yes,Yes,Not Applicable,Not Applicable,Not Applicable,Not Applicable,Not Applicable,Not Applicable,Not Applicable,No,0.0,Not Applicable,No,Not Applicable,Yes,Yes,No,No,No,0.0,2721.95,517.4,0.0,0.597,Email,Chrome,36,Light,0.09615,721.0,5.0,24.0,Yes,9.0,Nearing Expiry,Not Applicable,30.0,Yes,Yes,3.0,3.0,0.0,0.0,1.0,Yes,No,0.0,3.0,Yes,Yes,Yes,No,No,Not Applicable,0.1900843145539043,Low,8.0,3.0,Manual Review
CLM00779,Television,QLED,Connection,Main Unit,PrimeView,24.0,No,Connectivity Issue,Internal Component Failure,No,Not Applicable,Not Applicable,Not Applicable,Not Applicable,No,Not Applicable,Not Applicable,Not Applicable,Not Applicable,Yes,,Yes,Yes,No,Yes,Not Applicable,Not Applicable,Not Applicable,Not Applicable,Not Applicable,Not Applicable,,No,0.0,Not Applicable,No,Not Applicable,Yes,Yes,No,No,No,1.0,2713.52,2523.71,0.0,0.827,Mobile App,MobileWebView,56,System,1.55895,638.0,12.0,24.0,Yes,93.0,Active,Not Applicable,30.0,Yes,Yes,3.0,2.0,1.0,0.0,0.6666666666666666,No,Yes,1.0,2.0,Yes,Yes,Yes,No,No,No,0.9300502668121112,Medium,8.0,5.0,Manual Review
CLM00780,Refrigerator,Side-by-Side,Other,Main Unit,HomePro,24.0,No,Mechanical Failure,Manufacturing Defect,Not Applicable,Not Applicable,Not Applicable,Household,No,Not Applicable,Not Applicable,Not Applicable,Not Applicable,Not Applicable,Yes,Yes,Yes,Yes,No,,Not Applicable,Not Applicable,Not Applicable,Not Applicable,Not Applicable,Not Applicable,Not Applicable,No,0.0,Not Applicable,No,Not Applicable,Yes,Yes,No,No,No,0.0,2530.66,432.82,0.0,0.745,Mobile App,Chrome,59,System,0.65713,432.0,8.0,24.0,Yes,299.0,Active,Not Applicable,30.0,Yes,Yes,3.0,1.0,1.0,1.0,0.3333333333333333,No,Yes,1.0,1.0,Yes,Yes,Yes,No,No,Not Applicable,0.1710304821667075,Medium,9.0,5.0,Manual Review
CLM00781,Air Conditioner,Cassette,Both,Main Unit,HomePro,24.0,No,Cooling Failure,Electrical Failure,Not Applicable,Not Applicable,Not Applicable,Not Applicable,No,Not Applicable,Not Applicable,No,Both,Not Applicable,Yes,Yes,No,Yes,Yes,Yes,Yes,Not Applicable,Not Applicable,Not Applicable,Not Applicable,Not Applicable,Not Applicable,No,0.0,Not Applicable,No,Not Applicable,Yes,Yes,No,No,No,0.0,1574.8,1083.94,0.0,0.855,Web,Chrome,7,System,-2.09397,675.0,8.0,24.0,Yes,56.0,Active,Not Applicable,30.0,Yes,Yes,4.0,4.0,0.0,0.0,1.0,Yes,No,0.0,4.0,Yes,Yes,Yes,No,No,Not Applicable,0.6883032766065532,High,10.0,2.0,Valid Claim
CLM00782,Refrigerator,Single Door,Cooling,Main Unit,HomePro,24.0,No,Cooling Failure,Internal Component Failure,Not Applicable,Not Applicable,Not Applicable,Household,No,Not Applicable,Not Applicable,Not Applicable,Not Applicable,Not Applicable,Yes,Yes,No,Yes,Yes,Yes,Not Applicable,Not Applicable,Not Applicable,Not Applicable,Not Applicable,Not Applicable,Not Applicable,No,0.0,Not Applicable,No,Not Applicable,Yes,Yes,No,No,No,1.0,2398.27,2061.6,0.0,0.77,Web,Safari,9,System,0.37816,719.0,6.0,24.0,Yes,11.0,Nearing Expiry,Not Applicable,30.0,Yes,Yes,3.0,3.0,0.0,0.0,1.0,Yes,No,0.0,3.0,Yes,Yes,Yes,No,No,Not Applicable,0.8596196424922965,Medium,5.0,2.0,Valid Claim
CLM00783,Laptop,2-in-1,Battery,Battery,NovaTech,12.0,No,Connectivity Issue,Electrical Failure,No,No,No,Not Applicable,Not Applicable,Not Applicable,Not Applicable,Not Applicable,Not Applicable,Not Applicable,Yes,,Yes,,Yes,Yes,Not Applicable,No,Not Applicable,Not Applicable,Not Applicable,Not Applicable,Not Applicable,No,0.0,Not Applicable,Yes,Yes,Yes,Yes,No,No,No,1.0,1261.48,828.46,0.0,0.867,Service Center,MobileWebView,37,Light,0.18074,362.0,8.0,12.0,Yes,4.0,Nearing Expiry,Nearing Expiry,30.0,Yes,Yes,4.0,3.0,1.0,0.0,0.75,No,No,1.0,3.0,Yes,Yes,Yes,No,Yes,No,0.6567365316929321,High,8.0,3.0,Manual Review
CLM00784,Air Conditioner,Cassette,Not Sure,Main Unit,ZenCore,24.0,No,Power Failure,Internal Component Failure,Not Applicable,Not Applicable,Not Applicable,Not Applicable,No,Not Applicable,Not Applicable,No,Not Sure,Not Applicable,Yes,Yes,Yes,No,Yes,Yes,Yes,Not Applicable,Not Applicable,Not Applicable,Not Applicable,Not Applicable,Not Applicable,No,0.0,Not Applicable,No,Not Applicable,Yes,Yes,No,No,No,0.0,2778.08,974.3,0.0,0.921,Email,Chrome,7,Light,1.8811,694.0,22.0,24.0,Yes,37.0,Active,Not Applicable,30.0,Yes,Yes,4.0,4.0,0.0,0.0,1.0,Yes,No,0.0,4.0,Yes,Yes,Yes,No,No,Not Applicable,0.3507098427691067,High,2.0,2.0,Valid Claim
CLM00785,Smartphone,Rugged Smartphone,Phone,Main Unit,Aster,12.0,No,Connectivity Issue,Internal Component Failure,No,No,Not Applicable,Not Applicable,Not Applicable,Not Applicable,Not Applicable,Not Applicable,Not Applicable,Not Applicable,Yes,Yes,No,Yes,Yes,Yes,Not Applicable,Not Applicable,Not Applicable,Not Applicable,Not Applicable,Not Applicable,Not Applicable,No,0.0,Not Applicable,No,Not Applicable,Yes,Yes,No,No,No,0.0,996.11,435.74,0.0,0.984,Web,Safari,58,System,1.12543,302.0,4.0,12.0,Yes,63.0,Active,Not Applicable,30.0,Yes,Yes,3.0,3.0,0.0,0.0,1.0,Yes,No,0.0,3.0,Yes,Yes,Yes,No,No,No,0.4374416480107618,High,9.0,6.0,Valid Claim
CLM00786,Air Conditioner,Window,Both,Main Unit,Aster,24.0,No,Power Failure,Manufacturing Defect,Not Applicable,Not Applicable,Not Applicable,Not Applicable,No,Not Applicable,Not Applicable,No,Both,Not Applicable,Yes,No,No,Yes,No,Yes,Yes,Not Applicable,Not Applicable,Not Applicable,Not Applicable,Not Applicable,,No,0.0,Not Applicable,No,Not Applicable,Yes,Yes,No,Yes,Yes,1.0,995.56,137.9,0.0,0.978,Web,Safari,9,Dark,-0.01526,423.0,10.0,24.0,Yes,307.0,Active,Not Applicable,30.0,Yes,Yes,4.0,3.0,1.0,0.0,0.75,No,Yes,1.0,3.0,Yes,Yes,Yes,No,No,Not Applicable,0.1385150066294347,High,7.0,4.0,Manual Review
CLM00787,Camera,Action Camera,Not Sure,Camera Body,NovaTech,24.0,No,Lens Failure,Internal Component Failure,No,No,Not Applicable,Not Applicable,Not Applicable,Not Applicable,Not Applicable,Not Applicable,Not Applicable,Not Applicable,Yes,Yes,Yes,No,No,Yes,Not Applicable,Not Applicable,Not Applicable,Not Applicable,Not Applicable,Not Applicable,Not Applicable,No,0.0,Not Applicable,No,Not Applicable,Yes,Yes,No,No,No,1.0,3189.99,2189.38,0.0,0.719,Web,MobileWebView,6,System,0.74632,1015.0,14.0,24.0,Yes,-285.0,Expired,Not Applicable,30.0,Yes,Yes,3.0,2.0,1.0,0.0,0.6666666666666666,No,Yes,1.0,2.0,Yes,Yes,Yes,No,No,No,0.686328170307744,Medium,2.0,3.0,Invalid Claim
CLM00788,Washing Machine,Washer Dryer,Noise,Main Unit,HomePro,24.0,No,Noise,Electrical Failure,Not Applicable,Not Applicable,Not Applicable,Household,No,Not Applicable,No,Not Applicable,Not Applicable,Not Applicable,Yes,Yes,No,,Yes,,Not Applicable,Not Applicable,Not Applicable,Not Applicable,Not Applicable,Not Applicable,Yes,Yes,3.0,Yes,No,Not Applicable,Yes,Yes,No,No,No,1.0,1999.5,915.26,482.56,0.762,Service Center,Firefox,16,Dark,0.08797,712.0,0.0,24.0,Yes,18.0,Nearing Expiry,Not Applicable,30.0,Yes,Yes,4.0,3.0,0.0,1.0,0.75,Unknown,No,0.0,3.0,Yes,Yes,Yes,Yes,No,No,0.4577444361090272,Medium,1.0,0.0,Valid Claim
CLM00789,Refrigerator,Side-by-Side,Noise,Main Unit,ZenCore,24.0,No,Noise,Internal Component Failure,Not Applicable,Not Applicable,Not Applicable,Household,No,Not Applicable,Not Applicable,Not Applicable,Not Applicable,Not Applicable,Yes,No,Yes,Yes,Yes,Yes,Not Applicable,Not Applicable,Not Applicable,Not Applicable,Not Applicable,Not Applicable,Not Applicable,No,0.0,Not Applicable,No,Not Applicable,Yes,Yes,No,No,No,0.0,528.39,351.49,0.0,0.485,Mobile App,Safari,22,System,-0.17799,437.0,46.0,24.0,Yes,293.0,Active,Not Applicable,30.0,No,Yes,3.0,3.0,0.0,0.0,1.0,Yes,No,0.0,3.0,Yes,Yes,Yes,No,No,Not Applicable,0.665209409716308,Low,10.0,2.0,Invalid Claim
CLM00790,Camera,Mirrorless,Camera Body,Camera Body,,24.0,No,Lens Failure,Manufacturing Defect,No,No,Not Applicable,Not Applicable,Not Applicable,Not Applicable,Not Applicable,Not Applicable,Not Applicable,Not Applicable,Yes,Yes,No,Yes,Yes,Yes,Not Applicable,Not Applicable,Not Applicable,Not Applicable,Not Applicable,Not Applicable,Yes,Yes,1.0,Yes,No,Not Applicable,Yes,Yes,No,No,No,1.0,2295.21,416.91,172.79,0.907,Service Center,Safari,21,System,-0.71392,541.0,10.0,24.0,Yes,190.0,Active,Not Applicable,30.0,Yes,Yes,4.0,4.0,0.0,0.0,1.0,Yes,No,0.0,4.0,Yes,Yes,Yes,Yes,No,No,0.1816435097442064,High,7.0,1.0,Valid Claim
CLM00791,Camera,Action Camera,Camera Body,Camera Body,NovaTech,24.0,No,Display Failure,Physical Damage,Unknown,No,Not Applicable,Not Applicable,Not Applicable,Not Applicable,Not Applicable,Not Applicable,Not Applicable,Not Applicable,Yes,Yes,No,Yes,Yes,Yes,Not Applicable,Not Applicable,Not Applicable,Not Applicable,Not Applicable,Not Applicable,Yes,Yes,3.0,Yes,No,Not Applicable,Yes,Yes,No,No,No,0.0,2693.61,510.14,,0.883,Mobile App,Chrome,9,Light,-0.37346,495.0,7.0,24.0,Yes,235.0,Active,Not Applicable,30.0,Yes,No,4.0,4.0,0.0,0.0,1.0,Yes,No,0.0,4.0,Yes,Yes,Yes,Yes,No,Unknown,0.1893889612824425,High,3.0,6.0,Invalid Claim
CLM00792,Television,OLED,Sound,Main Unit,PrimeView,24.0,No,Audio Failure,Electrical Failure,No,Not Applicable,Not Applicable,Not Applicable,Not Applicable,Yes,Not Applicable,Not Applicable,Not Applicable,Not Applicable,Yes,Yes,Yes,Yes,Yes,No,Not Applicable,Not Applicable,Not Applicable,Not Applicable,Not Applicable,Not Applicable,Not Applicable,No,0.0,Not Applicable,No,Not Applicable,Yes,Yes,No,No,No,0.0,2882.55,980.8,0.0,0.792,Web,Edge,36,Light,0.0998,610.0,13.0,24.0,Yes,121.0,Active,Not Applicable,30.0,Yes,Yes,3.0,2.0,1.0,0.0,0.6666666666666666,No,No,1.0,2.0,Yes,Yes,Yes,No,No,No,0.3402542887374026,Medium,7.0,1.0,Manual Review
CLM00793,Television,OLED,Not Sure,Display Panel,HomePro,24.0,No,Audio Failure,Internal Component Failure,No,Not Applicable,Not Applicable,Not Applicable,Not Applicable,No,Not Applicable,Not Applicable,Not Applicable,Not Applicable,Yes,Yes,No,Yes,Yes,Yes,Not Applicable,Not Applicable,Yes,Not Applicable,Not Applicable,Not Applicable,Not Applicable,No,0.0,Not Applicable,No,Not Applicable,Yes,Yes,No,No,No,0.0,496.04,416.35,,0.832,Service Center,MobileWebView,14,System,1.06126,458.0,6.0,24.0,Yes,272.0,Active,Active,30.0,Yes,Yes,4.0,4.0,0.0,0.0,1.0,Yes,No,0.0,4.0,Yes,Yes,Yes,No,No,No,0.8393476332553826,Medium,6.0,3.0,Valid Claim
CLM00794,Washing Machine,Top Load,Other,Main Unit,ZenCore,24.0,No,Mechanical Failure,Normal Wear,Not Applicable,Not Applicable,Not Applicable,Household,Yes,Not Applicable,No,Not Applicable,Not Applicable,Not Applicable,Yes,Yes,Yes,,Yes,No,Not Applicable,Not Applicable,Not Applicable,Not Applicable,Not Applicable,Not Applicable,Not Applicable,No,0.0,Not Applicable,No,Not Applicable,Yes,Yes,No,No,No,0.0,2001.05,580.41,0.0,0.977,Web,Edge,16,Light,-1.87807,647.0,13.0,24.0,Yes,83.0,Active,Not Applicable,30.0,Yes,No,3.0,2.0,1.0,0.0,0.6666666666666666,No,No,1.0,2.0,Yes,Yes,Yes,No,No,No,0.2900527223207815,High,1.0,4.0,Invalid Claim
CLM00795,Television,LED,Connection,Main Unit,PrimeView,24.0,No,Connectivity Issue,Electrical Failure,No,Not Applicable,Not Applicable,Not Applicable,Not Applicable,Yes,Not Applicable,Not Applicable,Not Applicable,Not Applicable,Yes,Yes,No,Yes,No,Yes,Not Applicable,Not Applicable,Not Applicable,Not Applicable,Not Applicable,Not Applicable,Not Applicable,No,0.0,Not Applicable,No,Not Applicable,Yes,Yes,No,No,No,0.0,1647.39,405.98,0.0,0.987,Web,Safari,58,Dark,-0.03278,584.0,13.0,24.0,Yes,146.0,Active,Not Applicable,30.0,Yes,Yes,3.0,2.0,1.0,0.0,0.6666666666666666,No,Yes,1.0,2.0,Yes,Yes,Yes,No,No,No,0.2464383054407274,High,11.0,1.0,Manual Review
CLM00796,Television,QLED,Sound,Main Unit,PrimeView,24.0,No,Audio Failure,Manufacturing Defect,No,Not Applicable,Not Applicable,Not Applicable,Not Applicable,Yes,Not Applicable,Not Applicable,Not Applicable,Not Applicable,Yes,Yes,Yes,Yes,Yes,,Not Applicable,Not Applicable,Not Applicable,Not Applicable,Not Applicable,Not Applicable,Not Applicable,No,0.0,Not Applicable,No,Not Applicable,No,Yes,No,No,No,1.0,1160.7,602.77,0.0,0.924,Mobile App,Safari,5,Light,2.2434,636.0,24.0,24.0,Yes,94.0,Active,Not Applicable,30.0,Yes,Yes,3.0,2.0,0.0,1.0,0.6666666666666666,Unknown,No,0.0,2.0,Yes,Yes,No,No,No,No,0.5193159300422159,High,7.0,2.0,Invalid Claim
CLM00797,Television,QLED,Power,Main Unit,PrimeView,24.0,No,Power Failure,Misuse,No,Not Applicable,Not Applicable,Not Applicable,Not Applicable,No,Not Applicable,Not Applicable,Not Applicable,Not Applicable,Yes,Yes,Yes,Yes,,Yes,Not Applicable,Not Applicable,Not Applicable,Not Applicable,Not Applicable,Not Applicable,Not Applicable,No,0.0,Not Applicable,No,Not Applicable,Yes,Yes,No,No,No,2.0,2421.92,949.93,0.0,0.977,Email,Safari,0,System,-1.57811,785.0,14.0,24.0,Yes,-54.0,Expired,Not Applicable,30.0,Yes,No,3.0,2.0,0.0,1.0,0.6666666666666666,Unknown,Unknown,0.0,2.0,Yes,Yes,Yes,No,No,No,0.3922218735548655,High,1.0,5.0,Invalid Claim
CLM00798,Camera,DSLR,Camera Body,Camera Body,Aster,,Yes,Display Failure,Electrical Failure,No,No,Not Applicable,Not Applicable,Not Applicable,Not Applicable,Not Applicable,Not Applicable,Not Applicable,Not Applicable,Yes,Yes,Yes,Yes,Yes,Yes,Not Applicable,Not Applicable,Not Applicable,Not Applicable,Not Applicable,Not Applicable,Yes,Yes,2.0,Yes,No,Not Applicable,Yes,Yes,No,Yes,No,1.0,1474.3,1169.76,38.66,0.83,Service Center,Firefox,36,Light,1.52182,840.0,37.0,24.0,Yes,256.0,Active,Not Applicable,30.0,No,Yes,4.0,4.0,0.0,0.0,1.0,Yes,No,0.0,4.0,Yes,Yes,Yes,Yes,No,No,0.7934341721494947,Medium,7.0,1.0,Invalid Claim
CLM00799,Washing Machine,Front Load,Water Leakage,Main Unit,PrimeView,24.0,No,Water Leakage,Accidental Damage,Not Applicable,Not Applicable,Not Applicable,Household,Yes,Not Applicable,No,Not Applicable,Not Applicable,Not Applicable,,Yes,No,Yes,Yes,Yes,Not Applicable,Not Applicable,Not Applicable,Not Applicable,Not Applicable,Not Applicable,Not Applicable,No,0.0,Not Applicable,No,Not Applicable,Yes,Yes,No,No,No,0.0,780.17,479.09,0.0,0.743,Web,Chrome,52,Dark,1.65518,919.0,4.0,24.0,Yes,-188.0,Expired,Not Applicable,30.0,Yes,No,3.0,3.0,0.0,0.0,1.0,Yes,No,0.0,3.0,,Yes,Yes,No,No,No,0.6140841098734892,Medium,5.0,0.0,Invalid Claim
CLM00800,Washing Machine,Top Load,Noise,Main Unit,ZenCore,24.0,Yes,Noise,Electrical Failure,Not Applicable,Not Applicable,Not Applicable,Household,Yes,Not Applicable,No,Not Applicable,Not Applicable,Not Applicable,Yes,,Yes,Yes,Yes,Yes,Not Applicable,Not Applicable,Not Applicable,Not Applicable,Not Applicable,Not Applicable,Not Applicable,No,0.0,Not Applicable,No,Not Applicable,Yes,Yes,No,No,No,0.0,481.84,218.29,0.0,0.773,Service Center,MobileWebView,1,Dark,0.91701,847.0,12.0,24.0,Yes,249.0,Active,Not Applicable,30.0,Yes,Yes,3.0,3.0,0.0,0.0,1.0,Yes,No,0.0,3.0,Yes,Yes,Yes,No,No,No,0.4530342022248049,Medium,1.0,0.0,Valid Claim
CLM00801,Television,LED,Picture,Main Unit,PrimeView,24.0,No,Display Failure,Internal Component Failure,Unknown,Not Applicable,Not Applicable,Not Applicable,Not Applicable,Yes,Not Applicable,Not Applicable,Not Applicable,Not Applicable,Yes,Yes,No,Yes,Yes,Yes,Not Applicable,Not Applicable,Not Applicable,Not Applicable,Not Applicable,Not Applicable,No,Yes,2.0,No,No,Not Applicable,Yes,Yes,No,No,No,2.0,575.09,153.5,135.27,0.972,Web,Chrome,57,Light,-0.08094,369.0,6.0,24.0,Yes,361.0,Active,Not Applicable,30.0,Yes,Yes,4.0,3.0,1.0,0.0,0.75,No,No,1.0,3.0,Yes,Yes,Yes,Yes,No,Unknown,0.2669147437792345,High,5.0,5.0,Invalid Claim
CLM00802,Air Conditioner,Split,Indoor Unit,Main Unit,HomePro,24.0,No,Power Failure,Improper Refrigerant Handling,Not Applicable,Not Applicable,Not Applicable,Not Applicable,Yes,Not Applicable,Not Applicable,No,Indoor Unit,Not Applicable,Yes,Yes,No,Yes,,Yes,Yes,Not Applicable,Not Applicable,Not Applicable,Not Applicable,Not Applicable,,No,0.0,Not Applicable,No,Not Applicable,Yes,Yes,No,No,No,0.0,1387.24,558.02,,0.591,Mobile App,Safari,25,System,0.57425,394.0,65.0,24.0,Yes,337.0,Active,Not Applicable,30.0,No,No,4.0,3.0,0.0,1.0,0.75,Unknown,Unknown,0.0,3.0,Yes,Yes,Yes,No,No,Not Applicable,0.402251953519218,Low,2.0,5.0,Invalid Claim
CLM00803,Refrigerator,Double Door,Water Leakage,Compressor,ZenCore,120.0,No,Water Leakage,Normal Wear,Not Applicable,Not Applicable,Not Applicable,Household,No,Not Applicable,Not Applicable,Not Applicable,Not Applicable,Not Applicable,Yes,Yes,Yes,Yes,,,Not Applicable,Not Applicable,Not Applicable,Yes,Not Applicable,Not Applicable,Not Applicable,No,0.0,Not Applicable,No,Not Applicable,Yes,Yes,No,No,No,0.0,792.49,102.72,0.0,0.884,Mobile App,Safari,58,Dark,-0.29832,3397.0,10.0,120.0,Yes,256.0,Active,Active,30.0,Yes,No,4.0,2.0,0.0,2.0,0.5,Unknown,Unknown,0.0,2.0,Yes,Yes,Yes,No,No,Not Applicable,0.1296167774987697,High,4.0,1.0,Invalid Claim
CLM00804,Refrigerator,Side-by-Side,Water Leakage,Main Unit,ZenCore,24.0,No,Water Leakage,Electrical Failure,Not Applicable,Not Applicable,Not Applicable,Household,No,Not Applicable,Not Applicable,Not Applicable,Not Applicable,Not Applicable,Yes,Yes,Yes,Yes,Yes,Yes,Not Applicable,Not Applicable,Not Applicable,Not Applicable,Not Applicable,Not Applicable,,No,0.0,Not Applicable,No,Not Applicable,No,Yes,No,No,No,3.0,1604.24,1306.34,0.0,0.894,Email,Chrome,54,System,0.72475,611.0,6.0,24.0,Yes,119.0,Active,Not Applicable,30.0,Yes,Yes,3.0,3.0,0.0,0.0,1.0,Yes,No,0.0,3.0,Yes,Yes,No,No,No,Not Applicable,0.8143045928290031,High,6.0,3.0,Invalid Claim
CLM00805,Laptop,2-in-1,Not Sure,Main Unit,Aster,24.0,No,Battery Problem,Accidental Damage,Unknown,No,Yes,Not Applicable,Not Applicable,Not Applicable,Not Applicable,Not Applicable,Not Applicable,Not Applicable,Yes,Yes,No,Yes,No,Yes,Not Applicable,Not Applicable,Not Applicable,Not Applicable,Not Applicable,Not Applicable,Not Applicable,No,0.0,Not Applicable,No,Not Applicable,Yes,Yes,No,No,No,1.0,1043.8,203.24,0.0,0.731,Service Center,Safari,18,Light,-1.989,486.0,3.0,24.0,Yes,245.0,Active,Not Applicable,30.0,Yes,No,3.0,2.0,1.0,0.0,0.6666666666666666,No,Yes,1.0,2.0,Yes,Yes,Yes,No,No,Unknown,0.194711630580571,Medium,12.0,0.0,Invalid Claim
CLM00806,Television,QLED,Power,Main Unit,Aster,24.0,No,Power Failure,Electrical Failure,No,Not Applicable,Not Applicable,Not Applicable,Not Applicable,Yes,Not Applicable,Not Applicable,Not Applicable,Not Applicable,Yes,Yes,Yes,Yes,Yes,Yes,Not Applicable,Not Applicable,Not Applicable,Not Applicable,Not Applicable,Not Applicable,Not Applicable,No,0.0,Not Applicable,No,Not Applicable,Yes,Yes,No,No,No,1.0,2257.08,1013.26,0.0,0.752,Email,Edge,40,Light,-0.19239,542.0,16.0,24.0,Yes,189.0,Active,Not Applicable,30.0,Yes,Yes,3.0,3.0,0.0,0.0,1.0,Yes,No,0.0,3.0,Yes,Yes,Yes,No,No,No,0.4489251599411629,Medium,7.0,0.0,Valid Claim
CLM00807,Laptop,Business Laptop,Device,Main Unit,NovaTech,24.0,No,Power Failure,Manufacturing Defect,No,No,Not Applicable,Not Applicable,Not Applicable,Not Applicable,Not Applicable,Not Applicable,Not Applicable,Not Applicable,Yes,Yes,Yes,Yes,Yes,Yes,Not Applicable,Not Applicable,Not Applicable,Not Applicable,Not Applicable,Not Applicable,Not Applicable,No,0.0,Not Applicable,No,Not Applicable,Yes,Yes,No,No,No,0.0,1373.64,727.04,0.0,0.847,Mobile App,Firefox,54,Light,-0.206,485.0,4.0,24.0,Yes,246.0,Active,Not Applicable,30.0,Yes,Yes,3.0,3.0,0.0,0.0,1.0,Yes,No,0.0,3.0,Yes,Yes,Yes,No,No,No,0.5292798695436941,Medium,4.0,6.0,Valid Claim
CLM00808,Camera,Action Camera,Camera Body,Camera Body,Aster,24.0,No,Display Failure,Internal Component Failure,No,No,Not Applicable,Not Applicable,Not Applicable,Not Applicable,Not Applicable,Not Applicable,Not Applicable,Not Applicable,Yes,No,Yes,Yes,Yes,Yes,Not Applicable,Not Applicable,Not Applicable,Not Applicable,Not Applicable,Not Applicable,Yes,Yes,3.0,Unknown,Yes,Yes,Yes,Yes,No,No,No,2.0,3091.78,429.24,411.84,0.967,Service Center,Firefox,36,System,-0.6368,665.0,16.0,24.0,Yes,65.0,Active,Not Applicable,30.0,Yes,Yes,4.0,4.0,0.0,0.0,1.0,Yes,No,0.0,4.0,Yes,Yes,Yes,Yes,Yes,No,0.1388326465660558,High,7.0,2.0,Manual Review
CLM00809,Air Conditioner,Split,Outdoor Unit,Compressor,HomePro,60.0,No,Noise,Electrical Failure,Not Applicable,Not Applicable,Not Applicable,Not Applicable,Yes,Not Applicable,Not Applicable,Unknown,Outdoor Unit,Not Applicable,Yes,Yes,No,Yes,Yes,Yes,Yes,Not Applicable,Not Applicable,Yes,Not Applicable,Not Applicable,Yes,Yes,1.0,Yes,No,Not Applicable,No,Yes,No,No,No,0.0,2189.0,933.3,205.12,0.763,Web,MobileWebView,26,Dark,-0.085,1640.0,37.0,60.0,Yes,187.0,Active,Active,30.0,No,Yes,6.0,6.0,0.0,0.0,1.0,Yes,No,0.0,6.0,Yes,Yes,No,Yes,No,Not Applicable,0.4263590680676107,Medium,3.0,5.0,Invalid Claim
CLM00810,Smartphone,Foldable Smartphone,Charger,Charger,,6.0,No,Display Failure,Water Damage,No,Yes,Not Applicable,Not Applicable,Not Applicable,Not Applicable,Not Applicable,Not Applicable,Not Applicable,Not Applicable,Yes,Yes,No,Yes,Yes,Yes,Not Applicable,Not Applicable,Not Applicable,Not Applicable,Not Applicable,Not Applicable,Not Applicable,No,0.0,Not Applicable,Yes,Yes,Yes,Yes,No,No,No,1.0,1281.19,358.0,0.0,0.985,Mobile App,Safari,49,Light,-0.64795,90.0,11.0,6.0,Yes,92.0,Active,Active,30.0,Yes,No,3.0,3.0,0.0,0.0,1.0,Yes,No,0.0,3.0,Yes,Yes,Yes,No,Yes,Yes,0.2794277195419883,High,1.0,6.0,Invalid Claim
CLM00811,Printer,Inkjet,Power,Main Unit,NovaTech,12.0,No,Power Failure,Electrical Failure,Not Applicable,Not Applicable,Not Applicable,Not Applicable,Unknown,Not Applicable,No,Not Applicable,Not Applicable,Original,Yes,Yes,Yes,Yes,Yes,Yes,Not Applicable,Not Applicable,Not Applicable,Not Applicable,Not Applicable,No,Not Applicable,No,0.0,Not Applicable,No,Not Applicable,Yes,Yes,No,No,No,1.0,314.87,73.07,0.0,0.803,Service Center,Firefox,41,Light,0.43014,135.0,4.0,12.0,Yes,230.0,Active,Not Applicable,30.0,Yes,Yes,4.0,3.0,1.0,0.0,0.75,No,No,1.0,3.0,Yes,Yes,Yes,No,No,No,0.2320640264236033,Medium,5.0,1.0,Manual Review
CLM00812,Washing Machine,Top Load,Power,Main Unit,PrimeView,24.0,No,Power Failure,Electrical Failure,Not Applicable,Not Applicable,Not Applicable,Household,No,Not Applicable,No,Not Applicable,Not Applicable,Not Applicable,Yes,Yes,Yes,Yes,Yes,No,Not Applicable,Not Applicable,Not Applicable,Not Applicable,Not Applicable,Not Applicable,,No,0.0,Not Applicable,Yes,No,Yes,Yes,No,No,No,0.0,2062.83,1738.97,0.0,0.749,Web,Chrome,20,System,-0.41332,372.0,3.0,24.0,Yes,358.0,Active,Not Applicable,30.0,Yes,Yes,3.0,2.0,1.0,0.0,0.6666666666666666,No,No,1.0,2.0,Yes,Yes,Yes,No,Yes,No,0.8430020893626717,Medium,11.0,4.0,Manual Review
CLM00813,Laptop,Gaming Laptop,Battery,Battery,ZenCore,12.0,No,Battery Problem,Normal Wear,No,No,Yes,Not Applicable,Not Applicable,Not Applicable,Not Applicable,Not Applicable,Not Applicable,Not Applicable,Yes,Yes,No,Yes,Yes,Yes,Not Applicable,No,Not Applicable,Not Applicable,Not Applicable,Not Applicable,Not Applicable,No,0.0,Not Applicable,Yes,No,Yes,Yes,No,No,No,1.0,1421.3,191.82,0.0,0.812,Mobile App,MobileWebView,51,Dark,-1.138,158.0,7.0,12.0,Yes,207.0,Active,Active,30.0,Yes,No,4.0,3.0,1.0,0.0,0.75,No,No,1.0,3.0,Yes,Yes,Yes,No,Yes,No,0.1349609512418208,Medium,7.0,0.0,Invalid Claim
CLM00814,Smartphone,Rugged Smartphone,Phone,Main Unit,NovaTech,12.0,Yes,Connectivity Issue,Electrical Failure,No,No,Not Applicable,Not Applicable,Not Applicable,Not Applicable,Not Applicable,Not Applicable,Not Applicable,Not Applicable,No,Yes,No,Yes,No,Yes,Not Applicable,Not Applicable,Not Applicable,Not Applicable,Not Applicable,Not Applicable,Not Applicable,No,0.0,Not Applicable,No,Not Applicable,Yes,Yes,No,No,No,1.0,531.23,403.04,0.0,0.921,Web,Edge,14,Dark,-0.36613,381.0,19.0,12.0,Yes,350.0,Active,Not Applicable,30.0,Yes,Yes,3.0,2.0,1.0,0.0,0.6666666666666666,No,Yes,1.0,2.0,No,Yes,Yes,No,No,No,0.7586920919375788,High,2.0,2.0,Manual Review
CLM00815,Printer,Thermal,Ink or Toner,Ink Or Toner,PrimeView,0.0,No,Mechanical Failure,Internal Component Failure,Not Applicable,Not Applicable,Not Applicable,Not Applicable,Yes,Not Applicable,No,Not Applicable,Not Applicable,Compatible,Yes,Yes,Yes,,Yes,Yes,Not Applicable,Not Applicable,Not Applicable,Not Applicable,Not Applicable,Yes,Yes,Yes,3.0,Yes,No,Not Applicable,Yes,Yes,No,No,No,3.0,1088.2,98.28,187.36,0.908,Email,Chrome,27,System,-0.98312,230.0,17.0,0.0,No,,Not Eligible,Not Eligible,30.0,Yes,No,5.0,5.0,0.0,0.0,1.0,Yes,No,0.0,5.0,Yes,Yes,Yes,Yes,No,No,0.0903142804631501,High,1.0,3.0,Invalid Claim
CLM00816,Laptop,Business Laptop,Device,Main Unit,NovaTech,24.0,No,Battery Problem,Normal Wear,No,Yes,Yes,Not Applicable,Not Applicable,Not Applicable,Not Applicable,Not Applicable,Not Applicable,Not Applicable,Yes,No,Yes,Yes,Yes,No,Not Applicable,Not Applicable,Not Applicable,Not Applicable,Not Applicable,Not Applicable,Not Applicable,No,0.0,Not Applicable,No,Not Applicable,Yes,Yes,No,No,No,1.0,2081.64,765.42,0.0,0.951,Web,Chrome,37,System,-0.3853,413.0,11.0,24.0,Yes,318.0,Active,Not Applicable,30.0,Yes,No,3.0,2.0,1.0,0.0,0.6666666666666666,No,No,1.0,2.0,Yes,Yes,Yes,No,No,Yes,0.3677004669395284,High,7.0,2.0,Invalid Claim
CLM00817,Washing Machine,Washer Dryer,Power,Main Unit,PrimeView,24.0,No,Power Failure,Electrical Failure,Not Applicable,Not Applicable,Not Applicable,Household,No,Not Applicable,No,Not Applicable,Not Applicable,Not Applicable,Yes,Yes,Yes,Yes,No,Yes,Not Applicable,Not Applicable,Not Applicable,Not Applicable,Not Applicable,Not Applicable,Yes,Yes,3.0,Yes,No,Not Applicable,Yes,Yes,No,No,No,2.0,2039.67,853.97,297.76,0.922,Web,Edge,4,Light,-1.16309,481.0,6.0,24.0,Yes,249.0,Active,Not Applicable,30.0,Yes,Yes,4.0,3.0,1.0,0.0,0.75,No,Yes,1.0,3.0,Yes,Yes,Yes,Yes,No,No,0.4186804728215839,High,4.0,1.0,Manual Review
CLM00818,Camera,Action Camera,Camera Body,Camera Body,NovaTech,24.0,No,Battery Problem,Internal Component Failure,No,No,Yes,Not Applicable,Not Applicable,Not Applicable,Not Applicable,Not Applicable,Not Applicable,Not Applicable,Yes,,Yes,Yes,Yes,Yes,Not Applicable,Not Applicable,Not Applicable,Not Applicable,Not Applicable,Not Applicable,Yes,Yes,2.0,Yes,No,Not Applicable,No,Yes,No,No,No,1.0,1749.75,1065.72,181.38,0.824,Email,Safari,59,System,1.75836,694.0,17.0,24.0,Yes,37.0,Active,Not Applicable,30.0,Yes,Yes,4.0,4.0,0.0,0.0,1.0,Yes,No,0.0,4.0,Yes,Yes,No,Yes,No,No,0.6090698671238749,Medium,10.0,3.0,Invalid Claim
CLM00819,Printer,Thermal,Printing,Main Unit,NovaTech,12.0,No,Mechanical Failure,Physical Damage,Not Applicable,Not Applicable,Not Applicable,Not Applicable,No,Not Applicable,No,Not Applicable,Not Applicable,Original,Yes,Yes,Yes,Yes,Yes,Yes,Not Applicable,Not Applicable,Not Applicable,Not Applicable,Not Applicable,No,Not Applicable,No,0.0,Not Applicable,No,Not Applicable,Yes,Yes,No,No,No,0.0,771.98,595.43,0.0,0.956,Web,MobileWebView,9,Light,1.75325,146.0,18.0,12.0,Yes,219.0,Active,Not Applicable,30.0,Yes,No,4.0,3.0,1.0,0.0,0.75,No,No,1.0,3.0,Yes,Yes,Yes,No,No,No,0.7713023653462524,High,8.0,6.0,Invalid Claim
CLM00820,Television,LED,Sound,Main Unit,Aster,24.0,No,Audio Failure,Normal Wear,No,Not Applicable,Not Applicable,Not Applicable,Not Applicable,No,Not Applicable,Not Applicable,Not Applicable,Not Applicable,Yes,,No,Yes,Yes,Yes,Not Applicable,Not Applicable,Not Applicable,Not Applicable,Not Applicable,Not Applicable,Not Applicable,No,0.0,Not Applicable,No,Not Applicable,Yes,Yes,No,No,No,2.0,1771.72,1443.91,,0.742,Service Center,Chrome,38,Light,-0.53629,660.0,13.0,24.0,Yes,71.0,Active,Not Applicable,30.0,Yes,No,3.0,3.0,0.0,0.0,1.0,Yes,No,0.0,3.0,Yes,Yes,Yes,No,No,No,0.8149764071072179,Medium,12.0,3.0,Invalid Claim
CLM00821,Smartphone,Rugged Smartphone,Phone,Main Unit,PrimeView,12.0,No,Connectivity Issue,Electrical Failure,No,No,Not Applicable,Not Applicable,Not Applicable,Not Applicable,Not Applicable,Not Applicable,Not Applicable,Not Applicable,Yes,Yes,No,Yes,Yes,Yes,Not Applicable,Not Applicable,Not Applicable,Not Applicable,Not Applicable,Not Applicable,Not Applicable,No,0.0,Not Applicable,No,Not Applicable,Yes,Yes,No,No,No,0.0,1685.77,333.99,0.0,0.766,Web,Chrome,6,Light,0.62853,328.0,4.0,12.0,Yes,37.0,Active,Not Applicable,30.0,Yes,Yes,3.0,3.0,0.0,0.0,1.0,Yes,No,0.0,3.0,Yes,Yes,Yes,No,No,No,0.1981231128801675,Medium,3.0,3.0,Valid Claim
CLM00822,Camera,Mirrorless,Not Sure,Battery,NovaTech,6.0,No,Connectivity Issue,Internal Component Failure,No,No,Yes,Not Applicable,Not Applicable,Not Applicable,Not Applicable,Not Applicable,Not Applicable,Not Applicable,Yes,Yes,No,Yes,Yes,Yes,Not Applicable,Not Applicable,Not Applicable,Not Applicable,Not Applicable,Not Applicable,Not Applicable,No,0.0,Not Applicable,No,Not Applicable,Yes,Yes,No,No,No,0.0,2500.45,914.72,0.0,0.902,Mobile App,MobileWebView,54,Light,0.48607,67.0,20.0,6.0,Yes,117.0,Active,Active,30.0,Yes,Yes,3.0,3.0,0.0,0.0,1.0,Yes,No,0.0,3.0,Yes,Yes,Yes,No,No,No,0.3658221520126377,High,10.0,2.0,Valid Claim
CLM00823,Refrigerator,Double Door,Power,Main Unit,HomePro,24.0,No,Power Failure,Physical Damage,Not Applicable,Not Applicable,Not Applicable,Household,No,Not Applicable,Not Applicable,Not Applicable,Not Applicable,Not Applicable,No,Yes,Yes,Yes,Yes,Yes,Not Applicable,Not Applicable,Not Applicable,Not Applicable,Not Applicable,Not Applicable,,No,0.0,Not Applicable,No,Not Applicable,Yes,Yes,No,No,No,1.0,711.47,193.43,0.0,0.721,Email,Chrome,4,Dark,0.46435,420.0,18.0,24.0,Yes,310.0,Active,Not Applicable,30.0,Yes,No,3.0,3.0,0.0,0.0,1.0,Yes,No,0.0,3.0,No,Yes,Yes,No,No,Not Applicable,0.2718737262287939,Medium,8.0,1.0,Invalid Claim
CLM00824,Refrigerator,French Door,Noise,Main Unit,Aster,24.0,No,Noise,Internal Component Failure,Not Applicable,Not Applicable,Not Applicable,Household,Unknown,Not Applicable,Not Applicable,Not Applicable,Not Applicable,Not Applicable,Yes,Yes,No,Yes,Yes,Yes,Not Applicable,Not Applicable,Not Applicable,Not Applicable,Not Applicable,Not Applicable,No,Yes,3.0,Yes,No,Not Applicable,Yes,Yes,No,No,No,0.0,2870.24,2388.13,224.76,0.943,Web,Firefox,22,Dark,-0.1087,427.0,13.0,24.0,Yes,304.0,Active,Not Applicable,30.0,Yes,Yes,4.0,3.0,1.0,0.0,0.75,No,No,1.0,3.0,Yes,Yes,Yes,Yes,No,Not Applicable,0.8320314677518257,High,3.0,1.0,Manual Review
CLM00825,Washing Machine,Washer Dryer,Power,Main Unit,HomePro,24.0,No,Power Failure,Electrical Failure,Not Applicable,Not Applicable,Not Applicable,Household,No,Not Applicable,No,Not Applicable,Not Applicable,Not Applicable,Yes,Yes,No,Yes,No,No,Not Applicable,Not Applicable,Not Applicable,Not Applicable,Not Applicable,Not Applicable,Not Applicable,No,0.0,Not Applicable,No,Not Applicable,Yes,Yes,No,No,No,0.0,451.76,366.18,0.0,0.786,Mobile App,Firefox,22,Dark,0.13588,524.0,9.0,24.0,Yes,207.0,Active,Not Applicable,30.0,Yes,Yes,3.0,1.0,2.0,0.0,0.3333333333333333,No,Yes,2.0,1.0,Yes,Yes,Yes,No,No,No,0.8105631308659466,Medium,4.0,5.0,Manual Review
CLM00826,Printer,Thermal,Paper Feed,Main Unit,NovaTech,12.0,No,Paper Feed Failure,Manufacturing Defect,Not Applicable,Not Applicable,Not Applicable,Not Applicable,Yes,Not Applicable,No,Not Applicable,Not Applicable,Original,Yes,Yes,No,Yes,Yes,Yes,Not Applicable,Not Applicable,Not Applicable,Not Applicable,Not Applicable,Yes,,No,0.0,Not Applicable,No,Not Applicable,Yes,Yes,No,No,No,0.0,1118.62,425.84,0.0,0.737,Web,Safari,27,Dark,0.58271,348.0,20.0,12.0,Yes,17.0,Nearing Expiry,Not Applicable,30.0,Yes,Yes,4.0,4.0,0.0,0.0,1.0,Yes,No,0.0,4.0,Yes,Yes,Yes,No,No,No,0.3806833419749334,Medium,3.0,5.0,Valid Claim
CLM00827,Air Conditioner,Cassette,Indoor Unit,Main Unit,HomePro,24.0,No,Cooling Failure,Electrical Failure,Not Applicable,Not Applicable,Not Applicable,Not Applicable,No,Not Applicable,Not Applicable,No,Indoor Unit,Not Applicable,Yes,,Yes,Yes,Yes,Yes,Yes,Not Applicable,Not Applicable,Not Applicable,Not Applicable,Not Applicable,Yes,Yes,1.0,Yes,No,Not Applicable,Yes,Yes,No,No,Yes,2.0,613.63,534.1,470.22,0.802,Web,Safari,56,System,0.0533,535.0,,24.0,Yes,196.0,Active,Not Applicable,30.0,Unknown,Yes,5.0,5.0,0.0,0.0,1.0,Yes,No,0.0,5.0,Yes,Yes,Yes,Yes,No,Not Applicable,0.8703942114955266,Medium,1.0,6.0,Manual Review
CLM00828,Refrigerator,Single Door,Cooling,Compressor,ZenCore,120.0,No,Cooling Failure,Misuse,Not Applicable,Not Applicable,Not Applicable,Household,No,Not Applicable,Not Applicable,Not Applicable,Not Applicable,Not Applicable,Yes,Yes,Yes,Yes,Yes,Yes,Not Applicable,Not Applicable,Not Applicable,Yes,Not Applicable,Not Applicable,,No,0.0,Not Applicable,No,Not Applicable,Yes,Yes,No,No,No,0.0,1025.97,887.37,0.0,0.595,Mobile App,Edge,47,System,1.26182,3438.0,18.0,120.0,Yes,214.0,Active,Active,30.0,Yes,No,4.0,4.0,0.0,0.0,1.0,Yes,No,0.0,4.0,Yes,Yes,Yes,No,No,Not Applicable,0.864908330652943,Low,7.0,2.0,Invalid Claim
CLM00829,Laptop,2-in-1,Device,Main Unit,Aster,24.0,Yes,Overheating,Normal Wear,No,No,Not Applicable,Not Applicable,Not Applicable,Not Applicable,Not Applicable,Not Applicable,Not Applicable,Not Applicable,Yes,No,Yes,Yes,Yes,No,Not Applicable,Not Applicable,Not Applicable,Not Applicable,Not Applicable,Not Applicable,Not Applicable,No,0.0,Not Applicable,No,Not Applicable,Yes,Yes,No,No,No,0.0,2541.63,707.25,0.0,0.728,Web,Chrome,44,System,0.59372,818.0,12.0,24.0,Yes,278.0,Active,Not Applicable,30.0,Yes,No,3.0,2.0,1.0,0.0,0.6666666666666666,No,No,1.0,2.0,Yes,Yes,Yes,No,No,No,0.2782663094156112,Medium,11.0,0.0,Invalid Claim
CLM00830,Camera,DSLR,Battery,Battery,Aster,6.0,No,Display Failure,Accidental Damage,Unknown,No,Unknown,Not Applicable,Not Applicable,Not Applicable,Not Applicable,Not Applicable,Not Applicable,Not Applicable,Yes,Yes,Yes,Yes,Yes,Yes,Not Applicable,Not Applicable,Not Applicable,Not Applicable,Not Applicable,Not Applicable,Not Applicable,No,0.0,Not Applicable,No,Not Applicable,Yes,Yes,No,No,No,1.0,1158.12,946.14,0.0,0.937,Service Center,Chrome,15,Dark,-1.26988,118.0,5.0,6.0,Yes,66.0,Active,Active,30.0,Yes,No,3.0,3.0,0.0,0.0,1.0,Yes,No,0.0,3.0,Yes,Yes,Yes,No,No,Unknown,0.8169619728525542,High,12.0,0.0,Invalid Claim
CLM00831,Refrigerator,Single Door,Noise,Compressor,HomePro,120.0,No,Noise,Internal Component Failure,Not Applicable,Not Applicable,Not Applicable,Household,Yes,Not Applicable,Not Applicable,Not Applicable,Not Applicable,Not Applicable,Yes,No,Yes,Yes,Yes,Yes,Not Applicable,Not Applicable,Not Applicable,Yes,Not Applicable,Not Applicable,,No,0.0,Not Applicable,No,Not Applicable,Unknown,Yes,No,No,No,2.0,1875.09,198.87,0.0,0.735,Mobile App,MobileWebView,50,Dark,1.1822,3535.0,42.0,120.0,Yes,118.0,Active,Active,30.0,No,Yes,4.0,4.0,0.0,0.0,1.0,Yes,No,0.0,4.0,Yes,Yes,Unknown,No,No,Not Applicable,0.1060589091723597,Medium,3.0,5.0,Invalid Claim
CLM00832,Printer,Thermal,Paper Feed,Main Unit,PrimeView,12.0,No,Paper Feed Failure,Accidental Damage,Not Applicable,Not Applicable,Not Applicable,Not Applicable,No,Not Applicable,No,Not Applicable,Not Applicable,Compatible,Yes,Yes,Yes,Yes,Yes,Yes,Not Applicable,Not Applicable,Not Applicable,Not Applicable,Not Applicable,No,Yes,Yes,3.0,Yes,No,Not Applicable,Yes,Yes,No,No,No,0.0,273.99,156.69,391.54,0.925,Service Center,MobileWebView,54,Dark,1.47033,289.0,15.0,12.0,Yes,76.0,Active,Not Applicable,30.0,Yes,No,5.0,4.0,1.0,0.0,0.8,No,No,1.0,4.0,Yes,Yes,Yes,Yes,No,No,0.5718821854812219,High,10.0,2.0,Invalid Claim
CLM00833,Smartphone,Foldable Smartphone,Battery,Battery,Aster,12.0,No,Display Failure,Manufacturing Defect,No,No,Yes,Not Applicable,Not Applicable,Not Applicable,Not Applicable,Not Applicable,Not Applicable,Not Applicable,Yes,Yes,No,Yes,No,Yes,Not Applicable,Yes,Not Applicable,Not Applicable,Not Applicable,Not Applicable,No,Yes,1.0,Yes,No,Not Applicable,Yes,Yes,No,No,No,1.0,1004.74,867.4,578.97,0.958,Web,Firefox,13,Light,0.94385,552.0,1.0,12.0,Yes,-187.0,Expired,Expired,30.0,Yes,Yes,5.0,3.0,2.0,0.0,0.6,No,Yes,2.0,3.0,Yes,Yes,Yes,Yes,No,No,0.8633079204570336,High,12.0,5.0,Invalid Claim
CLM00834,Washing Machine,Front Load,Noise,Motor,HomePro,120.0,No,Noise,Manufacturing Defect,Not Applicable,Not Applicable,Not Applicable,Household,No,Not Applicable,No,Not Applicable,Not Applicable,Not Applicable,Yes,Yes,No,Yes,Yes,Yes,Not Applicable,Not Applicable,Not Applicable,Yes,Not Applicable,Not Applicable,Not Applicable,No,0.0,Not Applicable,No,Not Applicable,Yes,Yes,No,No,No,1.0,1933.79,881.51,0.0,0.831,Mobile App,Firefox,15,Light,1.73958,3354.0,11.0,120.0,Yes,299.0,Active,Active,30.0,Yes,Yes,4.0,4.0,0.0,0.0,1.0,Yes,No,0.0,4.0,Yes,Yes,Yes,No,No,No,0.4558457743601942,Medium,8.0,0.0,Valid Claim
CLM00835,Printer,Thermal,Power,Main Unit,NovaTech,12.0,No,Power Failure,Internal Component Failure,Not Applicable,Not Applicable,Not Applicable,Not Applicable,No,Not Applicable,No,Not Applicable,Not Applicable,Original,Yes,Yes,Yes,Yes,Yes,Yes,Not Applicable,Not Applicable,Not Applicable,Not Applicable,Not Applicable,No,Not Applicable,No,0.0,Not Applicable,No,Not Applicable,Yes,Yes,No,No,No,1.0,920.59,250.21,0.0,0.736,Mobile App,Firefox,11,System,0.12368,357.0,3.0,12.0,Yes,8.0,Nearing Expiry,Not Applicable,30.0,Yes,Yes,4.0,3.0,1.0,0.0,0.75,No,No,1.0,3.0,Yes,Yes,Yes,No,No,No,0.2717930892145254,Medium,2.0,0.0,Manual Review
CLM00836,Smartphone,Rugged Smartphone,Not Sure,Battery,Aster,12.0,No,Display Failure,Electrical Failure,No,No,Yes,Not Applicable,Not Applicable,Not Applicable,Not Applicable,Not Applicable,Not Applicable,Not Applicable,Yes,Yes,Yes,Yes,Yes,Yes,Not Applicable,No,Not Applicable,Not Applicable,Not Applicable,Not Applicable,Not Applicable,No,0.0,Not Applicable,No,Not Applicable,Yes,Yes,No,No,No,1.0,1641.12,280.32,0.0,0.872,Web,Safari,41,Light,0.39407,189.0,2.0,12.0,Yes,176.0,Active,Active,30.0,Yes,Yes,4.0,3.0,1.0,0.0,0.75,No,No,1.0,3.0,Yes,Yes,Yes,No,No,No,0.1708101784147411,High,5.0,6.0,Manual Review
CLM00837,Air Conditioner,Window,Not Sure,Main Unit,HomePro,24.0,No,Noise,Internal Component Failure,Not Applicable,Not Applicable,Not Applicable,Not Applicable,Yes,Not Applicable,Not Applicable,No,Not Sure,Not Applicable,No,Yes,Yes,Yes,Yes,Yes,Yes,Not Applicable,Not Applicable,Not Applicable,Not Applicable,Not Applicable,Not Applicable,No,0.0,Not Applicable,No,Not Applicable,Yes,Yes,No,No,No,0.0,1065.4,768.21,0.0,0.897,Mobile App,Edge,26,Light,-1.34709,530.0,8.0,24.0,Yes,201.0,Active,Not Applicable,30.0,Yes,Yes,4.0,4.0,0.0,0.0,1.0,Yes,No,0.0,4.0,No,Yes,Yes,No,No,Not Applicable,0.7210531255866341,High,7.0,5.0,Valid Claim
CLM00838,Laptop,Gaming Laptop,Device,Main Unit,NovaTech,24.0,Yes,Display Failure,Manufacturing Defect,No,No,Not Applicable,Not Applicable,Not Applicable,Not Applicable,Not Applicable,Not Applicable,Not Applicable,Not Applicable,Yes,Yes,Yes,Yes,Yes,Yes,Not Applicable,Not Applicable,Not Applicable,Not Applicable,Not Applicable,Not Applicable,Not Applicable,No,0.0,Not Applicable,No,Not Applicable,Yes,Yes,No,No,Yes,1.0,2438.84,851.79,0.0,0.722,Service Center,Chrome,10,System,2.12098,886.0,23.0,24.0,Yes,210.0,Active,Not Applicable,30.0,Yes,Yes,3.0,3.0,0.0,0.0,1.0,Yes,No,0.0,3.0,Yes,Yes,Yes,No,No,No,0.3492603040789883,Medium,11.0,0.0,Manual Review
CLM00839,Television,LED,Not Sure,Main Unit,Aster,24.0,No,Power Failure,Physical Damage,Yes,Not Applicable,Not Applicable,Not Applicable,Not Applicable,No,Not Applicable,Not Applicable,Not Applicable,Not Applicable,Yes,,No,Yes,Yes,Yes,Not Applicable,Not Applicable,Not Applicable,Not Applicable,Not Applicable,Not Applicable,Not Applicable,No,0.0,Not Applicable,No,Not Applicable,Yes,No,No,No,No,0.0,2100.19,402.98,,0.972,Web,Chrome,43,System,-0.92228,557.0,6.0,24.0,Yes,173.0,Active,Not Applicable,30.0,Yes,No,3.0,3.0,0.0,0.0,1.0,Yes,No,0.0,3.0,Yes,Yes,Yes,No,No,Yes,0.1918778777158257,High,6.0,0.0,Invalid Claim
CLM00840,Television,QLED,Power,Main Unit,PrimeView,24.0,No,Power Failure,Internal Component Failure,No,Not Applicable,Not Applicable,Not Applicable,Not Applicable,No,Not Applicable,Not Applicable,Not Applicable,Not Applicable,Yes,Yes,Yes,Yes,Yes,No,Not Applicable,Not Applicable,Not Applicable,Not Applicable,Not Applicable,Not Applicable,Not Applicable,No,0.0,Not Applicable,Yes,Yes,Yes,Yes,No,No,No,1.0,1542.27,1310.05,0.0,0.78,Email,MobileWebView,3,Dark,0.81659,902.0,18.0,24.0,Yes,-171.0,Expired,Not Applicable,30.0,Yes,Yes,3.0,2.0,1.0,0.0,0.6666666666666666,No,No,1.0,2.0,Yes,Yes,Yes,No,Yes,No,0.8494297366868317,Medium,1.0,2.0,Invalid Claim
CLM00841,Television,OLED,Sound,Main Unit,Aster,24.0,No,Audio Failure,Misuse,No,Not Applicable,Not Applicable,Not Applicable,Not Applicable,No,Not Applicable,Not Applicable,Not Applicable,Not Applicable,Yes,Yes,No,Yes,Yes,Yes,Not Applicable,Not Applicable,Not Applicable,Not Applicable,Not Applicable,Not Applicable,Not Applicable,No,0.0,Not Applicable,Yes,Yes,No,Yes,No,No,No,1.0,2468.29,608.44,0.0,0.958,Web,MobileWebView,45,Dark,1.0192,518.0,16.0,24.0,Yes,212.0,Active,Not Applicable,30.0,Yes,No,3.0,3.0,0.0,0.0,1.0,Yes,No,0.0,3.0,Yes,Yes,No,No,Yes,No,0.2465026394791536,High,8.0,5.0,Invalid Claim
CLM00842,Washing Machine,Front Load,Water Leakage,Main Unit,HomePro,24.0,Yes,Water Leakage,Manufacturing Defect,Not Applicable,Not Applicable,Not Applicable,Household,Yes,Not Applicable,No,Not Applicable,Not Applicable,Not Applicable,Yes,No,Yes,No,,Yes,Not Applicable,Not Applicable,Not Applicable,Not Applicable,Not Applicable,Not Applicable,Not Applicable,No,0.0,Not Applicable,No,Not Applicable,Yes,Yes,No,No,No,1.0,990.55,753.5,0.0,0.942,Web,Edge,18,Light,-0.38292,1055.0,3.0,24.0,Yes,41.0,Active,Not Applicable,30.0,Yes,Yes,3.0,2.0,0.0,1.0,0.6666666666666666,Unknown,Unknown,0.0,2.0,Yes,Yes,Yes,No,No,No,0.7606885063853415,High,7.0,0.0,Valid Claim
CLM00843,Television,Mini-LED,Power,Main Unit,Aster,24.0,No,Power Failure,Manufacturing Defect,No,Not Applicable,Not Applicable,Not Applicable,Not Applicable,No,Not Applicable,Not Applicable,Not Applicable,Not Applicable,Yes,Yes,No,Yes,Yes,Yes,Not Applicable,Not Applicable,Not Applicable,Not Applicable,Not Applicable,Not Applicable,Not Applicable,No,0.0,Not Applicable,No,Not Applicable,Yes,Yes,No,No,No,0.0,1339.34,1228.91,0.0,0.882,Web,Edge,15,System,-0.81883,545.0,12.0,24.0,Yes,186.0,Active,Not Applicable,30.0,Yes,Yes,3.0,3.0,0.0,0.0,1.0,Yes,No,0.0,3.0,Yes,Yes,Yes,No,No,No,0.9175489420162172,High,9.0,6.0,Valid Claim
CLM00844,Refrigerator,Side-by-Side,Noise,Main Unit,ZenCore,24.0,Yes,Noise,Improper Ventilation,Not Applicable,Not Applicable,Not Applicable,Household,No,Not Applicable,Not Applicable,Not Applicable,Not Applicable,Not Applicable,Yes,Yes,Yes,Yes,Yes,,Not Applicable,Not Applicable,Not Applicable,Not Applicable,Not Applicable,Not Applicable,Not Applicable,No,0.0,Not Applicable,No,Not Applicable,Yes,Yes,No,No,No,2.0,2205.41,1578.51,0.0,0.823,Email,MobileWebView,44,Light,-1.50778,932.0,13.0,24.0,Yes,164.0,Active,Not Applicable,30.0,Yes,No,3.0,2.0,0.0,1.0,0.6666666666666666,Unknown,No,0.0,2.0,Yes,Yes,Yes,No,No,Not Applicable,0.7157444647480514,Medium,5.0,3.0,Invalid Claim
CLM00845,Camera,Action Camera,Lens,Lens,PrimeView,24.0,No,Connectivity Issue,Manufacturing Defect,No,No,Not Applicable,Not Applicable,Not Applicable,Not Applicable,Not Applicable,Not Applicable,Not Applicable,Not Applicable,No,No,Yes,Yes,Yes,Yes,Not Applicable,Not Applicable,Not Applicable,Not Applicable,Yes,Not Applicable,Yes,Yes,3.0,Yes,No,Not Applicable,Yes,Yes,Yes,No,No,0.0,2415.03,2183.17,204.48,0.854,Service Center,MobileWebView,41,Light,-0.00507,512.0,17.0,24.0,Yes,219.0,Active,Active,30.0,Yes,Yes,5.0,5.0,0.0,0.0,1.0,Yes,No,0.0,5.0,No,Yes,Yes,Yes,No,No,0.9039929110611462,High,1.0,5.0,Invalid Claim
CLM00846,Air Conditioner,Split,Indoor Unit,Compressor,Aster,60.0,No,Noise,Electrical Failure,Not Applicable,Not Applicable,Not Applicable,Not Applicable,Yes,Not Applicable,Not Applicable,No,Indoor Unit,Not Applicable,Yes,Yes,Yes,Yes,Yes,Yes,Yes,Not Applicable,Not Applicable,Yes,Not Applicable,Not Applicable,Not Applicable,No,0.0,Not Applicable,No,Not Applicable,Yes,Yes,No,No,No,1.0,1344.01,152.06,0.0,0.696,Mobile App,Edge,8,System,-0.27649,1933.0,58.0,60.0,Yes,-107.0,Expired,Expired,30.0,No,Yes,5.0,5.0,0.0,0.0,1.0,Yes,No,0.0,5.0,Yes,Yes,Yes,No,No,Not Applicable,0.1131390391440539,Low,12.0,6.0,Invalid Claim
CLM00847,Air Conditioner,Window,Outdoor Unit,Main Unit,Aster,24.0,No,Cooling Failure,Electrical Failure,Not Applicable,Not Applicable,Not Applicable,Not Applicable,No,Not Applicable,Not Applicable,Unknown,Outdoor Unit,Not Applicable,Yes,Yes,No,Yes,Yes,No,Yes,Not Applicable,Not Applicable,Not Applicable,Not Applicable,Not Applicable,No,Yes,2.0,Yes,No,Not Applicable,Yes,Yes,No,No,No,0.0,574.3,495.68,208.79,0.973,Email,Edge,18,Dark,-0.28067,537.0,38.0,24.0,Yes,193.0,Active,Not Applicable,30.0,No,Yes,5.0,3.0,2.0,0.0,0.6,No,No,2.0,3.0,Yes,Yes,Yes,Yes,No,Not Applicable,0.8631029078878636,High,9.0,3.0,Invalid Claim
CLM00848,Camera,Mirrorless,Camera Body,Camera Body,Aster,24.0,Yes,Battery Problem,Internal Component Failure,No,No,Yes,Not Applicable,Not Applicable,Not Applicable,Not Applicable,Not Applicable,Not Applicable,Not Applicable,Yes,Yes,Yes,Yes,Yes,No,Not Applicable,Not Applicable,Not Applicable,Not Applicable,Not Applicable,Not Applicable,Not Applicable,No,0.0,Not Applicable,Yes,Yes,Yes,Yes,No,No,No,2.0,2196.16,2044.55,0.0,0.89,Mobile App,MobileWebView,36,System,-0.65199,1346.0,22.0,24.0,Yes,-250.0,Expired,Not Applicable,30.0,Yes,Yes,3.0,2.0,1.0,0.0,0.6666666666666666,No,No,1.0,2.0,Yes,Yes,Yes,No,Yes,No,0.9309658676963428,High,12.0,5.0,Invalid Claim
CLM00849,Refrigerator,Single Door,Water Leakage,Main Unit,Aster,24.0,No,Water Leakage,Manufacturing Defect,Not Applicable,Not Applicable,Not Applicable,Business,Unknown,Not Applicable,Not Applicable,Not Applicable,Not Applicable,Not Applicable,Yes,Yes,Yes,,Yes,Yes,Not Applicable,Not Applicable,Not Applicable,Not Applicable,Not Applicable,Not Applicable,,No,0.0,Not Applicable,No,Not Applicable,Yes,Yes,No,No,No,1.0,2739.51,707.87,0.0,0.854,Service Center,Edge,10,Dark,1.2924,,8.0,24.0,Yes,,Unknown,Not Applicable,30.0,Yes,Yes,3.0,3.0,0.0,0.0,1.0,Yes,No,0.0,3.0,Yes,Yes,Yes,No,No,Not Applicable,0.2583929242820796,High,8.0,5.0,Valid Claim
CLM00850,Laptop,Consumer Laptop,Device,Main Unit,Aster,24.0,No,Display Failure,Internal Component Failure,No,Unknown,Not Applicable,Not Applicable,Not Applicable,Not Applicable,Not Applicable,Not Applicable,Not Applicable,Not Applicable,Yes,Yes,Yes,Yes,Yes,Yes,Not Applicable,Not Applicable,Not Applicable,Not Applicable,Not Applicable,Not Applicable,Yes,Yes,3.0,Yes,No,Not Applicable,Yes,Yes,No,No,No,0.0,2277.51,1899.54,494.48,0.826,Service Center,Edge,2,Light,-1.44131,539.0,,24.0,Yes,192.0,Active,Not Applicable,30.0,Unknown,Yes,4.0,4.0,0.0,0.0,1.0,Yes,No,0.0,4.0,Yes,Yes,Yes,Yes,No,Unknown,0.8340424410869764,Medium,10.0,6.0,Valid Claim
CLM00851,Television,QLED,Connection,Main Unit,HomePro,24.0,Yes,Connectivity Issue,Electrical Failure,No,Not Applicable,Not Applicable,Not Applicable,Not Applicable,No,Not Applicable,Not Applicable,Not Applicable,Not Applicable,Yes,Yes,No,Yes,Yes,Yes,Not Applicable,Not Applicable,Not Applicable,Not Applicable,Not Applicable,Not Applicable,Not Applicable,No,0.0,Not Applicable,No,Not Applicable,Yes,Yes,No,No,No,0.0,2120.08,897.04,0.0,0.862,Service Center,MobileWebView,20,Light,-0.63814,,,24.0,Yes,,Unknown,Not Applicable,30.0,Unknown,Yes,3.0,3.0,0.0,0.0,1.0,Yes,No,0.0,3.0,Yes,Yes,Yes,No,No,No,0.423116108826082,High,,,Valid Claim
CLM00852,Refrigerator,Side-by-Side,Water Leakage,Main Unit,ZenCore,24.0,No,Water Leakage,Improper Ventilation,Not Applicable,Not Applicable,Not Applicable,Business,No,Not Applicable,Not Applicable,Not Applicable,Not Applicable,Not Applicable,Yes,Yes,No,No,Yes,Yes,Not Applicable,Not Applicable,Not Applicable,Not Applicable,Not Applicable,Not Applicable,Not Applicable,No,0.0,Not Applicable,No,Not Applicable,Yes,Yes,No,No,No,0.0,904.47,311.26,0.0,0.803,Web,MobileWebView,24,Light,1.28781,572.0,18.0,24.0,Yes,159.0,Active,Not Applicable,30.0,Yes,No,3.0,3.0,0.0,0.0,1.0,Yes,No,0.0,3.0,Yes,Yes,Yes,No,No,Not Applicable,0.3441352394219819,Medium,7.0,3.0,Invalid Claim
CLM00853,Smartphone,Standard Smartphone,Phone,Main Unit,PrimeView,12.0,No,Display Failure,Accidental Damage,Yes,Yes,Not Applicable,Not Applicable,Not Applicable,Not Applicable,Not Applicable,Not Applicable,Not Applicable,Not Applicable,Yes,Yes,No,Yes,Yes,Yes,Not Applicable,Not Applicable,Not Applicable,Not Applicable,Not Applicable,Not Applicable,Yes,Yes,1.0,Yes,No,Not Applicable,Yes,Yes,No,No,No,1.0,1197.13,105.03,347.89,0.81,Web,Safari,39,Light,-2.26344,165.0,7.0,12.0,Yes,201.0,Active,Not Applicable,30.0,Yes,No,4.0,4.0,0.0,0.0,1.0,Yes,No,0.0,4.0,Yes,Yes,Yes,Yes,No,Yes,0.0877348324743344,Medium,5.0,4.0,Invalid Claim
CLM00854,Laptop,Gaming Laptop,Device,Main Unit,ZenCore,24.0,No,Battery Problem,Electrical Failure,No,Unknown,Yes,Not Applicable,Not Applicable,Not Applicable,Not Applicable,Not Applicable,Not Applicable,Not Applicable,Yes,Yes,Yes,,Yes,Yes,Not Applicable,Not Applicable,Not Applicable,Not Applicable,Not Applicable,Not Applicable,No,Yes,3.0,Yes,No,Not Applicable,Yes,Yes,No,No,No,0.0,1754.64,924.7,649.73,0.94,Mobile App,Edge,8,System,0.85591,518.0,20.0,24.0,Yes,213.0,Active,Not Applicable,30.0,Yes,Yes,4.0,3.0,1.0,0.0,0.75,No,No,1.0,3.0,Yes,Yes,Yes,Yes,No,Unknown,0.5270026900104865,High,6.0,5.0,Manual Review
CLM00855,Smartphone,Rugged Smartphone,Phone,Main Unit,NovaTech,12.0,No,Power Failure,Manufacturing Defect,No,Unknown,Not Applicable,Not Applicable,Not Applicable,Not Applicable,Not Applicable,Not Applicable,Not Applicable,Not Applicable,Yes,Yes,No,Yes,No,No,Not Applicable,Not Applicable,Not Applicable,Not Applicable,Not Applicable,Not Applicable,,Yes,2.0,Yes,No,Not Applicable,Yes,No,No,No,No,1.0,1339.2,904.34,568.37,0.94,Mobile App,Chrome,47,System,0.08542,282.0,20.0,12.0,Yes,83.0,Active,Not Applicable,30.0,Yes,Yes,4.0,1.0,2.0,1.0,0.25,No,Yes,2.0,1.0,Yes,Yes,Yes,Yes,No,Unknown,0.6752837514934289,High,10.0,0.0,Manual Review
CLM00856,Camera,Mirrorless,Camera Body,Camera Body,Aster,24.0,Yes,Connectivity Issue,Normal Wear,Yes,No,Not Applicable,Not Applicable,Not Applicable,Not Applicable,Not Applicable,Not Applicable,Not Applicable,Not Applicable,Yes,Yes,Yes,Yes,Yes,Yes,Not Applicable,Not Applicable,Not Applicable,Not Applicable,Not Applicable,Not Applicable,Not Applicable,No,0.0,Not Applicable,No,Not Applicable,Yes,Yes,No,No,No,0.0,1832.52,223.86,0.0,0.646,Mobile App,Firefox,55,Light,-0.92313,875.0,6.0,24.0,Yes,221.0,Active,Not Applicable,30.0,Yes,No,3.0,3.0,0.0,0.0,1.0,Yes,No,0.0,3.0,Yes,Yes,Yes,No,No,Yes,0.1221596490079235,Low,4.0,5.0,Invalid Claim
CLM00857,Printer,Laser,Printing,Main Unit,PrimeView,12.0,No,Mechanical Failure,Electrical Failure,Not Applicable,Not Applicable,Not Applicable,Not Applicable,No,Not Applicable,No,Not Applicable,Not Applicable,Original,Yes,Yes,No,Yes,Yes,Yes,Not Applicable,Not Applicable,Not Applicable,Not Applicable,Not Applicable,Yes,Not Applicable,No,0.0,Not Applicable,No,Not Applicable,Yes,Yes,No,No,No,0.0,356.72,,0.0,0.986,Web,Chrome,16,System,1.73035,125.0,5.0,12.0,Yes,240.0,Active,Not Applicable,30.0,Yes,Yes,4.0,4.0,0.0,0.0,1.0,Yes,No,0.0,4.0,Yes,Yes,Yes,No,No,No,,High,1.0,5.0,Valid Claim
CLM00858,Air Conditioner,Cassette,Outdoor Unit,Main Unit,HomePro,24.0,No,Water Leakage,Manufacturing Defect,Not Applicable,Not Applicable,Not Applicable,Not Applicable,No,Not Applicable,Not Applicable,No,Outdoor Unit,Not Applicable,Yes,Yes,No,Yes,Yes,Yes,Yes,Not Applicable,Not Applicable,Not Applicable,Not Applicable,Not Applicable,Not Applicable,No,0.0,Not Applicable,No,Not Applicable,Yes,Yes,No,No,No,1.0,2276.9,1213.47,0.0,0.933,Web,Chrome,20,Dark,-1.19717,373.0,15.0,24.0,Yes,358.0,Active,Not Applicable,30.0,Yes,Yes,4.0,4.0,0.0,0.0,1.0,Yes,No,0.0,4.0,Yes,Yes,Yes,No,No,Not Applicable,0.5329483069085159,High,1.0,5.0,Valid Claim
CLM00859,Camera,Action Camera,Camera Body,Camera Body,PrimeView,24.0,No,Display Failure,Internal Component Failure,No,No,Not Applicable,Not Applicable,Not Applicable,Not Applicable,Not Applicable,Not Applicable,Not Applicable,Not Applicable,Yes,Yes,Yes,Yes,Yes,Yes,Not Applicable,Not Applicable,Not Applicable,Not Applicable,Not Applicable,Not Applicable,Not Applicable,No,0.0,Not Applicable,No,Not Applicable,Yes,Yes,No,No,No,0.0,364.81,122.64,0.0,0.872,Service Center,Safari,32,Dark,0.42895,709.0,7.0,24.0,Yes,21.0,Nearing Expiry,Not Applicable,30.0,Yes,Yes,3.0,3.0,0.0,0.0,1.0,Yes,No,0.0,3.0,Yes,Yes,Yes,No,No,No,0.3361749952029824,High,3.0,0.0,Valid Claim
CLM00860,Refrigerator,Single Door,Water Leakage,Main Unit,Aster,24.0,No,Water Leakage,Electrical Failure,Not Applicable,Not Applicable,Not Applicable,Household,No,Not Applicable,Not Applicable,Not Applicable,Not Applicable,Not Applicable,Yes,Yes,No,Yes,Yes,Yes,Not Applicable,Not Applicable,Not Applicable,Not Applicable,Not Applicable,Not Applicable,Not Applicable,No,0.0,Not Applicable,No,Not Applicable,Yes,Yes,No,No,No,3.0,1034.9,449.33,0.0,0.728,Service Center,Edge,38,System,1.80353,718.0,10.0,24.0,Yes,13.0,Nearing Expiry,Not Applicable,30.0,Yes,Yes,3.0,3.0,0.0,0.0,1.0,Yes,No,0.0,3.0,Yes,Yes,Yes,No,No,Not Applicable,0.4341772151898733,Medium,12.0,0.0,Valid Claim
CLM00861,Smartphone,Foldable Smartphone,Phone,Main Unit,PrimeView,12.0,No,Power Failure,Internal Component Failure,No,No,Not Applicable,Not Applicable,Not Applicable,Not Applicable,Not Applicable,Not Applicable,Not Applicable,Not Applicable,Yes,Yes,Yes,Yes,Yes,Yes,Not Applicable,Not Applicable,Not Applicable,Not Applicable,Not Applicable,Not Applicable,Not Applicable,No,0.0,Not Applicable,No,Not Applicable,Yes,Yes,No,No,No,1.0,651.33,88.65,,0.736,Web,Chrome,58,Light,1.20239,268.0,2.0,12.0,Yes,98.0,Active,Not Applicable,30.0,Yes,Yes,3.0,3.0,0.0,0.0,1.0,Yes,No,0.0,3.0,Yes,Yes,Yes,No,No,No,0.1361061213209893,Medium,9.0,1.0,Valid Claim
CLM00862,Air Conditioner,Portable,Outdoor Unit,Main Unit,Aster,24.0,Yes,Power Failure,Manufacturing Defect,Not Applicable,Not Applicable,Not Applicable,Not Applicable,Yes,Not Applicable,Not Applicable,No,Outdoor Unit,Not Applicable,Yes,Yes,Yes,,No,Yes,Yes,Not Applicable,Not Applicable,Not Applicable,Not Applicable,Not Applicable,,Yes,1.0,Yes,Yes,Yes,Yes,Yes,No,No,No,1.0,658.26,588.2,335.26,0.984,Service Center,Chrome,51,Light,-0.85989,862.0,12.0,24.0,Yes,233.0,Active,Not Applicable,30.0,Yes,Yes,5.0,3.0,1.0,1.0,0.6,No,Yes,1.0,3.0,Yes,Yes,Yes,Yes,Yes,Not Applicable,0.8935678911068575,High,7.0,3.0,Manual Review
CLM00863,Smartphone,Foldable Smartphone,Battery,Battery,NovaTech,12.0,No,Power Failure,Electrical Failure,No,No,Yes,Not Applicable,Not Applicable,Not Applicable,Not Applicable,Not Applicable,Not Applicable,Not Applicable,Yes,Yes,Yes,Yes,Yes,No,Not Applicable,Yes,Not Applicable,Not Applicable,Not Applicable,Not Applicable,Yes,Yes,2.0,Yes,Yes,Yes,Yes,Yes,No,No,No,0.0,1548.69,444.71,,0.894,Service Center,Edge,7,System,-0.16646,255.0,17.0,12.0,Yes,111.0,Active,Active,30.0,Yes,Yes,5.0,4.0,1.0,0.0,0.8,No,No,1.0,4.0,Yes,Yes,Yes,Yes,Yes,No,0.2871523674847774,High,2.0,3.0,Manual Review
CLM00864,Television,QLED,Power,Main Unit,HomePro,24.0,Yes,Power Failure,Manufacturing Defect,No,Not Applicable,Not Applicable,Not Applicable,Not Applicable,No,Not Applicable,Not Applicable,Not Applicable,Not Applicable,,,Yes,Yes,Yes,Yes,Not Applicable,Not Applicable,Not Applicable,Not Applicable,Not Applicable,Not Applicable,Not Applicable,No,0.0,Not Applicable,No,Not Applicable,Yes,Yes,No,No,No,1.0,650.19,238.62,0.0,0.824,Mobile App,Edge,27,System,0.33987,1068.0,14.0,24.0,Yes,28.0,Nearing Expiry,Not Applicable,30.0,Yes,Yes,3.0,3.0,0.0,0.0,1.0,Yes,No,0.0,3.0,,Yes,Yes,No,No,No,0.3670004152632307,Medium,5.0,4.0,Valid Claim
CLM00865,Washing Machine,Washer Dryer,Other,Motor,HomePro,120.0,No,Mechanical Failure,Manufacturing Defect,Not Applicable,Not Applicable,Not Applicable,Household,No,Not Applicable,No,Not Applicable,Not Applicable,Not Applicable,Yes,No,No,Yes,Yes,Yes,Not Applicable,Not Applicable,Not Applicable,Yes,Not Applicable,Not Applicable,Yes,Yes,2.0,Yes,No,Not Applicable,Yes,Yes,No,No,No,1.0,1782.49,857.35,398.52,0.889,Web,Safari,35,Light,-1.21552,3460.0,22.0,120.0,Yes,192.0,Active,Active,30.0,Yes,Yes,5.0,5.0,0.0,0.0,1.0,Yes,No,0.0,5.0,Yes,Yes,Yes,Yes,No,No,0.4809844655509989,High,8.0,0.0,Valid Claim
CLM00866,Smartphone,Standard Smartphone,Phone,Main Unit,NovaTech,12.0,No,Battery Problem,Accidental Damage,Yes,No,Yes,Not Applicable,Not Applicable,Not Applicable,Not Applicable,Not Applicable,Not Applicable,Not Applicable,Yes,Yes,No,Yes,Yes,Yes,Not Applicable,Not Applicable,Not Applicable,Not Applicable,Not Applicable,Not Applicable,No,Yes,1.0,No,No,Not Applicable,Unknown,Yes,No,No,No,0.0,1768.84,1587.17,311.16,0.611,Mobile App,MobileWebView,47,Light,0.54613,386.0,5.0,12.0,Yes,-21.0,Expired,Not Applicable,30.0,Yes,No,4.0,3.0,1.0,0.0,0.75,No,No,1.0,3.0,Yes,Yes,Unknown,Yes,No,Yes,0.89729427195224,Low,9.0,3.0,Invalid Claim
CLM00867,Television,OLED,Connection,Main Unit,HomePro,24.0,No,Connectivity Issue,Panel Impact Damage,Yes,Not Applicable,Not Applicable,Not Applicable,Not Applicable,No,Not Applicable,Not Applicable,Not Applicable,Not Applicable,Yes,Yes,Yes,Yes,Yes,No,Not Applicable,Not Applicable,Not Applicable,Not Applicable,Not Applicable,Not Applicable,Not Applicable,No,0.0,Not Applicable,No,Not Applicable,Yes,Yes,No,No,No,1.0,2319.6,1541.3,,0.73,Mobile App,MobileWebView,30,Dark,-2.35038,639.0,5.0,24.0,Yes,92.0,Active,Not Applicable,30.0,Yes,No,3.0,2.0,1.0,0.0,0.6666666666666666,No,No,1.0,2.0,Yes,Yes,Yes,No,No,Yes,0.6644680117261597,Medium,1.0,6.0,Invalid Claim
CLM00868,Refrigerator,Side-by-Side,Not Sure,Main Unit,HomePro,24.0,No,Noise,Manufacturing Defect,Not Applicable,Not Applicable,Not Applicable,Other,No,Not Applicable,Not Applicable,Not Applicable,Not Applicable,Not Applicable,,Yes,No,Yes,Yes,Yes,Not Applicable,Not Applicable,Not Applicable,Not Applicable,Not Applicable,Not Applicable,Yes,Yes,3.0,Yes,No,Not Applicable,Yes,No,No,No,No,0.0,1102.4,205.78,582.9,0.989,Web,Chrome,41,System,0.13699,367.0,8.0,24.0,Yes,364.0,Active,Not Applicable,30.0,Yes,Yes,4.0,4.0,0.0,0.0,1.0,Yes,No,0.0,4.0,,Yes,Yes,Yes,No,Not Applicable,0.1866654571843251,High,1.0,2.0,Manual Review
CLM00869,Refrigerator,Single Door,Other,Main Unit,ZenCore,24.0,No,Mechanical Failure,Internal Component Failure,Not Applicable,Not Applicable,Not Applicable,Household,No,Not Applicable,Not Applicable,Not Applicable,Not Applicable,Not Applicable,Yes,Yes,Yes,Yes,Yes,No,Not Applicable,Not Applicable,Not Applicable,Not Applicable,Not Applicable,Not Applicable,Not Applicable,No,0.0,Not Applicable,No,Not Applicable,Yes,Yes,No,No,No,2.0,1302.66,143.41,0.0,0.738,Service Center,Firefox,1,Light,0.34429,709.0,33.0,24.0,Yes,21.0,Nearing Expiry,Not Applicable,30.0,No,Yes,3.0,2.0,1.0,0.0,0.6666666666666666,No,No,1.0,2.0,Yes,Yes,Yes,No,No,Not Applicable,0.110090123286199,Medium,8.0,2.0,Invalid Claim
CLM00870,Refrigerator,Single Door,Other,Main Unit,ZenCore,24.0,No,Mechanical Failure,Water Damage,Not Applicable,Not Applicable,Not Applicable,Household,No,Not Applicable,Not Applicable,Not Applicable,Not Applicable,Not Applicable,Yes,Yes,No,Yes,Yes,Yes,Not Applicable,Not Applicable,Not Applicable,Not Applicable,Not Applicable,Not Applicable,Not Applicable,No,,Not Applicable,No,Not Applicable,Yes,Yes,No,No,No,0.0,2734.15,1450.83,0.0,0.896,Service Center,Firefox,54,System,-1.14768,639.0,8.0,24.0,Yes,91.0,Active,Not Applicable,30.0,Yes,No,3.0,3.0,0.0,0.0,1.0,Yes,No,0.0,3.0,Yes,Yes,Yes,No,No,Not Applicable,0.5306329206517565,High,9.0,5.0,Invalid Claim
CLM00871,Laptop,Business Laptop,Device,Main Unit,NovaTech,24.0,No,Overheating,Manufacturing Defect,No,No,Not Applicable,Not Applicable,Not Applicable,Not Applicable,Not Applicable,Not Applicable,Not Applicable,Not Applicable,Yes,Yes,Yes,Yes,Yes,Yes,Not Applicable,Not Applicable,Not Applicable,Not Applicable,Not Applicable,Not Applicable,No,Yes,2.0,Yes,No,Not Applicable,No,Yes,No,No,No,1.0,1496.7,825.18,226.66,0.943,Web,Safari,45,Dark,0.19995,401.0,18.0,24.0,Yes,329.0,Active,Not Applicable,30.0,Yes,Yes,4.0,3.0,1.0,0.0,0.75,No,No,1.0,3.0,Yes,Yes,No,Yes,No,No,0.551332932451393,High,8.0,6.0,Invalid Claim
CLM00872,Printer,Inkjet,Printing,Main Unit,PrimeView,12.0,No,Mechanical Failure,Internal Component Failure,Not Applicable,Not Applicable,Not Applicable,Not Applicable,No,Not Applicable,No,Not Applicable,Not Applicable,Compatible,Yes,Yes,Yes,Yes,Yes,Yes,Not Applicable,Not Applicable,Not Applicable,Not Applicable,Not Applicable,Yes,Not Applicable,No,0.0,Not Applicable,No,Not Applicable,Yes,Yes,No,No,No,0.0,1165.75,,0.0,0.883,Web,Safari,48,System,0.13034,507.0,33.0,12.0,Yes,-142.0,Expired,Not Applicable,30.0,No,Yes,4.0,4.0,0.0,0.0,1.0,Yes,No,0.0,4.0,Yes,Yes,Yes,No,No,No,,High,6.0,4.0,Invalid Claim
CLM00873,Camera,Action Camera,Battery,Battery,NovaTech,6.0,No,Display Failure,Internal Component Failure,No,No,Yes,Not Applicable,Not Applicable,Not Applicable,Not Applicable,Not Applicable,Not Applicable,Not Applicable,Yes,Yes,No,Yes,Yes,Yes,Not Applicable,Not Applicable,Not Applicable,Not Applicable,Not Applicable,Not Applicable,Not Applicable,No,0.0,Not Applicable,No,Not Applicable,Yes,Yes,No,No,No,0.0,3059.02,1245.83,0.0,0.502,Mobile App,Edge,29,Dark,-0.81672,79.0,9.0,6.0,Yes,104.0,Active,Active,30.0,Yes,Yes,3.0,3.0,0.0,0.0,1.0,Yes,No,0.0,3.0,Yes,Yes,Yes,No,No,No,0.4072644180162274,Low,3.0,0.0,Manual Review
CLM00874,Camera,Compact,Camera Body,Camera Body,NovaTech,24.0,No,Battery Problem,Sensor Contamination Due To Misuse,No,No,Yes,Not Applicable,Not Applicable,Not Applicable,Not Applicable,Not Applicable,Not Applicable,Not Applicable,,Yes,No,No,Yes,Yes,Not Applicable,Not Applicable,Not Applicable,Not Applicable,Not Applicable,Not Applicable,Yes,Yes,1.0,Yes,No,Not Applicable,Unknown,Yes,No,No,No,1.0,2145.04,1575.32,415.5,0.828,Mobile App,MobileWebView,8,Dark,1.26528,411.0,19.0,24.0,Yes,319.0,Active,Not Applicable,30.0,Yes,No,4.0,4.0,0.0,0.0,1.0,Yes,No,0.0,4.0,,Yes,Unknown,Yes,No,No,0.7344012232872114,Medium,12.0,4.0,Invalid Claim
CLM00875,Refrigerator,Side-by-Side,Noise,Compressor,HomePro,120.0,No,Noise,Internal Component Failure,Not Applicable,Not Applicable,Not Applicable,Household,No,Not Applicable,Not Applicable,Not Applicable,Not Applicable,Not Applicable,Yes,Yes,No,No,Yes,Yes,Not Applicable,Not Applicable,Not Applicable,Yes,Not Applicable,Not Applicable,Not Applicable,No,0.0,Not Applicable,No,Not Applicable,Yes,Yes,No,No,No,2.0,2409.55,680.06,0.0,0.895,Web,Chrome,15,Light,-0.02542,3291.0,6.0,120.0,Yes,362.0,Active,Active,30.0,Yes,Yes,4.0,4.0,0.0,0.0,1.0,Yes,No,0.0,4.0,Yes,Yes,Yes,No,No,Not Applicable,0.2822352721462513,High,1.0,3.0,Valid Claim
CLM00876,Smartphone,Rugged Smartphone,Phone,Main Unit,Aster,12.0,No,Display Failure,Internal Component Failure,No,No,Not Applicable,Not Applicable,Not Applicable,Not Applicable,Not Applicable,Not Applicable,Not Applicable,Not Applicable,Yes,,No,Yes,Yes,Yes,Not Applicable,Not Applicable,Not Applicable,Not Applicable,Not Applicable,Not Applicable,Not Applicable,No,0.0,Not Applicable,Yes,Yes,No,Yes,No,No,No,2.0,1559.28,874.52,0.0,0.772,Web,Chrome,35,Light,-0.74859,230.0,18.0,12.0,Yes,135.0,Active,Not Applicable,30.0,Yes,Yes,3.0,3.0,0.0,0.0,1.0,Yes,No,0.0,3.0,Yes,Yes,No,No,Yes,No,0.5608485967882613,Medium,5.0,6.0,Invalid Claim
CLM00877,Washing Machine,Washer Dryer,Noise,Main Unit,PrimeView,24.0,Yes,Noise,Electrical Failure,Not Applicable,Not Applicable,Not Applicable,Household,No,Not Applicable,No,Not Applicable,Not Applicable,Not Applicable,Yes,Yes,No,Yes,Yes,,Not Applicable,Not Applicable,Not Applicable,Not Applicable,Not Applicable,Not Applicable,Yes,Yes,3.0,Yes,Yes,No,Yes,Yes,No,No,No,1.0,1553.24,1225.06,463.37,0.98,Service Center,Safari,41,System,-0.88139,852.0,26.0,24.0,Yes,244.0,Active,Not Applicable,30.0,Yes,Yes,4.0,3.0,0.0,1.0,0.75,Unknown,No,0.0,3.0,Yes,Yes,Yes,Yes,Yes,No,0.7887126265097473,High,6.0,4.0,Valid Claim
CLM00878,Laptop,Gaming Laptop,Device,Main Unit,NovaTech,24.0,No,Power Failure,Internal Component Failure,Yes,No,Not Applicable,Not Applicable,Not Applicable,Not Applicable,Not Applicable,Not Applicable,Not Applicable,Not Applicable,Yes,Yes,No,Yes,Yes,No,Not Applicable,Not Applicable,Not Applicable,Not Applicable,Not Applicable,Not Applicable,Not Applicable,No,0.0,Not Applicable,No,Not Applicable,Yes,Yes,No,No,No,1.0,1695.11,1156.01,0.0,0.887,Web,Safari,13,Dark,0.06948,639.0,0.0,24.0,Yes,92.0,Active,Not Applicable,30.0,Yes,Yes,3.0,2.0,1.0,0.0,0.6666666666666666,No,No,1.0,2.0,Yes,Yes,Yes,No,No,Yes,0.6819675419294323,High,6.0,1.0,Manual Review
CLM00879,Air Conditioner,Portable,Both,Main Unit,ZenCore,24.0,No,Water Leakage,Internal Component Failure,Not Applicable,Not Applicable,Not Applicable,Not Applicable,No,Not Applicable,Not Applicable,No,Both,Not Applicable,Yes,Yes,Yes,Yes,Yes,Yes,Yes,Not Applicable,Not Applicable,Not Applicable,Not Applicable,Not Applicable,Not Applicable,No,0.0,Not Applicable,No,Not Applicable,Yes,Yes,No,Yes,Yes,0.0,482.12,73.48,0.0,0.809,Web,Safari,40,Light,0.13962,470.0,8.0,24.0,Yes,261.0,Active,Not Applicable,30.0,Yes,Yes,4.0,4.0,0.0,0.0,1.0,Yes,No,0.0,4.0,Yes,Yes,Yes,No,No,Not Applicable,0.1524101883348544,Medium,9.0,1.0,Manual Review
CLM00880,Camera,Mirrorless,Camera Body,Camera Body,NovaTech,24.0,No,Display Failure,Manufacturing Defect,No,No,Not Applicable,Not Applicable,Not Applicable,Not Applicable,Not Applicable,Not Applicable,Not Applicable,Not Applicable,Yes,No,No,Yes,Yes,Yes,Not Applicable,Not Applicable,Not Applicable,Not Applicable,Not Applicable,Not Applicable,Not Applicable,No,0.0,Not Applicable,No,Not Applicable,Yes,Yes,No,No,No,0.0,1247.17,929.37,0.0,0.863,Mobile App,Edge,38,System,0.048,946.0,20.0,24.0,Yes,-216.0,Expired,Not Applicable,30.0,Yes,Yes,3.0,3.0,0.0,0.0,1.0,Yes,No,0.0,3.0,Yes,Yes,Yes,No,No,No,0.7451830945260068,High,4.0,0.0,Invalid Claim
CLM00881,Camera,Action Camera,Camera Body,Camera Body,PrimeView,24.0,No,Connectivity Issue,Electrical Failure,No,No,Not Applicable,Not Applicable,Not Applicable,Not Applicable,Not Applicable,Not Applicable,Not Applicable,Not Applicable,No,No,No,Yes,Yes,Yes,Not Applicable,Not Applicable,Not Applicable,Not Applicable,Not Applicable,Not Applicable,Not Applicable,No,0.0,Not Applicable,No,Not Applicable,Yes,Yes,No,No,No,0.0,800.51,405.83,0.0,0.972,Service Center,Firefox,20,Light,-0.84964,575.0,14.0,24.0,Yes,156.0,Active,Not Applicable,30.0,Yes,Yes,3.0,2.0,1.0,0.0,0.6666666666666666,No,Yes,1.0,2.0,No,No,Yes,No,No,No,0.5069643102522142,High,7.0,4.0,Manual Review
CLM00882,Television,LED,Connection,Display Panel,PrimeView,24.0,No,Connectivity Issue,Internal Component Failure,No,Not Applicable,Not Applicable,Not Applicable,Not Applicable,No,Not Applicable,Not Applicable,Not Applicable,Not Applicable,Yes,Yes,No,Yes,Yes,Yes,Not Applicable,Not Applicable,Yes,Not Applicable,Not Applicable,Not Applicable,No,Yes,1.0,Yes,No,Not Applicable,Unknown,Yes,No,No,No,0.0,535.37,256.65,536.94,0.878,Service Center,Firefox,2,System,-0.83065,585.0,15.0,24.0,Yes,146.0,Active,Active,30.0,Yes,Yes,5.0,4.0,1.0,0.0,0.8,No,No,1.0,4.0,Yes,Yes,Unknown,Yes,No,No,0.4793880867437473,High,10.0,5.0,Manual Review
CLM00883,Washing Machine,Top Load,Washing,Main Unit,HomePro,24.0,No,Mechanical Failure,Internal Component Failure,Not Applicable,Not Applicable,Not Applicable,Household,No,Not Applicable,No,Not Applicable,Not Applicable,Not Applicable,Yes,Yes,No,Yes,Yes,Yes,Not Applicable,Not Applicable,Not Applicable,Not Applicable,Not Applicable,Not Applicable,Yes,Yes,2.0,Yes,No,Not Applicable,Yes,Yes,No,No,No,2.0,857.24,529.06,530.77,0.751,Mobile App,MobileWebView,24,Light,-0.71752,523.0,30.0,24.0,Yes,208.0,Active,Not Applicable,30.0,Yes,Yes,4.0,4.0,0.0,0.0,1.0,Yes,No,0.0,4.0,Yes,Yes,Yes,Yes,No,No,0.6171667211049414,Medium,4.0,4.0,Valid Claim
CLM00884,Television,QLED,Picture,Main Unit,PrimeView,24.0,No,Display Failure,Internal Component Failure,No,Not Applicable,Not Applicable,Not Applicable,Not Applicable,No,Not Applicable,Not Applicable,Not Applicable,Not Applicable,Yes,No,Yes,Yes,Yes,Yes,Not Applicable,Not Applicable,Not Applicable,Not Applicable,Not Applicable,Not Applicable,Not Applicable,No,0.0,Not Applicable,No,Not Applicable,Yes,Yes,No,No,No,1.0,2266.16,566.3,0.0,0.737,Mobile App,MobileWebView,23,Light,1.93888,522.0,3.0,24.0,Yes,209.0,Active,Not Applicable,30.0,Yes,Yes,3.0,3.0,0.0,0.0,1.0,Yes,No,0.0,3.0,Yes,Yes,Yes,No,No,No,0.2498940939739471,Medium,11.0,0.0,Valid Claim
CLM00885,Washing Machine,Front Load,Noise,Main Unit,HomePro,24.0,No,Noise,Manufacturing Defect,Not Applicable,Not Applicable,Not Applicable,Business,Yes,Not Applicable,No,Not Applicable,Not Applicable,Not Applicable,Yes,Yes,No,Yes,No,Yes,Not Applicable,Not Applicable,Not Applicable,Not Applicable,Not Applicable,Not Applicable,Not Applicable,No,0.0,Not Applicable,Yes,Yes,Yes,Yes,No,No,No,0.0,2123.37,,,0.919,Service Center,Edge,55,Light,1.11665,908.0,15.0,24.0,Yes,-177.0,Expired,Not Applicable,30.0,Yes,Yes,3.0,2.0,1.0,0.0,0.6666666666666666,No,Yes,1.0,2.0,Yes,Yes,Yes,No,Yes,No,,High,11.0,3.0,Invalid Claim
CLM00886,Washing Machine,Washer Dryer,Power,Main Unit,ZenCore,24.0,Yes,Power Failure,Misuse,Not Applicable,Not Applicable,Not Applicable,Business,Yes,Not Applicable,No,Not Applicable,Not Applicable,Not Applicable,Yes,Yes,No,Yes,Yes,Yes,Not Applicable,Not Applicable,Not Applicable,Not Applicable,Not Applicable,Not Applicable,,No,0.0,Not Applicable,No,Not Applicable,Yes,No,No,No,No,1.0,479.41,310.77,0.0,0.736,Service Center,Chrome,27,Dark,1.60322,880.0,27.0,24.0,Yes,216.0,Active,Not Applicable,30.0,Yes,No,3.0,3.0,0.0,0.0,1.0,Yes,No,0.0,3.0,Yes,Yes,Yes,No,No,No,0.6482342879789741,Medium,5.0,0.0,Invalid Claim
CLM00887,Printer,Inkjet,Power,Main Unit,NovaTech,12.0,No,Power Failure,Electrical Failure,Not Applicable,Not Applicable,Not Applicable,Not Applicable,No,Not Applicable,No,Not Applicable,Not Applicable,Original,Yes,No,Yes,Yes,No,Yes,Not Applicable,Not Applicable,Not Applicable,Not Applicable,Not Applicable,Yes,Not Applicable,No,0.0,Not Applicable,No,Not Applicable,Yes,Yes,No,No,No,2.0,319.69,214.61,99999.0,0.764,Mobile App,MobileWebView,42,Light,0.61831,187.0,40.0,12.0,Yes,178.0,Active,Not Applicable,30.0,No,Yes,4.0,3.0,1.0,0.0,0.75,No,Yes,1.0,3.0,Yes,Yes,Yes,No,No,No,0.6713065782476775,Medium,10.0,2.0,Invalid Claim
CLM00888,Air Conditioner,Split,Both,Main Unit,HomePro,24.0,No,Power Failure,Internal Component Failure,Not Applicable,Not Applicable,Not Applicable,Not Applicable,No,Not Applicable,Not Applicable,No,Both,Not Applicable,Yes,Yes,No,Yes,Yes,Yes,Yes,Not Applicable,Not Applicable,Not Applicable,Not Applicable,Not Applicable,Yes,Yes,2.0,Yes,No,Not Applicable,Yes,Yes,No,No,No,0.0,962.59,853.23,498.66,0.938,Email,Safari,56,Dark,1.08435,485.0,30.0,24.0,Yes,246.0,Active,Not Applicable,30.0,Yes,Yes,5.0,5.0,0.0,0.0,1.0,Yes,No,0.0,5.0,Yes,Yes,Yes,Yes,No,Not Applicable,0.8863898440665289,High,6.0,6.0,Valid Claim
CLM00889,Printer,Inkjet,Connection,Main Unit,NovaTech,12.0,No,Connectivity Issue,Manufacturing Defect,Not Applicable,Not Applicable,Not Applicable,Not Applicable,No,Not Applicable,No,Not Applicable,Not Applicable,Original,Yes,No,No,,Yes,Yes,Not Applicable,Not Applicable,Not Applicable,Not Applicable,Not Applicable,Yes,Yes,Yes,1.0,Yes,No,Not Applicable,Yes,Yes,No,No,No,0.0,1138.17,114.75,261.53,0.901,Web,Safari,51,System,-1.42341,118.0,19.0,12.0,Yes,247.0,Active,Not Applicable,30.0,Yes,Yes,5.0,5.0,0.0,0.0,1.0,Yes,No,0.0,5.0,Yes,Yes,Yes,Yes,No,No,0.1008197369461503,High,2.0,3.0,Valid Claim
CLM00890,Printer,Inkjet,Paper Feed,Main Unit,NovaTech,12.0,No,Paper Feed Failure,Normal Wear,Not Applicable,Not Applicable,Not Applicable,Not Applicable,No,Not Applicable,No,Not Applicable,Not Applicable,Original,Yes,Yes,No,No,Yes,Yes,Not Applicable,Not Applicable,Not Applicable,Not Applicable,Not Applicable,Yes,Not Applicable,No,0.0,Not Applicable,No,Not Applicable,Yes,Yes,No,No,No,1.0,479.47,252.75,0.0,0.981,Web,Safari,23,System,0.84035,278.0,9.0,12.0,Yes,87.0,Active,Not Applicable,30.0,Yes,No,4.0,4.0,0.0,0.0,1.0,Yes,No,0.0,4.0,Yes,Yes,Yes,No,No,No,0.527144555446639,High,7.0,3.0,Invalid Claim
CLM00891,Refrigerator,Double Door,Cooling,Main Unit,Aster,24.0,No,Cooling Failure,Manufacturing Defect,Not Applicable,Not Applicable,Not Applicable,Business,No,Not Applicable,Not Applicable,Not Applicable,Not Applicable,Not Applicable,Yes,Yes,Yes,Yes,No,Yes,Not Applicable,Not Applicable,Not Applicable,Not Applicable,Not Applicable,Not Applicable,Not Applicable,No,0.0,Not Applicable,No,Not Applicable,Yes,Yes,No,No,No,2.0,1470.68,1265.74,0.0,0.935,Mobile App,Edge,25,Light,0.56107,624.0,0.0,24.0,Yes,107.0,Active,Not Applicable,30.0,Yes,Yes,3.0,2.0,1.0,0.0,0.6666666666666666,No,Yes,1.0,2.0,Yes,Yes,Yes,No,No,Not Applicable,0.8606494954714825,High,9.0,2.0,Manual Review
CLM00892,Smartphone,Rugged Smartphone,Phone,Main Unit,Aster,12.0,Yes,Power Failure,Electrical Failure,Unknown,No,Not Applicable,Not Applicable,Not Applicable,Not Applicable,Not Applicable,Not Applicable,Not Applicable,Not Applicable,Yes,Yes,No,Yes,Yes,Yes,Not Applicable,Not Applicable,Not Applicable,Not Applicable,Not Applicable,Not Applicable,Not Applicable,No,0.0,Not Applicable,No,Not Applicable,Yes,Yes,No,No,Yes,0.0,454.89,79.53,0.0,0.854,Email,Safari,51,Light,0.03712,611.0,7.0,12.0,Yes,120.0,Active,Not Applicable,30.0,Yes,Yes,3.0,3.0,0.0,0.0,1.0,Yes,No,0.0,3.0,Yes,Yes,Yes,No,No,Unknown,0.1748334762250214,High,4.0,6.0,Manual Review
CLM00893,Television,OLED,Picture,Main Unit,Aster,24.0,No,Display Failure,Manufacturing Defect,No,Not Applicable,Not Applicable,Not Applicable,Not Applicable,No,Not Applicable,Not Applicable,Not Applicable,Not Applicable,,Yes,Yes,Yes,Yes,Yes,Not Applicable,Not Applicable,Not Applicable,Not Applicable,Not Applicable,Not Applicable,Yes,Yes,3.0,Yes,No,Not Applicable,Yes,Yes,No,No,No,0.0,1918.82,1007.35,41.6,0.856,Web,Edge,3,Dark,-0.74706,711.0,10.0,24.0,Yes,19.0,Nearing Expiry,Not Applicable,30.0,Yes,Yes,4.0,4.0,0.0,0.0,1.0,Yes,No,0.0,4.0,,Yes,Yes,Yes,No,No,0.5249841048144173,High,6.0,5.0,Valid Claim
CLM00894,Smartphone,Rugged Smartphone,Phone,Main Unit,NovaTech,12.0,No,Connectivity Issue,Electrical Failure,No,No,Not Applicable,Not Applicable,Not Applicable,Not Applicable,Not Applicable,Not Applicable,Not Applicable,Not Applicable,Yes,Yes,No,Yes,Yes,Yes,Not Applicable,Not Applicable,Not Applicable,Not Applicable,Not Applicable,Not Applicable,Not Applicable,No,0.0,Not Applicable,No,Not Applicable,Yes,Yes,No,No,No,0.0,1484.09,386.76,0.0,0.777,Web,Chrome,16,System,0.38792,200.0,11.0,12.0,Yes,165.0,Active,Not Applicable,30.0,Yes,Yes,3.0,3.0,0.0,0.0,1.0,Yes,No,0.0,3.0,Yes,Yes,Yes,No,No,No,0.2606041412582795,Medium,1.0,5.0,Valid Claim
CLM00895,Smartphone,Foldable Smartphone,Phone,Main Unit,NovaTech,12.0,No,Power Failure,Electrical Failure,No,No,Not Applicable,Not Applicable,Not Applicable,Not Applicable,Not Applicable,Not Applicable,Not Applicable,Not Applicable,Yes,Yes,Yes,Yes,Yes,Yes,Not Applicable,Not Applicable,Not Applicable,Not Applicable,Not Applicable,Not Applicable,Not Applicable,No,0.0,Not Applicable,No,Not Applicable,Yes,No,No,No,No,0.0,1471.68,409.56,0.0,0.508,Web,Firefox,51,Dark,-0.45863,290.0,26.0,12.0,Yes,75.0,Active,Not Applicable,30.0,Yes,Yes,3.0,3.0,0.0,0.0,1.0,Yes,No,0.0,3.0,Yes,Yes,Yes,No,No,No,0.2782941943900848,Low,8.0,5.0,Manual Review
CLM00896,Smartphone,Standard Smartphone,Phone,Main Unit,NovaTech,12.0,No,Battery Problem,Internal Component Failure,No,No,Yes,Not Applicable,Not Applicable,Not Applicable,Not Applicable,Not Applicable,Not Applicable,Not Applicable,No,Yes,No,Yes,Yes,Yes,Not Applicable,Not Applicable,Not Applicable,Not Applicable,Not Applicable,Not Applicable,Yes,Yes,3.0,Yes,No,Not Applicable,Yes,Yes,No,No,No,0.0,722.47,537.02,254.07,0.968,Email,Edge,13,Light,1.66978,126.0,14.0,12.0,Yes,239.0,Active,Not Applicable,30.0,Yes,Yes,4.0,4.0,0.0,0.0,1.0,Yes,No,0.0,4.0,No,Yes,Yes,Yes,No,No,0.7433111409470289,High,12.0,4.0,Valid Claim
CLM00897,Laptop,Gaming Laptop,Device,Main Unit,ZenCore,24.0,No,Display Failure,Electrical Failure,No,No,Not Applicable,Not Applicable,Not Applicable,Not Applicable,Not Applicable,Not Applicable,Not Applicable,Not Applicable,Yes,Yes,Yes,Yes,Yes,No,Not Applicable,Not Applicable,Not Applicable,Not Applicable,Not Applicable,Not Applicable,Not Applicable,No,0.0,Not Applicable,No,Not Applicable,Yes,Yes,No,No,No,2.0,1809.83,1381.04,0.0,0.607,Mobile App,MobileWebView,17,Light,0.6536,460.0,16.0,24.0,Yes,270.0,Active,Not Applicable,30.0,Yes,Yes,3.0,2.0,1.0,0.0,0.6666666666666666,No,No,1.0,2.0,Yes,Yes,Yes,No,No,No,0.763077195095672,Low,3.0,0.0,Manual Review
CLM00898,Printer,Laser,Ink or Toner,Ink Or Toner,HomePro,0.0,No,Mechanical Failure,Electrical Failure,Not Applicable,Not Applicable,Not Applicable,Not Applicable,No,Not Applicable,No,Not Applicable,Not Applicable,Original,Yes,Yes,No,Yes,Yes,Yes,Not Applicable,Not Applicable,Not Applicable,Not Applicable,Not Applicable,Yes,Not Applicable,No,0.0,Not Applicable,No,Not Applicable,Yes,Yes,No,No,No,1.0,491.2,213.72,0.0,0.757,Service Center,Edge,5,Light,-1.05653,174.0,14.0,0.0,No,,Not Eligible,Not Eligible,30.0,Yes,No,4.0,4.0,0.0,0.0,1.0,Yes,No,0.0,4.0,Yes,Yes,Yes,No,No,No,0.4350977198697068,Medium,8.0,1.0,Invalid Claim
CLM00899,Television,OLED,Power,Main Unit,Aster,24.0,No,Power Failure,Electrical Failure,No,Not Applicable,Not Applicable,Not Applicable,Not Applicable,No,Not Applicable,Not Applicable,Not Applicable,Not Applicable,Yes,Yes,Yes,Yes,Yes,Yes,Not Applicable,Not Applicable,Not Applicable,Not Applicable,Not Applicable,Not Applicable,Not Applicable,No,0.0,Not Applicable,No,Not Applicable,Yes,Yes,No,No,No,1.0,2037.87,1065.9,0.0,0.778,Web,Firefox,14,Light,0.74475,684.0,5.0,24.0,Yes,46.0,Active,Not Applicable,30.0,Yes,Yes,3.0,3.0,0.0,0.0,1.0,Yes,No,0.0,3.0,Yes,Yes,Yes,No,No,No,0.5230461216858779,Medium,3.0,4.0,Valid Claim
CLM00900,Laptop,Gaming Laptop,Battery,Battery,NovaTech,12.0,No,Overheating,Manufacturing Defect,No,No,Yes,Not Applicable,Not Applicable,Not Applicable,Not Applicable,Not Applicable,Not Applicable,Not Applicable,Yes,No,Yes,Yes,Yes,Yes,Not Applicable,Yes,Not Applicable,Not Applicable,Not Applicable,Not Applicable,Not Applicable,No,0.0,Not Applicable,Yes,Yes,Yes,Yes,No,No,No,0.0,2152.42,1398.23,0.0,0.818,Email,Safari,47,Light,0.3732,181.0,21.0,12.0,Yes,184.0,Active,Active,30.0,Yes,Yes,4.0,4.0,0.0,0.0,1.0,Yes,No,0.0,4.0,Yes,Yes,Yes,No,Yes,No,0.6496083478131591,Medium,4.0,2.0,Valid Claim
CLM00901,Washing Machine,Top Load,Noise,Main Unit,ZenCore,24.0,No,Noise,Internal Component Failure,Not Applicable,Not Applicable,Not Applicable,Business,Unknown,Not Applicable,No,Not Applicable,Not Applicable,Not Applicable,Yes,,Yes,Yes,Yes,Yes,Not Applicable,Not Applicable,Not Applicable,Not Applicable,Not Applicable,Not Applicable,Not Applicable,No,0.0,Not Applicable,No,Not Applicable,Yes,Yes,No,No,No,0.0,890.99,641.57,0.0,0.784,Service Center,Firefox,59,System,-0.68859,538.0,16.0,24.0,Yes,193.0,Active,Not Applicable,30.0,Yes,Yes,3.0,3.0,0.0,0.0,1.0,Yes,No,0.0,3.0,Yes,Yes,Yes,No,No,No,0.7200641982513833,Medium,10.0,5.0,Valid Claim
CLM00902,Refrigerator,French Door,Other,Main Unit,Aster,24.0,No,Mechanical Failure,Manufacturing Defect,Not Applicable,Not Applicable,Not Applicable,Household,No,Not Applicable,Not Applicable,Not Applicable,Not Applicable,Not Applicable,Yes,Yes,No,Yes,Yes,Yes,Not Applicable,Not Applicable,Not Applicable,Not Applicable,Not Applicable,Not Applicable,Not Applicable,No,0.0,Not Applicable,No,Not Applicable,Unknown,Yes,No,No,No,0.0,2006.42,,0.0,0.863,Web,Chrome,32,Dark,-0.24597,666.0,12.0,24.0,Yes,65.0,Active,Not Applicable,30.0,Yes,Yes,3.0,3.0,0.0,0.0,1.0,Yes,No,0.0,3.0,Yes,Yes,Unknown,No,No,Not Applicable,,High,7.0,3.0,Manual Review
CLM00903,Printer,Thermal,Connection,Main Unit,PrimeView,12.0,No,Connectivity Issue,Internal Component Failure,Not Applicable,Not Applicable,Not Applicable,Not Applicable,Yes,Not Applicable,No,Not Applicable,Not Applicable,Original,Yes,Yes,No,Yes,Yes,Yes,Not Applicable,Not Applicable,Not Applicable,Not Applicable,Not Applicable,No,Not Applicable,No,0.0,Not Applicable,No,Not Applicable,Yes,Yes,No,No,No,0.0,584.89,360.38,0.0,0.892,Mobile App,Chrome,24,Light,0.36532,374.0,9.0,12.0,Yes,-9.0,Expired,Not Applicable,30.0,Yes,Yes,4.0,3.0,1.0,0.0,0.75,No,No,1.0,3.0,Yes,Yes,Yes,No,No,No,0.6161500453076647,High,4.0,5.0,Invalid Claim
CLM00904,Smartphone,Standard Smartphone,Phone,Main Unit,NovaTech,12.0,No,Display Failure,Manufacturing Defect,No,Unknown,Not Applicable,Not Applicable,Not Applicable,Not Applicable,Not Applicable,Not Applicable,Not Applicable,Not Applicable,Yes,No,No,Yes,Yes,Yes,Not Applicable,Not Applicable,Not Applicable,Not Applicable,Not Applicable,Not Applicable,,No,0.0,Not Applicable,No,Not Applicable,Yes,No,No,No,No,0.0,303.03,201.57,0.0,0.58,Service Center,Firefox,20,System,0.13303,280.0,22.0,12.0,Yes,85.0,Active,Not Applicable,30.0,Yes,Yes,3.0,3.0,0.0,0.0,1.0,Yes,No,0.0,3.0,Yes,Yes,Yes,No,No,Unknown,0.6651816651816652,Low,2.0,2.0,Manual Review
CLM00905,Refrigerator,Single Door,Power,Main Unit,ZenCore,24.0,No,Power Failure,Commercial Misuse,Not Applicable,Not Applicable,Not Applicable,Household,No,Not Applicable,Not Applicable,Not Applicable,Not Applicable,Not Applicable,No,No,Yes,Yes,Yes,Yes,Not Applicable,Not Applicable,Not Applicable,Not Applicable,Not Applicable,Not Applicable,Not Applicable,No,0.0,Not Applicable,No,Not Applicable,Yes,Yes,No,No,No,2.0,1602.83,190.2,0.0,0.937,Email,Safari,1,Dark,2.23017,676.0,12.0,24.0,Yes,54.0,Active,Not Applicable,30.0,Yes,No,3.0,3.0,0.0,0.0,1.0,Yes,No,0.0,3.0,No,Yes,Yes,No,No,Not Applicable,0.1186651110847688,High,7.0,2.0,Invalid Claim
CLM00906,Laptop,Gaming Laptop,Device,Main Unit,Aster,24.0,No,Battery Problem,Internal Component Failure,Unknown,No,No,Not Applicable,Not Applicable,Not Applicable,Not Applicable,Not Applicable,Not Applicable,Not Applicable,Yes,Yes,No,Yes,Yes,No,Not Applicable,Not Applicable,Not Applicable,Not Applicable,Not Applicable,Not Applicable,Not Applicable,No,0.0,Not Applicable,No,Not Applicable,Yes,Yes,No,No,No,0.0,999.08,583.88,0.0,0.982,Service Center,MobileWebView,28,System,-1.60581,397.0,6.0,24.0,Yes,333.0,Active,Not Applicable,30.0,Yes,Yes,3.0,2.0,1.0,0.0,0.6666666666666666,No,No,1.0,2.0,Yes,Yes,Yes,No,No,Unknown,0.584417664251111,High,2.0,6.0,Manual Review
CLM00907,Refrigerator,Single Door,Other,Main Unit,HomePro,24.0,No,Mechanical Failure,Electrical Failure,Not Applicable,Not Applicable,Not Applicable,Household,No,Not Applicable,Not Applicable,Not Applicable,Not Applicable,Not Applicable,Yes,,No,Yes,Yes,Yes,Not Applicable,Not Applicable,Not Applicable,Not Applicable,Not Applicable,Not Applicable,Not Applicable,No,0.0,Not Applicable,No,Not Applicable,Yes,Yes,No,No,No,2.0,2344.17,451.76,0.0,0.895,Web,Firefox,34,Dark,-0.54828,732.0,9.0,24.0,Yes,-2.0,Expired,Not Applicable,30.0,Yes,Yes,3.0,3.0,0.0,0.0,1.0,Yes,No,0.0,3.0,Yes,Yes,Yes,No,No,Not Applicable,0.1927163985547123,High,7.0,1.0,Invalid Claim
CLM00908,Washing Machine,Washer Dryer,Water Leakage,Motor,ZenCore,120.0,No,Water Leakage,Commercial Misuse,Not Applicable,Not Applicable,Not Applicable,Other,No,Not Applicable,No,Not Applicable,Not Applicable,Not Applicable,Yes,Yes,Yes,Yes,Yes,Yes,Not Applicable,Not Applicable,Not Applicable,Yes,Not Applicable,Not Applicable,Not Applicable,No,0.0,Not Applicable,No,Not Applicable,Yes,Yes,No,No,No,2.0,1087.76,483.16,0.0,0.831,Web,Safari,10,Light,-2.47852,3643.0,19.0,120.0,Yes,9.0,Nearing Expiry,Nearing Expiry,30.0,Yes,No,4.0,4.0,0.0,0.0,1.0,Yes,No,0.0,4.0,Yes,Yes,Yes,No,No,No,0.4441788629844819,Medium,4.0,1.0,Invalid Claim
CLM00909,Air Conditioner,Cassette,Outdoor Unit,Main Unit,HomePro,24.0,No,Cooling Failure,Electrical Failure,Not Applicable,Not Applicable,Not Applicable,Not Applicable,No,Not Applicable,Not Applicable,No,Outdoor Unit,Not Applicable,Yes,Yes,Yes,Yes,Yes,,Yes,Not Applicable,Not Applicable,Not Applicable,Not Applicable,Not Applicable,No,Yes,1.0,Yes,No,Not Applicable,Unknown,Yes,No,No,No,0.0,1326.88,177.62,460.35,0.883,Web,Safari,53,System,0.64529,454.0,13.0,24.0,Yes,277.0,Active,Not Applicable,30.0,Yes,Yes,5.0,3.0,1.0,1.0,0.6,No,No,1.0,3.0,Yes,Yes,Unknown,Yes,No,Not Applicable,0.1338628964186663,High,7.0,3.0,Manual Review
CLM00910,Smartphone,Standard Smartphone,Phone,Main Unit,PrimeView,12.0,No,Power Failure,Electrical Failure,No,No,Not Applicable,Not Applicable,Not Applicable,Not Applicable,Not Applicable,Not Applicable,Not Applicable,Not Applicable,Yes,,Yes,,Yes,Yes,Not Applicable,Not Applicable,Not Applicable,Not Applicable,Not Applicable,Not Applicable,Not Applicable,No,0.0,Not Applicable,No,Not Applicable,Yes,Yes,No,No,No,0.0,1555.39,428.72,0.0,0.933,Service Center,Firefox,13,Dark,0.62879,528.0,35.0,12.0,Yes,-163.0,Expired,Not Applicable,30.0,No,Yes,3.0,3.0,0.0,0.0,1.0,Yes,No,0.0,3.0,Yes,Yes,Yes,No,No,No,0.2756350497302927,High,8.0,1.0,Invalid Claim
CLM00911,Camera,DSLR,Camera Body,Camera Body,PrimeView,24.0,No,Connectivity Issue,Normal Wear,No,No,Not Applicable,Not Applicable,Not Applicable,Not Applicable,Not Applicable,Not Applicable,Not Applicable,Not Applicable,Yes,Yes,No,Yes,No,Yes,Not Applicable,Not Applicable,Not Applicable,Not Applicable,Not Applicable,Not Applicable,Not Applicable,No,0.0,Not Applicable,No,Not Applicable,Yes,Yes,No,No,No,2.0,2507.76,2030.92,0.0,0.836,Service Center,Safari,19,System,-0.24669,564.0,6.0,24.0,Yes,166.0,Active,Not Applicable,30.0,Yes,No,3.0,2.0,1.0,0.0,0.6666666666666666,No,Yes,1.0,2.0,Yes,Yes,Yes,No,No,No,0.8098542125243244,Medium,7.0,4.0,Invalid Claim
CLM00912,Camera,DSLR,Camera Body,Camera Body,NovaTech,24.0,No,Connectivity Issue,Manufacturing Defect,No,No,Not Applicable,Not Applicable,Not Applicable,Not Applicable,Not Applicable,Not Applicable,Not Applicable,Not Applicable,Yes,Yes,No,Yes,Yes,Yes,Not Applicable,Not Applicable,Not Applicable,Not Applicable,Not Applicable,Not Applicable,Not Applicable,No,0.0,Not Applicable,No,Not Applicable,Yes,Yes,No,No,No,0.0,322.03,95.45,0.0,0.966,Service Center,Chrome,25,System,-0.35355,543.0,7.0,24.0,Yes,187.0,Active,Not Applicable,30.0,Yes,Yes,3.0,3.0,0.0,0.0,1.0,Yes,No,0.0,3.0,Yes,Yes,Yes,No,No,No,0.2964009564326305,High,7.0,1.0,Valid Claim
CLM00913,Washing Machine,Washer Dryer,Water Leakage,Main Unit,PrimeView,24.0,Yes,Water Leakage,Overloading,Not Applicable,Not Applicable,Not Applicable,Household,No,Not Applicable,No,Not Applicable,Not Applicable,Not Applicable,Yes,No,Yes,Yes,Yes,No,Not Applicable,Not Applicable,Not Applicable,Not Applicable,Not Applicable,Not Applicable,Not Applicable,No,0.0,Not Applicable,No,Not Applicable,Yes,Yes,No,No,No,1.0,1815.46,,0.0,0.807,Web,Firefox,21,System,0.09553,906.0,29.0,24.0,Yes,190.0,Active,Not Applicable,30.0,Yes,No,3.0,2.0,1.0,0.0,0.6666666666666666,No,No,1.0,2.0,Yes,Yes,Yes,No,No,No,,Medium,6.0,4.0,Invalid Claim
CLM00914,Printer,Laser,Paper Feed,Print Head,PrimeView,12.0,No,Paper Feed Failure,Physical Damage,Not Applicable,Not Applicable,Not Applicable,Not Applicable,No,Not Applicable,No,Not Applicable,Not Applicable,Original,Yes,Yes,Yes,Yes,Yes,Yes,Not Applicable,Not Applicable,Not Applicable,Not Applicable,Not Applicable,Yes,Not Applicable,No,0.0,Not Applicable,No,Not Applicable,Yes,Yes,No,No,Yes,1.0,820.56,285.56,0.0,0.864,Web,Safari,34,Light,0.38325,207.0,3.0,12.0,Yes,158.0,Active,Active,30.0,Yes,No,4.0,4.0,0.0,0.0,1.0,Yes,No,0.0,4.0,Yes,Yes,Yes,No,No,No,0.3480062396412207,High,5.0,3.0,Invalid Claim
CLM00915,Laptop,Consumer Laptop,Battery,Battery,Aster,12.0,No,Display Failure,Electrical Failure,No,Unknown,Yes,Not Applicable,Not Applicable,Not Applicable,Not Applicable,Not Applicable,Not Applicable,Not Applicable,,No,Yes,Yes,Yes,Yes,Not Applicable,Yes,Not Applicable,Not Applicable,Not Applicable,Not Applicable,Not Applicable,No,0.0,Not Applicable,No,Not Applicable,Yes,Yes,No,No,No,1.0,655.3,413.62,0.0,0.967,Mobile App,Edge,42,System,0.72244,,,12.0,Yes,,Unknown,Unknown,30.0,Unknown,Yes,4.0,4.0,0.0,0.0,1.0,Yes,No,0.0,4.0,,Yes,Yes,No,No,Unknown,0.6311918205402106,High,,,Valid Claim
CLM00916,Smartphone,Rugged Smartphone,Phone,Main Unit,NovaTech,12.0,No,Connectivity Issue,Electrical Failure,No,No,Not Applicable,Not Applicable,Not Applicable,Not Applicable,Not Applicable,Not Applicable,Not Applicable,Not Applicable,Yes,Yes,Yes,Yes,No,Yes,Not Applicable,Not Applicable,Not Applicable,Not Applicable,Not Applicable,Not Applicable,Not Applicable,No,0.0,Not Applicable,No,Not Applicable,Unknown,Yes,No,No,No,3.0,530.23,306.19,0.0,0.991,Mobile App,Safari,36,System,-0.43862,282.0,24.0,12.0,Yes,83.0,Active,Not Applicable,30.0,Yes,Yes,3.0,2.0,1.0,0.0,0.6666666666666666,No,Yes,1.0,2.0,Yes,Yes,Unknown,No,No,No,0.5774663825132489,High,11.0,3.0,Manual Review
CLM00917,Washing Machine,Front Load,Water Leakage,Main Unit,HomePro,24.0,No,Water Leakage,Normal Wear,Not Applicable,Not Applicable,Not Applicable,Household,No,Not Applicable,No,Not Applicable,Not Applicable,Not Applicable,Yes,Yes,Yes,Yes,No,Yes,Not Applicable,Not Applicable,Not Applicable,Not Applicable,Not Applicable,Not Applicable,Not Applicable,No,0.0,Not Applicable,No,Not Applicable,Yes,Yes,No,No,No,3.0,1422.95,313.08,0.0,0.934,Web,Safari,16,System,-0.40341,709.0,13.0,24.0,Yes,22.0,Nearing Expiry,Not Applicable,30.0,Yes,No,3.0,2.0,1.0,0.0,0.6666666666666666,No,Yes,1.0,2.0,Yes,Yes,Yes,No,No,No,0.2200217857268351,High,5.0,3.0,Invalid Claim
CLM00918,Laptop,Gaming Laptop,Device,Main Unit,NovaTech,24.0,No,Overheating,Physical Damage,Yes,No,Not Applicable,Not Applicable,Not Applicable,Not Applicable,Not Applicable,Not Applicable,Not Applicable,Not Applicable,Yes,Yes,No,Yes,Yes,Yes,Not Applicable,Not Applicable,Not Applicable,Not Applicable,Not Applicable,Not Applicable,Yes,Yes,3.0,Yes,No,Not Applicable,Yes,Yes,No,No,No,2.0,2039.77,1404.77,641.83,,Service Center,Chrome,36,System,1.35483,425.0,1.0,24.0,Yes,305.0,Active,Not Applicable,30.0,Yes,No,4.0,4.0,0.0,0.0,1.0,Yes,No,0.0,4.0,Yes,Yes,Yes,Yes,No,Yes,0.6886903915637548,Unknown,2.0,6.0,Invalid Claim
CLM00919,Camera,Action Camera,Camera Body,Camera Body,NovaTech,24.0,No,Lens Failure,Internal Component Failure,No,No,Not Applicable,Not Applicable,Not Applicable,Not Applicable,Not Applicable,Not Applicable,Not Applicable,Not Applicable,Yes,Yes,Yes,Yes,Yes,Yes,Not Applicable,Not Applicable,Not Applicable,Not Applicable,Not Applicable,Not Applicable,Not Applicable,No,0.0,Not Applicable,No,Not Applicable,No,Yes,No,No,Yes,1.0,582.35,112.36,0.0,0.783,Web,Edge,51,Light,2.01885,820.0,4.0,24.0,Yes,-90.0,Expired,Not Applicable,30.0,Yes,Yes,3.0,3.0,0.0,0.0,1.0,Yes,No,0.0,3.0,Yes,Yes,No,No,No,No,0.1929423885979222,Medium,6.0,0.0,Invalid Claim
CLM00920,Camera,DSLR,Camera Body,Camera Body,PrimeView,24.0,No,Display Failure,Electrical Failure,No,No,Not Applicable,Not Applicable,Not Applicable,Not Applicable,Not Applicable,Not Applicable,Not Applicable,Not Applicable,,Yes,No,Yes,Yes,Yes,Not Applicable,Not Applicable,Not Applicable,Not Applicable,Not Applicable,Not Applicable,Not Applicable,No,0.0,Not Applicable,No,Not Applicable,Yes,Yes,No,No,No,1.0,1984.47,456.58,0.0,0.949,Service Center,Edge,3,Light,-0.32579,367.0,9.0,24.0,Yes,363.0,Active,Not Applicable,30.0,Yes,Yes,3.0,3.0,0.0,0.0,1.0,Yes,No,0.0,3.0,,Yes,Yes,No,No,No,0.2300765443670098,High,7.0,0.0,Valid Claim
CLM00921,Laptop,Business Laptop,Device,Main Unit,Aster,24.0,No,Connectivity Issue,Internal Component Failure,No,No,Not Applicable,Not Applicable,Not Applicable,Not Applicable,Not Applicable,Not Applicable,Not Applicable,Not Applicable,No,Yes,No,Yes,Yes,Yes,Not Applicable,Not Applicable,Not Applicable,Not Applicable,Not Applicable,Not Applicable,Not Applicable,No,0.0,Not Applicable,No,Not Applicable,Yes,Yes,No,No,No,1.0,2531.27,977.22,0.0,0.848,Web,Edge,28,Light,2.98987,620.0,31.0,24.0,Yes,111.0,Active,Not Applicable,30.0,No,Yes,3.0,3.0,0.0,0.0,1.0,Yes,No,0.0,3.0,No,Yes,Yes,No,No,No,0.3860591718781481,Medium,5.0,6.0,Invalid Claim
CLM00922,Washing Machine,Front Load,Power,Main Unit,PrimeView,24.0,No,Power Failure,Misuse,Not Applicable,Not Applicable,Not Applicable,Household,No,Not Applicable,No,Not Applicable,Not Applicable,Not Applicable,Yes,Yes,No,Yes,No,Yes,Not Applicable,Not Applicable,Not Applicable,Not Applicable,Not Applicable,Not Applicable,Not Applicable,No,0.0,Not Applicable,No,Not Applicable,Yes,Yes,No,No,No,0.0,1743.44,628.42,0.0,0.845,Web,Edge,45,System,0.20178,448.0,23.0,24.0,Yes,283.0,Active,Not Applicable,30.0,Yes,No,3.0,2.0,1.0,0.0,0.6666666666666666,No,Yes,1.0,2.0,Yes,Yes,Yes,No,No,No,0.3604483090900747,Medium,5.0,6.0,Invalid Claim
CLM00923,Printer,Thermal,Printing,Main Unit,HomePro,12.0,No,Mechanical Failure,Manufacturing Defect,Not Applicable,Not Applicable,Not Applicable,Not Applicable,Yes,Not Applicable,No,Not Applicable,Not Applicable,Original,No,Yes,Yes,Yes,Yes,Yes,Not Applicable,Not Applicable,Not Applicable,Not Applicable,Not Applicable,Yes,Not Applicable,No,0.0,Not Applicable,No,Not Applicable,Yes,Yes,No,No,No,1.0,1097.29,713.39,0.0,0.741,Mobile App,Firefox,56,System,-1.81104,267.0,9.0,12.0,Yes,98.0,Active,Not Applicable,30.0,Yes,Yes,4.0,4.0,0.0,0.0,1.0,Yes,No,0.0,4.0,No,Yes,Yes,No,No,No,0.6501380674206454,Medium,5.0,0.0,Valid Claim
CLM00924,Refrigerator,French Door,Power,Compressor,HomePro,120.0,No,Power Failure,Electrical Failure,Not Applicable,Not Applicable,Not Applicable,Household,Unknown,Not Applicable,Not Applicable,Not Applicable,Not Applicable,Not Applicable,No,Yes,Yes,Yes,Yes,Yes,Not Applicable,Not Applicable,Not Applicable,Yes,Not Applicable,Not Applicable,,No,0.0,Not Applicable,Yes,Yes,Yes,Yes,No,No,No,1.0,2557.4,374.2,0.0,0.765,Web,Edge,59,Light,-1.86738,3504.0,10.0,120.0,Yes,148.0,Active,Active,30.0,Yes,Yes,4.0,4.0,0.0,0.0,1.0,Yes,No,0.0,4.0,No,Yes,Yes,No,Yes,Not Applicable,0.1463204817392664,Medium,11.0,3.0,Valid Claim
CLM00925,Camera,Mirrorless,Camera Body,Camera Body,Aster,24.0,No,Battery Problem,Physical Damage,No,No,Yes,Not Applicable,Not Applicable,Not Applicable,Not Applicable,Not Applicable,Not Applicable,Not Applicable,No,Yes,Yes,Yes,Yes,Yes,Not Applicable,Not Applicable,Not Applicable,Not Applicable,Not Applicable,Not Applicable,No,Yes,1.0,Yes,No,Not Applicable,Yes,Yes,No,No,No,1.0,545.4,44.82,498.02,,Service Center,Safari,38,System,-0.73467,722.0,6.0,24.0,Yes,9.0,Nearing Expiry,Not Applicable,30.0,Yes,No,4.0,3.0,1.0,0.0,0.75,No,No,1.0,3.0,No,Yes,Yes,Yes,No,No,0.0821782178217821,Unknown,8.0,5.0,Invalid Claim
CLM00926,Washing Machine,Top Load,Power,Motor,HomePro,120.0,No,Power Failure,Manufacturing Defect,Not Applicable,Not Applicable,Not Applicable,Household,Yes,Not Applicable,Yes,Not Applicable,Not Applicable,Not Applicable,Yes,No,Yes,Yes,Yes,Yes,Not Applicable,Not Applicable,Not Applicable,Yes,Not Applicable,Not Applicable,Not Applicable,No,0.0,Not Applicable,No,Not Applicable,Yes,Yes,No,No,No,3.0,1492.8,1151.36,0.0,0.727,Web,MobileWebView,1,Light,-0.70219,3540.0,26.0,120.0,Yes,113.0,Active,Active,30.0,Yes,Yes,4.0,4.0,0.0,0.0,1.0,Yes,No,0.0,4.0,Yes,Yes,Yes,No,No,Yes,0.7712754555198285,Medium,7.0,4.0,Valid Claim
CLM00927,Printer,Laser,Not Sure,Main Unit,HomePro,12.0,No,Mechanical Failure,Electrical Failure,Not Applicable,Not Applicable,Not Applicable,Not Applicable,Unknown,Not Applicable,No,Not Applicable,Not Applicable,Compatible,Yes,Yes,Yes,Yes,No,Yes,Not Applicable,Not Applicable,Not Applicable,Not Applicable,Not Applicable,Yes,Not Applicable,No,0.0,Not Applicable,No,Not Applicable,Yes,Yes,No,No,No,1.0,741.57,477.22,0.0,0.991,Web,Safari,58,Dark,-0.90319,204.0,10.0,12.0,Yes,161.0,Active,Not Applicable,30.0,Yes,Yes,4.0,3.0,1.0,0.0,0.75,No,Yes,1.0,3.0,Yes,Yes,Yes,No,No,No,0.6435265720026431,High,1.0,3.0,Manual Review
CLM00928,Camera,Action Camera,Not Sure,Camera Body,Aster,24.0,No,Display Failure,Normal Wear,No,No,Not Applicable,Not Applicable,Not Applicable,Not Applicable,Not Applicable,Not Applicable,Not Applicable,Not Applicable,Yes,Yes,Yes,Yes,Yes,Yes,Not Applicable,Not Applicable,Not Applicable,Not Applicable,Not Applicable,Not Applicable,Not Applicable,No,0.0,Not Applicable,No,Not Applicable,Yes,Yes,No,No,No,1.0,3024.2,1665.22,0.0,0.822,Web,Edge,36,Light,-0.22886,666.0,11.0,24.0,Yes,65.0,Active,Not Applicable,30.0,Yes,No,3.0,3.0,0.0,0.0,1.0,Yes,No,0.0,3.0,Yes,Yes,Yes,No,No,No,0.5506315719859798,Medium,9.0,2.0,Invalid Claim
CLM00929,Refrigerator,Single Door,Cooling,Main Unit,HomePro,24.0,No,Cooling Failure,Manufacturing Defect,Not Applicable,Not Applicable,Not Applicable,Household,No,Not Applicable,Not Applicable,Not Applicable,Not Applicable,Not Applicable,No,Yes,Yes,Yes,Yes,,Not Applicable,Not Applicable,Not Applicable,Not Applicable,Not Applicable,Not Applicable,Not Applicable,No,0.0,Not Applicable,No,Not Applicable,Yes,Yes,No,No,No,1.0,2662.71,2490.43,0.0,0.761,Mobile App,Firefox,30,System,2.11282,437.0,21.0,24.0,Yes,293.0,Active,Not Applicable,30.0,Yes,Yes,3.0,2.0,0.0,1.0,0.6666666666666666,Unknown,No,0.0,2.0,No,Yes,Yes,No,No,Not Applicable,0.9352989998910884,Medium,5.0,4.0,Valid Claim
CLM00930,Laptop,Gaming Laptop,Battery,Battery,Aster,12.0,No,Battery Problem,Water Damage,Unknown,Yes,No,Not Applicable,Not Applicable,Not Applicable,Not Applicable,Not Applicable,Not Applicable,Not Applicable,Yes,Yes,No,Yes,No,Yes,Not Applicable,Yes,Not Applicable,Not Applicable,Not Applicable,Not Applicable,Not Applicable,No,0.0,Not Applicable,No,Not Applicable,Yes,Yes,No,No,No,0.0,2515.07,1875.95,0.0,0.758,Email,Edge,21,System,-1.79277,169.0,5.0,12.0,Yes,197.0,Active,Active,30.0,Yes,No,4.0,3.0,1.0,0.0,0.75,No,Yes,1.0,3.0,Yes,Yes,Yes,No,No,Yes,0.7458838123789795,Medium,1.0,6.0,Invalid Claim
CLM00931,Air Conditioner,Split,Outdoor Unit,Main Unit,HomePro,24.0,Yes,Power Failure,Improper Refrigerant Handling,Not Applicable,Not Applicable,Not Applicable,Not Applicable,No,Not Applicable,Not Applicable,No,Outdoor Unit,Not Applicable,Yes,Yes,No,Yes,Yes,,Yes,Not Applicable,Not Applicable,Not Applicable,Not Applicable,Not Applicable,Not Applicable,No,0.0,Not Applicable,No,Not Applicable,Yes,Yes,No,No,No,0.0,794.77,666.84,0.0,0.925,Web,Firefox,45,Dark,-1.54074,1071.0,3.0,24.0,Yes,25.0,Nearing Expiry,Not Applicable,30.0,Yes,No,4.0,3.0,0.0,1.0,0.75,Unknown,No,0.0,3.0,Yes,Yes,Yes,No,No,Not Applicable,0.8390351925714358,High,4.0,3.0,Invalid Claim
CLM00932,Camera,Mirrorless,Lens,Lens,NovaTech,24.0,No,Power Failure,Internal Component Failure,No,No,Not Applicable,Not Applicable,Not Applicable,Not Applicable,Not Applicable,Not Applicable,Not Applicable,Not Applicable,Yes,Yes,Yes,Yes,Yes,Yes,Not Applicable,Not Applicable,Not Applicable,Not Applicable,Yes,Not Applicable,Not Applicable,No,0.0,Not Applicable,No,Not Applicable,Yes,Yes,No,No,No,1.0,863.55,553.05,0.0,0.987,Mobile App,Firefox,51,System,-2.4785,542.0,31.0,24.0,Yes,189.0,Active,Active,30.0,No,Yes,4.0,4.0,0.0,0.0,1.0,Yes,No,0.0,4.0,Yes,Yes,Yes,No,No,No,0.6404377279833247,High,8.0,3.0,Invalid Claim
CLM00933,Washing Machine,Washer Dryer,Water Leakage,Main Unit,ZenCore,24.0,No,Water Leakage,Water Damage,Not Applicable,Not Applicable,Not Applicable,Household,No,Not Applicable,No,Not Applicable,Not Applicable,Not Applicable,Yes,Yes,Yes,Yes,,Yes,Not Applicable,Not Applicable,Not Applicable,Not Applicable,Not Applicable,Not Applicable,Not Applicable,No,0.0,Not Applicable,No,Not Applicable,Yes,Yes,Yes,No,No,2.0,2107.32,1142.66,,0.876,Service Center,Safari,56,Light,-0.99469,682.0,9.0,24.0,Yes,49.0,Active,Not Applicable,30.0,Yes,No,3.0,2.0,0.0,1.0,0.6666666666666666,Unknown,Unknown,0.0,2.0,Yes,Yes,Yes,No,No,No,0.5422337376383274,High,3.0,5.0,Invalid Claim
CLM00934,Washing Machine,Front Load,Water Leakage,Main Unit,PrimeView,24.0,No,Water Leakage,Internal Component Failure,Not Applicable,Not Applicable,Not Applicable,Household,No,Not Applicable,No,Not Applicable,Not Applicable,Not Applicable,Yes,Yes,No,No,Yes,Yes,Not Applicable,Not Applicable,Not Applicable,Not Applicable,Not Applicable,Not Applicable,Not Applicable,No,0.0,Not Applicable,No,Not Applicable,Yes,Yes,No,No,No,0.0,818.65,194.43,,0.771,Service Center,Edge,7,Dark,-0.85986,1028.0,7.0,24.0,Yes,-297.0,Expired,Not Applicable,30.0,Yes,Yes,3.0,3.0,0.0,0.0,1.0,Yes,No,0.0,3.0,Yes,Yes,Yes,No,No,No,0.2375007634520247,Medium,5.0,0.0,Invalid Claim
CLM00935,Refrigerator,Double Door,Noise,Main Unit,HomePro,24.0,No,Noise,Electrical Failure,Not Applicable,Not Applicable,Not Applicable,Household,No,Not Applicable,Not Applicable,Not Applicable,Not Applicable,Not Applicable,Yes,Yes,No,Yes,,Yes,Not Applicable,Not Applicable,Not Applicable,Not Applicable,Not Applicable,Not Applicable,Not Applicable,No,0.0,Not Applicable,No,Not Applicable,Unknown,Yes,No,No,No,2.0,1360.45,1112.52,0.0,0.956,Web,Firefox,26,System,-0.2187,1094.0,16.0,24.0,Yes,-364.0,Expired,Not Applicable,30.0,Yes,Yes,3.0,2.0,0.0,1.0,0.6666666666666666,Unknown,Unknown,0.0,2.0,Yes,Yes,Unknown,No,No,Not Applicable,0.8177588297989635,High,3.0,3.0,Invalid Claim
CLM00936,Camera,Compact,Camera Body,Camera Body,NovaTech,24.0,No,Lens Failure,Liquid Damage,No,No,Not Applicable,Not Applicable,Not Applicable,Not Applicable,Not Applicable,Not Applicable,Not Applicable,Not Applicable,Yes,Yes,No,,Yes,Yes,Not Applicable,Not Applicable,Not Applicable,Not Applicable,Not Applicable,Not Applicable,Not Applicable,No,0.0,Not Applicable,No,Not Applicable,Yes,Yes,No,No,No,1.0,1969.15,1765.26,0.0,0.783,Email,MobileWebView,13,Light,-1.08905,486.0,21.0,24.0,Yes,244.0,Active,Not Applicable,30.0,Yes,No,3.0,3.0,0.0,0.0,1.0,Yes,No,0.0,3.0,Yes,Yes,Yes,No,No,No,0.8964578625295178,Medium,8.0,1.0,Invalid Claim
CLM00937,Printer,Inkjet,Printing,Main Unit,PrimeView,12.0,Yes,Mechanical Failure,Unsupported Consumable,Not Applicable,Not Applicable,Not Applicable,Not Applicable,No,Not Applicable,No,Not Applicable,Not Applicable,Compatible,Yes,Yes,No,Yes,Yes,Yes,Not Applicable,Not Applicable,Not Applicable,Not Applicable,Not Applicable,Yes,,No,0.0,Not Applicable,No,Not Applicable,Yes,Yes,No,No,No,0.0,795.02,84.6,0.0,0.981,Web,Firefox,24,System,-0.57646,534.0,15.0,12.0,Yes,197.0,Active,Not Applicable,30.0,Yes,No,4.0,4.0,0.0,0.0,1.0,Yes,No,0.0,4.0,Yes,Yes,Yes,No,No,No,0.106412417297678,High,1.0,6.0,Invalid Claim
CLM00938,Smartphone,Standard Smartphone,Battery,Battery,Aster,12.0,No,Power Failure,Electrical Failure,No,No,Yes,Not Applicable,Not Applicable,Not Applicable,Not Applicable,Not Applicable,Not Applicable,Not Applicable,Yes,Yes,Yes,Yes,Yes,Yes,Not Applicable,Yes,Not Applicable,Not Applicable,Not Applicable,Not Applicable,Yes,Yes,3.0,Yes,No,Not Applicable,Unknown,Yes,No,No,No,0.0,484.0,300.24,490.67,0.94,Mobile App,Edge,49,System,0.50803,360.0,10.0,12.0,Yes,5.0,Nearing Expiry,Nearing Expiry,30.0,Yes,Yes,5.0,5.0,0.0,0.0,1.0,Yes,No,0.0,5.0,Yes,Yes,Unknown,Yes,No,No,0.6203305785123967,High,2.0,3.0,Manual Review
CLM00939,Laptop,Business Laptop,Charger,Power Adapter,Aster,12.0,No,Overheating,Internal Component Failure,No,No,Not Applicable,Not Applicable,Not Applicable,Not Applicable,Not Applicable,Not Applicable,Not Applicable,Not Applicable,Yes,Yes,Yes,Yes,Yes,No,Not Applicable,Not Applicable,Not Applicable,Not Applicable,Not Applicable,Not Applicable,Not Applicable,No,0.0,Not Applicable,No,Not Applicable,Yes,Yes,No,No,No,2.0,2533.82,956.78,0.0,0.88,Mobile App,Edge,50,Dark,-0.28395,502.0,20.0,12.0,Yes,-137.0,Expired,Expired,30.0,Yes,Yes,3.0,2.0,1.0,0.0,0.6666666666666666,No,No,1.0,2.0,Yes,Yes,Yes,No,No,No,0.3776037761166933,High,7.0,0.0,Invalid Claim
CLM00940,Washing Machine,Front Load,Noise,Main Unit,HomePro,24.0,No,Noise,Misuse,Not Applicable,Not Applicable,Not Applicable,Household,No,Not Applicable,No,Not Applicable,Not Applicable,Not Applicable,Yes,Yes,No,Yes,Yes,Yes,Not Applicable,Not Applicable,Not Applicable,Not Applicable,Not Applicable,Not Applicable,Yes,Yes,3.0,No,No,Not Applicable,Yes,Yes,No,No,No,0.0,687.32,274.76,50.22,,Service Center,MobileWebView,45,Light,1.07236,471.0,,24.0,Yes,260.0,Active,Not Applicable,30.0,Unknown,No,4.0,4.0,0.0,0.0,1.0,Yes,No,0.0,4.0,Yes,Yes,Yes,Yes,No,No,0.3997555723680381,Unknown,10.0,3.0,Invalid Claim
CLM00941,Air Conditioner,Cassette,Not Sure,Main Unit,HomePro,24.0,No,Noise,Manufacturing Defect,Not Applicable,Not Applicable,Not Applicable,Not Applicable,Yes,Not Applicable,Not Applicable,No,Not Sure,Not Applicable,,Yes,Yes,Yes,Yes,Yes,Yes,Not Applicable,Not Applicable,Not Applicable,Not Applicable,Not Applicable,No,Yes,2.0,Yes,Yes,Yes,Yes,Yes,No,No,No,0.0,1947.91,883.8,387.51,0.884,Web,Chrome,46,Dark,0.63486,646.0,23.0,24.0,Yes,85.0,Active,Not Applicable,30.0,Yes,Yes,5.0,4.0,1.0,0.0,0.8,No,No,1.0,4.0,,Yes,Yes,Yes,Yes,Not Applicable,0.4537170608498339,High,7.0,3.0,Manual Review
CLM00942,Air Conditioner,Portable,Not Sure,Compressor,ZenCore,60.0,No,Power Failure,Manufacturing Defect,Not Applicable,Not Applicable,Not Applicable,Not Applicable,No,Not Applicable,Not Applicable,No,Not Sure,Not Applicable,Yes,Yes,Yes,Yes,Yes,Yes,No,Not Applicable,Not Applicable,Yes,Not Applicable,Not Applicable,Not Applicable,No,0.0,Not Applicable,No,Not Applicable,No,Yes,No,No,No,0.0,2545.4,822.75,0.0,0.886,Mobile App,MobileWebView,27,Dark,-1.72346,1659.0,21.0,60.0,Yes,167.0,Active,Active,30.0,Yes,Yes,5.0,4.0,1.0,0.0,0.8,No,Yes,1.0,4.0,Yes,Yes,No,No,No,Not Applicable,0.3232301406458709,High,2.0,1.0,Invalid Claim
CLM00943,Washing Machine,Top Load,Noise,Main Unit,HomePro,24.0,No,Noise,Foreign Object Damage,Not Applicable,Not Applicable,Not Applicable,Household,No,Not Applicable,No,Not Applicable,Not Applicable,Not Applicable,Yes,Yes,No,Yes,Yes,Yes,Not Applicable,Not Applicable,Not Applicable,Not Applicable,Not Applicable,Not Applicable,Yes,Yes,99.0,No,No,Not Applicable,No,Yes,No,No,No,0.0,1634.88,820.8,400.55,0.847,Service Center,Safari,18,System,-1.82553,603.0,12.0,24.0,Yes,128.0,Active,Not Applicable,30.0,Yes,No,4.0,4.0,0.0,0.0,1.0,Yes,No,0.0,4.0,Yes,Yes,No,Yes,No,No,0.5020551967116852,Medium,3.0,4.0,Invalid Claim
CLM00944,Refrigerator,Side-by-Side,Cooling,Compressor,Aster,120.0,No,Cooling Failure,Electrical Failure,Not Applicable,Not Applicable,Not Applicable,Business,No,Not Applicable,Not Applicable,Not Applicable,Not Applicable,Not Applicable,Yes,Yes,No,Yes,Yes,Yes,Not Applicable,Not Applicable,Not Applicable,Yes,Not Applicable,Not Applicable,Yes,Yes,1.0,No,No,Not Applicable,Yes,Yes,No,No,No,2.0,2736.13,1452.9,333.25,,Service Center,Safari,9,System,-0.40732,3649.0,8.0,120.0,Yes,4.0,Nearing Expiry,Nearing Expiry,30.0,Yes,Yes,5.0,5.0,0.0,0.0,1.0,Yes,No,0.0,5.0,Yes,Yes,Yes,Yes,No,Not Applicable,0.5310054712312646,Unknown,9.0,6.0,Invalid Claim
CLM00945,Refrigerator,Double Door,Cooling,Main Unit,Aster,24.0,No,Cooling Failure,Internal Component Failure,Not Applicable,Not Applicable,Not Applicable,Household,Yes,Not Applicable,Not Applicable,Not Applicable,Not Applicable,Not Applicable,Yes,Yes,Yes,Yes,Yes,Yes,Not Applicable,Not Applicable,Not Applicable,Not Applicable,Not Applicable,Not Applicable,Not Applicable,No,0.0,Not Applicable,No,Not Applicable,Yes,Yes,No,No,No,0.0,1328.36,356.22,0.0,0.727,Web,Chrome,19,Light,1.28143,703.0,48.0,24.0,Yes,28.0,Nearing Expiry,Not Applicable,30.0,No,Yes,3.0,3.0,0.0,0.0,1.0,Yes,No,0.0,3.0,Yes,Yes,Yes,No,No,Not Applicable,0.2681652564063959,Medium,8.0,1.0,Invalid Claim
CLM00946,Camera,DSLR,Lens,Lens,Aster,24.0,No,Display Failure,Internal Component Failure,No,Unknown,Not Applicable,Not Applicable,Not Applicable,Not Applicable,Not Applicable,Not Applicable,Not Applicable,Not Applicable,Yes,Yes,No,Yes,Yes,Yes,Not Applicable,Not Applicable,Not Applicable,Not Applicable,Yes,Not Applicable,Yes,Yes,3.0,Yes,No,Not Applicable,Yes,Yes,No,No,No,1.0,1032.59,773.07,364.95,0.965,Email,Firefox,56,Light,-0.2066,462.0,25.0,24.0,Yes,269.0,Active,Active,30.0,Yes,Yes,5.0,5.0,0.0,0.0,1.0,Yes,No,0.0,5.0,Yes,Yes,Yes,Yes,No,Unknown,0.7486708180400741,High,5.0,4.0,Valid Claim
CLM00947,Television,Mini-LED,Connection,Display Panel,Aster,24.0,No,Connectivity Issue,Panel Impact Damage,Yes,Not Applicable,Not Applicable,Not Applicable,Not Applicable,Yes,Not Applicable,Not Applicable,Not Applicable,Not Applicable,Yes,Yes,Yes,Yes,Yes,Yes,Not Applicable,Not Applicable,Yes,Not Applicable,Not Applicable,Not Applicable,Not Applicable,No,0.0,Not Applicable,Yes,Yes,Yes,Yes,No,No,No,1.0,1113.62,98.79,0.0,0.762,Web,Edge,10,System,-0.87948,918.0,15.0,24.0,Yes,-187.0,Expired,Expired,30.0,Yes,No,4.0,4.0,0.0,0.0,1.0,Yes,No,0.0,4.0,Yes,Yes,Yes,No,Yes,Yes,0.0887106912591368,Medium,8.0,4.0,Invalid Claim
CLM00948,Air Conditioner,Split,Indoor Unit,Main Unit,Aster,24.0,Yes,Water Leakage,Electrical Failure,Not Applicable,Not Applicable,Not Applicable,Not Applicable,Yes,Not Applicable,Not Applicable,No,Indoor Unit,Not Applicable,Yes,Yes,Yes,Yes,Yes,Yes,Yes,Not Applicable,Not Applicable,Not Applicable,Not Applicable,Not Applicable,Yes,Yes,3.0,Yes,No,Not Applicable,Yes,Yes,No,No,No,0.0,912.85,386.71,104.77,0.838,Service Center,Safari,5,Light,-0.15,905.0,27.0,24.0,Yes,191.0,Active,Not Applicable,30.0,Yes,Yes,5.0,5.0,0.0,0.0,1.0,Yes,No,0.0,5.0,Yes,Yes,Yes,Yes,No,Not Applicable,0.4236292928739661,Medium,2.0,6.0,Valid Claim
CLM00949,Washing Machine,Washer Dryer,Power,Main Unit,ZenCore,24.0,No,Power Failure,Manufacturing Defect,Not Applicable,Not Applicable,Not Applicable,Household,No,Not Applicable,No,Not Applicable,Not Applicable,Not Applicable,Yes,No,Yes,Yes,Yes,No,Not Applicable,Not Applicable,Not Applicable,Not Applicable,Not Applicable,Not Applicable,No,Yes,1.0,Yes,No,Not Applicable,Yes,Yes,No,No,No,1.0,1876.28,599.19,300.58,0.939,Mobile App,Firefox,23,Light,-1.58678,382.0,22.0,24.0,Yes,348.0,Active,Not Applicable,30.0,Yes,Yes,4.0,2.0,2.0,0.0,0.5,No,No,2.0,2.0,Yes,Yes,Yes,Yes,No,No,0.3193499904065491,High,4.0,2.0,Manual Review
CLM00950,Camera,Compact,Camera Body,Camera Body,NovaTech,24.0,No,Connectivity Issue,Internal Component Failure,No,No,Not Applicable,Not Applicable,Not Applicable,Not Applicable,Not Applicable,Not Applicable,Not Applicable,Not Applicable,Yes,No,No,Yes,Yes,Yes,Not Applicable,Not Applicable,Not Applicable,Not Applicable,Not Applicable,Not Applicable,No,Yes,2.0,No,No,Not Applicable,Yes,Yes,No,No,No,1.0,1774.38,1417.44,,0.928,Service Center,MobileWebView,29,System,0.09267,903.0,15.0,24.0,Yes,-172.0,Expired,Not Applicable,30.0,Yes,Yes,4.0,3.0,1.0,0.0,0.75,No,No,1.0,3.0,Yes,Yes,Yes,Yes,No,No,0.7988367767896392,High,2.0,3.0,Invalid Claim
CLM00951,Air Conditioner,Cassette,Outdoor Unit,Compressor,Aster,60.0,No,Water Leakage,Internal Component Failure,Not Applicable,Not Applicable,Not Applicable,Not Applicable,No,Not Applicable,Not Applicable,Unknown,Outdoor Unit,Not Applicable,Yes,Yes,No,Yes,Yes,Yes,Yes,Not Applicable,Not Applicable,Yes,Not Applicable,Not Applicable,Not Applicable,No,0.0,Not Applicable,No,Not Applicable,Yes,Yes,No,No,No,1.0,662.37,416.46,0.0,0.922,Service Center,Firefox,49,System,2.06786,1792.0,9.0,60.0,Yes,34.0,Active,Active,30.0,Yes,Yes,5.0,5.0,0.0,0.0,1.0,Yes,No,0.0,5.0,Yes,Yes,Yes,No,No,Not Applicable,0.6287422437610398,High,6.0,5.0,Valid Claim
CLM00952,Printer,Laser,Power,Main Unit,HomePro,12.0,No,Power Failure,Electrical Failure,Not Applicable,Not Applicable,Not Applicable,Not Applicable,Yes,Not Applicable,No,Not Applicable,Not Applicable,Original,Yes,Yes,No,,Yes,Yes,Not Applicable,Not Applicable,Not Applicable,Not Applicable,Not Applicable,Yes,Yes,Yes,1.0,Yes,No,Not Applicable,Yes,Yes,No,No,No,0.0,966.86,729.53,33.02,,Service Center,Chrome,16,Light,-0.23502,347.0,17.0,12.0,Yes,19.0,Nearing Expiry,Not Applicable,30.0,Yes,Yes,5.0,5.0,0.0,0.0,1.0,Yes,No,0.0,5.0,Yes,Yes,Yes,Yes,No,No,0.7545352998365844,Unknown,5.0,4.0,Valid Claim
CLM00953,Laptop,Consumer Laptop,Battery,Battery,Aster,12.0,No,Display Failure,Manufacturing Defect,No,No,Unknown,Not Applicable,Not Applicable,Not Applicable,Not Applicable,Not Applicable,Not Applicable,Not Applicable,Yes,,No,Yes,Yes,No,Not Applicable,Yes,Not Applicable,Not Applicable,Not Applicable,Not Applicable,Not Applicable,No,0.0,Not Applicable,No,Not Applicable,Yes,Yes,No,No,No,1.0,2192.9,1915.17,0.0,0.782,Mobile App,Safari,5,Light,-0.44803,347.0,40.0,12.0,Yes,18.0,Nearing Expiry,Nearing Expiry,30.0,No,Yes,4.0,3.0,1.0,0.0,0.75,No,No,1.0,3.0,Yes,Yes,Yes,No,No,No,0.8733503579734598,Medium,4.0,5.0,Invalid Claim
CLM00954,Laptop,Consumer Laptop,Device,Main Unit,NovaTech,24.0,No,Connectivity Issue,Internal Component Failure,No,No,Not Applicable,Not Applicable,Not Applicable,Not Applicable,Not Applicable,Not Applicable,Not Applicable,Not Applicable,Yes,Yes,Yes,Yes,Yes,Yes,Not Applicable,Not Applicable,Not Applicable,Not Applicable,Not Applicable,Not Applicable,,No,0.0,Not Applicable,Yes,Yes,Yes,Yes,No,No,No,2.0,815.74,298.8,0.0,,Email,Edge,4,Dark,-1.82351,637.0,21.0,24.0,Yes,93.0,Active,Not Applicable,30.0,Yes,Yes,3.0,3.0,0.0,0.0,1.0,Yes,No,0.0,3.0,Yes,Yes,Yes,No,Yes,No,0.3662931816510162,Unknown,5.0,4.0,Valid Claim
CLM00955,Smartphone,Foldable Smartphone,Charger,Charger,NovaTech,6.0,No,Display Failure,Electrical Failure,No,Unknown,Not Applicable,Not Applicable,Not Applicable,Not Applicable,Not Applicable,Not Applicable,Not Applicable,Not Applicable,Yes,Yes,No,Yes,Yes,Yes,Not Applicable,Not Applicable,Not Applicable,Not Applicable,Not Applicable,Not Applicable,Not Applicable,No,0.0,Not Applicable,No,Not Applicable,No,Yes,No,No,No,2.0,860.55,,0.0,0.891,Email,MobileWebView,46,System,-1.06356,131.0,7.0,6.0,Yes,53.0,Active,Active,30.0,Yes,Yes,3.0,3.0,0.0,0.0,1.0,Yes,No,0.0,3.0,Yes,Yes,No,No,No,Unknown,,High,7.0,1.0,Invalid Claim
CLM00956,Camera,DSLR,Camera Body,Camera Body,Aster,24.0,No,Battery Problem,Sensor Contamination Due To Misuse,No,Unknown,Yes,Not Applicable,Not Applicable,Not Applicable,Not Applicable,Not Applicable,Not Applicable,Not Applicable,Yes,Yes,No,Yes,Yes,Yes,Not Applicable,Not Applicable,Not Applicable,Not Applicable,Not Applicable,Not Applicable,Not Applicable,No,0.0,Not Applicable,No,Not Applicable,Yes,Yes,No,No,No,1.0,3306.82,581.31,0.0,0.968,Web,Safari,24,Dark,-0.13485,372.0,3.0,24.0,Yes,358.0,Active,Not Applicable,30.0,Yes,No,3.0,3.0,0.0,0.0,1.0,Yes,No,0.0,3.0,Yes,Yes,Yes,No,No,Unknown,0.1757912435512062,High,6.0,2.0,Invalid Claim
CLM00957,Refrigerator,Double Door,Water Leakage,Main Unit,HomePro,24.0,No,Water Leakage,Manufacturing Defect,Not Applicable,Not Applicable,Not Applicable,Household,Yes,Not Applicable,Not Applicable,Not Applicable,Not Applicable,Not Applicable,Yes,Yes,Yes,Yes,Yes,Yes,Not Applicable,Not Applicable,Not Applicable,Not Applicable,Not Applicable,Not Applicable,Not Applicable,No,0.0,Not Applicable,No,Not Applicable,Yes,Yes,Yes,No,No,0.0,2306.13,988.62,0.0,0.8,Service Center,Firefox,30,Dark,0.60955,547.0,12.0,24.0,Yes,183.0,Active,Not Applicable,30.0,Yes,Yes,3.0,3.0,0.0,0.0,1.0,Yes,No,0.0,3.0,Yes,Yes,Yes,No,No,Not Applicable,0.4286922246360786,Medium,2.0,4.0,Invalid Claim
CLM00958,Camera,Compact,Camera Body,Camera Body,Aster,24.0,No,Battery Problem,Liquid Damage,No,Yes,No,Not Applicable,Not Applicable,Not Applicable,Not Applicable,Not Applicable,Not Applicable,Not Applicable,Yes,Yes,No,Yes,No,Yes,Not Applicable,Not Applicable,Not Applicable,Not Applicable,Not Applicable,Not Applicable,Not Applicable,No,0.0,Not Applicable,No,Not Applicable,Yes,Yes,No,No,No,0.0,1251.66,142.68,,0.943,Web,MobileWebView,4,System,0.4657,475.0,19.0,24.0,Yes,255.0,Active,Not Applicable,30.0,Yes,No,3.0,2.0,1.0,0.0,0.6666666666666666,No,Yes,1.0,2.0,Yes,Yes,Yes,No,No,Yes,0.1139926178035568,High,5.0,6.0,Invalid Claim
CLM00959,Smartphone,Rugged Smartphone,Phone,Main Unit,NovaTech,12.0,No,Overheating,Electrical Failure,No,No,Not Applicable,Not Applicable,Not Applicable,Not Applicable,Not Applicable,Not Applicable,Not Applicable,Not Applicable,Yes,No,No,Yes,,Yes,Not Applicable,Not Applicable,Not Applicable,Not Applicable,Not Applicable,Not Applicable,Not Applicable,No,0.0,Not Applicable,No,Not Applicable,Yes,Yes,No,No,No,1.0,740.38,508.08,0.0,0.744,Mobile App,Safari,36,Dark,-1.33199,563.0,12.0,12.0,Yes,-197.0,Expired,Not Applicable,30.0,Yes,Yes,3.0,2.0,0.0,1.0,0.6666666666666666,Unknown,Unknown,0.0,2.0,Yes,Yes,Yes,No,No,No,0.6862421999513763,Medium,8.0,2.0,Invalid Claim
CLM00960,Laptop,2-in-1,Device,Main Unit,NovaTech,24.0,No,Display Failure,Internal Component Failure,No,No,Not Applicable,Not Applicable,Not Applicable,Not Applicable,Not Applicable,Not Applicable,Not Applicable,Not Applicable,Yes,,No,Yes,Yes,Yes,Not Applicable,Not Applicable,Not Applicable,Not Applicable,Not Applicable,Not Applicable,Not Applicable,No,0.0,Not Applicable,No,Not Applicable,Yes,Yes,No,No,No,1.0,1036.59,864.33,0.0,0.916,Mobile App,Firefox,34,Light,1.23275,657.0,14.0,24.0,Yes,73.0,Active,Not Applicable,30.0,Yes,Yes,3.0,3.0,0.0,0.0,1.0,Yes,No,0.0,3.0,Yes,Yes,Yes,No,No,No,0.833820507625966,High,12.0,5.0,Valid Claim
CLM00961,Laptop,Business Laptop,Device,Main Unit,Aster,24.0,No,Overheating,Physical Damage,No,No,Not Applicable,Not Applicable,Not Applicable,Not Applicable,Not Applicable,Not Applicable,Not Applicable,Not Applicable,,Yes,No,Yes,Yes,Yes,Not Applicable,Not Applicable,Not Applicable,Not Applicable,Not Applicable,Not Applicable,Yes,Yes,1.0,Yes,No,Not Applicable,Yes,Yes,No,No,No,0.0,1285.2,404.78,55.4,0.458,Web,Edge,35,Light,0.93988,463.0,15.0,24.0,Yes,268.0,Active,Not Applicable,30.0,Yes,No,4.0,4.0,0.0,0.0,1.0,Yes,No,0.0,4.0,,Yes,Yes,Yes,No,No,0.3149548708372237,Low,10.0,1.0,Invalid Claim
CLM00962,Printer,Inkjet,Ink or Toner,Ink Or Toner,PrimeView,0.0,No,Mechanical Failure,Consumable Depletion,Not Applicable,Not Applicable,Not Applicable,Not Applicable,No,Not Applicable,No,Not Applicable,Not Applicable,Original,Yes,No,No,Yes,No,Yes,Not Applicable,Not Applicable,Not Applicable,Not Applicable,Not Applicable,Yes,Yes,Yes,3.0,Yes,No,Not Applicable,Yes,Yes,No,No,No,3.0,313.67,119.05,531.64,0.848,Web,Edge,37,Dark,-1.522,135.0,3.0,0.0,No,,Not Eligible,Not Eligible,30.0,Yes,No,5.0,4.0,1.0,0.0,0.8,No,Yes,1.0,4.0,Yes,Yes,Yes,Yes,No,No,0.3795390059616794,Medium,1.0,3.0,Invalid Claim
CLM00963,Television,LED,Not Sure,Main Unit,HomePro,24.0,No,Connectivity Issue,Electrical Failure,No,Not Applicable,Not Applicable,Not Applicable,Not Applicable,Yes,Not Applicable,Not Applicable,Not Applicable,Not Applicable,Yes,Yes,No,No,Yes,,Not Applicable,Not Applicable,Not Applicable,Not Applicable,Not Applicable,Not Applicable,Not Applicable,No,0.0,Not Applicable,No,Not Applicable,Yes,Yes,No,No,No,3.0,2086.81,1298.78,0.0,0.852,Mobile App,MobileWebView,57,System,-1.29819,992.0,15.0,24.0,Yes,-261.0,Expired,Not Applicable,30.0,Yes,Yes,3.0,2.0,0.0,1.0,0.6666666666666666,Unknown,No,0.0,2.0,Yes,Yes,Yes,No,No,No,0.6223757792995049,High,2.0,2.0,Invalid Claim
CLM00964,Smartphone,Rugged Smartphone,Phone,Main Unit,Aster,12.0,Yes,Connectivity Issue,Electrical Failure,No,Yes,Not Applicable,Not Applicable,Not Applicable,Not Applicable,Not Applicable,Not Applicable,Not Applicable,Not Applicable,Yes,Yes,Yes,Yes,Yes,Yes,Not Applicable,Not Applicable,Not Applicable,Not Applicable,Not Applicable,Not Applicable,,Yes,3.0,Yes,Yes,Yes,Yes,Yes,No,No,No,1.0,904.18,285.08,349.27,0.963,Web,Edge,10,Light,0.67145,394.0,3.0,12.0,Yes,336.0,Active,Not Applicable,30.0,Yes,Yes,4.0,3.0,0.0,1.0,0.75,Unknown,No,0.0,3.0,Yes,Yes,Yes,Yes,Yes,Yes,0.3152912030790329,High,7.0,6.0,Valid Claim
CLM00965,Air Conditioner,Portable,Indoor Unit,Main Unit,ZenCore,24.0,Yes,Power Failure,Manufacturing Defect,Not Applicable,Not Applicable,Not Applicable,Not Applicable,No,Not Applicable,Not Applicable,No,Indoor Unit,Not Applicable,No,Yes,No,Yes,Yes,Yes,Yes,Not Applicable,Not Applicable,Not Applicable,Not Applicable,Not Applicable,Not Applicable,No,0.0,Not Applicable,No,Not Applicable,Yes,Yes,No,No,No,0.0,2340.39,1291.13,,0.892,Mobile App,Safari,21,Light,-1.28772,942.0,19.0,24.0,Yes,154.0,Active,Not Applicable,30.0,Yes,Yes,4.0,4.0,0.0,0.0,1.0,Yes,No,0.0,4.0,No,Yes,Yes,No,No,Not Applicable,0.5516730117629969,High,1.0,0.0,Valid Claim
CLM00966,Camera,Mirrorless,Camera Body,Camera Body,Aster,24.0,No,Lens Failure,Internal Component Failure,No,No,Not Applicable,Not Applicable,Not Applicable,Not Applicable,Not Applicable,Not Applicable,Not Applicable,Not Applicable,Yes,Yes,No,Yes,Yes,Yes,Not Applicable,Not Applicable,Not Applicable,Not Applicable,Not Applicable,Not Applicable,Yes,Yes,1.0,No,Yes,No,Yes,Yes,No,No,No,0.0,2071.02,815.13,508.44,0.961,Web,Edge,5,System,-0.23259,596.0,23.0,24.0,Yes,134.0,Active,Not Applicable,30.0,Yes,Yes,4.0,4.0,0.0,0.0,1.0,Yes,No,0.0,4.0,Yes,Yes,Yes,Yes,Yes,No,0.393588666454211,High,8.0,2.0,Invalid Claim
CLM00967,Smartphone,Foldable Smartphone,Phone,Main Unit,PrimeView,12.0,No,Overheating,Misuse,Yes,No,Not Applicable,Not Applicable,Not Applicable,Not Applicable,Not Applicable,Not Applicable,Not Applicable,Not Applicable,Yes,Yes,No,Yes,Yes,Yes,Not Applicable,Not Applicable,Not Applicable,Not Applicable,Not Applicable,Not Applicable,Yes,Yes,2.0,Yes,No,Not Applicable,Yes,Yes,No,No,No,1.0,1338.37,574.4,347.7,0.934,Web,Firefox,31,System,-0.85243,342.0,6.0,12.0,Yes,23.0,Nearing Expiry,Not Applicable,30.0,Yes,No,4.0,4.0,0.0,0.0,1.0,Yes,No,0.0,4.0,Yes,Yes,Yes,Yes,No,Yes,0.4291787771692432,High,6.0,3.0,Invalid Claim
CLM00968,Washing Machine,Top Load,Noise,Main Unit,,24.0,No,Noise,Internal Component Failure,Not Applicable,Not Applicable,Not Applicable,Household,Unknown,Not Applicable,No,Not Applicable,Not Applicable,Not Applicable,Yes,Yes,Yes,Yes,Yes,Yes,Not Applicable,Not Applicable,Not Applicable,Not Applicable,Not Applicable,Not Applicable,,No,0.0,Not Applicable,No,Not Applicable,Yes,Yes,No,No,No,1.0,1016.42,366.53,0.0,0.731,Service Center,MobileWebView,48,Dark,0.23365,420.0,12.0,24.0,Yes,311.0,Active,Not Applicable,30.0,Yes,Yes,3.0,3.0,0.0,0.0,1.0,Yes,No,0.0,3.0,Yes,Yes,Yes,No,No,No,0.3606088034473937,Medium,1.0,3.0,Valid Claim
CLM00969,Laptop,Gaming Laptop,Device,Main Unit,NovaTech,24.0,No,Power Failure,Electrical Failure,No,No,Not Applicable,Not Applicable,Not Applicable,Not Applicable,Not Applicable,Not Applicable,Not Applicable,Not Applicable,,No,Yes,Yes,No,Yes,Not Applicable,Not Applicable,Not Applicable,Not Applicable,Not Applicable,Not Applicable,Not Applicable,No,0.0,Not Applicable,No,Not Applicable,Unknown,Yes,No,No,No,1.0,1747.85,1609.42,,0.948,Mobile App,Edge,59,Light,0.08617,722.0,13.0,24.0,Yes,8.0,Nearing Expiry,Not Applicable,30.0,Yes,Yes,3.0,2.0,1.0,0.0,0.6666666666666666,No,Yes,1.0,2.0,,Yes,Unknown,No,No,No,0.9207998398031868,High,1.0,6.0,Manual Review
CLM00970,Television,QLED,Connection,Main Unit,Aster,24.0,No,Connectivity Issue,Misuse,No,Not Applicable,Not Applicable,Not Applicable,Not Applicable,Yes,Not Applicable,Not Applicable,Not Applicable,Not Applicable,,Yes,Yes,Yes,Yes,Yes,Not Applicable,Not Applicable,Not Applicable,Not Applicable,Not Applicable,Not Applicable,Not Applicable,No,0.0,Not Applicable,No,Not Applicable,Yes,Yes,No,No,No,2.0,836.32,204.01,0.0,0.724,Web,MobileWebView,23,Dark,0.56776,648.0,12.0,24.0,Yes,82.0,Active,Not Applicable,30.0,Yes,No,3.0,3.0,0.0,0.0,1.0,Yes,No,0.0,3.0,,Yes,Yes,No,No,No,0.2439377271857662,Medium,9.0,0.0,Invalid Claim
CLM00971,Laptop,Gaming Laptop,Charger,Power Adapter,Aster,12.0,No,Connectivity Issue,Manufacturing Defect,No,No,Not Applicable,Not Applicable,Not Applicable,Not Applicable,Not Applicable,Not Applicable,Not Applicable,Not Applicable,Yes,Yes,Yes,Yes,Yes,Yes,Not Applicable,Not Applicable,Not Applicable,Not Applicable,Not Applicable,Not Applicable,Yes,Yes,2.0,Yes,Yes,Yes,Yes,Yes,No,No,No,0.0,1221.9,1054.05,142.16,0.477,Mobile App,MobileWebView,56,Light,-0.35944,343.0,7.0,12.0,Yes,22.0,Nearing Expiry,Nearing Expiry,30.0,Yes,Yes,4.0,4.0,0.0,0.0,1.0,Yes,No,0.0,4.0,Yes,Yes,Yes,Yes,Yes,No,0.8626319666093787,Low,4.0,5.0,Manual Review
CLM00972,Television,Mini-LED,Power,Main Unit,HomePro,24.0,No,Power Failure,Electrical Failure,No,Not Applicable,Not Applicable,Not Applicable,Not Applicable,Yes,Not Applicable,Not Applicable,Not Applicable,Not Applicable,Yes,Yes,No,Yes,Yes,Yes,Not Applicable,Not Applicable,Not Applicable,Not Applicable,Not Applicable,Not Applicable,,No,0.0,Not Applicable,No,Not Applicable,Yes,Yes,No,No,No,1.0,2241.5,,,0.88,Mobile App,Edge,1,Dark,-0.7437,1059.0,47.0,24.0,Yes,-328.0,Expired,Not Applicable,30.0,No,Yes,3.0,3.0,0.0,0.0,1.0,Yes,No,0.0,3.0,Yes,Yes,Yes,No,No,No,,High,8.0,0.0,Invalid Claim
CLM00973,Refrigerator,Double Door,Other,Main Unit,HomePro,24.0,No,Mechanical Failure,Manufacturing Defect,Not Applicable,Not Applicable,Not Applicable,Household,No,Not Applicable,Not Applicable,Not Applicable,Not Applicable,Not Applicable,Yes,Yes,No,No,Yes,Yes,Not Applicable,Not Applicable,Not Applicable,Not Applicable,Not Applicable,Not Applicable,Not Applicable,No,0.0,Not Applicable,No,Not Applicable,Yes,Yes,No,No,No,0.0,535.67,130.63,0.0,,Web,MobileWebView,21,System,-1.35821,394.0,8.0,24.0,Yes,337.0,Active,Not Applicable,30.0,Yes,Yes,3.0,3.0,0.0,0.0,1.0,Yes,No,0.0,3.0,Yes,Yes,Yes,No,No,Not Applicable,0.2438628259936154,Unknown,4.0,1.0,Valid Claim
CLM00974,Laptop,Business Laptop,Device,Main Unit,NovaTech,24.0,Yes,Power Failure,Internal Component Failure,No,No,Not Applicable,Not Applicable,Not Applicable,Not Applicable,Not Applicable,Not Applicable,Not Applicable,Not Applicable,Yes,Yes,No,Yes,Yes,Yes,Not Applicable,Not Applicable,Not Applicable,Not Applicable,Not Applicable,Not Applicable,Not Applicable,No,0.0,Not Applicable,No,Not Applicable,Yes,Yes,No,No,No,3.0,953.98,524.01,0.0,,Web,Safari,20,Dark,0.12563,921.0,17.0,24.0,Yes,175.0,Active,Not Applicable,30.0,Yes,Yes,3.0,3.0,0.0,0.0,1.0,Yes,No,0.0,3.0,Yes,Yes,Yes,No,No,No,0.5492882450365836,Unknown,10.0,3.0,Valid Claim
CLM00975,Washing Machine,Top Load,Noise,Motor,ZenCore,120.0,No,Noise,Internal Component Failure,Not Applicable,Not Applicable,Not Applicable,Household,No,Not Applicable,No,Not Applicable,Not Applicable,Not Applicable,Yes,Yes,Yes,Yes,No,Yes,Not Applicable,Not Applicable,Not Applicable,Yes,Not Applicable,Not Applicable,,No,0.0,Not Applicable,Yes,Yes,No,Yes,No,No,No,1.0,506.47,380.87,0.0,0.966,Email,Safari,53,Dark,-0.35289,3947.0,6.0,120.0,Yes,-294.0,Expired,Expired,30.0,Yes,Yes,4.0,3.0,1.0,0.0,0.75,No,Yes,1.0,3.0,Yes,Yes,No,No,Yes,No,0.7520090034947775,High,5.0,0.0,Invalid Claim
CLM00976,Air Conditioner,Window,Outdoor Unit,Main Unit,HomePro,24.0,No,Power Failure,Manufacturing Defect,Not Applicable,Not Applicable,Not Applicable,Not Applicable,Unknown,Not Applicable,Not Applicable,Yes,Outdoor Unit,Not Applicable,,No,Yes,Yes,Yes,,Yes,Not Applicable,Not Applicable,Not Applicable,Not Applicable,Not Applicable,Not Applicable,No,0.0,Not Applicable,No,Not Applicable,Yes,Yes,No,No,No,1.0,1080.72,125.62,0.0,0.933,Mobile App,Chrome,14,Dark,-0.44514,702.0,32.0,24.0,Yes,29.0,Nearing Expiry,Not Applicable,30.0,No,Yes,4.0,3.0,0.0,1.0,0.75,Unknown,No,0.0,3.0,,Yes,Yes,No,No,Not Applicable,0.1162373232659708,High,7.0,2.0,Invalid Claim
CLM00977,Refrigerator,Single Door,Power,Main Unit,ZenCore,24.0,No,Power Failure,Internal Component Failure,Not Applicable,Not Applicable,Not Applicable,Household,No,Not Applicable,Not Applicable,Not Applicable,Not Applicable,Not Applicable,Yes,Yes,No,Yes,No,Yes,Not Applicable,Not Applicable,Not Applicable,Not Applicable,Not Applicable,Not Applicable,Not Applicable,No,0.0,Not Applicable,No,Not Applicable,Yes,Yes,No,No,No,0.0,2264.43,1304.79,,0.834,Email,Firefox,48,Light,-1.64531,1039.0,11.0,24.0,Yes,-309.0,Expired,Not Applicable,30.0,Yes,Yes,3.0,2.0,1.0,0.0,0.6666666666666666,No,Yes,1.0,2.0,Yes,Yes,Yes,No,No,Not Applicable,0.5762112319656603,Medium,11.0,6.0,Invalid Claim
CLM00978,Washing Machine,Top Load,Water Leakage,Main Unit,ZenCore,24.0,No,Water Leakage,Internal Component Failure,Not Applicable,Not Applicable,Not Applicable,Household,No,Not Applicable,No,Not Applicable,Not Applicable,Not Applicable,Yes,No,No,Yes,,Yes,Not Applicable,Not Applicable,Not Applicable,Not Applicable,Not Applicable,Not Applicable,Yes,Yes,2.0,Yes,No,Not Applicable,Yes,Yes,No,No,No,0.0,677.45,488.34,375.06,0.82,Mobile App,Firefox,12,Dark,1.1587,593.0,12.0,24.0,Yes,138.0,Active,Not Applicable,30.0,Yes,Yes,4.0,3.0,0.0,1.0,0.75,Unknown,Unknown,0.0,3.0,Yes,Yes,Yes,Yes,No,No,0.7208502472507196,Medium,7.0,2.0,Valid Claim
CLM00979,Camera,Compact,Camera Body,Camera Body,NovaTech,24.0,No,Connectivity Issue,Manufacturing Defect,No,No,Not Applicable,Not Applicable,Not Applicable,Not Applicable,Not Applicable,Not Applicable,Not Applicable,Not Applicable,Yes,Yes,No,Yes,Yes,Yes,Not Applicable,Not Applicable,Not Applicable,Not Applicable,Not Applicable,Not Applicable,Yes,Yes,3.0,Yes,No,Not Applicable,Yes,Yes,No,No,No,1.0,1905.88,963.41,142.35,0.849,Mobile App,Safari,52,Light,1.23079,724.0,17.0,24.0,Yes,6.0,Nearing Expiry,Not Applicable,30.0,Yes,Yes,4.0,4.0,0.0,0.0,1.0,Yes,No,0.0,4.0,Yes,Yes,Yes,Yes,No,No,0.5054935253006485,Medium,1.0,1.0,Valid Claim
CLM00980,Camera,Compact,Camera Body,Camera Body,Aster,24.0,No,Lens Failure,Manufacturing Defect,No,No,Not Applicable,Not Applicable,Not Applicable,Not Applicable,Not Applicable,Not Applicable,Not Applicable,Not Applicable,,Yes,No,Yes,Yes,Yes,Not Applicable,Not Applicable,Not Applicable,Not Applicable,Not Applicable,Not Applicable,Not Applicable,No,0.0,Not Applicable,No,Not Applicable,Yes,Yes,No,No,No,2.0,2828.67,501.56,0.0,0.842,Mobile App,Firefox,28,System,1.31768,621.0,21.0,24.0,Yes,109.0,Active,Not Applicable,30.0,Yes,Yes,3.0,3.0,0.0,0.0,1.0,Yes,No,0.0,3.0,,Yes,Yes,No,No,No,0.1773130128293508,Medium,5.0,4.0,Valid Claim
CLM00981,Washing Machine,Top Load,Noise,Motor,HomePro,120.0,No,Noise,Manufacturing Defect,Not Applicable,Not Applicable,Not Applicable,Household,No,Not Applicable,No,Not Applicable,Not Applicable,Not Applicable,Yes,Yes,Yes,Yes,Yes,Yes,Not Applicable,Not Applicable,Not Applicable,Yes,Not Applicable,Not Applicable,Not Applicable,No,0.0,Not Applicable,No,Not Applicable,Yes,Yes,No,No,No,1.0,664.22,166.3,0.0,0.966,Mobile App,Safari,21,Light,0.11197,3543.0,23.0,120.0,Yes,109.0,Active,Active,30.0,Yes,Yes,4.0,4.0,0.0,0.0,1.0,Yes,No,0.0,4.0,Yes,Yes,Yes,No,No,No,0.2503688536930535,High,2.0,6.0,Valid Claim
CLM00982,Air Conditioner,Window,Both,Main Unit,Aster,24.0,No,Noise,Internal Component Failure,Not Applicable,Not Applicable,Not Applicable,Not Applicable,No,Not Applicable,Not Applicable,No,Both,Not Applicable,Yes,No,Yes,Yes,Yes,Yes,No,Not Applicable,Not Applicable,Not Applicable,Not Applicable,Not Applicable,No,Yes,1.0,Yes,No,Not Applicable,Yes,Yes,No,Yes,No,0.0,1255.68,800.02,541.66,0.95,Web,Firefox,11,Light,0.4606,627.0,5.0,24.0,Yes,104.0,Active,Not Applicable,30.0,Yes,Yes,5.0,3.0,2.0,0.0,0.6,No,Yes,2.0,3.0,Yes,Yes,Yes,Yes,No,Not Applicable,0.6371209225280325,High,10.0,2.0,Manual Review
CLM00983,Smartphone,Standard Smartphone,Phone,Main Unit,Aster,12.0,No,Display Failure,Manufacturing Defect,No,No,Not Applicable,Not Applicable,Not Applicable,Not Applicable,Not Applicable,Not Applicable,Not Applicable,Not Applicable,Yes,Yes,No,Yes,Yes,Yes,Not Applicable,Not Applicable,Not Applicable,Not Applicable,Not Applicable,Not Applicable,Not Applicable,No,0.0,Not Applicable,Yes,Yes,Yes,Yes,No,No,No,0.0,1097.65,423.07,0.0,0.839,Service Center,Chrome,18,Dark,-0.86516,163.0,10.0,12.0,Yes,202.0,Active,Not Applicable,30.0,Yes,Yes,3.0,3.0,0.0,0.0,1.0,Yes,No,0.0,3.0,Yes,Yes,Yes,No,Yes,No,0.3854325149182344,Medium,1.0,6.0,Valid Claim
CLM00984,Air Conditioner,Window,Not Sure,Main Unit,HomePro,24.0,No,Water Leakage,Internal Component Failure,Not Applicable,Not Applicable,Not Applicable,Not Applicable,No,Not Applicable,Not Applicable,Unknown,Not Sure,Not Applicable,Yes,Yes,Yes,Yes,Yes,Yes,Yes,Not Applicable,Not Applicable,Not Applicable,Not Applicable,Not Applicable,Not Applicable,No,0.0,Not Applicable,No,Not Applicable,Yes,Yes,No,No,No,0.0,806.79,580.66,0.0,0.84,Service Center,Firefox,44,Dark,-2.10566,387.0,16.0,24.0,Yes,343.0,Active,Not Applicable,30.0,Yes,Yes,4.0,4.0,0.0,0.0,1.0,Yes,No,0.0,4.0,Yes,Yes,Yes,No,No,Not Applicable,0.7197164069956247,Medium,4.0,6.0,Valid Claim
CLM00985,Laptop,Gaming Laptop,Device,Main Unit,ZenCore,24.0,No,Display Failure,Internal Component Failure,No,No,Not Applicable,Not Applicable,Not Applicable,Not Applicable,Not Applicable,Not Applicable,Not Applicable,Not Applicable,Yes,No,Yes,Yes,Yes,Yes,Not Applicable,Not Applicable,Not Applicable,Not Applicable,Not Applicable,Not Applicable,Not Applicable,No,0.0,Not Applicable,No,Not Applicable,Yes,Yes,No,No,No,0.0,995.41,151.88,0.0,0.853,Web,Chrome,24,Light,0.54367,508.0,18.0,24.0,Yes,223.0,Active,Not Applicable,30.0,Yes,Yes,3.0,3.0,0.0,0.0,1.0,Yes,No,0.0,3.0,Yes,Yes,Yes,No,No,No,0.1525803437779407,High,2.0,3.0,Valid Claim
CLM00986,Television,QLED,Power,Main Unit,Aster,24.0,No,Power Failure,Manufacturing Defect,No,Not Applicable,Not Applicable,Not Applicable,Not Applicable,Yes,Not Applicable,Not Applicable,Not Applicable,Not Applicable,Yes,Yes,Yes,Yes,Yes,Yes,Not Applicable,Not Applicable,Not Applicable,Not Applicable,Not Applicable,Not Applicable,Not Applicable,No,0.0,Not Applicable,No,Not Applicable,Yes,Yes,No,No,No,0.0,2805.33,342.06,0.0,0.849,Web,Edge,8,Dark,0.82491,546.0,18.0,24.0,Yes,184.0,Active,Not Applicable,30.0,Yes,Yes,3.0,3.0,0.0,0.0,1.0,Yes,No,0.0,3.0,Yes,Yes,Yes,No,No,No,0.1219321791019238,Medium,3.0,2.0,Valid Claim
CLM00987,Air Conditioner,Portable,Indoor Unit,Main Unit,ZenCore,24.0,No,Water Leakage,Electrical Failure,Not Applicable,Not Applicable,Not Applicable,Not Applicable,Yes,Not Applicable,Not Applicable,Unknown,Indoor Unit,Not Applicable,No,Yes,Yes,Yes,Yes,No,Yes,Not Applicable,Not Applicable,Not Applicable,Not Applicable,Not Applicable,Yes,Yes,3.0,Yes,No,Not Applicable,Yes,Yes,No,No,No,1.0,888.11,659.08,125.63,0.903,Mobile App,Edge,18,Light,-0.72332,498.0,5.0,24.0,Yes,233.0,Active,Not Applicable,30.0,Yes,Yes,5.0,4.0,1.0,0.0,0.8,No,No,1.0,4.0,No,Yes,Yes,Yes,No,Not Applicable,0.7421152785127969,High,12.0,3.0,Manual Review
CLM00988,Printer,Thermal,Paper Feed,Main Unit,PrimeView,12.0,No,Paper Feed Failure,Electrical Failure,Not Applicable,Not Applicable,Not Applicable,Not Applicable,No,Not Applicable,Yes,Not Applicable,Not Applicable,Original,Yes,Yes,Yes,Yes,Yes,Yes,Not Applicable,Not Applicable,Not Applicable,Not Applicable,Not Applicable,Yes,Not Applicable,No,0.0,Not Applicable,No,Not Applicable,Yes,Yes,No,No,No,1.0,446.4,331.11,0.0,0.891,Web,Safari,48,Light,0.30927,266.0,18.0,12.0,Yes,100.0,Active,Not Applicable,30.0,Yes,Yes,4.0,4.0,0.0,0.0,1.0,Yes,No,0.0,4.0,Yes,Yes,Yes,No,No,Yes,0.741733870967742,High,4.0,0.0,Valid Claim
CLM00989,Printer,Inkjet,Power,Main Unit,HomePro,12.0,No,Power Failure,Manufacturing Defect,Not Applicable,Not Applicable,Not Applicable,Not Applicable,No,Not Applicable,No,Not Applicable,Not Applicable,Original,Yes,Yes,No,Yes,Yes,No,Not Applicable,Not Applicable,Not Applicable,Not Applicable,Not Applicable,Yes,,No,0.0,Not Applicable,No,Not Applicable,Yes,Yes,No,No,No,1.0,821.57,401.53,0.0,0.891,Mobile App,Safari,57,System,-0.67497,167.0,5.0,12.0,Yes,198.0,Active,Not Applicable,30.0,Yes,Yes,4.0,3.0,1.0,0.0,0.75,No,No,1.0,3.0,Yes,Yes,Yes,No,No,No,0.4887349830203147,High,1.0,0.0,Manual Review
CLM00990,Refrigerator,French Door,Power,Main Unit,ZenCore,24.0,Yes,Power Failure,Electrical Failure,Not Applicable,Not Applicable,Not Applicable,Household,No,Not Applicable,Not Applicable,Not Applicable,Not Applicable,Not Applicable,No,Yes,No,Yes,Yes,Yes,Not Applicable,Not Applicable,Not Applicable,Not Applicable,Not Applicable,Not Applicable,Not Applicable,No,0.0,Not Applicable,No,Not Applicable,Yes,Yes,No,No,No,2.0,677.13,507.22,0.0,0.94,Web,Firefox,33,Dark,0.05444,940.0,0.0,24.0,Yes,156.0,Active,Not Applicable,30.0,Yes,Yes,3.0,3.0,0.0,0.0,1.0,Yes,No,0.0,3.0,No,Yes,Yes,No,No,Not Applicable,0.7490732946406156,High,10.0,3.0,Valid Claim
CLM00991,Laptop,Consumer Laptop,Device,Main Unit,Aster,24.0,No,Battery Problem,Manufacturing Defect,No,No,Yes,Not Applicable,Not Applicable,Not Applicable,Not Applicable,Not Applicable,Not Applicable,Not Applicable,Yes,No,Yes,Yes,No,Yes,Not Applicable,Not Applicable,Not Applicable,Not Applicable,Not Applicable,Not Applicable,Not Applicable,No,0.0,Not Applicable,No,Not Applicable,Yes,Yes,No,No,No,0.0,1576.48,843.11,0.0,0.872,Email,Edge,59,Light,-0.05061,698.0,13.0,24.0,Yes,33.0,Active,Not Applicable,30.0,Yes,Yes,3.0,2.0,1.0,0.0,0.6666666666666666,No,Yes,1.0,2.0,Yes,Yes,Yes,No,No,No,0.5348053892215568,High,9.0,3.0,Manual Review
CLM00992,Television,Mini-LED,Not Sure,Main Unit,HomePro,24.0,No,Power Failure,Manufacturing Defect,No,Not Applicable,Not Applicable,Not Applicable,Not Applicable,No,Not Applicable,Not Applicable,Not Applicable,Not Applicable,Yes,Yes,Yes,Yes,Yes,,Not Applicable,Not Applicable,Not Applicable,Not Applicable,Not Applicable,Not Applicable,Not Applicable,No,0.0,Not Applicable,No,Not Applicable,Yes,Yes,No,No,No,0.0,3044.52,1466.04,0.0,0.84,Web,Edge,26,Dark,1.07893,600.0,28.0,24.0,Yes,131.0,Active,Not Applicable,30.0,Yes,Yes,3.0,2.0,0.0,1.0,0.6666666666666666,Unknown,No,0.0,2.0,Yes,Yes,Yes,No,No,No,0.481534034921761,Medium,7.0,0.0,Valid Claim
CLM00993,Air Conditioner,Cassette,Indoor Unit,Main Unit,Aster,24.0,No,Water Leakage,Internal Component Failure,Not Applicable,Not Applicable,Not Applicable,Not Applicable,Unknown,Not Applicable,Not Applicable,No,Indoor Unit,Not Applicable,,Yes,No,Yes,Yes,Yes,Yes,Not Applicable,Not Applicable,Not Applicable,Not Applicable,Not Applicable,No,Yes,1.0,Yes,No,Not Applicable,Yes,Yes,No,No,No,1.0,2509.32,2118.61,273.52,0.928,Email,Edge,18,Light,-0.44281,461.0,18.0,24.0,Yes,270.0,Active,Not Applicable,30.0,Yes,Yes,5.0,4.0,1.0,0.0,0.8,No,No,1.0,4.0,,Yes,Yes,Yes,No,Not Applicable,0.8442964627867311,High,11.0,5.0,Manual Review
CLM00994,Printer,Inkjet,Power,Main Unit,NovaTech,12.0,Yes,Power Failure,Internal Component Failure,Not Applicable,Not Applicable,Not Applicable,Not Applicable,No,Not Applicable,No,Not Applicable,Not Applicable,Original,Yes,Yes,Yes,Yes,Yes,Yes,Not Applicable,Not Applicable,Not Applicable,Not Applicable,Not Applicable,Yes,Not Applicable,No,0.0,Not Applicable,No,Not Applicable,Yes,Yes,No,No,No,0.0,878.06,399.77,,0.936,Mobile App,MobileWebView,33,Dark,-0.99819,675.0,9.0,12.0,Yes,55.0,Active,Not Applicable,30.0,Yes,Yes,4.0,4.0,0.0,0.0,1.0,Yes,No,0.0,4.0,Yes,Yes,Yes,No,No,No,0.4552877935448602,High,6.0,0.0,Valid Claim
CLM00995,Air Conditioner,Portable,Outdoor Unit,Main Unit,ZenCore,24.0,No,Water Leakage,Manufacturing Defect,Not Applicable,Not Applicable,Not Applicable,Not Applicable,No,Not Applicable,Not Applicable,No,Outdoor Unit,Not Applicable,No,Yes,No,Yes,Yes,Yes,Yes,Not Applicable,Not Applicable,Not Applicable,Not Applicable,Not Applicable,Not Applicable,No,0.0,Not Applicable,Yes,No,Yes,Yes,No,No,No,1.0,608.5,353.07,0.0,0.917,Mobile App,MobileWebView,33,Light,0.72392,698.0,9.0,24.0,Yes,32.0,Active,Not Applicable,30.0,Yes,Yes,4.0,4.0,0.0,0.0,1.0,Yes,No,0.0,4.0,No,Yes,Yes,No,Yes,Not Applicable,0.5802300739523418,High,7.0,0.0,Valid Claim
CLM00996,Television,Mini-LED,Picture,Main Unit,PrimeView,24.0,No,Display Failure,Electrical Failure,No,Not Applicable,Not Applicable,Not Applicable,Not Applicable,No,Not Applicable,Not Applicable,Not Applicable,Not Applicable,Yes,Yes,No,No,,Yes,Not Applicable,Not Applicable,Not Applicable,Not Applicable,Not Applicable,Not Applicable,Not Applicable,No,0.0,Not Applicable,No,Not Applicable,Yes,Yes,No,No,No,2.0,594.67,377.86,0.0,0.869,Web,Chrome,42,Light,-0.58142,579.0,12.0,24.0,Yes,152.0,Active,Not Applicable,30.0,Yes,Yes,3.0,2.0,0.0,1.0,0.6666666666666666,Unknown,Unknown,0.0,2.0,Yes,Yes,Yes,No,No,No,0.6354112364841005,High,7.0,4.0,Valid Claim
CLM00997,Camera,Mirrorless,Camera Body,Camera Body,PrimeView,24.0,Yes,Battery Problem,Manufacturing Defect,Unknown,No,No,Not Applicable,Not Applicable,Not Applicable,Not Applicable,Not Applicable,Not Applicable,Not Applicable,Yes,Yes,Yes,Yes,Yes,Yes,Not Applicable,Not Applicable,Not Applicable,Not Applicable,Not Applicable,Not Applicable,Not Applicable,No,0.0,Not Applicable,No,Not Applicable,Yes,Yes,No,No,No,0.0,1736.65,639.88,0.0,0.836,Mobile App,Edge,22,System,-0.80675,863.0,4.0,24.0,Yes,233.0,Active,Not Applicable,30.0,Yes,Yes,3.0,3.0,0.0,0.0,1.0,Yes,No,0.0,3.0,Yes,Yes,Yes,No,No,Unknown,0.3684565110989549,Medium,8.0,0.0,Valid Claim
CLM00998,Refrigerator,Double Door,Cooling,Main Unit,HomePro,24.0,No,Cooling Failure,Internal Component Failure,Not Applicable,Not Applicable,Not Applicable,Household,Yes,Not Applicable,Not Applicable,Not Applicable,Not Applicable,Not Applicable,Yes,No,Yes,Yes,Yes,Yes,Not Applicable,Not Applicable,Not Applicable,Not Applicable,Not Applicable,Not Applicable,Yes,Yes,2.0,Yes,No,Not Applicable,Yes,Yes,No,No,No,1.0,922.47,239.51,342.85,0.894,Web,Chrome,47,Light,2.13812,645.0,16.0,24.0,Yes,86.0,Active,Not Applicable,30.0,Yes,Yes,4.0,4.0,0.0,0.0,1.0,Yes,No,0.0,4.0,Yes,Yes,Yes,Yes,No,Not Applicable,0.2596398798876928,High,5.0,2.0,Valid Claim
CLM00999,Laptop,Gaming Laptop,Battery,Battery,ZenCore,12.0,No,Power Failure,Manufacturing Defect,No,Unknown,Yes,Not Applicable,Not Applicable,Not Applicable,Not Applicable,Not Applicable,Not Applicable,Not Applicable,Yes,Yes,No,Yes,Yes,Yes,Not Applicable,No,Not Applicable,Not Applicable,Not Applicable,Not Applicable,Not Applicable,No,0.0,Not Applicable,No,Not Applicable,Yes,Yes,No,No,No,0.0,1641.06,1136.29,0.0,0.971,Web,MobileWebView,35,Dark,0.64764,254.0,8.0,12.0,Yes,111.0,Active,Active,30.0,Yes,Yes,4.0,3.0,1.0,0.0,0.75,No,No,1.0,3.0,Yes,Yes,Yes,No,No,Unknown,0.6924122213691151,High,3.0,6.0,Manual Review
CLM01000,Refrigerator,Double Door,Power,Compressor,HomePro,120.0,No,Power Failure,Electrical Failure,Not Applicable,Not Applicable,Not Applicable,Household,No,Not Applicable,Not Applicable,Not Applicable,Not Applicable,Not Applicable,Yes,Yes,Yes,Yes,Yes,Yes,Not Applicable,Not Applicable,Not Applicable,Yes,Not Applicable,Not Applicable,,Yes,3.0,Yes,No,Not Applicable,Yes,Yes,No,No,No,50.0,2929.81,441.84,299.61,,Email,Edge,16,System,-0.13248,3342.0,29.0,120.0,Yes,310.0,Active,Active,30.0,Yes,Yes,5.0,4.0,0.0,1.0,0.8,Unknown,No,0.0,4.0,Yes,Yes,Yes,Yes,No,Not Applicable,0.1508084141975076,Unknown,5.0,3.0,Valid Claim
CLM01001,Camera,Compact,Lens,Lens,NovaTech,24.0,No,Display Failure,Manufacturing Defect,No,No,Not Applicable,Not Applicable,Not Applicable,Not Applicable,Not Applicable,Not Applicable,Not Applicable,Not Applicable,Yes,Yes,Yes,Yes,Yes,Yes,Not Applicable,Not Applicable,Not Applicable,Not Applicable,Yes,Not Applicable,Yes,Yes,1.0,Yes,No,Not Applicable,Yes,Yes,No,No,No,0.0,2788.33,1543.6,83.16,0.763,Service Center,Chrome,1,Light,0.95028,610.0,655.0,24.0,Yes,121.0,Active,Active,30.0,No,Yes,5.0,5.0,0.0,0.0,1.0,Yes,No,0.0,5.0,Yes,Yes,Yes,Yes,No,No,0.5535930108703059,Medium,5.0,0.0,Valid Claim
CLM01002,Television,QLED,Sound,Main Unit,Aster,24.0,No,Audio Failure,Manufacturing Defect,No,Not Applicable,Not Applicable,Not Applicable,Not Applicable,Yes,Not Applicable,Not Applicable,Not Applicable,Not Applicable,Yes,,Yes,Yes,Yes,Yes,Not Applicable,Not Applicable,Not Applicable,Not Applicable,Not Applicable,Not Applicable,,No,0.0,Not Applicable,No,Not Applicable,Yes,Yes,No,No,No,0.0,1649.58,709.51,0.0,0.723,Email,Safari,37,System,0.68499,699.0,20.0,24.0,Yes,32.0,Active,Not Applicable,30.0,Yes,Yes,3.0,3.0,0.0,0.0,1.0,Yes,No,0.0,3.0,Yes,Yes,Yes,No,No,No,0.4301155445628584,Medium,1.0,3.0,Valid Claim
CLM01003,Camera,DSLR,Not Sure,Camera Body,Aster,24.0,No,Battery Problem,Electrical Failure,No,No,Yes,Not Applicable,Not Applicable,Not Applicable,Not Applicable,Not Applicable,Not Applicable,Not Applicable,Yes,,No,Yes,Yes,Yes,Not Applicable,Not Applicable,Not Applicable,Not Applicable,Not Applicable,Not Applicable,Not Applicable,No,0.0,Not Applicable,No,Not Applicable,Yes,Yes,No,No,Yes,2.0,605.5,136.34,0.0,0.868,Mobile App,MobileWebView,27,Dark,0.15743,392.0,29.0,24.0,Yes,338.0,Active,Not Applicable,30.0,Yes,Yes,3.0,3.0,0.0,0.0,1.0,Yes,No,0.0,3.0,Yes,Yes,Yes,No,No,No,0.2251692815854665,High,10.0,3.0,Manual Review
CLM01004,Refrigerator,Side-by-Side,Other,Main Unit,ZenCore,24.0,Yes,Mechanical Failure,Internal Component Failure,Not Applicable,Not Applicable,Not Applicable,Household,Unknown,Not Applicable,Not Applicable,Not Applicable,Not Applicable,Not Applicable,No,Yes,Yes,Yes,Yes,Yes,Not Applicable,Not Applicable,Not Applicable,Not Applicable,Not Applicable,Not Applicable,Not Applicable,No,0.0,Not Applicable,No,Not Applicable,Yes,Yes,No,No,No,0.0,2887.88,1065.38,0.0,0.831,Web,Edge,53,Light,-1.26183,946.0,16.0,24.0,Yes,150.0,Active,Not Applicable,30.0,Yes,Yes,3.0,3.0,0.0,0.0,1.0,Yes,No,0.0,3.0,No,Yes,Yes,No,No,Not Applicable,0.3689142208124991,Medium,7.0,4.0,Valid Claim
CLM01005,Refrigerator,Single Door,Power,Compressor,Aster,120.0,No,Power Failure,Internal Component Failure,Not Applicable,Not Applicable,Not Applicable,Household,No,Not Applicable,Not Applicable,Not Applicable,Not Applicable,Not Applicable,No,Yes,Yes,Yes,Yes,Yes,Not Applicable,Not Applicable,Not Applicable,Yes,Not Applicable,Not Applicable,Not Applicable,No,0.0,Not Applicable,No,Not Applicable,Yes,Yes,No,No,No,0.0,1681.65,920.95,0.0,0.806,Web,Chrome,13,Dark,2.52669,3420.0,22.0,120.0,Yes,232.0,Active,Active,30.0,Yes,Yes,4.0,4.0,0.0,0.0,1.0,Yes,No,0.0,4.0,No,Yes,Yes,No,No,Not Applicable,0.5476466565575476,Medium,7.0,2.0,Valid Claim
CLM01006,Air Conditioner,Cassette,Both,Main Unit,Aster,24.0,No,Noise,Electrical Failure,Not Applicable,Not Applicable,Not Applicable,Not Applicable,No,Not Applicable,Not Applicable,No,Both,Not Applicable,Yes,Yes,Yes,No,Yes,Yes,Yes,Not Applicable,Not Applicable,Not Applicable,Not Applicable,Not Applicable,Not Applicable,No,0.0,Not Applicable,No,Not Applicable,Yes,Yes,No,No,No,2.0,1544.41,1070.56,0.0,0.812,Email,Chrome,29,Light,1.78187,419.0,5.0,24.0,Yes,311.0,Active,Not Applicable,30.0,Yes,Yes,4.0,4.0,0.0,0.0,1.0,Yes,No,0.0,4.0,Yes,Yes,Yes,No,No,Not Applicable,0.6931838048186686,Medium,7.0,6.0,Valid Claim
CLM01007,Television,QLED,Picture,Main Unit,HomePro,24.0,Yes,Display Failure,Electrical Failure,No,Not Applicable,Not Applicable,Not Applicable,Not Applicable,Unknown,Not Applicable,Not Applicable,Not Applicable,Not Applicable,Yes,Yes,No,,Yes,No,Not Applicable,Not Applicable,Not Applicable,Not Applicable,Not Applicable,Not Applicable,Not Applicable,No,0.0,Not Applicable,No,Not Applicable,Yes,Yes,No,No,No,0.0,508.33,455.19,0.0,0.961,Service Center,Firefox,40,Dark,0.23012,833.0,3.0,24.0,Yes,263.0,Active,Not Applicable,30.0,Yes,Yes,3.0,2.0,1.0,0.0,0.6666666666666666,No,No,1.0,2.0,Yes,Yes,Yes,No,No,No,0.8954616095843252,High,5.0,4.0,Manual Review
CLM01008,Smartphone,Rugged Smartphone,Phone,Main Unit,NovaTech,12.0,No,Overheating,Manufacturing Defect,No,No,Not Applicable,Not Applicable,Not Applicable,Not Applicable,Not Applicable,Not Applicable,Not Applicable,Not Applicable,Yes,Yes,Yes,Yes,Yes,Yes,Not Applicable,Not Applicable,Not Applicable,Not Applicable,Not Applicable,Not Applicable,Not Applicable,No,0.0,Not Applicable,No,Not Applicable,Yes,Yes,No,No,No,1.0,1429.99,737.84,0.0,0.861,Mobile App,Edge,10,System,-1.81351,308.0,22.0,12.0,Yes,57.0,Active,Not Applicable,30.0,Yes,Yes,3.0,3.0,0.0,0.0,1.0,Yes,No,0.0,3.0,Yes,Yes,Yes,No,No,No,0.5159756361932601,High,9.0,6.0,Valid Claim
CLM01009,Laptop,Gaming Laptop,Device,Main Unit,NovaTech,24.0,No,Connectivity Issue,Internal Component Failure,No,No,Not Applicable,Not Applicable,Not Applicable,Not Applicable,Not Applicable,Not Applicable,Not Applicable,Not Applicable,,Yes,Yes,Yes,Yes,No,Not Applicable,Not Applicable,Not Applicable,Not Applicable,Not Applicable,Not Applicable,,No,0.0,Not Applicable,No,Not Applicable,Yes,Yes,No,No,No,1.0,681.22,572.91,0.0,0.81,Mobile App,Firefox,33,Light,1.34479,615.0,14.0,24.0,Yes,116.0,Active,Not Applicable,30.0,Yes,Yes,3.0,2.0,1.0,0.0,0.6666666666666666,No,No,1.0,2.0,,Yes,Yes,No,No,No,0.8410058424591174,Medium,8.0,6.0,Manual Review
CLM01010,Camera,Mirrorless,Camera Body,Camera Body,NovaTech,24.0,Yes,Connectivity Issue,Manufacturing Defect,No,No,Not Applicable,Not Applicable,Not Applicable,Not Applicable,Not Applicable,Not Applicable,Not Applicable,Not Applicable,Yes,Yes,No,Yes,Yes,Yes,Not Applicable,Not Applicable,Not Applicable,Not Applicable,Not Applicable,Not Applicable,,No,0.0,Not Applicable,No,Not Applicable,Yes,No,No,No,Yes,1.0,1198.46,526.73,0.0,0.792,Web,Safari,22,Dark,0.31866,1010.0,6.0,24.0,Yes,86.0,Active,Not Applicable,30.0,Yes,Yes,3.0,3.0,0.0,0.0,1.0,Yes,No,0.0,3.0,Yes,Yes,Yes,No,No,No,0.4395056989803581,Medium,3.0,0.0,Manual Review
CLM01011,Air Conditioner,Portable,Indoor Unit,Compressor,HomePro,60.0,No,Noise,Electrical Failure,Not Applicable,Not Applicable,Not Applicable,Not Applicable,No,Not Applicable,Not Applicable,Yes,Indoor Unit,Not Applicable,Yes,No,No,Yes,Yes,Yes,Yes,Not Applicable,Not Applicable,Yes,Not Applicable,Not Applicable,No,Yes,2.0,Yes,No,Not Applicable,Unknown,Yes,No,No,No,1.0,2077.58,861.22,,0.957,Service Center,Safari,25,System,-0.50545,1681.0,23.0,60.0,Yes,145.0,Active,Active,30.0,Yes,Yes,6.0,5.0,1.0,0.0,0.8333333333333334,No,No,1.0,5.0,Yes,Yes,Unknown,Yes,No,Not Applicable,0.4145303670616775,High,3.0,2.0,Manual Review
CLM01012,Camera,Action Camera,Battery,Battery,PrimeView,6.0,No,Battery Problem,Internal Component Failure,No,No,Yes,Not Applicable,Not Applicable,Not Applicable,Not Applicable,Not Applicable,Not Applicable,Not Applicable,Yes,Yes,Yes,Yes,Yes,Yes,Not Applicable,Not Applicable,Not Applicable,Not Applicable,Not Applicable,Not Applicable,,No,0.0,Not Applicable,No,Not Applicable,Unknown,Yes,No,No,No,1.0,2408.99,1449.83,0.0,0.825,Mobile App,Safari,55,Light,-0.20517,106.0,5.0,6.0,Yes,76.0,Active,Active,30.0,Yes,Yes,3.0,3.0,0.0,0.0,1.0,Yes,No,0.0,3.0,Yes,Yes,Unknown,No,No,No,0.6018414356223978,Medium,3.0,3.0,Manual Review
CLM01013,Laptop,Business Laptop,Device,Main Unit,ZenCore,24.0,No,Overheating,Manufacturing Defect,No,No,Not Applicable,Not Applicable,Not Applicable,Not Applicable,Not Applicable,Not Applicable,Not Applicable,Not Applicable,Yes,Yes,Yes,Yes,Yes,Yes,Not Applicable,Not Applicable,Not Applicable,Not Applicable,Not Applicable,Not Applicable,Yes,Yes,3.0,Yes,No,Not Applicable,Yes,Yes,No,No,No,0.0,1979.87,1466.61,274.23,0.917,Web,Chrome,1,Light,1.69625,439.0,13.0,24.0,Yes,292.0,Active,Not Applicable,30.0,Yes,Yes,4.0,4.0,0.0,0.0,1.0,Yes,No,0.0,4.0,Yes,Yes,Yes,Yes,No,No,0.7407607570194003,High,2.0,2.0,Valid Claim
CLM01014,Smartphone,Standard Smartphone,Phone,Main Unit,PrimeView,12.0,No,Battery Problem,Internal Component Failure,No,No,Yes,Not Applicable,Not Applicable,Not Applicable,Not Applicable,Not Applicable,Not Applicable,Not Applicable,Yes,No,No,Yes,No,Yes,Not Applicable,Not Applicable,Not Applicable,Not Applicable,Not Applicable,Not Applicable,,No,0.0,Not Applicable,Yes,Yes,Yes,Yes,No,No,No,1.0,1102.81,866.61,,0.962,Service Center,MobileWebView,47,Light,0.95388,199.0,18.0,12.0,Yes,166.0,Active,Not Applicable,30.0,Yes,Yes,3.0,2.0,1.0,0.0,0.6666666666666666,No,Yes,1.0,2.0,Yes,Yes,Yes,No,Yes,No,0.7858198601753702,High,12.0,2.0,Manual Review
CLM01015,Refrigerator,French Door,Water Leakage,Main Unit,HomePro,24.0,No,Water Leakage,Electrical Failure,Not Applicable,Not Applicable,Not Applicable,Household,Yes,Not Applicable,Not Applicable,Not Applicable,Not Applicable,Not Applicable,Yes,Yes,No,Yes,Yes,Yes,Not Applicable,Not Applicable,Not Applicable,Not Applicable,Not Applicable,Not Applicable,Not Applicable,No,0.0,Not Applicable,No,Not Applicable,Yes,Yes,No,No,No,0.0,1864.41,458.87,,0.922,Mobile App,MobileWebView,2,System,-0.95126,529.0,3.0,24.0,Yes,202.0,Active,Not Applicable,30.0,Yes,Yes,3.0,3.0,0.0,0.0,1.0,Yes,No,0.0,3.0,Yes,Yes,Yes,No,No,Not Applicable,0.2461207567005111,High,8.0,0.0,Valid Claim
CLM01016,Smartphone,Rugged Smartphone,Phone,Main Unit,NovaTech,12.0,No,Display Failure,Manufacturing Defect,No,No,Not Applicable,Not Applicable,Not Applicable,Not Applicable,Not Applicable,Not Applicable,Not Applicable,Not Applicable,Yes,Yes,Yes,Yes,Yes,Yes,Not Applicable,Not Applicable,Not Applicable,Not Applicable,Not Applicable,Not Applicable,Not Applicable,No,0.0,Not Applicable,No,Not Applicable,Yes,Yes,No,No,No,0.0,1597.15,634.56,0.0,0.955,Web,Edge,32,Dark,-1.26831,114.0,2.0,12.0,Yes,251.0,Active,Not Applicable,30.0,Yes,Yes,3.0,3.0,0.0,0.0,1.0,Yes,No,0.0,3.0,Yes,Yes,Yes,No,No,No,0.3973077043483705,High,1.0,3.0,Valid Claim
CLM01017,Washing Machine,Front Load,Noise,Main Unit,ZenCore,24.0,Yes,Noise,Internal Component Failure,Not Applicable,Not Applicable,Not Applicable,Household,Yes,Not Applicable,No,Not Applicable,Not Applicable,Not Applicable,Yes,,Yes,Yes,Yes,Yes,Not Applicable,Not Applicable,Not Applicable,Not Applicable,Not Applicable,Not Applicable,Yes,Yes,1.0,Unknown,No,Not Applicable,Yes,Yes,No,No,No,1.0,1962.92,638.81,445.74,0.888,Web,MobileWebView,38,System,0.10764,1054.0,5.0,24.0,Yes,42.0,Active,Not Applicable,30.0,Yes,Yes,4.0,4.0,0.0,0.0,1.0,Yes,No,0.0,4.0,Yes,Yes,Yes,Yes,No,No,0.3254386322417622,High,12.0,0.0,Manual Review
CLM01018,Camera,Compact,Camera Body,Camera Body,Aster,24.0,No,Battery Problem,Internal Component Failure,No,No,Yes,Not Applicable,Not Applicable,Not Applicable,Not Applicable,Not Applicable,Not Applicable,Not Applicable,Yes,No,No,No,,Yes,Not Applicable,Not Applicable,Not Applicable,Not Applicable,Not Applicable,Not Applicable,Yes,Yes,1.0,Yes,No,Not Applicable,Yes,Yes,No,No,No,1.0,3072.78,,510.22,0.756,Mobile App,MobileWebView,32,Light,1.00073,433.0,12.0,24.0,Yes,298.0,Active,Not Applicable,30.0,Yes,Yes,4.0,3.0,0.0,1.0,0.75,Unknown,Unknown,0.0,3.0,Yes,Yes,Yes,Yes,No,No,,Medium,2.0,6.0,Valid Claim
CLM01019,Smartphone,Foldable Smartphone,Phone,Main Unit,NovaTech,12.0,Yes,Connectivity Issue,Electrical Failure,Unknown,Unknown,Not Applicable,Not Applicable,Not Applicable,Not Applicable,Not Applicable,Not Applicable,Not Applicable,Not Applicable,No,Yes,Yes,Yes,Yes,Yes,Not Applicable,Not Applicable,Not Applicable,Not Applicable,Not Applicable,Not Applicable,Not Applicable,No,0.0,Not Applicable,No,Not Applicable,Yes,Yes,No,No,No,3.0,550.47,188.64,0.0,0.752,Web,Chrome,11,Light,0.38605,627.0,25.0,12.0,Yes,104.0,Active,Not Applicable,30.0,Yes,Yes,3.0,3.0,0.0,0.0,1.0,Yes,No,0.0,3.0,No,Yes,Yes,No,No,Unknown,0.342688974876015,Medium,4.0,3.0,Valid Claim
CLM01020,Printer,Laser,Printing,Main Unit,PrimeView,12.0,No,Mechanical Failure,Internal Component Failure,Not Applicable,Not Applicable,Not Applicable,Not Applicable,No,Not Applicable,No,Not Applicable,Not Applicable,Original,Yes,,Yes,Yes,Yes,Yes,Not Applicable,Not Applicable,Not Applicable,Not Applicable,Not Applicable,Yes,Not Applicable,No,0.0,Not Applicable,No,Not Applicable,Yes,Yes,No,No,No,0.0,346.29,199.68,0.0,0.745,Email,Chrome,0,Light,0.32196,300.0,15.0,12.0,Yes,66.0,Active,Not Applicable,30.0,Yes,Yes,4.0,4.0,0.0,0.0,1.0,Yes,No,0.0,4.0,Yes,Yes,Yes,No,No,No,0.5766265268994195,Medium,5.0,0.0,Valid Claim
CLM01021,Television,LED,Power,Main Unit,PrimeView,24.0,Yes,Power Failure,Internal Component Failure,No,Not Applicable,Not Applicable,Not Applicable,Not Applicable,No,Not Applicable,Not Applicable,Not Applicable,Not Applicable,No,Yes,No,Yes,Yes,Yes,Not Applicable,Not Applicable,Not Applicable,Not Applicable,Not Applicable,Not Applicable,Not Applicable,No,0.0,Not Applicable,No,Not Applicable,Yes,Yes,No,No,No,0.0,1553.64,,0.0,0.765,Mobile App,MobileWebView,57,Dark,-0.12993,926.0,15.0,24.0,Yes,170.0,Active,Not Applicable,30.0,Yes,Yes,3.0,3.0,0.0,0.0,1.0,Yes,No,0.0,3.0,No,Yes,Yes,No,No,No,,Medium,7.0,3.0,Valid Claim
CLM01022,Laptop,Business Laptop,Device,Main Unit,NovaTech,24.0,No,Display Failure,Manufacturing Defect,No,Unknown,Not Applicable,Not Applicable,Not Applicable,Not Applicable,Not Applicable,Not Applicable,Not Applicable,Not Applicable,Yes,Yes,Yes,No,Yes,Yes,Not Applicable,Not Applicable,Not Applicable,Not Applicable,Not Applicable,Not Applicable,Not Applicable,No,0.0,Not Applicable,No,Not Applicable,Yes,Yes,No,No,No,2.0,1122.61,298.18,0.0,0.857,Mobile App,Edge,3,Dark,-1.85924,457.0,6.0,24.0,Yes,274.0,Active,Not Applicable,30.0,Yes,Yes,3.0,3.0,0.0,0.0,1.0,Yes,No,0.0,3.0,Yes,Yes,Yes,No,No,Unknown,0.2656131693108025,High,10.0,4.0,Valid Claim
CLM01023,Laptop,Consumer Laptop,Device,Main Unit,NovaTech,24.0,No,Battery Problem,Electrical Failure,No,No,Unknown,Not Applicable,Not Applicable,Not Applicable,Not Applicable,Not Applicable,Not Applicable,Not Applicable,Yes,Yes,Yes,Yes,Yes,Yes,Not Applicable,Not Applicable,Not Applicable,Not Applicable,Not Applicable,Not Applicable,Not Applicable,No,0.0,Not Applicable,No,Not Applicable,Yes,Yes,No,Yes,No,0.0,508.55,268.43,0.0,0.847,Service Center,MobileWebView,55,System,-0.73768,711.0,8.0,24.0,Yes,20.0,Nearing Expiry,Not Applicable,30.0,Yes,Yes,3.0,3.0,0.0,0.0,1.0,Yes,No,0.0,3.0,Yes,Yes,Yes,No,No,No,0.5278340379510372,Medium,4.0,3.0,Valid Claim
CLM01024,Laptop,Consumer Laptop,Device,Main Unit,ZenCore,24.0,No,Display Failure,Manufacturing Defect,No,No,Not Applicable,Not Applicable,Not Applicable,Not Applicable,Not Applicable,Not Applicable,Not Applicable,Not Applicable,Yes,Yes,No,,Yes,No,Not Applicable,Not Applicable,Not Applicable,Not Applicable,Not Applicable,Not Applicable,Not Applicable,No,0.0,Not Applicable,No,Not Applicable,Yes,Yes,No,No,No,0.0,831.33,93.6,0.0,0.837,Mobile App,Edge,34,Light,0.12598,725.0,25.0,24.0,Yes,5.0,Nearing Expiry,Not Applicable,30.0,Yes,Yes,3.0,2.0,1.0,0.0,0.6666666666666666,No,No,1.0,2.0,Yes,Yes,Yes,No,No,No,0.1125906679657897,Medium,7.0,6.0,Manual Review
CLM01025,Television,OLED,Power,Main Unit,Aster,24.0,No,Power Failure,Internal Component Failure,No,Not Applicable,Not Applicable,Not Applicable,Not Applicable,No,Not Applicable,Not Applicable,Not Applicable,Not Applicable,Yes,Yes,No,Yes,Yes,Yes,Not Applicable,Not Applicable,Not Applicable,Not Applicable,Not Applicable,Not Applicable,Not Applicable,No,0.0,Not Applicable,No,Not Applicable,Yes,Yes,No,No,No,0.0,1685.67,401.76,0.0,0.952,Mobile App,Safari,12,Dark,0.58874,419.0,15.0,24.0,Yes,311.0,Active,Not Applicable,30.0,Yes,Yes,3.0,3.0,0.0,0.0,1.0,Yes,No,0.0,3.0,Yes,Yes,Yes,No,No,No,0.2383384648240758,High,2.0,4.0,Valid Claim
CLM01026,Camera,Compact,Camera Body,Camera Body,Aster,24.0,No,Lens Failure,Internal Component Failure,No,No,Not Applicable,Not Applicable,Not Applicable,Not Applicable,Not Applicable,Not Applicable,Not Applicable,Not Applicable,Yes,Yes,No,Yes,Yes,Yes,Not Applicable,Not Applicable,Not Applicable,Not Applicable,Not Applicable,Not Applicable,Not Applicable,No,0.0,Not Applicable,No,Not Applicable,Yes,Yes,No,No,No,1.0,3246.28,819.17,0.0,0.727,Web,Edge,57,System,1.22589,603.0,18.0,24.0,Yes,128.0,Active,Not Applicable,30.0,Yes,Yes,3.0,3.0,0.0,0.0,1.0,Yes,No,0.0,3.0,Yes,Yes,Yes,No,No,No,0.2523411412447478,Medium,4.0,0.0,Valid Claim
CLM01027,Printer,Laser,Printing,Main Unit,NovaTech,12.0,No,Mechanical Failure,Internal Component Failure,Not Applicable,Not Applicable,Not Applicable,Not Applicable,No,Not Applicable,No,Not Applicable,Not Applicable,Original,Yes,Yes,No,Yes,Yes,Yes,Not Applicable,Not Applicable,Not Applicable,Not Applicable,Not Applicable,Yes,Yes,Yes,2.0,Unknown,No,Not Applicable,Yes,Yes,No,No,No,1.0,173.85,42.53,524.28,0.676,Web,Chrome,40,Light,-0.51421,318.0,4.0,12.0,Yes,47.0,Active,Not Applicable,30.0,Yes,Yes,5.0,5.0,0.0,0.0,1.0,Yes,No,0.0,5.0,Yes,Yes,Yes,Yes,No,No,0.2446361806154731,Low,6.0,2.0,Manual Review
CLM01028,Laptop,Gaming Laptop,Charger,Power Adapter,ZenCore,12.0,No,Power Failure,Internal Component Failure,No,No,Not Applicable,Not Applicable,Not Applicable,Not Applicable,Not Applicable,Not Applicable,Not Applicable,Not Applicable,Yes,Yes,Yes,Yes,Yes,Yes,Not Applicable,Not Applicable,Not Applicable,Not Applicable,Not Applicable,Not Applicable,Not Applicable,No,0.0,Not Applicable,No,Not Applicable,Yes,Yes,No,No,Yes,0.0,2036.17,1096.83,0.0,,Email,Chrome,54,Dark,-0.36121,248.0,9.0,12.0,Yes,118.0,Active,Active,30.0,Yes,Yes,3.0,3.0,0.0,0.0,1.0,Yes,No,0.0,3.0,Yes,Yes,Yes,No,No,No,0.538673097040031,Unknown,9.0,4.0,Manual Review
CLM01029,Smartphone,Foldable Smartphone,Battery,Battery,NovaTech,12.0,No,Battery Problem,Internal Component Failure,No,No,Yes,Not Applicable,Not Applicable,Not Applicable,Not Applicable,Not Applicable,Not Applicable,Not Applicable,Yes,Yes,No,No,Yes,Yes,Not Applicable,Yes,Not Applicable,Not Applicable,Not Applicable,Not Applicable,Not Applicable,No,0.0,Not Applicable,Yes,No,Yes,Yes,No,No,No,0.0,768.59,434.3,0.0,0.727,Mobile App,Edge,50,System,-0.70121,296.0,10.0,12.0,Yes,70.0,Active,Active,30.0,Yes,Yes,4.0,4.0,0.0,0.0,1.0,Yes,No,0.0,4.0,Yes,Yes,Yes,No,Yes,No,0.565060695559401,Medium,7.0,6.0,Valid Claim
CLM01030,Television,OLED,Picture,Display Panel,HomePro,24.0,No,Display Failure,Manufacturing Defect,Yes,Not Applicable,Not Applicable,Not Applicable,Not Applicable,No,Not Applicable,Not Applicable,Not Applicable,Not Applicable,Yes,,No,Yes,Yes,Yes,Not Applicable,Not Applicable,Yes,Not Applicable,Not Applicable,Not Applicable,Not Applicable,No,0.0,Not Applicable,No,Not Applicable,Yes,Yes,No,No,No,0.0,455.43,100.79,0.0,,Email,Chrome,50,Dark,-1.76398,678.0,17.0,24.0,Yes,53.0,Active,Active,30.0,Yes,Yes,4.0,4.0,0.0,0.0,1.0,Yes,No,0.0,4.0,Yes,Yes,Yes,No,No,Yes,0.2213073359242913,Unknown,9.0,5.0,Valid Claim
CLM01031,Washing Machine,Top Load,Not Sure,Main Unit,ZenCore,24.0,No,Water Leakage,Manufacturing Defect,Not Applicable,Not Applicable,Not Applicable,Household,No,Not Applicable,No,Not Applicable,Not Applicable,Not Applicable,Yes,Yes,No,Yes,Yes,Yes,Not Applicable,Not Applicable,Not Applicable,Not Applicable,Not Applicable,Not Applicable,Not Applicable,No,0.0,Not Applicable,No,Not Applicable,Yes,Yes,No,No,No,1.0,1521.66,776.37,0.0,0.803,Mobile App,Edge,50,Dark,0.02029,455.0,29.0,24.0,Yes,275.0,Active,Not Applicable,30.0,Yes,Yes,3.0,3.0,0.0,0.0,1.0,Yes,No,0.0,3.0,Yes,Yes,Yes,No,No,No,0.5102125310516147,Medium,8.0,4.0,Valid Claim
CLM01032,Air Conditioner,Split,Indoor Unit,Main Unit,Aster,24.0,No,Power Failure,Manufacturing Defect,Not Applicable,Not Applicable,Not Applicable,Not Applicable,No,Not Applicable,Not Applicable,Yes,Indoor Unit,Not Applicable,Yes,Yes,Yes,Yes,No,Yes,Yes,Not Applicable,Not Applicable,Not Applicable,Not Applicable,Not Applicable,Yes,Yes,2.0,Yes,Yes,No,Yes,Yes,No,No,No,3.0,1842.69,1032.89,437.56,0.932,Email,MobileWebView,10,Dark,0.20586,722.0,3.0,24.0,Yes,9.0,Nearing Expiry,Not Applicable,30.0,Yes,Yes,5.0,4.0,1.0,0.0,0.8,No,Yes,1.0,4.0,Yes,Yes,Yes,Yes,Yes,Not Applicable,0.5605337848471529,High,11.0,5.0,Manual Review
CLM01033,Television,QLED,Remote Control,Remote Control,HomePro,6.0,No,Connectivity Issue,Electrical Failure,No,Not Applicable,Not Applicable,Not Applicable,Not Applicable,Yes,Not Applicable,Not Applicable,Not Applicable,Not Applicable,Yes,Yes,Yes,Yes,,Yes,Not Applicable,Not Applicable,Not Applicable,Not Applicable,Not Applicable,Not Applicable,No,Yes,3.0,Unknown,No,Not Applicable,Yes,Yes,No,No,No,0.0,579.61,374.12,254.56,0.88,Mobile App,Chrome,28,System,-0.96766,165.0,7.0,6.0,Yes,16.0,Nearing Expiry,Nearing Expiry,30.0,Yes,Yes,4.0,2.0,1.0,1.0,0.5,No,Unknown,1.0,2.0,Yes,Yes,Yes,Yes,No,No,0.6454685046841842,High,4.0,2.0,Manual Review
CLM01034,Air Conditioner,Window,Indoor Unit,Main Unit,Aster,24.0,No,Water Leakage,Manufacturing Defect,Not Applicable,Not Applicable,Not Applicable,Not Applicable,Yes,Not Applicable,Not Applicable,No,Indoor Unit,Not Applicable,Yes,No,No,Yes,Yes,Yes,No,Not Applicable,Not Applicable,Not Applicable,Not Applicable,Not Applicable,Not Applicable,No,0.0,Not Applicable,Yes,Yes,Yes,Yes,No,No,No,1.0,1269.7,1169.56,0.0,0.995,Mobile App,Chrome,8,Light,1.04223,626.0,11.0,24.0,Yes,105.0,Active,Not Applicable,30.0,Yes,Yes,4.0,3.0,1.0,0.0,0.75,No,Yes,1.0,3.0,Yes,Yes,Yes,No,Yes,Not Applicable,0.92113097582106,High,6.0,0.0,Manual Review
CLM01035,Television,QLED,Not Sure,Main Unit,PrimeView,24.0,Yes,Display Failure,Internal Component Failure,No,Not Applicable,Not Applicable,Not Applicable,Not Applicable,No,Not Applicable,Not Applicable,Not Applicable,Not Applicable,Yes,Yes,No,Yes,Yes,Yes,Not Applicable,Not Applicable,Not Applicable,Not Applicable,Not Applicable,Not Applicable,Not Applicable,No,0.0,Not Applicable,No,Not Applicable,Yes,Yes,No,No,No,0.0,1951.06,622.66,0.0,0.626,Service Center,Firefox,41,System,-0.94208,976.0,8.0,24.0,Yes,120.0,Active,Not Applicable,30.0,Yes,Yes,3.0,3.0,0.0,0.0,1.0,Yes,No,0.0,3.0,Yes,Yes,Yes,No,No,No,0.3191393396410156,Low,3.0,6.0,Manual Review
CLM01036,Laptop,Consumer Laptop,Device,Main Unit,ZenCore,24.0,No,Battery Problem,Manufacturing Defect,No,No,Yes,Not Applicable,Not Applicable,Not Applicable,Not Applicable,Not Applicable,Not Applicable,Not Applicable,Yes,Yes,Yes,Yes,Yes,Yes,Not Applicable,Not Applicable,Not Applicable,Not Applicable,Not Applicable,Not Applicable,Yes,Yes,3.0,Yes,No,Not Applicable,Yes,Yes,No,No,No,0.0,2349.93,397.21,307.93,0.85,Service Center,Safari,6,Dark,-0.68328,543.0,10.0,24.0,Yes,188.0,Active,Not Applicable,30.0,Yes,Yes,4.0,4.0,0.0,0.0,1.0,Yes,No,0.0,4.0,Yes,Yes,Yes,Yes,No,No,0.1690305668679492,High,5.0,4.0,Valid Claim
CLM01037,Camera,DSLR,Camera Body,Camera Body,Aster,24.0,No,Power Failure,Manufacturing Defect,No,No,Not Applicable,Not Applicable,Not Applicable,Not Applicable,Not Applicable,Not Applicable,Not Applicable,Not Applicable,Yes,No,Yes,Yes,Yes,Yes,Not Applicable,Not Applicable,Not Applicable,Not Applicable,Not Applicable,Not Applicable,Not Applicable,No,0.0,Not Applicable,No,Not Applicable,Yes,Yes,No,No,No,0.0,1130.62,884.3,0.0,0.76,Mobile App,Firefox,46,Light,1.17614,584.0,9.0,24.0,Yes,146.0,Active,Not Applicable,30.0,Yes,Yes,3.0,3.0,0.0,0.0,1.0,Yes,No,0.0,3.0,Yes,Yes,Yes,No,No,No,0.7821372344377422,Medium,11.0,6.0,Valid Claim
CLM01038,Television,LED,Connection,Display Panel,PrimeView,24.0,No,Connectivity Issue,Electrical Failure,No,Not Applicable,Not Applicable,Not Applicable,Not Applicable,Yes,Not Applicable,Not Applicable,Not Applicable,Not Applicable,Yes,Yes,No,Yes,Yes,Yes,Not Applicable,Not Applicable,No,Not Applicable,Not Applicable,Not Applicable,Yes,Yes,3.0,Yes,No,Not Applicable,Yes,Yes,No,No,No,1.0,1600.96,834.28,385.71,,Service Center,Edge,47,Dark,0.42023,472.0,4.0,24.0,Yes,258.0,Active,Active,30.0,Yes,Yes,5.0,4.0,1.0,0.0,0.8,No,No,1.0,4.0,Yes,Yes,Yes,Yes,No,No,0.5211123326004397,Unknown,7.0,1.0,Manual Review
CLM01039,Refrigerator,Side-by-Side,Other,Compressor,HomePro,120.0,No,Mechanical Failure,Internal Component Failure,Not Applicable,Not Applicable,Not Applicable,Household,Unknown,Not Applicable,Not Applicable,Not Applicable,Not Applicable,Not Applicable,Yes,Yes,No,Yes,Yes,No,Not Applicable,Not Applicable,Not Applicable,Yes,Not Applicable,Not Applicable,Not Applicable,No,0.0,Not Applicable,No,Not Applicable,Yes,Yes,No,No,No,1.0,789.91,352.65,0.0,0.861,Mobile App,Firefox,13,Light,0.27583,3636.0,6.0,120.0,Yes,17.0,Nearing Expiry,Nearing Expiry,30.0,Yes,Yes,4.0,3.0,1.0,0.0,0.75,No,No,1.0,3.0,Yes,Yes,Yes,No,No,Not Applicable,0.4464432656884961,High,5.0,2.0,Manual Review
CLM01040,Refrigerator,Side-by-Side,Noise,Main Unit,HomePro,24.0,No,Noise,Internal Component Failure,Not Applicable,Not Applicable,Not Applicable,Household,No,Not Applicable,Not Applicable,Not Applicable,Not Applicable,Not Applicable,Yes,No,No,Yes,Yes,Yes,Not Applicable,Not Applicable,Not Applicable,Not Applicable,Not Applicable,Not Applicable,Not Applicable,No,0.0,Not Applicable,No,Not Applicable,Yes,Yes,No,No,No,0.0,2956.9,2532.26,0.0,0.873,Web,Safari,41,Dark,0.65213,694.0,3.0,24.0,Yes,37.0,Active,Not Applicable,30.0,Yes,Yes,3.0,3.0,0.0,0.0,1.0,Yes,No,0.0,3.0,Yes,Yes,Yes,No,No,Not Applicable,0.8563901383205385,High,6.0,5.0,Valid Claim
CLM01041,Washing Machine,Washer Dryer,Washing,Motor,ZenCore,120.0,No,Mechanical Failure,Manufacturing Defect,Not Applicable,Not Applicable,Not Applicable,Household,No,Not Applicable,Yes,Not Applicable,Not Applicable,Not Applicable,Yes,Yes,No,Yes,No,Yes,Not Applicable,Not Applicable,Not Applicable,Yes,Not Applicable,Not Applicable,Not Applicable,No,0.0,Not Applicable,No,Not Applicable,Yes,Yes,No,No,No,2.0,946.75,421.02,0.0,0.871,Service Center,Firefox,59,System,1.24728,3636.0,30.0,120.0,Yes,17.0,Nearing Expiry,Nearing Expiry,30.0,Yes,Yes,4.0,3.0,1.0,0.0,0.75,No,Yes,1.0,3.0,Yes,Yes,Yes,No,No,Yes,0.4447002904673884,High,10.0,5.0,Manual Review
CLM01042,Smartphone,Foldable Smartphone,Battery,Battery,Aster,12.0,No,Power Failure,Manufacturing Defect,No,No,Yes,Not Applicable,Not Applicable,Not Applicable,Not Applicable,Not Applicable,Not Applicable,Not Applicable,Yes,Yes,Yes,No,Yes,Yes,Not Applicable,Yes,Not Applicable,Not Applicable,Not Applicable,Not Applicable,Not Applicable,No,0.0,Not Applicable,Yes,No,Yes,Yes,No,No,No,0.0,1786.5,1556.22,0.0,0.752,Web,Safari,18,Light,-0.04202,135.0,20.0,12.0,Yes,230.0,Active,Active,30.0,Yes,Yes,4.0,4.0,0.0,0.0,1.0,Yes,No,0.0,4.0,Yes,Yes,Yes,No,Yes,No,0.8710999160369438,Medium,7.0,2.0,Valid Claim
CLM01043,Laptop,2-in-1,Not Sure,Main Unit,Aster,24.0,Yes,Overheating,Electrical Failure,No,No,Not Applicable,Not Applicable,Not Applicable,Not Applicable,Not Applicable,Not Applicable,Not Applicable,Not Applicable,Yes,Yes,Yes,Yes,Yes,Yes,Not Applicable,Not Applicable,Not Applicable,Not Applicable,Not Applicable,Not Applicable,Not Applicable,No,0.0,Not Applicable,Yes,Yes,Yes,Yes,No,No,No,1.0,1398.66,1306.5,0.0,0.85,Web,Firefox,17,Light,-1.78246,740.0,4.0,24.0,Yes,355.0,Active,Not Applicable,30.0,Yes,Yes,3.0,3.0,0.0,0.0,1.0,Yes,No,0.0,3.0,Yes,Yes,Yes,No,Yes,No,0.93410836085968,High,8.0,3.0,Valid Claim
CLM01044,Printer,Inkjet,Connection,Print Head,PrimeView,12.0,No,Connectivity Issue,Electrical Failure,Not Applicable,Not Applicable,Not Applicable,Not Applicable,Yes,Not Applicable,Unknown,Not Applicable,Not Applicable,Unknown,No,Yes,No,Yes,Yes,Yes,Not Applicable,Not Applicable,Not Applicable,Not Applicable,Not Applicable,Yes,Not Applicable,No,0.0,Not Applicable,No,Not Applicable,Yes,Yes,No,No,No,1.0,1075.08,680.32,0.0,0.839,Service Center,Firefox,55,Light,0.93911,179.0,19.0,12.0,Yes,186.0,Active,Active,30.0,Yes,Yes,4.0,4.0,0.0,0.0,1.0,Yes,No,0.0,4.0,No,Yes,Yes,No,No,Unknown,0.6328087212114448,Medium,10.0,3.0,Valid Claim
CLM01045,Air Conditioner,Cassette,Both,Compressor,HomePro,60.0,No,Noise,Manufacturing Defect,Not Applicable,Not Applicable,Not Applicable,Not Applicable,No,Not Applicable,Not Applicable,No,Both,Not Applicable,No,Yes,No,Yes,Yes,Yes,No,Not Applicable,Not Applicable,Yes,Not Applicable,Not Applicable,Not Applicable,No,0.0,Not Applicable,Yes,Yes,Yes,Yes,No,No,No,2.0,2058.85,169.93,0.0,0.867,Web,Firefox,49,System,2.30624,1751.0,11.0,60.0,Yes,75.0,Active,Active,30.0,Yes,Yes,5.0,4.0,1.0,0.0,0.8,No,Yes,1.0,4.0,No,Yes,Yes,No,Yes,Not Applicable,0.0825363673895621,High,11.0,6.0,Manual Review
CLM01046,Air Conditioner,Window,Outdoor Unit,Main Unit,HomePro,24.0,No,Cooling Failure,Manufacturing Defect,Not Applicable,Not Applicable,Not Applicable,Not Applicable,Yes,Not Applicable,Not Applicable,No,Outdoor Unit,Not Applicable,No,,No,Yes,Yes,Yes,No,Not Applicable,Not Applicable,Not Applicable,Not Applicable,Not Applicable,Yes,Yes,2.0,Yes,No,Not Applicable,Yes,No,No,No,No,1.0,1643.3,361.03,140.3,0.871,Service Center,Edge,19,Light,0.30859,516.0,12.0,24.0,Yes,214.0,Active,Not Applicable,30.0,Yes,Yes,5.0,3.0,1.0,1.0,0.6,No,Yes,1.0,3.0,No,Unknown,Yes,Yes,No,Not Applicable,0.2196981683198442,High,3.0,0.0,Manual Review
CLM01047,Refrigerator,Double Door,Water Leakage,Main Unit,HomePro,24.0,No,Water Leakage,Electrical Failure,Not Applicable,Not Applicable,Not Applicable,Other,No,Not Applicable,Not Applicable,Not Applicable,Not Applicable,Not Applicable,Yes,Yes,No,Yes,,Yes,Not Applicable,Not Applicable,Not Applicable,Not Applicable,Not Applicable,Not Applicable,,No,0.0,Not Applicable,No,Not Applicable,Yes,Yes,No,No,No,2.0,1181.78,765.48,0.0,0.768,Mobile App,Firefox,32,Dark,-0.85412,384.0,14.0,24.0,Yes,346.0,Active,Not Applicable,30.0,Yes,Yes,3.0,2.0,0.0,1.0,0.6666666666666666,Unknown,Unknown,0.0,2.0,Yes,Yes,Yes,No,No,Not Applicable,0.6477347729695883,Medium,7.0,6.0,Valid Claim
CLM01048,Laptop,Gaming Laptop,Battery,Battery,ZenCore,12.0,No,Overheating,Internal Component Failure,No,No,Yes,Not Applicable,Not Applicable,Not Applicable,Not Applicable,Not Applicable,Not Applicable,Not Applicable,Yes,Yes,Yes,Yes,Yes,No,Not Applicable,No,Not Applicable,Not Applicable,Not Applicable,Not Applicable,Not Applicable,No,0.0,Not Applicable,No,Not Applicable,Yes,Yes,No,No,No,0.0,724.56,549.99,0.0,0.782,Service Center,Firefox,53,Dark,0.80786,303.0,2.0,12.0,Yes,62.0,Active,Active,30.0,Yes,Yes,4.0,2.0,2.0,0.0,0.5,No,No,2.0,2.0,Yes,Yes,Yes,No,No,No,0.7590675720437231,Medium,5.0,1.0,Manual Review
CLM01049,Washing Machine,Top Load,Power,Motor,HomePro,120.0,No,Power Failure,Manufacturing Defect,Not Applicable,Not Applicable,Not Applicable,Household,Unknown,Not Applicable,No,Not Applicable,Not Applicable,Not Applicable,Yes,Yes,No,No,Yes,Yes,Not Applicable,Not Applicable,Not Applicable,Yes,Not Applicable,Not Applicable,Not Applicable,No,0.0,Not Applicable,No,Not Applicable,Yes,Yes,No,No,No,1.0,727.57,518.28,0.0,0.729,Web,MobileWebView,7,Light,2.54735,3485.0,15.0,120.0,Yes,167.0,Active,Active,30.0,Yes,Yes,4.0,4.0,0.0,0.0,1.0,Yes,No,0.0,4.0,Yes,Yes,Yes,No,No,No,0.7123438294597083,Medium,5.0,2.0,Valid Claim
CLM01050,Printer,Laser,Power,Main Unit,PrimeView,12.0,Yes,Power Failure,Electrical Failure,Not Applicable,Not Applicable,Not Applicable,Not Applicable,No,Not Applicable,No,Not Applicable,Not Applicable,Compatible,Yes,Yes,No,,Yes,Yes,Not Applicable,Not Applicable,Not Applicable,Not Applicable,Not Applicable,Yes,Not Applicable,No,0.0,Not Applicable,No,Not Applicable,Yes,Yes,No,No,No,1.0,1070.45,118.72,0.0,0.721,Email,Chrome,33,Light,0.37971,454.0,11.0,12.0,Yes,276.0,Active,Not Applicable,30.0,Yes,Yes,4.0,4.0,0.0,0.0,1.0,Yes,No,0.0,4.0,Yes,Yes,Yes,No,No,No,0.1109066280536223,Medium,6.0,6.0,Valid Claim
CLM01051,Smartphone,Foldable Smartphone,Phone,Main Unit,PrimeView,12.0,No,Battery Problem,Electrical Failure,No,No,No,Not Applicable,Not Applicable,Not Applicable,Not Applicable,Not Applicable,Not Applicable,Not Applicable,Yes,,Yes,Yes,Yes,Yes,Not Applicable,Not Applicable,Not Applicable,Not Applicable,Not Applicable,Not Applicable,Yes,Yes,2.0,Yes,No,Not Applicable,Yes,Yes,No,No,No,1.0,964.36,915.45,,0.767,Email,Firefox,59,Dark,1.69465,186.0,11.0,12.0,Yes,179.0,Active,Not Applicable,30.0,Yes,Yes,4.0,4.0,0.0,0.0,1.0,Yes,No,0.0,4.0,Yes,Yes,Yes,Yes,No,No,0.9492824256501722,Medium,1.0,5.0,Valid Claim
CLM01052,Television,Mini-LED,Remote Control,Remote Control,HomePro,6.0,No,Connectivity Issue,Manufacturing Defect,No,Not Applicable,Not Applicable,Not Applicable,Not Applicable,No,Not Applicable,Not Applicable,Not Applicable,Not Applicable,Yes,Yes,No,Yes,Yes,Yes,Not Applicable,Not Applicable,Not Applicable,Not Applicable,Not Applicable,Not Applicable,Not Applicable,No,0.0,Not Applicable,No,Not Applicable,Yes,Yes,No,No,No,2.0,3118.23,1405.85,0.0,0.723,Service Center,Safari,4,Light,-0.16323,168.0,19.0,6.0,Yes,14.0,Nearing Expiry,Nearing Expiry,30.0,Yes,Yes,3.0,3.0,0.0,0.0,1.0,Yes,No,0.0,3.0,Yes,Yes,Yes,No,No,No,0.4508487186641139,Medium,6.0,5.0,Valid Claim
CLM01053,Smartphone,Rugged Smartphone,Phone,Main Unit,Aster,12.0,No,Power Failure,Electrical Failure,No,No,Not Applicable,Not Applicable,Not Applicable,Not Applicable,Not Applicable,Not Applicable,Not Applicable,Not Applicable,Yes,Yes,No,Yes,Yes,Yes,Not Applicable,Not Applicable,Not Applicable,Not Applicable,Not Applicable,Not Applicable,Not Applicable,No,0.0,Not Applicable,No,Not Applicable,Yes,Yes,No,No,No,0.0,1665.9,1556.8,0.0,0.9,Web,Chrome,58,Light,0.49619,164.0,10.0,12.0,Yes,201.0,Active,Not Applicable,30.0,Yes,Yes,3.0,3.0,0.0,0.0,1.0,Yes,No,0.0,3.0,Yes,Yes,Yes,No,No,No,0.9345098745422894,High,11.0,3.0,Valid Claim
CLM01054,Air Conditioner,Window,Indoor Unit,Main Unit,HomePro,24.0,No,Water Leakage,Electrical Failure,Not Applicable,Not Applicable,Not Applicable,Not Applicable,Yes,Not Applicable,Not Applicable,Unknown,Indoor Unit,Not Applicable,Yes,No,No,Yes,Yes,Yes,Yes,Not Applicable,Not Applicable,Not Applicable,Not Applicable,Not Applicable,,Yes,1.0,Yes,Yes,Yes,Yes,Yes,No,No,No,2.0,1451.19,449.35,310.74,0.914,Mobile App,Edge,19,Light,-0.84931,460.0,24.0,24.0,Yes,270.0,Active,Not Applicable,30.0,Yes,Yes,5.0,4.0,0.0,1.0,0.8,Unknown,No,0.0,4.0,Yes,Yes,Yes,Yes,Yes,Not Applicable,0.3096424313838987,High,8.0,0.0,Valid Claim
CLM01055,Printer,Laser,Paper Feed,Main Unit,PrimeView,12.0,Yes,Paper Feed Failure,Electrical Failure,Not Applicable,Not Applicable,Not Applicable,Not Applicable,No,Not Applicable,No,Not Applicable,Not Applicable,Unknown,Yes,No,Yes,No,Yes,No,Not Applicable,Not Applicable,Not Applicable,Not Applicable,Not Applicable,Yes,Not Applicable,No,0.0,Not Applicable,No,Not Applicable,Unknown,Yes,No,No,No,0.0,772.42,,0.0,0.82,Mobile App,Safari,2,System,-0.16123,,,12.0,Yes,,Unknown,Not Applicable,30.0,Unknown,Yes,4.0,3.0,1.0,0.0,0.75,No,No,1.0,3.0,Yes,Yes,Unknown,No,No,No,,Medium,,,Manual Review
CLM01056,Television,Mini-LED,Power,Main Unit,Aster,24.0,No,Power Failure,Electrical Failure,Unknown,Not Applicable,Not Applicable,Not Applicable,Not Applicable,Yes,Not Applicable,Not Applicable,Not Applicable,Not Applicable,Yes,Yes,Yes,Yes,Yes,,Not Applicable,Not Applicable,Not Applicable,Not Applicable,Not Applicable,Not Applicable,Not Applicable,No,0.0,Not Applicable,No,Not Applicable,Yes,Yes,No,No,No,0.0,1051.74,129.55,0.0,0.831,Mobile App,MobileWebView,39,Light,0.98436,638.0,25.0,24.0,Yes,93.0,Active,Not Applicable,30.0,Yes,Yes,3.0,2.0,0.0,1.0,0.6666666666666666,Unknown,No,0.0,2.0,Yes,Yes,Yes,No,No,Unknown,0.123176830775667,Medium,10.0,4.0,Valid Claim
CLM01057,Camera,DSLR,Camera Body,Camera Body,PrimeView,24.0,Yes,Battery Problem,Manufacturing Defect,No,No,Yes,Not Applicable,Not Applicable,Not Applicable,Not Applicable,Not Applicable,Not Applicable,Not Applicable,Yes,Yes,Yes,Yes,Yes,No,Not Applicable,Not Applicable,Not Applicable,Not Applicable,Not Applicable,Not Applicable,Not Applicable,No,0.0,Not Applicable,No,Not Applicable,Yes,Yes,No,No,No,0.0,2985.46,1155.45,0.0,0.803,Mobile App,Chrome,15,Dark,1.48154,960.0,16.0,24.0,Yes,136.0,Active,Not Applicable,30.0,Yes,Yes,3.0,2.0,1.0,0.0,0.6666666666666666,No,No,1.0,2.0,Yes,Yes,Yes,No,No,No,0.3870257849711602,Medium,9.0,4.0,Manual Review
CLM01058,Washing Machine,Front Load,Noise,Main Unit,ZenCore,24.0,No,Noise,Electrical Failure,Not Applicable,Not Applicable,Not Applicable,Household,No,Not Applicable,No,Not Applicable,Not Applicable,Not Applicable,Yes,No,No,Yes,Yes,Yes,Not Applicable,Not Applicable,Not Applicable,Not Applicable,Not Applicable,Not Applicable,,Yes,3.0,Yes,No,Not Applicable,Yes,Yes,No,No,No,1.0,1750.8,953.12,288.35,0.506,Service Center,Safari,36,Light,-0.83054,418.0,19.0,24.0,Yes,313.0,Active,Not Applicable,30.0,Yes,Yes,4.0,3.0,0.0,1.0,0.75,Unknown,No,0.0,3.0,Yes,Yes,Yes,Yes,No,No,0.544391135480923,Low,11.0,5.0,Manual Review
CLM01059,Refrigerator,French Door,Power,Main Unit,Aster,24.0,No,Power Failure,Manufacturing Defect,Not Applicable,Not Applicable,Not Applicable,Business,No,Not Applicable,Not Applicable,Not Applicable,Not Applicable,Not Applicable,Yes,Yes,Yes,Yes,Yes,Yes,Not Applicable,Not Applicable,Not Applicable,Not Applicable,Not Applicable,Not Applicable,Not Applicable,No,0.0,Not Applicable,No,Not Applicable,Yes,Yes,No,No,No,1.0,2763.13,,0.0,0.882,Mobile App,Firefox,10,Dark,-0.94798,679.0,6.0,24.0,Yes,52.0,Active,Not Applicable,30.0,Yes,Yes,3.0,3.0,0.0,0.0,1.0,Yes,No,0.0,3.0,Yes,Yes,Yes,No,No,Not Applicable,,High,5.0,2.0,Valid Claim
CLM01060,Washing Machine,Washer Dryer,Power,Main Unit,HomePro,24.0,No,Power Failure,Electrical Failure,Not Applicable,Not Applicable,Not Applicable,Household,Yes,Not Applicable,No,Not Applicable,Not Applicable,Not Applicable,Yes,No,Yes,Yes,Yes,Yes,Not Applicable,Not Applicable,Not Applicable,Not Applicable,Not Applicable,Not Applicable,Yes,Yes,2.0,Yes,No,Not Applicable,Yes,Yes,No,No,No,1.0,2086.2,1368.63,405.16,0.893,Mobile App,Edge,47,System,-1.30479,481.0,18.0,24.0,Yes,250.0,Active,Not Applicable,30.0,Yes,Yes,4.0,4.0,0.0,0.0,1.0,Yes,No,0.0,4.0,Yes,Yes,Yes,Yes,No,No,0.6560396893874031,High,9.0,6.0,Valid Claim
CLM01061,Laptop,Gaming Laptop,Device,Main Unit,Aster,24.0,No,Overheating,Electrical Failure,No,No,Not Applicable,Not Applicable,Not Applicable,Not Applicable,Not Applicable,Not Applicable,Not Applicable,Not Applicable,Yes,Yes,No,Yes,Yes,Yes,Not Applicable,Not Applicable,Not Applicable,Not Applicable,Not Applicable,Not Applicable,Not Applicable,No,0.0,Not Applicable,No,Not Applicable,Yes,Yes,No,No,No,3.0,2539.03,2018.64,0.0,0.952,Web,Edge,23,Light,-1.05083,587.0,1.0,24.0,Yes,144.0,Active,Not Applicable,30.0,Yes,Yes,3.0,3.0,0.0,0.0,1.0,Yes,No,0.0,3.0,Yes,Yes,Yes,No,No,No,0.79504377656034,High,6.0,3.0,Valid Claim
CLM01062,Laptop,Consumer Laptop,Device,Main Unit,NovaTech,24.0,No,Connectivity Issue,Electrical Failure,No,No,Not Applicable,Not Applicable,Not Applicable,Not Applicable,Not Applicable,Not Applicable,Not Applicable,Not Applicable,Yes,Yes,No,Yes,Yes,Yes,Not Applicable,Not Applicable,Not Applicable,Not Applicable,Not Applicable,Not Applicable,Not Applicable,No,0.0,Not Applicable,No,Not Applicable,Yes,No,No,No,No,1.0,2234.5,1039.42,0.0,0.483,Email,Firefox,44,Light,0.22713,419.0,21.0,24.0,Yes,311.0,Active,Not Applicable,30.0,Yes,Yes,3.0,3.0,0.0,0.0,1.0,Yes,No,0.0,3.0,Yes,Yes,Yes,No,No,No,0.4651689415976729,Low,6.0,3.0,Manual Review
CLM01063,Camera,Action Camera,Not Sure,Camera Body,NovaTech,24.0,No,Battery Problem,Electrical Failure,Yes,No,Yes,Not Applicable,Not Applicable,Not Applicable,Not Applicable,Not Applicable,Not Applicable,Not Applicable,No,Yes,Yes,Yes,Yes,Yes,Not Applicable,Not Applicable,Not Applicable,Not Applicable,Not Applicable,Not Applicable,Not Applicable,No,0.0,Not Applicable,No,Not Applicable,Yes,Yes,No,No,Yes,0.0,2713.69,676.31,0.0,0.854,Web,Safari,40,Dark,-0.77559,654.0,7.0,24.0,Yes,77.0,Active,Not Applicable,30.0,Yes,Yes,3.0,3.0,0.0,0.0,1.0,Yes,No,0.0,3.0,No,Yes,Yes,No,No,Yes,0.2492215396747601,High,11.0,1.0,Manual Review
CLM01064,Refrigerator,French Door,Noise,Main Unit,HomePro,24.0,No,Noise,Internal Component Failure,Not Applicable,Not Applicable,Not Applicable,Household,No,Not Applicable,Not Applicable,Not Applicable,Not Applicable,Not Applicable,Yes,Yes,No,Yes,Yes,Yes,Not Applicable,Not Applicable,Not Applicable,Not Applicable,Not Applicable,Not Applicable,,Yes,1.0,Yes,No,Not Applicable,Yes,Yes,No,No,No,0.0,1621.23,525.86,56.58,0.952,Web,Edge,13,Light,-1.13735,428.0,1.0,24.0,Yes,302.0,Active,Not Applicable,30.0,Yes,Yes,4.0,3.0,0.0,1.0,0.75,Unknown,No,0.0,3.0,Yes,Yes,Yes,Yes,No,Not Applicable,0.3243586659511605,High,5.0,0.0,Manual Review
CLM01065,Camera,Compact,Camera Body,Camera Body,Aster,24.0,No,Display Failure,Electrical Failure,No,No,Not Applicable,Not Applicable,Not Applicable,Not Applicable,Not Applicable,Not Applicable,Not Applicable,Not Applicable,Yes,Yes,Yes,Yes,No,Yes,Not Applicable,Not Applicable,Not Applicable,Not Applicable,Not Applicable,Not Applicable,No,Yes,1.0,Yes,No,Not Applicable,Yes,Yes,No,No,No,0.0,556.97,85.16,521.68,0.591,Web,Chrome,30,Dark,1.37986,611.0,23.0,24.0,Yes,120.0,Active,Not Applicable,30.0,Yes,Yes,4.0,2.0,2.0,0.0,0.5,No,Yes,2.0,2.0,Yes,Yes,Yes,Yes,No,No,0.1528987198592383,Low,10.0,1.0,Manual Review
CLM01066,Smartphone,Rugged Smartphone,Phone,Main Unit,Aster,12.0,No,Overheating,Manufacturing Defect,No,No,Not Applicable,Not Applicable,Not Applicable,Not Applicable,Not Applicable,Not Applicable,Not Applicable,Not Applicable,Yes,,Yes,Yes,Yes,Yes,Not Applicable,Not Applicable,Not Applicable,Not Applicable,Not Applicable,Not Applicable,Not Applicable,No,0.0,Not Applicable,No,Not Applicable,Yes,Yes,No,No,No,2.0,1692.59,149.31,0.0,0.853,Email,Safari,47,System,-1.14966,135.0,15.0,12.0,Yes,230.0,Active,Not Applicable,30.0,Yes,Yes,3.0,3.0,0.0,0.0,1.0,Yes,No,0.0,3.0,Yes,Yes,Yes,No,No,No,0.0882139206777778,High,10.0,1.0,Valid Claim
CLM01067,Refrigerator,Double Door,Cooling,Compressor,ZenCore,120.0,No,Cooling Failure,Internal Component Failure,Not Applicable,Not Applicable,Not Applicable,Household,No,Not Applicable,Not Applicable,Not Applicable,Not Applicable,Not Applicable,No,Yes,Yes,Yes,Yes,No,Not Applicable,Not Applicable,Not Applicable,Yes,Not Applicable,Not Applicable,Not Applicable,No,0.0,Not Applicable,No,Not Applicable,Yes,Yes,No,No,No,1.0,2266.13,2089.67,0.0,0.529,Email,MobileWebView,18,Dark,0.87032,3537.0,4.0,120.0,Yes,116.0,Active,Active,30.0,Yes,Yes,4.0,3.0,1.0,0.0,0.75,No,No,1.0,3.0,No,Yes,Yes,No,No,Not Applicable,0.9221315635025352,Low,8.0,5.0,Manual Review
CLM01068,Smartphone,Rugged Smartphone,Phone,Main Unit,NovaTech,12.0,No,Power Failure,Internal Component Failure,No,No,Not Applicable,Not Applicable,Not Applicable,Not Applicable,Not Applicable,Not Applicable,Not Applicable,Not Applicable,Yes,Yes,No,Yes,Yes,Yes,Not Applicable,Not Applicable,Not Applicable,Not Applicable,Not Applicable,Not Applicable,Yes,Yes,1.0,Yes,No,Not Applicable,Yes,Yes,No,No,No,1.0,1256.25,146.41,569.66,0.81,Service Center,MobileWebView,9,Dark,0.80272,279.0,6.0,12.0,Yes,86.0,Active,Not Applicable,30.0,Yes,Yes,4.0,4.0,0.0,0.0,1.0,Yes,No,0.0,4.0,Yes,Yes,Yes,Yes,No,No,0.1165452736318407,Medium,12.0,6.0,Valid Claim
CLM01069,Camera,Action Camera,Camera Body,Camera Body,NovaTech,24.0,No,Connectivity Issue,Electrical Failure,No,No,Not Applicable,Not Applicable,Not Applicable,Not Applicable,Not Applicable,Not Applicable,Not Applicable,Not Applicable,Yes,Yes,Yes,No,Yes,Yes,Not Applicable,Not Applicable,Not Applicable,Not Applicable,Not Applicable,Not Applicable,Not Applicable,No,0.0,Not Applicable,No,Not Applicable,Yes,No,No,No,No,0.0,2696.79,2280.29,0.0,0.768,Web,Edge,50,Dark,-1.28278,403.0,16.0,24.0,Yes,328.0,Active,Not Applicable,30.0,Yes,Yes,3.0,3.0,0.0,0.0,1.0,Yes,No,0.0,3.0,Yes,Yes,Yes,No,No,No,0.8455571253230693,Medium,11.0,2.0,Manual Review
CLM01070,Washing Machine,Washer Dryer,Washing,Main Unit,HomePro,24.0,No,Mechanical Failure,Manufacturing Defect,Not Applicable,Not Applicable,Not Applicable,Household,Unknown,Not Applicable,No,Not Applicable,Not Applicable,Not Applicable,Yes,No,Yes,Yes,Yes,,Not Applicable,Not Applicable,Not Applicable,Not Applicable,Not Applicable,Not Applicable,Not Applicable,No,0.0,Not Applicable,No,Not Applicable,Yes,Yes,No,No,No,3.0,1374.61,1048.54,0.0,0.756,Web,Chrome,36,System,0.955,412.0,26.0,24.0,Yes,318.0,Active,Not Applicable,30.0,Yes,Yes,3.0,2.0,0.0,1.0,0.6666666666666666,Unknown,No,0.0,2.0,Yes,Yes,Yes,No,No,No,0.7627909006918326,Medium,7.0,2.0,Manual Review
CLM01071,Air Conditioner,Split,Indoor Unit,Main Unit,HomePro,24.0,No,Water Leakage,Internal Component Failure,Not Applicable,Not Applicable,Not Applicable,Not Applicable,Yes,Not Applicable,Not Applicable,No,Indoor Unit,Not Applicable,Yes,Yes,No,Yes,Yes,Yes,Yes,Not Applicable,Not Applicable,Not Applicable,Not Applicable,Not Applicable,Not Applicable,No,0.0,Not Applicable,No,Not Applicable,Yes,Yes,No,Yes,No,0.0,2773.66,2604.18,0.0,0.784,Service Center,Edge,58,Dark,-0.63826,537.0,14.0,24.0,Yes,194.0,Active,Not Applicable,30.0,Yes,Yes,4.0,4.0,0.0,0.0,1.0,Yes,No,0.0,4.0,Yes,Yes,Yes,No,No,Not Applicable,0.9388966203500068,Medium,6.0,3.0,Valid Claim
CLM01072,Printer,Thermal,Power,Main Unit,,12.0,No,Power Failure,Manufacturing Defect,Not Applicable,Not Applicable,Not Applicable,Not Applicable,No,Not Applicable,No,Not Applicable,Not Applicable,Original,No,Yes,Yes,Yes,Yes,Yes,Not Applicable,Not Applicable,Not Applicable,Not Applicable,Not Applicable,No,Not Applicable,No,0.0,Not Applicable,No,Not Applicable,Yes,Yes,No,No,No,1.0,269.14,99.95,0.0,0.818,Web,Edge,45,Dark,-0.90696,172.0,24.0,12.0,Yes,193.0,Active,Not Applicable,30.0,Yes,Yes,4.0,3.0,1.0,0.0,0.75,No,No,1.0,3.0,No,Yes,Yes,No,No,No,0.3713680612320725,Medium,7.0,6.0,Manual Review
CLM01073,Printer,Laser,Connection,Main Unit,HomePro,12.0,Yes,Connectivity Issue,Electrical Failure,Not Applicable,Not Applicable,Not Applicable,Not Applicable,No,Not Applicable,No,Not Applicable,Not Applicable,Original,Yes,Yes,No,Yes,Yes,Yes,Not Applicable,Not Applicable,Not Applicable,Not Applicable,Not Applicable,Yes,,No,0.0,Not Applicable,Yes,Yes,Yes,Yes,No,No,No,0.0,615.85,366.71,0.0,0.847,Web,MobileWebView,49,Light,0.15042,594.0,24.0,12.0,Yes,137.0,Active,Not Applicable,30.0,Yes,Yes,4.0,4.0,0.0,0.0,1.0,Yes,No,0.0,4.0,Yes,Yes,Yes,No,Yes,No,0.5954534383372574,Medium,6.0,1.0,Valid Claim
CLM01074,Camera,DSLR,Camera Body,Camera Body,Aster,24.0,No,Display Failure,Internal Component Failure,No,No,Not Applicable,Not Applicable,Not Applicable,Not Applicable,Not Applicable,Not Applicable,Not Applicable,Not Applicable,Yes,Yes,No,Yes,Yes,Yes,Not Applicable,Not Applicable,Not Applicable,Not Applicable,Not Applicable,Not Applicable,Not Applicable,No,0.0,Not Applicable,No,Not Applicable,Yes,Yes,No,No,No,0.0,1687.59,1003.78,,0.798,Web,Chrome,54,System,-1.39277,481.0,19.0,24.0,Yes,250.0,Active,Not Applicable,30.0,Yes,Yes,3.0,3.0,0.0,0.0,1.0,Yes,No,0.0,3.0,Yes,Yes,Yes,No,No,No,0.5948008698795324,Medium,4.0,3.0,Valid Claim
CLM01075,Air Conditioner,Portable,Both,Main Unit,ZenCore,24.0,No,Cooling Failure,Electrical Failure,Not Applicable,Not Applicable,Not Applicable,Not Applicable,Unknown,Not Applicable,Not Applicable,No,Both,Not Applicable,Yes,No,Yes,Yes,Yes,Yes,Yes,Not Applicable,Not Applicable,Not Applicable,Not Applicable,Not Applicable,Not Applicable,No,0.0,Not Applicable,No,Not Applicable,Yes,Yes,No,No,No,2.0,2672.89,1812.8,0.0,0.964,Email,Chrome,40,System,-1.37468,,9.0,24.0,Yes,,Unknown,Not Applicable,30.0,Yes,Yes,4.0,4.0,0.0,0.0,1.0,Yes,No,0.0,4.0,Yes,Yes,Yes,No,No,Not Applicable,0.6782172105847978,High,3.0,6.0,Valid Claim
CLM01076,Printer,Inkjet,Connection,Main Unit,PrimeView,12.0,No,Connectivity Issue,Electrical Failure,Not Applicable,Not Applicable,Not Applicable,Not Applicable,No,Not Applicable,No,Not Applicable,Not Applicable,Original,Yes,No,Yes,Yes,Yes,Yes,Not Applicable,Not Applicable,Not Applicable,Not Applicable,Not Applicable,Yes,Not Applicable,No,0.0,Not Applicable,No,Not Applicable,Yes,Yes,No,No,No,0.0,369.62,118.0,0.0,0.951,Mobile App,Chrome,44,Light,-0.31859,183.0,9.0,12.0,Yes,182.0,Active,Not Applicable,30.0,Yes,Yes,4.0,4.0,0.0,0.0,1.0,Yes,No,0.0,4.0,Yes,Yes,Yes,No,No,No,0.3192467940046534,High,3.0,3.0,Valid Claim
CLM01077,Printer,Inkjet,Power,Main Unit,NovaTech,12.0,No,Power Failure,Manufacturing Defect,Not Applicable,Not Applicable,Not Applicable,Not Applicable,No,Not Applicable,No,Not Applicable,Not Applicable,Compatible,Yes,Yes,No,Yes,Yes,Yes,Not Applicable,Not Applicable,Not Applicable,Not Applicable,Not Applicable,Yes,Not Applicable,No,0.0,Not Applicable,No,Not Applicable,Yes,Yes,No,No,No,0.0,529.54,369.47,0.0,0.749,Mobile App,Chrome,32,Light,-0.43062,277.0,19.0,12.0,Yes,89.0,Active,Not Applicable,30.0,Yes,Yes,4.0,4.0,0.0,0.0,1.0,Yes,No,0.0,4.0,Yes,Yes,Yes,No,No,No,0.6977187747856631,Medium,5.0,2.0,Valid Claim
CLM01078,Laptop,Gaming Laptop,Device,Main Unit,Aster,24.0,No,Battery Problem,Manufacturing Defect,Yes,No,Unknown,Not Applicable,Not Applicable,Not Applicable,Not Applicable,Not Applicable,Not Applicable,Not Applicable,No,Yes,No,Yes,Yes,No,Not Applicable,Not Applicable,Not Applicable,Not Applicable,Not Applicable,Not Applicable,No,Yes,3.0,Yes,No,Not Applicable,Yes,Yes,No,No,No,1.0,2270.76,623.77,474.13,0.556,Mobile App,Safari,35,System,-0.28359,496.0,2.0,24.0,Yes,235.0,Active,Not Applicable,30.0,Yes,Yes,4.0,2.0,2.0,0.0,0.5,No,No,2.0,2.0,No,Yes,Yes,Yes,No,Yes,0.2746965773573604,Low,1.0,2.0,Manual Review
CLM01079,Television,Mini-LED,Connection,Main Unit,PrimeView,24.0,No,Connectivity Issue,Manufacturing Defect,No,Not Applicable,Not Applicable,Not Applicable,Not Applicable,Yes,Not Applicable,Not Applicable,Not Applicable,Not Applicable,Yes,Yes,No,Yes,,Yes,Not Applicable,Not Applicable,Not Applicable,Not Applicable,Not Applicable,Not Applicable,Not Applicable,No,0.0,Not Applicable,No,Not Applicable,Yes,Yes,No,No,No,1.0,1830.09,1166.67,0.0,0.763,Service Center,MobileWebView,6,Dark,-0.5049,394.0,23.0,24.0,Yes,337.0,Active,Not Applicable,30.0,Yes,Yes,3.0,2.0,0.0,1.0,0.6666666666666666,Unknown,Unknown,0.0,2.0,Yes,Yes,Yes,No,No,No,0.6374932380374736,Medium,1.0,0.0,Valid Claim
CLM01080,Television,OLED,Picture,Main Unit,HomePro,24.0,Yes,Display Failure,Electrical Failure,No,Not Applicable,Not Applicable,Not Applicable,Not Applicable,No,Not Applicable,Not Applicable,Not Applicable,Not Applicable,Yes,Yes,Yes,Yes,Yes,Yes,Not Applicable,Not Applicable,Not Applicable,Not Applicable,Not Applicable,Not Applicable,Yes,Yes,2.0,Yes,No,Not Applicable,Yes,Yes,No,No,No,0.0,389.89,86.51,384.89,,Mobile App,MobileWebView,27,Dark,1.67403,1023.0,24.0,24.0,Yes,73.0,Active,Not Applicable,30.0,Yes,Yes,4.0,4.0,0.0,0.0,1.0,Yes,No,0.0,4.0,Yes,Yes,Yes,Yes,No,No,0.2218830952319885,Unknown,9.0,3.0,Valid Claim
CLM01081,Air Conditioner,Portable,Indoor Unit,Main Unit,Aster,24.0,No,Power Failure,Manufacturing Defect,Not Applicable,Not Applicable,Not Applicable,Not Applicable,Yes,Not Applicable,Not Applicable,No,Indoor Unit,Not Applicable,Yes,Yes,No,Yes,Yes,Yes,Yes,Not Applicable,Not Applicable,Not Applicable,Not Applicable,Not Applicable,Yes,Yes,1.0,Yes,No,Not Applicable,Yes,Yes,No,No,No,1.0,2394.11,403.02,,0.872,Service Center,MobileWebView,50,Light,-0.72139,617.0,19.0,24.0,Yes,113.0,Active,Not Applicable,30.0,Yes,Yes,5.0,5.0,0.0,0.0,1.0,Yes,No,0.0,5.0,Yes,Yes,Yes,Yes,No,Not Applicable,0.1683381298269503,High,6.0,2.0,Valid Claim
CLM01082,Laptop,2-in-1,Not Sure,Main Unit,NovaTech,24.0,Yes,Battery Problem,Internal Component Failure,No,No,Yes,Not Applicable,Not Applicable,Not Applicable,Not Applicable,Not Applicable,Not Applicable,Not Applicable,Yes,Yes,No,Yes,Yes,No,Not Applicable,Not Applicable,Not Applicable,Not Applicable,Not Applicable,Not Applicable,Not Applicable,No,0.0,Not Applicable,No,Not Applicable,Yes,Yes,No,No,No,0.0,1706.49,1091.8,0.0,0.749,Web,Chrome,42,Dark,0.87414,857.0,6.0,24.0,Yes,239.0,Active,Not Applicable,30.0,Yes,Yes,3.0,2.0,1.0,0.0,0.6666666666666666,No,No,1.0,2.0,Yes,Yes,Yes,No,No,No,0.639792791050636,Medium,3.0,3.0,Manual Review
CLM01083,Smartphone,Rugged Smartphone,Phone,Main Unit,NovaTech,12.0,No,Battery Problem,Internal Component Failure,No,No,Yes,Not Applicable,Not Applicable,Not Applicable,Not Applicable,Not Applicable,Not Applicable,Not Applicable,Yes,Yes,No,Yes,Yes,Yes,Not Applicable,Not Applicable,Not Applicable,Not Applicable,Not Applicable,Not Applicable,No,Yes,1.0,Yes,No,Not Applicable,Yes,Yes,No,No,No,1.0,1237.5,432.55,102.46,0.915,Web,Safari,26,Dark,0.68185,254.0,15.0,12.0,Yes,111.0,Active,Not Applicable,30.0,Yes,Yes,4.0,3.0,1.0,0.0,0.75,No,No,1.0,3.0,Yes,Yes,Yes,Yes,No,No,0.3495353535353535,High,8.0,5.0,Manual Review
CLM01084,Television,Mini-LED,Sound,Main Unit,Aster,24.0,No,Audio Failure,Internal Component Failure,No,Not Applicable,Not Applicable,Not Applicable,Not Applicable,Yes,Not Applicable,Not Applicable,Not Applicable,Not Applicable,Yes,Yes,No,Yes,Yes,Yes,Not Applicable,Not Applicable,Not Applicable,Not Applicable,Not Applicable,Not Applicable,Not Applicable,No,0.0,Not Applicable,No,Not Applicable,Yes,Yes,No,No,No,1.0,3194.38,1733.37,0.0,0.837,Mobile App,Edge,44,Dark,-1.23001,420.0,14.0,24.0,Yes,311.0,Active,Not Applicable,30.0,Yes,Yes,3.0,3.0,0.0,0.0,1.0,Yes,No,0.0,3.0,Yes,Yes,Yes,No,No,No,0.5426311209060912,Medium,4.0,6.0,Valid Claim
CLM01085,Refrigerator,French Door,Other,Main Unit,Aster,24.0,No,Mechanical Failure,Internal Component Failure,Not Applicable,Not Applicable,Not Applicable,Household,No,Not Applicable,Not Applicable,Not Applicable,Not Applicable,Not Applicable,,Yes,No,Yes,Yes,Yes,Not Applicable,Not Applicable,Not Applicable,Not Applicable,Not Applicable,Not Applicable,Not Applicable,No,0.0,Not Applicable,No,Not Applicable,Yes,Yes,No,No,No,1.0,1452.31,1166.53,0.0,0.613,Web,MobileWebView,30,Light,2.58142,438.0,4.0,24.0,Yes,293.0,Active,Not Applicable,30.0,Yes,Yes,3.0,3.0,0.0,0.0,1.0,Yes,No,0.0,3.0,,Yes,Yes,No,No,Not Applicable,0.8032238296231521,Low,3.0,5.0,Manual Review
CLM01086,Television,OLED,Picture,Main Unit,HomePro,24.0,No,Display Failure,Internal Component Failure,Unknown,Not Applicable,Not Applicable,Not Applicable,Not Applicable,No,Not Applicable,Not Applicable,Not Applicable,Not Applicable,Yes,Yes,Yes,Yes,No,Yes,Not Applicable,Not Applicable,Not Applicable,Not Applicable,Not Applicable,Not Applicable,Not Applicable,No,0.0,Not Applicable,No,Not Applicable,Yes,Yes,No,No,No,0.0,2678.34,2180.97,,0.751,Service Center,Edge,43,Dark,-1.7887,648.0,14.0,24.0,Yes,83.0,Active,Not Applicable,30.0,Yes,Yes,3.0,2.0,1.0,0.0,0.6666666666666666,No,Yes,1.0,2.0,Yes,Yes,Yes,No,No,Unknown,0.8142991554470305,Medium,8.0,5.0,Manual Review
CLM01087,Laptop,Business Laptop,Device,Main Unit,Aster,24.0,Yes,Connectivity Issue,Electrical Failure,Yes,No,Not Applicable,Not Applicable,Not Applicable,Not Applicable,Not Applicable,Not Applicable,Not Applicable,Not Applicable,Yes,Yes,No,Yes,Yes,Yes,Not Applicable,Not Applicable,Not Applicable,Not Applicable,Not Applicable,Not Applicable,Not Applicable,No,0.0,Not Applicable,No,Not Applicable,Yes,Yes,No,No,No,1.0,1301.54,464.55,0.0,0.843,Service Center,Firefox,24,Light,-0.08067,1054.0,4.0,24.0,Yes,42.0,Active,Not Applicable,30.0,Yes,Yes,3.0,3.0,0.0,0.0,1.0,Yes,No,0.0,3.0,Yes,Yes,Yes,No,No,Yes,0.3569233369700509,Medium,4.0,5.0,Valid Claim
CLM01088,Refrigerator,Side-by-Side,Cooling,Main Unit,ZenCore,24.0,No,Cooling Failure,Electrical Failure,Not Applicable,Not Applicable,Not Applicable,Household,No,Not Applicable,Not Applicable,Not Applicable,Not Applicable,Not Applicable,Yes,Yes,No,Yes,Yes,No,Not Applicable,Not Applicable,Not Applicable,Not Applicable,Not Applicable,Not Applicable,Not Applicable,No,0.0,Not Applicable,No,Not Applicable,Unknown,Yes,No,No,No,1.0,2657.38,1427.47,0.0,0.936,Mobile App,Safari,4,Light,0.53508,449.0,26.0,24.0,Yes,282.0,Active,Not Applicable,30.0,Yes,Yes,3.0,2.0,1.0,0.0,0.6666666666666666,No,No,1.0,2.0,Yes,Yes,Unknown,No,No,Not Applicable,0.5371719513204736,High,1.0,6.0,Manual Review
CLM01089,Smartphone,Foldable Smartphone,Phone,Main Unit,PrimeView,12.0,Yes,Overheating,Manufacturing Defect,No,No,Not Applicable,Not Applicable,Not Applicable,Not Applicable,Not Applicable,Not Applicable,Not Applicable,Not Applicable,Yes,Yes,Yes,Yes,Yes,Yes,Not Applicable,Not Applicable,Not Applicable,Not Applicable,Not Applicable,Not Applicable,Not Applicable,No,0.0,Not Applicable,No,Not Applicable,Yes,Yes,No,No,No,1.0,1136.13,233.22,0.0,0.91,Web,Safari,22,Light,-1.79013,653.0,26.0,12.0,Yes,78.0,Active,Not Applicable,30.0,Yes,Yes,3.0,3.0,0.0,0.0,1.0,Yes,No,0.0,3.0,Yes,Yes,Yes,No,No,No,0.2052758047054474,High,10.0,6.0,Valid Claim
CLM01090,Smartphone,Standard Smartphone,Not Sure,Battery,Aster,12.0,No,Battery Problem,Electrical Failure,No,No,No,Not Applicable,Not Applicable,Not Applicable,Not Applicable,Not Applicable,Not Applicable,Not Applicable,No,Yes,No,Yes,Yes,Yes,Not Applicable,Yes,Not Applicable,Not Applicable,Not Applicable,Not Applicable,Not Applicable,No,0.0,Not Applicable,No,Not Applicable,Yes,Yes,No,No,No,1.0,1467.28,1168.59,0.0,0.853,Mobile App,Chrome,34,System,-0.223,243.0,4.0,12.0,Yes,122.0,Active,Active,30.0,Yes,Yes,4.0,4.0,0.0,0.0,1.0,Yes,No,0.0,4.0,No,Yes,Yes,No,No,No,0.7964328553513985,High,6.0,4.0,Valid Claim
CLM01091,Air Conditioner,Window,Indoor Unit,Main Unit,HomePro,24.0,Yes,Noise,Manufacturing Defect,Not Applicable,Not Applicable,Not Applicable,Not Applicable,No,Not Applicable,Not Applicable,No,Indoor Unit,Not Applicable,Yes,,Yes,,No,Yes,Yes,Not Applicable,Not Applicable,Not Applicable,Not Applicable,Not Applicable,Not Applicable,No,0.0,Not Applicable,No,Not Applicable,Yes,Yes,No,No,No,1.0,489.19,217.01,0.0,0.923,Web,MobileWebView,55,Dark,0.81786,752.0,27.0,24.0,Yes,344.0,Active,Not Applicable,30.0,Yes,Yes,4.0,3.0,1.0,0.0,0.75,No,Yes,1.0,3.0,Yes,Yes,Yes,No,No,Not Applicable,0.4436108669433144,High,9.0,2.0,Manual Review
CLM01092,Camera,Compact,Battery,Battery,NovaTech,6.0,No,Power Failure,Internal Component Failure,No,No,Yes,Not Applicable,Not Applicable,Not Applicable,Not Applicable,Not Applicable,Not Applicable,Not Applicable,No,Yes,Yes,Yes,Yes,Yes,Not Applicable,Not Applicable,Not Applicable,Not Applicable,Not Applicable,Not Applicable,Not Applicable,No,0.0,Not Applicable,No,Not Applicable,Yes,Yes,No,No,No,999.0,1372.27,459.39,0.0,,Web,Safari,28,Light,1.14877,167.0,2.0,6.0,Yes,17.0,Nearing Expiry,Nearing Expiry,30.0,Yes,Yes,3.0,3.0,0.0,0.0,1.0,Yes,No,0.0,3.0,No,Yes,Yes,No,No,No,0.3347664818148032,Unknown,11.0,2.0,Valid Claim
CLM01093,Laptop,Gaming Laptop,Device,Main Unit,Aster,24.0,No,Battery Problem,Internal Component Failure,No,No,Yes,Not Applicable,Not Applicable,Not Applicable,Not Applicable,Not Applicable,Not Applicable,Not Applicable,Yes,Yes,Yes,Yes,No,Yes,Not Applicable,Not Applicable,Not Applicable,Not Applicable,Not Applicable,Not Applicable,Not Applicable,No,0.0,Not Applicable,Yes,Yes,Yes,Yes,No,No,No,0.0,1928.53,1714.67,0.0,0.772,Web,Firefox,52,System,-0.94675,701.0,11.0,24.0,Yes,30.0,Nearing Expiry,Not Applicable,30.0,Yes,Yes,3.0,2.0,1.0,0.0,0.6666666666666666,No,Yes,1.0,2.0,Yes,Yes,Yes,No,Yes,No,0.8891072474890201,Medium,7.0,3.0,Manual Review
CLM01094,Refrigerator,Double Door,Power,Main Unit,ZenCore,24.0,Yes,Power Failure,Manufacturing Defect,Not Applicable,Not Applicable,Not Applicable,Household,Yes,Not Applicable,Not Applicable,Not Applicable,Not Applicable,Not Applicable,No,Yes,Yes,Yes,No,Yes,Not Applicable,Not Applicable,Not Applicable,Not Applicable,Not Applicable,Not Applicable,Not Applicable,No,0.0,Not Applicable,No,Not Applicable,Yes,Yes,No,No,No,2.0,847.72,431.55,0.0,0.802,Service Center,Safari,8,System,0.71559,933.0,20.0,24.0,Yes,163.0,Active,Not Applicable,30.0,Yes,Yes,3.0,2.0,1.0,0.0,0.6666666666666666,No,Yes,1.0,2.0,No,Yes,Yes,No,No,Not Applicable,0.5090713914971925,Medium,6.0,0.0,Manual Review
CLM01095,Smartphone,Rugged Smartphone,Not Sure,Main Unit,Aster,12.0,No,Overheating,Electrical Failure,No,No,Not Applicable,Not Applicable,Not Applicable,Not Applicable,Not Applicable,Not Applicable,Not Applicable,Not Applicable,Yes,No,Yes,,Yes,Yes,Not Applicable,Not Applicable,Not Applicable,Not Applicable,Not Applicable,Not Applicable,Yes,Yes,2.0,Yes,No,Not Applicable,Yes,Yes,No,No,No,3.0,604.72,535.15,138.1,0.799,Web,Safari,36,Light,-0.82945,136.0,2.0,12.0,Yes,229.0,Active,Not Applicable,30.0,Yes,Yes,4.0,4.0,0.0,0.0,1.0,Yes,No,0.0,4.0,Yes,Yes,Yes,Yes,No,No,0.8849550205053578,Medium,6.0,5.0,Valid Claim
CLM01096,Television,QLED,Sound,Main Unit,Aster,24.0,No,Audio Failure,Electrical Failure,No,Not Applicable,Not Applicable,Not Applicable,Not Applicable,Yes,Not Applicable,Not Applicable,Not Applicable,Not Applicable,,No,Yes,Yes,Yes,Yes,Not Applicable,Not Applicable,Not Applicable,Not Applicable,Not Applicable,Not Applicable,Not Applicable,No,0.0,Not Applicable,No,Not Applicable,Yes,Yes,No,No,No,0.0,1246.36,869.46,0.0,0.455,Service Center,MobileWebView,6,Dark,-0.15922,723.0,12.0,24.0,Yes,8.0,Nearing Expiry,Not Applicable,30.0,Yes,Yes,3.0,3.0,0.0,0.0,1.0,Yes,No,0.0,3.0,,Yes,Yes,No,No,No,0.697599409480407,Low,6.0,1.0,Manual Review
CLM01097,Camera,Action Camera,Camera Body,Camera Body,PrimeView,24.0,No,Connectivity Issue,Electrical Failure,No,No,Not Applicable,Not Applicable,Not Applicable,Not Applicable,Not Applicable,Not Applicable,Not Applicable,Not Applicable,Yes,Yes,Yes,Yes,Yes,Yes,Not Applicable,Not Applicable,Not Applicable,Not Applicable,Not Applicable,Not Applicable,Not Applicable,No,0.0,Not Applicable,No,Not Applicable,Yes,Yes,No,No,No,0.0,1467.91,1083.71,0.0,0.778,Email,MobileWebView,59,System,0.33871,582.0,15.0,24.0,Yes,149.0,Active,Not Applicable,30.0,Yes,Yes,3.0,3.0,0.0,0.0,1.0,Yes,No,0.0,3.0,Yes,Yes,Yes,No,No,No,0.7382673324658868,Medium,12.0,5.0,Valid Claim
CLM01098,Washing Machine,Washer Dryer,Water Leakage,Main Unit,ZenCore,24.0,No,Water Leakage,Manufacturing Defect,Not Applicable,Not Applicable,Not Applicable,Household,Yes,Not Applicable,No,Not Applicable,Not Applicable,Not Applicable,Yes,Yes,Yes,No,Yes,Yes,Not Applicable,Not Applicable,Not Applicable,Not Applicable,Not Applicable,Not Applicable,,No,0.0,Not Applicable,No,Not Applicable,Yes,Yes,No,No,No,1.0,774.53,573.45,,0.908,Service Center,MobileWebView,28,Dark,0.90505,438.0,20.0,24.0,Yes,292.0,Active,Not Applicable,30.0,Yes,Yes,3.0,3.0,0.0,0.0,1.0,Yes,No,0.0,3.0,Yes,Yes,Yes,No,No,No,0.7403844912398487,High,6.0,0.0,Valid Claim
CLM01099,Television,LED,Picture,Main Unit,Aster,24.0,No,Display Failure,Manufacturing Defect,No,Not Applicable,Not Applicable,Not Applicable,Not Applicable,Yes,Not Applicable,Not Applicable,Not Applicable,Not Applicable,No,Yes,No,Yes,Yes,,Not Applicable,Not Applicable,Not Applicable,Not Applicable,Not Applicable,Not Applicable,Not Applicable,No,0.0,Not Applicable,No,Not Applicable,Yes,Yes,No,No,No,0.0,2902.08,2381.46,0.0,0.931,Service Center,Safari,4,Light,-0.11039,389.0,6.0,24.0,Yes,342.0,Active,Not Applicable,30.0,Yes,Yes,3.0,2.0,0.0,1.0,0.6666666666666666,Unknown,No,0.0,2.0,No,Yes,Yes,No,No,No,0.8206045319219318,High,8.0,0.0,Valid Claim
CLM01100,Television,Mini-LED,Sound,Main Unit,PrimeView,24.0,No,Audio Failure,Manufacturing Defect,Yes,Not Applicable,Not Applicable,Not Applicable,Not Applicable,Yes,Not Applicable,Not Applicable,Not Applicable,Not Applicable,Yes,Yes,No,Yes,Yes,Yes,Not Applicable,Not Applicable,Not Applicable,Not Applicable,Not Applicable,Not Applicable,Not Applicable,No,0.0,Not Applicable,No,Not Applicable,Unknown,Yes,No,No,No,0.0,2952.98,2446.11,0.0,0.955,Mobile App,Edge,41,Dark,-1.34327,696.0,7.0,24.0,Yes,35.0,Active,Not Applicable,30.0,Yes,Yes,3.0,3.0,0.0,0.0,1.0,Yes,No,0.0,3.0,Yes,Yes,Unknown,No,No,Yes,0.8283530535255912,High,9.0,6.0,Manual Review
CLM01101,Laptop,Gaming Laptop,Device,Main Unit,NovaTech,24.0,No,Connectivity Issue,Internal Component Failure,No,No,Not Applicable,Not Applicable,Not Applicable,Not Applicable,Not Applicable,Not Applicable,Not Applicable,Not Applicable,,Yes,No,Yes,No,Yes,Not Applicable,Not Applicable,Not Applicable,Not Applicable,Not Applicable,Not Applicable,Not Applicable,No,0.0,Not Applicable,No,Not Applicable,Yes,Yes,No,No,No,1.0,1121.81,197.85,0.0,0.978,Service Center,Edge,30,Light,0.15497,586.0,2.0,24.0,Yes,145.0,Active,Not Applicable,30.0,Yes,Yes,3.0,2.0,1.0,0.0,0.6666666666666666,No,Yes,1.0,2.0,,Yes,Yes,No,No,No,0.1763667644253483,High,2.0,0.0,Manual Review
CLM01102,Printer,Laser,Printing,Main Unit,PrimeView,12.0,Yes,Mechanical Failure,Electrical Failure,Not Applicable,Not Applicable,Not Applicable,Not Applicable,Yes,Not Applicable,No,Not Applicable,Not Applicable,Original,Yes,Yes,Yes,Yes,Yes,Yes,Not Applicable,Not Applicable,Not Applicable,Not Applicable,Not Applicable,Yes,Not Applicable,No,0.0,Not Applicable,No,Not Applicable,Yes,Yes,No,No,No,1.0,394.3,141.17,0.0,0.784,Web,Chrome,13,Dark,1.04181,705.0,10.0,12.0,Yes,25.0,Nearing Expiry,Not Applicable,30.0,Yes,Yes,4.0,4.0,0.0,0.0,1.0,Yes,No,0.0,4.0,Yes,Yes,Yes,No,No,No,0.3580268830839462,Medium,1.0,6.0,Valid Claim
CLM01103,Washing Machine,Washer Dryer,Noise,Main Unit,PrimeView,24.0,Yes,Noise,Manufacturing Defect,Not Applicable,Not Applicable,Not Applicable,Business,No,Not Applicable,No,Not Applicable,Not Applicable,Not Applicable,Yes,Yes,Yes,Yes,Yes,Yes,Not Applicable,Not Applicable,Not Applicable,Not Applicable,Not Applicable,Not Applicable,Not Applicable,No,0.0,Not Applicable,No,Not Applicable,Yes,Yes,No,No,No,1.0,1851.01,1226.6,0.0,0.983,Mobile App,Edge,33,System,-0.07672,943.0,4.0,24.0,Yes,153.0,Active,Not Applicable,30.0,Yes,Yes,3.0,3.0,0.0,0.0,1.0,Yes,No,0.0,3.0,Yes,Yes,Yes,No,No,No,0.6626652476215688,High,12.0,2.0,Valid Claim
CLM01104,Refrigerator,Side-by-Side,Noise,Compressor,HomePro,120.0,No,Noise,Electrical Failure,Not Applicable,Not Applicable,Not Applicable,Business,No,Not Applicable,Not Applicable,Not Applicable,Not Applicable,Not Applicable,,Yes,No,Yes,Yes,Yes,Not Applicable,Not Applicable,Not Applicable,Yes,Not Applicable,Not Applicable,Not Applicable,No,0.0,Not Applicable,No,Not Applicable,Yes,Yes,No,No,No,0.0,2801.77,1427.19,0.0,0.605,Service Center,Edge,0,System,-1.15302,3586.0,1.0,120.0,Yes,66.0,Active,Active,30.0,Yes,Yes,4.0,4.0,0.0,0.0,1.0,Yes,No,0.0,4.0,,Yes,Yes,No,No,Not Applicable,0.5093887078525361,Low,1.0,6.0,Manual Review
CLM01105,Printer,Thermal,Power,Main Unit,HomePro,12.0,No,Power Failure,Electrical Failure,Not Applicable,Not Applicable,Not Applicable,Not Applicable,No,Not Applicable,No,Not Applicable,Not Applicable,Unknown,Yes,Yes,No,Yes,Yes,No,Not Applicable,Not Applicable,Not Applicable,Not Applicable,Not Applicable,Yes,Not Applicable,No,0.0,Not Applicable,No,Not Applicable,Yes,Yes,No,No,No,1.0,1011.94,339.01,0.0,0.749,Service Center,MobileWebView,52,System,-0.70198,209.0,11.0,12.0,Yes,156.0,Active,Not Applicable,30.0,Yes,Yes,4.0,3.0,1.0,0.0,0.75,No,No,1.0,3.0,Yes,Yes,Yes,No,No,No,0.3350099808289029,Medium,3.0,2.0,Manual Review
CLM01106,Camera,Compact,Not Sure,Camera Body,PrimeView,24.0,No,Battery Problem,Electrical Failure,No,No,Yes,Not Applicable,Not Applicable,Not Applicable,Not Applicable,Not Applicable,Not Applicable,Not Applicable,Yes,Yes,Yes,Yes,Yes,Yes,Not Applicable,Not Applicable,Not Applicable,Not Applicable,Not Applicable,Not Applicable,Not Applicable,No,0.0,Not Applicable,No,Not Applicable,Yes,Yes,No,No,No,1.0,3348.88,2191.55,0.0,0.806,Service Center,Chrome,31,System,0.07483,628.0,24.0,24.0,Yes,103.0,Active,Not Applicable,30.0,Yes,Yes,3.0,3.0,0.0,0.0,1.0,Yes,No,0.0,3.0,Yes,Yes,Yes,No,No,No,0.6544128186139844,Medium,7.0,2.0,Valid Claim
CLM01107,Television,LED,Power,Main Unit,Aster,24.0,No,Power Failure,Internal Component Failure,No,Not Applicable,Not Applicable,Not Applicable,Not Applicable,Unknown,Not Applicable,Not Applicable,Not Applicable,Not Applicable,Yes,No,No,Yes,Yes,Yes,Not Applicable,Not Applicable,Not Applicable,Not Applicable,Not Applicable,Not Applicable,No,Yes,3.0,Yes,Yes,Yes,Yes,Yes,No,No,No,0.0,861.06,324.25,518.78,0.808,Web,Edge,16,Dark,1.8837,600.0,7.0,24.0,Yes,131.0,Active,Not Applicable,30.0,Yes,Yes,4.0,3.0,1.0,0.0,0.75,No,No,1.0,3.0,Yes,Yes,Yes,Yes,Yes,No,0.3765707383922143,Medium,6.0,0.0,Manual Review
CLM01108,Air Conditioner,Window,Indoor Unit,Compressor,ZenCore,60.0,No,Cooling Failure,Internal Component Failure,Not Applicable,Not Applicable,Not Applicable,Not Applicable,No,Not Applicable,Not Applicable,No,Indoor Unit,Not Applicable,Yes,Yes,No,,Yes,No,Yes,Not Applicable,Not Applicable,Yes,Not Applicable,Not Applicable,Not Applicable,No,0.0,Not Applicable,No,Not Applicable,Yes,Yes,No,No,No,1.0,506.49,465.06,0.0,0.798,Web,Chrome,17,Dark,1.09342,1563.0,8.0,60.0,Yes,264.0,Active,Active,30.0,Yes,Yes,5.0,4.0,1.0,0.0,0.8,No,No,1.0,4.0,Yes,Yes,Yes,No,No,Not Applicable,0.9182017413966712,Medium,4.0,0.0,Manual Review
CLM01109,Smartphone,Standard Smartphone,Charger,Charger,PrimeView,6.0,No,Connectivity Issue,Manufacturing Defect,No,No,Not Applicable,Not Applicable,Not Applicable,Not Applicable,Not Applicable,Not Applicable,Not Applicable,Not Applicable,Yes,Yes,No,Yes,Yes,Yes,Not Applicable,Not Applicable,Not Applicable,Not Applicable,Not Applicable,Not Applicable,,Yes,3.0,Yes,No,Not Applicable,Yes,Yes,No,No,No,1.0,1687.25,903.71,410.88,0.709,Web,MobileWebView,0,Dark,-1.90203,63.0,7.0,6.0,Yes,120.0,Active,Active,30.0,Yes,Yes,4.0,3.0,0.0,1.0,0.75,Unknown,No,0.0,3.0,Yes,Yes,Yes,Yes,No,No,0.5356112016595052,Medium,6.0,1.0,Valid Claim
CLM01110,Laptop,Consumer Laptop,Device,Main Unit,Aster,24.0,No,Power Failure,Manufacturing Defect,No,No,Not Applicable,Not Applicable,Not Applicable,Not Applicable,Not Applicable,Not Applicable,Not Applicable,Not Applicable,Yes,,Yes,Yes,Yes,Yes,Not Applicable,Not Applicable,Not Applicable,Not Applicable,Not Applicable,Not Applicable,Not Applicable,No,0.0,Not Applicable,No,Not Applicable,Yes,Yes,No,No,No,0.0,2406.42,697.02,0.0,0.804,Mobile App,Chrome,34,Light,-0.21732,,,24.0,Yes,,Unknown,Not Applicable,30.0,Unknown,Yes,3.0,3.0,0.0,0.0,1.0,Yes,No,0.0,3.0,Yes,Yes,Yes,No,No,No,0.2896501857531104,Medium,,,Valid Claim
CLM01111,Refrigerator,French Door,Power,Main Unit,,24.0,No,Power Failure,Internal Component Failure,Not Applicable,Not Applicable,Not Applicable,Household,No,Not Applicable,Not Applicable,Not Applicable,Not Applicable,Not Applicable,No,,No,Yes,,Yes,Not Applicable,Not Applicable,Not Applicable,Not Applicable,Not Applicable,Not Applicable,No,Yes,1.0,Yes,No,Not Applicable,Yes,Yes,No,No,No,0.0,2991.16,2609.65,477.41,,Web,Safari,23,Dark,-1.22208,400.0,11.0,24.0,Yes,331.0,Active,Not Applicable,30.0,Yes,Yes,4.0,1.0,1.0,2.0,0.25,No,Unknown,1.0,1.0,No,Unknown,Yes,Yes,No,Not Applicable,0.8724541649393547,Unknown,1.0,3.0,Manual Review
CLM01112,Air Conditioner,Cassette,Indoor Unit,Main Unit,ZenCore,24.0,No,Cooling Failure,Internal Component Failure,Not Applicable,Not Applicable,Not Applicable,Not Applicable,No,Not Applicable,Not Applicable,No,Indoor Unit,Not Applicable,Yes,Yes,No,Yes,Yes,Yes,Yes,Not Applicable,Not Applicable,Not Applicable,Not Applicable,Not Applicable,Yes,Yes,2.0,Yes,No,Not Applicable,Yes,Yes,No,No,No,0.0,1827.52,1410.36,151.78,0.887,Service Center,Firefox,50,Light,0.07752,699.0,10.0,24.0,Yes,32.0,Active,Not Applicable,30.0,Yes,Yes,5.0,5.0,0.0,0.0,1.0,Yes,No,0.0,5.0,Yes,Yes,Yes,Yes,No,Not Applicable,0.7717343722640518,High,6.0,4.0,Valid Claim
CLM01113,Television,QLED,Sound,Main Unit,Aster,24.0,No,Audio Failure,Internal Component Failure,No,Not Applicable,Not Applicable,Not Applicable,Not Applicable,No,Not Applicable,Not Applicable,Not Applicable,Not Applicable,Yes,Yes,Yes,Yes,No,Yes,Not Applicable,Not Applicable,Not Applicable,Not Applicable,Not Applicable,Not Applicable,,No,99.0,Not Applicable,No,Not Applicable,Yes,Yes,No,Yes,No,0.0,1949.42,,0.0,0.741,Web,MobileWebView,46,Light,0.38756,552.0,5.0,24.0,Yes,179.0,Active,Not Applicable,30.0,Yes,Yes,3.0,2.0,1.0,0.0,0.6666666666666666,No,Yes,1.0,2.0,Yes,Yes,Yes,No,No,No,,Medium,9.0,6.0,Manual Review
CLM01114,Air Conditioner,Portable,Indoor Unit,Main Unit,ZenCore,24.0,No,Water Leakage,Internal Component Failure,Not Applicable,Not Applicable,Not Applicable,Not Applicable,Yes,Not Applicable,Not Applicable,No,Indoor Unit,Not Applicable,Yes,No,Yes,Yes,Yes,,Yes,Not Applicable,Not Applicable,Not Applicable,Not Applicable,Not Applicable,No,Yes,1.0,Yes,No,Not Applicable,Yes,Yes,No,No,No,0.0,2388.69,,279.58,0.857,Web,Safari,54,Light,-0.6619,728.0,16.0,24.0,Yes,3.0,Nearing Expiry,Not Applicable,30.0,Yes,Yes,5.0,3.0,1.0,1.0,0.6,No,No,1.0,3.0,Yes,Yes,Yes,Yes,No,Not Applicable,,High,4.0,5.0,Manual Review
CLM01115,Washing Machine,Top Load,Water Leakage,Main Unit,HomePro,24.0,No,Water Leakage,Internal Component Failure,Not Applicable,Not Applicable,Not Applicable,Household,Yes,Not Applicable,No,Not Applicable,Not Applicable,Not Applicable,Yes,Yes,No,Yes,Yes,Yes,Not Applicable,Not Applicable,Not Applicable,Not Applicable,Not Applicable,Not Applicable,Not Applicable,No,0.0,Not Applicable,No,Not Applicable,Yes,No,No,No,No,0.0,1063.05,911.31,,0.636,Web,Chrome,36,Dark,0.31768,589.0,13.0,24.0,Yes,142.0,Active,Not Applicable,30.0,Yes,Yes,3.0,3.0,0.0,0.0,1.0,Yes,No,0.0,3.0,Yes,Yes,Yes,No,No,No,0.8572597714124454,Low,7.0,0.0,Manual Review
CLM01116,Washing Machine,Top Load,Power,Main Unit,ZenCore,24.0,No,Power Failure,Internal Component Failure,Not Applicable,Not Applicable,Not Applicable,Household,Yes,Not Applicable,No,Not Applicable,Not Applicable,Not Applicable,Yes,Yes,No,Yes,,Yes,Not Applicable,Not Applicable,Not Applicable,Not Applicable,Not Applicable,Not Applicable,Yes,Yes,3.0,Yes,No,Not Applicable,Yes,Yes,No,No,No,2.0,1754.41,1079.03,253.41,0.925,Mobile App,Firefox,47,Dark,-0.70089,711.0,7.0,24.0,Yes,20.0,Nearing Expiry,Not Applicable,30.0,Yes,Yes,4.0,3.0,0.0,1.0,0.75,Unknown,Unknown,0.0,3.0,Yes,Yes,Yes,Yes,No,No,0.6150386739701665,High,2.0,6.0,Valid Claim
CLM01117,Refrigerator,Side-by-Side,Cooling,Compressor,Aster,120.0,No,Cooling Failure,Internal Component Failure,Not Applicable,Not Applicable,Not Applicable,Household,No,Not Applicable,Not Applicable,Not Applicable,Not Applicable,Not Applicable,No,Yes,Yes,Yes,No,Yes,Not Applicable,Not Applicable,Not Applicable,No,Not Applicable,Not Applicable,Not Applicable,No,0.0,Not Applicable,No,Not Applicable,Yes,Yes,No,No,No,1.0,856.42,602.82,0.0,0.746,Mobile App,MobileWebView,28,Dark,0.03497,3530.0,21.0,120.0,Yes,123.0,Active,Active,30.0,Yes,Yes,4.0,2.0,2.0,0.0,0.5,No,Yes,2.0,2.0,No,Yes,Yes,No,No,Not Applicable,0.7038836085098434,Medium,9.0,5.0,Manual Review
CLM01118,Washing Machine,Front Load,Power,Main Unit,HomePro,24.0,No,Power Failure,Manufacturing Defect,Not Applicable,Not Applicable,Not Applicable,Household,No,Not Applicable,Yes,Not Applicable,Not Applicable,Not Applicable,Yes,Yes,No,Yes,Yes,Yes,Not Applicable,Not Applicable,Not Applicable,Not Applicable,Not Applicable,Not Applicable,Not Applicable,No,0.0,Not Applicable,No,Not Applicable,Yes,Yes,No,No,No,1.0,1208.96,555.96,0.0,0.911,Email,MobileWebView,55,System,-1.01738,664.0,21.0,24.0,Yes,66.0,Active,Not Applicable,30.0,Yes,Yes,3.0,3.0,0.0,0.0,1.0,Yes,No,0.0,3.0,Yes,Yes,Yes,No,No,Yes,0.459866331392271,High,2.0,1.0,Valid Claim
CLM01119,Camera,Action Camera,Camera Body,Camera Body,PrimeView,24.0,No,Battery Problem,Internal Component Failure,No,No,Yes,Not Applicable,Not Applicable,Not Applicable,Not Applicable,Not Applicable,Not Applicable,Not Applicable,Yes,Yes,Yes,Yes,Yes,Yes,Not Applicable,Not Applicable,Not Applicable,Not Applicable,Not Applicable,Not Applicable,Yes,Yes,2.0,Yes,No,Not Applicable,Yes,Yes,No,No,No,0.0,594.83,285.13,470.63,0.819,Mobile App,Firefox,21,System,-0.55238,545.0,16.0,24.0,Yes,186.0,Active,Not Applicable,30.0,Yes,Yes,4.0,4.0,0.0,0.0,1.0,Yes,No,0.0,4.0,Yes,Yes,Yes,Yes,No,No,0.4793470403308508,Medium,10.0,2.0,Valid Claim
CLM01120,Washing Machine,Washer Dryer,Water Leakage,Motor,ZenCore,120.0,No,Water Leakage,Internal Component Failure,Not Applicable,Not Applicable,Not Applicable,Household,No,Not Applicable,Unknown,Not Applicable,Not Applicable,Not Applicable,Yes,Yes,Yes,Yes,,,Not Applicable,Not Applicable,Not Applicable,No,Not Applicable,Not Applicable,Not Applicable,No,0.0,Not Applicable,No,Not Applicable,Yes,Yes,No,No,No,0.0,1421.33,170.11,0.0,0.82,Service Center,Firefox,38,System,0.03842,3500.0,2.0,120.0,Yes,152.0,Active,Active,30.0,Yes,Yes,4.0,1.0,1.0,2.0,0.25,No,Unknown,1.0,1.0,Yes,Yes,Yes,No,No,Unknown,0.1196836765564647,Medium,3.0,2.0,Manual Review
CLM01121,Refrigerator,Side-by-Side,Water Leakage,Main Unit,Aster,24.0,Yes,Water Leakage,Internal Component Failure,Not Applicable,Not Applicable,Not Applicable,Household,Yes,Not Applicable,Not Applicable,Not Applicable,Not Applicable,Not Applicable,Yes,Yes,Yes,Yes,Yes,Yes,Not Applicable,Not Applicable,Not Applicable,Not Applicable,Not Applicable,Not Applicable,Not Applicable,No,0.0,Not Applicable,Yes,Yes,Yes,Yes,No,No,No,2.0,1410.36,542.61,0.0,0.732,Web,MobileWebView,38,Light,0.2681,1070.0,6.0,24.0,Yes,26.0,Nearing Expiry,Not Applicable,30.0,Yes,Yes,3.0,3.0,0.0,0.0,1.0,Yes,No,0.0,3.0,Yes,Yes,Yes,No,Yes,Not Applicable,0.3847315579001106,Medium,12.0,2.0,Valid Claim
CLM01122,Refrigerator,Single Door,Not Sure,Main Unit,ZenCore,24.0,No,Water Leakage,Electrical Failure,Not Applicable,Not Applicable,Not Applicable,Household,No,Not Applicable,Not Applicable,Not Applicable,Not Applicable,Not Applicable,Yes,Yes,Yes,Yes,Yes,No,Not Applicable,Not Applicable,Not Applicable,Not Applicable,Not Applicable,Not Applicable,Yes,Yes,3.0,Yes,No,Not Applicable,Yes,Yes,No,No,Yes,1.0,1866.65,565.77,333.55,0.901,Service Center,MobileWebView,33,System,-0.15883,422.0,11.0,24.0,Yes,309.0,Active,Not Applicable,30.0,Yes,Yes,4.0,3.0,1.0,0.0,0.75,No,No,1.0,3.0,Yes,Yes,Yes,Yes,No,Not Applicable,0.3030937776230145,High,4.0,2.0,Manual Review
CLM01123,Smartphone,Standard Smartphone,Phone,Main Unit,PrimeView,12.0,No,Display Failure,Internal Component Failure,No,No,Not Applicable,Not Applicable,Not Applicable,Not Applicable,Not Applicable,Not Applicable,Not Applicable,Not Applicable,Yes,Yes,Yes,Yes,Yes,Yes,Not Applicable,Not Applicable,Not Applicable,Not Applicable,Not Applicable,Not Applicable,Not Applicable,No,0.0,Not Applicable,No,Not Applicable,Yes,Yes,No,No,No,2.0,1049.37,813.79,0.0,0.885,Web,Chrome,45,System,0.13119,317.0,10.0,12.0,Yes,48.0,Active,Not Applicable,30.0,Yes,Yes,3.0,3.0,0.0,0.0,1.0,Yes,No,0.0,3.0,Yes,Yes,Yes,No,No,No,0.7755033972764611,High,3.0,3.0,Valid Claim
CLM01124,Washing Machine,Washer Dryer,Not Sure,Main Unit,HomePro,24.0,No,Noise,Internal Component Failure,Not Applicable,Not Applicable,Not Applicable,Household,Yes,Not Applicable,No,Not Applicable,Not Applicable,Not Applicable,Yes,Yes,Yes,Yes,Yes,Yes,Not Applicable,Not Applicable,Not Applicable,Not Applicable,Not Applicable,Not Applicable,Not Applicable,No,0.0,Not Applicable,No,Not Applicable,Unknown,Yes,No,No,No,0.0,1825.24,828.14,0.0,0.89,Service Center,MobileWebView,44,Light,1.88499,371.0,7.0,24.0,Yes,359.0,Active,Not Applicable,30.0,Yes,Yes,3.0,3.0,0.0,0.0,1.0,Yes,No,0.0,3.0,Yes,Yes,Unknown,No,No,No,0.4537156757467511,High,7.0,5.0,Manual Review
CLM01125,Television,OLED,Connection,Main Unit,HomePro,24.0,Yes,Connectivity Issue,Internal Component Failure,No,Not Applicable,Not Applicable,Not Applicable,Not Applicable,No,Not Applicable,Not Applicable,Not Applicable,Not Applicable,No,Yes,No,Yes,Yes,Yes,Not Applicable,Not Applicable,Not Applicable,Not Applicable,Not Applicable,Not Applicable,Yes,Yes,3.0,Yes,No,Not Applicable,Yes,Yes,No,No,No,0.0,2612.55,,118.41,0.889,Web,Safari,23,System,0.44369,1023.0,12.0,24.0,Yes,73.0,Active,Not Applicable,30.0,Yes,Yes,4.0,4.0,0.0,0.0,1.0,Yes,No,0.0,4.0,No,Yes,Yes,Yes,No,No,,High,8.0,6.0,Valid Claim
CLM01126,Air Conditioner,Portable,Both,Main Unit,ZenCore,24.0,No,Noise,Manufacturing Defect,Not Applicable,Not Applicable,Not Applicable,Not Applicable,Yes,Not Applicable,Not Applicable,No,Both,Not Applicable,No,Yes,Yes,Yes,Yes,Yes,Yes,Not Applicable,Not Applicable,Not Applicable,Not Applicable,Not Applicable,Not Applicable,No,0.0,Not Applicable,No,Not Applicable,Yes,Yes,No,No,No,1.0,782.44,126.45,0.0,,Web,Safari,4,System,-0.99621,727.0,13.0,24.0,Yes,4.0,Nearing Expiry,Not Applicable,30.0,Yes,Yes,4.0,4.0,0.0,0.0,1.0,Yes,No,0.0,4.0,No,Yes,Yes,No,No,Not Applicable,0.1616098358979602,Unknown,12.0,4.0,Valid Claim
CLM01127,Refrigerator,French Door,Noise,Compressor,ZenCore,120.0,No,Noise,Manufacturing Defect,Not Applicable,Not Applicable,Not Applicable,Household,Yes,Not Applicable,Not Applicable,Not Applicable,Not Applicable,Not Applicable,Yes,Yes,Yes,Yes,Yes,Yes,Not Applicable,Not Applicable,Not Applicable,Yes,Not Applicable,Not Applicable,No,Yes,2.0,Yes,No,Not Applicable,Yes,Yes,No,No,No,1.0,1827.64,502.4,175.1,0.917,Mobile App,Chrome,43,Light,0.04015,3518.0,9.0,120.0,Yes,135.0,Active,Active,30.0,Yes,Yes,5.0,4.0,1.0,0.0,0.8,No,No,1.0,4.0,Yes,Yes,Yes,Yes,No,Not Applicable,0.2748900221050097,High,9.0,3.0,Manual Review
CLM01128,Television,LED,Power,Main Unit,HomePro,24.0,No,Power Failure,Manufacturing Defect,Yes,Not Applicable,Not Applicable,Not Applicable,Not Applicable,Yes,Not Applicable,Not Applicable,Not Applicable,Not Applicable,Yes,Yes,No,Yes,Yes,Yes,Not Applicable,Not Applicable,Not Applicable,Not Applicable,Not Applicable,Not Applicable,Yes,Yes,2.0,Yes,No,Not Applicable,Yes,Yes,No,No,No,1.0,1710.12,716.22,188.19,0.912,Mobile App,Safari,52,Dark,-0.37737,625.0,8.0,24.0,Yes,105.0,Active,Not Applicable,30.0,Yes,Yes,4.0,4.0,0.0,0.0,1.0,Yes,No,0.0,4.0,Yes,Yes,Yes,Yes,No,Yes,0.4188127148972002,High,7.0,3.0,Valid Claim
CLM01129,Laptop,Consumer Laptop,Device,Main Unit,Aster,24.0,No,Display Failure,Manufacturing Defect,No,Unknown,Not Applicable,Not Applicable,Not Applicable,Not Applicable,Not Applicable,Not Applicable,Not Applicable,Not Applicable,Yes,Yes,Yes,No,Yes,No,Not Applicable,Not Applicable,Not Applicable,Not Applicable,Not Applicable,Not Applicable,Not Applicable,No,0.0,Not Applicable,No,Not Applicable,Yes,Yes,No,No,No,1.0,1001.95,93.38,0.0,0.785,Email,Firefox,51,Light,-0.9634,686.0,7.0,24.0,Yes,44.0,Active,Not Applicable,30.0,Yes,Yes,3.0,2.0,1.0,0.0,0.6666666666666666,No,No,1.0,2.0,Yes,Yes,Yes,No,No,Unknown,0.0931982633863965,Medium,1.0,4.0,Manual Review
CLM01130,Television,LED,Not Sure,Main Unit,HomePro,24.0,No,Audio Failure,Electrical Failure,No,Not Applicable,Not Applicable,Not Applicable,Not Applicable,Yes,Not Applicable,Not Applicable,Not Applicable,Not Applicable,Yes,Yes,No,Yes,Yes,No,Not Applicable,Not Applicable,Not Applicable,Not Applicable,Not Applicable,Not Applicable,Not Applicable,No,0.0,Not Applicable,No,Not Applicable,Yes,Yes,No,No,No,0.0,2206.15,1543.05,0.0,0.976,Mobile App,Firefox,0,System,-0.15962,467.0,13.0,24.0,Yes,263.0,Active,Not Applicable,30.0,Yes,Yes,3.0,2.0,1.0,0.0,0.6666666666666666,No,No,1.0,2.0,Yes,Yes,Yes,No,No,No,0.6994311356888697,High,11.0,1.0,Manual Review
CLM01131,Camera,DSLR,Lens,Lens,Aster,24.0,No,Connectivity Issue,Manufacturing Defect,No,No,Not Applicable,Not Applicable,Not Applicable,Not Applicable,Not Applicable,Not Applicable,Not Applicable,Not Applicable,Yes,Yes,Yes,Yes,Yes,Yes,Not Applicable,Not Applicable,Not Applicable,Not Applicable,Yes,Not Applicable,Not Applicable,No,0.0,Not Applicable,No,Not Applicable,Yes,Yes,No,No,No,0.0,713.48,519.72,0.0,0.605,Mobile App,Edge,42,Light,0.38963,623.0,7.0,24.0,Yes,108.0,Active,Active,30.0,Yes,Yes,4.0,4.0,0.0,0.0,1.0,Yes,No,0.0,4.0,Yes,Yes,Yes,No,No,No,0.7284296686662556,Low,4.0,3.0,Manual Review
CLM01132,Camera,Action Camera,Camera Body,Camera Body,PrimeView,24.0,No,Lens Failure,Manufacturing Defect,No,No,Not Applicable,Not Applicable,Not Applicable,Not Applicable,Not Applicable,Not Applicable,Not Applicable,Not Applicable,Yes,No,Yes,Yes,Yes,Yes,Not Applicable,Not Applicable,Not Applicable,Not Applicable,Not Applicable,Not Applicable,,No,0.0,Not Applicable,Yes,Yes,Yes,Yes,No,No,No,0.0,1400.43,1288.15,0.0,0.869,Email,MobileWebView,35,Dark,0.17448,494.0,6.0,24.0,Yes,236.0,Active,Not Applicable,30.0,Yes,Yes,3.0,3.0,0.0,0.0,1.0,Yes,No,0.0,3.0,Yes,Yes,Yes,No,Yes,No,0.9198246252936598,High,11.0,2.0,Valid Claim
CLM01133,Laptop,Consumer Laptop,Device,Main Unit,Aster,24.0,Yes,Battery Problem,Electrical Failure,No,No,Yes,Not Applicable,Not Applicable,Not Applicable,Not Applicable,Not Applicable,Not Applicable,Not Applicable,Yes,Yes,Yes,No,Yes,Yes,Not Applicable,Not Applicable,Not Applicable,Not Applicable,Not Applicable,Not Applicable,Not Applicable,No,0.0,Not Applicable,No,Not Applicable,Yes,Yes,No,No,No,1.0,1887.57,183.69,0.0,0.945,Mobile App,Safari,34,System,3.12367,1042.0,30.0,24.0,Yes,54.0,Active,Not Applicable,30.0,Yes,Yes,3.0,3.0,0.0,0.0,1.0,Yes,No,0.0,3.0,Yes,Yes,Yes,No,No,No,0.0973155962427883,High,5.0,2.0,Valid Claim
CLM01134,Smartphone,Rugged Smartphone,Phone,Main Unit,NovaTech,12.0,No,Connectivity Issue,Internal Component Failure,No,No,Not Applicable,Not Applicable,Not Applicable,Not Applicable,Not Applicable,Not Applicable,Not Applicable,Not Applicable,Yes,Yes,No,Yes,Yes,No,Not Applicable,Not Applicable,Not Applicable,Not Applicable,Not Applicable,Not Applicable,Not Applicable,No,0.0,Not Applicable,No,Not Applicable,Yes,Yes,No,No,No,0.0,1260.74,307.81,0.0,0.872,Web,Firefox,7,Light,-0.49992,148.0,15.0,12.0,Yes,217.0,Active,Not Applicable,30.0,Yes,Yes,3.0,2.0,1.0,0.0,0.6666666666666666,No,No,1.0,2.0,Yes,Yes,Yes,No,No,No,0.2441502609578501,High,6.0,2.0,Manual Review
CLM01135,Washing Machine,Top Load,Water Leakage,Motor,ZenCore,120.0,No,Water Leakage,Manufacturing Defect,Not Applicable,Not Applicable,Not Applicable,Household,Yes,Not Applicable,No,Not Applicable,Not Applicable,Not Applicable,Yes,Yes,No,Yes,Yes,Yes,Not Applicable,Not Applicable,Not Applicable,No,Not Applicable,Not Applicable,Not Applicable,No,0.0,Not Applicable,No,Not Applicable,Yes,Yes,No,No,No,1.0,502.28,201.06,0.0,0.597,Web,Safari,16,Dark,-0.25415,3470.0,7.0,120.0,Yes,182.0,Active,Active,30.0,Yes,Yes,4.0,3.0,1.0,0.0,0.75,No,No,1.0,3.0,Yes,Yes,Yes,No,No,No,0.4002946563669666,Low,7.0,0.0,Manual Review
CLM01136,Air Conditioner,Portable,Both,Main Unit,Aster,24.0,No,Water Leakage,Electrical Failure,Not Applicable,Not Applicable,Not Applicable,Not Applicable,No,Not Applicable,Not Applicable,Yes,Both,Not Applicable,Yes,Yes,Yes,No,Yes,Yes,Yes,Not Applicable,Not Applicable,Not Applicable,Not Applicable,Not Applicable,Not Applicable,No,0.0,Not Applicable,No,Not Applicable,Yes,Yes,No,No,No,1.0,1670.42,1565.67,0.0,0.787,Web,MobileWebView,7,Light,-0.68955,684.0,21.0,24.0,Yes,46.0,Active,Not Applicable,30.0,Yes,Yes,4.0,4.0,0.0,0.0,1.0,Yes,No,0.0,4.0,Yes,Yes,Yes,No,No,Not Applicable,0.9372912201721724,Medium,1.0,5.0,Valid Claim
CLM01137,Laptop,2-in-1,Device,Main Unit,Aster,24.0,No,Battery Problem,Electrical Failure,No,No,Yes,Not Applicable,Not Applicable,Not Applicable,Not Applicable,Not Applicable,Not Applicable,Not Applicable,Yes,Yes,Yes,Yes,No,No,Not Applicable,Not Applicable,Not Applicable,Not Applicable,Not Applicable,Not Applicable,Yes,Yes,1.0,Yes,No,Not Applicable,Yes,Yes,No,No,No,2.0,823.42,209.86,571.45,0.902,Mobile App,Firefox,11,Light,0.10491,403.0,6.0,24.0,Yes,327.0,Active,Not Applicable,30.0,Yes,Yes,4.0,2.0,2.0,0.0,0.5,No,Yes,2.0,2.0,Yes,Yes,Yes,Yes,No,No,0.2548638604843215,High,10.0,0.0,Manual Review
CLM01138,Air Conditioner,Cassette,Both,Main Unit,HomePro,24.0,No,Cooling Failure,Internal Component Failure,Not Applicable,Not Applicable,Not Applicable,Not Applicable,Yes,Not Applicable,Not Applicable,No,Both,Not Applicable,Yes,Yes,No,Yes,Yes,,Yes,Not Applicable,Not Applicable,Not Applicable,Not Applicable,Not Applicable,Not Applicable,No,0.0,Not Applicable,No,Not Applicable,Unknown,Yes,No,No,No,3.0,1773.31,643.72,0.0,0.792,Service Center,Chrome,35,Light,-0.35449,609.0,29.0,24.0,Yes,122.0,Active,Not Applicable,30.0,Yes,Yes,4.0,3.0,0.0,1.0,0.75,Unknown,No,0.0,3.0,Yes,Yes,Unknown,No,No,Not Applicable,0.3630047763786366,Medium,5.0,2.0,Manual Review
CLM01139,Printer,Thermal,Power,Main Unit,NovaTech,12.0,Yes,Power Failure,Manufacturing Defect,Not Applicable,Not Applicable,Not Applicable,Not Applicable,Yes,Not Applicable,No,Not Applicable,Not Applicable,Compatible,Yes,Yes,No,Yes,No,Yes,Not Applicable,Not Applicable,Not Applicable,Not Applicable,Not Applicable,Yes,No,Yes,2.0,Yes,No,Not Applicable,Yes,Yes,No,No,No,0.0,357.71,137.26,72.44,0.859,Mobile App,Firefox,53,Dark,-0.28821,687.0,4.0,12.0,Yes,43.0,Active,Not Applicable,30.0,Yes,Yes,5.0,3.0,2.0,0.0,0.6,No,Yes,2.0,3.0,Yes,Yes,Yes,Yes,No,No,0.3837186547762153,High,9.0,2.0,Manual Review
CLM01140,Refrigerator,Side-by-Side,Water Leakage,Main Unit,ZenCore,24.0,Yes,Water Leakage,Manufacturing Defect,Not Applicable,Not Applicable,Not Applicable,Household,Yes,Not Applicable,Not Applicable,Not Applicable,Not Applicable,Not Applicable,Yes,Yes,No,Yes,No,Yes,Not Applicable,Not Applicable,Not Applicable,Not Applicable,Not Applicable,Not Applicable,Not Applicable,No,0.0,Not Applicable,No,Not Applicable,Yes,Yes,No,No,No,0.0,681.73,341.67,0.0,0.848,Email,Edge,0,Dark,-0.09732,960.0,13.0,24.0,Yes,136.0,Active,Not Applicable,30.0,Yes,Yes,3.0,2.0,1.0,0.0,0.6666666666666666,No,Yes,1.0,2.0,Yes,Yes,Yes,No,No,Not Applicable,0.5011808193859739,Medium,2.0,4.0,Manual Review
CLM01141,Smartphone,Rugged Smartphone,Phone,Main Unit,PrimeView,12.0,No,Battery Problem,Internal Component Failure,No,No,Yes,Not Applicable,Not Applicable,Not Applicable,Not Applicable,Not Applicable,Not Applicable,Not Applicable,Yes,Yes,No,No,Yes,Yes,Not Applicable,Not Applicable,Not Applicable,Not Applicable,Not Applicable,Not Applicable,Yes,Yes,3.0,Yes,No,Not Applicable,Yes,Yes,No,No,No,0.0,1550.22,1234.58,287.15,,Email,Safari,41,Light,-0.42071,356.0,10.0,12.0,Yes,10.0,Nearing Expiry,Not Applicable,30.0,Yes,Yes,4.0,4.0,0.0,0.0,1.0,Yes,No,0.0,4.0,Yes,Yes,Yes,Yes,No,No,0.7963901897795151,Unknown,10.0,0.0,Valid Claim
CLM01142,Washing Machine,Washer Dryer,Washing,Motor,HomePro,120.0,No,Mechanical Failure,Electrical Failure,Not Applicable,Not Applicable,Not Applicable,Household,Unknown,Not Applicable,No,Not Applicable,Not Applicable,Not Applicable,,Yes,No,No,Yes,Yes,Not Applicable,Not Applicable,Not Applicable,Yes,Not Applicable,Not Applicable,Not Applicable,No,0.0,Not Applicable,No,Not Applicable,Yes,Yes,No,No,No,0.0,938.11,524.62,0.0,0.783,Mobile App,Firefox,50,Dark,-0.56996,3335.0,0.0,120.0,Yes,317.0,Active,Active,30.0,Yes,Yes,4.0,4.0,0.0,0.0,1.0,Yes,No,0.0,4.0,,Yes,Yes,No,No,No,0.5592307938301478,Medium,10.0,2.0,Valid Claim
CLM01143,Laptop,Gaming Laptop,Device,Main Unit,Aster,24.0,Yes,Battery Problem,Manufacturing Defect,No,No,Yes,Not Applicable,Not Applicable,Not Applicable,Not Applicable,Not Applicable,Not Applicable,Not Applicable,Yes,Yes,No,,Yes,Yes,Not Applicable,Not Applicable,Not Applicable,Not Applicable,Not Applicable,Not Applicable,Not Applicable,No,0.0,Not Applicable,No,Not Applicable,Unknown,Yes,No,No,No,2.0,1452.15,1313.53,0.0,0.926,Web,MobileWebView,15,Light,0.59753,798.0,11.0,24.0,Yes,298.0,Active,Not Applicable,30.0,Yes,Yes,3.0,3.0,0.0,0.0,1.0,Yes,No,0.0,3.0,Yes,Yes,Unknown,No,No,No,0.904541541851737,High,2.0,3.0,Manual Review
CLM01144,Smartphone,Rugged Smartphone,Phone,Main Unit,NovaTech,12.0,Yes,Display Failure,Manufacturing Defect,No,No,Not Applicable,Not Applicable,Not Applicable,Not Applicable,Not Applicable,Not Applicable,Not Applicable,Not Applicable,Yes,Yes,No,Yes,Yes,No,Not Applicable,Not Applicable,Not Applicable,Not Applicable,Not Applicable,Not Applicable,Not Applicable,No,0.0,Not Applicable,No,Not Applicable,Yes,Yes,No,No,No,1.0,1239.46,648.69,0.0,0.835,Web,Chrome,50,Light,0.95658,455.0,16.0,12.0,Yes,275.0,Active,Not Applicable,30.0,Yes,Yes,3.0,2.0,1.0,0.0,0.6666666666666666,No,No,1.0,2.0,Yes,Yes,Yes,No,No,No,0.5233650137963307,Medium,1.0,0.0,Manual Review
CLM01145,Laptop,Consumer Laptop,Device,Main Unit,ZenCore,24.0,No,Connectivity Issue,Manufacturing Defect,No,No,Not Applicable,Not Applicable,Not Applicable,Not Applicable,Not Applicable,Not Applicable,Not Applicable,Not Applicable,Yes,Yes,No,Yes,Yes,Yes,Not Applicable,Not Applicable,Not Applicable,Not Applicable,Not Applicable,Not Applicable,Not Applicable,No,0.0,Not Applicable,No,Not Applicable,Yes,Yes,No,No,No,1.0,828.64,220.61,0.0,0.772,Mobile App,Edge,33,Dark,0.98067,730.0,5.0,24.0,Yes,1.0,Nearing Expiry,Not Applicable,30.0,Yes,Yes,3.0,3.0,0.0,0.0,1.0,Yes,No,0.0,3.0,Yes,Yes,Yes,No,No,No,0.266231415331145,Medium,5.0,0.0,Valid Claim
CLM01146,Smartphone,Standard Smartphone,Phone,Main Unit,PrimeView,12.0,No,Overheating,Internal Component Failure,No,No,Not Applicable,Not Applicable,Not Applicable,Not Applicable,Not Applicable,Not Applicable,Not Applicable,Not Applicable,Yes,No,Yes,Yes,Yes,Yes,Not Applicable,Not Applicable,Not Applicable,Not Applicable,Not Applicable,Not Applicable,Not Applicable,No,0.0,Not Applicable,No,Not Applicable,Unknown,Yes,No,No,No,3.0,250.01,95.22,,0.724,Mobile App,Firefox,21,Light,1.69759,235.0,23.0,12.0,Yes,130.0,Active,Not Applicable,30.0,Yes,Yes,3.0,3.0,0.0,0.0,1.0,Yes,No,0.0,3.0,Yes,Yes,Unknown,No,No,No,0.3808647654093836,Medium,5.0,0.0,Manual Review
CLM01147,Smartphone,Standard Smartphone,Battery,Battery,PrimeView,12.0,No,Overheating,Internal Component Failure,No,No,Unknown,Not Applicable,Not Applicable,Not Applicable,Not Applicable,Not Applicable,Not Applicable,Not Applicable,Yes,Yes,Yes,Yes,Yes,Yes,Not Applicable,Yes,Not Applicable,Not Applicable,Not Applicable,Not Applicable,Not Applicable,No,0.0,Not Applicable,No,Not Applicable,Yes,Yes,No,No,No,0.0,1247.96,1082.6,0.0,0.784,Email,Firefox,26,Dark,-0.41011,190.0,7.0,12.0,Yes,176.0,Active,Active,30.0,Yes,Yes,4.0,4.0,0.0,0.0,1.0,Yes,No,0.0,4.0,Yes,Yes,Yes,No,No,No,0.8674957530690085,Medium,7.0,1.0,Valid Claim
CLM01148,Washing Machine,Front Load,Other,Main Unit,PrimeView,24.0,No,Mechanical Failure,Electrical Failure,Not Applicable,Not Applicable,Not Applicable,Household,No,Not Applicable,No,Not Applicable,Not Applicable,Not Applicable,Yes,Yes,Yes,Yes,Yes,Yes,Not Applicable,Not Applicable,Not Applicable,Not Applicable,Not Applicable,Not Applicable,,Yes,1.0,Yes,No,Not Applicable,Yes,Yes,No,No,No,0.0,980.99,184.25,259.84,0.91,Mobile App,Edge,13,Light,0.50297,370.0,17.0,24.0,Yes,360.0,Active,Not Applicable,30.0,Yes,Yes,4.0,3.0,0.0,1.0,0.75,Unknown,No,0.0,3.0,Yes,Yes,Yes,Yes,No,No,0.1878204670791751,High,8.0,0.0,Manual Review
CLM01149,Refrigerator,French Door,Power,Main Unit,HomePro,24.0,No,Power Failure,Internal Component Failure,Not Applicable,Not Applicable,Not Applicable,Household,No,Not Applicable,Not Applicable,Not Applicable,Not Applicable,Not Applicable,No,,No,Yes,Yes,Yes,Not Applicable,Not Applicable,Not Applicable,Not Applicable,Not Applicable,Not Applicable,No,Yes,2.0,Yes,Yes,Yes,Unknown,Yes,No,Yes,No,0.0,553.52,346.3,233.39,0.917,Web,MobileWebView,1,Dark,-1.15684,512.0,17.0,24.0,Yes,219.0,Active,Not Applicable,30.0,Yes,Yes,4.0,2.0,1.0,1.0,0.5,No,Unknown,1.0,2.0,No,Unknown,Unknown,Yes,Yes,Not Applicable,0.6256323168087874,High,7.0,2.0,Manual Review
CLM01150,Camera,Compact,Camera Body,Camera Body,Aster,24.0,No,Power Failure,Electrical Failure,No,No,Not Applicable,Not Applicable,Not Applicable,Not Applicable,Not Applicable,Not Applicable,Not Applicable,Not Applicable,Yes,Yes,Yes,Yes,Yes,Yes,Not Applicable,Not Applicable,Not Applicable,Not Applicable,Not Applicable,Not Applicable,Not Applicable,No,0.0,Not Applicable,No,Not Applicable,Yes,Yes,No,No,No,4.0,1692.76,597.89,0.0,0.848,Web,Firefox,12,Light,-3.7297,386.0,27.0,24.0,Yes,344.0,Active,Not Applicable,30.0,Yes,Yes,3.0,3.0,0.0,0.0,1.0,Yes,No,0.0,3.0,Yes,Yes,Yes,No,No,No,0.353204234504596,Medium,8.0,2.0,Valid Claim
CLM01151,Television,LED,Connection,Main Unit,HomePro,24.0,No,Connectivity Issue,Electrical Failure,No,Not Applicable,Not Applicable,Not Applicable,Not Applicable,No,Not Applicable,Not Applicable,Not Applicable,Not Applicable,Yes,Yes,No,Yes,Yes,Yes,Not Applicable,Not Applicable,Not Applicable,Not Applicable,Not Applicable,Not Applicable,Not Applicable,No,0.0,Not Applicable,No,Not Applicable,Yes,Yes,No,No,No,0.0,2209.38,912.11,0.0,0.963,Service Center,MobileWebView,58,Dark,-1.74993,442.0,24.0,24.0,Yes,288.0,Active,Not Applicable,30.0,Yes,Yes,3.0,3.0,0.0,0.0,1.0,Yes,No,0.0,3.0,Yes,Yes,Yes,No,No,No,0.4128352750545401,High,10.0,1.0,Valid Claim
CLM01152,Washing Machine,Washer Dryer,Noise,Main Unit,PrimeView,24.0,No,Noise,Internal Component Failure,Not Applicable,Not Applicable,Not Applicable,Household,No,Not Applicable,No,Not Applicable,Not Applicable,Not Applicable,Yes,Yes,Yes,Yes,,Yes,Not Applicable,Not Applicable,Not Applicable,Not Applicable,Not Applicable,Not Applicable,Not Applicable,No,0.0,Not Applicable,No,Not Applicable,Yes,Yes,No,No,No,1.0,1516.02,552.73,0.0,0.978,Web,Firefox,42,Dark,0.03241,675.0,14.0,24.0,Yes,56.0,Active,Not Applicable,30.0,Yes,Yes,3.0,2.0,0.0,1.0,0.6666666666666666,Unknown,Unknown,0.0,2.0,Yes,Yes,Yes,No,No,No,0.3645928153982137,High,9.0,5.0,Valid Claim
CLM01153,Smartphone,Foldable Smartphone,Phone,Main Unit,NovaTech,12.0,No,Display Failure,Manufacturing Defect,No,No,Not Applicable,Not Applicable,Not Applicable,Not Applicable,Not Applicable,Not Applicable,Not Applicable,Not Applicable,No,Yes,No,Yes,Yes,Yes,Not Applicable,Not Applicable,Not Applicable,Not Applicable,Not Applicable,Not Applicable,Not Applicable,No,0.0,Not Applicable,No,Not Applicable,Yes,Yes,No,No,No,0.0,1311.92,477.51,0.0,0.789,Web,Edge,7,Dark,0.26763,353.0,23.0,12.0,Yes,12.0,Nearing Expiry,Not Applicable,30.0,Yes,Yes,3.0,3.0,0.0,0.0,1.0,Yes,No,0.0,3.0,No,Yes,Yes,No,No,No,0.3639779864625891,Medium,6.0,6.0,Valid Claim
CLM01154,Television,OLED,Sound,Main Unit,HomePro,24.0,Yes,Audio Failure,Manufacturing Defect,No,Not Applicable,Not Applicable,Not Applicable,Not Applicable,Yes,Not Applicable,Not Applicable,Not Applicable,Not Applicable,Yes,Yes,Yes,Yes,,Yes,Not Applicable,Not Applicable,Not Applicable,Not Applicable,Not Applicable,Not Applicable,Not Applicable,No,0.0,Not Applicable,No,Not Applicable,Yes,Yes,No,No,No,1.0,2949.54,2158.95,0.0,0.887,Service Center,MobileWebView,23,Light,-1.10341,749.0,12.0,24.0,Yes,347.0,Active,Not Applicable,30.0,Yes,Yes,3.0,2.0,0.0,1.0,0.6666666666666666,Unknown,Unknown,0.0,2.0,Yes,Yes,Yes,No,No,No,0.7319615940112695,High,3.0,3.0,Valid Claim
CLM01155,Laptop,Business Laptop,Device,Main Unit,NovaTech,24.0,No,Connectivity Issue,Internal Component Failure,No,Unknown,Not Applicable,Not Applicable,Not Applicable,Not Applicable,Not Applicable,Not Applicable,Not Applicable,Not Applicable,Yes,Yes,No,Yes,Yes,Yes,Not Applicable,Not Applicable,Not Applicable,Not Applicable,Not Applicable,Not Applicable,,No,0.0,Not Applicable,No,Not Applicable,Yes,Yes,No,No,No,0.0,1396.91,320.39,0.0,0.731,Email,Chrome,7,Light,0.72351,685.0,22.0,24.0,Yes,46.0,Active,Not Applicable,30.0,Yes,Yes,3.0,3.0,0.0,0.0,1.0,Yes,No,0.0,3.0,Yes,Yes,Yes,No,No,Unknown,0.2293562219470116,Medium,12.0,5.0,Valid Claim
CLM01156,Washing Machine,Top Load,Power,Main Unit,ZenCore,24.0,Yes,Power Failure,Manufacturing Defect,Not Applicable,Not Applicable,Not Applicable,Household,Yes,Not Applicable,No,Not Applicable,Not Applicable,Not Applicable,Yes,Yes,No,Yes,Yes,Yes,Not Applicable,Not Applicable,Not Applicable,Not Applicable,Not Applicable,Not Applicable,Yes,Yes,3.0,Yes,No,Not Applicable,Yes,Yes,No,No,No,0.0,2148.88,1268.71,83.38,0.6,Web,Firefox,52,Light,0.79528,809.0,19.0,24.0,Yes,287.0,Active,Not Applicable,30.0,Yes,Yes,4.0,4.0,0.0,0.0,1.0,Yes,No,0.0,4.0,Yes,Yes,Yes,Yes,No,No,0.5904052343546405,Low,6.0,2.0,Manual Review
CLM01157,Air Conditioner,Window,Both,Compressor,Aster,60.0,No,Water Leakage,Electrical Failure,Not Applicable,Not Applicable,Not Applicable,Not Applicable,Yes,Not Applicable,Not Applicable,No,Both,Not Applicable,Yes,Yes,No,Yes,Yes,Yes,Yes,Not Applicable,Not Applicable,Yes,Not Applicable,Not Applicable,Not Applicable,No,0.0,Not Applicable,No,Not Applicable,Yes,Yes,No,No,No,0.0,2474.0,883.36,0.0,0.863,Service Center,Firefox,57,Light,0.78161,1808.0,19.0,60.0,Yes,19.0,Nearing Expiry,Nearing Expiry,30.0,Yes,Yes,5.0,5.0,0.0,0.0,1.0,Yes,No,0.0,5.0,Yes,Yes,Yes,No,No,Not Applicable,0.3570573969280517,High,6.0,3.0,Valid Claim
CLM01158,Smartphone,Foldable Smartphone,Battery,Battery,NovaTech,12.0,No,Power Failure,Manufacturing Defect,Unknown,No,Yes,Not Applicable,Not Applicable,Not Applicable,Not Applicable,Not Applicable,Not Applicable,Not Applicable,Yes,Yes,Yes,Yes,Yes,Yes,Not Applicable,Yes,Not Applicable,Not Applicable,Not Applicable,Not Applicable,Yes,Yes,1.0,Yes,No,Not Applicable,Yes,Yes,No,No,No,0.0,1758.07,688.38,508.28,0.825,Email,Safari,12,System,-1.52365,277.0,6.0,12.0,Yes,89.0,Active,Active,30.0,Yes,Yes,5.0,5.0,0.0,0.0,1.0,Yes,No,0.0,5.0,Yes,Yes,Yes,Yes,No,Unknown,0.3915543749680047,Medium,2.0,6.0,Valid Claim
CLM01159,Laptop,Business Laptop,Device,Main Unit,Aster,24.0,No,Power Failure,Manufacturing Defect,No,No,Not Applicable,Not Applicable,Not Applicable,Not Applicable,Not Applicable,Not Applicable,Not Applicable,Not Applicable,Yes,Yes,No,Yes,Yes,Yes,Not Applicable,Not Applicable,Not Applicable,Not Applicable,Not Applicable,Not Applicable,Not Applicable,No,0.0,Not Applicable,No,Not Applicable,Yes,Yes,No,No,No,0.0,1394.58,1167.23,,0.987,Service Center,Firefox,13,System,0.04857,449.0,2.0,24.0,Yes,281.0,Active,Not Applicable,30.0,Yes,Yes,3.0,3.0,0.0,0.0,1.0,Yes,No,0.0,3.0,Yes,Yes,Yes,No,No,No,0.8369760071132528,High,5.0,3.0,Valid Claim
CLM01160,Television,LED,Connection,Display Panel,PrimeView,24.0,No,Connectivity Issue,Internal Component Failure,Yes,Not Applicable,Not Applicable,Not Applicable,Not Applicable,No,Not Applicable,Not Applicable,Not Applicable,Not Applicable,Yes,Yes,No,Yes,Yes,Yes,Not Applicable,Not Applicable,Yes,Not Applicable,Not Applicable,Not Applicable,Not Applicable,No,0.0,Not Applicable,No,Not Applicable,Yes,Yes,No,No,No,0.0,1589.74,479.19,0.0,0.865,Web,Edge,50,Dark,1.12304,577.0,14.0,24.0,Yes,153.0,Active,Active,30.0,Yes,Yes,4.0,4.0,0.0,0.0,1.0,Yes,No,0.0,4.0,Yes,Yes,Yes,No,No,Yes,0.3014266483827544,High,1.0,6.0,Valid Claim
CLM01161,Camera,Action Camera,Lens,Lens,Aster,24.0,No,Connectivity Issue,Internal Component Failure,No,No,Not Applicable,Not Applicable,Not Applicable,Not Applicable,Not Applicable,Not Applicable,Not Applicable,Not Applicable,Yes,Yes,Yes,Yes,Yes,Yes,Not Applicable,Not Applicable,Not Applicable,Not Applicable,Yes,Not Applicable,Not Applicable,No,0.0,Not Applicable,No,Not Applicable,Yes,No,No,No,No,1.0,502.76,265.55,0.0,0.802,Service Center,Firefox,53,Dark,-0.38041,711.0,13.0,24.0,Yes,20.0,Nearing Expiry,Nearing Expiry,30.0,Yes,Yes,4.0,4.0,0.0,0.0,1.0,Yes,No,0.0,4.0,Yes,Yes,Yes,No,No,No,0.5281844219906119,Medium,8.0,6.0,Manual Review
CLM01162,Air Conditioner,Portable,Indoor Unit,Main Unit,HomePro,24.0,No,Water Leakage,Manufacturing Defect,Not Applicable,Not Applicable,Not Applicable,Not Applicable,No,Not Applicable,Not Applicable,No,Indoor Unit,Not Applicable,No,Yes,Yes,No,Yes,No,Yes,Not Applicable,Not Applicable,Not Applicable,Not Applicable,Not Applicable,Not Applicable,No,0.0,Not Applicable,No,Not Applicable,Yes,Yes,No,No,No,2.0,1904.81,765.04,0.0,0.828,Service Center,Safari,14,Dark,0.67734,559.0,7.0,24.0,Yes,171.0,Active,Not Applicable,30.0,Yes,Yes,4.0,3.0,1.0,0.0,0.75,No,No,1.0,3.0,No,Yes,Yes,No,No,Not Applicable,0.4016358586945679,Medium,7.0,2.0,Manual Review
CLM01163,Washing Machine,Washer Dryer,Noise,Main Unit,PrimeView,24.0,No,Noise,Electrical Failure,Not Applicable,Not Applicable,Not Applicable,Household,No,Not Applicable,No,Not Applicable,Not Applicable,Not Applicable,Yes,,Yes,Yes,Yes,Yes,Not Applicable,Not Applicable,Not Applicable,Not Applicable,Not Applicable,Not Applicable,Yes,Yes,2.0,Yes,No,Not Applicable,Yes,Yes,No,No,No,1.0,1195.43,298.84,441.35,,Web,Firefox,30,Dark,0.67934,479.0,9.0,24.0,Yes,252.0,Active,Not Applicable,30.0,Yes,Yes,4.0,4.0,0.0,0.0,1.0,Yes,No,0.0,4.0,Yes,Yes,Yes,Yes,No,No,0.2499853609161556,Unknown,2.0,4.0,Valid Claim
CLM01164,Refrigerator,Single Door,Power,Main Unit,ZenCore,24.0,No,Power Failure,Manufacturing Defect,Not Applicable,Not Applicable,Not Applicable,Household,Unknown,Not Applicable,Not Applicable,Not Applicable,Not Applicable,Not Applicable,Yes,Yes,Yes,Yes,No,Yes,Not Applicable,Not Applicable,Not Applicable,Not Applicable,Not Applicable,Not Applicable,Not Applicable,No,0.0,Not Applicable,No,Not Applicable,Yes,Yes,No,No,No,0.0,2788.34,1304.11,0.0,0.957,Mobile App,Edge,46,Light,-1.49234,698.0,9.0,24.0,Yes,33.0,Active,Not Applicable,30.0,Yes,Yes,3.0,2.0,1.0,0.0,0.6666666666666666,No,Yes,1.0,2.0,Yes,Yes,Yes,No,No,Not Applicable,0.4677012129080384,High,3.0,5.0,Manual Review
CLM01165,Refrigerator,French Door,Power,Main Unit,ZenCore,24.0,No,Power Failure,Manufacturing Defect,Not Applicable,Not Applicable,Not Applicable,Business,No,Not Applicable,Not Applicable,Not Applicable,Not Applicable,Not Applicable,Yes,Yes,Yes,Yes,No,No,Not Applicable,Not Applicable,Not Applicable,Not Applicable,Not Applicable,Not Applicable,Not Applicable,No,0.0,Not Applicable,No,Not Applicable,Yes,Yes,No,No,No,0.0,2356.32,2117.07,0.0,0.494,Web,MobileWebView,4,Dark,1.10849,477.0,10.0,24.0,Yes,253.0,Active,Not Applicable,30.0,Yes,Yes,3.0,1.0,2.0,0.0,0.3333333333333333,No,Yes,2.0,1.0,Yes,Yes,Yes,No,No,Not Applicable,0.8984645548991648,Low,6.0,3.0,Manual Review
CLM01166,Printer,Laser,Connection,Main Unit,HomePro,12.0,No,Connectivity Issue,Internal Component Failure,Not Applicable,Not Applicable,Not Applicable,Not Applicable,Unknown,Not Applicable,No,Not Applicable,Not Applicable,Original,,Yes,Yes,Yes,Yes,Yes,Not Applicable,Not Applicable,Not Applicable,Not Applicable,Not Applicable,Yes,Not Applicable,No,0.0,Not Applicable,No,Not Applicable,Yes,Yes,No,Yes,No,1.0,827.5,452.56,0.0,0.866,Mobile App,Edge,33,Dark,0.96741,353.0,20.0,12.0,Yes,13.0,Nearing Expiry,Not Applicable,30.0,Yes,Yes,4.0,4.0,0.0,0.0,1.0,Yes,No,0.0,4.0,,Yes,Yes,No,No,No,0.5469003021148037,High,11.0,5.0,Valid Claim
CLM01167,Smartphone,Rugged Smartphone,Phone,Main Unit,NovaTech,12.0,No,Display Failure,Manufacturing Defect,No,No,Not Applicable,Not Applicable,Not Applicable,Not Applicable,Not Applicable,Not Applicable,Not Applicable,Not Applicable,Yes,Yes,No,Yes,Yes,Yes,Not Applicable,Not Applicable,Not Applicable,Not Applicable,Not Applicable,Not Applicable,Not Applicable,No,0.0,Not Applicable,No,Not Applicable,Yes,No,No,No,No,0.0,1345.82,587.97,0.0,0.75,Service Center,Edge,9,System,0.07118,352.0,25.0,12.0,Yes,14.0,Nearing Expiry,Not Applicable,30.0,Yes,Yes,3.0,3.0,0.0,0.0,1.0,Yes,No,0.0,3.0,Yes,Yes,Yes,No,No,No,0.4368860620290975,Medium,11.0,5.0,Manual Review
CLM01168,Air Conditioner,Window,Not Sure,Compressor,HomePro,60.0,No,Noise,Internal Component Failure,Not Applicable,Not Applicable,Not Applicable,Not Applicable,Yes,Not Applicable,Not Applicable,No,Not Sure,Not Applicable,Yes,Yes,No,Yes,Yes,Yes,Yes,Not Applicable,Not Applicable,Yes,Not Applicable,Not Applicable,Not Applicable,No,0.0,Not Applicable,No,Not Applicable,Yes,Yes,No,No,No,1.0,1283.48,498.11,,0.757,Email,Edge,49,System,-0.65617,1768.0,12.0,60.0,Yes,58.0,Active,Active,30.0,Yes,Yes,5.0,5.0,0.0,0.0,1.0,Yes,No,0.0,5.0,Yes,Yes,Yes,No,No,Not Applicable,0.3880933088166547,Medium,12.0,0.0,Valid Claim
CLM01169,Camera,Mirrorless,Camera Body,Camera Body,PrimeView,24.0,No,Lens Failure,Manufacturing Defect,No,Yes,Not Applicable,Not Applicable,Not Applicable,Not Applicable,Not Applicable,Not Applicable,Not Applicable,Not Applicable,Yes,Yes,No,Yes,Yes,Yes,Not Applicable,Not Applicable,Not Applicable,Not Applicable,Not Applicable,Not Applicable,No,Yes,2.0,Yes,No,Not Applicable,Yes,Yes,No,No,No,0.0,3036.93,2502.7,605.97,0.74,Service Center,Edge,48,Light,-0.60155,404.0,4.0,24.0,Yes,326.0,Active,Not Applicable,30.0,Yes,Yes,4.0,3.0,1.0,0.0,0.75,No,No,1.0,3.0,Yes,Yes,Yes,Yes,No,Yes,0.8240888002028364,Medium,6.0,3.0,Manual Review
CLM01170,Laptop,Gaming Laptop,Device,Main Unit,NovaTech,24.0,Yes,Overheating,Internal Component Failure,No,No,Not Applicable,Not Applicable,Not Applicable,Not Applicable,Not Applicable,Not Applicable,Not Applicable,Not Applicable,Yes,Yes,Yes,Yes,Yes,No,Not Applicable,Not Applicable,Not Applicable,Not Applicable,Not Applicable,Not Applicable,,No,0.0,Not Applicable,No,Not Applicable,Yes,Yes,No,No,No,1.0,2467.0,1070.05,0.0,0.72,Service Center,MobileWebView,11,Light,-2.08517,870.0,29.0,24.0,Yes,226.0,Active,Not Applicable,30.0,Yes,Yes,3.0,2.0,1.0,0.0,0.6666666666666666,No,No,1.0,2.0,Yes,Yes,Yes,No,No,No,0.4337454398054317,Medium,3.0,1.0,Manual Review
CLM01171,Air Conditioner,Cassette,Indoor Unit,Main Unit,ZenCore,24.0,No,Cooling Failure,Internal Component Failure,Not Applicable,Not Applicable,Not Applicable,Not Applicable,No,Not Applicable,Not Applicable,No,Indoor Unit,Not Applicable,Yes,Yes,Yes,Yes,Yes,Yes,No,Not Applicable,Not Applicable,Not Applicable,Not Applicable,Not Applicable,Not Applicable,No,0.0,Not Applicable,No,Not Applicable,Yes,Yes,No,No,No,2.0,2651.6,692.19,0.0,0.481,Web,Safari,37,Dark,-1.52962,678.0,5.0,24.0,Yes,53.0,Active,Not Applicable,30.0,Yes,Yes,4.0,3.0,1.0,0.0,0.75,No,Yes,1.0,3.0,Yes,Yes,Yes,No,No,Not Applicable,0.2610461608085684,Low,1.0,3.0,Manual Review
CLM01172,Washing Machine,Washer Dryer,Water Leakage,Main Unit,ZenCore,24.0,No,Water Leakage,Manufacturing Defect,Not Applicable,Not Applicable,Not Applicable,Household,No,Not Applicable,Yes,Not Applicable,Not Applicable,Not Applicable,Yes,,No,Yes,,No,Not Applicable,Not Applicable,Not Applicable,Not Applicable,Not Applicable,Not Applicable,No,Yes,1.0,Unknown,No,Not Applicable,Yes,Yes,No,No,No,0.0,1134.29,991.64,262.82,0.8,Service Center,Chrome,49,Dark,-1.62274,626.0,26.0,24.0,Yes,105.0,Active,Not Applicable,30.0,Yes,Yes,4.0,1.0,2.0,1.0,0.25,No,Unknown,2.0,1.0,Yes,Yes,Yes,Yes,No,Yes,0.8742385104338397,Medium,3.0,2.0,Manual Review
CLM01173,Smartphone,Foldable Smartphone,Phone,Main Unit,PrimeView,12.0,No,Overheating,Manufacturing Defect,Unknown,No,Not Applicable,Not Applicable,Not Applicable,Not Applicable,Not Applicable,Not Applicable,Not Applicable,Not Applicable,Yes,Yes,Yes,Yes,Yes,Yes,Not Applicable,Not Applicable,Not Applicable,Not Applicable,Not Applicable,Not Applicable,Not Applicable,No,0.0,Not Applicable,No,Not Applicable,Unknown,Yes,No,No,No,0.0,1515.63,690.18,0.0,0.908,Email,Edge,22,Light,0.48583,151.0,14.0,12.0,Yes,214.0,Active,Not Applicable,30.0,Yes,Yes,3.0,3.0,0.0,0.0,1.0,Yes,No,0.0,3.0,Yes,Yes,Unknown,No,No,Unknown,0.455374992577344,High,6.0,4.0,Manual Review
CLM01174,Refrigerator,Double Door,Cooling,Main Unit,ZenCore,24.0,No,Cooling Failure,Electrical Failure,Not Applicable,Not Applicable,Not Applicable,Household,Yes,Not Applicable,Not Applicable,Not Applicable,Not Applicable,Not Applicable,Yes,Yes,No,Yes,Yes,No,Not Applicable,Not Applicable,Not Applicable,Not Applicable,Not Applicable,Not Applicable,Not Applicable,No,0.0,Not Applicable,No,Not Applicable,Yes,Yes,No,No,No,0.0,712.56,476.87,0.0,0.734,Web,Chrome,3,System,-0.59217,620.0,646.0,24.0,Yes,111.0,Active,Not Applicable,30.0,No,Yes,3.0,2.0,1.0,0.0,0.6666666666666666,No,No,1.0,2.0,Yes,Yes,Yes,No,No,Not Applicable,0.6692348714494218,Medium,10.0,6.0,Manual Review
CLM01175,Air Conditioner,Window,Both,Main Unit,ZenCore,24.0,No,Power Failure,Internal Component Failure,Not Applicable,Not Applicable,Not Applicable,Not Applicable,Yes,Not Applicable,Not Applicable,No,Both,Not Applicable,Yes,,Yes,Yes,Yes,,Yes,Not Applicable,Not Applicable,Not Applicable,Not Applicable,Not Applicable,Not Applicable,No,0.0,Not Applicable,No,Not Applicable,Yes,Yes,No,Yes,No,0.0,738.21,557.39,0.0,,Mobile App,Chrome,20,Dark,-0.4535,495.0,20.0,24.0,Yes,235.0,Active,Not Applicable,30.0,Yes,Yes,4.0,3.0,0.0,1.0,0.75,Unknown,No,0.0,3.0,Yes,Yes,Yes,No,No,Not Applicable,0.7550561493342003,Unknown,5.0,1.0,Valid Claim
CLM01176,Printer,Thermal,Printing,Main Unit,PrimeView,12.0,No,Mechanical Failure,Electrical Failure,Not Applicable,Not Applicable,Not Applicable,Not Applicable,No,Not Applicable,Yes,Not Applicable,Not Applicable,Unknown,Yes,Yes,No,No,Yes,Yes,Not Applicable,Not Applicable,Not Applicable,Not Applicable,Not Applicable,No,Yes,Yes,3.0,Yes,No,Not Applicable,Yes,Yes,No,No,No,0.0,1012.7,810.81,70.47,0.919,Service Center,MobileWebView,15,Light,-2.39191,203.0,23.0,12.0,Yes,162.0,Active,Not Applicable,30.0,Yes,Yes,5.0,4.0,1.0,0.0,0.8,No,No,1.0,4.0,Yes,Yes,Yes,Yes,No,Yes,0.8006418485237483,High,10.0,5.0,Manual Review
CLM01177,Refrigerator,Double Door,Water Leakage,Main Unit,ZenCore,24.0,No,Water Leakage,Manufacturing Defect,Not Applicable,Not Applicable,Not Applicable,Household,Unknown,Not Applicable,Not Applicable,Not Applicable,Not Applicable,Not Applicable,Yes,No,Yes,No,Yes,Yes,Not Applicable,Not Applicable,Not Applicable,Not Applicable,Not Applicable,Not Applicable,Not Applicable,No,0.0,Not Applicable,Yes,No,Yes,Yes,No,No,No,2.0,700.22,82.06,0.0,0.832,Web,Chrome,37,Light,-0.45351,603.0,22.0,24.0,Yes,127.0,Active,Not Applicable,30.0,Yes,Yes,3.0,3.0,0.0,0.0,1.0,Yes,No,0.0,3.0,Yes,Yes,Yes,No,Yes,Not Applicable,0.1171917397389391,Medium,8.0,0.0,Valid Claim
CLM01178,Refrigerator,Double Door,Noise,Main Unit,Aster,24.0,No,Noise,Internal Component Failure,Not Applicable,Not Applicable,Not Applicable,Household,No,Not Applicable,Not Applicable,Not Applicable,Not Applicable,Not Applicable,Yes,No,Yes,Yes,Yes,,Not Applicable,Not Applicable,Not Applicable,Not Applicable,Not Applicable,Not Applicable,Not Applicable,No,0.0,Not Applicable,No,Not Applicable,Yes,No,No,No,No,0.0,2781.81,634.06,0.0,0.775,Service Center,Firefox,44,System,0.11301,632.0,26.0,24.0,Yes,99.0,Active,Not Applicable,30.0,Yes,Yes,3.0,2.0,0.0,1.0,0.6666666666666666,Unknown,No,0.0,2.0,Yes,Yes,Yes,No,No,Not Applicable,0.227930735743994,Medium,2.0,5.0,Manual Review
CLM01179,Refrigerator,French Door,Noise,Main Unit,ZenCore,24.0,No,Noise,Internal Component Failure,Not Applicable,Not Applicable,Not Applicable,Business,Yes,Not Applicable,Not Applicable,Not Applicable,Not Applicable,Not Applicable,Yes,Yes,No,Yes,Yes,Yes,Not Applicable,Not Applicable,Not Applicable,Not Applicable,Not Applicable,Not Applicable,Not Applicable,No,0.0,Not Applicable,No,Not Applicable,Yes,Yes,No,No,No,1.0,2429.33,1817.79,0.0,0.858,Email,MobileWebView,35,Light,-1.03004,515.0,25.0,24.0,Yes,216.0,Active,Not Applicable,30.0,Yes,Yes,3.0,3.0,0.0,0.0,1.0,Yes,No,0.0,3.0,Yes,Yes,Yes,No,No,Not Applicable,0.7482680409824931,High,5.0,3.0,Valid Claim
CLM01180,Smartphone,Rugged Smartphone,Phone,Main Unit,NovaTech,12.0,No,Power Failure,Electrical Failure,No,No,Not Applicable,Not Applicable,Not Applicable,Not Applicable,Not Applicable,Not Applicable,Not Applicable,Not Applicable,Yes,Yes,No,Yes,Yes,Yes,Not Applicable,Not Applicable,Not Applicable,Not Applicable,Not Applicable,Not Applicable,Not Applicable,No,0.0,Not Applicable,No,Not Applicable,Yes,Yes,No,No,No,1.0,611.81,64.63,0.0,0.942,Web,Firefox,46,Dark,0.24096,132.0,16.0,12.0,Yes,234.0,Active,Not Applicable,30.0,Yes,Yes,3.0,3.0,0.0,0.0,1.0,Yes,No,0.0,3.0,Yes,Yes,Yes,No,No,No,0.1056373710792566,High,6.0,2.0,Valid Claim
CLM01181,Air Conditioner,Cassette,Outdoor Unit,Main Unit,ZenCore,24.0,No,Noise,Electrical Failure,Not Applicable,Not Applicable,Not Applicable,Not Applicable,No,Not Applicable,Not Applicable,No,Outdoor Unit,Not Applicable,,Yes,Yes,Yes,Yes,Yes,Yes,Not Applicable,Not Applicable,Not Applicable,Not Applicable,Not Applicable,,No,0.0,Not Applicable,No,Not Applicable,Yes,Yes,No,No,No,0.0,1345.68,1002.3,0.0,0.741,Web,Edge,24,Dark,-0.89156,529.0,1.0,24.0,Yes,202.0,Active,Not Applicable,30.0,Yes,Yes,4.0,4.0,0.0,0.0,1.0,Yes,No,0.0,4.0,,Yes,Yes,No,No,Not Applicable,0.7448278937042981,Medium,12.0,2.0,Valid Claim
CLM01182,Camera,Action Camera,Camera Body,Camera Body,Aster,24.0,No,Connectivity Issue,Electrical Failure,No,No,Not Applicable,Not Applicable,Not Applicable,Not Applicable,Not Applicable,Not Applicable,Not Applicable,Not Applicable,,Yes,No,Yes,No,No,Not Applicable,Not Applicable,Not Applicable,Not Applicable,Not Applicable,Not Applicable,Not Applicable,No,0.0,Not Applicable,No,Not Applicable,Yes,Yes,No,No,No,1.0,1414.66,938.02,0.0,0.735,Web,Safari,27,System,-0.85737,403.0,15.0,24.0,Yes,327.0,Active,Not Applicable,30.0,Yes,Yes,3.0,1.0,2.0,0.0,0.3333333333333333,No,Yes,2.0,1.0,,Yes,Yes,No,No,No,0.6630709852544073,Medium,2.0,6.0,Manual Review
CLM01183,Refrigerator,Single Door,Cooling,Main Unit,HomePro,24.0,No,Cooling Failure,Electrical Failure,Not Applicable,Not Applicable,Not Applicable,Household,No,Not Applicable,Not Applicable,Not Applicable,Not Applicable,Not Applicable,Yes,Yes,Yes,Yes,Yes,No,Not Applicable,Not Applicable,Not Applicable,Not Applicable,Not Applicable,Not Applicable,No,Yes,2.0,Yes,No,Not Applicable,Yes,Yes,No,No,No,1.0,2127.99,1856.39,71.24,0.954,Mobile App,MobileWebView,47,Light,-0.35317,474.0,15.0,24.0,Yes,257.0,Active,Not Applicable,30.0,Yes,Yes,4.0,2.0,2.0,0.0,0.5,No,No,2.0,2.0,Yes,Yes,Yes,Yes,No,Not Applicable,0.8723678212773558,High,2.0,2.0,Manual Review
CLM01184,Air Conditioner,Portable,Indoor Unit,Main Unit,,24.0,No,Noise,Internal Component Failure,Not Applicable,Not Applicable,Not Applicable,Not Applicable,Yes,Not Applicable,Not Applicable,Yes,Indoor Unit,Not Applicable,Yes,Yes,Yes,Yes,Yes,Yes,Yes,Not Applicable,Not Applicable,Not Applicable,Not Applicable,Not Applicable,Not Applicable,No,0.0,Not Applicable,No,Not Applicable,Yes,Yes,No,No,No,1.0,1225.85,749.12,0.0,0.471,Mobile App,MobileWebView,18,Light,-0.14014,524.0,12.0,24.0,Yes,207.0,Active,Not Applicable,30.0,Yes,Yes,4.0,4.0,0.0,0.0,1.0,Yes,No,0.0,4.0,Yes,Yes,Yes,No,No,Not Applicable,0.6111025003059102,Low,3.0,1.0,Manual Review
CLM01185,Laptop,Business Laptop,Device,Main Unit,NovaTech,24.0,No,Connectivity Issue,Manufacturing Defect,No,No,Not Applicable,Not Applicable,Not Applicable,Not Applicable,Not Applicable,Not Applicable,Not Applicable,Not Applicable,Yes,Yes,Yes,Yes,No,Yes,Not Applicable,Not Applicable,Not Applicable,Not Applicable,Not Applicable,Not Applicable,Not Applicable,No,0.0,Not Applicable,No,Not Applicable,Yes,Yes,No,No,No,0.0,640.32,,0.0,0.765,Service Center,MobileWebView,57,Dark,-1.40603,726.0,8.0,24.0,Yes,5.0,Nearing Expiry,Not Applicable,30.0,Yes,Yes,3.0,2.0,1.0,0.0,0.6666666666666666,No,Yes,1.0,2.0,Yes,Yes,Yes,No,No,No,,Medium,6.0,3.0,Manual Review
CLM01186,Air Conditioner,Split,Outdoor Unit,Compressor,HomePro,60.0,No,Power Failure,Manufacturing Defect,Not Applicable,Not Applicable,Not Applicable,Not Applicable,Yes,Not Applicable,Not Applicable,No,Outdoor Unit,Not Applicable,Yes,Yes,No,Yes,Yes,No,Yes,Not Applicable,Not Applicable,Yes,Not Applicable,Not Applicable,Not Applicable,No,0.0,Not Applicable,No,Not Applicable,Yes,Yes,No,No,No,0.0,1958.95,458.69,0.0,0.988,Service Center,Edge,22,Light,-0.73056,1808.0,26.0,60.0,Yes,19.0,Nearing Expiry,Nearing Expiry,30.0,Yes,Yes,5.0,4.0,1.0,0.0,0.8,No,No,1.0,4.0,Yes,Yes,Yes,No,No,Not Applicable,0.2341509482120523,High,2.0,3.0,Manual Review
CLM01187,Air Conditioner,Split,Indoor Unit,Main Unit,ZenCore,24.0,No,Water Leakage,Electrical Failure,Not Applicable,Not Applicable,Not Applicable,Not Applicable,Unknown,Not Applicable,Not Applicable,No,Indoor Unit,Not Applicable,,Yes,Yes,Yes,Yes,Yes,Yes,Not Applicable,Not Applicable,Not Applicable,Not Applicable,Not Applicable,No,Yes,3.0,Yes,No,Not Applicable,Yes,No,No,No,No,0.0,1079.76,136.19,467.5,0.772,Mobile App,Chrome,9,Light,-0.66837,701.0,10.0,24.0,Yes,30.0,Nearing Expiry,Not Applicable,30.0,Yes,Yes,5.0,4.0,1.0,0.0,0.8,No,No,1.0,4.0,,Yes,Yes,Yes,No,Not Applicable,0.1261298807142327,Medium,12.0,0.0,Manual Review
CLM01188,Television,OLED,Power,Main Unit,PrimeView,24.0,No,Power Failure,Electrical Failure,Unknown,Not Applicable,Not Applicable,Not Applicable,Not Applicable,No,Not Applicable,Not Applicable,Not Applicable,Not Applicable,Yes,Yes,No,Yes,Yes,Yes,Not Applicable,Not Applicable,Not Applicable,Not Applicable,Not Applicable,Not Applicable,,Yes,1.0,Yes,No,Not Applicable,Yes,Yes,No,No,No,0.0,1272.6,405.22,99999.0,0.884,Web,Chrome,41,System,0.05102,374.0,4.0,24.0,Yes,357.0,Active,Not Applicable,30.0,Yes,Yes,4.0,3.0,0.0,1.0,0.75,Unknown,No,0.0,3.0,Yes,Yes,Yes,Yes,No,Unknown,0.3184189847556185,High,9.0,2.0,Manual Review
CLM01189,Smartphone,Standard Smartphone,Not Sure,Main Unit,PrimeView,12.0,No,Battery Problem,Internal Component Failure,No,No,Yes,Not Applicable,Not Applicable,Not Applicable,Not Applicable,Not Applicable,Not Applicable,Not Applicable,Yes,Yes,No,No,Yes,Yes,Not Applicable,Not Applicable,Not Applicable,Not Applicable,Not Applicable,Not Applicable,,No,0.0,Not Applicable,No,Not Applicable,Yes,Yes,No,No,No,2.0,1023.75,611.92,0.0,0.931,Mobile App,Chrome,16,System,-0.95702,281.0,14.0,12.0,Yes,84.0,Active,Not Applicable,30.0,Yes,Yes,3.0,3.0,0.0,0.0,1.0,Yes,No,0.0,3.0,Yes,Yes,Yes,No,No,No,0.5977240537240537,High,3.0,2.0,Valid Claim
CLM01190,Television,Mini-LED,Power,Main Unit,PrimeView,24.0,No,Power Failure,Manufacturing Defect,No,Not Applicable,Not Applicable,Not Applicable,Not Applicable,No,Not Applicable,Not Applicable,Not Applicable,Not Applicable,Yes,No,No,Yes,Yes,Yes,Not Applicable,Not Applicable,Not Applicable,Not Applicable,Not Applicable,Not Applicable,Not Applicable,No,0.0,Not Applicable,No,Not Applicable,Yes,Yes,No,No,No,0.0,1863.59,594.88,0.0,0.571,Web,Edge,25,Dark,1.06549,658.0,9.0,24.0,Yes,73.0,Active,Not Applicable,30.0,Yes,Yes,3.0,3.0,0.0,0.0,1.0,Yes,No,0.0,3.0,Yes,Yes,Yes,No,No,No,0.3192118438068459,Low,4.0,4.0,Manual Review
CLM01191,Smartphone,Rugged Smartphone,Phone,Main Unit,Aster,12.0,No,Power Failure,Electrical Failure,No,No,Not Applicable,Not Applicable,Not Applicable,Not Applicable,Not Applicable,Not Applicable,Not Applicable,Not Applicable,Yes,Yes,No,Yes,Yes,,Not Applicable,Not Applicable,Not Applicable,Not Applicable,Not Applicable,Not Applicable,Not Applicable,No,0.0,Not Applicable,No,Not Applicable,Yes,Yes,No,No,Yes,0.0,1451.12,232.59,0.0,0.786,Web,Edge,36,Light,-0.03965,117.0,21.0,12.0,Yes,248.0,Active,Not Applicable,30.0,Yes,Yes,3.0,2.0,0.0,1.0,0.6666666666666666,Unknown,No,0.0,2.0,Yes,Yes,Yes,No,No,No,0.1602830916809085,Medium,11.0,4.0,Manual Review
CLM01192,Air Conditioner,Portable,Outdoor Unit,Main Unit,ZenCore,24.0,No,Power Failure,Internal Component Failure,Not Applicable,Not Applicable,Not Applicable,Not Applicable,No,Not Applicable,Not Applicable,No,Outdoor Unit,Not Applicable,Yes,Yes,No,Yes,Yes,Yes,Yes,Not Applicable,Not Applicable,Not Applicable,Not Applicable,Not Applicable,Not Applicable,No,0.0,Not Applicable,No,Not Applicable,Yes,Yes,No,No,Yes,0.0,2504.85,1907.28,0.0,0.905,Web,MobileWebView,3,Light,1.357,612.0,10.0,24.0,Yes,119.0,Active,Not Applicable,30.0,Yes,Yes,4.0,4.0,0.0,0.0,1.0,Yes,No,0.0,4.0,Yes,Yes,Yes,No,No,Not Applicable,0.7614348164560752,High,11.0,4.0,Manual Review
CLM01193,Printer,Thermal,Connection,Main Unit,PrimeView,12.0,No,Connectivity Issue,Internal Component Failure,Not Applicable,Not Applicable,Not Applicable,Not Applicable,No,Not Applicable,No,Not Applicable,Not Applicable,Original,Yes,Yes,No,Yes,Yes,No,Not Applicable,Not Applicable,Not Applicable,Not Applicable,Not Applicable,No,Not Applicable,No,0.0,Not Applicable,No,Not Applicable,Yes,Yes,No,No,No,1.0,974.72,302.19,0.0,0.758,Web,Chrome,30,Light,-0.97907,231.0,13.0,12.0,Yes,135.0,Active,Not Applicable,30.0,Yes,Yes,4.0,2.0,2.0,0.0,0.5,No,No,2.0,2.0,Yes,Yes,Yes,No,No,No,0.3100274950755088,Medium,2.0,0.0,Manual Review
CLM01194,Printer,Thermal,Printing,Main Unit,PrimeView,12.0,No,Mechanical Failure,Electrical Failure,Not Applicable,Not Applicable,Not Applicable,Not Applicable,Unknown,Not Applicable,No,Not Applicable,Not Applicable,Original,Yes,Yes,No,,Yes,Yes,Not Applicable,Not Applicable,Not Applicable,Not Applicable,Not Applicable,Yes,Not Applicable,No,0.0,Not Applicable,Yes,No,Yes,Yes,No,No,No,0.0,388.78,175.58,0.0,0.891,Mobile App,Firefox,33,Dark,-0.87762,330.0,11.0,12.0,Yes,36.0,Active,Not Applicable,30.0,Yes,Yes,4.0,4.0,0.0,0.0,1.0,Yes,No,0.0,4.0,Yes,Yes,Yes,No,Yes,No,0.4516178815782705,High,10.0,2.0,Valid Claim
CLM01195,Smartphone,Standard Smartphone,Phone,Main Unit,PrimeView,12.0,Yes,Connectivity Issue,Internal Component Failure,No,No,Not Applicable,Not Applicable,Not Applicable,Not Applicable,Not Applicable,Not Applicable,Not Applicable,Not Applicable,Yes,Yes,No,No,Yes,No,Not Applicable,Not Applicable,Not Applicable,Not Applicable,Not Applicable,Not Applicable,Not Applicable,No,0.0,Not Applicable,No,Not Applicable,Yes,Yes,No,No,No,1.0,1448.96,1241.03,0.0,0.724,Service Center,Firefox,21,Light,-0.16648,588.0,18.0,12.0,Yes,143.0,Active,Not Applicable,30.0,Yes,Yes,3.0,2.0,1.0,0.0,0.6666666666666666,No,No,1.0,2.0,Yes,Yes,Yes,No,No,No,0.8564970737632508,Medium,6.0,2.0,Manual Review
CLM01196,Air Conditioner,Window,Outdoor Unit,Main Unit,ZenCore,24.0,No,Power Failure,Manufacturing Defect,Not Applicable,Not Applicable,Not Applicable,Not Applicable,Yes,Not Applicable,Not Applicable,No,Outdoor Unit,Not Applicable,Yes,Yes,Yes,Yes,Yes,Yes,Yes,Not Applicable,Not Applicable,Not Applicable,Not Applicable,Not Applicable,,Yes,1.0,Yes,No,Not Applicable,Yes,Yes,No,No,No,1.0,1569.52,427.05,309.28,0.842,Mobile App,Chrome,39,System,2.3505,625.0,8.0,24.0,Yes,105.0,Active,Not Applicable,30.0,Yes,Yes,5.0,4.0,0.0,1.0,0.8,Unknown,No,0.0,4.0,Yes,Yes,Yes,Yes,No,Not Applicable,0.2720895560426117,Medium,9.0,5.0,Manual Review
CLM01197,Refrigerator,Double Door,Noise,Main Unit,Aster,24.0,No,Noise,Manufacturing Defect,Not Applicable,Not Applicable,Not Applicable,Business,No,Not Applicable,Not Applicable,Not Applicable,Not Applicable,Not Applicable,Yes,Yes,No,Yes,Yes,Yes,Not Applicable,Not Applicable,Not Applicable,Not Applicable,Not Applicable,Not Applicable,Not Applicable,No,0.0,Not Applicable,No,Not Applicable,Yes,Yes,No,No,No,2.0,1326.06,876.69,0.0,0.768,Web,Safari,20,Light,-1.88968,681.0,13.0,24.0,Yes,50.0,Active,Not Applicable,30.0,Yes,Yes,3.0,3.0,0.0,0.0,1.0,Yes,No,0.0,3.0,Yes,Yes,Yes,No,No,Not Applicable,0.6611239310438443,Medium,4.0,1.0,Valid Claim
CLM01198,Smartphone,Foldable Smartphone,Phone,Main Unit,,12.0,No,Power Failure,Manufacturing Defect,No,No,Not Applicable,Not Applicable,Not Applicable,Not Applicable,Not Applicable,Not Applicable,Not Applicable,Not Applicable,,Yes,Yes,Yes,No,Yes,Not Applicable,Not Applicable,Not Applicable,Not Applicable,Not Applicable,Not Applicable,Not Applicable,No,0.0,Not Applicable,No,Not Applicable,Yes,Yes,No,No,No,2.0,1206.16,598.9,0.0,0.99,Mobile App,Edge,48,Dark,1.20579,221.0,5.0,12.0,Yes,144.0,Active,Not Applicable,30.0,Yes,Yes,3.0,2.0,1.0,0.0,0.6666666666666666,No,Yes,1.0,2.0,,Yes,Yes,No,No,No,0.4965344564568547,High,1.0,1.0,Manual Review
CLM01199,Smartphone,Foldable Smartphone,Not Sure,Main Unit,Aster,12.0,No,Overheating,Internal Component Failure,No,No,Not Applicable,Not Applicable,Not Applicable,Not Applicable,Not Applicable,Not Applicable,Not Applicable,Not Applicable,Yes,No,No,Yes,Yes,Yes,Not Applicable,Not Applicable,Not Applicable,Not Applicable,Not Applicable,Not Applicable,Not Applicable,No,0.0,Not Applicable,No,Not Applicable,Yes,Yes,No,No,No,0.0,1303.19,315.5,,0.782,Service Center,Chrome,53,Dark,0.21994,145.0,25.0,12.0,Yes,220.0,Active,Not Applicable,30.0,Yes,Yes,3.0,3.0,0.0,0.0,1.0,Yes,No,0.0,3.0,Yes,Yes,Yes,No,No,No,0.2420982358673716,Medium,4.0,5.0,Valid Claim
CLM01200,Camera,Action Camera,Lens,Lens,PrimeView,24.0,No,Power Failure,Manufacturing Defect,No,No,Not Applicable,Not Applicable,Not Applicable,Not Applicable,Not Applicable,Not Applicable,Not Applicable,Not Applicable,Yes,Yes,Yes,Yes,Yes,Yes,Not Applicable,Not Applicable,Not Applicable,Not Applicable,Yes,Not Applicable,Not Applicable,No,0.0,Not Applicable,No,Not Applicable,Yes,Yes,No,No,No,1.0,3051.36,2567.05,0.0,0.829,Service Center,Chrome,36,Light,-0.25035,670.0,1.0,24.0,Yes,61.0,Active,Active,30.0,Yes,Yes,4.0,4.0,0.0,0.0,1.0,Yes,No,0.0,4.0,Yes,Yes,Yes,No,No,No,0.8412806093020817,Medium,2.0,5.0,Valid Claim
CLM01201,Printer,Laser,Connection,Main Unit,HomePro,12.0,No,Connectivity Issue,Electrical Failure,Not Applicable,Not Applicable,Not Applicable,Not Applicable,No,Not Applicable,No,Not Applicable,Not Applicable,Original,Yes,Yes,Yes,Yes,Yes,Yes,Not Applicable,Not Applicable,Not Applicable,Not Applicable,Not Applicable,Yes,No,Yes,3.0,Yes,No,Not Applicable,Yes,Yes,No,No,No,1.0,245.85,121.34,39.02,0.865,Service Center,Safari,6,Light,-0.46591,329.0,26.0,12.0,Yes,36.0,Active,Not Applicable,30.0,Yes,Yes,5.0,4.0,1.0,0.0,0.8,No,No,1.0,4.0,Yes,Yes,Yes,Yes,No,No,0.4935529794590197,High,1.0,1.0,Manual Review
CLM01202,Air Conditioner,Cassette,Indoor Unit,Main Unit,ZenCore,24.0,No,Water Leakage,Manufacturing Defect,Not Applicable,Not Applicable,Not Applicable,Not Applicable,Yes,Not Applicable,Not Applicable,Unknown,Indoor Unit,Not Applicable,Yes,No,Yes,Yes,Yes,Yes,Yes,Not Applicable,Not Applicable,Not Applicable,Not Applicable,Not Applicable,Yes,Yes,2.0,Yes,No,Not Applicable,Yes,Yes,No,No,No,0.0,2023.1,1886.21,611.77,0.878,Web,MobileWebView,56,Light,1.04261,518.0,7.0,24.0,Yes,213.0,Active,Not Applicable,30.0,Yes,Yes,5.0,5.0,0.0,0.0,1.0,Yes,No,0.0,5.0,Yes,Yes,Yes,Yes,No,Not Applicable,0.9323365132717116,High,3.0,0.0,Valid Claim
CLM01203,Air Conditioner,Split,Not Sure,Main Unit,Aster,24.0,No,Power Failure,Manufacturing Defect,Not Applicable,Not Applicable,Not Applicable,Not Applicable,No,Not Applicable,Not Applicable,No,Not Sure,Not Applicable,No,Yes,Yes,Yes,Yes,Yes,No,Not Applicable,Not Applicable,Not Applicable,Not Applicable,Not Applicable,Yes,Yes,3.0,Yes,No,Not Applicable,Yes,Yes,No,No,No,2.0,2426.96,384.17,502.4,0.771,Web,Safari,55,System,-1.74156,541.0,17.0,24.0,Yes,189.0,Active,Not Applicable,30.0,Yes,Yes,5.0,4.0,1.0,0.0,0.8,No,Yes,1.0,4.0,No,Yes,Yes,Yes,No,Not Applicable,0.1582926789069453,Medium,4.0,5.0,Manual Review
CLM01204,Air Conditioner,Window,Indoor Unit,Compressor,Aster,60.0,No,Water Leakage,Manufacturing Defect,Not Applicable,Not Applicable,Not Applicable,Not Applicable,Unknown,Not Applicable,Not Applicable,No,Indoor Unit,Not Applicable,Yes,No,No,Yes,Yes,Yes,No,Not Applicable,Not Applicable,Yes,Not Applicable,Not Applicable,Not Applicable,No,0.0,Not Applicable,No,Not Applicable,Yes,Yes,No,No,No,4.0,548.78,433.92,0.0,0.748,Service Center,MobileWebView,49,System,0.70684,1826.0,27.0,60.0,Yes,0.0,Nearing Expiry,Nearing Expiry,30.0,Yes,Yes,5.0,4.0,1.0,0.0,0.8,No,Yes,1.0,4.0,Yes,Yes,Yes,No,No,Not Applicable,0.7906993695105508,Medium,4.0,4.0,Manual Review
CLM01205,Camera,Mirrorless,Camera Body,Camera Body,Aster,24.0,No,Connectivity Issue,Internal Component Failure,No,No,Not Applicable,Not Applicable,Not Applicable,Not Applicable,Not Applicable,Not Applicable,Not Applicable,Not Applicable,Yes,Yes,Yes,No,Yes,Yes,Not Applicable,Not Applicable,Not Applicable,Not Applicable,Not Applicable,Not Applicable,Not Applicable,No,0.0,Not Applicable,No,Not Applicable,Yes,Yes,No,No,No,0.0,2587.7,1783.75,0.0,0.794,Mobile App,MobileWebView,59,System,0.12561,642.0,24.0,24.0,Yes,89.0,Active,Not Applicable,30.0,Yes,Yes,3.0,3.0,0.0,0.0,1.0,Yes,No,0.0,3.0,Yes,Yes,Yes,No,No,No,0.6893187000038645,Medium,1.0,0.0,Valid Claim
CLM01206,Printer,Laser,Printing,Main Unit,HomePro,12.0,No,Mechanical Failure,Internal Component Failure,Not Applicable,Not Applicable,Not Applicable,Not Applicable,No,Not Applicable,No,Not Applicable,Not Applicable,Original,Yes,Yes,No,Yes,Yes,Yes,Not Applicable,Not Applicable,Not Applicable,Not Applicable,Not Applicable,No,Not Applicable,No,0.0,Not Applicable,No,Not Applicable,Yes,Yes,No,No,No,1.0,177.38,70.55,0.0,0.968,Web,Safari,13,System,1.50966,181.0,10.0,12.0,Yes,185.0,Active,Not Applicable,30.0,Yes,Yes,4.0,3.0,1.0,0.0,0.75,No,No,1.0,3.0,Yes,Yes,Yes,No,No,No,0.3977336791070019,High,6.0,3.0,Manual Review
CLM01207,Smartphone,Rugged Smartphone,Phone,Main Unit,PrimeView,12.0,No,Battery Problem,Manufacturing Defect,No,No,Yes,Not Applicable,Not Applicable,Not Applicable,Not Applicable,Not Applicable,Not Applicable,Not Applicable,Yes,Yes,No,Yes,Yes,Yes,Not Applicable,Not Applicable,Not Applicable,Not Applicable,Not Applicable,Not Applicable,Not Applicable,No,0.0,Not Applicable,No,Not Applicable,Yes,Yes,No,No,No,1.0,777.77,169.27,0.0,0.728,Mobile App,MobileWebView,25,Dark,-0.22173,365.0,7.0,12.0,Yes,1.0,Nearing Expiry,Not Applicable,30.0,Yes,Yes,3.0,3.0,0.0,0.0,1.0,Yes,No,0.0,3.0,Yes,Yes,Yes,No,No,No,0.2176350334931921,Medium,5.0,4.0,Valid Claim
CLM01208,Laptop,Gaming Laptop,Device,Main Unit,ZenCore,24.0,Yes,Display Failure,Internal Component Failure,No,No,Not Applicable,Not Applicable,Not Applicable,Not Applicable,Not Applicable,Not Applicable,Not Applicable,Not Applicable,Yes,No,No,Yes,Yes,Yes,Not Applicable,Not Applicable,Not Applicable,Not Applicable,Not Applicable,Not Applicable,Yes,Yes,2.0,Yes,No,Not Applicable,Yes,Yes,No,No,No,0.0,962.76,741.16,503.68,0.841,Web,Edge,36,System,-0.73376,1090.0,4.0,24.0,Yes,6.0,Nearing Expiry,Not Applicable,30.0,Yes,Yes,4.0,4.0,0.0,0.0,1.0,Yes,No,0.0,4.0,Yes,Yes,Yes,Yes,No,No,0.7698284099879513,Medium,9.0,6.0,Valid Claim
CLM01209,Laptop,Business Laptop,Device,Main Unit,ZenCore,24.0,Yes,Overheating,Manufacturing Defect,No,No,Not Applicable,Not Applicable,Not Applicable,Not Applicable,Not Applicable,Not Applicable,Not Applicable,Not Applicable,Yes,Yes,No,Yes,Yes,No,Not Applicable,Not Applicable,Not Applicable,Not Applicable,Not Applicable,Not Applicable,Not Applicable,No,0.0,Not Applicable,No,Not Applicable,Yes,Yes,No,No,No,0.0,2159.47,965.49,0.0,0.932,Web,Edge,49,Light,0.67494,800.0,11.0,24.0,Yes,295.0,Active,Not Applicable,30.0,Yes,Yes,3.0,2.0,1.0,0.0,0.6666666666666666,No,No,1.0,2.0,Yes,Yes,Yes,No,No,No,0.4470958151768721,High,9.0,6.0,Manual Review
CLM01210,Washing Machine,Washer Dryer,Power,Main Unit,HomePro,24.0,No,Power Failure,Manufacturing Defect,Not Applicable,Not Applicable,Not Applicable,Household,Unknown,Not Applicable,No,Not Applicable,Not Applicable,Not Applicable,Yes,Yes,Yes,Yes,Yes,No,Not Applicable,Not Applicable,Not Applicable,Not Applicable,Not Applicable,Not Applicable,,No,0.0,Not Applicable,No,Not Applicable,Yes,No,No,No,No,1.0,1474.87,404.55,0.0,0.667,Mobile App,MobileWebView,31,Dark,1.50498,723.0,8.0,24.0,Yes,8.0,Nearing Expiry,Not Applicable,30.0,Yes,Yes,3.0,2.0,1.0,0.0,0.6666666666666666,No,No,1.0,2.0,Yes,Yes,Yes,No,No,No,0.2742953616250924,Low,4.0,5.0,Manual Review
CLM01211,Television,QLED,Sound,Display Panel,PrimeView,24.0,No,Audio Failure,Electrical Failure,No,Not Applicable,Not Applicable,Not Applicable,Not Applicable,No,Not Applicable,Not Applicable,Not Applicable,Not Applicable,Yes,No,No,Yes,,,Not Applicable,Not Applicable,Yes,Not Applicable,Not Applicable,Not Applicable,Not Applicable,No,0.0,Not Applicable,No,Not Applicable,Yes,Yes,No,No,No,0.0,2184.71,1592.83,,0.68,Email,MobileWebView,38,Light,0.71476,687.0,13.0,24.0,Yes,44.0,Active,Active,30.0,Yes,Yes,4.0,2.0,0.0,2.0,0.5,Unknown,Unknown,0.0,2.0,Yes,Yes,Yes,No,No,No,0.7290807475591725,Low,1.0,2.0,Manual Review
CLM01212,Printer,Inkjet,Paper Feed,Main Unit,NovaTech,12.0,No,Paper Feed Failure,Electrical Failure,Not Applicable,Not Applicable,Not Applicable,Not Applicable,Yes,Not Applicable,No,Not Applicable,Not Applicable,Original,Yes,Yes,No,Yes,Yes,Yes,Not Applicable,Not Applicable,Not Applicable,Not Applicable,Not Applicable,Yes,,Yes,1.0,Yes,No,Not Applicable,Yes,Yes,No,No,No,1.0,831.03,160.09,30.7,0.925,Email,Edge,34,Dark,0.55429,243.0,17.0,12.0,Yes,122.0,Active,Not Applicable,30.0,Yes,Yes,5.0,4.0,0.0,1.0,0.8,Unknown,No,0.0,4.0,Yes,Yes,Yes,Yes,No,No,0.1926404582265381,High,6.0,4.0,Manual Review
CLM01213,Washing Machine,Top Load,Water Leakage,Main Unit,ZenCore,24.0,No,Water Leakage,Manufacturing Defect,Not Applicable,Not Applicable,Not Applicable,Household,No,Not Applicable,Unknown,Not Applicable,Not Applicable,Not Applicable,Yes,Yes,Yes,Yes,Yes,Yes,Not Applicable,Not Applicable,Not Applicable,Not Applicable,Not Applicable,Not Applicable,Not Applicable,No,0.0,Not Applicable,No,Not Applicable,Unknown,Yes,No,No,No,1.0,1494.71,1215.9,0.0,0.916,Web,MobileWebView,44,Dark,0.30801,520.0,6.0,24.0,Yes,211.0,Active,Not Applicable,30.0,Yes,Yes,3.0,3.0,0.0,0.0,1.0,Yes,No,0.0,3.0,Yes,Yes,Unknown,No,No,Unknown,0.8134688334191917,High,8.0,6.0,Manual Review
CLM01214,Washing Machine,Top Load,Washing,Main Unit,ZenCore,24.0,No,Mechanical Failure,Internal Component Failure,Not Applicable,Not Applicable,Not Applicable,Household,Yes,Not Applicable,No,Not Applicable,Not Applicable,Not Applicable,No,Yes,No,Yes,Yes,Yes,Not Applicable,Not Applicable,Not Applicable,Not Applicable,Not Applicable,Not Applicable,Not Applicable,No,0.0,Not Applicable,No,Not Applicable,Yes,Yes,No,No,No,0.0,1502.93,1130.32,0.0,0.821,Mobile App,Firefox,47,Light,0.11462,722.0,4.0,24.0,Yes,9.0,Nearing Expiry,Not Applicable,30.0,Yes,Yes,3.0,3.0,0.0,0.0,1.0,Yes,No,0.0,3.0,No,Yes,Yes,No,No,No,0.7520776084049157,Medium,3.0,6.0,Valid Claim
CLM01215,Washing Machine,Top Load,Noise,Main Unit,ZenCore,24.0,No,Noise,Electrical Failure,Not Applicable,Not Applicable,Not Applicable,Household,No,Not Applicable,No,Not Applicable,Not Applicable,Not Applicable,Yes,No,No,Yes,Yes,Yes,Not Applicable,Not Applicable,Not Applicable,Not Applicable,Not Applicable,Not Applicable,Yes,Yes,3.0,Yes,No,Not Applicable,Yes,Yes,No,No,No,0.0,1788.14,1590.87,337.5,0.761,Web,Chrome,44,Light,0.00372,406.0,9.0,24.0,Yes,324.0,Active,Not Applicable,30.0,Yes,Yes,4.0,4.0,0.0,0.0,1.0,Yes,No,0.0,4.0,Yes,Yes,Yes,Yes,No,No,0.8896786605075664,Medium,4.0,1.0,Valid Claim
CLM01216,Refrigerator,Double Door,Cooling,Main Unit,ZenCore,24.0,No,Cooling Failure,Internal Component Failure,Not Applicable,Not Applicable,Not Applicable,Household,No,Not Applicable,Not Applicable,Not Applicable,Not Applicable,Not Applicable,Yes,Yes,No,Yes,Yes,Yes,Not Applicable,Not Applicable,Not Applicable,Not Applicable,Not Applicable,Not Applicable,Not Applicable,No,0.0,Not Applicable,No,Not Applicable,Yes,Yes,No,No,No,0.0,2777.96,2062.59,0.0,0.795,Web,MobileWebView,35,Light,0.42148,417.0,5.0,24.0,Yes,313.0,Active,Not Applicable,30.0,Yes,Yes,3.0,3.0,0.0,0.0,1.0,Yes,No,0.0,3.0,Yes,Yes,Yes,No,No,Not Applicable,0.7424836930697347,Medium,8.0,5.0,Valid Claim
CLM01217,Smartphone,Foldable Smartphone,Battery,Battery,Aster,12.0,No,Power Failure,Internal Component Failure,No,No,Yes,Not Applicable,Not Applicable,Not Applicable,Not Applicable,Not Applicable,Not Applicable,Not Applicable,Yes,Yes,Yes,Yes,Yes,Yes,Not Applicable,Yes,Not Applicable,Not Applicable,Not Applicable,Not Applicable,Not Applicable,No,0.0,Not Applicable,Yes,Yes,Yes,Yes,No,No,No,1.0,1075.9,224.15,0.0,0.914,Service Center,MobileWebView,35,System,0.52123,335.0,29.0,12.0,Yes,31.0,Active,Active,30.0,Yes,Yes,4.0,4.0,0.0,0.0,1.0,Yes,No,0.0,4.0,Yes,Yes,Yes,No,Yes,No,0.2083372060600427,High,6.0,4.0,Valid Claim
CLM01218,Television,LED,Connection,Main Unit,PrimeView,24.0,No,Connectivity Issue,Internal Component Failure,No,Not Applicable,Not Applicable,Not Applicable,Not Applicable,No,Not Applicable,Not Applicable,Not Applicable,Not Applicable,Yes,Yes,No,Yes,Yes,Yes,Not Applicable,Not Applicable,Not Applicable,Not Applicable,Not Applicable,Not Applicable,Yes,Yes,2.0,Unknown,No,Not Applicable,Yes,Yes,No,Yes,No,1.0,1705.48,1523.27,454.81,0.947,Web,MobileWebView,10,Dark,0.61686,390.0,8.0,24.0,Yes,341.0,Active,Not Applicable,30.0,Yes,Yes,4.0,4.0,0.0,0.0,1.0,Yes,No,0.0,4.0,Yes,Yes,Yes,Yes,No,No,0.8931620423575767,High,4.0,3.0,Manual Review
CLM01219,Air Conditioner,Split,Both,Compressor,ZenCore,60.0,No,Noise,Electrical Failure,Not Applicable,Not Applicable,Not Applicable,Not Applicable,No,Not Applicable,Not Applicable,Yes,Both,Not Applicable,No,Yes,No,Yes,Yes,Yes,Yes,Not Applicable,Not Applicable,Yes,Not Applicable,Not Applicable,Not Applicable,No,0.0,Not Applicable,No,Not Applicable,Yes,Yes,No,No,No,0.0,2657.09,222.67,0.0,0.889,Service Center,Chrome,51,System,-0.52082,1667.0,19.0,60.0,Yes,160.0,Active,Active,30.0,Yes,Yes,5.0,5.0,0.0,0.0,1.0,Yes,No,0.0,5.0,No,Yes,Yes,No,No,Not Applicable,0.0838022046675121,High,2.0,3.0,Valid Claim
CLM01220,Air Conditioner,Split,Indoor Unit,Compressor,ZenCore,60.0,No,Cooling Failure,Internal Component Failure,Not Applicable,Not Applicable,Not Applicable,Not Applicable,Yes,Not Applicable,Not Applicable,No,Indoor Unit,Not Applicable,Yes,Yes,Yes,Yes,Yes,Yes,Yes,Not Applicable,Not Applicable,Yes,Not Applicable,Not Applicable,Yes,Yes,2.0,Yes,No,Not Applicable,Yes,Yes,No,No,No,0.0,1825.47,1435.63,276.19,0.886,Mobile App,Chrome,25,Dark,0.09168,1513.0,6.0,60.0,Yes,313.0,Active,Active,30.0,Yes,Yes,6.0,6.0,0.0,0.0,1.0,Yes,No,0.0,6.0,Yes,Yes,Yes,Yes,No,Not Applicable,0.7864440390693904,High,1.0,3.0,Valid Claim
CLM01221,Camera,Action Camera,Camera Body,Camera Body,Aster,24.0,Yes,Power Failure,Manufacturing Defect,No,No,Not Applicable,Not Applicable,Not Applicable,Not Applicable,Not Applicable,Not Applicable,Not Applicable,Not Applicable,Yes,Yes,Yes,Yes,Yes,Yes,Not Applicable,Not Applicable,Not Applicable,Not Applicable,Not Applicable,Not Applicable,Not Applicable,No,0.0,Not Applicable,No,Not Applicable,Yes,Yes,No,No,No,0.0,321.66,,0.0,0.731,Service Center,Edge,57,System,1.55498,,10.0,24.0,Yes,,Unknown,Not Applicable,30.0,Yes,Yes,3.0,3.0,0.0,0.0,1.0,Yes,No,0.0,3.0,Yes,Yes,Yes,No,No,No,,Medium,5.0,1.0,Valid Claim
CLM01222,Air Conditioner,Cassette,Outdoor Unit,Compressor,Aster,60.0,No,Cooling Failure,Internal Component Failure,Not Applicable,Not Applicable,Not Applicable,Not Applicable,No,Not Applicable,Not Applicable,No,Outdoor Unit,Not Applicable,Yes,Yes,No,Yes,Yes,Yes,Yes,Not Applicable,Not Applicable,No,Not Applicable,Not Applicable,Not Applicable,No,0.0,Not Applicable,No,Not Applicable,Yes,Yes,No,No,No,0.0,2793.54,952.01,0.0,0.965,Mobile App,Safari,20,Light,0.71699,1743.0,18.0,60.0,Yes,83.0,Active,Active,30.0,Yes,Yes,5.0,4.0,1.0,0.0,0.8,No,No,1.0,4.0,Yes,Yes,Yes,No,No,Not Applicable,0.3407898222327226,High,4.0,1.0,Manual Review
CLM01223,Smartphone,Rugged Smartphone,Phone,Main Unit,Aster,12.0,No,Power Failure,Manufacturing Defect,No,No,Not Applicable,Not Applicable,Not Applicable,Not Applicable,Not Applicable,Not Applicable,Not Applicable,Not Applicable,Yes,Yes,Yes,Yes,Yes,Yes,Not Applicable,Not Applicable,Not Applicable,Not Applicable,Not Applicable,Not Applicable,,No,0.0,Not Applicable,No,Not Applicable,Yes,Yes,No,No,No,0.0,550.29,87.48,0.0,,Mobile App,MobileWebView,51,Dark,0.36655,147.0,17.0,12.0,Yes,218.0,Active,Not Applicable,30.0,Yes,Yes,3.0,3.0,0.0,0.0,1.0,Yes,No,0.0,3.0,Yes,Yes,Yes,No,No,No,0.1589707245270675,Unknown,11.0,4.0,Manual Review
CLM01224,Refrigerator,Double Door,Power,Main Unit,HomePro,24.0,No,Power Failure,Manufacturing Defect,Not Applicable,Not Applicable,Not Applicable,Household,Yes,Not Applicable,Not Applicable,Not Applicable,Not Applicable,Not Applicable,Yes,Yes,No,Yes,Yes,Yes,Not Applicable,Not Applicable,Not Applicable,Not Applicable,Not Applicable,Not Applicable,Not Applicable,No,0.0,Not Applicable,No,Not Applicable,Yes,Yes,No,No,No,0.0,2957.01,1121.95,0.0,0.882,Service Center,Safari,34,Light,-0.9998,634.0,16.0,24.0,Yes,96.0,Active,Not Applicable,30.0,Yes,Yes,3.0,3.0,0.0,0.0,1.0,Yes,No,0.0,3.0,Yes,Yes,Yes,No,No,Not Applicable,0.3794204280675411,High,7.0,2.0,Valid Claim
CLM01225,Smartphone,Foldable Smartphone,Phone,Main Unit,Aster,12.0,No,Power Failure,Internal Component Failure,No,No,Not Applicable,Not Applicable,Not Applicable,Not Applicable,Not Applicable,Not Applicable,Not Applicable,Not Applicable,Yes,Yes,Yes,Yes,Yes,Yes,Not Applicable,Not Applicable,Not Applicable,Not Applicable,Not Applicable,Not Applicable,Not Applicable,No,0.0,Not Applicable,No,Not Applicable,Yes,Yes,No,No,No,2.0,701.43,636.58,0.0,0.992,Service Center,Edge,25,Dark,-1.53592,258.0,14.0,12.0,Yes,107.0,Active,Not Applicable,30.0,Yes,Yes,3.0,3.0,0.0,0.0,1.0,Yes,No,0.0,3.0,Yes,Yes,Yes,No,No,No,0.9075460131445762,High,4.0,5.0,Valid Claim
CLM01226,Washing Machine,Front Load,Power,Main Unit,HomePro,24.0,No,Power Failure,Internal Component Failure,Not Applicable,Not Applicable,Not Applicable,Household,No,Not Applicable,No,Not Applicable,Not Applicable,Not Applicable,Yes,No,Yes,Yes,Yes,Yes,Not Applicable,Not Applicable,Not Applicable,Not Applicable,Not Applicable,Not Applicable,Not Applicable,No,0.0,Not Applicable,Yes,Yes,Yes,Yes,No,No,No,0.0,1043.13,873.19,0.0,,Email,Edge,59,Light,-0.97002,619.0,12.0,24.0,Yes,112.0,Active,Not Applicable,30.0,Yes,Yes,3.0,3.0,0.0,0.0,1.0,Yes,No,0.0,3.0,Yes,Yes,Yes,No,Yes,No,0.8370864609396719,Unknown,1.0,1.0,Valid Claim
CLM01227,Refrigerator,Side-by-Side,Power,Compressor,HomePro,120.0,No,Power Failure,Internal Component Failure,Not Applicable,Not Applicable,Not Applicable,Household,Unknown,Not Applicable,Not Applicable,Not Applicable,Not Applicable,Not Applicable,Yes,Yes,No,Yes,Yes,Yes,Not Applicable,Not Applicable,Not Applicable,No,Not Applicable,Not Applicable,No,Yes,3.0,Yes,No,Not Applicable,Yes,Yes,No,No,No,0.0,1746.78,1572.16,232.39,0.921,Service Center,Chrome,38,Dark,-0.36895,3334.0,11.0,120.0,Yes,318.0,Active,Active,30.0,Yes,Yes,5.0,3.0,2.0,0.0,0.6,No,No,2.0,3.0,Yes,Yes,Yes,Yes,No,Not Applicable,0.9000332039524154,High,9.0,4.0,Manual Review
CLM01228,Television,LED,Sound,Main Unit,HomePro,24.0,No,Audio Failure,Manufacturing Defect,No,Not Applicable,Not Applicable,Not Applicable,Not Applicable,Yes,Not Applicable,Not Applicable,Not Applicable,Not Applicable,Yes,Yes,No,Yes,Yes,Yes,Not Applicable,Not Applicable,Not Applicable,Not Applicable,Not Applicable,Not Applicable,Yes,Yes,3.0,Yes,No,Not Applicable,Yes,Yes,No,No,No,0.0,518.81,48.76,328.45,0.791,Web,Firefox,25,Light,-0.33065,398.0,14.0,24.0,Yes,332.0,Active,Not Applicable,30.0,Yes,Yes,4.0,4.0,0.0,0.0,1.0,Yes,No,0.0,4.0,Yes,Yes,Yes,Yes,No,No,0.0939843102484532,Medium,7.0,4.0,Valid Claim
CLM01229,Washing Machine,Top Load,Spinning,Main Unit,ZenCore,24.0,Yes,Mechanical Failure,Manufacturing Defect,Not Applicable,Not Applicable,Not Applicable,Household,No,Not Applicable,No,Not Applicable,Not Applicable,Not Applicable,,Yes,No,Yes,Yes,No,Not Applicable,Not Applicable,Not Applicable,Not Applicable,Not Applicable,Not Applicable,Yes,Yes,3.0,Yes,No,Not Applicable,Yes,Yes,No,No,No,0.0,485.17,230.7,588.57,0.537,Mobile App,Edge,6,System,-1.51713,804.0,21.0,24.0,Yes,292.0,Active,Not Applicable,30.0,Yes,Yes,4.0,3.0,1.0,0.0,0.75,No,No,1.0,3.0,,Yes,Yes,Yes,No,No,0.4755034317867963,Low,10.0,1.0,Manual Review
CLM01230,Air Conditioner,Portable,Indoor Unit,Main Unit,ZenCore,24.0,Yes,Water Leakage,Electrical Failure,Not Applicable,Not Applicable,Not Applicable,Not Applicable,No,Not Applicable,Not Applicable,No,Indoor Unit,Not Applicable,No,Yes,Yes,Yes,Yes,Yes,Yes,Not Applicable,Not Applicable,Not Applicable,Not Applicable,Not Applicable,No,Yes,3.0,Yes,No,Not Applicable,Yes,Yes,No,Yes,No,1.0,1297.16,230.21,411.87,0.956,Email,Edge,43,Light,0.15107,871.0,24.0,24.0,Yes,225.0,Active,Not Applicable,30.0,Yes,Yes,5.0,4.0,1.0,0.0,0.8,No,No,1.0,4.0,No,Yes,Yes,Yes,No,Not Applicable,0.1774723241543063,High,11.0,6.0,Manual Review
CLM01231,Smartphone,Foldable Smartphone,Phone,Main Unit,NovaTech,12.0,Yes,Power Failure,Manufacturing Defect,No,Unknown,Not Applicable,Not Applicable,Not Applicable,Not Applicable,Not Applicable,Not Applicable,Not Applicable,Not Applicable,No,Yes,No,Yes,Yes,Yes,Not Applicable,Not Applicable,Not Applicable,Not Applicable,Not Applicable,Not Applicable,Yes,Yes,3.0,Yes,No,Not Applicable,Yes,Yes,No,No,No,1.0,1791.88,478.19,524.02,0.798,Mobile App,MobileWebView,48,Light,2.00864,514.0,21.0,12.0,Yes,216.0,Active,Not Applicable,30.0,Yes,Yes,4.0,4.0,0.0,0.0,1.0,Yes,No,0.0,4.0,No,Yes,Yes,Yes,No,Unknown,0.2668649686362926,Medium,10.0,1.0,Valid Claim
CLM01232,Television,Mini-LED,Connection,Main Unit,PrimeView,24.0,Yes,Connectivity Issue,Manufacturing Defect,No,Not Applicable,Not Applicable,Not Applicable,Not Applicable,Yes,Not Applicable,Not Applicable,Not Applicable,Not Applicable,Yes,Yes,No,Yes,Yes,Yes,Not Applicable,Not Applicable,Not Applicable,Not Applicable,Not Applicable,Not Applicable,Yes,Yes,2.0,Yes,No,Not Applicable,Yes,Yes,No,No,No,2.0,2009.79,1439.08,648.0,0.74,Web,MobileWebView,24,System,0.71281,1016.0,17.0,24.0,Yes,80.0,Active,Not Applicable,30.0,Yes,Yes,4.0,4.0,0.0,0.0,1.0,Yes,No,0.0,4.0,Yes,Yes,Yes,Yes,No,No,0.7160350086327427,Medium,5.0,0.0,Valid Claim
CLM01233,Air Conditioner,Window,Indoor Unit,Main Unit,ZenCore,24.0,No,Power Failure,Internal Component Failure,Not Applicable,Not Applicable,Not Applicable,Not Applicable,Yes,Not Applicable,Not Applicable,Unknown,Indoor Unit,Not Applicable,Yes,Yes,Yes,Yes,Yes,Yes,Yes,Not Applicable,Not Applicable,Not Applicable,Not Applicable,Not Applicable,Not Applicable,No,0.0,Not Applicable,No,Not Applicable,Unknown,Yes,No,No,No,3.0,2644.31,,0.0,0.903,Web,Edge,21,Light,0.03525,640.0,7.0,24.0,Yes,91.0,Active,Not Applicable,30.0,Yes,Yes,4.0,4.0,0.0,0.0,1.0,Yes,No,0.0,4.0,Yes,Yes,Unknown,No,No,Not Applicable,,High,7.0,0.0,Manual Review
CLM01234,Television,Mini-LED,Remote Control,Remote Control,PrimeView,6.0,No,Audio Failure,Internal Component Failure,No,Not Applicable,Not Applicable,Not Applicable,Not Applicable,No,Not Applicable,Not Applicable,Not Applicable,Not Applicable,Yes,Yes,No,,Yes,Yes,Not Applicable,Not Applicable,Not Applicable,Not Applicable,Not Applicable,Not Applicable,Yes,Yes,2.0,Yes,No,Not Applicable,Yes,Yes,No,No,No,2.0,1552.12,394.32,196.21,0.801,Web,MobileWebView,49,System,-0.03234,103.0,9.0,6.0,Yes,81.0,Active,Active,30.0,Yes,Yes,4.0,4.0,0.0,0.0,1.0,Yes,No,0.0,4.0,Yes,Yes,Yes,Yes,No,No,0.2540525217122387,Medium,8.0,2.0,Valid Claim
CLM01235,Television,QLED,Power,Display Panel,Aster,24.0,No,Power Failure,Internal Component Failure,No,Not Applicable,Not Applicable,Not Applicable,Not Applicable,No,Not Applicable,Not Applicable,Not Applicable,Not Applicable,Yes,Yes,No,Yes,Yes,Yes,Not Applicable,Not Applicable,Yes,Not Applicable,Not Applicable,Not Applicable,Not Applicable,No,0.0,Not Applicable,No,Not Applicable,Yes,Yes,No,No,No,0.0,1641.98,908.35,0.0,0.954,Service Center,Chrome,47,Dark,1.35214,469.0,17.0,24.0,Yes,262.0,Active,Active,30.0,Yes,Yes,4.0,4.0,0.0,0.0,1.0,Yes,No,0.0,4.0,Yes,Yes,Yes,No,No,No,0.55320405851472,High,6.0,4.0,Valid Claim
CLM01236,Laptop,2-in-1,Device,Main Unit,NovaTech,24.0,No,Display Failure,Manufacturing Defect,No,No,Not Applicable,Not Applicable,Not Applicable,Not Applicable,Not Applicable,Not Applicable,Not Applicable,Not Applicable,Yes,Yes,No,Yes,Yes,Yes,Not Applicable,Not Applicable,Not Applicable,Not Applicable,Not Applicable,Not Applicable,Not Applicable,No,0.0,Not Applicable,No,Not Applicable,Yes,Yes,No,No,No,1.0,2579.1,417.16,0.0,0.849,Service Center,MobileWebView,25,Light,-0.99771,645.0,11.0,24.0,Yes,85.0,Active,Not Applicable,30.0,Yes,Yes,3.0,3.0,0.0,0.0,1.0,Yes,No,0.0,3.0,Yes,Yes,Yes,No,No,No,0.1617463456244426,Medium,6.0,4.0,Valid Claim
CLM01237,Smartphone,Foldable Smartphone,Phone,Main Unit,NovaTech,12.0,No,Connectivity Issue,Internal Component Failure,No,No,Not Applicable,Not Applicable,Not Applicable,Not Applicable,Not Applicable,Not Applicable,Not Applicable,Not Applicable,Yes,No,No,Yes,Yes,Yes,Not Applicable,Not Applicable,Not Applicable,Not Applicable,Not Applicable,Not Applicable,No,Yes,3.0,Yes,No,Not Applicable,Yes,Yes,No,Yes,No,1.0,1424.02,1087.22,131.72,0.737,Service Center,Chrome,11,Dark,0.1565,280.0,14.0,12.0,Yes,85.0,Active,Not Applicable,30.0,Yes,Yes,4.0,3.0,1.0,0.0,0.75,No,No,1.0,3.0,Yes,Yes,Yes,Yes,No,No,0.7634864678866871,Medium,7.0,0.0,Manual Review
CLM01238,Washing Machine,Top Load,Spinning,Main Unit,ZenCore,24.0,No,Mechanical Failure,Electrical Failure,Not Applicable,Not Applicable,Not Applicable,Household,Yes,Not Applicable,Unknown,Not Applicable,Not Applicable,Not Applicable,Yes,Yes,Yes,Yes,Yes,Yes,Not Applicable,Not Applicable,Not Applicable,Not Applicable,Not Applicable,Not Applicable,Not Applicable,No,0.0,Not Applicable,No,Not Applicable,Yes,Yes,No,No,No,0.0,1056.41,466.12,0.0,0.876,Service Center,Chrome,55,Light,-0.23806,715.0,4.0,24.0,Yes,16.0,Nearing Expiry,Not Applicable,30.0,Yes,Yes,3.0,3.0,0.0,0.0,1.0,Yes,No,0.0,3.0,Yes,Yes,Yes,No,No,Unknown,0.4412302041820883,High,2.0,2.0,Valid Claim
CLM01239,Refrigerator,French Door,Other,Main Unit,HomePro,24.0,No,Mechanical Failure,Internal Component Failure,Not Applicable,Not Applicable,Not Applicable,Household,Yes,Not Applicable,Not Applicable,Not Applicable,Not Applicable,Not Applicable,Yes,Yes,Yes,No,Yes,Yes,Not Applicable,Not Applicable,Not Applicable,Not Applicable,Not Applicable,Not Applicable,Not Applicable,No,0.0,Not Applicable,Yes,Yes,Yes,Yes,No,No,No,2.0,735.35,344.11,0.0,0.766,Web,Firefox,14,Light,0.80736,525.0,8.0,24.0,Yes,205.0,Active,Not Applicable,30.0,Yes,Yes,3.0,3.0,0.0,0.0,1.0,Yes,No,0.0,3.0,Yes,Yes,Yes,No,Yes,Not Applicable,0.4679540354933025,Medium,6.0,0.0,Valid Claim
CLM01240,Air Conditioner,Split,Both,Main Unit,Aster,24.0,Yes,Noise,Internal Component Failure,Not Applicable,Not Applicable,Not Applicable,Not Applicable,Yes,Not Applicable,Not Applicable,No,Both,Not Applicable,No,Yes,Yes,Yes,Yes,Yes,Yes,Not Applicable,Not Applicable,Not Applicable,Not Applicable,Not Applicable,Yes,Yes,3.0,Yes,No,Not Applicable,Yes,Yes,No,No,No,0.0,1647.9,826.22,606.89,0.981,Service Center,Chrome,19,Dark,0.68577,810.0,25.0,24.0,Yes,285.0,Active,Not Applicable,30.0,Yes,Yes,5.0,5.0,0.0,0.0,1.0,Yes,No,0.0,5.0,No,Yes,Yes,Yes,No,Not Applicable,0.5013775107712847,High,6.0,0.0,Valid Claim
CLM01241,Television,LED,Picture,Main Unit,HomePro,24.0,No,Display Failure,Manufacturing Defect,No,Not Applicable,Not Applicable,Not Applicable,Not Applicable,No,Not Applicable,Not Applicable,Not Applicable,Not Applicable,No,Yes,No,Yes,Yes,Yes,Not Applicable,Not Applicable,Not Applicable,Not Applicable,Not Applicable,Not Applicable,Not Applicable,No,0.0,Not Applicable,No,Not Applicable,Yes,Yes,No,No,No,1.0,1945.03,1132.0,0.0,0.867,Email,MobileWebView,36,System,-0.14574,562.0,18.0,24.0,Yes,168.0,Active,Not Applicable,30.0,Yes,Yes,3.0,3.0,0.0,0.0,1.0,Yes,No,0.0,3.0,No,Yes,Yes,No,No,No,0.5819961645835797,High,2.0,0.0,Valid Claim
CLM01242,Refrigerator,Side-by-Side,Cooling,Main Unit,Aster,24.0,No,Cooling Failure,Manufacturing Defect,Not Applicable,Not Applicable,Not Applicable,Household,No,Not Applicable,Not Applicable,Not Applicable,Not Applicable,Not Applicable,No,Yes,Yes,Yes,Yes,Yes,Not Applicable,Not Applicable,Not Applicable,Not Applicable,Not Applicable,Not Applicable,Not Applicable,No,0.0,Not Applicable,No,Not Applicable,Yes,Yes,No,No,Yes,0.0,2428.55,1772.4,0.0,0.76,Web,Chrome,23,System,-0.46809,389.0,11.0,24.0,Yes,341.0,Active,Not Applicable,30.0,Yes,Yes,3.0,3.0,0.0,0.0,1.0,Yes,No,0.0,3.0,No,Yes,Yes,No,No,Not Applicable,0.729818204278273,Medium,6.0,2.0,Manual Review
CLM01243,Air Conditioner,Portable,Indoor Unit,Main Unit,ZenCore,24.0,No,Water Leakage,Electrical Failure,Not Applicable,Not Applicable,Not Applicable,Not Applicable,No,Not Applicable,Not Applicable,No,Indoor Unit,Not Applicable,Yes,Yes,Yes,Yes,Yes,Yes,No,Not Applicable,Not Applicable,Not Applicable,Not Applicable,Not Applicable,,No,0.0,Not Applicable,No,Not Applicable,Unknown,Yes,No,No,No,0.0,2280.41,970.45,0.0,0.805,Web,MobileWebView,18,Light,1.64466,523.0,10.0,24.0,Yes,207.0,Active,Not Applicable,30.0,Yes,Yes,4.0,3.0,1.0,0.0,0.75,No,Yes,1.0,3.0,Yes,Yes,Unknown,No,No,Not Applicable,0.4255594388728343,Medium,8.0,5.0,Manual Review
CLM01244,Washing Machine,Top Load,Noise,Main Unit,PrimeView,24.0,No,Noise,Manufacturing Defect,Not Applicable,Not Applicable,Not Applicable,Household,Yes,Not Applicable,No,Not Applicable,Not Applicable,Not Applicable,Yes,Yes,No,Yes,Yes,Yes,Not Applicable,Not Applicable,Not Applicable,Not Applicable,Not Applicable,Not Applicable,Not Applicable,No,0.0,Not Applicable,No,Not Applicable,Yes,Yes,No,No,No,0.0,1665.26,411.87,0.0,0.887,Web,Safari,39,System,-1.4413,540.0,8.0,24.0,Yes,191.0,Active,Not Applicable,30.0,Yes,Yes,3.0,3.0,0.0,0.0,1.0,Yes,No,0.0,3.0,Yes,Yes,Yes,No,No,No,0.2473307471505951,High,6.0,0.0,Valid Claim
CLM01245,Camera,Action Camera,Not Sure,Camera Body,NovaTech,24.0,No,Display Failure,Electrical Failure,No,Yes,Not Applicable,Not Applicable,Not Applicable,Not Applicable,Not Applicable,Not Applicable,Not Applicable,Not Applicable,Yes,Yes,Yes,Yes,No,Yes,Not Applicable,Not Applicable,Not Applicable,Not Applicable,Not Applicable,Not Applicable,Not Applicable,No,0.0,Not Applicable,No,Not Applicable,Yes,Yes,No,No,No,0.0,1191.24,169.15,0.0,,Email,Chrome,16,Dark,-1.42034,657.0,13.0,24.0,Yes,73.0,Active,Not Applicable,30.0,Yes,Yes,3.0,2.0,1.0,0.0,0.6666666666666666,No,Yes,1.0,2.0,Yes,Yes,Yes,No,No,Yes,0.1419948960746785,Unknown,4.0,2.0,Manual Review
CLM01246,Laptop,Gaming Laptop,Device,Main Unit,NovaTech,24.0,Yes,Connectivity Issue,Internal Component Failure,Unknown,No,Not Applicable,Not Applicable,Not Applicable,Not Applicable,Not Applicable,Not Applicable,Not Applicable,Not Applicable,Yes,Yes,Yes,Yes,Yes,Yes,Not Applicable,Not Applicable,Not Applicable,Not Applicable,Not Applicable,Not Applicable,Yes,Yes,1.0,Unknown,No,Not Applicable,Yes,Yes,No,No,No,0.0,700.28,639.78,305.44,0.858,Mobile App,Edge,33,Light,-1.06616,878.0,4.0,24.0,Yes,218.0,Active,Not Applicable,30.0,Yes,Yes,4.0,4.0,0.0,0.0,1.0,Yes,No,0.0,4.0,Yes,Yes,Yes,Yes,No,Unknown,0.9136059861769578,High,1.0,1.0,Manual Review
CLM01247,Refrigerator,Side-by-Side,Water Leakage,Main Unit,ZenCore,24.0,No,Water Leakage,Electrical Failure,Not Applicable,Not Applicable,Not Applicable,Household,Yes,Not Applicable,Not Applicable,Not Applicable,Not Applicable,Not Applicable,Yes,Yes,Yes,Yes,Yes,,Not Applicable,Not Applicable,Not Applicable,Not Applicable,Not Applicable,Not Applicable,Not Applicable,No,0.0,Not Applicable,No,Not Applicable,Yes,Yes,No,No,No,0.0,2403.51,1825.48,0.0,0.749,Web,Firefox,1,Dark,-0.77918,670.0,11.0,24.0,Yes,61.0,Active,Not Applicable,30.0,Yes,Yes,3.0,2.0,0.0,1.0,0.6666666666666666,Unknown,No,0.0,2.0,Yes,Yes,Yes,No,No,Not Applicable,0.7595058893035601,Medium,8.0,5.0,Valid Claim
CLM01248,Camera,DSLR,Camera Body,Camera Body,Aster,24.0,No,Power Failure,Electrical Failure,No,No,Not Applicable,Not Applicable,Not Applicable,Not Applicable,Not Applicable,Not Applicable,Not Applicable,Not Applicable,Yes,Yes,Yes,Yes,Yes,Yes,Not Applicable,Not Applicable,Not Applicable,Not Applicable,Not Applicable,Not Applicable,Not Applicable,No,0.0,Not Applicable,No,Not Applicable,Unknown,Yes,No,No,No,0.0,1309.84,563.05,,0.872,Mobile App,Chrome,39,System,-1.40362,730.0,17.0,24.0,Yes,1.0,Nearing Expiry,Not Applicable,30.0,Yes,Yes,3.0,3.0,0.0,0.0,1.0,Yes,No,0.0,3.0,Yes,Yes,Unknown,No,No,No,0.4298616624931289,High,5.0,5.0,Manual Review
CLM01249,Smartphone,Standard Smartphone,Charger,Charger,PrimeView,6.0,No,Display Failure,Manufacturing Defect,No,No,Not Applicable,Not Applicable,Not Applicable,Not Applicable,Not Applicable,Not Applicable,Not Applicable,Not Applicable,Yes,Yes,No,Yes,Yes,Yes,Not Applicable,Not Applicable,Not Applicable,Not Applicable,Not Applicable,Not Applicable,Not Applicable,No,0.0,Not Applicable,No,Not Applicable,Yes,Yes,No,Yes,No,0.0,908.97,,0.0,0.992,Web,MobileWebView,28,Dark,-0.62491,84.0,2.0,6.0,Yes,99.0,Active,Active,30.0,Yes,Yes,3.0,3.0,0.0,0.0,1.0,Yes,No,0.0,3.0,Yes,Yes,Yes,No,No,No,,High,3.0,2.0,Valid Claim
CLM01250,Washing Machine,Top Load,Power,Main Unit,ZenCore,24.0,Yes,Power Failure,Electrical Failure,Not Applicable,Not Applicable,Not Applicable,Household,No,Not Applicable,No,Not Applicable,Not Applicable,Not Applicable,Yes,Yes,No,Yes,Yes,Yes,Not Applicable,Not Applicable,Not Applicable,Not Applicable,Not Applicable,Not Applicable,Not Applicable,No,0.0,Not Applicable,No,Not Applicable,Yes,Yes,No,No,No,1.0,1606.61,,,0.854,Web,Chrome,54,Dark,-0.53481,979.0,14.0,24.0,Yes,117.0,Active,Not Applicable,30.0,Yes,Yes,3.0,3.0,0.0,0.0,1.0,Yes,No,0.0,3.0,Yes,Yes,Yes,No,No,No,,High,1.0,2.0,Valid Claim
CLM01251,Laptop,Consumer Laptop,Device,Main Unit,NovaTech,24.0,No,Overheating,Electrical Failure,No,No,Not Applicable,Not Applicable,Not Applicable,Not Applicable,Not Applicable,Not Applicable,Not Applicable,Not Applicable,Yes,No,Yes,Yes,Yes,Yes,Not Applicable,Not Applicable,Not Applicable,Not Applicable,Not Applicable,Not Applicable,Yes,Yes,1.0,Yes,Yes,Yes,Yes,Yes,No,No,No,2.0,2411.38,1131.26,138.73,,Mobile App,Safari,6,Dark,-0.25504,448.0,10.0,24.0,Yes,282.0,Active,Not Applicable,30.0,Yes,Yes,4.0,4.0,0.0,0.0,1.0,Yes,No,0.0,4.0,Yes,Yes,Yes,Yes,Yes,No,0.4691338569615738,Unknown,7.0,3.0,Valid Claim
CLM01252,Washing Machine,Washer Dryer,Spinning,Main Unit,PrimeView,24.0,No,Mechanical Failure,Internal Component Failure,Not Applicable,Not Applicable,Not Applicable,Household,Unknown,Not Applicable,No,Not Applicable,Not Applicable,Not Applicable,Yes,Yes,Yes,Yes,Yes,Yes,Not Applicable,Not Applicable,Not Applicable,Not Applicable,Not Applicable,Not Applicable,Not Applicable,No,0.0,Not Applicable,Yes,Yes,Yes,Yes,No,No,No,1.0,1684.87,1557.27,0.0,0.737,Web,Edge,36,Light,0.60758,527.0,2.0,24.0,Yes,203.0,Active,Not Applicable,30.0,Yes,Yes,3.0,3.0,0.0,0.0,1.0,Yes,No,0.0,3.0,Yes,Yes,Yes,No,Yes,No,0.9242671541424562,Medium,2.0,1.0,Valid Claim
CLM01253,Printer,Inkjet,Connection,Main Unit,NovaTech,12.0,No,Connectivity Issue,Internal Component Failure,Not Applicable,Not Applicable,Not Applicable,Not Applicable,Yes,Not Applicable,No,Not Applicable,Not Applicable,Original,No,No,No,No,Yes,Yes,Not Applicable,Not Applicable,Not Applicable,Not Applicable,Not Applicable,Yes,Not Applicable,No,0.0,Not Applicable,No,Not Applicable,Yes,Yes,No,No,No,0.0,831.37,154.2,0.0,0.733,Web,MobileWebView,5,System,2.85471,137.0,19.0,12.0,Yes,228.0,Active,Not Applicable,30.0,Yes,Yes,4.0,3.0,1.0,0.0,0.75,No,Yes,1.0,3.0,No,No,Yes,No,No,No,0.185476983773771,Medium,3.0,0.0,Manual Review
CLM01254,Laptop,Gaming Laptop,Battery,Battery,ZenCore,12.0,No,Power Failure,Manufacturing Defect,No,No,Yes,Not Applicable,Not Applicable,Not Applicable,Not Applicable,Not Applicable,Not Applicable,Not Applicable,Yes,No,Yes,Yes,Yes,Yes,Not Applicable,Yes,Not Applicable,Not Applicable,Not Applicable,Not Applicable,Not Applicable,No,0.0,Not Applicable,No,Not Applicable,Yes,Yes,No,No,No,1.0,1106.65,132.14,0.0,0.955,Web,Safari,9,Dark,-0.24333,144.0,9.0,12.0,Yes,222.0,Active,Active,30.0,Yes,Yes,4.0,4.0,0.0,0.0,1.0,Yes,No,0.0,4.0,Yes,Yes,Yes,No,No,No,0.1194054127321194,High,3.0,0.0,Valid Claim
CLM01255,Air Conditioner,Portable,Both,Main Unit,Aster,24.0,Yes,Noise,Internal Component Failure,Not Applicable,Not Applicable,Not Applicable,Not Applicable,Yes,Not Applicable,Not Applicable,Unknown,Both,Not Applicable,Yes,No,Yes,Yes,Yes,Yes,Yes,Not Applicable,Not Applicable,Not Applicable,Not Applicable,Not Applicable,Not Applicable,No,0.0,Not Applicable,No,Not Applicable,Yes,Yes,No,No,No,2.0,2714.41,,0.0,0.776,Web,Edge,24,Light,-1.03887,746.0,2.0,24.0,Yes,350.0,Active,Not Applicable,30.0,Yes,Yes,4.0,4.0,0.0,0.0,1.0,Yes,No,0.0,4.0,Yes,Yes,Yes,No,No,Not Applicable,,Medium,3.0,2.0,Valid Claim
CLM01256,Television,LED,Connection,Main Unit,Aster,24.0,Yes,Connectivity Issue,Electrical Failure,No,Not Applicable,Not Applicable,Not Applicable,Not Applicable,No,Not Applicable,Not Applicable,Not Applicable,Not Applicable,Yes,No,Yes,Yes,No,No,Not Applicable,Not Applicable,Not Applicable,Not Applicable,Not Applicable,Not Applicable,Yes,Yes,2.0,Yes,No,Not Applicable,Yes,Yes,No,No,No,1.0,671.71,281.77,47.11,0.562,Mobile App,Safari,25,System,0.03629,821.0,21.0,24.0,Yes,275.0,Active,Not Applicable,30.0,Yes,Yes,4.0,2.0,2.0,0.0,0.5,No,Yes,2.0,2.0,Yes,Yes,Yes,Yes,No,No,0.419481621533102,Low,4.0,3.0,Manual Review
CLM01257,Camera,Mirrorless,Battery,Battery,Aster,6.0,No,Battery Problem,Electrical Failure,No,No,Yes,Not Applicable,Not Applicable,Not Applicable,Not Applicable,Not Applicable,Not Applicable,Not Applicable,Yes,Yes,Yes,Yes,Yes,Yes,Not Applicable,Not Applicable,Not Applicable,Not Applicable,Not Applicable,Not Applicable,Not Applicable,No,0.0,Not Applicable,No,Not Applicable,Yes,Yes,No,No,No,2.0,2717.05,2203.53,0.0,0.936,Service Center,Chrome,31,Dark,0.09706,63.0,4.0,6.0,Yes,118.0,Active,Active,30.0,Yes,Yes,3.0,3.0,0.0,0.0,1.0,Yes,No,0.0,3.0,Yes,Yes,Yes,No,No,No,0.8110009017132552,High,1.0,1.0,Valid Claim
CLM01258,Laptop,Business Laptop,Device,Main Unit,ZenCore,24.0,No,Battery Problem,Electrical Failure,No,No,Yes,Not Applicable,Not Applicable,Not Applicable,Not Applicable,Not Applicable,Not Applicable,Not Applicable,Yes,,Yes,,Yes,Yes,Not Applicable,Not Applicable,Not Applicable,Not Applicable,Not Applicable,Not Applicable,,No,0.0,Not Applicable,No,Not Applicable,Yes,Yes,No,No,No,2.0,1865.33,1577.04,0.0,0.912,Service Center,Edge,15,Dark,-1.29266,,13.0,24.0,Yes,,Unknown,Not Applicable,30.0,Yes,Yes,3.0,3.0,0.0,0.0,1.0,Yes,No,0.0,3.0,Yes,Yes,Yes,No,No,No,0.8454482584850938,High,8.0,1.0,Valid Claim
CLM01259,Refrigerator,French Door,Power,Compressor,Aster,120.0,No,Power Failure,Internal Component Failure,Not Applicable,Not Applicable,Not Applicable,Household,Yes,Not Applicable,Not Applicable,Not Applicable,Not Applicable,Not Applicable,Yes,,No,Yes,Yes,Yes,Not Applicable,Not Applicable,Not Applicable,Yes,Not Applicable,Not Applicable,Not Applicable,No,0.0,Not Applicable,No,Not Applicable,Yes,Yes,No,No,No,0.0,2805.84,1834.83,0.0,0.941,Service Center,MobileWebView,40,System,-0.24927,3494.0,22.0,120.0,Yes,158.0,Active,Active,30.0,Yes,Yes,4.0,4.0,0.0,0.0,1.0,Yes,No,0.0,4.0,Yes,Yes,Yes,No,No,Not Applicable,0.6539325121888632,High,2.0,6.0,Valid Claim
CLM01260,Smartphone,Rugged Smartphone,Phone,Main Unit,PrimeView,12.0,No,Overheating,Electrical Failure,No,No,Not Applicable,Not Applicable,Not Applicable,Not Applicable,Not Applicable,Not Applicable,Not Applicable,Not Applicable,Yes,No,No,Yes,Yes,Yes,Not Applicable,Not Applicable,Not Applicable,Not Applicable,Not Applicable,Not Applicable,Yes,Yes,1.0,Yes,No,Not Applicable,Yes,No,No,No,No,0.0,1224.95,269.53,144.01,0.968,Service Center,Chrome,43,Dark,1.41258,176.0,21.0,12.0,Yes,189.0,Active,Not Applicable,30.0,Yes,Yes,4.0,4.0,0.0,0.0,1.0,Yes,No,0.0,4.0,Yes,Yes,Yes,Yes,No,No,0.2200334707539083,High,9.0,2.0,Manual Review
CLM01261,Refrigerator,Single Door,Cooling,Main Unit,ZenCore,24.0,Yes,Cooling Failure,Internal Component Failure,Not Applicable,Not Applicable,Not Applicable,Household,No,Not Applicable,Not Applicable,Not Applicable,Not Applicable,Not Applicable,Yes,Yes,Yes,Yes,Yes,Yes,Not Applicable,Not Applicable,Not Applicable,Not Applicable,Not Applicable,Not Applicable,No,Yes,3.0,Yes,No,Not Applicable,Yes,Yes,No,No,No,0.0,2674.68,1587.31,369.68,0.754,Web,Safari,45,Dark,-1.4048,924.0,19.0,24.0,Yes,172.0,Active,Not Applicable,30.0,Yes,Yes,4.0,3.0,1.0,0.0,0.75,No,No,1.0,3.0,Yes,Yes,Yes,Yes,No,Not Applicable,0.5934579089835046,Medium,4.0,2.0,Manual Review
CLM01262,Camera,DSLR,Camera Body,Camera Body,PrimeView,24.0,Yes,Connectivity Issue,Manufacturing Defect,No,No,Not Applicable,Not Applicable,Not Applicable,Not Applicable,Not Applicable,Not Applicable,Not Applicable,Not Applicable,Yes,Yes,No,Yes,Yes,Yes,Not Applicable,Not Applicable,Not Applicable,Not Applicable,Not Applicable,Not Applicable,Not Applicable,No,0.0,Not Applicable,No,Not Applicable,Yes,Yes,No,No,No,1.0,1917.67,911.09,0.0,0.855,Service Center,Edge,52,System,0.68817,841.0,29.0,24.0,Yes,255.0,Active,Not Applicable,30.0,Yes,Yes,3.0,3.0,0.0,0.0,1.0,Yes,No,0.0,3.0,Yes,Yes,Yes,No,No,No,0.4751025984658465,High,2.0,6.0,Valid Claim
CLM01263,Television,Mini-LED,Connection,Main Unit,Aster,24.0,No,Connectivity Issue,Internal Component Failure,No,Not Applicable,Not Applicable,Not Applicable,Not Applicable,No,Not Applicable,Not Applicable,Not Applicable,Not Applicable,,Yes,Yes,Yes,Yes,Yes,Not Applicable,Not Applicable,Not Applicable,Not Applicable,Not Applicable,Not Applicable,Not Applicable,No,0.0,Not Applicable,No,Not Applicable,Yes,Yes,No,No,No,1.0,1946.02,261.92,0.0,0.975,Service Center,Edge,17,System,-0.71148,503.0,18.0,24.0,Yes,228.0,Active,Not Applicable,30.0,Yes,Yes,3.0,3.0,0.0,0.0,1.0,Yes,No,0.0,3.0,,Yes,Yes,No,No,No,0.1345926557794884,High,2.0,1.0,Valid Claim
CLM01264,Television,QLED,Picture,Main Unit,Aster,24.0,No,Display Failure,Manufacturing Defect,No,Not Applicable,Not Applicable,Not Applicable,Not Applicable,Yes,Not Applicable,Not Applicable,Not Applicable,Not Applicable,Yes,Yes,Yes,Yes,,Yes,Not Applicable,Not Applicable,Not Applicable,Not Applicable,Not Applicable,Not Applicable,Not Applicable,No,0.0,Not Applicable,No,Not Applicable,Yes,Yes,No,No,No,1.0,1964.02,700.16,0.0,0.843,Mobile App,Firefox,37,System,-1.16312,608.0,20.0,24.0,Yes,123.0,Active,Not Applicable,30.0,Yes,Yes,3.0,2.0,0.0,1.0,0.6666666666666666,Unknown,Unknown,0.0,2.0,Yes,Yes,Yes,No,No,No,0.3564933147320291,Medium,9.0,4.0,Valid Claim
CLM01265,Refrigerator,Double Door,Cooling,Main Unit,ZenCore,24.0,No,Cooling Failure,Internal Component Failure,Not Applicable,Not Applicable,Not Applicable,Household,No,Not Applicable,Not Applicable,Not Applicable,Not Applicable,Not Applicable,Yes,,No,Yes,Yes,Yes,Not Applicable,Not Applicable,Not Applicable,Not Applicable,Not Applicable,Not Applicable,Not Applicable,No,0.0,Not Applicable,No,Not Applicable,Yes,Yes,No,No,No,0.0,1070.83,456.68,0.0,0.894,Service Center,Edge,15,System,0.20367,415.0,16.0,24.0,Yes,315.0,Active,Not Applicable,30.0,Yes,Yes,3.0,3.0,0.0,0.0,1.0,Yes,No,0.0,3.0,Yes,Yes,Yes,No,No,Not Applicable,0.4264729228729117,High,9.0,0.0,Valid Claim
CLM01266,Refrigerator,Single Door,Cooling,Main Unit,Aster,24.0,No,Cooling Failure,Internal Component Failure,Not Applicable,Not Applicable,Not Applicable,Household,No,Not Applicable,Not Applicable,Not Applicable,Not Applicable,Not Applicable,Yes,,Yes,Yes,Yes,Yes,Not Applicable,Not Applicable,Not Applicable,Not Applicable,Not Applicable,Not Applicable,Not Applicable,No,0.0,Not Applicable,No,Not Applicable,Yes,Yes,No,No,No,1.0,615.53,85.7,0.0,0.95,Mobile App,Chrome,11,Dark,-1.40999,368.0,25.0,24.0,Yes,362.0,Active,Not Applicable,30.0,Yes,Yes,3.0,3.0,0.0,0.0,1.0,Yes,No,0.0,3.0,Yes,Yes,Yes,No,No,Not Applicable,0.139229607005345,High,8.0,3.0,Valid Claim
CLM01267,Refrigerator,Double Door,Power,Main Unit,Aster,24.0,No,Power Failure,Manufacturing Defect,Not Applicable,Not Applicable,Not Applicable,Household,Yes,Not Applicable,Not Applicable,Not Applicable,Not Applicable,Not Applicable,Yes,Yes,Yes,No,Yes,Yes,Not Applicable,Not Applicable,Not Applicable,Not Applicable,Not Applicable,Not Applicable,Not Applicable,No,0.0,Not Applicable,No,Not Applicable,Yes,Yes,No,No,No,0.0,2142.85,1817.83,0.0,0.858,Service Center,Firefox,33,Dark,-0.61646,639.0,6.0,24.0,Yes,91.0,Active,Not Applicable,30.0,Yes,Yes,3.0,3.0,0.0,0.0,1.0,Yes,No,0.0,3.0,Yes,Yes,Yes,No,No,Not Applicable,0.848323494411648,High,8.0,6.0,Valid Claim
CLM01268,Air Conditioner,Portable,Indoor Unit,Main Unit,Aster,24.0,No,Cooling Failure,Electrical Failure,Not Applicable,Not Applicable,Not Applicable,Not Applicable,No,Not Applicable,Not Applicable,No,Indoor Unit,Not Applicable,Yes,Yes,Yes,Yes,Yes,No,Yes,Not Applicable,Not Applicable,Not Applicable,Not Applicable,Not Applicable,Not Applicable,No,0.0,Not Applicable,No,Not Applicable,Yes,Yes,No,No,No,0.0,1993.05,,0.0,0.985,Mobile App,Edge,46,System,0.40807,487.0,11.0,24.0,Yes,243.0,Active,Not Applicable,30.0,Yes,Yes,4.0,3.0,1.0,0.0,0.75,No,No,1.0,3.0,Yes,Yes,Yes,No,No,Not Applicable,,High,1.0,3.0,Manual Review
CLM01269,Smartphone,Rugged Smartphone,Phone,Main Unit,NovaTech,12.0,Yes,Connectivity Issue,Electrical Failure,No,No,Not Applicable,Not Applicable,Not Applicable,Not Applicable,Not Applicable,Not Applicable,Not Applicable,Not Applicable,Yes,Yes,No,,Yes,Yes,Not Applicable,Not Applicable,Not Applicable,Not Applicable,Not Applicable,Not Applicable,Not Applicable,No,0.0,Not Applicable,No,Not Applicable,Yes,Yes,No,No,No,1.0,1693.07,1464.27,0.0,0.747,Mobile App,Safari,14,Dark,0.3959,444.0,3.0,12.0,Yes,286.0,Active,Not Applicable,30.0,Yes,Yes,3.0,3.0,0.0,0.0,1.0,Yes,No,0.0,3.0,Yes,Yes,Yes,No,No,No,0.8648608740335604,Medium,11.0,3.0,Valid Claim
CLM01270,Air Conditioner,Portable,Indoor Unit,Compressor,HomePro,60.0,No,Cooling Failure,Internal Component Failure,Not Applicable,Not Applicable,Not Applicable,Not Applicable,No,Not Applicable,Not Applicable,No,Indoor Unit,Not Applicable,Yes,Yes,Yes,Yes,Yes,Yes,Yes,Not Applicable,Not Applicable,No,Not Applicable,Not Applicable,,No,0.0,Not Applicable,No,Not Applicable,Yes,Yes,No,No,No,2.0,842.39,389.19,0.0,0.932,Mobile App,MobileWebView,9,Dark,0.90439,1717.0,8.0,60.0,Yes,109.0,Active,Active,30.0,Yes,Yes,5.0,4.0,1.0,0.0,0.8,No,No,1.0,4.0,Yes,Yes,Yes,No,No,Not Applicable,0.4620069089139235,High,4.0,4.0,Manual Review
CLM01271,Laptop,2-in-1,Not Sure,Power Adapter,ZenCore,12.0,No,Battery Problem,Manufacturing Defect,No,Yes,Unknown,Not Applicable,Not Applicable,Not Applicable,Not Applicable,Not Applicable,Not Applicable,Not Applicable,Yes,Yes,No,Yes,Yes,,Not Applicable,Not Applicable,Not Applicable,Not Applicable,Not Applicable,Not Applicable,Yes,Yes,2.0,Yes,No,Not Applicable,Yes,Yes,No,No,No,1.0,2276.94,1766.39,82.78,0.904,Web,Firefox,37,System,-0.23809,296.0,12.0,12.0,Yes,70.0,Active,Active,30.0,Yes,Yes,4.0,3.0,0.0,1.0,0.75,Unknown,No,0.0,3.0,Yes,Yes,Yes,Yes,No,Yes,0.7757736260068337,High,10.0,5.0,Valid Claim
CLM01272,Printer,Inkjet,Connection,Main Unit,HomePro,12.0,No,Connectivity Issue,Manufacturing Defect,Not Applicable,Not Applicable,Not Applicable,Not Applicable,Yes,Not Applicable,No,Not Applicable,Not Applicable,Original,Yes,Yes,No,Yes,Yes,Yes,Not Applicable,Not Applicable,Not Applicable,Not Applicable,Not Applicable,Yes,Not Applicable,No,0.0,Not Applicable,No,Not Applicable,Yes,Yes,No,No,No,2.0,686.31,595.8,0.0,0.727,Service Center,MobileWebView,57,System,-1.2397,176.0,20.0,12.0,Yes,190.0,Active,Not Applicable,30.0,Yes,Yes,4.0,4.0,0.0,0.0,1.0,Yes,No,0.0,4.0,Yes,Yes,Yes,No,No,No,0.8681208200375924,Medium,5.0,1.0,Valid Claim
CLM01273,Television,LED,Remote Control,Remote Control,PrimeView,6.0,No,Audio Failure,Manufacturing Defect,No,Not Applicable,Not Applicable,Not Applicable,Not Applicable,No,Not Applicable,Not Applicable,Not Applicable,Not Applicable,Yes,,No,Yes,Yes,Yes,Not Applicable,Not Applicable,Not Applicable,Not Applicable,Not Applicable,Not Applicable,Yes,Yes,3.0,Yes,No,Not Applicable,Yes,Yes,No,No,No,0.0,3173.61,1096.18,290.66,0.697,Service Center,Chrome,9,Dark,0.2405,73.0,12.0,6.0,Yes,108.0,Active,Active,30.0,Yes,Yes,4.0,4.0,0.0,0.0,1.0,Yes,No,0.0,4.0,Yes,Yes,Yes,Yes,No,No,0.3454047598791281,Low,3.0,6.0,Manual Review
CLM01274,Laptop,Gaming Laptop,Device,Main Unit,Aster,24.0,No,Display Failure,Electrical Failure,No,No,Not Applicable,Not Applicable,Not Applicable,Not Applicable,Not Applicable,Not Applicable,Not Applicable,Not Applicable,Yes,Yes,Yes,Yes,Yes,Yes,Not Applicable,Not Applicable,Not Applicable,Not Applicable,Not Applicable,Not Applicable,Not Applicable,No,0.0,Not Applicable,No,Not Applicable,Yes,Yes,No,No,No,0.0,1108.5,860.75,0.0,0.975,Mobile App,Firefox,46,Light,-0.91922,633.0,7.0,24.0,Yes,97.0,Active,Not Applicable,30.0,Yes,Yes,3.0,3.0,0.0,0.0,1.0,Yes,No,0.0,3.0,Yes,Yes,Yes,No,No,No,0.7764997744700045,High,8.0,2.0,Valid Claim
CLM01275,Refrigerator,Side-by-Side,Water Leakage,Main Unit,Aster,24.0,Yes,Water Leakage,Electrical Failure,Not Applicable,Not Applicable,Not Applicable,Household,Yes,Not Applicable,Not Applicable,Not Applicable,Not Applicable,Not Applicable,Yes,Yes,Yes,Yes,Yes,No,Not Applicable,Not Applicable,Not Applicable,Not Applicable,Not Applicable,Not Applicable,,Yes,3.0,Yes,Yes,Yes,Yes,Yes,No,No,No,0.0,1275.5,217.39,461.92,0.94,Web,Firefox,37,Dark,-0.61394,975.0,2.0,24.0,Yes,121.0,Active,Not Applicable,30.0,Yes,Yes,4.0,2.0,1.0,1.0,0.5,No,No,1.0,2.0,Yes,Yes,Yes,Yes,Yes,Not Applicable,0.1704351234809878,High,11.0,4.0,Manual Review
CLM01276,Camera,Compact,Camera Body,Camera Body,PrimeView,24.0,No,Battery Problem,Internal Component Failure,No,No,Yes,Not Applicable,Not Applicable,Not Applicable,Not Applicable,Not Applicable,Not Applicable,Not Applicable,Yes,Yes,Yes,Yes,Yes,Yes,Not Applicable,Not Applicable,Not Applicable,Not Applicable,Not Applicable,Not Applicable,Not Applicable,No,0.0,Not Applicable,No,Not Applicable,Yes,Yes,No,No,No,2.0,1197.61,505.01,0.0,0.824,Mobile App,Firefox,16,Dark,-0.0722,509.0,12.0,24.0,Yes,222.0,Active,Not Applicable,30.0,Yes,Yes,3.0,3.0,0.0,0.0,1.0,Yes,No,0.0,3.0,Yes,Yes,Yes,No,No,No,0.4216815156854068,Medium,9.0,1.0,Valid Claim
CLM01277,Smartphone,Foldable Smartphone,Phone,Main Unit,PrimeView,12.0,No,Display Failure,Manufacturing Defect,No,No,Not Applicable,Not Applicable,Not Applicable,Not Applicable,Not Applicable,Not Applicable,Not Applicable,Not Applicable,Yes,No,Yes,Yes,Yes,,Not Applicable,Not Applicable,Not Applicable,Not Applicable,Not Applicable,Not Applicable,Not Applicable,No,0.0,Not Applicable,No,Not Applicable,Yes,Yes,No,No,No,0.0,1166.51,375.51,0.0,0.953,Service Center,Safari,39,Light,0.57488,276.0,8.0,12.0,Yes,90.0,Active,Not Applicable,30.0,Yes,Yes,3.0,2.0,0.0,1.0,0.6666666666666666,Unknown,No,0.0,2.0,Yes,Yes,Yes,No,No,No,0.3219089420579334,High,10.0,2.0,Valid Claim
CLM01278,Washing Machine,Top Load,Power,Main Unit,PrimeView,24.0,No,Power Failure,Electrical Failure,Not Applicable,Not Applicable,Not Applicable,Household,No,Not Applicable,No,Not Applicable,Not Applicable,Not Applicable,Yes,Yes,No,Yes,Yes,No,Not Applicable,Not Applicable,Not Applicable,Not Applicable,Not Applicable,Not Applicable,Not Applicable,No,0.0,Not Applicable,No,Not Applicable,Yes,Yes,No,No,No,0.0,718.55,515.6,0.0,0.956,Service Center,Firefox,46,Light,0.89312,659.0,25.0,24.0,Yes,72.0,Active,Not Applicable,30.0,Yes,Yes,3.0,2.0,1.0,0.0,0.6666666666666666,No,No,1.0,2.0,Yes,Yes,Yes,No,No,No,0.7175561895483962,High,7.0,1.0,Manual Review
CLM01279,Refrigerator,Double Door,Power,Main Unit,HomePro,24.0,No,Power Failure,Electrical Failure,Not Applicable,Not Applicable,Not Applicable,Household,No,Not Applicable,Not Applicable,Not Applicable,Not Applicable,Not Applicable,Yes,Yes,Yes,Yes,Yes,,Not Applicable,Not Applicable,Not Applicable,Not Applicable,Not Applicable,Not Applicable,No,Yes,2.0,Yes,No,Not Applicable,Yes,Yes,No,No,No,1.0,880.36,111.63,294.14,0.899,Web,Chrome,51,Light,1.35073,380.0,9.0,24.0,Yes,351.0,Active,Not Applicable,30.0,Yes,Yes,4.0,2.0,1.0,1.0,0.5,No,No,1.0,2.0,Yes,Yes,Yes,Yes,No,Not Applicable,0.1268003998364305,High,4.0,5.0,Manual Review
CLM01280,Washing Machine,Top Load,Spinning,Motor,ZenCore,120.0,No,Mechanical Failure,Electrical Failure,Not Applicable,Not Applicable,Not Applicable,Household,No,Not Applicable,No,Not Applicable,Not Applicable,Not Applicable,Yes,Yes,Yes,Yes,Yes,Yes,Not Applicable,Not Applicable,Not Applicable,Yes,Not Applicable,Not Applicable,Not Applicable,No,0.0,Not Applicable,No,Not Applicable,Yes,Yes,No,No,No,2.0,920.99,422.13,0.0,0.746,Web,Firefox,6,Light,-0.15043,3458.0,8.0,120.0,Yes,195.0,Active,Active,30.0,Yes,Yes,4.0,4.0,0.0,0.0,1.0,Yes,No,0.0,4.0,Yes,Yes,Yes,No,No,No,0.45834373880281,Medium,12.0,4.0,Valid Claim
CLM01281,Printer,Inkjet,Paper Feed,Print Head,PrimeView,12.0,No,Paper Feed Failure,Internal Component Failure,Not Applicable,Not Applicable,Not Applicable,Not Applicable,No,Not Applicable,No,Not Applicable,Not Applicable,Original,Yes,Yes,No,Yes,Yes,No,Not Applicable,Not Applicable,Not Applicable,Not Applicable,Not Applicable,Yes,Yes,Yes,1.0,Yes,No,Not Applicable,Yes,Yes,No,No,No,1.0,891.21,791.12,54.66,0.617,Mobile App,Chrome,39,Light,0.44764,360.0,30.0,12.0,Yes,6.0,Nearing Expiry,Nearing Expiry,30.0,Yes,Yes,5.0,4.0,1.0,0.0,0.8,No,No,1.0,4.0,Yes,Yes,Yes,Yes,No,No,0.8876920142278475,Low,5.0,6.0,Manual Review
CLM01282,Refrigerator,Side-by-Side,Water Leakage,Main Unit,Aster,24.0,No,Water Leakage,Manufacturing Defect,Not Applicable,Not Applicable,Not Applicable,Household,No,Not Applicable,Not Applicable,Not Applicable,Not Applicable,Not Applicable,Yes,Yes,No,Yes,Yes,Yes,Not Applicable,Not Applicable,Not Applicable,Not Applicable,Not Applicable,Not Applicable,No,Yes,1.0,Yes,No,Not Applicable,Yes,Yes,No,No,No,1.0,1475.75,1076.07,149.93,,Mobile App,Firefox,27,System,-0.06972,479.0,5.0,24.0,Yes,252.0,Active,Not Applicable,30.0,Yes,Yes,4.0,3.0,1.0,0.0,0.75,No,No,1.0,3.0,Yes,Yes,Yes,Yes,No,Not Applicable,0.7291682195493816,Unknown,10.0,6.0,Manual Review
CLM01283,Printer,Laser,Connection,Main Unit,HomePro,12.0,Yes,Connectivity Issue,Manufacturing Defect,Not Applicable,Not Applicable,Not Applicable,Not Applicable,Yes,Not Applicable,No,Not Applicable,Not Applicable,Original,No,Yes,No,Yes,,Yes,Not Applicable,Not Applicable,Not Applicable,Not Applicable,Not Applicable,Yes,Yes,Yes,2.0,Yes,No,Not Applicable,Yes,Yes,No,No,No,0.0,996.69,751.75,209.97,0.983,Mobile App,Chrome,17,System,-0.75558,460.0,8.0,12.0,Yes,270.0,Active,Not Applicable,30.0,Yes,Yes,5.0,4.0,0.0,1.0,0.8,Unknown,Unknown,0.0,4.0,No,Yes,Yes,Yes,No,No,0.7542465561006932,High,7.0,5.0,Manual Review
CLM01284,Television,OLED,Sound,Main Unit,Aster,24.0,No,Audio Failure,Electrical Failure,No,Not Applicable,Not Applicable,Not Applicable,Not Applicable,Yes,Not Applicable,Not Applicable,Not Applicable,Not Applicable,Yes,No,No,Yes,Yes,No,Not Applicable,Not Applicable,Not Applicable,Not Applicable,Not Applicable,Not Applicable,Not Applicable,No,0.0,Not Applicable,No,Not Applicable,Yes,Yes,No,No,No,1.0,2824.11,263.87,0.0,0.992,Web,Firefox,49,System,0.3236,623.0,4.0,24.0,Yes,107.0,Active,Not Applicable,30.0,Yes,Yes,3.0,2.0,1.0,0.0,0.6666666666666666,No,No,1.0,2.0,Yes,Yes,Yes,No,No,No,0.0934347458137253,High,5.0,3.0,Manual Review
CLM01285,Printer,Inkjet,Printing,Main Unit,NovaTech,12.0,No,Mechanical Failure,Manufacturing Defect,Not Applicable,Not Applicable,Not Applicable,Not Applicable,Yes,Not Applicable,No,Not Applicable,Not Applicable,Original,Yes,Yes,No,Yes,Yes,,Not Applicable,Not Applicable,Not Applicable,Not Applicable,Not Applicable,Yes,Not Applicable,No,0.0,Not Applicable,No,Not Applicable,Yes,Yes,No,No,No,1.0,335.46,72.07,0.0,0.776,Web,MobileWebView,5,Light,1.49107,260.0,8.0,12.0,Yes,105.0,Active,Not Applicable,30.0,Yes,Yes,4.0,3.0,0.0,1.0,0.75,Unknown,No,0.0,3.0,Yes,Yes,Yes,No,No,No,0.2148393251058248,Medium,11.0,6.0,Valid Claim
CLM01286,Washing Machine,Washer Dryer,Other,Motor,HomePro,120.0,No,Mechanical Failure,Internal Component Failure,Not Applicable,Not Applicable,Not Applicable,Business,No,Not Applicable,No,Not Applicable,Not Applicable,Not Applicable,Yes,,Yes,Yes,Yes,Yes,Not Applicable,Not Applicable,Not Applicable,Yes,Not Applicable,Not Applicable,Not Applicable,No,0.0,Not Applicable,No,Not Applicable,Yes,Yes,No,No,No,0.0,1663.29,986.29,0.0,0.725,Service Center,MobileWebView,33,Dark,-0.10716,3604.0,11.0,120.0,Yes,49.0,Active,Active,30.0,Yes,Yes,4.0,4.0,0.0,0.0,1.0,Yes,No,0.0,4.0,Yes,Yes,Yes,No,No,No,0.592975368095762,Medium,2.0,5.0,Valid Claim
CLM01287,Washing Machine,Front Load,Water Leakage,Main Unit,PrimeView,24.0,No,Water Leakage,Internal Component Failure,Not Applicable,Not Applicable,Not Applicable,Household,No,Not Applicable,Yes,Not Applicable,Not Applicable,Not Applicable,Yes,,No,Yes,Yes,Yes,Not Applicable,Not Applicable,Not Applicable,Not Applicable,Not Applicable,Not Applicable,Not Applicable,No,0.0,Not Applicable,No,Not Applicable,Yes,Yes,No,No,No,1.0,371.65,48.03,0.0,0.734,Web,Chrome,49,Dark,0.46002,637.0,17.0,24.0,Yes,94.0,Active,Not Applicable,30.0,Yes,Yes,3.0,3.0,0.0,0.0,1.0,Yes,No,0.0,3.0,Yes,Yes,Yes,No,No,Yes,0.1292344948203955,Medium,11.0,4.0,Valid Claim
CLM01288,Smartphone,Foldable Smartphone,Battery,Battery,PrimeView,12.0,No,Connectivity Issue,Electrical Failure,No,No,Yes,Not Applicable,Not Applicable,Not Applicable,Not Applicable,Not Applicable,Not Applicable,Not Applicable,Yes,Yes,Yes,Yes,Yes,Yes,Not Applicable,No,Not Applicable,Not Applicable,Not Applicable,Not Applicable,Not Applicable,No,0.0,Not Applicable,No,Not Applicable,Yes,Yes,No,No,No,1.0,1044.25,928.02,0.0,0.98,Web,MobileWebView,32,Light,1.55543,244.0,16.0,12.0,Yes,122.0,Active,Active,30.0,Yes,Yes,4.0,3.0,1.0,0.0,0.75,No,No,1.0,3.0,Yes,Yes,Yes,No,No,No,0.8886952358151783,High,2.0,0.0,Manual Review
CLM01289,Refrigerator,Single Door,Other,Main Unit,Aster,24.0,No,Mechanical Failure,Internal Component Failure,Not Applicable,Not Applicable,Not Applicable,Household,No,Not Applicable,Not Applicable,Not Applicable,Not Applicable,Not Applicable,Yes,Yes,No,Yes,Yes,Yes,Not Applicable,Not Applicable,Not Applicable,Not Applicable,Not Applicable,Not Applicable,Not Applicable,No,0.0,Not Applicable,No,Not Applicable,Yes,Yes,No,No,No,0.0,2484.54,2297.39,0.0,0.744,Web,Edge,13,Light,0.38362,429.0,9.0,24.0,Yes,302.0,Active,Not Applicable,30.0,Yes,Yes,3.0,3.0,0.0,0.0,1.0,Yes,No,0.0,3.0,Yes,Yes,Yes,No,No,Not Applicable,0.9246741851610358,Medium,8.0,4.0,Valid Claim
CLM01290,Camera,Action Camera,Camera Body,Camera Body,PrimeView,24.0,No,Display Failure,Electrical Failure,No,Unknown,Not Applicable,Not Applicable,Not Applicable,Not Applicable,Not Applicable,Not Applicable,Not Applicable,Not Applicable,,,Yes,Yes,Yes,Yes,Not Applicable,Not Applicable,Not Applicable,Not Applicable,Not Applicable,Not Applicable,Not Applicable,No,0.0,Not Applicable,No,Not Applicable,Yes,Yes,No,No,No,0.0,837.6,400.43,0.0,0.976,Email,Edge,25,System,0.53754,615.0,21.0,24.0,Yes,116.0,Active,Not Applicable,30.0,Yes,Yes,3.0,3.0,0.0,0.0,1.0,Yes,No,0.0,3.0,,Yes,Yes,No,No,Unknown,0.4780682903533906,High,10.0,2.0,Valid Claim
CLM01291,Television,Mini-LED,Sound,Main Unit,PrimeView,24.0,No,Audio Failure,Electrical Failure,No,Not Applicable,Not Applicable,Not Applicable,Not Applicable,No,Not Applicable,Not Applicable,Not Applicable,Not Applicable,Yes,Yes,No,Yes,No,,Not Applicable,Not Applicable,Not Applicable,Not Applicable,Not Applicable,Not Applicable,,No,0.0,Not Applicable,No,Not Applicable,Yes,Yes,No,No,No,1.0,2222.3,1264.27,0.0,0.533,Web,Chrome,21,Dark,-0.85121,686.0,17.0,24.0,Yes,45.0,Active,Not Applicable,30.0,Yes,Yes,3.0,1.0,1.0,1.0,0.3333333333333333,No,Yes,1.0,1.0,Yes,Yes,Yes,No,No,No,0.5689015884444044,Low,10.0,1.0,Manual Review
CLM01292,Air Conditioner,Portable,Not Sure,Main Unit,Aster,24.0,No,Cooling Failure,Manufacturing Defect,Not Applicable,Not Applicable,Not Applicable,Not Applicable,No,Not Applicable,Not Applicable,No,Not Sure,Not Applicable,Yes,,No,Yes,Yes,No,Yes,Not Applicable,Not Applicable,Not Applicable,Not Applicable,Not Applicable,Not Applicable,No,0.0,Not Applicable,No,Not Applicable,Yes,Yes,No,No,No,1.0,1538.7,952.04,0.0,0.818,Web,Chrome,38,System,0.14273,730.0,18.0,24.0,Yes,1.0,Nearing Expiry,Not Applicable,30.0,Yes,Yes,4.0,3.0,1.0,0.0,0.75,No,No,1.0,3.0,Yes,Yes,Yes,No,No,Not Applicable,0.6187300968349906,Medium,3.0,4.0,Manual Review
CLM01293,Camera,DSLR,Lens,Lens,Aster,24.0,No,Display Failure,Internal Component Failure,No,No,Not Applicable,Not Applicable,Not Applicable,Not Applicable,Not Applicable,Not Applicable,Not Applicable,Not Applicable,No,Yes,No,Yes,Yes,,Not Applicable,Not Applicable,Not Applicable,Not Applicable,Yes,Not Applicable,No,Yes,1.0,Yes,No,Not Applicable,Yes,Yes,No,No,No,0.0,2702.73,1976.04,,0.577,Mobile App,Safari,48,Dark,-0.7896,658.0,5.0,24.0,Yes,73.0,Active,Active,30.0,Yes,Yes,5.0,3.0,1.0,1.0,0.6,No,No,1.0,3.0,No,Yes,Yes,Yes,No,No,0.7311274156131022,Low,8.0,6.0,Manual Review
CLM01294,Television,Mini-LED,Not Sure,Main Unit,PrimeView,24.0,No,Audio Failure,Internal Component Failure,No,Not Applicable,Not Applicable,Not Applicable,Not Applicable,No,Not Applicable,Not Applicable,Not Applicable,Not Applicable,Yes,No,Yes,Yes,Yes,Yes,Not Applicable,Not Applicable,Not Applicable,Not Applicable,Not Applicable,Not Applicable,Yes,Yes,3.0,Yes,No,Not Applicable,Yes,Yes,No,No,No,1.0,2705.78,1453.67,,0.982,Mobile App,MobileWebView,32,Light,2.50616,501.0,1.0,24.0,Yes,230.0,Active,Not Applicable,30.0,Yes,Yes,4.0,4.0,0.0,0.0,1.0,Yes,No,0.0,4.0,Yes,Yes,Yes,Yes,No,No,0.5372461914863736,High,3.0,5.0,Valid Claim
CLM01295,Washing Machine,Washer Dryer,Noise,Main Unit,ZenCore,24.0,Yes,Noise,Electrical Failure,Not Applicable,Not Applicable,Not Applicable,Household,Yes,Not Applicable,No,Not Applicable,Not Applicable,Not Applicable,Yes,Yes,Yes,Yes,Yes,Yes,Not Applicable,Not Applicable,Not Applicable,Not Applicable,Not Applicable,Not Applicable,Not Applicable,No,0.0,Not Applicable,No,Not Applicable,Yes,Yes,No,No,No,2.0,536.52,110.09,0.0,0.878,Web,Safari,28,System,-0.49091,1046.0,12.0,24.0,Yes,50.0,Active,Not Applicable,30.0,Yes,Yes,3.0,3.0,0.0,0.0,1.0,Yes,No,0.0,3.0,Yes,Yes,Yes,No,No,No,0.2051927234772236,High,10.0,2.0,Valid Claim
CLM01296,Printer,Thermal,Printing,Main Unit,PrimeView,12.0,Yes,Mechanical Failure,Internal Component Failure,Not Applicable,Not Applicable,Not Applicable,Not Applicable,Yes,Not Applicable,Yes,Not Applicable,Not Applicable,Original,Yes,,Yes,Yes,,Yes,Not Applicable,Not Applicable,Not Applicable,Not Applicable,Not Applicable,Yes,Not Applicable,No,0.0,Not Applicable,No,Not Applicable,Yes,Yes,No,No,No,0.0,574.37,155.62,0.0,0.778,Service Center,Edge,17,Dark,-0.77012,548.0,8.0,12.0,Yes,182.0,Active,Not Applicable,30.0,Yes,Yes,4.0,3.0,0.0,1.0,0.75,Unknown,Unknown,0.0,3.0,Yes,Yes,Yes,No,No,Yes,0.2709403346275049,Medium,1.0,1.0,Manual Review
CLM01297,Air Conditioner,Split,Indoor Unit,Main Unit,ZenCore,24.0,No,Noise,Internal Component Failure,Not Applicable,Not Applicable,Not Applicable,Not Applicable,No,Not Applicable,Not Applicable,Yes,Indoor Unit,Not Applicable,Yes,Yes,Yes,Yes,Yes,Yes,Yes,Not Applicable,Not Applicable,Not Applicable,Not Applicable,Not Applicable,Not Applicable,No,0.0,Not Applicable,No,Not Applicable,Yes,Yes,No,Yes,No,0.0,1491.35,971.82,0.0,,Web,Chrome,17,Light,0.41079,557.0,19.0,24.0,Yes,174.0,Active,Not Applicable,30.0,Yes,Yes,4.0,4.0,0.0,0.0,1.0,Yes,No,0.0,4.0,Yes,Yes,Yes,No,No,Not Applicable,0.6516377778522816,Unknown,3.0,5.0,Valid Claim
CLM01298,Refrigerator,French Door,Not Sure,Main Unit,HomePro,24.0,No,Cooling Failure,Manufacturing Defect,Not Applicable,Not Applicable,Not Applicable,Household,Yes,Not Applicable,Not Applicable,Not Applicable,Not Applicable,Not Applicable,,No,Yes,Yes,Yes,Yes,Not Applicable,Not Applicable,Not Applicable,Not Applicable,Not Applicable,Not Applicable,Not Applicable,No,0.0,Not Applicable,No,Not Applicable,Yes,Yes,No,No,No,0.0,1493.09,537.14,0.0,0.963,Service Center,Edge,4,Light,1.41074,390.0,7.0,24.0,Yes,341.0,Active,Not Applicable,30.0,Yes,Yes,3.0,3.0,0.0,0.0,1.0,Yes,No,0.0,3.0,,Yes,Yes,No,No,Not Applicable,0.359750584358612,High,7.0,5.0,Valid Claim
CLM01299,Laptop,Business Laptop,Device,Main Unit,NovaTech,24.0,No,Battery Problem,Internal Component Failure,No,No,Yes,Not Applicable,Not Applicable,Not Applicable,Not Applicable,Not Applicable,Not Applicable,Not Applicable,Yes,No,Yes,Yes,Yes,Yes,Not Applicable,Not Applicable,Not Applicable,Not Applicable,Not Applicable,Not Applicable,Not Applicable,No,0.0,Not Applicable,Yes,Yes,Yes,Yes,No,No,No,2.0,836.01,76.37,0.0,0.718,Email,Chrome,39,Dark,-1.26364,591.0,10.0,24.0,Yes,140.0,Active,Not Applicable,30.0,Yes,Yes,3.0,3.0,0.0,0.0,1.0,Yes,No,0.0,3.0,Yes,Yes,Yes,No,Yes,No,0.0913505819308381,Medium,2.0,1.0,Valid Claim
CLM01300,Camera,Mirrorless,Camera Body,Camera Body,NovaTech,24.0,No,Lens Failure,Electrical Failure,No,No,Not Applicable,Not Applicable,Not Applicable,Not Applicable,Not Applicable,Not Applicable,Not Applicable,Not Applicable,Yes,Yes,Yes,Yes,No,Yes,Not Applicable,Not Applicable,Not Applicable,Not Applicable,Not Applicable,Not Applicable,Not Applicable,No,0.0,Not Applicable,No,Not Applicable,Yes,Yes,No,No,No,0.0,1063.95,754.46,0.0,0.969,Web,Firefox,53,System,0.6114,579.0,7.0,24.0,Yes,151.0,Active,Not Applicable,30.0,Yes,Yes,3.0,2.0,1.0,0.0,0.6666666666666666,No,Yes,1.0,2.0,Yes,Yes,Yes,No,No,No,0.7091122703134546,High,3.0,3.0,Manual Review
CLM01301,Printer,Laser,Paper Feed,Main Unit,HomePro,12.0,No,Paper Feed Failure,Internal Component Failure,Not Applicable,Not Applicable,Not Applicable,Not Applicable,No,Not Applicable,No,Not Applicable,Not Applicable,Original,Yes,No,Yes,Yes,Yes,Yes,Not Applicable,Not Applicable,Not Applicable,Not Applicable,Not Applicable,Yes,Not Applicable,No,0.0,Not Applicable,No,Not Applicable,Yes,Yes,No,No,No,0.0,503.07,69.75,0.0,0.744,Email,MobileWebView,14,Dark,-0.82325,286.0,15.0,12.0,Yes,80.0,Active,Not Applicable,30.0,Yes,Yes,4.0,4.0,0.0,0.0,1.0,Yes,No,0.0,4.0,Yes,Yes,Yes,No,No,No,0.1386486970004174,Medium,8.0,1.0,Valid Claim
CLM01302,Television,LED,Power,Main Unit,Aster,24.0,No,Power Failure,Manufacturing Defect,No,Not Applicable,Not Applicable,Not Applicable,Not Applicable,No,Not Applicable,Not Applicable,Not Applicable,Not Applicable,No,Yes,Yes,Yes,Yes,Yes,Not Applicable,Not Applicable,Not Applicable,Not Applicable,Not Applicable,Not Applicable,Not Applicable,No,0.0,Not Applicable,No,Not Applicable,Yes,Yes,No,No,No,1.0,2907.7,1404.4,0.0,0.732,Web,Chrome,45,Dark,-1.154,650.0,17.0,24.0,Yes,81.0,Active,Not Applicable,30.0,Yes,Yes,3.0,3.0,0.0,0.0,1.0,Yes,No,0.0,3.0,No,Yes,Yes,No,No,No,0.482993431234309,Medium,4.0,1.0,Valid Claim
CLM01303,Refrigerator,Single Door,Noise,Main Unit,HomePro,24.0,No,Noise,Manufacturing Defect,Not Applicable,Not Applicable,Not Applicable,Business,Yes,Not Applicable,Not Applicable,Not Applicable,Not Applicable,Not Applicable,Yes,Yes,Yes,Yes,Yes,Yes,Not Applicable,Not Applicable,Not Applicable,Not Applicable,Not Applicable,Not Applicable,Not Applicable,No,0.0,Not Applicable,No,Not Applicable,Yes,Yes,No,Yes,No,1.0,2410.89,2286.63,0.0,0.799,Service Center,Safari,44,Light,0.00945,669.0,23.0,24.0,Yes,62.0,Active,Not Applicable,30.0,Yes,Yes,3.0,3.0,0.0,0.0,1.0,Yes,No,0.0,3.0,Yes,Yes,Yes,No,No,Not Applicable,0.948458867886963,Medium,11.0,0.0,Valid Claim
CLM01304,Camera,DSLR,Not Sure,Lens,NovaTech,24.0,No,Battery Problem,Internal Component Failure,No,No,No,Not Applicable,Not Applicable,Not Applicable,Not Applicable,Not Applicable,Not Applicable,Not Applicable,Yes,Yes,Yes,Yes,Yes,No,Not Applicable,Not Applicable,Not Applicable,Not Applicable,Yes,Not Applicable,Not Applicable,No,0.0,Not Applicable,No,Not Applicable,Yes,Yes,No,No,No,1.0,3311.65,,0.0,0.794,Service Center,MobileWebView,24,Dark,-0.41076,495.0,14.0,24.0,Yes,235.0,Active,Active,30.0,Yes,Yes,4.0,3.0,1.0,0.0,0.75,No,No,1.0,3.0,Yes,Yes,Yes,No,No,No,,Medium,4.0,6.0,Manual Review
CLM01305,Air Conditioner,Split,Outdoor Unit,Main Unit,Aster,24.0,Yes,Noise,Manufacturing Defect,Not Applicable,Not Applicable,Not Applicable,Not Applicable,No,Not Applicable,Not Applicable,No,Outdoor Unit,Not Applicable,Yes,Yes,Yes,Yes,Yes,Yes,Yes,Not Applicable,Not Applicable,Not Applicable,Not Applicable,Not Applicable,,No,0.0,Not Applicable,No,Not Applicable,Yes,Yes,No,No,No,2.0,2267.8,1441.82,0.0,0.812,Mobile App,Chrome,1,Dark,-0.85245,792.0,11.0,24.0,Yes,304.0,Active,Not Applicable,30.0,Yes,Yes,4.0,4.0,0.0,0.0,1.0,Yes,No,0.0,4.0,Yes,Yes,Yes,No,No,Not Applicable,0.6357791692389099,Medium,5.0,2.0,Valid Claim
CLM01306,Air Conditioner,Portable,Outdoor Unit,Main Unit,HomePro,24.0,Yes,Water Leakage,Internal Component Failure,Not Applicable,Not Applicable,Not Applicable,Not Applicable,Unknown,Not Applicable,Not Applicable,No,Outdoor Unit,Not Applicable,Yes,Yes,Yes,Yes,Yes,Yes,Yes,Not Applicable,Not Applicable,Not Applicable,Not Applicable,Not Applicable,Not Applicable,No,0.0,Not Applicable,No,Not Applicable,Yes,Yes,No,No,No,0.0,2209.05,1212.73,0.0,0.741,Web,Edge,16,Light,0.50027,938.0,24.0,24.0,Yes,158.0,Active,Not Applicable,30.0,Yes,Yes,4.0,4.0,0.0,0.0,1.0,Yes,No,0.0,4.0,Yes,Yes,Yes,No,No,Not Applicable,0.5489825943278784,Medium,7.0,0.0,Valid Claim
CLM01307,Washing Machine,Front Load,Noise,Main Unit,ZenCore,24.0,No,Noise,Electrical Failure,Not Applicable,Not Applicable,Not Applicable,Household,No,Not Applicable,No,Not Applicable,Not Applicable,Not Applicable,No,Yes,Yes,No,No,Yes,Not Applicable,Not Applicable,Not Applicable,Not Applicable,Not Applicable,Not Applicable,,No,0.0,Not Applicable,No,Not Applicable,Yes,Yes,No,No,No,1.0,1530.01,787.24,0.0,0.817,Service Center,Chrome,23,System,-0.33849,470.0,20.0,24.0,Yes,260.0,Active,Not Applicable,30.0,Yes,Yes,3.0,2.0,1.0,0.0,0.6666666666666666,No,Yes,1.0,2.0,No,Yes,Yes,No,No,No,0.514532584754348,Medium,8.0,4.0,Manual Review
CLM01308,Laptop,2-in-1,Device,Main Unit,ZenCore,24.0,Yes,Battery Problem,Electrical Failure,No,No,Yes,Not Applicable,Not Applicable,Not Applicable,Not Applicable,Not Applicable,Not Applicable,Not Applicable,Yes,Yes,No,Yes,Yes,Yes,Not Applicable,Not Applicable,Not Applicable,Not Applicable,Not Applicable,Not Applicable,Yes,Yes,2.0,Yes,No,Not Applicable,Yes,Yes,No,No,No,1.0,1578.99,1371.49,235.78,0.908,Web,Safari,4,Dark,0.10494,804.0,21.0,24.0,Yes,292.0,Active,Not Applicable,30.0,Yes,Yes,4.0,4.0,0.0,0.0,1.0,Yes,No,0.0,4.0,Yes,Yes,Yes,Yes,No,No,0.8685868814875332,High,1.0,5.0,Valid Claim
CLM01309,Television,Mini-LED,Remote Control,Remote Control,Aster,6.0,No,Power Failure,Electrical Failure,No,Not Applicable,Not Applicable,Not Applicable,Not Applicable,No,Not Applicable,Not Applicable,Not Applicable,Not Applicable,No,Yes,No,Yes,Yes,Yes,Not Applicable,Not Applicable,Not Applicable,Not Applicable,Not Applicable,Not Applicable,Not Applicable,No,0.0,Not Applicable,Yes,Yes,Yes,Yes,No,No,No,0.0,2153.42,972.87,0.0,0.509,Web,MobileWebView,45,System,-0.25359,100.0,10.0,6.0,Yes,82.0,Active,Active,30.0,Yes,Yes,3.0,3.0,0.0,0.0,1.0,Yes,No,0.0,3.0,No,Yes,Yes,No,Yes,No,0.4517790305653332,Low,1.0,3.0,Manual Review
CLM01310,Camera,DSLR,Camera Body,Camera Body,NovaTech,24.0,No,Display Failure,Manufacturing Defect,No,No,Not Applicable,Not Applicable,Not Applicable,Not Applicable,Not Applicable,Not Applicable,Not Applicable,Not Applicable,Yes,Yes,Yes,Yes,Yes,Yes,Not Applicable,Not Applicable,Not Applicable,Not Applicable,Not Applicable,Not Applicable,Yes,Yes,2.0,Yes,No,Not Applicable,Unknown,Yes,No,No,No,2.0,1778.34,684.21,,0.822,Mobile App,Edge,36,System,0.83446,521.0,7.0,24.0,Yes,210.0,Active,Not Applicable,30.0,Yes,Yes,4.0,4.0,0.0,0.0,1.0,Yes,No,0.0,4.0,Yes,Yes,Unknown,Yes,No,No,0.3847464489355242,Medium,4.0,0.0,Manual Review
CLM01311,Laptop,Consumer Laptop,Not Sure,Main Unit,ZenCore,24.0,No,Display Failure,Electrical Failure,No,No,Not Applicable,Not Applicable,Not Applicable,Not Applicable,Not Applicable,Not Applicable,Not Applicable,Not Applicable,Yes,Yes,Yes,Yes,Yes,No,Not Applicable,Not Applicable,Not Applicable,Not Applicable,Not Applicable,Not Applicable,Not Applicable,No,0.0,Not Applicable,No,Not Applicable,Yes,Yes,No,No,No,1.0,836.91,482.97,0.0,0.72,Mobile App,Safari,24,System,0.37481,707.0,5.0,24.0,Yes,23.0,Nearing Expiry,Not Applicable,30.0,Yes,Yes,3.0,2.0,1.0,0.0,0.6666666666666666,No,No,1.0,2.0,Yes,Yes,Yes,No,No,No,0.5770871419865936,Medium,1.0,0.0,Manual Review
CLM01312,Laptop,2-in-1,Device,Main Unit,Aster,24.0,No,Battery Problem,Internal Component Failure,No,No,Unknown,Not Applicable,Not Applicable,Not Applicable,Not Applicable,Not Applicable,Not Applicable,Not Applicable,Yes,Yes,No,Yes,Yes,,Not Applicable,Not Applicable,Not Applicable,Not Applicable,Not Applicable,Not Applicable,Not Applicable,No,0.0,Not Applicable,No,Not Applicable,Yes,Yes,No,No,No,0.0,1997.56,586.3,0.0,0.723,Web,Chrome,31,Light,0.76992,594.0,6.0,24.0,Yes,136.0,Active,Not Applicable,30.0,Yes,Yes,3.0,2.0,0.0,1.0,0.6666666666666666,Unknown,No,0.0,2.0,Yes,Yes,Yes,No,No,No,0.293508079857426,Medium,10.0,4.0,Valid Claim
CLM01313,Camera,Action Camera,Camera Body,Camera Body,NovaTech,24.0,No,Connectivity Issue,Electrical Failure,No,No,Not Applicable,Not Applicable,Not Applicable,Not Applicable,Not Applicable,Not Applicable,Not Applicable,Not Applicable,Yes,Yes,Yes,Yes,Yes,Yes,Not Applicable,Not Applicable,Not Applicable,Not Applicable,Not Applicable,Not Applicable,Not Applicable,No,0.0,Not Applicable,Yes,Yes,Yes,Yes,No,No,No,0.0,961.29,579.97,0.0,0.787,Service Center,MobileWebView,47,System,-1.5776,715.0,2.0,24.0,Yes,16.0,Nearing Expiry,Not Applicable,30.0,Yes,Yes,3.0,3.0,0.0,0.0,1.0,Yes,No,0.0,3.0,Yes,Yes,Yes,No,Yes,No,0.6033246991022481,Medium,12.0,5.0,Valid Claim
CLM01314,Printer,Laser,Power,Main Unit,PrimeView,12.0,No,Power Failure,Manufacturing Defect,Not Applicable,Not Applicable,Not Applicable,Not Applicable,Yes,Not Applicable,No,Not Applicable,Not Applicable,Original,Yes,Yes,Yes,Yes,Yes,,Not Applicable,Not Applicable,Not Applicable,Not Applicable,Not Applicable,Yes,Not Applicable,No,0.0,Not Applicable,Yes,Yes,Yes,Yes,No,No,No,1.0,835.23,506.8,0.0,0.921,Mobile App,Safari,10,Dark,0.7954,219.0,20.0,12.0,Yes,147.0,Active,Not Applicable,30.0,Yes,Yes,4.0,3.0,0.0,1.0,0.75,Unknown,No,0.0,3.0,Yes,Yes,Yes,No,Yes,No,0.6067789710618632,High,8.0,1.0,Manual Review
CLM01315,Laptop,2-in-1,Device,Main Unit,NovaTech,24.0,No,Display Failure,Manufacturing Defect,No,No,Not Applicable,Not Applicable,Not Applicable,Not Applicable,Not Applicable,Not Applicable,Not Applicable,Not Applicable,Yes,Yes,Yes,Yes,Yes,No,Not Applicable,Not Applicable,Not Applicable,Not Applicable,Not Applicable,Not Applicable,Not Applicable,No,0.0,Not Applicable,No,Not Applicable,Yes,Yes,No,No,No,0.0,2190.62,615.68,0.0,0.844,Web,Firefox,59,System,-1.36944,670.0,13.0,24.0,Yes,61.0,Active,Not Applicable,30.0,Yes,Yes,3.0,2.0,1.0,0.0,0.6666666666666666,No,No,1.0,2.0,Yes,Yes,Yes,No,No,No,0.2810528526170673,Medium,7.0,2.0,Manual Review
CLM01316,Refrigerator,Side-by-Side,Noise,Main Unit,ZenCore,24.0,No,Noise,Electrical Failure,Not Applicable,Not Applicable,Not Applicable,Household,Yes,Not Applicable,Not Applicable,Not Applicable,Not Applicable,Not Applicable,No,Yes,Yes,Yes,Yes,Yes,Not Applicable,Not Applicable,Not Applicable,Not Applicable,Not Applicable,Not Applicable,,Yes,3.0,Yes,No,Not Applicable,Yes,Yes,No,No,No,0.0,1339.26,893.15,408.55,0.951,Web,Chrome,30,System,-1.06948,410.0,21.0,24.0,Yes,321.0,Active,Not Applicable,30.0,Yes,Yes,4.0,3.0,0.0,1.0,0.75,Unknown,No,0.0,3.0,No,Yes,Yes,Yes,No,Not Applicable,0.6668981377775787,High,4.0,0.0,Manual Review
CLM01317,Laptop,Gaming Laptop,Device,Main Unit,NovaTech,24.0,No,Battery Problem,Manufacturing Defect,No,No,Yes,Not Applicable,Not Applicable,Not Applicable,Not Applicable,Not Applicable,Not Applicable,Not Applicable,Yes,Yes,Yes,Yes,Yes,Yes,Not Applicable,Not Applicable,Not Applicable,Not Applicable,Not Applicable,Not Applicable,Not Applicable,No,0.0,Not Applicable,No,Not Applicable,Yes,Yes,No,No,No,1.0,1057.09,990.21,0.0,0.983,Mobile App,Safari,44,System,-0.13183,577.0,4.0,24.0,Yes,154.0,Active,Not Applicable,30.0,Yes,Yes,3.0,3.0,0.0,0.0,1.0,Yes,No,0.0,3.0,Yes,Yes,Yes,No,No,No,0.936731971733722,High,1.0,0.0,Valid Claim
CLM01318,Smartphone,Standard Smartphone,Phone,Main Unit,Aster,12.0,No,Overheating,Electrical Failure,No,No,Not Applicable,Not Applicable,Not Applicable,Not Applicable,Not Applicable,Not Applicable,Not Applicable,Not Applicable,Yes,Yes,No,Yes,Yes,Yes,Not Applicable,Not Applicable,Not Applicable,Not Applicable,Not Applicable,Not Applicable,Not Applicable,No,0.0,Not Applicable,No,Not Applicable,Yes,Yes,No,No,No,1.0,1735.33,1422.99,0.0,0.811,Web,Chrome,9,System,-1.73192,336.0,7.0,12.0,Yes,29.0,Nearing Expiry,Not Applicable,30.0,Yes,Yes,3.0,3.0,0.0,0.0,1.0,Yes,No,0.0,3.0,Yes,Yes,Yes,No,No,No,0.8200111794298491,Medium,1.0,6.0,Valid Claim
CLM01319,Smartphone,Rugged Smartphone,Phone,Main Unit,NovaTech,12.0,No,Overheating,Manufacturing Defect,No,No,Not Applicable,Not Applicable,Not Applicable,Not Applicable,Not Applicable,Not Applicable,Not Applicable,Not Applicable,Yes,Yes,Yes,Yes,Yes,Yes,Not Applicable,Not Applicable,Not Applicable,Not Applicable,Not Applicable,Not Applicable,Not Applicable,No,0.0,Not Applicable,No,Not Applicable,Yes,Yes,No,No,No,3.0,1448.5,806.29,0.0,0.988,Mobile App,Firefox,7,Light,-0.49624,232.0,13.0,12.0,Yes,133.0,Active,Not Applicable,30.0,Yes,Yes,3.0,3.0,0.0,0.0,1.0,Yes,No,0.0,3.0,Yes,Yes,Yes,No,No,No,0.5566379012771833,High,3.0,3.0,Valid Claim
CLM01320,Printer,Inkjet,Power,Main Unit,HomePro,12.0,No,Power Failure,Electrical Failure,Not Applicable,Not Applicable,Not Applicable,Not Applicable,Unknown,Not Applicable,No,Not Applicable,Not Applicable,Original,Yes,Yes,Yes,Yes,Yes,Yes,Not Applicable,Not Applicable,Not Applicable,Not Applicable,Not Applicable,Yes,Not Applicable,No,0.0,Not Applicable,No,Not Applicable,Yes,Yes,No,No,No,0.0,500.44,317.98,0.0,0.734,Web,Firefox,33,System,0.50128,216.0,24.0,12.0,Yes,149.0,Active,Not Applicable,30.0,Yes,Yes,4.0,4.0,0.0,0.0,1.0,Yes,No,0.0,4.0,Yes,Yes,Yes,No,No,No,0.6354008472544161,Medium,6.0,4.0,Valid Claim
CLM01321,Laptop,2-in-1,Charger,Power Adapter,Aster,12.0,No,Power Failure,Manufacturing Defect,No,No,Not Applicable,Not Applicable,Not Applicable,Not Applicable,Not Applicable,Not Applicable,Not Applicable,Not Applicable,No,Yes,Yes,Yes,,Yes,Not Applicable,Not Applicable,Not Applicable,Not Applicable,Not Applicable,Not Applicable,Not Applicable,No,0.0,Not Applicable,No,Not Applicable,Yes,Yes,No,No,No,1.0,956.03,256.07,0.0,0.824,Web,Edge,6,Dark,0.95435,355.0,16.0,12.0,Yes,10.0,Nearing Expiry,Nearing Expiry,30.0,Yes,Yes,3.0,2.0,0.0,1.0,0.6666666666666666,Unknown,Unknown,0.0,2.0,No,Yes,Yes,No,No,No,0.2678472432873445,Medium,1.0,5.0,Valid Claim
CLM01322,Air Conditioner,Split,Indoor Unit,Compressor,Aster,60.0,No,Power Failure,Internal Component Failure,Not Applicable,Not Applicable,Not Applicable,Not Applicable,Unknown,Not Applicable,Not Applicable,No,Indoor Unit,Not Applicable,Yes,Yes,No,Yes,Yes,Yes,Yes,Not Applicable,Not Applicable,Yes,Not Applicable,Not Applicable,Not Applicable,No,0.0,Not Applicable,No,Not Applicable,Yes,Yes,No,No,No,0.0,1824.93,425.55,0.0,0.977,Email,MobileWebView,52,Dark,0.94598,1755.0,7.0,60.0,Yes,71.0,Active,Active,30.0,Yes,Yes,5.0,5.0,0.0,0.0,1.0,Yes,No,0.0,5.0,Yes,Yes,Yes,No,No,Not Applicable,0.2331870263516957,High,5.0,4.0,Valid Claim
CLM01323,Printer,Inkjet,Power,Print Head,NovaTech,12.0,No,Power Failure,Internal Component Failure,Not Applicable,Not Applicable,Not Applicable,Not Applicable,No,Not Applicable,Unknown,Not Applicable,Not Applicable,Original,Yes,Yes,Yes,Yes,No,Yes,Not Applicable,Not Applicable,Not Applicable,Not Applicable,Not Applicable,Yes,Not Applicable,No,0.0,Not Applicable,No,Not Applicable,Yes,Yes,No,No,No,0.0,229.63,139.82,0.0,0.504,Service Center,MobileWebView,58,System,0.16387,204.0,1.0,12.0,Yes,161.0,Active,Active,30.0,Yes,Yes,4.0,3.0,1.0,0.0,0.75,No,Yes,1.0,3.0,Yes,Yes,Yes,No,No,Unknown,0.6088925663023124,Low,10.0,3.0,Manual Review
CLM01324,Laptop,Gaming Laptop,Device,Main Unit,Aster,24.0,No,Connectivity Issue,Internal Component Failure,No,No,Not Applicable,Not Applicable,Not Applicable,Not Applicable,Not Applicable,Not Applicable,Not Applicable,Not Applicable,Yes,Yes,No,Yes,No,Yes,Not Applicable,Not Applicable,Not Applicable,Not Applicable,Not Applicable,Not Applicable,No,Yes,3.0,Yes,No,Not Applicable,Yes,Yes,No,No,No,1.0,1337.99,1218.36,331.37,0.935,Service Center,Safari,43,Dark,0.58809,374.0,8.0,24.0,Yes,356.0,Active,Not Applicable,30.0,Yes,Yes,4.0,2.0,2.0,0.0,0.5,No,Yes,2.0,2.0,Yes,Yes,Yes,Yes,No,No,0.9105897652448822,High,9.0,6.0,Manual Review
CLM01325,Television,LED,Connection,Main Unit,PrimeView,24.0,No,Connectivity Issue,Manufacturing Defect,No,Not Applicable,Not Applicable,Not Applicable,Not Applicable,No,Not Applicable,Not Applicable,Not Applicable,Not Applicable,Yes,No,Yes,No,Yes,No,Not Applicable,Not Applicable,Not Applicable,Not Applicable,Not Applicable,Not Applicable,Not Applicable,No,0.0,Not Applicable,No,Not Applicable,Yes,Yes,No,No,No,0.0,857.15,239.82,0.0,0.69,Mobile App,MobileWebView,33,System,-2.18489,591.0,20.0,24.0,Yes,140.0,Active,Not Applicable,30.0,Yes,Yes,3.0,2.0,1.0,0.0,0.6666666666666666,No,No,1.0,2.0,Yes,Yes,Yes,No,No,No,0.2797876684360963,Low,2.0,0.0,Manual Review
CLM01326,Laptop,Gaming Laptop,Device,Main Unit,NovaTech,24.0,No,Overheating,Internal Component Failure,No,No,Not Applicable,Not Applicable,Not Applicable,Not Applicable,Not Applicable,Not Applicable,Not Applicable,Not Applicable,No,No,No,Yes,No,Yes,Not Applicable,Not Applicable,Not Applicable,Not Applicable,Not Applicable,Not Applicable,,No,0.0,Not Applicable,No,Not Applicable,Yes,Yes,No,No,No,1.0,722.44,244.38,0.0,0.941,Web,Firefox,20,System,-0.28047,400.0,8.0,24.0,Yes,330.0,Active,Not Applicable,30.0,Yes,Yes,3.0,1.0,2.0,0.0,0.3333333333333333,No,Yes,2.0,1.0,No,No,Yes,No,No,No,0.3382703061845966,High,4.0,2.0,Manual Review
CLM01327,Laptop,Business Laptop,Charger,Power Adapter,ZenCore,12.0,No,Display Failure,Internal Component Failure,No,No,Not Applicable,Not Applicable,Not Applicable,Not Applicable,Not Applicable,Not Applicable,Not Applicable,Not Applicable,No,Yes,No,,Yes,No,Not Applicable,Not Applicable,Not Applicable,Not Applicable,Not Applicable,Not Applicable,Not Applicable,No,0.0,Not Applicable,No,Not Applicable,Yes,Yes,No,No,No,1.0,2153.31,388.69,0.0,0.931,Web,Edge,40,System,2.12791,322.0,3.0,12.0,Yes,43.0,Active,Active,30.0,Yes,Yes,3.0,2.0,1.0,0.0,0.6666666666666666,No,No,1.0,2.0,No,Yes,Yes,No,No,No,0.1805081479211075,High,3.0,0.0,Manual Review
CLM01328,Refrigerator,Single Door,Not Sure,Main Unit,Aster,24.0,No,Mechanical Failure,Electrical Failure,Not Applicable,Not Applicable,Not Applicable,Household,No,Not Applicable,Not Applicable,Not Applicable,Not Applicable,Not Applicable,Yes,Yes,No,Yes,No,Yes,Not Applicable,Not Applicable,Not Applicable,Not Applicable,Not Applicable,Not Applicable,Yes,Yes,2.0,Yes,No,Not Applicable,Yes,Yes,No,No,No,1.0,1469.4,1148.24,461.56,0.794,Service Center,Chrome,44,Light,0.52305,508.0,3.0,24.0,Yes,223.0,Active,Not Applicable,30.0,Yes,Yes,4.0,3.0,1.0,0.0,0.75,No,Yes,1.0,3.0,Yes,Yes,Yes,Yes,No,Not Applicable,0.7814345991561181,Medium,2.0,1.0,Manual Review
CLM01329,Printer,Laser,Printing,Main Unit,NovaTech,12.0,No,Mechanical Failure,Electrical Failure,Not Applicable,Not Applicable,Not Applicable,Not Applicable,No,Not Applicable,No,Not Applicable,Not Applicable,Original,Yes,Yes,Yes,Yes,Yes,Yes,Not Applicable,Not Applicable,Not Applicable,Not Applicable,Not Applicable,Yes,Not Applicable,No,0.0,Not Applicable,No,Not Applicable,Yes,Yes,No,No,No,2.0,770.81,256.15,0.0,0.784,Service Center,Edge,45,System,-0.39074,208.0,13.0,12.0,Yes,157.0,Active,Not Applicable,30.0,Yes,Yes,4.0,4.0,0.0,0.0,1.0,Yes,No,0.0,4.0,Yes,Yes,Yes,No,No,No,0.3323127618998197,Medium,11.0,3.0,Valid Claim
CLM01330,Washing Machine,Front Load,Water Leakage,Main Unit,PrimeView,24.0,Yes,Water Leakage,Internal Component Failure,Not Applicable,Not Applicable,Not Applicable,Household,Unknown,Not Applicable,No,Not Applicable,Not Applicable,Not Applicable,Yes,Yes,No,Yes,Yes,Yes,Not Applicable,Not Applicable,Not Applicable,Not Applicable,Not Applicable,Not Applicable,Not Applicable,No,0.0,Not Applicable,No,Not Applicable,Yes,Yes,No,No,No,0.0,798.01,74.21,0.0,0.862,Service Center,Chrome,28,Dark,0.06289,780.0,17.0,24.0,Yes,316.0,Active,Not Applicable,30.0,Yes,Yes,3.0,3.0,0.0,0.0,1.0,Yes,No,0.0,3.0,Yes,Yes,Yes,No,No,No,0.0929938221325547,High,9.0,4.0,Valid Claim
CLM01331,Air Conditioner,Window,Outdoor Unit,Main Unit,HomePro,24.0,No,Cooling Failure,Manufacturing Defect,Not Applicable,Not Applicable,Not Applicable,Not Applicable,Yes,Not Applicable,Not Applicable,No,Outdoor Unit,Not Applicable,Yes,Yes,No,Yes,,Yes,Yes,Not Applicable,Not Applicable,Not Applicable,Not Applicable,Not Applicable,Yes,Yes,2.0,Yes,No,Not Applicable,Yes,Yes,No,No,No,0.0,1066.01,647.12,279.13,0.832,Web,Edge,55,System,-0.33541,672.0,10.0,24.0,Yes,59.0,Active,Not Applicable,30.0,Yes,Yes,5.0,4.0,0.0,1.0,0.8,Unknown,Unknown,0.0,4.0,Yes,Yes,Yes,Yes,No,Not Applicable,0.6070487143647808,Medium,1.0,3.0,Valid Claim
CLM01332,Air Conditioner,Window,Both,Main Unit,Aster,24.0,No,Cooling Failure,Manufacturing Defect,Not Applicable,Not Applicable,Not Applicable,Not Applicable,Unknown,Not Applicable,Not Applicable,No,Both,Not Applicable,Yes,Yes,Yes,Yes,,Yes,Yes,Not Applicable,Not Applicable,Not Applicable,Not Applicable,Not Applicable,Not Applicable,No,0.0,Not Applicable,No,Not Applicable,Yes,Yes,No,No,No,2.0,2617.51,1989.71,0.0,0.925,Mobile App,MobileWebView,28,Light,0.95352,391.0,3.0,24.0,Yes,340.0,Active,Not Applicable,30.0,Yes,Yes,4.0,3.0,0.0,1.0,0.75,Unknown,Unknown,0.0,3.0,Yes,Yes,Yes,No,No,Not Applicable,0.760153733892134,High,6.0,3.0,Valid Claim
CLM01333,Camera,DSLR,Camera Body,Camera Body,Aster,24.0,No,Battery Problem,Internal Component Failure,No,No,Yes,Not Applicable,Not Applicable,Not Applicable,Not Applicable,Not Applicable,Not Applicable,Not Applicable,No,Yes,Yes,Yes,Yes,Yes,Not Applicable,Not Applicable,Not Applicable,Not Applicable,Not Applicable,Not Applicable,Not Applicable,No,0.0,Not Applicable,No,Not Applicable,Yes,Yes,No,No,No,1.0,1038.99,408.64,0.0,0.876,Web,Safari,43,Light,-0.30881,373.0,1.0,24.0,Yes,357.0,Active,Not Applicable,30.0,Yes,Yes,3.0,3.0,0.0,0.0,1.0,Yes,No,0.0,3.0,No,Yes,Yes,No,No,No,0.3933050366221041,High,7.0,3.0,Valid Claim
CLM01334,Camera,Mirrorless,Camera Body,Camera Body,Aster,24.0,No,Lens Failure,Manufacturing Defect,No,No,Not Applicable,Not Applicable,Not Applicable,Not Applicable,Not Applicable,Not Applicable,Not Applicable,Not Applicable,Yes,Yes,No,Yes,Yes,Yes,Not Applicable,Not Applicable,Not Applicable,Not Applicable,Not Applicable,Not Applicable,Yes,Yes,1.0,Yes,No,Not Applicable,Yes,Yes,No,No,No,2.0,2774.36,1767.3,111.26,0.861,Service Center,MobileWebView,55,System,0.01387,606.0,3.0,24.0,Yes,124.0,Active,Not Applicable,30.0,Yes,Yes,4.0,4.0,0.0,0.0,1.0,Yes,No,0.0,4.0,Yes,Yes,Yes,Yes,No,No,0.6370117792932424,High,2.0,6.0,Valid Claim
CLM01335,Air Conditioner,Portable,Both,Main Unit,HomePro,24.0,No,Water Leakage,Manufacturing Defect,Not Applicable,Not Applicable,Not Applicable,Not Applicable,Yes,Not Applicable,Not Applicable,No,Both,Not Applicable,Yes,Yes,Yes,Yes,Yes,Yes,Yes,Not Applicable,Not Applicable,Not Applicable,Not Applicable,Not Applicable,Yes,Yes,3.0,Unknown,No,Not Applicable,Yes,Yes,No,No,No,0.0,1182.07,668.84,125.79,0.79,Service Center,Edge,52,Light,-0.46856,464.0,6.0,24.0,Yes,267.0,Active,Not Applicable,30.0,Yes,Yes,5.0,5.0,0.0,0.0,1.0,Yes,No,0.0,5.0,Yes,Yes,Yes,Yes,No,Not Applicable,0.5658209750691584,Medium,2.0,6.0,Manual Review
CLM01336,Laptop,Gaming Laptop,Device,Main Unit,ZenCore,24.0,Yes,Overheating,Electrical Failure,No,No,Not Applicable,Not Applicable,Not Applicable,Not Applicable,Not Applicable,Not Applicable,Not Applicable,Not Applicable,Yes,,No,Yes,Yes,Yes,Not Applicable,Not Applicable,Not Applicable,Not Applicable,Not Applicable,Not Applicable,Not Applicable,No,0.0,Not Applicable,No,Not Applicable,Yes,Yes,No,No,No,0.0,1133.85,241.85,0.0,0.893,Email,Safari,52,Light,1.87375,1055.0,15.0,24.0,Yes,41.0,Active,Not Applicable,30.0,Yes,Yes,3.0,3.0,0.0,0.0,1.0,Yes,No,0.0,3.0,Yes,Yes,Yes,No,No,No,0.2132998192000705,High,3.0,2.0,Valid Claim
CLM01337,Laptop,Business Laptop,Device,Main Unit,NovaTech,24.0,No,Display Failure,Manufacturing Defect,Unknown,No,Not Applicable,Not Applicable,Not Applicable,Not Applicable,Not Applicable,Not Applicable,Not Applicable,Not Applicable,No,Yes,Yes,Yes,Yes,Yes,Not Applicable,Not Applicable,Not Applicable,Not Applicable,Not Applicable,Not Applicable,,No,0.0,Not Applicable,Yes,Yes,Yes,Yes,No,No,No,0.0,2257.05,1327.1,,0.807,Mobile App,Firefox,41,Light,0.21154,548.0,,24.0,Yes,183.0,Active,Not Applicable,30.0,Unknown,Yes,3.0,3.0,0.0,0.0,1.0,Yes,No,0.0,3.0,No,Yes,Yes,No,Yes,Unknown,0.5879798852484437,Medium,2.0,4.0,Valid Claim
CLM01338,Laptop,2-in-1,Device,Main Unit,NovaTech,24.0,No,Connectivity Issue,Electrical Failure,Unknown,No,Not Applicable,Not Applicable,Not Applicable,Not Applicable,Not Applicable,Not Applicable,Not Applicable,Not Applicable,Yes,Yes,No,Yes,Yes,Yes,Not Applicable,Not Applicable,Not Applicable,Not Applicable,Not Applicable,Not Applicable,No,Yes,2.0,Unknown,No,Not Applicable,Yes,Yes,No,No,No,0.0,664.11,444.43,504.7,0.776,Web,Edge,21,Dark,-2.75034,620.0,15.0,24.0,Yes,110.0,Active,Not Applicable,30.0,Yes,Yes,4.0,3.0,1.0,0.0,0.75,No,No,1.0,3.0,Yes,Yes,Yes,Yes,No,Unknown,0.6692114258180121,Medium,4.0,2.0,Manual Review
CLM01339,Washing Machine,Front Load,Noise,Main Unit,HomePro,24.0,No,Noise,Manufacturing Defect,Not Applicable,Not Applicable,Not Applicable,Household,Yes,Not Applicable,No,Not Applicable,Not Applicable,Not Applicable,No,Yes,Yes,Yes,Yes,Yes,Not Applicable,Not Applicable,Not Applicable,Not Applicable,Not Applicable,Not Applicable,Not Applicable,No,0.0,Not Applicable,No,Not Applicable,Yes,Yes,No,No,No,0.0,1410.61,606.82,0.0,0.734,Service Center,Chrome,48,System,1.34871,611.0,4.0,24.0,Yes,120.0,Active,Not Applicable,30.0,Yes,Yes,3.0,3.0,0.0,0.0,1.0,Yes,No,0.0,3.0,No,Yes,Yes,No,No,No,0.4301826869226789,Medium,9.0,2.0,Valid Claim
CLM01340,Television,QLED,Remote Control,Remote Control,HomePro,6.0,No,Connectivity Issue,Internal Component Failure,No,Not Applicable,Not Applicable,Not Applicable,Not Applicable,No,Not Applicable,Not Applicable,Not Applicable,Not Applicable,Yes,Yes,Yes,Yes,No,,Not Applicable,Not Applicable,Not Applicable,Not Applicable,Not Applicable,Not Applicable,,No,0.0,Not Applicable,No,Not Applicable,Unknown,Yes,No,No,No,1.0,1951.05,303.15,0.0,0.826,Mobile App,Safari,43,Light,-1.65867,64.0,6.0,6.0,Yes,120.0,Active,Active,30.0,Yes,Yes,3.0,1.0,1.0,1.0,0.3333333333333333,No,Yes,1.0,1.0,Yes,Yes,Unknown,No,No,No,0.1553778734527562,Medium,7.0,4.0,Manual Review
CLM01341,Television,LED,Connection,Display Panel,HomePro,24.0,No,Connectivity Issue,Internal Component Failure,Yes,Not Applicable,Not Applicable,Not Applicable,Not Applicable,Unknown,Not Applicable,Not Applicable,Not Applicable,Not Applicable,Yes,Yes,No,Yes,Yes,Yes,Not Applicable,Not Applicable,Yes,Not Applicable,Not Applicable,Not Applicable,No,Yes,2.0,Yes,No,Not Applicable,Yes,No,No,No,No,0.0,986.08,350.97,477.86,,Email,MobileWebView,49,Light,-0.86013,568.0,26.0,24.0,Yes,162.0,Active,Active,30.0,Yes,Yes,5.0,4.0,1.0,0.0,0.8,No,No,1.0,4.0,Yes,Yes,Yes,Yes,No,Yes,0.3559244686029531,Unknown,7.0,6.0,Manual Review
CLM01342,Laptop,Consumer Laptop,Device,Main Unit,Aster,24.0,Yes,Power Failure,Electrical Failure,No,No,Not Applicable,Not Applicable,Not Applicable,Not Applicable,Not Applicable,Not Applicable,Not Applicable,Not Applicable,Yes,No,No,Yes,Yes,Yes,Not Applicable,Not Applicable,Not Applicable,Not Applicable,Not Applicable,Not Applicable,Not Applicable,No,0.0,Not Applicable,No,Not Applicable,Yes,Yes,No,No,No,2.0,2459.53,1732.83,,0.902,Mobile App,Firefox,28,Dark,0.3892,979.0,22.0,24.0,Yes,117.0,Active,Not Applicable,30.0,Yes,Yes,3.0,3.0,0.0,0.0,1.0,Yes,No,0.0,3.0,Yes,Yes,Yes,No,No,No,0.7045370456957223,High,2.0,1.0,Valid Claim
CLM01343,Laptop,Gaming Laptop,Device,Main Unit,NovaTech,24.0,No,Connectivity Issue,Internal Component Failure,No,No,Not Applicable,Not Applicable,Not Applicable,Not Applicable,Not Applicable,Not Applicable,Not Applicable,Not Applicable,Yes,No,Yes,Yes,Yes,Yes,Not Applicable,Not Applicable,Not Applicable,Not Applicable,Not Applicable,Not Applicable,,No,0.0,Not Applicable,No,Not Applicable,Yes,Yes,No,No,No,0.0,1934.46,1229.08,0.0,0.926,Mobile App,Chrome,38,Dark,-0.87811,715.0,21.0,24.0,Yes,16.0,Nearing Expiry,Not Applicable,30.0,Yes,Yes,3.0,3.0,0.0,0.0,1.0,Yes,No,0.0,3.0,Yes,Yes,Yes,No,No,No,0.6353607725153272,High,6.0,4.0,Valid Claim
CLM01344,Refrigerator,French Door,Power,Main Unit,HomePro,24.0,No,Power Failure,Manufacturing Defect,Not Applicable,Not Applicable,Not Applicable,Household,Yes,Not Applicable,Not Applicable,Not Applicable,Not Applicable,Not Applicable,No,Yes,Yes,Yes,Yes,Yes,Not Applicable,Not Applicable,Not Applicable,Not Applicable,Not Applicable,Not Applicable,Not Applicable,No,0.0,Not Applicable,No,Not Applicable,Yes,Yes,No,No,No,2.0,1056.21,607.63,0.0,0.769,Mobile App,Firefox,4,System,0.50101,629.0,17.0,24.0,Yes,102.0,Active,Not Applicable,30.0,Yes,Yes,3.0,3.0,0.0,0.0,1.0,Yes,No,0.0,3.0,No,Yes,Yes,No,No,Not Applicable,0.5752927921530756,Medium,8.0,3.0,Valid Claim
CLM01345,Air Conditioner,Split,Outdoor Unit,Main Unit,Aster,24.0,No,Noise,Internal Component Failure,Not Applicable,Not Applicable,Not Applicable,Not Applicable,No,Not Applicable,Not Applicable,No,Outdoor Unit,Not Applicable,No,No,Yes,Yes,Yes,Yes,Yes,Not Applicable,Not Applicable,Not Applicable,Not Applicable,Not Applicable,Not Applicable,No,0.0,Not Applicable,No,Not Applicable,Yes,Yes,No,No,No,0.0,1306.19,1216.84,0.0,0.856,Email,Firefox,9,System,-0.27294,701.0,8.0,24.0,Yes,30.0,Nearing Expiry,Not Applicable,30.0,Yes,Yes,4.0,4.0,0.0,0.0,1.0,Yes,No,0.0,4.0,No,Yes,Yes,No,No,Not Applicable,0.931594944073986,High,12.0,2.0,Valid Claim
CLM01346,Smartphone,Foldable Smartphone,Phone,Main Unit,NovaTech,12.0,No,Display Failure,Manufacturing Defect,No,No,Not Applicable,Not Applicable,Not Applicable,Not Applicable,Not Applicable,Not Applicable,Not Applicable,Not Applicable,Yes,No,No,Yes,Yes,Yes,Not Applicable,Not Applicable,Not Applicable,Not Applicable,Not Applicable,Not Applicable,,Yes,2.0,Yes,No,Not Applicable,Yes,Yes,No,No,No,0.0,730.88,107.52,410.42,0.869,Email,Chrome,26,System,-0.92412,347.0,5.0,12.0,Yes,19.0,Nearing Expiry,Not Applicable,30.0,Yes,Yes,4.0,3.0,0.0,1.0,0.75,Unknown,No,0.0,3.0,Yes,Yes,Yes,Yes,No,No,0.1471103327495621,High,2.0,3.0,Valid Claim
CLM01347,Television,LED,Connection,Main Unit,HomePro,24.0,No,Connectivity Issue,Manufacturing Defect,No,Not Applicable,Not Applicable,Not Applicable,Not Applicable,Yes,Not Applicable,Not Applicable,Not Applicable,Not Applicable,Yes,Yes,Yes,Yes,Yes,Yes,Not Applicable,Not Applicable,Not Applicable,Not Applicable,Not Applicable,Not Applicable,Not Applicable,No,0.0,Not Applicable,No,Not Applicable,Yes,Yes,No,No,No,1.0,2785.73,757.06,0.0,0.82,Email,Chrome,26,Dark,0.28817,442.0,26.0,24.0,Yes,288.0,Active,Not Applicable,30.0,Yes,Yes,3.0,3.0,0.0,0.0,1.0,Yes,No,0.0,3.0,Yes,Yes,Yes,No,No,No,0.2717635951797195,Medium,7.0,4.0,Valid Claim
CLM01348,Smartphone,Foldable Smartphone,Phone,Main Unit,PrimeView,12.0,No,Connectivity Issue,Manufacturing Defect,No,Yes,Not Applicable,Not Applicable,Not Applicable,Not Applicable,Not Applicable,Not Applicable,Not Applicable,Not Applicable,Yes,Yes,Yes,Yes,Yes,Yes,Not Applicable,Not Applicable,Not Applicable,Not Applicable,Not Applicable,Not Applicable,Not Applicable,No,0.0,Not Applicable,Yes,No,Yes,Yes,No,No,No,2.0,543.25,126.96,0.0,0.945,Service Center,Chrome,44,System,-0.72858,204.0,9.0,12.0,Yes,162.0,Active,Not Applicable,30.0,Yes,Yes,3.0,3.0,0.0,0.0,1.0,Yes,No,0.0,3.0,Yes,Yes,Yes,No,Yes,Yes,0.2337045559134836,High,1.0,5.0,Valid Claim
CLM01349,Printer,Inkjet,Power,Main Unit,PrimeView,12.0,No,Power Failure,Electrical Failure,Not Applicable,Not Applicable,Not Applicable,Not Applicable,No,Not Applicable,No,Not Applicable,Not Applicable,Original,Yes,,Yes,Yes,Yes,Yes,Not Applicable,Not Applicable,Not Applicable,Not Applicable,Not Applicable,Yes,,No,0.0,Not Applicable,No,Not Applicable,Yes,Yes,No,Yes,No,0.0,918.93,520.16,0.0,0.768,Mobile App,Safari,48,Dark,0.29307,117.0,12.0,12.0,Yes,248.0,Active,Not Applicable,30.0,Yes,Yes,4.0,4.0,0.0,0.0,1.0,Yes,No,0.0,4.0,Yes,Yes,Yes,No,No,No,0.566049644695461,Medium,1.0,0.0,Valid Claim
CLM01350,Printer,Laser,Power,Print Head,PrimeView,12.0,No,Power Failure,Manufacturing Defect,Not Applicable,Not Applicable,Not Applicable,Not Applicable,No,Not Applicable,No,Not Applicable,Not Applicable,Unknown,Yes,Yes,Yes,Yes,Yes,Yes,Not Applicable,Not Applicable,Not Applicable,Not Applicable,Not Applicable,Yes,Not Applicable,No,0.0,Not Applicable,No,Not Applicable,Yes,Yes,No,No,No,0.0,209.72,999999.0,0.0,0.774,Service Center,Firefox,23,Dark,0.61664,120.0,22.0,12.0,Yes,245.0,Active,Active,30.0,Yes,Yes,4.0,4.0,0.0,0.0,1.0,Yes,No,0.0,4.0,Yes,Yes,Yes,No,No,No,4768.257676902536,Medium,12.0,4.0,Valid Claim
CLM01351,Television,OLED,Picture,Main Unit,Aster,24.0,Yes,Display Failure,Internal Component Failure,No,Not Applicable,Not Applicable,Not Applicable,Not Applicable,Yes,Not Applicable,Not Applicable,Not Applicable,Not Applicable,Yes,Yes,No,No,Yes,Yes,Not Applicable,Not Applicable,Not Applicable,Not Applicable,Not Applicable,Not Applicable,Yes,Yes,1.0,Yes,No,Not Applicable,Yes,Yes,No,No,No,1.0,1841.86,823.33,190.82,0.479,Mobile App,Chrome,10,Dark,1.35618,731.0,24.0,24.0,Yes,365.0,Active,Not Applicable,30.0,Yes,Yes,4.0,4.0,0.0,0.0,1.0,Yes,No,0.0,4.0,Yes,Yes,Yes,Yes,No,No,0.44701008762881,Low,5.0,2.0,Manual Review
CLM01352,Washing Machine,Front Load,Not Sure,Motor,HomePro,120.0,No,Mechanical Failure,Electrical Failure,Not Applicable,Not Applicable,Not Applicable,Other,No,Not Applicable,No,Not Applicable,Not Applicable,Not Applicable,Yes,Yes,Yes,Yes,,Yes,Not Applicable,Not Applicable,Not Applicable,Yes,Not Applicable,Not Applicable,Not Applicable,No,0.0,Not Applicable,No,Not Applicable,Yes,No,No,No,No,2.0,1718.52,559.73,0.0,0.68,Web,MobileWebView,46,Light,0.59916,3421.0,6.0,120.0,Yes,232.0,Active,Active,30.0,Yes,Yes,4.0,3.0,0.0,1.0,0.75,Unknown,Unknown,0.0,3.0,Yes,Yes,Yes,No,No,No,0.3257046761166585,Low,2.0,6.0,Manual Review
CLM01353,Air Conditioner,Cassette,Outdoor Unit,Compressor,Aster,60.0,No,Power Failure,Electrical Failure,Not Applicable,Not Applicable,Not Applicable,Not Applicable,No,Not Applicable,Not Applicable,No,Outdoor Unit,Not Applicable,Yes,Yes,No,Yes,Yes,Yes,Yes,Not Applicable,Not Applicable,Yes,Not Applicable,Not Applicable,Not Applicable,No,0.0,Not Applicable,No,Not Applicable,Yes,Yes,No,No,No,0.0,644.4,78.04,,0.768,Web,Edge,23,Dark,-0.15179,1513.0,23.0,60.0,Yes,314.0,Active,Active,30.0,Yes,Yes,5.0,5.0,0.0,0.0,1.0,Yes,No,0.0,5.0,Yes,Yes,Yes,No,No,Not Applicable,0.121104903786468,Medium,2.0,6.0,Valid Claim
CLM01354,Camera,DSLR,Camera Body,Camera Body,PrimeView,24.0,No,Battery Problem,Internal Component Failure,Unknown,No,Yes,Not Applicable,Not Applicable,Not Applicable,Not Applicable,Not Applicable,Not Applicable,Not Applicable,Yes,Yes,Yes,,No,Yes,Not Applicable,Not Applicable,Not Applicable,Not Applicable,Not Applicable,Not Applicable,Not Applicable,No,0.0,Not Applicable,No,Not Applicable,Yes,Yes,No,No,No,0.0,2696.08,767.71,0.0,0.845,Mobile App,MobileWebView,3,System,0.22683,381.0,2.0,24.0,Yes,349.0,Active,Not Applicable,30.0,Yes,Yes,3.0,2.0,1.0,0.0,0.6666666666666666,No,Yes,1.0,2.0,Yes,Yes,Yes,No,No,Unknown,0.2847504525088276,Medium,5.0,2.0,Manual Review
CLM01355,Television,OLED,Power,Main Unit,PrimeView,24.0,No,Power Failure,Manufacturing Defect,No,Not Applicable,Not Applicable,Not Applicable,Not Applicable,No,Not Applicable,Not Applicable,Not Applicable,Not Applicable,Yes,Yes,Yes,Yes,No,Yes,Not Applicable,Not Applicable,Not Applicable,Not Applicable,Not Applicable,Not Applicable,,No,0.0,Not Applicable,No,Not Applicable,Yes,Yes,No,No,No,1.0,1364.08,910.46,0.0,0.542,Web,Edge,5,System,-1.02483,485.0,9.0,24.0,Yes,246.0,Active,Not Applicable,30.0,Yes,Yes,3.0,2.0,1.0,0.0,0.6666666666666666,No,Yes,1.0,2.0,Yes,Yes,Yes,No,No,No,0.6674535217875786,Low,5.0,3.0,Manual Review
CLM01356,Camera,Compact,Camera Body,Camera Body,Aster,24.0,No,Connectivity Issue,Electrical Failure,No,No,Not Applicable,Not Applicable,Not Applicable,Not Applicable,Not Applicable,Not Applicable,Not Applicable,Not Applicable,Yes,Yes,Yes,Yes,No,Yes,Not Applicable,Not Applicable,Not Applicable,Not Applicable,Not Applicable,Not Applicable,Not Applicable,No,0.0,Not Applicable,No,Not Applicable,Yes,Yes,No,Yes,No,1.0,3164.14,1447.08,0.0,0.85,Email,Firefox,47,Light,-0.34311,530.0,5.0,24.0,Yes,200.0,Active,Not Applicable,30.0,Yes,Yes,3.0,2.0,1.0,0.0,0.6666666666666666,No,Yes,1.0,2.0,Yes,Yes,Yes,No,No,No,0.4573375387941115,High,5.0,1.0,Manual Review
CLM01357,Laptop,2-in-1,Device,Main Unit,NovaTech,24.0,No,Display Failure,Manufacturing Defect,No,No,Not Applicable,Not Applicable,Not Applicable,Not Applicable,Not Applicable,Not Applicable,Not Applicable,Not Applicable,No,Yes,Yes,Yes,No,Yes,Not Applicable,Not Applicable,Not Applicable,Not Applicable,Not Applicable,Not Applicable,Not Applicable,No,0.0,Not Applicable,Yes,No,Yes,Yes,No,No,No,1.0,1156.03,419.98,0.0,0.962,Email,Safari,40,Light,-0.3294,472.0,8.0,24.0,Yes,259.0,Active,Not Applicable,30.0,Yes,Yes,3.0,2.0,1.0,0.0,0.6666666666666666,No,Yes,1.0,2.0,No,Yes,Yes,No,Yes,No,0.3632950701971402,High,5.0,6.0,Manual Review
CLM01358,Smartphone,Standard Smartphone,Phone,Main Unit,Aster,12.0,No,Connectivity Issue,Manufacturing Defect,No,No,Not Applicable,Not Applicable,Not Applicable,Not Applicable,Not Applicable,Not Applicable,Not Applicable,Not Applicable,Yes,Yes,Yes,Yes,Yes,Yes,Not Applicable,Not Applicable,Not Applicable,Not Applicable,Not Applicable,Not Applicable,Not Applicable,No,0.0,Not Applicable,No,Not Applicable,Yes,Yes,No,No,No,0.0,411.02,221.79,0.0,0.807,Mobile App,Firefox,45,System,1.1888,280.0,14.0,12.0,Yes,86.0,Active,Not Applicable,30.0,Yes,Yes,3.0,3.0,0.0,0.0,1.0,Yes,No,0.0,3.0,Yes,Yes,Yes,No,No,No,0.5396087781616467,Medium,1.0,6.0,Valid Claim
CLM01359,Television,LED,Picture,Main Unit,Aster,24.0,No,Display Failure,Internal Component Failure,No,Not Applicable,Not Applicable,Not Applicable,Not Applicable,No,Not Applicable,Not Applicable,Not Applicable,Not Applicable,No,Yes,Yes,Yes,Yes,Yes,Not Applicable,Not Applicable,Not Applicable,Not Applicable,Not Applicable,Not Applicable,Yes,Yes,3.0,Yes,No,Not Applicable,Unknown,Yes,No,No,No,1.0,588.47,375.44,267.18,0.942,Service Center,Safari,11,Light,1.0863,497.0,18.0,24.0,Yes,234.0,Active,Not Applicable,30.0,Yes,Yes,4.0,4.0,0.0,0.0,1.0,Yes,No,0.0,4.0,No,Yes,Unknown,Yes,No,No,0.6379934406171937,High,5.0,5.0,Manual Review
CLM01360,Air Conditioner,Window,Indoor Unit,Main Unit,ZenCore,24.0,No,Power Failure,Manufacturing Defect,Not Applicable,Not Applicable,Not Applicable,Not Applicable,Yes,Not Applicable,Not Applicable,No,Indoor Unit,Not Applicable,Yes,Yes,Yes,Yes,Yes,Yes,Yes,Not Applicable,Not Applicable,Not Applicable,Not Applicable,Not Applicable,Yes,Yes,2.0,Yes,No,Not Applicable,Yes,Yes,No,No,No,1.0,2408.35,1829.31,562.43,0.89,Web,MobileWebView,11,Light,-0.46634,563.0,15.0,24.0,Yes,167.0,Active,Not Applicable,30.0,Yes,Yes,5.0,5.0,0.0,0.0,1.0,Yes,No,0.0,5.0,Yes,Yes,Yes,Yes,No,Not Applicable,0.7595698299665746,High,3.0,3.0,Valid Claim
CLM01361,Television,OLED,Power,Main Unit,PrimeView,24.0,No,Power Failure,Internal Component Failure,No,Not Applicable,Not Applicable,Not Applicable,Not Applicable,No,Not Applicable,Not Applicable,Not Applicable,Not Applicable,No,Yes,Yes,Yes,Yes,,Not Applicable,Not Applicable,Not Applicable,Not Applicable,Not Applicable,Not Applicable,Not Applicable,No,0.0,Not Applicable,No,Not Applicable,Yes,Yes,No,No,No,0.0,1815.82,1431.46,0.0,0.82,Service Center,Firefox,0,Dark,-0.51816,480.0,4.0,24.0,Yes,250.0,Active,Not Applicable,30.0,Yes,Yes,3.0,2.0,0.0,1.0,0.6666666666666666,Unknown,No,0.0,2.0,No,Yes,Yes,No,No,No,0.7883270368208303,Medium,8.0,1.0,Valid Claim
CLM01362,Washing Machine,Top Load,Water Supply or Drain,Main Unit,ZenCore,24.0,No,Mechanical Failure,Manufacturing Defect,Not Applicable,Not Applicable,Not Applicable,Household,No,Not Applicable,No,Not Applicable,Not Applicable,Not Applicable,Yes,,Yes,Yes,Yes,Yes,Not Applicable,Not Applicable,Not Applicable,Not Applicable,Not Applicable,Not Applicable,Not Applicable,No,0.0,Not Applicable,No,Not Applicable,Yes,Yes,No,No,No,0.0,1764.49,348.26,0.0,0.739,Service Center,MobileWebView,34,System,-0.48775,493.0,6.0,24.0,Yes,238.0,Active,Not Applicable,30.0,Yes,Yes,3.0,3.0,0.0,0.0,1.0,Yes,No,0.0,3.0,Yes,Yes,Yes,No,No,No,0.1973714784441963,Medium,6.0,6.0,Valid Claim
CLM01363,Printer,Inkjet,Printing,Print Head,NovaTech,12.0,No,Mechanical Failure,Electrical Failure,Not Applicable,Not Applicable,Not Applicable,Not Applicable,No,Not Applicable,No,Not Applicable,Not Applicable,Original,Yes,Yes,Yes,Yes,Yes,Yes,Not Applicable,Not Applicable,Not Applicable,Not Applicable,Not Applicable,Yes,Not Applicable,No,0.0,Not Applicable,No,Not Applicable,Yes,Yes,No,No,No,2.0,317.03,179.77,0.0,0.879,Mobile App,MobileWebView,27,Light,0.54596,273.0,1.0,12.0,Yes,93.0,Active,Active,30.0,Yes,Yes,4.0,4.0,0.0,0.0,1.0,Yes,No,0.0,4.0,Yes,Yes,Yes,No,No,No,0.5670441283159323,High,1.0,4.0,Valid Claim
CLM01364,Washing Machine,Front Load,Not Sure,Motor,HomePro,120.0,No,Water Leakage,Internal Component Failure,Not Applicable,Not Applicable,Not Applicable,Household,No,Not Applicable,No,Not Applicable,Not Applicable,Not Applicable,Yes,Yes,Yes,,Yes,Yes,Not Applicable,Not Applicable,Not Applicable,Yes,Not Applicable,Not Applicable,Not Applicable,No,0.0,Not Applicable,No,Not Applicable,Yes,Yes,No,No,No,4.0,1305.1,762.59,0.0,0.905,Service Center,MobileWebView,51,Light,2.56806,3475.0,8.0,120.0,Yes,177.0,Active,Active,30.0,Yes,Yes,4.0,4.0,0.0,0.0,1.0,Yes,No,0.0,4.0,Yes,Yes,Yes,No,No,No,0.584315378131944,High,8.0,5.0,Valid Claim
CLM01365,Air Conditioner,Split,Outdoor Unit,Main Unit,HomePro,24.0,No,Power Failure,Manufacturing Defect,Not Applicable,Not Applicable,Not Applicable,Not Applicable,Yes,Not Applicable,Not Applicable,Yes,Outdoor Unit,Not Applicable,No,Yes,Yes,Yes,Yes,No,Yes,Not Applicable,Not Applicable,Not Applicable,Not Applicable,Not Applicable,Not Applicable,No,0.0,Not Applicable,No,Not Applicable,Yes,Yes,No,No,No,1.0,2779.1,1469.72,0.0,0.762,Mobile App,Firefox,15,Dark,0.96668,397.0,16.0,24.0,Yes,333.0,Active,Not Applicable,30.0,Yes,Yes,4.0,3.0,1.0,0.0,0.75,No,No,1.0,3.0,No,Yes,Yes,No,No,Not Applicable,0.528847468604944,Medium,2.0,4.0,Manual Review
CLM01366,Camera,DSLR,Camera Body,Camera Body,PrimeView,24.0,Yes,Connectivity Issue,Internal Component Failure,No,No,Not Applicable,Not Applicable,Not Applicable,Not Applicable,Not Applicable,Not Applicable,Not Applicable,Not Applicable,Yes,Yes,Yes,No,Yes,Yes,Not Applicable,Not Applicable,Not Applicable,Not Applicable,Not Applicable,Not Applicable,Not Applicable,No,0.0,Not Applicable,No,Not Applicable,Yes,Yes,No,No,No,0.0,1715.03,1084.12,0.0,0.901,Service Center,Chrome,50,Light,0.26899,900.0,6.0,24.0,Yes,196.0,Active,Not Applicable,30.0,Yes,Yes,3.0,3.0,0.0,0.0,1.0,Yes,No,0.0,3.0,Yes,Yes,Yes,No,No,No,0.6321288840428447,High,11.0,2.0,Valid Claim
CLM01367,Camera,Mirrorless,Camera Body,Camera Body,PrimeView,24.0,Yes,Power Failure,Internal Component Failure,No,No,Not Applicable,Not Applicable,Not Applicable,Not Applicable,Not Applicable,Not Applicable,Not Applicable,Not Applicable,Yes,Yes,Yes,Yes,No,Yes,Not Applicable,Not Applicable,Not Applicable,Not Applicable,Not Applicable,Not Applicable,Not Applicable,No,0.0,Not Applicable,No,Not Applicable,Yes,Yes,No,No,No,1.0,1579.83,382.66,,0.805,Service Center,Chrome,12,Dark,-0.1287,816.0,25.0,24.0,Yes,280.0,Active,Not Applicable,30.0,Yes,Yes,3.0,2.0,1.0,0.0,0.6666666666666666,No,Yes,1.0,2.0,Yes,Yes,Yes,No,No,No,0.2422159346258774,Medium,2.0,3.0,Manual Review
CLM01368,Air Conditioner,Split,Indoor Unit,Main Unit,HomePro,24.0,No,Power Failure,Internal Component Failure,Not Applicable,Not Applicable,Not Applicable,Not Applicable,Yes,Not Applicable,Not Applicable,No,Indoor Unit,Not Applicable,Yes,,Yes,Yes,Yes,No,Yes,Not Applicable,Not Applicable,Not Applicable,Not Applicable,Not Applicable,Not Applicable,No,0.0,Not Applicable,No,Not Applicable,Yes,Yes,No,No,No,0.0,2003.87,1115.23,0.0,0.881,Mobile App,Chrome,51,System,0.89316,530.0,9.0,24.0,Yes,201.0,Active,Not Applicable,30.0,Yes,Yes,4.0,3.0,1.0,0.0,0.75,No,No,1.0,3.0,Yes,Yes,Yes,No,No,Not Applicable,0.556538098778863,High,5.0,1.0,Manual Review
CLM01369,Television,OLED,Not Sure,Main Unit,PrimeView,24.0,Yes,Power Failure,Internal Component Failure,No,Not Applicable,Not Applicable,Not Applicable,Not Applicable,Yes,Not Applicable,Not Applicable,Not Applicable,Not Applicable,,Yes,No,Yes,No,Yes,Not Applicable,Not Applicable,Not Applicable,Not Applicable,Not Applicable,Not Applicable,Yes,Yes,1.0,Yes,No,Not Applicable,Yes,Yes,No,No,No,1.0,2837.82,1725.17,333.99,0.929,Service Center,Firefox,2,Dark,-1.55724,778.0,21.0,24.0,Yes,318.0,Active,Not Applicable,30.0,Yes,Yes,4.0,3.0,1.0,0.0,0.75,No,Yes,1.0,3.0,,Yes,Yes,Yes,No,No,0.6079208688359374,High,11.0,2.0,Manual Review
CLM01370,Printer,Thermal,Paper Feed,Main Unit,NovaTech,12.0,No,Paper Feed Failure,Electrical Failure,Not Applicable,Not Applicable,Not Applicable,Not Applicable,Yes,Not Applicable,No,Not Applicable,Not Applicable,Original,Yes,Yes,No,Yes,Yes,Yes,Not Applicable,Not Applicable,Not Applicable,Not Applicable,Not Applicable,Yes,Not Applicable,No,0.0,Not Applicable,No,Not Applicable,Unknown,Yes,No,No,No,2.0,448.91,312.77,0.0,0.722,Service Center,Edge,24,Light,-2.10791,259.0,29.0,12.0,Yes,107.0,Active,Not Applicable,30.0,Yes,Yes,4.0,4.0,0.0,0.0,1.0,Yes,No,0.0,4.0,Yes,Yes,Unknown,No,No,No,0.69673208438217,Medium,8.0,4.0,Manual Review
CLM01371,Camera,Compact,Battery,Battery,PrimeView,6.0,No,Display Failure,Electrical Failure,No,No,Yes,Not Applicable,Not Applicable,Not Applicable,Not Applicable,Not Applicable,Not Applicable,Not Applicable,Yes,Yes,Yes,Yes,Yes,Yes,Not Applicable,Not Applicable,Not Applicable,Not Applicable,Not Applicable,Not Applicable,,Yes,1.0,Yes,No,Not Applicable,Yes,Yes,No,No,No,0.0,1309.9,906.36,141.67,0.821,Mobile App,Firefox,4,System,-1.86848,84.0,15.0,6.0,Yes,99.0,Active,Active,30.0,Yes,Yes,4.0,3.0,0.0,1.0,0.75,Unknown,No,0.0,3.0,Yes,Yes,Yes,Yes,No,No,0.6919306817314298,Medium,8.0,2.0,Valid Claim
CLM01372,Printer,Laser,Printing,Main Unit,HomePro,12.0,No,Mechanical Failure,Internal Component Failure,Not Applicable,Not Applicable,Not Applicable,Not Applicable,No,Not Applicable,No,Not Applicable,Not Applicable,Original,Yes,Yes,Yes,No,Yes,,Not Applicable,Not Applicable,Not Applicable,Not Applicable,Not Applicable,Yes,No,Yes,2.0,Yes,No,Not Applicable,Yes,Yes,No,No,No,0.0,174.02,83.73,256.68,0.961,Web,Firefox,12,Dark,-0.32389,295.0,27.0,12.0,Yes,70.0,Active,Not Applicable,30.0,Yes,Yes,5.0,3.0,1.0,1.0,0.6,No,No,1.0,3.0,Yes,Yes,Yes,Yes,No,No,0.4811515917710608,High,2.0,6.0,Manual Review
CLM01373,Television,OLED,Power,Main Unit,Aster,24.0,No,Power Failure,Manufacturing Defect,No,Not Applicable,Not Applicable,Not Applicable,Not Applicable,No,Not Applicable,Not Applicable,Not Applicable,Not Applicable,No,Yes,Yes,Yes,Yes,Yes,Not Applicable,Not Applicable,Not Applicable,Not Applicable,Not Applicable,Not Applicable,,No,0.0,Not Applicable,No,Not Applicable,Yes,Yes,No,No,No,2.0,941.92,717.98,0.0,0.723,Web,Safari,22,Dark,0.50857,599.0,3.0,24.0,Yes,132.0,Active,Not Applicable,30.0,Yes,Yes,3.0,3.0,0.0,0.0,1.0,Yes,No,0.0,3.0,No,Yes,Yes,No,No,No,0.7622515712587057,Medium,10.0,5.0,Valid Claim
CLM01374,Laptop,2-in-1,Charger,Power Adapter,NovaTech,12.0,No,Overheating,Electrical Failure,No,No,Not Applicable,Not Applicable,Not Applicable,Not Applicable,Not Applicable,Not Applicable,Not Applicable,Not Applicable,No,Yes,Yes,Yes,Yes,Yes,Not Applicable,Not Applicable,Not Applicable,Not Applicable,Not Applicable,Not Applicable,No,Yes,1.0,Yes,No,Not Applicable,Yes,Yes,No,No,No,0.0,1124.51,467.75,265.43,0.819,Service Center,Firefox,43,Dark,0.62909,174.0,20.0,12.0,Yes,192.0,Active,Active,30.0,Yes,Yes,4.0,3.0,1.0,0.0,0.75,No,No,1.0,3.0,No,Yes,Yes,Yes,No,No,0.4159589510097731,Medium,7.0,5.0,Manual Review
CLM01375,Camera,Action Camera,Camera Body,Camera Body,PrimeView,24.0,No,Battery Problem,Internal Component Failure,No,No,Yes,Not Applicable,Not Applicable,Not Applicable,Not Applicable,Not Applicable,Not Applicable,Not Applicable,Yes,Yes,No,Yes,Yes,Yes,Not Applicable,Not Applicable,Not Applicable,Not Applicable,Not Applicable,Not Applicable,Not Applicable,No,0.0,Not Applicable,No,Not Applicable,Yes,Yes,No,No,No,0.0,2987.82,1384.1,0.0,0.855,Service Center,Firefox,48,System,-0.43551,725.0,2.0,24.0,Yes,5.0,Nearing Expiry,Not Applicable,30.0,Yes,Yes,3.0,3.0,0.0,0.0,1.0,Yes,No,0.0,3.0,Yes,Yes,Yes,No,No,No,0.4632474513190218,High,8.0,0.0,Valid Claim
CLM01376,Smartphone,Rugged Smartphone,Phone,Main Unit,NovaTech,12.0,No,Display Failure,Internal Component Failure,Unknown,No,Not Applicable,Not Applicable,Not Applicable,Not Applicable,Not Applicable,Not Applicable,Not Applicable,Not Applicable,Yes,Yes,Yes,Yes,Yes,Yes,Not Applicable,Not Applicable,Not Applicable,Not Applicable,Not Applicable,Not Applicable,Not Applicable,No,0.0,Not Applicable,No,Not Applicable,Yes,Yes,No,No,No,1.0,951.38,861.33,0.0,0.952,Web,Edge,47,System,0.70407,361.0,4.0,12.0,Yes,4.0,Nearing Expiry,Not Applicable,30.0,Yes,Yes,3.0,3.0,0.0,0.0,1.0,Yes,No,0.0,3.0,Yes,Yes,Yes,No,No,Unknown,0.9053480207698292,High,6.0,2.0,Valid Claim
CLM01377,Air Conditioner,Window,Outdoor Unit,Main Unit,HomePro,24.0,No,Water Leakage,Internal Component Failure,Not Applicable,Not Applicable,Not Applicable,Not Applicable,No,Not Applicable,Not Applicable,No,Outdoor Unit,Not Applicable,Yes,No,No,Yes,Yes,,Yes,Not Applicable,Not Applicable,Not Applicable,Not Applicable,Not Applicable,,Yes,3.0,Unknown,No,Not Applicable,Yes,Yes,No,No,No,0.0,1926.39,1757.12,513.48,,Email,Chrome,20,System,-1.81927,416.0,2.0,24.0,Yes,314.0,Active,Not Applicable,30.0,Yes,Yes,5.0,3.0,0.0,2.0,0.6,Unknown,No,0.0,3.0,Yes,Yes,Yes,Yes,No,Not Applicable,0.91213098074637,Unknown,9.0,1.0,Manual Review
CLM01378,Air Conditioner,Portable,Both,Compressor,HomePro,60.0,No,Noise,Electrical Failure,Not Applicable,Not Applicable,Not Applicable,Not Applicable,No,Not Applicable,Not Applicable,No,Both,Not Applicable,Yes,Yes,No,Yes,Yes,No,Yes,Not Applicable,Not Applicable,Yes,Not Applicable,Not Applicable,Not Applicable,No,0.0,Not Applicable,No,Not Applicable,Yes,Yes,No,No,No,1.0,2572.46,1867.84,0.0,0.956,Web,MobileWebView,40,Dark,-0.22387,1538.0,20.0,60.0,Yes,288.0,Active,Active,30.0,Yes,Yes,5.0,4.0,1.0,0.0,0.8,No,No,1.0,4.0,Yes,Yes,Yes,No,No,Not Applicable,0.7260909790628425,High,11.0,5.0,Manual Review
CLM01379,Air Conditioner,Window,Outdoor Unit,Main Unit,Aster,24.0,Yes,Cooling Failure,Internal Component Failure,Not Applicable,Not Applicable,Not Applicable,Not Applicable,Yes,Not Applicable,Not Applicable,Yes,Outdoor Unit,Not Applicable,Yes,Yes,No,Yes,Yes,Yes,Yes,Not Applicable,Not Applicable,Not Applicable,Not Applicable,Not Applicable,Not Applicable,No,0.0,Not Applicable,No,Not Applicable,Yes,Yes,No,No,No,0.0,820.61,129.51,0.0,0.943,Mobile App,Chrome,8,Light,0.83764,945.0,26.0,24.0,Yes,151.0,Active,Not Applicable,30.0,Yes,Yes,4.0,4.0,0.0,0.0,1.0,Yes,No,0.0,4.0,Yes,Yes,Yes,No,No,Not Applicable,0.1578216205018218,High,11.0,6.0,Valid Claim
CLM01380,Air Conditioner,Portable,Indoor Unit,Main Unit,Aster,24.0,No,Cooling Failure,Internal Component Failure,Not Applicable,Not Applicable,Not Applicable,Not Applicable,No,Not Applicable,Not Applicable,No,Indoor Unit,Not Applicable,Yes,Yes,Yes,Yes,Yes,Yes,No,Not Applicable,Not Applicable,Not Applicable,Not Applicable,Not Applicable,Not Applicable,No,0.0,Not Applicable,No,Not Applicable,Yes,Yes,No,No,No,0.0,454.47,427.09,0.0,0.836,Mobile App,Edge,49,System,-1.13677,713.0,18.0,24.0,Yes,18.0,Nearing Expiry,Not Applicable,30.0,Yes,Yes,4.0,3.0,1.0,0.0,0.75,No,Yes,1.0,3.0,Yes,Yes,Yes,No,No,Not Applicable,0.939753999163861,Medium,11.0,1.0,Manual Review
CLM01381,Washing Machine,Washer Dryer,Power,Main Unit,PrimeView,24.0,No,Power Failure,Internal Component Failure,Not Applicable,Not Applicable,Not Applicable,Business,No,Not Applicable,No,Not Applicable,Not Applicable,Not Applicable,Yes,Yes,Yes,Yes,Yes,Yes,Not Applicable,Not Applicable,Not Applicable,Not Applicable,Not Applicable,Not Applicable,Not Applicable,No,0.0,Not Applicable,No,Not Applicable,Yes,Yes,No,No,No,0.0,722.86,502.36,0.0,0.94,Email,Edge,48,Light,-0.31281,510.0,10.0,24.0,Yes,221.0,Active,Not Applicable,30.0,Yes,Yes,3.0,3.0,0.0,0.0,1.0,Yes,No,0.0,3.0,Yes,Yes,Yes,No,No,No,0.6949616799933597,High,8.0,5.0,Valid Claim
CLM01382,Laptop,2-in-1,Device,Main Unit,Aster,24.0,No,Overheating,Manufacturing Defect,No,No,Not Applicable,Not Applicable,Not Applicable,Not Applicable,Not Applicable,Not Applicable,Not Applicable,Not Applicable,Yes,No,No,Yes,Yes,,Not Applicable,Not Applicable,Not Applicable,Not Applicable,Not Applicable,Not Applicable,,Yes,3.0,Yes,No,Not Applicable,Yes,Yes,No,No,No,1.0,1919.79,1433.41,297.92,0.927,Email,MobileWebView,27,System,0.80632,526.0,23.0,24.0,Yes,205.0,Active,Not Applicable,30.0,Yes,Yes,4.0,2.0,0.0,2.0,0.5,Unknown,No,0.0,2.0,Yes,Yes,Yes,Yes,No,No,0.7466493731085171,High,12.0,0.0,Manual Review
CLM01383,Washing Machine,Washer Dryer,Noise,Main Unit,PrimeView,24.0,No,Noise,Internal Component Failure,Not Applicable,Not Applicable,Not Applicable,Household,Unknown,Not Applicable,No,Not Applicable,Not Applicable,Not Applicable,Yes,,Yes,Yes,Yes,Yes,Not Applicable,Not Applicable,Not Applicable,Not Applicable,Not Applicable,Not Applicable,Not Applicable,No,0.0,Not Applicable,No,Not Applicable,Yes,Yes,No,No,No,1.0,1200.32,163.49,,0.985,Web,Edge,1,Light,-2.12831,691.0,3.0,24.0,Yes,40.0,Active,Not Applicable,30.0,Yes,Yes,3.0,3.0,0.0,0.0,1.0,Yes,No,0.0,3.0,Yes,Yes,Yes,No,No,No,0.136205345241269,High,8.0,4.0,Valid Claim
CLM01384,Camera,Action Camera,Battery,Battery,PrimeView,6.0,No,Power Failure,Manufacturing Defect,No,Unknown,Yes,Not Applicable,Not Applicable,Not Applicable,Not Applicable,Not Applicable,Not Applicable,Not Applicable,Yes,Yes,Yes,Yes,Yes,Yes,Not Applicable,Not Applicable,Not Applicable,Not Applicable,Not Applicable,Not Applicable,Not Applicable,No,0.0,Not Applicable,No,Not Applicable,Yes,Yes,No,No,No,2.0,670.0,541.67,,0.927,Email,Edge,40,Light,-0.62888,151.0,,6.0,Yes,32.0,Active,Active,30.0,Unknown,Yes,3.0,3.0,0.0,0.0,1.0,Yes,No,0.0,3.0,Yes,Yes,Yes,No,No,Unknown,0.8084626865671641,High,9.0,3.0,Valid Claim
CLM01385,Washing Machine,Washer Dryer,Washing,Main Unit,ZenCore,24.0,No,Mechanical Failure,Internal Component Failure,Not Applicable,Not Applicable,Not Applicable,Household,No,Not Applicable,Unknown,Not Applicable,Not Applicable,Not Applicable,Yes,Yes,Yes,Yes,Yes,No,Not Applicable,Not Applicable,Not Applicable,Not Applicable,Not Applicable,Not Applicable,Yes,Yes,1.0,Yes,No,Not Applicable,Yes,Yes,No,No,No,1.0,2076.39,1967.7,551.38,0.897,Email,Chrome,50,System,-1.74212,731.0,22.0,24.0,Yes,0.0,Nearing Expiry,Not Applicable,30.0,Yes,Yes,4.0,3.0,1.0,0.0,0.75,No,No,1.0,3.0,Yes,Yes,Yes,Yes,No,Unknown,0.9476543423923252,High,12.0,5.0,Manual Review
CLM01386,Camera,DSLR,Not Sure,Camera Body,Aster,24.0,No,Lens Failure,Internal Component Failure,Unknown,No,Not Applicable,Not Applicable,Not Applicable,Not Applicable,Not Applicable,Not Applicable,Not Applicable,Not Applicable,Yes,Yes,No,Yes,No,,Not Applicable,Not Applicable,Not Applicable,Not Applicable,Not Applicable,Not Applicable,Yes,Yes,3.0,Yes,No,Not Applicable,Yes,Yes,No,No,No,0.0,1086.78,551.14,565.8,0.76,Mobile App,Chrome,23,System,1.26357,375.0,21.0,24.0,Yes,355.0,Active,Not Applicable,30.0,Yes,Yes,4.0,2.0,1.0,1.0,0.5,No,Yes,1.0,2.0,Yes,Yes,Yes,Yes,No,Unknown,0.5071311581000755,Medium,5.0,1.0,Manual Review
CLM01387,Smartphone,Rugged Smartphone,Phone,Main Unit,Aster,12.0,No,Overheating,Electrical Failure,No,No,Not Applicable,Not Applicable,Not Applicable,Not Applicable,Not Applicable,Not Applicable,Not Applicable,Not Applicable,Yes,Yes,Yes,No,Yes,,Not Applicable,Not Applicable,Not Applicable,Not Applicable,Not Applicable,Not Applicable,No,Yes,2.0,Yes,No,Not Applicable,Yes,Yes,No,Yes,No,0.0,1624.92,1530.9,497.04,0.747,Service Center,Firefox,11,Light,0.67495,146.0,11.0,12.0,Yes,219.0,Active,Not Applicable,30.0,Yes,Yes,4.0,2.0,1.0,1.0,0.5,No,No,1.0,2.0,Yes,Yes,Yes,Yes,No,No,0.9421386899047338,Medium,5.0,2.0,Manual Review
CLM01388,Laptop,2-in-1,Battery,Battery,NovaTech,12.0,No,Power Failure,Electrical Failure,No,Yes,Yes,Not Applicable,Not Applicable,Not Applicable,Not Applicable,Not Applicable,Not Applicable,Not Applicable,Yes,Yes,Yes,Yes,Yes,Yes,Not Applicable,Yes,Not Applicable,Not Applicable,Not Applicable,Not Applicable,Not Applicable,No,0.0,Not Applicable,No,Not Applicable,Yes,Yes,No,No,No,0.0,516.62,,0.0,0.978,Web,Firefox,0,System,-1.765,255.0,23.0,12.0,Yes,110.0,Active,Active,30.0,Yes,Yes,4.0,4.0,0.0,0.0,1.0,Yes,No,0.0,4.0,Yes,Yes,Yes,No,No,Yes,,High,2.0,3.0,Valid Claim
CLM01389,Printer,Laser,Printing,Print Head,NovaTech,12.0,No,Mechanical Failure,Electrical Failure,Not Applicable,Not Applicable,Not Applicable,Not Applicable,Unknown,Not Applicable,No,Not Applicable,Not Applicable,Original,Yes,Yes,Yes,Yes,Yes,Yes,Not Applicable,Not Applicable,Not Applicable,Not Applicable,Not Applicable,No,Not Applicable,No,0.0,Not Applicable,No,Not Applicable,Yes,Yes,No,No,No,0.0,235.19,52.03,0.0,0.665,Mobile App,Edge,1,Dark,-0.05624,204.0,13.0,12.0,Yes,161.0,Active,Active,30.0,Yes,Yes,4.0,3.0,1.0,0.0,0.75,No,No,1.0,3.0,Yes,Yes,Yes,No,No,No,0.2212253922360644,Low,4.0,0.0,Manual Review
CLM01390,Washing Machine,Top Load,Noise,Main Unit,HomePro,24.0,No,Noise,Manufacturing Defect,Not Applicable,Not Applicable,Not Applicable,Household,Yes,Not Applicable,No,Not Applicable,Not Applicable,Not Applicable,Yes,,Yes,Yes,No,Yes,Not Applicable,Not Applicable,Not Applicable,Not Applicable,Not Applicable,Not Applicable,Not Applicable,No,0.0,Not Applicable,No,Not Applicable,Yes,Yes,No,No,No,0.0,1412.72,383.28,0.0,0.96,Web,Chrome,16,Dark,-1.48526,511.0,4.0,24.0,Yes,220.0,Active,Not Applicable,30.0,Yes,Yes,3.0,2.0,1.0,0.0,0.6666666666666666,No,Yes,1.0,2.0,Yes,Yes,Yes,No,No,No,0.2713064159918455,High,11.0,1.0,Manual Review
CLM01391,Printer,Thermal,Power,Main Unit,PrimeView,12.0,No,Power Failure,Manufacturing Defect,Not Applicable,Not Applicable,Not Applicable,Not Applicable,Yes,Not Applicable,No,Not Applicable,Not Applicable,Compatible,Yes,Yes,Yes,Yes,Yes,Yes,Not Applicable,Not Applicable,Not Applicable,Not Applicable,Not Applicable,Yes,Yes,Yes,2.0,Yes,No,Not Applicable,Yes,Yes,No,Yes,No,0.0,348.69,274.82,44.22,0.753,Mobile App,Chrome,1,Dark,0.9962,123.0,15.0,12.0,Yes,243.0,Active,Not Applicable,30.0,Yes,Yes,5.0,5.0,0.0,0.0,1.0,Yes,No,0.0,5.0,Yes,Yes,Yes,Yes,No,No,0.7881499326048926,Medium,1.0,0.0,Valid Claim
CLM01392,Laptop,Gaming Laptop,Device,Main Unit,Aster,24.0,Yes,Connectivity Issue,Internal Component Failure,No,No,Not Applicable,Not Applicable,Not Applicable,Not Applicable,Not Applicable,Not Applicable,Not Applicable,Not Applicable,Yes,No,No,No,Yes,Yes,Not Applicable,Not Applicable,Not Applicable,Not Applicable,Not Applicable,Not Applicable,Not Applicable,No,0.0,Not Applicable,No,Not Applicable,Yes,Yes,No,No,No,0.0,1897.44,1603.04,0.0,0.734,Web,Chrome,53,Dark,-1.56465,982.0,7.0,24.0,Yes,114.0,Active,Not Applicable,30.0,Yes,Yes,3.0,3.0,0.0,0.0,1.0,Yes,No,0.0,3.0,Yes,Yes,Yes,No,No,No,0.8448435787165866,Medium,2.0,3.0,Valid Claim
CLM01393,Printer,Thermal,Printing,Main Unit,PrimeView,12.0,No,Mechanical Failure,Manufacturing Defect,Not Applicable,Not Applicable,Not Applicable,Not Applicable,No,Not Applicable,No,Not Applicable,Not Applicable,Compatible,Yes,Yes,No,Yes,Yes,Yes,Not Applicable,Not Applicable,Not Applicable,Not Applicable,Not Applicable,Yes,Not Applicable,No,0.0,Not Applicable,No,Not Applicable,Yes,Yes,No,Yes,No,0.0,352.77,268.11,0.0,0.777,Service Center,Chrome,6,Dark,-1.44043,231.0,1.0,12.0,Yes,135.0,Active,Not Applicable,30.0,Yes,Yes,4.0,4.0,0.0,0.0,1.0,Yes,No,0.0,4.0,Yes,Yes,Yes,No,No,No,0.7600136065992007,Medium,6.0,1.0,Valid Claim
CLM01394,Air Conditioner,Split,Indoor Unit,Main Unit,ZenCore,24.0,No,Noise,Manufacturing Defect,Not Applicable,Not Applicable,Not Applicable,Not Applicable,Unknown,Not Applicable,Not Applicable,No,Indoor Unit,Not Applicable,Yes,Yes,No,No,Yes,Yes,Yes,Not Applicable,Not Applicable,Not Applicable,Not Applicable,Not Applicable,Not Applicable,No,0.0,Not Applicable,No,Not Applicable,Yes,Yes,No,No,No,0.0,706.21,161.94,,0.569,Mobile App,Edge,44,Light,-0.73946,546.0,18.0,24.0,Yes,184.0,Active,Not Applicable,30.0,Yes,Yes,4.0,4.0,0.0,0.0,1.0,Yes,No,0.0,4.0,Yes,Yes,Yes,No,No,Not Applicable,0.2293085626088557,Low,6.0,2.0,Manual Review
CLM01395,Laptop,Business Laptop,Charger,Power Adapter,ZenCore,12.0,No,Battery Problem,Electrical Failure,No,No,Yes,Not Applicable,Not Applicable,Not Applicable,Not Applicable,Not Applicable,Not Applicable,Not Applicable,Yes,Yes,No,,Yes,Yes,Not Applicable,Not Applicable,Not Applicable,Not Applicable,Not Applicable,Not Applicable,Not Applicable,No,0.0,Not Applicable,No,Not Applicable,Yes,Yes,No,No,No,0.0,1673.74,1026.86,0.0,0.89,Web,MobileWebView,44,Light,0.10166,224.0,14.0,12.0,Yes,141.0,Active,Active,30.0,Yes,Yes,3.0,3.0,0.0,0.0,1.0,Yes,No,0.0,3.0,Yes,Yes,Yes,No,No,No,0.6135122539940492,High,8.0,5.0,Valid Claim
CLM01396,Camera,DSLR,Camera Body,Camera Body,Aster,24.0,No,Power Failure,Manufacturing Defect,No,No,Not Applicable,Not Applicable,Not Applicable,Not Applicable,Not Applicable,Not Applicable,Not Applicable,Not Applicable,Yes,Yes,Yes,Yes,Yes,Yes,Not Applicable,Not Applicable,Not Applicable,Not Applicable,Not Applicable,Not Applicable,,Yes,2.0,Yes,No,Not Applicable,Yes,Yes,No,No,No,2.0,864.94,217.07,,0.988,Service Center,Chrome,4,Light,-0.0657,581.0,15.0,24.0,Yes,150.0,Active,Not Applicable,30.0,Yes,Yes,4.0,3.0,0.0,1.0,0.75,Unknown,No,0.0,3.0,Yes,Yes,Yes,Yes,No,No,0.2509653848821883,High,6.0,5.0,Valid Claim
CLM01397,Smartphone,Rugged Smartphone,Phone,Main Unit,Aster,12.0,No,Display Failure,Manufacturing Defect,No,Unknown,Not Applicable,Not Applicable,Not Applicable,Not Applicable,Not Applicable,Not Applicable,Not Applicable,Not Applicable,No,Yes,Yes,Yes,Yes,Yes,Not Applicable,Not Applicable,Not Applicable,Not Applicable,Not Applicable,Not Applicable,Not Applicable,No,0.0,Not Applicable,No,Not Applicable,Yes,Yes,No,No,No,1.0,1498.41,612.25,0.0,0.904,Mobile App,Chrome,45,Light,-2.66892,360.0,28.0,12.0,Yes,5.0,Nearing Expiry,Not Applicable,30.0,Yes,Yes,3.0,3.0,0.0,0.0,1.0,Yes,No,0.0,3.0,No,Yes,Yes,No,No,Unknown,0.4085997824360488,High,1.0,3.0,Valid Claim
CLM01398,Camera,Action Camera,Lens,Lens,NovaTech,24.0,No,Battery Problem,Manufacturing Defect,Unknown,No,Yes,Not Applicable,Not Applicable,Not Applicable,Not Applicable,Not Applicable,Not Applicable,Not Applicable,Yes,Yes,No,No,Yes,Yes,Not Applicable,Not Applicable,Not Applicable,Not Applicable,Yes,Not Applicable,Not Applicable,No,0.0,Not Applicable,Yes,Yes,Yes,Yes,No,No,No,3.0,637.84,591.63,0.0,0.815,Service Center,Chrome,27,Light,0.22444,545.0,9.0,24.0,Yes,185.0,Active,Active,30.0,Yes,Yes,4.0,4.0,0.0,0.0,1.0,Yes,No,0.0,4.0,Yes,Yes,Yes,No,Yes,Unknown,0.9275523642292738,Medium,1.0,4.0,Valid Claim
CLM01399,Television,OLED,Picture,Main Unit,PrimeView,24.0,No,Display Failure,Electrical Failure,No,Not Applicable,Not Applicable,Not Applicable,Not Applicable,Yes,Not Applicable,Not Applicable,Not Applicable,Not Applicable,Yes,No,Yes,Yes,,Yes,Not Applicable,Not Applicable,Not Applicable,Not Applicable,Not Applicable,Not Applicable,Not Applicable,No,0.0,Not Applicable,No,Not Applicable,Yes,Yes,No,No,No,1.0,2479.12,1424.0,0.0,0.798,Web,Chrome,51,Light,0.62293,649.0,19.0,24.0,Yes,82.0,Active,Not Applicable,30.0,Yes,Yes,3.0,2.0,0.0,1.0,0.6666666666666666,Unknown,Unknown,0.0,2.0,Yes,Yes,Yes,No,No,No,0.5743973668075769,Medium,2.0,5.0,Valid Claim
CLM01400,Television,Mini-LED,Picture,Main Unit,HomePro,24.0,No,Display Failure,Electrical Failure,No,Not Applicable,Not Applicable,Not Applicable,Not Applicable,No,Not Applicable,Not Applicable,Not Applicable,Not Applicable,Yes,Yes,Yes,Yes,Yes,,Not Applicable,Not Applicable,Not Applicable,Not Applicable,Not Applicable,Not Applicable,Not Applicable,No,0.0,Not Applicable,No,Not Applicable,Yes,Yes,No,No,No,0.0,1679.12,441.41,0.0,0.947,Email,Chrome,56,Dark,-0.06934,704.0,7.0,24.0,Yes,27.0,Nearing Expiry,Not Applicable,30.0,Yes,Yes,3.0,2.0,0.0,1.0,0.6666666666666666,Unknown,No,0.0,2.0,Yes,Yes,Yes,No,No,No,0.2628817475820668,High,6.0,6.0,Valid Claim
CLM01401,Camera,Action Camera,Camera Body,Camera Body,PrimeView,24.0,No,Battery Problem,Internal Component Failure,No,No,Yes,Not Applicable,Not Applicable,Not Applicable,Not Applicable,Not Applicable,Not Applicable,Not Applicable,Yes,No,Yes,Yes,Yes,Yes,Not Applicable,Not Applicable,Not Applicable,Not Applicable,Not Applicable,Not Applicable,No,Yes,3.0,Yes,No,Not Applicable,Yes,Yes,No,No,No,1.0,2737.08,1995.46,153.41,0.826,Web,Firefox,6,System,-0.17126,605.0,6.0,24.0,Yes,125.0,Active,Not Applicable,30.0,Yes,Yes,4.0,3.0,1.0,0.0,0.75,No,No,1.0,3.0,Yes,Yes,Yes,Yes,No,No,0.7290470136057404,Medium,6.0,3.0,Manual Review
CLM01402,Washing Machine,Front Load,Water Leakage,Main Unit,PrimeView,24.0,No,Water Leakage,Manufacturing Defect,Not Applicable,Not Applicable,Not Applicable,Household,No,Not Applicable,No,Not Applicable,Not Applicable,Not Applicable,Yes,Yes,No,Yes,No,Yes,Not Applicable,Not Applicable,Not Applicable,Not Applicable,Not Applicable,Not Applicable,Not Applicable,No,0.0,Not Applicable,No,Not Applicable,Yes,Yes,No,No,No,0.0,820.43,509.02,0.0,0.893,Web,Firefox,50,Dark,0.52155,707.0,21.0,24.0,Yes,24.0,Nearing Expiry,Not Applicable,30.0,Yes,Yes,3.0,2.0,1.0,0.0,0.6666666666666666,No,Yes,1.0,2.0,Yes,Yes,Yes,No,No,No,0.6204307497288007,High,8.0,0.0,Manual Review
CLM01403,Camera,Mirrorless,Camera Body,Camera Body,Aster,24.0,Yes,Battery Problem,Manufacturing Defect,No,No,Yes,Not Applicable,Not Applicable,Not Applicable,Not Applicable,Not Applicable,Not Applicable,Not Applicable,No,Yes,No,Yes,Yes,,Not Applicable,Not Applicable,Not Applicable,Not Applicable,Not Applicable,Not Applicable,Not Applicable,No,0.0,Not Applicable,No,Not Applicable,Unknown,Yes,No,No,No,2.0,2965.28,441.46,0.0,0.925,Web,MobileWebView,57,Light,-0.03788,1030.0,3.0,24.0,Yes,66.0,Active,Not Applicable,30.0,Yes,Yes,3.0,2.0,0.0,1.0,0.6666666666666666,Unknown,No,0.0,2.0,No,Yes,Unknown,No,No,No,0.148876328710948,High,5.0,5.0,Manual Review
CLM01404,Printer,Inkjet,Power,Main Unit,NovaTech,12.0,No,Power Failure,Internal Component Failure,Not Applicable,Not Applicable,Not Applicable,Not Applicable,Yes,Not Applicable,No,Not Applicable,Not Applicable,Original,Yes,Yes,No,Yes,Yes,Yes,Not Applicable,Not Applicable,Not Applicable,Not Applicable,Not Applicable,Yes,Not Applicable,No,0.0,Not Applicable,No,Not Applicable,Yes,Yes,No,No,No,2.0,693.67,79.32,0.0,0.816,Mobile App,Edge,30,System,-1.17783,139.0,11.0,12.0,Yes,226.0,Active,Not Applicable,30.0,Yes,Yes,4.0,4.0,0.0,0.0,1.0,Yes,No,0.0,4.0,Yes,Yes,Yes,No,No,No,0.1143483212478556,Medium,10.0,6.0,Valid Claim
CLM01405,Smartphone,Foldable Smartphone,Phone,Main Unit,Aster,12.0,No,Connectivity Issue,Electrical Failure,No,No,Not Applicable,Not Applicable,Not Applicable,Not Applicable,Not Applicable,Not Applicable,Not Applicable,Not Applicable,Yes,Yes,Yes,Yes,Yes,Yes,Not Applicable,Not Applicable,Not Applicable,Not Applicable,Not Applicable,Not Applicable,Not Applicable,No,0.0,Not Applicable,No,Not Applicable,Yes,Yes,No,No,No,1.0,1384.91,476.5,,0.99,Service Center,Firefox,31,Dark,-0.96776,117.0,5.0,12.0,Yes,248.0,Active,Not Applicable,30.0,Yes,Yes,3.0,3.0,0.0,0.0,1.0,Yes,No,0.0,3.0,Yes,Yes,Yes,No,No,No,0.3440656793582254,High,7.0,5.0,Valid Claim
CLM01406,Smartphone,Foldable Smartphone,Phone,Main Unit,NovaTech,12.0,No,Battery Problem,Internal Component Failure,No,No,No,Not Applicable,Not Applicable,Not Applicable,Not Applicable,Not Applicable,Not Applicable,Not Applicable,No,Yes,Yes,Yes,Yes,Yes,Not Applicable,Not Applicable,Not Applicable,Not Applicable,Not Applicable,Not Applicable,Not Applicable,No,0.0,Not Applicable,No,Not Applicable,Yes,Yes,No,No,No,0.0,1525.09,1013.92,0.0,0.977,Mobile App,Firefox,39,Light,-0.04855,347.0,0.0,12.0,Yes,18.0,Nearing Expiry,Not Applicable,30.0,Yes,Yes,3.0,3.0,0.0,0.0,1.0,Yes,No,0.0,3.0,No,Yes,Yes,No,No,No,0.6648263381177504,High,6.0,6.0,Valid Claim
CLM01407,Camera,Mirrorless,Camera Body,Camera Body,Aster,24.0,No,Battery Problem,Electrical Failure,No,No,No,Not Applicable,Not Applicable,Not Applicable,Not Applicable,Not Applicable,Not Applicable,Not Applicable,Yes,Yes,Yes,Yes,Yes,Yes,Not Applicable,Not Applicable,Not Applicable,Not Applicable,Not Applicable,Not Applicable,No,Yes,3.0,Unknown,Yes,Yes,Yes,Yes,No,No,No,0.0,2906.81,1520.36,,0.794,Mobile App,Chrome,49,Light,0.95721,557.0,9.0,24.0,Yes,173.0,Active,Not Applicable,30.0,Yes,Yes,4.0,3.0,1.0,0.0,0.75,No,No,1.0,3.0,Yes,Yes,Yes,Yes,Yes,No,0.5230338412211324,Medium,3.0,1.0,Manual Review
CLM01408,Television,OLED,Connection,Main Unit,PrimeView,24.0,No,Connectivity Issue,Manufacturing Defect,Unknown,Not Applicable,Not Applicable,Not Applicable,Not Applicable,No,Not Applicable,Not Applicable,Not Applicable,Not Applicable,Yes,Yes,Yes,Yes,Yes,No,Not Applicable,Not Applicable,Not Applicable,Not Applicable,Not Applicable,Not Applicable,Yes,Yes,1.0,Unknown,No,Not Applicable,Yes,Yes,No,No,No,1.0,2821.68,715.76,227.13,0.827,Web,Chrome,34,Dark,-1.07128,436.0,3.0,24.0,Yes,295.0,Active,Not Applicable,30.0,Yes,Yes,4.0,3.0,1.0,0.0,0.75,No,No,1.0,3.0,Yes,Yes,Yes,Yes,No,Unknown,0.2536644835700717,Medium,12.0,1.0,Manual Review
CLM01409,Washing Machine,Washer Dryer,Spinning,Main Unit,PrimeView,24.0,No,Mechanical Failure,Internal Component Failure,Not Applicable,Not Applicable,Not Applicable,Household,Unknown,Not Applicable,No,Not Applicable,Not Applicable,Not Applicable,Yes,,Yes,,Yes,Yes,Not Applicable,Not Applicable,Not Applicable,Not Applicable,Not Applicable,Not Applicable,Not Applicable,No,0.0,Not Applicable,No,Not Applicable,Yes,Yes,No,No,No,1.0,608.35,223.9,,0.992,Mobile App,Safari,20,System,0.02624,586.0,16.0,24.0,Yes,145.0,Active,Not Applicable,30.0,Yes,Yes,3.0,3.0,0.0,0.0,1.0,Yes,No,0.0,3.0,Yes,Yes,Yes,No,No,No,0.3680447111038054,High,4.0,2.0,Valid Claim
CLM01410,Washing Machine,Front Load,Power,Main Unit,PrimeView,24.0,Yes,Power Failure,Manufacturing Defect,Not Applicable,Not Applicable,Not Applicable,Household,Unknown,Not Applicable,Yes,Not Applicable,Not Applicable,Not Applicable,No,Yes,Yes,,No,No,Not Applicable,Not Applicable,Not Applicable,Not Applicable,Not Applicable,Not Applicable,Not Applicable,No,0.0,Not Applicable,No,Not Applicable,Yes,Yes,No,Yes,No,0.0,785.67,999999.0,0.0,0.869,Web,Safari,38,Light,-1.13843,953.0,23.0,24.0,Yes,143.0,Active,Not Applicable,30.0,Yes,Yes,3.0,1.0,2.0,0.0,0.3333333333333333,No,Yes,2.0,1.0,No,Yes,Yes,No,No,Yes,1272.7977395089542,High,10.0,3.0,Manual Review
CLM01411,Refrigerator,Single Door,Not Sure,Main Unit,ZenCore,24.0,No,Water Leakage,Manufacturing Defect,Not Applicable,Not Applicable,Not Applicable,Household,No,Not Applicable,Not Applicable,Not Applicable,Not Applicable,Not Applicable,Yes,No,No,Yes,No,Yes,Not Applicable,Not Applicable,Not Applicable,Not Applicable,Not Applicable,Not Applicable,Not Applicable,No,0.0,Not Applicable,No,Not Applicable,Yes,Yes,No,No,No,1.0,2429.7,1917.54,0.0,0.806,Email,Edge,27,Light,1.00245,588.0,9.0,24.0,Yes,143.0,Active,Not Applicable,30.0,Yes,Yes,3.0,2.0,1.0,0.0,0.6666666666666666,No,Yes,1.0,2.0,Yes,Yes,Yes,No,No,Not Applicable,0.7892085442647241,Medium,1.0,0.0,Manual Review
CLM01412,Air Conditioner,Window,Both,Main Unit,ZenCore,24.0,No,Power Failure,Manufacturing Defect,Not Applicable,Not Applicable,Not Applicable,Not Applicable,No,Not Applicable,Not Applicable,No,Both,Not Applicable,Yes,Yes,Yes,Yes,,Yes,Yes,Not Applicable,Not Applicable,Not Applicable,Not Applicable,Not Applicable,Not Applicable,No,0.0,Not Applicable,No,Not Applicable,Yes,Yes,No,No,No,0.0,2541.35,1156.43,0.0,0.863,Service Center,Safari,46,Light,0.40631,649.0,30.0,24.0,Yes,82.0,Active,Not Applicable,30.0,Yes,Yes,4.0,3.0,0.0,1.0,0.75,Unknown,Unknown,0.0,3.0,Yes,Yes,Yes,No,No,Not Applicable,0.4550455466582722,High,10.0,3.0,Valid Claim
CLM01413,Camera,Mirrorless,Not Sure,Camera Body,PrimeView,24.0,No,Lens Failure,Electrical Failure,No,No,Not Applicable,Not Applicable,Not Applicable,Not Applicable,Not Applicable,Not Applicable,Not Applicable,Not Applicable,Yes,Yes,No,Yes,,Yes,Not Applicable,Not Applicable,Not Applicable,Not Applicable,Not Applicable,Not Applicable,Not Applicable,No,0.0,Not Applicable,No,Not Applicable,Yes,Yes,No,No,No,3.0,2607.03,274.71,0.0,0.552,Web,MobileWebView,51,System,1.8511,425.0,23.0,24.0,Yes,306.0,Active,Not Applicable,30.0,Yes,Yes,3.0,2.0,0.0,1.0,0.6666666666666666,Unknown,Unknown,0.0,2.0,Yes,Yes,Yes,No,No,No,0.1053727805203622,Low,8.0,1.0,Manual Review
CLM01414,Air Conditioner,Cassette,Indoor Unit,Compressor,Aster,60.0,No,Power Failure,Electrical Failure,Not Applicable,Not Applicable,Not Applicable,Not Applicable,No,Not Applicable,Not Applicable,No,Indoor Unit,Not Applicable,Yes,,Yes,Yes,No,Yes,Yes,Not Applicable,Not Applicable,Yes,Not Applicable,Not Applicable,,No,0.0,Not Applicable,No,Not Applicable,Yes,Yes,No,No,No,1.0,1394.19,1069.83,0.0,0.603,Mobile App,Safari,23,Dark,-0.09874,1765.0,5.0,60.0,Yes,61.0,Active,Active,30.0,Yes,Yes,5.0,4.0,1.0,0.0,0.8,No,Yes,1.0,4.0,Yes,Yes,Yes,No,No,Not Applicable,0.767348783164418,Low,2.0,4.0,Manual Review
CLM01415,Camera,Action Camera,Battery,Battery,NovaTech,6.0,No,Power Failure,Electrical Failure,No,No,Yes,Not Applicable,Not Applicable,Not Applicable,Not Applicable,Not Applicable,Not Applicable,Not Applicable,Yes,Yes,Yes,Yes,No,Yes,Not Applicable,Not Applicable,Not Applicable,Not Applicable,Not Applicable,Not Applicable,Not Applicable,No,0.0,Not Applicable,No,Not Applicable,Yes,Yes,No,No,No,0.0,2301.2,1093.82,0.0,0.825,Email,Safari,38,Light,-1.01562,150.0,21.0,6.0,Yes,34.0,Active,Active,30.0,Yes,Yes,3.0,2.0,1.0,0.0,0.6666666666666666,No,Yes,1.0,2.0,Yes,Yes,Yes,No,No,No,0.475325916912915,Medium,7.0,1.0,Manual Review
CLM01416,Refrigerator,Single Door,Water Leakage,Compressor,ZenCore,120.0,No,Water Leakage,Manufacturing Defect,Not Applicable,Not Applicable,Not Applicable,Business,Yes,Not Applicable,Not Applicable,Not Applicable,Not Applicable,Not Applicable,Yes,Yes,No,Yes,Yes,Yes,Not Applicable,Not Applicable,Not Applicable,No,Not Applicable,Not Applicable,Not Applicable,No,0.0,Not Applicable,No,Not Applicable,Yes,Yes,No,No,No,1.0,1716.36,1193.87,,0.938,Email,Chrome,29,Dark,0.0961,3358.0,15.0,120.0,Yes,294.0,Active,Active,30.0,Yes,Yes,4.0,3.0,1.0,0.0,0.75,No,No,1.0,3.0,Yes,Yes,Yes,No,No,Not Applicable,0.6955825118273555,High,3.0,6.0,Manual Review
CLM01417,Refrigerator,Single Door,Not Sure,Main Unit,Aster,24.0,No,Water Leakage,Manufacturing Defect,Not Applicable,Not Applicable,Not Applicable,Household,No,Not Applicable,Not Applicable,Not Applicable,Not Applicable,Not Applicable,Yes,Yes,Yes,Yes,No,Yes,Not Applicable,Not Applicable,Not Applicable,Not Applicable,Not Applicable,Not Applicable,Not Applicable,No,0.0,Not Applicable,No,Not Applicable,Yes,Yes,No,No,No,0.0,638.6,205.04,0.0,0.728,Web,Firefox,27,Dark,-1.29628,670.0,12.0,24.0,Yes,61.0,Active,Not Applicable,30.0,Yes,Yes,3.0,2.0,1.0,0.0,0.6666666666666666,No,Yes,1.0,2.0,Yes,Yes,Yes,No,No,Not Applicable,0.3210773567178202,Medium,12.0,5.0,Manual Review
CLM01418,Laptop,Consumer Laptop,Device,Main Unit,ZenCore,24.0,No,Power Failure,Manufacturing Defect,No,No,Not Applicable,Not Applicable,Not Applicable,Not Applicable,Not Applicable,Not Applicable,Not Applicable,Not Applicable,Yes,Yes,Yes,No,No,Yes,Not Applicable,Not Applicable,Not Applicable,Not Applicable,Not Applicable,Not Applicable,Yes,Yes,1.0,Yes,No,Not Applicable,Yes,Yes,No,No,No,0.0,1669.54,288.28,107.3,0.8,Web,Firefox,57,Dark,-1.99907,650.0,18.0,24.0,Yes,81.0,Active,Not Applicable,30.0,Yes,Yes,4.0,3.0,1.0,0.0,0.75,No,Yes,1.0,3.0,Yes,Yes,Yes,Yes,No,No,0.1726703163745702,Medium,4.0,4.0,Manual Review
CLM01419,Printer,Inkjet,Other,Main Unit,PrimeView,12.0,Yes,Power Failure,Electrical Failure,Not Applicable,Not Applicable,Not Applicable,Not Applicable,Yes,Not Applicable,No,Not Applicable,Not Applicable,Original,Yes,,Yes,Yes,Yes,No,Not Applicable,Not Applicable,Not Applicable,Not Applicable,Not Applicable,Yes,Yes,Yes,2.0,Yes,Yes,No,Yes,Yes,No,No,No,1.0,755.23,139.44,509.32,0.835,Mobile App,MobileWebView,53,Dark,1.84021,466.0,7.0,12.0,Yes,265.0,Active,Not Applicable,30.0,Yes,Yes,5.0,4.0,1.0,0.0,0.8,No,No,1.0,4.0,Yes,Yes,Yes,Yes,Yes,No,0.1846324960608026,Medium,4.0,0.0,Manual Review
CLM01420,Air Conditioner,Portable,Outdoor Unit,Main Unit,Aster,24.0,No,Power Failure,Electrical Failure,Not Applicable,Not Applicable,Not Applicable,Not Applicable,No,Not Applicable,Not Applicable,Yes,Outdoor Unit,Not Applicable,Yes,Yes,No,Yes,Yes,Yes,Yes,Not Applicable,Not Applicable,Not Applicable,Not Applicable,Not Applicable,No,Yes,1.0,Unknown,No,Not Applicable,Yes,Yes,No,No,No,0.0,733.24,452.78,640.22,0.862,Web,Edge,22,Dark,0.73844,450.0,3.0,24.0,Yes,281.0,Active,Not Applicable,30.0,Yes,Yes,5.0,4.0,1.0,0.0,0.8,No,No,1.0,4.0,Yes,Yes,Yes,Yes,No,Not Applicable,0.6175058643827396,High,11.0,4.0,Manual Review
CLM01421,Washing Machine,Front Load,Noise,Main Unit,HomePro,24.0,No,Noise,Electrical Failure,Not Applicable,Not Applicable,Not Applicable,Household,No,Not Applicable,No,Not Applicable,Not Applicable,Not Applicable,Yes,No,Yes,Yes,Yes,No,Not Applicable,Not Applicable,Not Applicable,Not Applicable,Not Applicable,Not Applicable,Not Applicable,No,0.0,Not Applicable,No,Not Applicable,Yes,Yes,No,No,No,0.0,1568.39,1264.61,0.0,0.957,Web,Chrome,8,Dark,-0.50013,432.0,8.0,24.0,Yes,299.0,Active,Not Applicable,30.0,Yes,Yes,3.0,2.0,1.0,0.0,0.6666666666666666,No,No,1.0,2.0,Yes,Yes,Yes,No,No,No,0.8063109303170767,High,2.0,1.0,Manual Review
CLM01422,Printer,Laser,Connection,Main Unit,NovaTech,12.0,No,Connectivity Issue,Manufacturing Defect,Not Applicable,Not Applicable,Not Applicable,Not Applicable,No,Not Applicable,No,Not Applicable,Not Applicable,Compatible,Yes,Yes,No,Yes,Yes,Yes,Not Applicable,Not Applicable,Not Applicable,Not Applicable,Not Applicable,Yes,Not Applicable,No,0.0,Not Applicable,No,Not Applicable,Yes,Yes,No,No,No,0.0,529.62,299.19,,0.653,Web,Chrome,20,Dark,0.92625,235.0,14.0,12.0,Yes,130.0,Active,Not Applicable,30.0,Yes,Yes,4.0,4.0,0.0,0.0,1.0,Yes,No,0.0,4.0,Yes,Yes,Yes,No,No,No,0.5649144669763226,Low,10.0,5.0,Manual Review
CLM01423,Air Conditioner,Cassette,Outdoor Unit,Main Unit,ZenCore,24.0,No,Noise,Electrical Failure,Not Applicable,Not Applicable,Not Applicable,Not Applicable,No,Not Applicable,Not Applicable,No,Outdoor Unit,Not Applicable,Yes,No,Yes,Yes,No,,Yes,Not Applicable,Not Applicable,Not Applicable,Not Applicable,Not Applicable,Yes,Yes,1.0,Yes,No,Not Applicable,Yes,Yes,No,No,No,1.0,2555.12,1711.04,355.94,0.867,Service Center,MobileWebView,42,Light,-1.50986,619.0,3.0,24.0,Yes,112.0,Active,Not Applicable,30.0,Yes,Yes,5.0,3.0,1.0,1.0,0.6,No,Yes,1.0,3.0,Yes,Yes,Yes,Yes,No,Not Applicable,0.6696515232161308,High,5.0,6.0,Manual Review
CLM01424,Camera,Mirrorless,Camera Body,Camera Body,PrimeView,24.0,Yes,Connectivity Issue,Manufacturing Defect,No,No,Not Applicable,Not Applicable,Not Applicable,Not Applicable,Not Applicable,Not Applicable,Not Applicable,Not Applicable,Yes,,No,Yes,No,Yes,Not Applicable,Not Applicable,Not Applicable,Not Applicable,Not Applicable,Not Applicable,Not Applicable,No,0.0,Not Applicable,No,Not Applicable,Yes,Yes,No,No,No,0.0,1838.71,775.31,0.0,0.9,Mobile App,Chrome,24,System,0.60536,1075.0,20.0,24.0,Yes,21.0,Nearing Expiry,Not Applicable,30.0,Yes,Yes,3.0,2.0,1.0,0.0,0.6666666666666666,No,Yes,1.0,2.0,Yes,Yes,Yes,No,No,No,0.4216597505860086,High,6.0,4.0,Manual Review
CLM01425,Television,LED,Power,Main Unit,Aster,24.0,No,Power Failure,Manufacturing Defect,No,Not Applicable,Not Applicable,Not Applicable,Not Applicable,No,Not Applicable,Not Applicable,Not Applicable,Not Applicable,Yes,Yes,Yes,Yes,Yes,No,Not Applicable,Not Applicable,Not Applicable,Not Applicable,Not Applicable,Not Applicable,Not Applicable,No,0.0,Not Applicable,No,Not Applicable,Yes,Yes,No,No,No,1.0,2355.24,1835.62,0.0,0.878,Service Center,Edge,2,Light,-0.22048,678.0,3.0,24.0,Yes,52.0,Active,Not Applicable,30.0,Yes,Yes,3.0,2.0,1.0,0.0,0.6666666666666666,No,No,1.0,2.0,Yes,Yes,Yes,No,No,No,0.7793770486234949,High,3.0,0.0,Manual Review
CLM01426,Air Conditioner,Cassette,Outdoor Unit,Compressor,HomePro,60.0,No,Noise,Manufacturing Defect,Not Applicable,Not Applicable,Not Applicable,Not Applicable,Unknown,Not Applicable,Not Applicable,No,Outdoor Unit,Not Applicable,,No,Yes,Yes,Yes,Yes,Yes,Not Applicable,Not Applicable,Yes,Not Applicable,Not Applicable,,Yes,1.0,Yes,No,Not Applicable,Yes,Yes,No,No,No,0.0,1682.32,345.71,428.83,0.754,Web,Edge,27,Light,-2.44744,1631.0,15.0,60.0,Yes,195.0,Active,Active,30.0,Yes,Yes,6.0,5.0,0.0,1.0,0.8333333333333334,Unknown,No,0.0,5.0,,Yes,Yes,Yes,No,Not Applicable,0.2054959817395026,Medium,9.0,6.0,Manual Review
CLM01427,Refrigerator,Double Door,Water Leakage,Main Unit,ZenCore,24.0,No,Water Leakage,Internal Component Failure,Not Applicable,Not Applicable,Not Applicable,Household,No,Not Applicable,Not Applicable,Not Applicable,Not Applicable,Not Applicable,Yes,Yes,Yes,No,Yes,No,Not Applicable,Not Applicable,Not Applicable,Not Applicable,Not Applicable,Not Applicable,Not Applicable,No,0.0,Not Applicable,No,Not Applicable,Yes,Yes,No,No,No,1.0,2992.74,2474.72,0.0,0.84,Web,MobileWebView,2,System,-0.02006,470.0,25.0,24.0,Yes,260.0,Active,Not Applicable,30.0,Yes,Yes,3.0,2.0,1.0,0.0,0.6666666666666666,No,No,1.0,2.0,Yes,Yes,Yes,No,No,Not Applicable,0.8269077835027433,Medium,4.0,4.0,Manual Review
CLM01428,Washing Machine,Washer Dryer,Noise,Main Unit,PrimeView,24.0,No,Noise,Manufacturing Defect,Not Applicable,Not Applicable,Not Applicable,Household,No,Not Applicable,No,Not Applicable,Not Applicable,Not Applicable,Yes,Yes,No,Yes,No,Yes,Not Applicable,Not Applicable,Not Applicable,Not Applicable,Not Applicable,Not Applicable,Yes,Yes,3.0,Yes,No,Not Applicable,Yes,Yes,No,No,No,0.0,1561.63,848.29,618.5,0.859,Web,MobileWebView,2,System,-1.89404,546.0,15.0,24.0,Yes,185.0,Active,Not Applicable,30.0,Yes,Yes,4.0,3.0,1.0,0.0,0.75,No,Yes,1.0,3.0,Yes,Yes,Yes,Yes,No,No,0.5432080582468318,High,1.0,6.0,Manual Review
CLM01429,Washing Machine,Front Load,Noise,Motor,HomePro,120.0,No,Noise,Internal Component Failure,Not Applicable,Not Applicable,Not Applicable,Other,No,Not Applicable,No,Not Applicable,Not Applicable,Not Applicable,Yes,Yes,Yes,Yes,Yes,Yes,Not Applicable,Not Applicable,Not Applicable,Yes,Not Applicable,Not Applicable,No,Yes,3.0,Yes,No,Not Applicable,Yes,Yes,No,No,No,1.0,685.87,605.99,434.48,0.925,Email,Edge,23,Dark,0.71275,3434.0,30.0,120.0,Yes,218.0,Active,Active,30.0,Yes,Yes,5.0,4.0,1.0,0.0,0.8,No,No,1.0,4.0,Yes,Yes,Yes,Yes,No,No,0.8835347806435622,High,6.0,5.0,Manual Review
CLM01430,Printer,Thermal,Printing,Main Unit,HomePro,12.0,No,Mechanical Failure,Internal Component Failure,Not Applicable,Not Applicable,Not Applicable,Not Applicable,No,Not Applicable,Unknown,Not Applicable,Not Applicable,Original,Yes,Yes,Yes,Yes,Yes,Yes,Not Applicable,Not Applicable,Not Applicable,Not Applicable,Not Applicable,No,Not Applicable,No,0.0,Not Applicable,No,Not Applicable,Yes,Yes,No,No,No,0.0,983.24,231.68,0.0,0.858,Mobile App,Firefox,26,Light,1.47744,365.0,10.0,12.0,Yes,1.0,Nearing Expiry,Not Applicable,30.0,Yes,Yes,4.0,3.0,1.0,0.0,0.75,No,No,1.0,3.0,Yes,Yes,Yes,No,No,Unknown,0.2356291444611692,High,5.0,1.0,Manual Review
CLM01431,Camera,Action Camera,Camera Body,Camera Body,Aster,24.0,No,Connectivity Issue,Electrical Failure,No,No,Not Applicable,Not Applicable,Not Applicable,Not Applicable,Not Applicable,Not Applicable,Not Applicable,Not Applicable,Yes,Yes,No,Yes,Yes,Yes,Not Applicable,Not Applicable,Not Applicable,Not Applicable,Not Applicable,Not Applicable,Not Applicable,No,0.0,Not Applicable,No,Not Applicable,Unknown,Yes,No,No,No,1.0,1964.58,1794.35,0.0,0.76,Web,Safari,57,Light,0.5852,522.0,7.0,24.0,Yes,209.0,Active,Not Applicable,30.0,Yes,Yes,3.0,3.0,0.0,0.0,1.0,Yes,No,0.0,3.0,Yes,Yes,Unknown,No,No,No,0.9133504362255546,Medium,12.0,6.0,Manual Review
CLM01432,Printer,Thermal,Printing,Main Unit,HomePro,12.0,No,Mechanical Failure,Manufacturing Defect,Not Applicable,Not Applicable,Not Applicable,Not Applicable,No,Not Applicable,No,Not Applicable,Not Applicable,Original,Yes,Yes,Yes,Yes,Yes,Yes,Not Applicable,Not Applicable,Not Applicable,Not Applicable,Not Applicable,Yes,Yes,Yes,2.0,Yes,No,Not Applicable,Yes,Yes,No,No,No,0.0,669.4,438.37,264.35,0.65,Service Center,MobileWebView,52,Dark,0.72186,190.0,7.0,12.0,Yes,175.0,Active,Not Applicable,30.0,Yes,Yes,5.0,5.0,0.0,0.0,1.0,Yes,No,0.0,5.0,Yes,Yes,Yes,Yes,No,No,0.6548700328652525,Low,12.0,2.0,Manual Review
CLM01433,Washing Machine,Front Load,Power,Motor,HomePro,120.0,No,Power Failure,Internal Component Failure,Not Applicable,Not Applicable,Not Applicable,Household,No,Not Applicable,No,Not Applicable,Not Applicable,Not Applicable,Yes,Yes,Yes,Yes,Yes,Yes,Not Applicable,Not Applicable,Not Applicable,Yes,Not Applicable,Not Applicable,No,Yes,2.0,Yes,No,Not Applicable,Yes,Yes,No,No,No,2.0,1994.85,234.21,41.65,0.969,Web,Safari,14,System,-0.37495,3634.0,10.0,120.0,Yes,19.0,Nearing Expiry,Nearing Expiry,30.0,Yes,Yes,5.0,4.0,1.0,0.0,0.8,No,No,1.0,4.0,Yes,Yes,Yes,Yes,No,No,0.1174073238589367,High,12.0,1.0,Manual Review
CLM01434,Camera,Action Camera,Camera Body,Camera Body,PrimeView,24.0,No,Lens Failure,Internal Component Failure,No,No,Not Applicable,Not Applicable,Not Applicable,Not Applicable,Not Applicable,Not Applicable,Not Applicable,Not Applicable,Yes,Yes,Yes,Yes,Yes,No,Not Applicable,Not Applicable,Not Applicable,Not Applicable,Not Applicable,Not Applicable,Not Applicable,No,0.0,Not Applicable,No,Not Applicable,Yes,Yes,No,No,No,0.0,425.49,195.24,0.0,0.816,Mobile App,Edge,51,Dark,0.14965,436.0,24.0,24.0,Yes,295.0,Active,Not Applicable,30.0,Yes,Yes,3.0,2.0,1.0,0.0,0.6666666666666666,No,No,1.0,2.0,Yes,Yes,Yes,No,No,No,0.4588591976309666,Medium,3.0,5.0,Manual Review
CLM01435,Air Conditioner,Split,Indoor Unit,Main Unit,ZenCore,24.0,No,Power Failure,Internal Component Failure,Not Applicable,Not Applicable,Not Applicable,Not Applicable,No,Not Applicable,Not Applicable,No,Indoor Unit,Not Applicable,Yes,No,No,Yes,Yes,Yes,Yes,Not Applicable,Not Applicable,Not Applicable,Not Applicable,Not Applicable,Not Applicable,No,0.0,Not Applicable,No,Not Applicable,Yes,No,No,No,No,1.0,1986.89,485.6,0.0,0.786,Mobile App,MobileWebView,3,System,-0.43049,649.0,26.0,24.0,Yes,82.0,Active,Not Applicable,30.0,Yes,Yes,4.0,4.0,0.0,0.0,1.0,Yes,No,0.0,4.0,Yes,Yes,Yes,No,No,Not Applicable,0.2444020554736296,Medium,10.0,1.0,Manual Review
CLM01436,Camera,Mirrorless,Camera Body,Camera Body,NovaTech,24.0,Yes,Power Failure,Electrical Failure,No,No,Not Applicable,Not Applicable,Not Applicable,Not Applicable,Not Applicable,Not Applicable,Not Applicable,Not Applicable,Yes,Yes,No,No,Yes,Yes,Not Applicable,Not Applicable,Not Applicable,Not Applicable,Not Applicable,Not Applicable,No,Yes,3.0,Yes,No,Not Applicable,Yes,Yes,No,No,No,0.0,2773.96,1652.75,212.75,0.949,Mobile App,Chrome,29,Dark,0.20444,1045.0,24.0,24.0,Yes,51.0,Active,Not Applicable,30.0,Yes,Yes,4.0,3.0,1.0,0.0,0.75,No,No,1.0,3.0,Yes,Yes,Yes,Yes,No,No,0.5958088797242931,High,9.0,2.0,Manual Review
CLM01437,Smartphone,Standard Smartphone,Phone,Main Unit,NovaTech,12.0,Yes,Overheating,Electrical Failure,Unknown,Unknown,Not Applicable,Not Applicable,Not Applicable,Not Applicable,Not Applicable,Not Applicable,Not Applicable,Not Applicable,Yes,Yes,No,Yes,Yes,No,Not Applicable,Not Applicable,Not Applicable,Not Applicable,Not Applicable,Not Applicable,Not Applicable,No,0.0,Not Applicable,No,Not Applicable,Yes,Yes,No,No,Yes,0.0,1434.31,561.18,0.0,0.9,Service Center,MobileWebView,20,System,-0.01343,563.0,11.0,12.0,Yes,167.0,Active,Not Applicable,30.0,Yes,Yes,3.0,2.0,1.0,0.0,0.6666666666666666,No,No,1.0,2.0,Yes,Yes,Yes,No,No,Unknown,0.3912543313509631,High,11.0,4.0,Manual Review
CLM01438,Refrigerator,Single Door,Power,Main Unit,HomePro,24.0,No,Power Failure,Manufacturing Defect,Not Applicable,Not Applicable,Not Applicable,Business,Yes,Not Applicable,Not Applicable,Not Applicable,Not Applicable,Not Applicable,Yes,Yes,Yes,Yes,No,,Not Applicable,Not Applicable,Not Applicable,Not Applicable,Not Applicable,Not Applicable,Yes,Yes,2.0,Yes,No,Not Applicable,Yes,Yes,No,No,No,0.0,2909.81,2105.85,207.43,0.995,Mobile App,Chrome,45,Dark,-0.1152,625.0,30.0,24.0,Yes,106.0,Active,Not Applicable,30.0,Yes,Yes,4.0,2.0,1.0,1.0,0.5,No,Yes,1.0,2.0,Yes,Yes,Yes,Yes,No,Not Applicable,0.7237070461645262,High,6.0,5.0,Manual Review
CLM01439,Smartphone,Rugged Smartphone,Not Sure,Main Unit,Aster,12.0,No,Overheating,Manufacturing Defect,No,No,Not Applicable,Not Applicable,Not Applicable,Not Applicable,Not Applicable,Not Applicable,Not Applicable,Not Applicable,Yes,Yes,Yes,Yes,No,Yes,Not Applicable,Not Applicable,Not Applicable,Not Applicable,Not Applicable,Not Applicable,Not Applicable,No,0.0,Not Applicable,No,Not Applicable,Yes,No,No,No,No,1.0,1631.02,1178.2,0.0,0.9,Web,Safari,28,System,-1.52205,294.0,5.0,12.0,Yes,71.0,Active,Not Applicable,30.0,Yes,Yes,3.0,2.0,1.0,0.0,0.6666666666666666,No,Yes,1.0,2.0,Yes,Yes,Yes,No,No,No,0.7223700506431558,High,8.0,2.0,Manual Review
CLM01440,Camera,Mirrorless,Camera Body,Camera Body,Aster,24.0,Yes,Power Failure,Internal Component Failure,No,No,Not Applicable,Not Applicable,Not Applicable,Not Applicable,Not Applicable,Not Applicable,Not Applicable,Not Applicable,Yes,Yes,No,Yes,Yes,Yes,Not Applicable,Not Applicable,Not Applicable,Not Applicable,Not Applicable,Not Applicable,Not Applicable,No,0.0,Not Applicable,No,Not Applicable,Unknown,Yes,No,No,No,1.0,2365.34,1234.34,0.0,0.737,Web,Safari,43,System,0.47413,,,24.0,Yes,,Unknown,Not Applicable,30.0,Unknown,Yes,3.0,3.0,0.0,0.0,1.0,Yes,No,0.0,3.0,Yes,Yes,Unknown,No,No,No,0.5218446396712523,Medium,,,Manual Review
CLM01441,Laptop,Gaming Laptop,Charger,Power Adapter,NovaTech,12.0,No,Display Failure,Internal Component Failure,No,No,Not Applicable,Not Applicable,Not Applicable,Not Applicable,Not Applicable,Not Applicable,Not Applicable,Not Applicable,Yes,Yes,Yes,Yes,Yes,Yes,Not Applicable,Not Applicable,Not Applicable,Not Applicable,Not Applicable,Not Applicable,Not Applicable,No,0.0,Not Applicable,No,Not Applicable,Unknown,Yes,No,No,No,1.0,941.14,854.22,0.0,0.959,Web,Edge,49,Dark,0.57943,171.0,15.0,12.0,Yes,194.0,Active,Active,30.0,Yes,Yes,3.0,3.0,0.0,0.0,1.0,Yes,No,0.0,3.0,Yes,Yes,Unknown,No,No,No,0.9076439212019466,High,9.0,4.0,Manual Review
CLM01442,Air Conditioner,Cassette,Both,Main Unit,Aster,24.0,No,Noise,Electrical Failure,Not Applicable,Not Applicable,Not Applicable,Not Applicable,No,Not Applicable,Not Applicable,No,Both,Not Applicable,Yes,Yes,No,Yes,,Yes,Yes,Not Applicable,Not Applicable,Not Applicable,Not Applicable,Not Applicable,Not Applicable,No,0.0,Not Applicable,No,Not Applicable,Yes,Yes,No,No,No,50.0,791.94,722.57,0.0,0.473,Web,Firefox,18,Dark,0.76975,395.0,10.0,24.0,Yes,336.0,Active,Not Applicable,30.0,Yes,Yes,4.0,3.0,0.0,1.0,0.75,Unknown,Unknown,0.0,3.0,Yes,Yes,Yes,No,No,Not Applicable,0.9124049801752658,Low,4.0,2.0,Manual Review
CLM01443,Printer,Inkjet,Connection,Main Unit,PrimeView,12.0,No,Connectivity Issue,Electrical Failure,Not Applicable,Not Applicable,Not Applicable,Not Applicable,No,Not Applicable,No,Not Applicable,Not Applicable,Original,No,No,Yes,Yes,Yes,No,Not Applicable,Not Applicable,Not Applicable,Not Applicable,Not Applicable,Yes,Not Applicable,No,0.0,Not Applicable,No,Not Applicable,Yes,Yes,No,No,No,0.0,594.27,60.31,,0.733,Mobile App,MobileWebView,42,Dark,0.93485,346.0,26.0,12.0,Yes,20.0,Nearing Expiry,Not Applicable,30.0,Yes,Yes,4.0,3.0,1.0,0.0,0.75,No,No,1.0,3.0,No,Yes,Yes,No,No,No,0.1014858565971696,Medium,4.0,3.0,Manual Review
CLM01444,Smartphone,Rugged Smartphone,Phone,Main Unit,NovaTech,12.0,No,Power Failure,Manufacturing Defect,No,No,Not Applicable,Not Applicable,Not Applicable,Not Applicable,Not Applicable,Not Applicable,Not Applicable,Not Applicable,Yes,Yes,Yes,Yes,No,Yes,Not Applicable,Not Applicable,Not Applicable,Not Applicable,Not Applicable,Not Applicable,Not Applicable,No,0.0,Not Applicable,No,Not Applicable,Yes,Yes,No,No,No,2.0,1779.84,943.19,0.0,0.896,Web,Firefox,2,System,0.50702,181.0,15.0,12.0,Yes,184.0,Active,Not Applicable,30.0,Yes,Yes,3.0,2.0,1.0,0.0,0.6666666666666666,No,Yes,1.0,2.0,Yes,Yes,Yes,No,No,No,0.529929656598346,High,2.0,5.0,Manual Review
CLM01445,Printer,Inkjet,Paper Feed,Main Unit,PrimeView,12.0,No,Paper Feed Failure,Internal Component Failure,Not Applicable,Not Applicable,Not Applicable,Not Applicable,Yes,Not Applicable,No,Not Applicable,Not Applicable,Original,No,Yes,Yes,Yes,Yes,No,Not Applicable,Not Applicable,Not Applicable,Not Applicable,Not Applicable,No,Not Applicable,No,0.0,Not Applicable,No,Not Applicable,Yes,Yes,No,No,No,1.0,325.28,36.78,,0.952,Mobile App,Edge,36,System,0.46893,259.0,1.0,12.0,Yes,106.0,Active,Not Applicable,30.0,Yes,Yes,4.0,2.0,2.0,0.0,0.5,No,No,2.0,2.0,No,Yes,Yes,No,No,No,0.1130718150516478,High,5.0,6.0,Manual Review
CLM01446,Washing Machine,Top Load,Power,Main Unit,PrimeView,24.0,Yes,Power Failure,Internal Component Failure,Not Applicable,Not Applicable,Not Applicable,Household,No,Not Applicable,No,Not Applicable,Not Applicable,Not Applicable,Yes,Yes,No,Yes,,Yes,Not Applicable,Not Applicable,Not Applicable,Not Applicable,Not Applicable,Not Applicable,Not Applicable,No,0.0,Not Applicable,Yes,Yes,Yes,Yes,No,No,No,1.0,459.1,337.68,0.0,0.565,Web,Firefox,37,Dark,-0.09299,990.0,3.0,24.0,Yes,106.0,Active,Not Applicable,30.0,Yes,Yes,3.0,2.0,0.0,1.0,0.6666666666666666,Unknown,Unknown,0.0,2.0,Yes,Yes,Yes,No,Yes,No,0.7355260291875408,Low,7.0,3.0,Manual Review
CLM01447,Refrigerator,Double Door,Cooling,Main Unit,HomePro,24.0,No,Cooling Failure,Internal Component Failure,Not Applicable,Not Applicable,Not Applicable,Household,No,Not Applicable,Not Applicable,Not Applicable,Not Applicable,Not Applicable,Yes,Yes,No,Yes,No,Yes,Not Applicable,Not Applicable,Not Applicable,Not Applicable,Not Applicable,Not Applicable,Not Applicable,No,0.0,Not Applicable,No,Not Applicable,Yes,Yes,No,No,No,1.0,919.34,180.45,0.0,0.876,Web,Edge,39,System,-0.08989,711.0,25.0,24.0,Yes,20.0,Nearing Expiry,Not Applicable,30.0,Yes,Yes,3.0,2.0,1.0,0.0,0.6666666666666666,No,Yes,1.0,2.0,Yes,Yes,Yes,No,No,Not Applicable,0.196282115430635,High,11.0,6.0,Manual Review
CLM01448,Smartphone,Standard Smartphone,Phone,Main Unit,NovaTech,12.0,No,Power Failure,Manufacturing Defect,No,Yes,Not Applicable,Not Applicable,Not Applicable,Not Applicable,Not Applicable,Not Applicable,Not Applicable,Not Applicable,Yes,Yes,Yes,Yes,Yes,Yes,Not Applicable,Not Applicable,Not Applicable,Not Applicable,Not Applicable,Not Applicable,Not Applicable,No,0.0,Not Applicable,No,Not Applicable,Yes,Yes,No,No,No,0.0,976.52,827.22,0.0,,Web,MobileWebView,43,Dark,-0.01794,236.0,5.0,12.0,Yes,129.0,Active,Not Applicable,30.0,Yes,Yes,3.0,3.0,0.0,0.0,1.0,Yes,No,0.0,3.0,Yes,Yes,Yes,No,No,Yes,0.8471101462335642,Unknown,5.0,5.0,Manual Review
CLM01449,Refrigerator,Single Door,Not Sure,Main Unit,ZenCore,24.0,No,Water Leakage,Manufacturing Defect,Not Applicable,Not Applicable,Not Applicable,Household,Yes,Not Applicable,Not Applicable,Not Applicable,Not Applicable,Not Applicable,Yes,Yes,Yes,Yes,No,Yes,Not Applicable,Not Applicable,Not Applicable,Not Applicable,Not Applicable,Not Applicable,,No,0.0,Not Applicable,No,Not Applicable,Yes,Yes,No,No,No,0.0,680.39,441.22,0.0,0.929,Email,Chrome,44,System,-1.372,701.0,29.0,24.0,Yes,30.0,Nearing Expiry,Not Applicable,30.0,Yes,Yes,3.0,2.0,1.0,0.0,0.6666666666666666,No,Yes,1.0,2.0,Yes,Yes,Yes,No,No,Not Applicable,0.6484810182395392,High,7.0,6.0,Manual Review
CLM01450,Refrigerator,Side-by-Side,Water Leakage,Compressor,ZenCore,120.0,No,Water Leakage,Electrical Failure,Not Applicable,Not Applicable,Not Applicable,Household,No,Not Applicable,Not Applicable,Not Applicable,Not Applicable,Not Applicable,Yes,Yes,Yes,Yes,No,Yes,Not Applicable,Not Applicable,Not Applicable,Yes,Not Applicable,Not Applicable,Not Applicable,No,0.0,Not Applicable,No,Not Applicable,Yes,No,No,No,No,1.0,1387.65,888.38,0.0,0.831,Web,Firefox,39,Light,1.23462,3416.0,16.0,120.0,Yes,236.0,Active,Active,30.0,Yes,Yes,4.0,3.0,1.0,0.0,0.75,No,Yes,1.0,3.0,Yes,Yes,Yes,No,No,Not Applicable,0.6402046625590025,Medium,5.0,6.0,Manual Review
CLM01451,Camera,Compact,Camera Body,Camera Body,Aster,24.0,No,Power Failure,Internal Component Failure,No,No,Not Applicable,Not Applicable,Not Applicable,Not Applicable,Not Applicable,Not Applicable,Not Applicable,Not Applicable,Yes,Yes,No,,Yes,No,Not Applicable,Not Applicable,Not Applicable,Not Applicable,Not Applicable,Not Applicable,Not Applicable,No,0.0,Not Applicable,No,Not Applicable,Yes,Yes,No,No,No,1.0,2690.34,914.87,0.0,0.805,Mobile App,Safari,18,Dark,-0.48099,538.0,4.0,24.0,Yes,193.0,Active,Not Applicable,30.0,Yes,Yes,3.0,2.0,1.0,0.0,0.6666666666666666,No,No,1.0,2.0,Yes,Yes,Yes,No,No,No,0.3400573905156969,Medium,1.0,4.0,Manual Review
CLM01452,Smartphone,Rugged Smartphone,Phone,Main Unit,NovaTech,12.0,No,Battery Problem,Internal Component Failure,No,No,No,Not Applicable,Not Applicable,Not Applicable,Not Applicable,Not Applicable,Not Applicable,Not Applicable,No,Yes,Yes,Yes,,Yes,Not Applicable,Not Applicable,Not Applicable,Not Applicable,Not Applicable,Not Applicable,No,Yes,2.0,Yes,No,Not Applicable,Yes,Yes,No,No,No,0.0,460.86,202.84,258.13,0.776,Web,Firefox,56,Dark,-0.71247,254.0,19.0,12.0,Yes,111.0,Active,Not Applicable,30.0,Yes,Yes,4.0,2.0,1.0,1.0,0.5,No,Unknown,1.0,2.0,No,Yes,Yes,Yes,No,No,0.4401336631514994,Medium,4.0,3.0,Manual Review
CLM01453,Refrigerator,Single Door,Cooling,Main Unit,Aster,24.0,No,Cooling Failure,Internal Component Failure,Not Applicable,Not Applicable,Not Applicable,Household,No,Not Applicable,Not Applicable,Not Applicable,Not Applicable,Not Applicable,Yes,Yes,No,Yes,Yes,,Not Applicable,Not Applicable,Not Applicable,Not Applicable,Not Applicable,Not Applicable,Not Applicable,No,0.0,Not Applicable,No,Not Applicable,Yes,Yes,No,No,No,1.0,2444.87,1426.92,0.0,0.66,Web,Chrome,32,System,1.23405,376.0,18.0,24.0,Yes,355.0,Active,Not Applicable,30.0,Yes,Yes,3.0,2.0,0.0,1.0,0.6666666666666666,Unknown,No,0.0,2.0,Yes,Yes,Yes,No,No,Not Applicable,0.5836383938614323,Low,9.0,6.0,Manual Review
CLM01454,Camera,Compact,Camera Body,Camera Body,PrimeView,24.0,No,Connectivity Issue,Manufacturing Defect,No,No,Not Applicable,Not Applicable,Not Applicable,Not Applicable,Not Applicable,Not Applicable,Not Applicable,Not Applicable,Yes,Yes,No,Yes,Yes,Yes,Not Applicable,Not Applicable,Not Applicable,Not Applicable,Not Applicable,Not Applicable,Not Applicable,No,0.0,Not Applicable,No,Not Applicable,Unknown,Yes,No,No,No,0.0,1902.99,365.48,0.0,0.805,Web,Firefox,49,System,1.43983,454.0,19.0,24.0,Yes,277.0,Active,Not Applicable,30.0,Yes,Yes,3.0,3.0,0.0,0.0,1.0,Yes,No,0.0,3.0,Yes,Yes,Unknown,No,No,No,0.192055659777508,Medium,5.0,6.0,Manual Review
CLM01455,Laptop,2-in-1,Not Sure,Main Unit,NovaTech,24.0,No,Overheating,Internal Component Failure,No,No,Not Applicable,Not Applicable,Not Applicable,Not Applicable,Not Applicable,Not Applicable,Not Applicable,Not Applicable,Yes,Yes,Yes,Yes,Yes,Yes,Not Applicable,Not Applicable,Not Applicable,Not Applicable,Not Applicable,Not Applicable,Not Applicable,No,0.0,Not Applicable,No,Not Applicable,Yes,Yes,No,No,No,1.0,973.53,424.64,0.0,0.694,Web,MobileWebView,12,Light,-2.53892,531.0,16.0,24.0,Yes,200.0,Active,Not Applicable,30.0,Yes,Yes,3.0,3.0,0.0,0.0,1.0,Yes,No,0.0,3.0,Yes,Yes,Yes,No,No,No,0.4361858391626349,Low,2.0,5.0,Manual Review
CLM01456,Air Conditioner,Split,Not Sure,Main Unit,Aster,24.0,No,Power Failure,Internal Component Failure,Not Applicable,Not Applicable,Not Applicable,Not Applicable,Yes,Not Applicable,Not Applicable,No,Not Sure,Not Applicable,Yes,Yes,Yes,Yes,No,No,Yes,Not Applicable,Not Applicable,Not Applicable,Not Applicable,Not Applicable,Not Applicable,No,0.0,Not Applicable,No,Not Applicable,Unknown,Yes,No,No,No,0.0,1984.94,1257.99,0.0,0.921,Service Center,Edge,17,Dark,0.16106,601.0,16.0,24.0,Yes,129.0,Active,Not Applicable,30.0,Yes,Yes,4.0,2.0,2.0,0.0,0.5,No,Yes,2.0,2.0,Yes,Yes,Unknown,No,No,Not Applicable,0.6337672675244591,High,3.0,4.0,Manual Review
CLM01457,Camera,Compact,Camera Body,Camera Body,NovaTech,24.0,No,Connectivity Issue,Internal Component Failure,Yes,No,Not Applicable,Not Applicable,Not Applicable,Not Applicable,Not Applicable,Not Applicable,Not Applicable,Not Applicable,Yes,Yes,Yes,No,No,No,Not Applicable,Not Applicable,Not Applicable,Not Applicable,Not Applicable,Not Applicable,Not Applicable,No,0.0,Not Applicable,No,Not Applicable,Yes,Yes,No,No,No,0.0,1807.42,229.03,0.0,0.96,Service Center,Chrome,1,Light,-0.61634,381.0,7.0,24.0,Yes,350.0,Active,Not Applicable,30.0,Yes,Yes,3.0,1.0,2.0,0.0,0.3333333333333333,No,Yes,2.0,1.0,Yes,Yes,Yes,No,No,Yes,0.1267165351716812,High,4.0,0.0,Manual Review
CLM01458,Printer,Inkjet,Power,Main Unit,PrimeView,12.0,Yes,Power Failure,Electrical Failure,Not Applicable,Not Applicable,Not Applicable,Not Applicable,Yes,Not Applicable,No,Not Applicable,Not Applicable,Compatible,Yes,Yes,Yes,Yes,No,Yes,Not Applicable,Not Applicable,Not Applicable,Not Applicable,Not Applicable,No,Not Applicable,No,0.0,Not Applicable,No,Not Applicable,Yes,Yes,No,No,No,1.0,1110.85,927.97,0.0,0.92,Email,Firefox,24,System,-0.19525,552.0,16.0,12.0,Yes,179.0,Active,Not Applicable,30.0,Yes,Yes,4.0,2.0,2.0,0.0,0.5,No,Yes,2.0,2.0,Yes,Yes,Yes,No,No,No,0.8353693117882703,High,12.0,0.0,Manual Review
CLM01459,Printer,Inkjet,Power,Main Unit,HomePro,12.0,No,Power Failure,Electrical Failure,Not Applicable,Not Applicable,Not Applicable,Not Applicable,No,Not Applicable,No,Not Applicable,Not Applicable,Unknown,Yes,Yes,No,Yes,No,No,Not Applicable,Not Applicable,Not Applicable,Not Applicable,Not Applicable,Yes,Not Applicable,No,0.0,Not Applicable,No,Not Applicable,Yes,Yes,No,No,No,1.0,882.56,485.43,0.0,0.925,Service Center,Safari,59,Dark,-1.8432,203.0,7.0,12.0,Yes,162.0,Active,Not Applicable,30.0,Yes,Yes,4.0,2.0,2.0,0.0,0.5,No,Yes,2.0,2.0,Yes,Yes,Yes,No,No,No,0.5500249274836839,High,8.0,1.0,Manual Review
CLM01460,Camera,Compact,Camera Body,Camera Body,Aster,24.0,No,Lens Failure,Internal Component Failure,No,Unknown,Not Applicable,Not Applicable,Not Applicable,Not Applicable,Not Applicable,Not Applicable,Not Applicable,Not Applicable,Yes,Yes,Yes,Yes,Yes,No,Not Applicable,Not Applicable,Not Applicable,Not Applicable,Not Applicable,Not Applicable,Not Applicable,No,0.0,Not Applicable,No,Not Applicable,Yes,Yes,No,No,No,2.0,831.87,623.76,0.0,0.747,Mobile App,Firefox,36,System,-0.95711,716.0,16.0,24.0,Yes,15.0,Nearing Expiry,Not Applicable,30.0,Yes,Yes,3.0,2.0,1.0,0.0,0.6666666666666666,No,No,1.0,2.0,Yes,Yes,Yes,No,No,Unknown,0.7498286991957878,Medium,12.0,1.0,Manual Review
CLM01461,Smartphone,Standard Smartphone,Phone,Main Unit,PrimeView,12.0,No,Connectivity Issue,Electrical Failure,No,No,Not Applicable,Not Applicable,Not Applicable,Not Applicable,Not Applicable,Not Applicable,Not Applicable,Not Applicable,Yes,Yes,No,Yes,Yes,Yes,Not Applicable,Not Applicable,Not Applicable,Not Applicable,Not Applicable,Not Applicable,Yes,Yes,3.0,Yes,No,Not Applicable,Unknown,Yes,No,No,No,2.0,1321.94,511.92,440.94,0.737,Service Center,Safari,3,System,1.82096,207.0,11.0,12.0,Yes,158.0,Active,Not Applicable,30.0,Yes,Yes,4.0,4.0,0.0,0.0,1.0,Yes,No,0.0,4.0,Yes,Yes,Unknown,Yes,No,No,0.3872490430730593,Medium,6.0,6.0,Manual Review
CLM01462,Refrigerator,Side-by-Side,Noise,Main Unit,,24.0,No,Noise,Electrical Failure,Not Applicable,Not Applicable,Not Applicable,Household,Yes,Not Applicable,Not Applicable,Not Applicable,Not Applicable,Not Applicable,Yes,Yes,Yes,Yes,Yes,Yes,Not Applicable,Not Applicable,Not Applicable,Not Applicable,Not Applicable,Not Applicable,Yes,Yes,3.0,Unknown,No,Not Applicable,Yes,Yes,No,No,No,0.0,1566.12,255.13,76.3,0.959,Service Center,Firefox,23,Dark,-1.91723,688.0,19.0,24.0,Yes,43.0,Active,Not Applicable,30.0,Yes,Yes,4.0,4.0,0.0,0.0,1.0,Yes,No,0.0,4.0,Yes,Yes,Yes,Yes,No,Not Applicable,0.1629057798891528,High,5.0,4.0,Manual Review
CLM01463,Air Conditioner,Cassette,Outdoor Unit,Main Unit,Aster,24.0,Yes,Water Leakage,Internal Component Failure,Not Applicable,Not Applicable,Not Applicable,Not Applicable,Yes,Not Applicable,Not Applicable,No,Outdoor Unit,Not Applicable,Yes,Yes,No,Yes,Yes,No,No,Not Applicable,Not Applicable,Not Applicable,Not Applicable,Not Applicable,Not Applicable,No,0.0,Not Applicable,No,Not Applicable,Yes,Yes,No,No,No,1.0,1765.02,1404.68,0.0,0.745,Web,Safari,42,System,-0.13112,1081.0,8.0,24.0,Yes,15.0,Nearing Expiry,Not Applicable,30.0,Yes,Yes,4.0,2.0,2.0,0.0,0.5,No,Yes,2.0,2.0,Yes,Yes,Yes,No,No,Not Applicable,0.795843673159511,Medium,8.0,4.0,Manual Review
CLM01464,Television,LED,Picture,Main Unit,Aster,24.0,No,Display Failure,Electrical Failure,No,Not Applicable,Not Applicable,Not Applicable,Not Applicable,Unknown,Not Applicable,Not Applicable,Not Applicable,Not Applicable,Yes,Yes,No,Yes,No,Yes,Not Applicable,Not Applicable,Not Applicable,Not Applicable,Not Applicable,Not Applicable,Not Applicable,No,0.0,Not Applicable,No,Not Applicable,Unknown,Yes,No,No,No,2.0,2573.6,405.2,0.0,0.799,Service Center,Firefox,11,Dark,-2.50632,570.0,17.0,24.0,Yes,161.0,Active,Not Applicable,30.0,Yes,Yes,3.0,2.0,1.0,0.0,0.6666666666666666,No,Yes,1.0,2.0,Yes,Yes,Unknown,No,No,No,0.1574448243705315,Medium,6.0,4.0,Manual Review
CLM01465,Refrigerator,Single Door,Cooling,Main Unit,HomePro,24.0,No,Cooling Failure,Electrical Failure,Not Applicable,Not Applicable,Not Applicable,Business,No,Not Applicable,Not Applicable,Not Applicable,Not Applicable,Not Applicable,Yes,Yes,Yes,Yes,No,Yes,Not Applicable,Not Applicable,Not Applicable,Not Applicable,Not Applicable,Not Applicable,No,Yes,2.0,Yes,No,Not Applicable,Yes,Yes,No,No,No,0.0,892.7,72.17,644.65,0.826,Service Center,Firefox,17,Light,1.03215,560.0,12.0,24.0,Yes,171.0,Active,Not Applicable,30.0,Yes,Yes,4.0,2.0,2.0,0.0,0.5,No,Yes,2.0,2.0,Yes,Yes,Yes,Yes,No,Not Applicable,0.0808446286546432,Medium,11.0,5.0,Manual Review
CLM01466,Smartphone,Rugged Smartphone,Charger,Charger,PrimeView,6.0,No,Overheating,Manufacturing Defect,No,Unknown,Not Applicable,Not Applicable,Not Applicable,Not Applicable,Not Applicable,Not Applicable,Not Applicable,Not Applicable,Yes,Yes,Yes,Yes,Yes,Yes,Not Applicable,Not Applicable,Not Applicable,Not Applicable,Not Applicable,Not Applicable,Not Applicable,No,0.0,Not Applicable,No,Not Applicable,Unknown,Yes,No,No,No,0.0,708.84,356.07,0.0,0.791,Mobile App,MobileWebView,32,Dark,1.45536,148.0,29.0,6.0,Yes,36.0,Active,Active,30.0,Yes,Yes,3.0,3.0,0.0,0.0,1.0,Yes,No,0.0,3.0,Yes,Yes,Unknown,No,No,Unknown,0.5023277467411545,Medium,8.0,5.0,Manual Review
CLM01467,Laptop,Business Laptop,Device,Main Unit,Aster,24.0,No,Battery Problem,Internal Component Failure,No,No,Yes,Not Applicable,Not Applicable,Not Applicable,Not Applicable,Not Applicable,Not Applicable,Not Applicable,Yes,Yes,Yes,No,No,Yes,Not Applicable,Not Applicable,Not Applicable,Not Applicable,Not Applicable,Not Applicable,Not Applicable,No,0.0,Not Applicable,No,Not Applicable,Yes,Yes,No,No,No,1.0,2022.76,394.64,0.0,0.814,Web,MobileWebView,54,System,-0.17086,677.0,2.0,24.0,Yes,54.0,Active,Not Applicable,30.0,Yes,Yes,3.0,2.0,1.0,0.0,0.6666666666666666,No,Yes,1.0,2.0,Yes,Yes,Yes,No,No,No,0.1950997646779647,Medium,10.0,3.0,Manual Review
CLM01468,Camera,DSLR,Camera Body,Camera Body,PrimeView,24.0,No,Power Failure,Electrical Failure,No,No,Not Applicable,Not Applicable,Not Applicable,Not Applicable,Not Applicable,Not Applicable,Not Applicable,Not Applicable,Yes,Yes,No,No,No,Yes,Not Applicable,Not Applicable,Not Applicable,Not Applicable,Not Applicable,Not Applicable,,No,0.0,Not Applicable,No,Not Applicable,Yes,Yes,No,No,No,1.0,540.19,349.9,0.0,0.906,Web,Chrome,14,System,-0.50936,727.0,12.0,24.0,Yes,4.0,Nearing Expiry,Not Applicable,30.0,Yes,Yes,3.0,2.0,1.0,0.0,0.6666666666666666,No,Yes,1.0,2.0,Yes,Yes,Yes,No,No,No,0.6477350561839351,High,6.0,1.0,Manual Review
CLM01469,Laptop,Consumer Laptop,Device,Main Unit,NovaTech,24.0,No,Connectivity Issue,Manufacturing Defect,No,No,Not Applicable,Not Applicable,Not Applicable,Not Applicable,Not Applicable,Not Applicable,Not Applicable,Not Applicable,Yes,Yes,Yes,Yes,Yes,Yes,Not Applicable,Not Applicable,Not Applicable,Not Applicable,Not Applicable,Not Applicable,Yes,Yes,1.0,Yes,No,Not Applicable,Yes,Yes,No,No,No,1.0,892.51,515.22,50.21,0.588,Mobile App,Chrome,29,System,-0.20608,569.0,7.0,24.0,Yes,162.0,Active,Not Applicable,30.0,Yes,Yes,4.0,4.0,0.0,0.0,1.0,Yes,No,0.0,4.0,Yes,Yes,Yes,Yes,No,No,0.577270842903721,Low,2.0,2.0,Manual Review
CLM01470,Air Conditioner,Portable,Outdoor Unit,Main Unit,Aster,24.0,No,Noise,Internal Component Failure,Not Applicable,Not Applicable,Not Applicable,Not Applicable,No,Not Applicable,Not Applicable,No,Outdoor Unit,Not Applicable,Yes,Yes,No,Yes,Yes,No,Yes,Not Applicable,Not Applicable,Not Applicable,Not Applicable,Not Applicable,Not Applicable,No,0.0,Not Applicable,No,Not Applicable,Yes,Yes,No,No,No,2.0,520.66,365.08,0.0,0.973,Mobile App,Firefox,40,System,0.21555,418.0,14.0,24.0,Yes,313.0,Active,Not Applicable,30.0,Yes,Yes,4.0,3.0,1.0,0.0,0.75,No,No,1.0,3.0,Yes,Yes,Yes,No,No,Not Applicable,0.7011869550186303,High,1.0,1.0,Manual Review
CLM01471,Air Conditioner,Cassette,Indoor Unit,Main Unit,ZenCore,24.0,No,Cooling Failure,Electrical Failure,Not Applicable,Not Applicable,Not Applicable,Not Applicable,Unknown,Not Applicable,Not Applicable,No,Indoor Unit,Not Applicable,,Yes,Yes,Yes,Yes,,Yes,Not Applicable,Not Applicable,Not Applicable,Not Applicable,Not Applicable,Yes,Yes,2.0,Yes,No,Not Applicable,Unknown,Yes,No,No,Yes,1.0,1254.99,424.46,418.88,0.849,Web,Safari,49,System,-1.62938,604.0,0.0,24.0,Yes,126.0,Active,Not Applicable,30.0,Yes,Yes,5.0,4.0,0.0,1.0,0.8,Unknown,No,0.0,4.0,,Yes,Unknown,Yes,No,Not Applicable,0.338217834405055,Medium,12.0,0.0,Manual Review
CLM01472,Camera,Mirrorless,Camera Body,Camera Body,PrimeView,24.0,No,Battery Problem,Electrical Failure,No,Yes,No,Not Applicable,Not Applicable,Not Applicable,Not Applicable,Not Applicable,Not Applicable,Not Applicable,No,,No,,Yes,Yes,Not Applicable,Not Applicable,Not Applicable,Not Applicable,Not Applicable,Not Applicable,Yes,Yes,2.0,Unknown,No,Not Applicable,Yes,Yes,No,No,Yes,5.0,3023.63,799.03,,0.876,Mobile App,Edge,31,Dark,-0.34413,547.0,5.0,24.0,Yes,184.0,Active,Not Applicable,30.0,Yes,Yes,4.0,3.0,0.0,1.0,0.75,Unknown,Unknown,0.0,3.0,No,Unknown,Yes,Yes,No,Yes,0.2642618309779966,High,4.0,1.0,Manual Review
CLM01473,Printer,Laser,Printing,Main Unit,NovaTech,12.0,No,Mechanical Failure,Manufacturing Defect,Not Applicable,Not Applicable,Not Applicable,Not Applicable,No,Not Applicable,No,Not Applicable,Not Applicable,Compatible,Yes,Yes,No,Yes,Yes,Yes,Not Applicable,Not Applicable,Not Applicable,Not Applicable,Not Applicable,No,Not Applicable,No,0.0,Not Applicable,No,Not Applicable,Yes,Yes,No,No,No,0.0,528.47,264.9,0.0,0.797,Web,Edge,55,Dark,1.33501,283.0,6.0,12.0,Yes,82.0,Active,Not Applicable,30.0,Yes,Yes,4.0,3.0,1.0,0.0,0.75,No,No,1.0,3.0,Yes,Yes,Yes,No,No,No,0.5012583495751887,Medium,1.0,2.0,Manual Review
CLM01474,Printer,Inkjet,Connection,Main Unit,PrimeView,12.0,No,Connectivity Issue,Electrical Failure,Not Applicable,Not Applicable,Not Applicable,Not Applicable,No,Not Applicable,Unknown,Not Applicable,Not Applicable,Original,Yes,Yes,Yes,Yes,Yes,Yes,Not Applicable,Not Applicable,Not Applicable,Not Applicable,Not Applicable,Yes,Not Applicable,No,0.0,Not Applicable,No,Not Applicable,Yes,Yes,No,No,No,0.0,931.22,835.35,0.0,0.468,Mobile App,MobileWebView,45,Dark,-1.39433,335.0,26.0,12.0,Yes,31.0,Active,Not Applicable,30.0,Yes,Yes,4.0,4.0,0.0,0.0,1.0,Yes,No,0.0,4.0,Yes,Yes,Yes,No,No,Unknown,0.8970490324520521,Low,9.0,4.0,Manual Review
CLM01475,Refrigerator,Single Door,Power,Main Unit,HomePro,24.0,No,Power Failure,Electrical Failure,Not Applicable,Not Applicable,Not Applicable,Household,No,Not Applicable,Not Applicable,Not Applicable,Not Applicable,Not Applicable,Yes,Yes,Yes,Yes,No,Yes,Not Applicable,Not Applicable,Not Applicable,Not Applicable,Not Applicable,Not Applicable,Not Applicable,No,0.0,Not Applicable,No,Not Applicable,Yes,Yes,No,No,No,2.0,1297.55,601.34,0.0,0.855,Web,Safari,29,System,0.34557,592.0,20.0,24.0,Yes,139.0,Active,Not Applicable,30.0,Yes,Yes,3.0,2.0,1.0,0.0,0.6666666666666666,No,Yes,1.0,2.0,Yes,Yes,Yes,No,No,Not Applicable,0.4634426419020462,High,11.0,1.0,Manual Review
CLM01476,Washing Machine,Front Load,Spinning,Main Unit,ZenCore,24.0,No,Mechanical Failure,Internal Component Failure,Not Applicable,Not Applicable,Not Applicable,Household,No,Not Applicable,No,Not Applicable,Not Applicable,Not Applicable,Yes,Yes,Yes,Yes,Yes,No,Not Applicable,Not Applicable,Not Applicable,Not Applicable,Not Applicable,Not Applicable,Yes,Yes,3.0,Yes,No,Not Applicable,Yes,Yes,No,No,No,0.0,802.99,474.65,377.03,0.829,Web,Chrome,37,Dark,-0.8774,432.0,9.0,24.0,Yes,299.0,Active,Not Applicable,30.0,Yes,Yes,4.0,3.0,1.0,0.0,0.75,No,No,1.0,3.0,Yes,Yes,Yes,Yes,No,No,0.5911032515971556,Medium,11.0,4.0,Manual Review
CLM01477,Smartphone,Standard Smartphone,Phone,Main Unit,PrimeView,12.0,Yes,Battery Problem,Internal Component Failure,No,No,Yes,Not Applicable,Not Applicable,Not Applicable,Not Applicable,Not Applicable,Not Applicable,Not Applicable,Yes,Yes,Yes,No,Yes,Yes,Not Applicable,Not Applicable,Not Applicable,Not Applicable,Not Applicable,Not Applicable,No,Yes,3.0,Yes,No,Not Applicable,Yes,Yes,No,No,No,1.0,255.09,210.71,462.85,0.851,Email,MobileWebView,24,Dark,0.21662,713.0,13.0,12.0,Yes,18.0,Nearing Expiry,Not Applicable,30.0,Yes,Yes,4.0,3.0,1.0,0.0,0.75,No,No,1.0,3.0,Yes,Yes,Yes,Yes,No,No,0.8260221882472852,High,6.0,3.0,Manual Review
CLM01478,Printer,Thermal,Printing,Main Unit,HomePro,12.0,No,Mechanical Failure,Electrical Failure,Not Applicable,Not Applicable,Not Applicable,Not Applicable,No,Not Applicable,No,Not Applicable,Not Applicable,Original,Yes,Yes,Yes,Yes,Yes,Yes,Not Applicable,Not Applicable,Not Applicable,Not Applicable,Not Applicable,Yes,No,Yes,3.0,Yes,No,Not Applicable,Yes,Yes,No,No,No,1.0,1135.78,513.28,186.01,0.775,Service Center,MobileWebView,15,System,-0.47782,258.0,4.0,12.0,Yes,107.0,Active,Not Applicable,30.0,Yes,Yes,5.0,4.0,1.0,0.0,0.8,No,No,1.0,4.0,Yes,Yes,Yes,Yes,No,No,0.4519185053443448,Medium,5.0,5.0,Manual Review
CLM01479,Smartphone,Rugged Smartphone,Battery,Battery,PrimeView,12.0,No,Power Failure,Internal Component Failure,No,No,Unknown,Not Applicable,Not Applicable,Not Applicable,Not Applicable,Not Applicable,Not Applicable,Not Applicable,Yes,Yes,Yes,Yes,Yes,Yes,Not Applicable,Yes,Not Applicable,Not Applicable,Not Applicable,Not Applicable,Not Applicable,No,0.0,Not Applicable,No,Not Applicable,Yes,Yes,No,No,No,1.0,1122.77,850.0,0.0,0.539,Email,Chrome,57,Light,-1.10361,172.0,11.0,12.0,Yes,194.0,Active,Active,30.0,Yes,Yes,4.0,4.0,0.0,0.0,1.0,Yes,No,0.0,4.0,Yes,Yes,Yes,No,No,No,0.757056209196897,Low,6.0,2.0,Manual Review
CLM01480,Laptop,Gaming Laptop,Battery,Battery,NovaTech,12.0,No,Battery Problem,Electrical Failure,No,No,Yes,Not Applicable,Not Applicable,Not Applicable,Not Applicable,Not Applicable,Not Applicable,Not Applicable,Yes,,Yes,Yes,Yes,No,Not Applicable,No,Not Applicable,Not Applicable,Not Applicable,Not Applicable,,Yes,2.0,Yes,No,Not Applicable,Yes,Yes,No,No,No,2.0,1791.81,936.08,446.91,0.988,Service Center,Edge,53,Dark,0.50143,216.0,21.0,12.0,Yes,149.0,Active,Active,30.0,Yes,Yes,5.0,2.0,2.0,1.0,0.4,No,No,2.0,2.0,Yes,Yes,Yes,Yes,No,No,0.5224214620969858,High,12.0,0.0,Manual Review
CLM01481,Smartphone,Standard Smartphone,Phone,Main Unit,PrimeView,12.0,No,Power Failure,Internal Component Failure,Unknown,No,Not Applicable,Not Applicable,Not Applicable,Not Applicable,Not Applicable,Not Applicable,Not Applicable,Not Applicable,Yes,Yes,Yes,Yes,Yes,No,Not Applicable,Not Applicable,Not Applicable,Not Applicable,Not Applicable,Not Applicable,Not Applicable,No,0.0,Not Applicable,No,Not Applicable,Yes,Yes,No,No,No,0.0,286.08,246.13,0.0,0.885,Service Center,Edge,23,Dark,0.62527,276.0,6.0,12.0,Yes,90.0,Active,Not Applicable,30.0,Yes,Yes,3.0,2.0,1.0,0.0,0.6666666666666666,No,No,1.0,2.0,Yes,Yes,Yes,No,No,Unknown,0.8603537472035795,High,5.0,6.0,Manual Review
CLM01482,Washing Machine,Front Load,Power,Main Unit,PrimeView,24.0,No,Power Failure,Electrical Failure,Not Applicable,Not Applicable,Not Applicable,Household,No,Not Applicable,No,Not Applicable,Not Applicable,Not Applicable,Yes,Yes,Yes,Yes,Yes,No,Not Applicable,Not Applicable,Not Applicable,Not Applicable,Not Applicable,Not Applicable,Not Applicable,No,0.0,Not Applicable,No,Not Applicable,Yes,Yes,No,No,No,2.0,369.11,280.19,0.0,0.787,Email,Firefox,22,Light,-1.1922,478.0,30.0,24.0,Yes,253.0,Active,Not Applicable,30.0,Yes,Yes,3.0,2.0,1.0,0.0,0.6666666666666666,No,No,1.0,2.0,Yes,Yes,Yes,No,No,No,0.7590962043835171,Medium,4.0,3.0,Manual Review
CLM01483,Television,LED,Picture,Main Unit,HomePro,24.0,Yes,Display Failure,Electrical Failure,No,Not Applicable,Not Applicable,Not Applicable,Not Applicable,Unknown,Not Applicable,Not Applicable,Not Applicable,Not Applicable,Yes,,No,Yes,Yes,Yes,Not Applicable,Not Applicable,Not Applicable,Not Applicable,Not Applicable,Not Applicable,No,Yes,2.0,Yes,Yes,No,Yes,No,No,No,No,1.0,1806.12,346.96,520.87,0.753,Web,MobileWebView,22,Light,0.5313,781.0,13.0,24.0,Yes,315.0,Active,Not Applicable,30.0,Yes,Yes,4.0,3.0,1.0,0.0,0.75,No,No,1.0,3.0,Yes,Yes,Yes,Yes,Yes,No,0.1921024073704958,Medium,8.0,3.0,Manual Review
CLM01484,Printer,Inkjet,Printing,Print Head,HomePro,12.0,No,Mechanical Failure,Manufacturing Defect,Not Applicable,Not Applicable,Not Applicable,Not Applicable,Yes,Not Applicable,No,Not Applicable,Not Applicable,Original,Yes,Yes,Yes,No,Yes,No,Not Applicable,Not Applicable,Not Applicable,Not Applicable,Not Applicable,Yes,Not Applicable,No,0.0,Not Applicable,No,Not Applicable,Yes,Yes,No,No,No,2.0,125.72,37.31,0.0,0.814,Email,MobileWebView,51,Dark,1.55481,187.0,17.0,12.0,Yes,178.0,Active,Active,30.0,Yes,Yes,4.0,3.0,1.0,0.0,0.75,No,No,1.0,3.0,Yes,Yes,Yes,No,No,No,0.2967706013363029,Medium,4.0,0.0,Manual Review
CLM01485,Printer,Thermal,Connection,Main Unit,HomePro,12.0,No,Connectivity Issue,Electrical Failure,Not Applicable,Not Applicable,Not Applicable,Not Applicable,Yes,Not Applicable,No,Not Applicable,Not Applicable,Compatible,Yes,Yes,Yes,Yes,Yes,Yes,Not Applicable,Not Applicable,Not Applicable,Not Applicable,Not Applicable,Yes,Not Applicable,No,0.0,Not Applicable,No,Not Applicable,Yes,No,No,No,No,0.0,846.88,269.05,0.0,0.754,Mobile App,Chrome,7,System,-0.86234,155.0,23.0,12.0,Yes,210.0,Active,Not Applicable,30.0,Yes,Yes,4.0,4.0,0.0,0.0,1.0,Yes,No,0.0,4.0,Yes,Yes,Yes,No,No,No,0.3176955412809371,Medium,3.0,5.0,Manual Review
CLM01486,Refrigerator,Double Door,Cooling,Main Unit,ZenCore,24.0,No,Cooling Failure,Internal Component Failure,Not Applicable,Not Applicable,Not Applicable,Household,Unknown,Not Applicable,Not Applicable,Not Applicable,Not Applicable,Not Applicable,Yes,Yes,Yes,No,Yes,No,Not Applicable,Not Applicable,Not Applicable,Not Applicable,Not Applicable,Not Applicable,Not Applicable,No,0.0,Not Applicable,No,Not Applicable,Yes,Yes,No,No,No,0.0,2187.33,1015.86,0.0,0.854,Mobile App,Edge,12,Dark,-0.5881,657.0,9.0,24.0,Yes,74.0,Active,Not Applicable,30.0,Yes,Yes,3.0,2.0,1.0,0.0,0.6666666666666666,No,No,1.0,2.0,Yes,Yes,Yes,No,No,Not Applicable,0.4644292356434557,High,10.0,6.0,Manual Review
CLM01487,Washing Machine,Washer Dryer,Water Leakage,Main Unit,ZenCore,24.0,No,Water Leakage,Electrical Failure,Not Applicable,Not Applicable,Not Applicable,Household,Yes,Not Applicable,No,Not Applicable,Not Applicable,Not Applicable,Yes,Yes,No,Yes,Yes,Yes,Not Applicable,Not Applicable,Not Applicable,Not Applicable,Not Applicable,Not Applicable,Not Applicable,No,0.0,Not Applicable,No,Not Applicable,Yes,Yes,No,No,No,0.0,1691.07,407.11,0.0,0.453,Service Center,Safari,41,Light,-0.25125,567.0,12.0,24.0,Yes,163.0,Active,Not Applicable,30.0,Yes,Yes,3.0,3.0,0.0,0.0,1.0,Yes,No,0.0,3.0,Yes,Yes,Yes,No,No,No,0.2407410692638389,Low,7.0,4.0,Manual Review
CLM01488,Smartphone,Foldable Smartphone,Charger,Charger,Aster,6.0,No,Power Failure,Internal Component Failure,No,No,Not Applicable,Not Applicable,Not Applicable,Not Applicable,Not Applicable,Not Applicable,Not Applicable,Not Applicable,Yes,Yes,Yes,Yes,Yes,Yes,Not Applicable,Not Applicable,Not Applicable,Not Applicable,Not Applicable,Not Applicable,No,Yes,2.0,Unknown,Yes,No,Yes,Yes,No,No,No,1.0,1249.67,365.61,394.27,0.822,Web,MobileWebView,22,Light,0.70073,114.0,3.0,6.0,Yes,67.0,Active,Active,30.0,Yes,Yes,4.0,3.0,1.0,0.0,0.75,No,No,1.0,3.0,Yes,Yes,Yes,Yes,Yes,No,0.2925652372226268,Medium,12.0,4.0,Manual Review
CLM01489,Air Conditioner,Split,Outdoor Unit,Compressor,Aster,60.0,No,Noise,Internal Component Failure,Not Applicable,Not Applicable,Not Applicable,Not Applicable,No,Not Applicable,Not Applicable,No,Outdoor Unit,Not Applicable,No,Yes,Yes,Yes,Yes,Yes,No,Not Applicable,Not Applicable,No,Not Applicable,Not Applicable,Not Applicable,No,0.0,Not Applicable,No,Not Applicable,Yes,Yes,No,No,Yes,2.0,1611.36,797.11,,0.853,Service Center,Firefox,55,Dark,0.69724,1473.0,7.0,60.0,Yes,353.0,Active,Active,30.0,Yes,Yes,5.0,3.0,2.0,0.0,0.6,No,Yes,2.0,3.0,No,Yes,Yes,No,No,Not Applicable,0.4946815112699831,High,4.0,4.0,Manual Review
CLM01490,Television,Mini-LED,Picture,Main Unit,HomePro,24.0,No,Display Failure,Internal Component Failure,No,Not Applicable,Not Applicable,Not Applicable,Not Applicable,No,Not Applicable,Not Applicable,Not Applicable,Not Applicable,Yes,Yes,No,Yes,Yes,Yes,Not Applicable,Not Applicable,Not Applicable,Not Applicable,Not Applicable,Not Applicable,Not Applicable,No,0.0,Not Applicable,No,Not Applicable,Yes,Yes,No,No,No,2.0,3046.59,1278.52,,0.469,Email,Edge,43,Dark,0.55592,474.0,4.0,24.0,Yes,257.0,Active,Not Applicable,30.0,Yes,Yes,3.0,3.0,0.0,0.0,1.0,Yes,No,0.0,3.0,Yes,Yes,Yes,No,No,No,0.4196560744964041,Low,8.0,4.0,Manual Review
CLM01491,Television,LED,Picture,Main Unit,Aster,24.0,No,Display Failure,Electrical Failure,No,Not Applicable,Not Applicable,Not Applicable,Not Applicable,No,Not Applicable,Not Applicable,Not Applicable,Not Applicable,Yes,Yes,Yes,Yes,Yes,No,Not Applicable,Not Applicable,Not Applicable,Not Applicable,Not Applicable,Not Applicable,Not Applicable,No,0.0,Not Applicable,No,Not Applicable,Yes,Yes,No,No,No,1.0,2426.08,1192.87,0.0,0.77,Mobile App,Firefox,39,System,0.13329,451.0,25.0,24.0,Yes,280.0,Active,Not Applicable,30.0,Yes,Yes,3.0,2.0,1.0,0.0,0.6666666666666666,No,No,1.0,2.0,Yes,Yes,Yes,No,No,No,0.4916861768779265,Medium,10.0,2.0,Manual Review
CLM01492,Air Conditioner,Split,Indoor Unit,Main Unit,Aster,24.0,No,Power Failure,Manufacturing Defect,Not Applicable,Not Applicable,Not Applicable,Not Applicable,No,Not Applicable,Not Applicable,Yes,Indoor Unit,Not Applicable,Yes,Yes,Yes,Yes,Yes,Yes,No,Not Applicable,Not Applicable,Not Applicable,Not Applicable,Not Applicable,Not Applicable,No,0.0,Not Applicable,No,Not Applicable,Yes,Yes,No,No,No,0.0,1515.29,1191.78,0.0,0.735,Web,Chrome,7,Light,-0.09768,723.0,14.0,24.0,Yes,7.0,Nearing Expiry,Not Applicable,30.0,Yes,Yes,4.0,3.0,1.0,0.0,0.75,No,Yes,1.0,3.0,Yes,Yes,Yes,No,No,Not Applicable,0.7865029136336938,Medium,5.0,5.0,Manual Review
CLM01493,Printer,Thermal,Printing,Print Head,NovaTech,12.0,No,Mechanical Failure,Internal Component Failure,Not Applicable,Not Applicable,Not Applicable,Not Applicable,Yes,Not Applicable,No,Not Applicable,Not Applicable,Original,Yes,Yes,Yes,Yes,Yes,No,Not Applicable,Not Applicable,Not Applicable,Not Applicable,Not Applicable,Yes,Not Applicable,No,0.0,Not Applicable,No,Not Applicable,Yes,Yes,No,No,No,0.0,1127.74,776.97,0.0,0.913,Web,Chrome,46,Dark,0.32892,190.0,4.0,12.0,Yes,175.0,Active,Active,30.0,Yes,Yes,4.0,3.0,1.0,0.0,0.75,No,No,1.0,3.0,Yes,Yes,Yes,No,No,No,0.6889619947860323,High,7.0,1.0,Manual Review
CLM01494,Refrigerator,Side-by-Side,Other,Compressor,ZenCore,120.0,No,Mechanical Failure,Internal Component Failure,Not Applicable,Not Applicable,Not Applicable,Household,No,Not Applicable,Not Applicable,Not Applicable,Not Applicable,Not Applicable,No,Yes,No,Yes,Yes,Yes,Not Applicable,Not Applicable,Not Applicable,Yes,Not Applicable,Not Applicable,Yes,Yes,1.0,Yes,No,Not Applicable,Yes,Yes,No,No,No,1.0,904.17,658.08,421.44,,Web,Chrome,19,System,0.80649,3623.0,3672.0,120.0,Yes,30.0,Nearing Expiry,Nearing Expiry,30.0,No,Yes,5.0,5.0,0.0,0.0,1.0,Yes,No,0.0,5.0,No,Yes,Yes,Yes,No,Not Applicable,0.7278277315106674,Unknown,12.0,1.0,Manual Review
CLM01495,Television,Mini-LED,Connection,Main Unit,PrimeView,24.0,No,Connectivity Issue,Electrical Failure,No,Not Applicable,Not Applicable,Not Applicable,Not Applicable,No,Not Applicable,Not Applicable,Not Applicable,Not Applicable,Yes,Yes,No,Yes,Yes,Yes,Not Applicable,Not Applicable,Not Applicable,Not Applicable,Not Applicable,Not Applicable,No,Yes,2.0,Yes,Yes,Yes,Yes,Yes,No,No,No,1.0,1887.41,1625.86,597.58,0.975,Service Center,MobileWebView,49,Light,-0.39052,470.0,26.0,24.0,Yes,261.0,Active,Not Applicable,30.0,Yes,Yes,4.0,3.0,1.0,0.0,0.75,No,No,1.0,3.0,Yes,Yes,Yes,Yes,Yes,No,0.8614238559719403,High,2.0,3.0,Manual Review
CLM01496,Air Conditioner,Portable,Not Sure,Main Unit,Aster,24.0,Yes,Cooling Failure,Manufacturing Defect,Not Applicable,Not Applicable,Not Applicable,Not Applicable,Yes,Not Applicable,Not Applicable,No,Not Sure,Not Applicable,Yes,Yes,No,Yes,Yes,Yes,No,Not Applicable,Not Applicable,Not Applicable,Not Applicable,Not Applicable,Not Applicable,No,0.0,Not Applicable,No,Not Applicable,Yes,Yes,No,No,No,1.0,1676.61,1568.1,0.0,0.965,Web,MobileWebView,41,Dark,-0.62986,738.0,15.0,24.0,Yes,357.0,Active,Not Applicable,30.0,Yes,Yes,4.0,3.0,1.0,0.0,0.75,No,Yes,1.0,3.0,Yes,Yes,Yes,No,No,Not Applicable,0.9352801188111726,High,6.0,0.0,Manual Review
CLM01497,Printer,Inkjet,Paper Feed,Main Unit,NovaTech,12.0,No,Paper Feed Failure,Manufacturing Defect,Not Applicable,Not Applicable,Not Applicable,Not Applicable,No,Not Applicable,No,Not Applicable,Not Applicable,Original,Yes,Yes,Yes,Yes,Yes,Yes,Not Applicable,Not Applicable,Not Applicable,Not Applicable,Not Applicable,No,Not Applicable,No,0.0,Not Applicable,No,Not Applicable,Yes,Yes,No,No,No,1.0,1032.46,222.46,0.0,0.78,Service Center,Safari,36,System,0.8486,189.0,18.0,12.0,Yes,176.0,Active,Not Applicable,30.0,Yes,Yes,4.0,3.0,1.0,0.0,0.75,No,No,1.0,3.0,Yes,Yes,Yes,No,No,No,0.2154659744687445,Medium,8.0,3.0,Manual Review
CLM01498,Smartphone,Standard Smartphone,Phone,Main Unit,PrimeView,12.0,No,Power Failure,Manufacturing Defect,Yes,No,Not Applicable,Not Applicable,Not Applicable,Not Applicable,Not Applicable,Not Applicable,Not Applicable,Not Applicable,Yes,Yes,Yes,Yes,No,Yes,Not Applicable,Not Applicable,Not Applicable,Not Applicable,Not Applicable,Not Applicable,Not Applicable,No,0.0,Not Applicable,No,Not Applicable,Yes,Yes,No,No,No,0.0,1647.7,220.31,0.0,0.874,Service Center,Safari,33,System,-0.13303,193.0,13.0,12.0,Yes,172.0,Active,Not Applicable,30.0,Yes,Yes,3.0,2.0,1.0,0.0,0.6666666666666666,No,Yes,1.0,2.0,Yes,Yes,Yes,No,No,Yes,0.1337075924015294,High,3.0,3.0,Manual Review
CLM01499,Camera,Action Camera,Lens,Lens,NovaTech,24.0,No,Connectivity Issue,Electrical Failure,No,No,Not Applicable,Not Applicable,Not Applicable,Not Applicable,Not Applicable,Not Applicable,Not Applicable,Not Applicable,Yes,Yes,Yes,Yes,,Yes,Not Applicable,Not Applicable,Not Applicable,Not Applicable,No,Not Applicable,Not Applicable,No,0.0,Not Applicable,No,Not Applicable,Yes,Yes,No,No,No,0.0,831.78,553.73,0.0,0.66,Email,Chrome,21,Light,-0.86619,574.0,7.0,24.0,Yes,156.0,Active,Active,30.0,Yes,Yes,4.0,2.0,1.0,1.0,0.5,No,Unknown,1.0,2.0,Yes,Yes,Yes,No,No,No,0.6657168962946933,Low,1.0,0.0,Manual Review
CLM01500,Smartphone,Foldable Smartphone,Phone,Main Unit,Aster,12.0,No,Connectivity Issue,Electrical Failure,No,No,Not Applicable,Not Applicable,Not Applicable,Not Applicable,Not Applicable,Not Applicable,Not Applicable,Not Applicable,Yes,Yes,Yes,Yes,Yes,Yes,Not Applicable,Not Applicable,Not Applicable,Not Applicable,Not Applicable,Not Applicable,Yes,Yes,1.0,Unknown,No,Not Applicable,Yes,Yes,No,No,No,0.0,462.99,214.43,533.02,,Service Center,Safari,16,Light,-1.25008,337.0,9.0,12.0,Yes,29.0,Nearing Expiry,Not Applicable,30.0,Yes,Yes,4.0,4.0,0.0,0.0,1.0,Yes,No,0.0,4.0,Yes,Yes,Yes,Yes,No,No,0.4631417525216527,Unknown,12.0,4.0,Manual Review
