RecordID,ClaimID,CustomerID,ProductID,ProductCategory,Brand,ModelNumber,SerialNumber,PurchaseDate,ClaimDate,FaultDate,WarrantyDurationMonths,ExtendedWarranty,FaultType,DamageType,ReceiptAvailable,WarrantyCardAvailable,ProductImageAvailable,SerialEvidenceAvailable,FaultEvidenceAvailable,RepairReportAvailable,PreviousRepair,RepairCount,RepairAuthorized,PreviousReplacement,ReplacementWithinWarranty,SerialNumberMatch,ProductModelConsistent,DuplicateClaimIndicator,DocumentDuplicateIndicator,ContradictionIndicator,PriorClaimCount,ClaimAmount,PreviousRepairCost,OCRConfidence,ClaimSubmissionChannel,ClaimClass,BrowserFamily,SubmissionMinute,UiTheme,RandomScore,InternalBatchCode
REC01130,CLM00001,CUS00431,PRD00196,Camera,PrimeView,,SN-52556055,2024-07-08,2025-06-14,2025-06-06,24,No,Power Failure,Electrical Failure,Yes,Yes,Yes,Yes,Yes,Yes,Yes,2,Yes,No,Not Applicable,No,Yes,No,No,No,1,1687.26,464.53,0.828,Service Center,Invalid Claim,Firefox,56,Dark,-0.5547,B0250
REC00468,CLM00002,CUS00502,PRD00363,Camera,PrimeView,PRI-CAM-968,SN-10915875,2023-12-07,2024-05-26,2024-05-10,24,No,Battery Problem,Electrical Failure,Yes,Yes,Yes,Yes,Yes,Not Applicable,No,0,Not Applicable,No,Not Applicable,Yes,Yes,No,No,No,0,2115.78,0.0,0.992,Web,Valid Claim,MobileWebView,23,System,1.94084,B0142
REC00011,CLM00003,CUS00123,PRD00814,Television,PrimeView,PRI-TEL-932,SN-40453203,2023-05-12,2025-11-09,2025-10-07,24,Yes,Power Failure,Internal Component Failure,Yes,,Yes,Yes,,Yes,Yes,1,Yes,Yes,Yes,Yes,Yes,No,No,No,999,397.51,450.85,0.945,Mobile App,Invalid Claim,Safari,35,Light,-0.25568,B0015
REC00690,CLM00004,CUS00327,PRD00500,Laptop,ZenCore,ZEN-LAP-770,SN-57601022,2023-05-28,2023-10-17,2023-09-25,12,No,Display Failure,Electrical Failure,Yes,,Yes,No,Yes,No,Yes,3,Yes,No,Not Applicable,Yes,Yes,No,No,No,1,1915.16,56.87,0.951,Email,Manual Review,Chrome,22,System,1.04197,B0152
REC00117,CLM00005,CUS00037,PRD00729,Washing Machine,ZenCore,ZEN-WAS-535,SN-18042675,2024-11-28,2026-07-27,2026-07-21,24,No,Power Failure,Internal Component Failure,Yes,No,Yes,Yes,Yes,,No,0,Not Applicable,No,Not Applicable,Yes,Yes,No,No,No,4,286.16,0.0,0.834,Email,Valid Claim,MobileWebView,10,System,0.95471,B0136
REC00237,CLM00006,CUS00497,PRD00905,Refrigerator,HomePro,HOM-REF-481,SN-75418134,2024-12-12,2026-05-05,2026-04-25,12,No,Power Failure,Electrical Failure,Yes,Yes,Yes,Yes,Yes,,Yes,1,No,No,Not Applicable,Yes,Yes,No,No,No,1,1447.37,94.2,0.649,Service Center,Invalid Claim,Safari,52,Light,-0.05312,B0370
REC00142,CLM00007,CUS00454,PRD00655,Washing Machine,ZenCore,ZEN-WAS-525,SN-62285979,2024-11-11,2025-12-07,2025-11-04,36,No,Noise,Water Damage,Yes,No,Yes,Yes,Yes,Not Applicable,No,0,Not Applicable,No,Not Applicable,Yes,Yes,No,No,No,1,184.14,0.0,0.92,Web,Invalid Claim,Edge,36,Light,0.32148,B0567
REC01488,CLM00008,CUS00254,PRD00360,Laptop,ZenCore,ZEN-LAP-237,SN-45417390,2024-06-10,2025-12-18,2025-11-28,36,No,Connectivity Issue,Internal Component Failure,Yes,Yes,Yes,Yes,Yes,Not Applicable,No,0,Not Applicable,Yes,No,Yes,Yes,No,No,No,1,,0.0,0.819,Web,Valid Claim,Firefox,29,System,-1.70423,B0231
REC01468,CLM00009,CUS00684,PRD00700,Camera,NovaTech,NOV-CAM-446,SN-28987773,2025-02-12,2025-11-27,2025-11-07,36,No,Connectivity Issue,Manufacturing Defect,Yes,Yes,Yes,Yes,Yes,Not Applicable,No,0,Not Applicable,No,Not Applicable,Yes,Yes,No,No,No,0,1537.48,0.0,0.542,Service Center,Manual Review,MobileWebView,53,Dark,-0.1747,B0018
REC01424,CLM00010,CUS00632,PRD00436,Printer,,HOM-PRI-341,SN-80732114,2023-09-07,2024-05-03,2024-04-29,24,Yes,Mechanical Failure,Accidental Damage,Yes,Yes,Yes,Yes,Yes,Not Applicable,No,99,Not Applicable,No,Not Applicable,Yes,Yes,No,No,No,4,91.38,0.0,0.929,Email,Invalid Claim,MobileWebView,35,Light,-0.42258,B0139
REC00417,CLM00011,CUS00640,PRD00298,Camera,PrimeView,PRI-CAM-488,SN-59524841,2025-02-08,2025-10-22,2025-09-29,12,No,Power Failure,Electrical Failure,No,Yes,Yes,Yes,Yes,Yes,Yes,2,Yes,No,Not Applicable,Yes,Yes,No,No,No,0,345.42,297.54,0.845,Service Center,Manual Review,Edge,41,Dark,-2.41843,B0909
REC00715,CLM00012,CUS00448,PRD00548,Refrigerator,HomePro,HOM-REF-458,SN-85754373,2023-02-15,2023-11-17,2023-10-23,24,No,Mechanical Failure,Internal Component Failure,Yes,Yes,,Yes,Yes,Not Applicable,No,0,Not Applicable,No,Not Applicable,Yes,Yes,No,No,No,1,1148.57,0.0,0.942,Service Center,Valid Claim,Chrome,23,Light,1.06855,B0659
REC00331,CLM00013,CUS00671,PRD00459,Laptop,NovaTech,NOV-LAP-854,SN-66585546,2025-01-02,2025-01-09,2025-01-02,24,Yes,Power Failure,Normal Wear,Yes,No,Yes,Yes,,Not Applicable,No,0,Not Applicable,No,Not Applicable,Yes,Yes,No,No,No,2,305.47,0.0,0.814,Web,Invalid Claim,Firefox,37,Dark,-1.02118,B0137
REC00259,CLM00014,CUS00451,PRD00065,Printer,HomePro,HOM-PRI-926,SN-82325799,2023-04-04,2025-06-23,2025-06-14,12,No,Connectivity Issue,Internal Component Failure,Yes,Yes,Yes,Yes,Yes,Not Applicable,No,0,Not Applicable,No,Not Applicable,Yes,Yes,No,No,No,0,134.37,,0.91,Web,Invalid Claim,Firefox,18,System,1.32071,B0809
REC00409,CLM00015,CUS00686,PRD00200,Refrigerator,HomePro,HOM-REF-502,SN-86752764,2024-10-13,2024-11-13,2024-11-04,12,No,Cooling Failure,Manufacturing Defect,Yes,,Yes,Yes,Yes,Not Applicable,No,0,Not Applicable,No,Not Applicable,Yes,Yes,No,No,No,1,2393.13,0.0,0.966,Mobile App,Valid Claim,Firefox,44,Light,0.36586,B0444
REC00490,CLM00016,CUS00015,PRD00450,Washing Machine,HomePro,HOM-WAS-763,SN-40001339,2024-01-10,2024-04-14,2024-03-27,24,No,Noise,Electrical Failure,Yes,No,Yes,Yes,Yes,Not Applicable,No,0,Not Applicable,No,Not Applicable,Unknown,Yes,No,No,No,3,367.25,0.0,0.824,Web,Manual Review,MobileWebView,11,Light,-0.06227,B0921
REC00992,CLM00017,CUS00107,PRD00967,Laptop,Aster,AST-LAP-353,SN-51611531,2026-01-27,2026-08-17,2026-08-04,36,No,Connectivity Issue,Manufacturing Defect,Yes,Yes,Yes,Yes,,Not Applicable,No,0,Not Applicable,No,Not Applicable,Yes,Yes,No,Yes,No,1,495.81,0.0,0.795,Web,Valid Claim,Firefox,23,System,-0.00469,B0778
REC00075,CLM00018,CUS00596,PRD00051,Printer,,PRI-PRI-365,,2025-03-13,2025-07-08,2025-07-04,36,No,Paper Feed Failure,Water Damage,Yes,No,Yes,No,,Yes,Yes,3,Yes,No,Not Applicable,No,Yes,No,No,No,0,488.61,556.72,0.464,Mobile App,Invalid Claim,Edge,2,Light,-1.3207,B0230
REC01436,CLM00019,CUS00245,PRD00823,Laptop,ZenCore,ZEN-LAP-163,SN-64254530,2025-07-20,2026-06-23,2026-05-24,36,No,Display Failure,Internal Component Failure,Yes,Yes,Yes,Yes,Yes,Not Applicable,No,0,Not Applicable,No,Not Applicable,No,Yes,No,No,No,1,1299.78,0.0,0.933,Email,Invalid Claim,Chrome,45,Light,0.73606,B0244
REC00952,CLM00020,CUS00639,PRD00435,Air Conditioner,Aster,AST-AIR-801,SN-99696248,2023-07-27,2026-05-29,2026-04-19,36,No,Noise,Physical Damage,Yes,Yes,Yes,Yes,No,Yes,Yes,3,Yes,No,Not Applicable,Yes,Yes,No,No,No,0,1038.0,610.46,0.741,Mobile App,Invalid Claim,Edge,12,Light,1.6624,B0193
REC01252,CLM00021,CUS00458,PRD00595,Refrigerator,Aster,AST-REF-683,SN-15871354,2024-06-20,2026-06-28,2026-06-23,24,No,Mechanical Failure,Manufacturing Defect,No,Yes,Yes,Yes,Yes,Not Applicable,No,0,Not Applicable,No,Not Applicable,Unknown,Yes,No,No,No,2,1351.53,0.0,0.758,Mobile App,Invalid Claim,Chrome,39,Dark,0.81288,B0050
REC00565,CLM00022,CUS00504,PRD00808,Laptop,Aster,AST-LAP-598,SN-67892559,2023-06-24,2024-07-16,2024-06-28,12,No,Battery Problem,Electrical Failure,Yes,Yes,Yes,Yes,Yes,Not Applicable,No,0,Not Applicable,No,Not Applicable,Yes,Yes,No,No,No,0,801.03,0.0,0.768,Email,Invalid Claim,Edge,49,Light,0.16707,B0458
REC01377,CLM00023,CUS00321,PRD00966,Smartphone,NovaTech,NOV-SMA-321,SN-51305515,2025-08-18,2026-05-21,2026-05-19,12,No,Display Failure,Manufacturing Defect,Yes,Yes,Yes,Yes,Yes,,No,,Not Applicable,No,Not Applicable,Yes,Yes,No,No,No,0,937.21,,0.899,Mobile App,Valid Claim,Edge,41,Light,-0.08842,B0613
REC00830,CLM00024,CUS00475,PRD00595,Printer,NovaTech,NOV-PRI-486,SN-29990638,2024-12-14,2025-06-06,2025-05-13,12,No,Connectivity Issue,Manufacturing Defect,Yes,Yes,,Yes,Yes,Yes,Yes,3,Yes,No,Not Applicable,Yes,Yes,No,No,No,1,287.86,,0.522,Service Center,Manual Review,Chrome,47,Dark,0.00142,B0849
REC01249,CLM00025,CUS00511,PRD00819,Printer,HomePro,HOM-PRI-610,SN-87750961,2024-03-28,2026-09-11,2026-08-10,24,Yes,Connectivity Issue,Internal Component Failure,Yes,Yes,Yes,Yes,Yes,Yes,Yes,3,Yes,No,Not Applicable,Yes,Yes,No,No,No,0,,276.17,0.495,Email,Invalid Claim,Safari,1,System,-0.85134,B0357
REC01138,CLM00026,CUS00273,PRD00128,Television,PrimeView,PRI-TEL-509,SN-98854470,2024-07-24,2025-06-15,2025-06-11,12,No,Audio Failure,Manufacturing Defect,Yes,Yes,Yes,Yes,Yes,Not Applicable,No,0,Not Applicable,No,Not Applicable,Yes,Yes,No,No,No,0,114.88,0.0,0.934,Web,Valid Claim,Safari,49,System,0.58687,B0651
REC00411,CLM00027,CUS00668,PRD00627,Printer,PrimeView,PRI-PRI-996,SN-14460481,2025-11-06,2026-09-05,2026-07-28,12,Yes,Mechanical Failure,Internal Component Failure,,Yes,Yes,Yes,Yes,Not Applicable,No,0,Not Applicable,No,Not Applicable,Yes,Yes,No,No,No,2,358.2,0.0,0.852,Web,Invalid Claim,MobileWebView,0,Light,-1.34064,B0703
REC00021,CLM00028,CUS00438,PRD00142,Smartphone,NovaTech,NOV-SMA-486,SN-15915242,2023-09-14,2026-02-28,2026-01-23,12,Yes,Power Failure,Internal Component Failure,Yes,No,Yes,,Yes,Not Applicable,No,0,Not Applicable,No,Not Applicable,Yes,Yes,Yes,No,No,0,1223.92,0.0,0.797,Mobile App,Invalid Claim,Firefox,48,Light,-0.95359,B0981
REC00452,CLM00029,CUS00698,PRD00799,Refrigerator,ZenCore,ZEN-REF-296,SN-78199380,2025-05-10,2026-07-15,2026-07-05,24,Yes,Cooling Failure,Electrical Failure,Yes,Yes,Yes,Yes,Yes,,Yes,3,Yes,No,Not Applicable,Yes,Yes,No,No,No,1,559.9,559.75,0.801,Service Center,Valid Claim,MobileWebView,50,Dark,-0.56514,B0466
REC00696,CLM00030,CUS00006,PRD00145,Washing Machine,HomePro,HOM-WAS-380,SN-31984746,2024-10-01,2026-06-06,2026-06-03,24,No,Noise,Internal Component Failure,Yes,No,Yes,Yes,Yes,Not Applicable,No,0,Not Applicable,No,Not Applicable,Yes,Yes,No,No,No,2,658.41,0.0,0.852,Mobile App,Valid Claim,MobileWebView,29,Light,-1.2354,B0532
REC01173,CLM00031,CUS00325,PRD00975,Television,Aster,AST-TEL-246,SN-27702278,2024-06-03,2025-10-20,2025-10-07,36,Yes,Connectivity Issue,Manufacturing Defect,Yes,Yes,Yes,Yes,Yes,Not Applicable,No,0,Not Applicable,No,Not Applicable,No,Yes,No,No,No,1,272.05,0.0,0.906,Mobile App,Invalid Claim,Chrome,17,Light,-0.81632,B0967
REC00225,CLM00032,CUS00006,PRD00893,Television,PrimeView,PRI-TEL-821,SN-28464713,2025-10-12,2026-02-16,2026-02-13,24,No,Power Failure,Manufacturing Defect,Yes,Yes,Yes,No,Yes,Not Applicable,No,0,Not Applicable,No,Not Applicable,No,Yes,No,No,No,1,324.3,0.0,0.909,Mobile App,Invalid Claim,Firefox,36,Light,-1.28833,B0893
REC01096,CLM00033,CUS00290,PRD00296,Printer,NovaTech,,SN-92629303,2023-12-01,2025-07-10,2025-05-19,12,No,Connectivity Issue,Electrical Failure,No,Yes,Yes,Yes,Yes,Not Applicable,No,0,Not Applicable,No,Not Applicable,Yes,Yes,No,No,No,2,546.44,0.0,0.789,Web,Invalid Claim,Chrome,45,Dark,-0.52518,B0524
REC00428,CLM00034,CUS00312,PRD00816,Washing Machine,ZenCore,ZEN-WAS-576,SN-63291309,2026-01-14,2026-04-01,2026-03-27,12,Yes,Noise,Internal Component Failure,Yes,Yes,Yes,Yes,Yes,Not Applicable,No,0,Not Applicable,No,Not Applicable,Yes,Yes,No,No,No,0,1473.28,0.0,0.745,Service Center,Valid Claim,Chrome,51,System,1.11323,B0227
REC00410,CLM00035,CUS00015,PRD00501,Printer,PrimeView,,SN-30277401,2023-07-30,2024-02-13,2024-02-11,12,Yes,Power Failure,Misuse,No,Yes,Yes,Yes,No,Not Applicable,No,0,Not Applicable,Yes,Yes,Yes,Yes,No,No,No,0,24.03,0.0,0.761,Web,Invalid Claim,Safari,52,Light,-0.42281,B0610
REC00914,CLM00036,CUS00093,PRD00607,Laptop,NovaTech,NOV-LAP-131,SN-65374344,2024-09-10,2025-11-07,2025-10-11,24,No,Display Failure,Internal Component Failure,Yes,Yes,Yes,Yes,Yes,Not Applicable,No,0,Not Applicable,No,Not Applicable,Yes,Yes,No,Yes,No,1,1449.07,0.0,0.941,Mobile App,Valid Claim,Firefox,47,Dark,0.15253,B0157
REC00889,CLM00037,CUS00076,PRD00032,Washing Machine,ZenCore,ZEN-WAS-171,SN-19347447,2023-06-28,2024-12-18,2024-12-06,36,No,Power Failure,Electrical Failure,No,Yes,Yes,Yes,Yes,Not Applicable,No,0,Not Applicable,Yes,Yes,Yes,Yes,No,No,No,0,528.13,0.0,0.805,Service Center,Manual Review,MobileWebView,27,Dark,-0.51518,B0607
REC00057,CLM00038,CUS00614,PRD00014,Smartphone,NovaTech,NOV-SMA-299,SN-63123712,2025-03-21,2026-05-31,2026-05-22,12,No,Overheating,Electrical Failure,Yes,Yes,Yes,Yes,Yes,Not Applicable,No,0,Not Applicable,No,Not Applicable,Yes,Yes,No,No,No,1,372.22,0.0,0.972,Email,Invalid Claim,Safari,10,Light,0.47911,B0383
REC00862,CLM00039,CUS00642,PRD00049,Air Conditioner,ZenCore,ZEN-AIR-150,SN-38415177,2023-12-18,2024-11-06,2024-10-21,12,No,Water Leakage,Internal Component Failure,No,,Yes,,Yes,Not Applicable,No,0,Not Applicable,No,Not Applicable,Yes,Yes,No,No,No,1,1021.35,0.0,0.912,Service Center,Manual Review,Edge,56,Light,-2.06105,B0671
REC00457,CLM00040,CUS00659,PRD00965,Camera,NovaTech,NOV-CAM-308,SN-29707962,2025-12-28,2026-02-27,2026-02-15,36,Yes,Battery Problem,Manufacturing Defect,Yes,Yes,Yes,Yes,Yes,Not Applicable,No,0,Not Applicable,No,Not Applicable,Yes,Yes,No,No,No,1,2273.45,0.0,0.509,Web,Manual Review,Edge,4,Light,1.0244,B0765
REC00064,CLM00041,CUS00643,PRD00489,Washing Machine,ZenCore,ZEN-WAS-228,SN-47076723,2023-08-11,2024-09-26,2024-09-18,24,Yes,Power Failure,Internal Component Failure,Yes,Yes,Yes,Yes,Yes,Yes,Yes,3,Yes,No,Not Applicable,Yes,Yes,No,No,No,1,1110.58,410.87,0.749,Service Center,Valid Claim,Firefox,36,Light,-0.09876,B0729
REC00772,CLM00042,CUS00366,PRD00073,Washing Machine,HomePro,HOM-WAS-395,SN-84779515,2023-12-21,2025-04-12,2025-04-04,12,Yes,Water Leakage,Normal Wear,Yes,Yes,Yes,Yes,Yes,Not Applicable,No,0,Not Applicable,No,Not Applicable,Yes,Yes,No,No,No,1,912.51,0.0,0.745,Mobile App,Invalid Claim,Safari,11,Dark,-0.71498,B0182
REC00172,CLM00043,CUS00133,PRD00072,Camera,Aster,AST-CAM-343,SN-77009994,2024-05-10,2025-08-18,2025-08-05,36,Yes,Connectivity Issue,Manufacturing Defect,Yes,Yes,Yes,Yes,Yes,Yes,Yes,1,No,No,Not Applicable,Yes,Yes,No,Yes,No,0,348.56,516.72,0.909,Mobile App,Invalid Claim,Firefox,0,System,-0.26457,B0819
REC00724,CLM00044,CUS00464,PRD00335,Laptop,NovaTech,NOV-LAP-187,SN-16077556,2024-12-01,2025-12-24,2025-12-11,12,No,Display Failure,Accidental Damage,Yes,Yes,Yes,Yes,Yes,Not Applicable,No,0,Not Applicable,No,Not Applicable,Yes,Yes,No,No,No,0,571.98,0.0,0.881,Web,Invalid Claim,Chrome,53,System,-0.76625,B0713
REC00070,CLM00045,CUS00334,PRD00774,Laptop,Aster,AST-LAP-241,SN-41221782,2025-05-12,2026-04-30,2026-04-06,12,No,Overheating,Internal Component Failure,Yes,Yes,Yes,Yes,No,Yes,Yes,2,Yes,No,Not Applicable,Yes,Yes,No,No,No,999,343.99,53.98,0.968,Web,Manual Review,MobileWebView,20,Dark,-0.58703,B0274
REC-DUP-0002,CLM00046,CUS00312,PRD00939,Washing Machine,PrimeView,PRI-WAS-324,SN-21749850,2023-07-21,,2024-02-05,36,Yes,Mechanical Failure,Internal Component Failure,Yes,Yes,Yes,Yes,Yes,Not Applicable,No,0,Not Applicable,No,Not Applicable,Yes,Yes,No,No,No,1,1180.59,,0.962,Web,Valid Claim,Firefox,19,Light,1.3696,B0964
REC00953,CLM00047,CUS00562,PRD00514,Laptop,Aster,AST-LAP-885,SN-53688703,2025-09-07,2026-02-18,2026-02-11,12,No,Power Failure,Physical Damage,Yes,Yes,Yes,Yes,Yes,,No,0,Not Applicable,No,Not Applicable,Yes,Yes,No,No,No,0,611.42,,0.849,Web,Invalid Claim,MobileWebView,53,Light,-0.75022,B0449
REC01372,CLM00048,CUS00061,PRD00118,Camera,NovaTech,NOV-CAM-694,SN-23144315,2024-02-02,2024-02-19,2024-02-05,24,No,Lens Failure,Electrical Failure,Yes,No,Yes,Yes,No,Not Applicable,No,0,Not Applicable,No,Not Applicable,Yes,Yes,No,No,No,3,300.39,,0.93,Service Center,Manual Review,MobileWebView,12,Dark,0.40633,B0911
REC00122,CLM00049,CUS00615,PRD00428,Smartphone,PrimeView,PRI-SMA-790,SN-92909546,2023-08-31,2026-02-18,2026-02-07,24,No,Power Failure,Internal Component Failure,Yes,Yes,,Yes,,Yes,Yes,1,Yes,No,Not Applicable,Yes,Yes,No,No,Yes,1,1049.29,366.43,0.928,Email,Invalid Claim,MobileWebView,56,Light,-0.13069,B0770
REC01011,CLM00050,CUS00201,PRD00382,Air Conditioner,Aster,AST-AIR-648,SN-10979546,2025-12-18,2026-06-14,2026-05-21,12,No,Cooling Failure,Water Damage,Yes,Yes,Yes,,,Yes,Yes,2,Yes,No,Not Applicable,No,Yes,No,No,No,1,1260.52,599.98,0.932,Mobile App,Invalid Claim,Safari,51,Dark,1.49572,B0391
REC00195,CLM00051,CUS00181,PRD00290,Refrigerator,HomePro,HOM-REF-638,SN-91098406,2025-11-14,2026-07-18,2026-07-10,24,No,Cooling Failure,Internal Component Failure,Yes,No,Yes,Yes,,Yes,Yes,2,Unknown,No,Not Applicable,Yes,Yes,Yes,No,No,1,107.79,142.05,0.756,Mobile App,Invalid Claim,Safari,27,Dark,-0.10836,B0816
REC00272,CLM00052,CUS00183,PRD00586,Refrigerator,HomePro,HOM-REF-792,SN-78441526,2025-04-17,2025-12-11,2025-12-01,12,No,Power Failure,Internal Component Failure,Yes,Yes,Yes,Yes,Yes,Not Applicable,No,0,Not Applicable,No,Not Applicable,Unknown,Yes,No,No,No,2,480.28,0.0,0.973,Web,Manual Review,Edge,57,Dark,-0.68402,B0413
REC00797,CLM00053,CUS00220,PRD00896,Refrigerator,Aster,AST-REF-778,SN-57664520,2023-04-25,2025-03-26,2025-02-04,24,No,Water Leakage,Internal Component Failure,Yes,Yes,Yes,Yes,Yes,Not Applicable,No,0,Not Applicable,No,Not Applicable,Yes,Yes,No,No,No,0,590.77,0.0,0.774,Service Center,Invalid Claim,Edge,21,Light,1.53064,B0029
REC00590,CLM00054,CUS00323,PRD00846,Washing Machine,HomePro,HOM-WAS-256,SN-26906685,2026-02-26,2026-07-10,2026-06-03,24,Yes,Mechanical Failure,Misuse,Yes,Yes,Yes,,Yes,Not Applicable,No,0,Not Applicable,No,Not Applicable,Yes,Yes,No,No,No,2,108.8,0.0,0.774,Email,Invalid Claim,MobileWebView,40,Dark,2.14503,B0769
REC00811,CLM00055,CUS00568,PRD00852,Smartphone,Aster,AST-SMA-273,SN-33441542,2025-05-16,2026-07-01,2026-06-19,12,No,Connectivity Issue,Electrical Failure,Yes,Yes,Yes,Yes,Yes,Not Applicable,No,0,Not Applicable,No,Not Applicable,Yes,Yes,No,No,No,0,96.79,0.0,0.724,Web,Invalid Claim,Safari,44,Light,-1.10463,B0720
REC01083,CLM00056,CUS00021,PRD00412,Air Conditioner,HomePro,HOM-AIR-415,SN-96501769,2025-06-17,2026-04-27,2026-04-19,12,Yes,Noise,Internal Component Failure,No,Yes,Yes,Yes,Yes,Not Applicable,No,0,Not Applicable,No,Not Applicable,Yes,Yes,No,No,No,0,427.72,0.0,0.837,Web,Manual Review,Safari,0,Dark,0.07387,B0369
REC00728,CLM00057,CUS00631,PRD00143,Television,Aster,,SN-92792537,2024-08-21,2025-10-26,2025-10-17,36,No,Connectivity Issue,Internal Component Failure,Yes,Yes,Yes,Yes,Yes,Yes,Yes,3,Yes,No,Not Applicable,Yes,Yes,No,No,No,1,1622.34,466.03,0.787,Web,Valid Claim,Chrome,7,Light,1.53234,B0993
REC00985,CLM00058,CUS00042,PRD00248,Smartphone,Aster,AST-SMA-153,SN-53293386,2023-02-02,2023-05-06,2023-04-03,12,No,Battery Problem,Internal Component Failure,Yes,Yes,No,Yes,Yes,Not Applicable,No,0,Not Applicable,No,Not Applicable,Yes,Yes,No,No,No,0,167.32,0.0,0.884,Mobile App,Invalid Claim,Firefox,57,System,-1.6843,B0258
REC00214,CLM00059,CUS00310,PRD00352,Washing Machine,HomePro,HOM-WAS-503,SN-62806242,2024-07-01,2025-06-12,2025-06-04,24,No,Noise,Manufacturing Defect,Yes,Yes,Yes,Yes,Yes,Not Applicable,No,0,Not Applicable,No,Not Applicable,Yes,Yes,No,No,No,0,957.86,0.0,0.907,Service Center,Valid Claim,Safari,5,System,-0.40104,B0825
REC00247,CLM00060,CUS00322,PRD00792,Refrigerator,ZenCore,ZEN-REF-781,SN-83974688,2025-08-28,2025-11-04,2025-10-10,24,No,Cooling Failure,Internal Component Failure,Yes,Yes,Yes,Yes,Yes,Yes,Yes,1,Yes,Yes,Yes,Unknown,Yes,No,No,No,3,367.66,635.9,0.79,Mobile App,Manual Review,MobileWebView,5,Light,-0.87624,B0932
REC01049,CLM00061,CUS00483,PRD00940,Washing Machine,PrimeView,PRI-WAS-500,SN-73508865,2025-11-21,2026-01-04,2025-12-23,24,No,Water Leakage,Misuse,Yes,Yes,Yes,No,,Yes,Yes,3,Yes,Yes,Yes,Yes,Yes,No,No,No,1,1704.17,367.33,0.886,Web,Invalid Claim,Firefox,55,System,0.18261,B0487
REC00380,CLM00062,CUS00115,PRD00859,Camera,Aster,AST-CAM-616,SN-24926491,2025-06-13,2026-04-28,2026-04-24,24,Yes,Battery Problem,Manufacturing Defect,Yes,Yes,Yes,Yes,Yes,,Yes,3,Yes,No,Not Applicable,Unknown,Yes,No,No,No,0,2808.02,606.98,0.768,Email,Manual Review,MobileWebView,21,Light,1.25647,B0839
REC00081,CLM00063,CUS00178,PRD00989,Camera,Aster,AST-CAM-845,SN-62782618,2024-02-16,2024-10-22,2024-10-06,36,No,Display Failure,Electrical Failure,Yes,Yes,Yes,,Yes,Not Applicable,No,0,Not Applicable,No,Not Applicable,Yes,Yes,No,No,No,1,2498.44,,0.807,Mobile App,Manual Review,Safari,20,Dark,-0.01538,B0217
REC00362,CLM00064,CUS00518,PRD00085,Air Conditioner,Aster,AST-AIR-830,SN-11196972,2025-05-23,2026-09-14,2026-09-06,36,No,Noise,Manufacturing Defect,Yes,Yes,,Yes,Yes,Not Applicable,No,0,Not Applicable,No,Not Applicable,Unknown,Yes,No,No,No,1,572.64,,0.873,Mobile App,Manual Review,Firefox,57,Dark,1.41256,B0183
REC01350,CLM00065,CUS00453,PRD00855,Refrigerator,Aster,AST-REF-724,SN-81490231,2023-02-28,2023-06-27,2023-06-08,24,No,Mechanical Failure,Misuse,Yes,Yes,Yes,Yes,Yes,Not Applicable,No,0,Not Applicable,No,Not Applicable,Yes,Yes,No,No,No,2,100.0,0.0,0.947,Email,Invalid Claim,Safari,26,Dark,-0.53105,B0612
REC00560,CLM00066,CUS00484,PRD00419,Camera,NovaTech,NOV-CAM-494,SN-20783525,2024-03-12,2025-06-08,2025-05-15,12,No,Display Failure,Electrical Failure,Yes,Yes,Yes,Yes,No,Not Applicable,No,0,Not Applicable,No,Not Applicable,Yes,Yes,No,No,No,2,519.28,0.0,0.76,Mobile App,Invalid Claim,Firefox,33,Dark,0.39915,B0610
REC00627,CLM00067,CUS00280,PRD00395,Refrigerator,Aster,AST-REF-420,SN-51996920,2025-03-12,2026-07-22,2026-07-15,24,No,Cooling Failure,Manufacturing Defect,Yes,No,Yes,Yes,Yes,Not Applicable,No,0,Not Applicable,No,Not Applicable,Unknown,Yes,No,No,No,0,1046.26,0.0,0.849,Email,Manual Review,Firefox,30,System,0.97068,B0548
REC01475,CLM00068,CUS00264,PRD00700,Camera,PrimeView,PRI-CAM-348,SN-80847232,2024-11-24,2025-03-24,2025-02-09,24,No,Connectivity Issue,Internal Component Failure,Yes,Yes,Yes,Yes,Yes,Yes,Yes,3,Yes,No,Not Applicable,Yes,Yes,No,No,No,0,1010.08,532.65,0.874,Web,Invalid Claim,Safari,50,Light,-0.12048,B0472
REC00702,CLM00069,CUS00167,PRD00058,Laptop,Aster,AST-LAP-574,SN-70360092,2023-01-23,2026-03-23,2026-03-18,24,No,Overheating,Internal Component Failure,Yes,Yes,No,Yes,Yes,Not Applicable,No,0,Not Applicable,No,Not Applicable,Yes,Yes,No,No,No,0,1336.97,0.0,0.96,Web,Invalid Claim,Firefox,59,System,0.27659,B0122
REC00459,CLM00070,CUS00059,PRD00931,Air Conditioner,ZenCore,ZEN-AIR-546,SN-66899672,2025-05-30,2025-12-30,2025-12-24,12,No,Cooling Failure,Manufacturing Defect,Yes,Yes,Yes,Yes,,Not Applicable,No,0,Not Applicable,No,Not Applicable,Yes,Yes,No,No,No,1,,0.0,0.761,Web,Valid Claim,Chrome,21,System,-0.01353,B0235
REC00295,CLM00071,CUS00425,PRD00455,Washing Machine,ZenCore,ZEN-WAS-580,SN-89335019,2025-07-05,2025-10-20,2025-09-28,12,No,Noise,Internal Component Failure,Yes,Yes,Yes,Yes,Yes,Not Applicable,No,0,Not Applicable,No,Not Applicable,Yes,Yes,No,No,No,0,344.2,0.0,0.74,Mobile App,Valid Claim,Edge,29,System,-0.50144,B0808
REC01312,CLM00072,CUS00361,PRD00487,Washing Machine,,ZEN-WAS-342,SN-24073181,2025-07-21,2026-04-28,2026-04-25,12,No,Mechanical Failure,Electrical Failure,Yes,Yes,Yes,Yes,Yes,Yes,Yes,2,Yes,No,Not Applicable,Yes,Yes,No,No,No,1,133.29,539.55,0.834,Mobile App,Valid Claim,MobileWebView,19,Light,-0.82707,B0635
REC01361,CLM00073,CUS00579,PRD00388,Television,Aster,AST-TEL-325,SN-87871526,2025-11-20,2026-06-28,2026-06-15,12,Yes,Connectivity Issue,Physical Damage,,No,,Yes,Yes,Not Applicable,No,0,Not Applicable,No,Not Applicable,No,Yes,No,No,No,0,966.33,0.0,0.914,Email,Invalid Claim,Safari,58,Light,-0.52769,B0082
REC00978,CLM00074,CUS00067,PRD00421,Camera,NovaTech,NOV-CAM-655,SN-65477991,2024-11-30,2026-04-27,2026-04-12,12,No,Power Failure,Electrical Failure,Yes,No,Yes,Yes,Yes,,Yes,1,Unknown,No,Not Applicable,Yes,Yes,No,No,Yes,2,672.25,52.23,0.905,Web,Invalid Claim,MobileWebView,59,System,-0.34476,B0197
REC01142,CLM00075,CUS00673,PRD00447,Laptop,ZenCore,ZEN-LAP-382,SN-11513130,2023-11-03,2024-11-21,2024-11-04,36,No,Display Failure,Electrical Failure,Yes,No,Yes,Yes,,Yes,Yes,2,No,No,Not Applicable,No,Yes,No,No,No,2,917.89,104.5,0.792,Mobile App,Invalid Claim,MobileWebView,55,Light,-1.58352,B0524
REC01275,CLM00076,CUS00554,PRD00981,Printer,PrimeView,PRI-PRI-597,SN-17607293,2024-05-17,2024-08-19,2024-08-10,12,No,Mechanical Failure,Accidental Damage,Yes,Yes,Yes,Yes,Yes,,No,0,Not Applicable,No,Not Applicable,Yes,Yes,Yes,No,No,0,44.84,0.0,0.735,Web,Invalid Claim,Safari,50,Light,0.5279,B0708
REC00507,CLM00077,CUS00614,PRD00290,Laptop,ZenCore,ZEN-LAP-214,SN-13021383,2024-09-09,2026-08-25,2026-08-22,24,No,Power Failure,Electrical Failure,Yes,Yes,Yes,Yes,Yes,Not Applicable,No,0,Not Applicable,No,Not Applicable,Yes,Yes,No,No,No,1,1235.19,0.0,0.813,Service Center,Valid Claim,Safari,26,System,-1.61827,B0625
REC00802,CLM00078,CUS00121,PRD00207,Camera,NovaTech,NOV-CAM-994,SN-26542608,2025-11-11,2026-05-10,2026-05-04,36,No,Battery Problem,Internal Component Failure,Yes,Yes,Yes,Yes,Yes,Yes,Yes,3,No,No,Not Applicable,No,Yes,No,No,No,0,437.64,30.74,0.926,Mobile App,Invalid Claim,MobileWebView,30,System,-1.01263,B0045
REC01164,CLM00079,CUS00690,PRD00260,Television,Aster,AST-TEL-785,SN-96954158,2025-11-24,2026-01-03,2025-11-29,12,No,Connectivity Issue,Internal Component Failure,Yes,,Yes,Yes,Yes,Not Applicable,No,0,Not Applicable,No,Not Applicable,Yes,Yes,No,No,No,0,268.08,0.0,0.555,Web,Invalid Claim,Safari,3,System,0.6458,B0614
REC01181,CLM00080,CUS00469,PRD00191,Camera,NovaTech,NOV-CAM-231,SN-40071850,2023-02-02,2025-08-01,2025-07-18,24,No,Battery Problem,Electrical Failure,No,Yes,Yes,Yes,Yes,,Yes,3,Yes,No,Not Applicable,Yes,Yes,No,No,No,1,832.2,342.82,0.993,Web,Invalid Claim,Chrome,13,System,1.55516,B0771
REC01024,CLM00081,CUS00623,PRD00900,Laptop,Aster,AST-LAP-390,SN-73884995,2023-06-15,2023-11-06,2023-10-25,12,No,Connectivity Issue,Internal Component Failure,Yes,Yes,Yes,Yes,Yes,No,Yes,1,Yes,No,Not Applicable,Yes,Yes,No,No,No,0,372.05,73.29,0.912,Service Center,Valid Claim,Firefox,17,Light,0.14038,B0105
REC00600,CLM00082,CUS00092,PRD00781,Printer,NovaTech,NOV-PRI-815,SN-12318811,2025-01-09,2026-05-03,2026-04-19,12,No,Power Failure,Water Damage,Yes,,Yes,Yes,Yes,Yes,Yes,3,Yes,No,Not Applicable,Yes,Yes,No,No,No,0,416.85,314.52,0.818,Email,Invalid Claim,Safari,24,Light,0.4966,B0299
REC-DUP-0010,CLM00083,CUS00042,PRD00853,Air Conditioner,ZenCore,ZEN-AIR-292,SN-97796522,2025-08-12,2026-08-16,2026-08-02,24,No,Cooling Failure,Manufacturing Defect,Yes,Yes,Yes,Yes,Yes,Not Applicable,No,0,Not Applicable,No,Not Applicable,Yes,Yes,No,No,No,0,629.76,0.0,0.916,Web,Valid Claim,Safari,28,System,0.54266,B0499
REC01453,CLM00084,CUS00153,PRD00626,Air Conditioner,ZenCore,ZEN-AIR-927,SN-47617871,2025-04-21,2025-11-28,2025-11-04,24,No,Water Leakage,Electrical Failure,Yes,Yes,Yes,Yes,No,Not Applicable,No,0,Not Applicable,No,Not Applicable,Yes,Yes,No,No,No,2,734.45,0.0,0.784,Web,Manual Review,MobileWebView,1,Dark,0.35015,B0990
REC01287,CLM00085,CUS00408,PRD00212,Printer,HomePro,HOM-PRI-301,SN-61758483,2024-12-10,2025-04-14,2025-03-25,24,No,Connectivity Issue,Internal Component Failure,Yes,Yes,Yes,Yes,No,Not Applicable,No,0,Not Applicable,No,Not Applicable,Yes,Yes,No,No,No,0,,0.0,0.819,Web,Manual Review,MobileWebView,14,System,1.235,B0992
REC00761,CLM00086,CUS00681,PRD00621,Camera,Aster,AST-CAM-381,SN-32212534,2024-03-28,2026-05-23,2026-04-19,24,Yes,Connectivity Issue,Electrical Failure,Yes,Yes,Yes,Yes,,Yes,Yes,3,Yes,No,Not Applicable,Yes,Yes,No,No,No,0,240.58,487.91,0.805,Mobile App,Invalid Claim,Firefox,26,Dark,-1.53922,B0502
REC00495,CLM00087,CUS00428,PRD00193,Printer,PrimeView,PRI-PRI-756,SN-14311705,2023-08-22,2024-07-10,2024-06-16,12,No,Paper Feed Failure,Internal Component Failure,Yes,Yes,Yes,No,Yes,Yes,Yes,3,Yes,No,Not Applicable,Yes,Yes,No,No,No,1,131.18,506.46,0.805,Web,Manual Review,Edge,1,Dark,-2.24114,B0445
REC01054,CLM00088,CUS00664,PRD00862,Washing Machine,PrimeView,,SN-97588625,2025-04-28,2026-05-02,2026-04-26,12,No,Water Leakage,Electrical Failure,Yes,Yes,Yes,,Yes,No,Yes,1,Yes,No,Not Applicable,Yes,Yes,No,No,No,0,681.0,59.67,0.765,Email,Invalid Claim,Firefox,8,System,-0.09171,B0151
REC01292,CLM00089,CUS00059,PRD00400,Television,PrimeView,PRI-TEL-434,SN-66684338,2024-10-04,2025-10-10,2025-10-03,24,No,Audio Failure,Manufacturing Defect,Yes,Yes,No,No,No,Yes,Yes,3,Unknown,No,Not Applicable,Yes,Yes,Yes,No,No,1,1346.99,,0.877,Web,Invalid Claim,Chrome,49,Dark,1.30427,B0714
REC01458,CLM00090,CUS00271,PRD00776,Camera,NovaTech,NOV-CAM-733,SN-52661320,2025-01-21,2026-07-01,2026-06-18,12,No,Power Failure,Manufacturing Defect,Yes,,Yes,Yes,Yes,No,Yes,2,Yes,No,Not Applicable,Yes,Yes,No,No,No,1,503.95,608.12,0.794,Service Center,Invalid Claim,Safari,45,Dark,1.00695,B0516
REC00639,CLM00091,CUS00688,PRD00275,Camera,Aster,AST-CAM-187,SN-43923151,2024-06-15,2024-09-22,2024-08-25,12,No,Lens Failure,Accidental Damage,Yes,Yes,Yes,Yes,Yes,Yes,Yes,2,Yes,No,Not Applicable,Unknown,Yes,No,No,No,0,515.31,512.82,0.721,Email,Invalid Claim,Chrome,46,Light,1.57405,B0289
REC00088,CLM00092,CUS00276,PRD00892,Washing Machine,HomePro,HOM-WAS-571,SN-86628208,2023-01-14,2024-05-18,2024-05-02,12,No,Mechanical Failure,Internal Component Failure,Yes,Yes,Yes,Yes,Yes,Not Applicable,No,0,Not Applicable,No,Not Applicable,Yes,Yes,No,No,No,0,359.47,,0.886,Service Center,Invalid Claim,Edge,4,Light,1.65233,B0480
REC00083,CLM00093,CUS00144,PRD00502,Television,HomePro,HOM-TEL-476,SN-52993473,2024-06-15,2025-02-05,2025-01-27,12,No,Power Failure,Water Damage,,Yes,Yes,Yes,Yes,Not Applicable,No,0,Not Applicable,No,Not Applicable,Yes,Yes,No,No,No,2,2062.87,0.0,0.923,Web,Invalid Claim,Safari,26,Light,1.28391,B0937
REC00885,CLM00094,CUS00392,PRD00447,Laptop,Aster,AST-LAP-366,SN-37147055,2024-09-04,2024-10-27,2024-10-06,24,No,Power Failure,Manufacturing Defect,Yes,Yes,Yes,Yes,Yes,Not Applicable,No,0,Not Applicable,No,Not Applicable,Yes,Yes,No,No,No,0,1365.2,0.0,0.838,Web,Valid Claim,Edge,49,Dark,-1.31534,B0661
REC00203,CLM00095,CUS00684,PRD00499,Camera,PrimeView,PRI-CAM-547,SN-34741839,2025-03-06,2026-07-20,2026-07-07,36,No,Battery Problem,Internal Component Failure,Yes,Yes,No,Yes,No,Yes,Yes,2,Yes,No,Not Applicable,Yes,Yes,No,No,No,0,612.18,42.15,0.807,Mobile App,Manual Review,Firefox,26,Light,-0.38505,B0417
REC01022,CLM00096,CUS00354,PRD00298,Laptop,ZenCore,ZEN-LAP-370,SN-54832316,2024-07-30,2025-06-23,2025-06-12,12,No,Display Failure,Internal Component Failure,,Yes,Yes,Yes,Yes,Not Applicable,No,0,Not Applicable,No,Not Applicable,Yes,Yes,No,No,No,1,1477.82,0.0,0.767,Mobile App,Valid Claim,Edge,19,System,1.35659,B0520
REC01234,CLM00097,CUS00411,PRD00416,Printer,PrimeView,PRI-PRI-299,SN-99691983,2025-04-24,2025-08-10,2025-07-21,24,No,Power Failure,Water Damage,Yes,Yes,Yes,Yes,Yes,Not Applicable,No,0,Not Applicable,No,Not Applicable,Yes,Yes,No,No,No,0,240.96,0.0,0.92,Web,Invalid Claim,Safari,17,System,-1.27682,B0784
REC00777,CLM00098,CUS00275,PRD00256,Washing Machine,PrimeView,PRI-WAS-609,SN-54282182,2023-11-07,2024-03-16,2024-03-09,24,No,Mechanical Failure,Internal Component Failure,Yes,Yes,Yes,Yes,Yes,Not Applicable,No,0,Not Applicable,No,Not Applicable,Yes,Yes,No,No,No,1,496.0,0.0,0.607,Mobile App,Manual Review,MobileWebView,29,Light,-1.27331,B0869
REC00294,CLM00099,CUS00010,PRD00972,Television,PrimeView,PRI-TEL-473,SN-44492884,2023-07-30,2026-09-10,2026-08-30,24,No,Display Failure,Manufacturing Defect,Yes,Yes,Yes,Yes,No,Not Applicable,No,0,Not Applicable,No,Not Applicable,Yes,Yes,No,No,No,2,1110.53,,0.743,Service Center,Invalid Claim,Chrome,26,System,0.64528,B0796
REC00820,CLM00100,CUS00216,PRD00399,Air Conditioner,ZenCore,ZEN-AIR-197,SN-63069121,2023-01-05,2025-12-31,2025-12-15,24,No,Water Leakage,Manufacturing Defect,Yes,Yes,Yes,Yes,Yes,Not Applicable,No,0,Not Applicable,No,Not Applicable,Yes,Yes,No,No,No,0,,0.0,0.754,Web,Invalid Claim,MobileWebView,46,Light,-2.59684,B0542
REC00725,CLM00101,CUS00268,PRD00260,Refrigerator,Aster,AST-REF-112,SN-42253439,2023-04-16,2024-01-25,2024-01-21,12,Yes,Noise,Electrical Failure,Yes,Yes,Yes,Yes,Yes,Not Applicable,No,0,Not Applicable,No,Not Applicable,Yes,Yes,No,No,No,1,878.62,0.0,0.974,Web,Valid Claim,Safari,50,System,0.53854,B0160
REC00231,CLM00102,CUS00501,PRD00804,Laptop,NovaTech,NOV-LAP-490,SN-48481598,2023-09-02,2024-08-06,2024-07-28,12,No,Connectivity Issue,Normal Wear,Yes,Yes,Yes,Yes,Yes,Not Applicable,No,0,Not Applicable,No,Not Applicable,Yes,Yes,No,No,No,0,271.26,0.0,0.724,Mobile App,Invalid Claim,Firefox,9,Light,0.48926,B0514
REC00145,CLM00103,CUS00365,PRD00629,Television,HomePro,HOM-TEL-874,SN-12048900,2023-10-10,2025-12-19,2023-09-01,24,No,Connectivity Issue,Electrical Failure,Yes,No,Yes,Yes,Yes,Yes,Yes,1,Yes,No,Not Applicable,Yes,Yes,No,No,No,2,656.24,220.37,0.777,Mobile App,Invalid Claim,Safari,24,Dark,-0.15892,B0592
REC00144,CLM00104,CUS00150,PRD00628,Camera,Aster,AST-CAM-315,SN-34372591,2024-02-03,2024-05-08,2024-04-25,24,No,Display Failure,Internal Component Failure,Yes,,Yes,Yes,Yes,Not Applicable,No,0,Not Applicable,No,Not Applicable,Yes,Yes,No,No,No,2,1901.98,0.0,0.961,Mobile App,Valid Claim,Firefox,45,Light,0.61913,B0501
REC00279,CLM00105,CUS00239,PRD00617,Camera,NovaTech,NOV-CAM-454,SN-68608898,2024-06-24,2025-09-28,2025-09-14,12,No,Connectivity Issue,Electrical Failure,Yes,Yes,Yes,Yes,Yes,,No,0,Not Applicable,No,Not Applicable,Yes,Yes,No,No,No,1,326.24,0.0,0.97,Service Center,Invalid Claim,MobileWebView,6,Dark,1.62643,B0831
REC01180,CLM00106,CUS00441,PRD00385,Refrigerator,ZenCore,,SN-79672599,2024-02-19,2024-06-28,2024-06-25,24,No,Cooling Failure,Electrical Failure,Yes,,Yes,Yes,Yes,Not Applicable,No,0,Not Applicable,No,Not Applicable,Yes,Yes,No,No,No,1,1352.76,0.0,0.85,Service Center,Valid Claim,Firefox,5,Dark,-1.20547,B0340
REC01324,CLM00107,CUS00319,PRD00679,Smartphone,PrimeView,PRI-SMA-229,SN-65270750,2024-10-24,2026-07-22,2026-06-09,12,No,Battery Problem,Manufacturing Defect,Yes,,Yes,Yes,Yes,Yes,Yes,2,No,No,Not Applicable,Yes,Yes,Yes,No,No,0,170.44,382.92,0.852,Mobile App,Invalid Claim,Safari,31,Light,-1.49928,B0531
REC00855,CLM00108,CUS00228,PRD00769,Smartphone,Aster,AST-SMA-774,SN-73169400,2023-03-12,2023-06-16,2023-06-02,36,No,Battery Problem,Electrical Failure,Yes,,Yes,Yes,Yes,Not Applicable,No,0,Not Applicable,No,Not Applicable,Yes,Yes,No,No,No,1,1209.48,0.0,0.866,Service Center,Valid Claim,Safari,33,System,1.02298,B0273
REC00880,CLM00109,CUS00677,PRD00859,Camera,PrimeView,PRI-CAM-256,SN-21852116,2024-02-06,2024-10-01,2024-09-19,36,No,Power Failure,Manufacturing Defect,Yes,Yes,Yes,No,Yes,Not Applicable,No,0,Not Applicable,Yes,Yes,Yes,Yes,No,No,No,2,144.22,0.0,0.732,Service Center,Manual Review,Firefox,34,Dark,0.26292,B0050
REC01105,CLM00110,CUS00076,PRD00428,Washing Machine,HomePro,HOM-WAS-508,SN-29103062,2023-07-21,2024-05-25,2024-05-14,24,No,Power Failure,Manufacturing Defect,Yes,Yes,Yes,No,Yes,Not Applicable,No,0,Not Applicable,No,Not Applicable,Yes,Yes,Yes,No,No,1,322.6,0.0,0.851,Web,Invalid Claim,Safari,51,Dark,0.65234,B0571
REC00519,CLM00111,CUS00082,PRD00783,Refrigerator,ZenCore,ZEN-REF-980,SN-76761353,2024-05-11,2025-05-10,2025-04-03,24,No,Mechanical Failure,Internal Component Failure,Yes,Yes,No,Yes,No,Not Applicable,No,0,Not Applicable,No,Not Applicable,Yes,Yes,No,No,No,1,844.02,0.0,0.992,Web,Invalid Claim,Chrome,35,System,1.06095,B0429
REC00328,CLM00112,CUS00485,PRD00923,Refrigerator,Aster,AST-REF-170,SN-92509028,2023-02-07,2023-11-21,,36,No,Water Leakage,Electrical Failure,Yes,Yes,Yes,Yes,Yes,Not Applicable,No,0,Not Applicable,Yes,Yes,Yes,Yes,No,No,No,0,163.93,0.0,0.923,Service Center,Invalid Claim,MobileWebView,16,Dark,-0.67494,B0980
REC00645,CLM00113,CUS00691,PRD00130,Washing Machine,HomePro,HOM-WAS-589,SN-15281366,2024-04-14,2026-04-11,2026-04-09,24,No,Water Leakage,Normal Wear,Yes,Yes,No,Yes,No,Not Applicable,No,0,Not Applicable,No,Not Applicable,Yes,Yes,No,No,No,0,405.08,0.0,0.772,Mobile App,Invalid Claim,Chrome,59,Light,1.89663,B0594
REC00975,CLM00114,CUS00070,PRD00299,Camera,NovaTech,NOV-CAM-116,SN-29758725,2023-11-10,2025-04-04,2025-03-10,12,No,Connectivity Issue,Electrical Failure,Yes,Yes,Yes,No,Yes,Not Applicable,No,0,Not Applicable,No,Not Applicable,Yes,No,No,No,No,0,,0.0,0.921,Mobile App,Invalid Claim,MobileWebView,45,System,0.59428,B0962
REC00224,CLM00115,CUS00538,PRD00346,Washing Machine,PrimeView,PRI-WAS-918,SN-83462238,2025-04-30,2026-02-10,2026-01-28,24,No,Power Failure,Electrical Failure,Yes,No,Yes,Yes,Yes,Yes,Yes,2,Yes,No,Not Applicable,Yes,Yes,Yes,No,No,0,287.03,281.55,0.76,Web,Invalid Claim,Firefox,3,Light,0.9172,B0393
REC00356,CLM00116,CUS00420,PRD00383,Television,PrimeView,PRI-TEL-322,SN-46912328,2024-09-21,2025-07-30,2025-07-22,12,No,Power Failure,Physical Damage,Yes,Yes,Yes,No,,Not Applicable,No,0,Not Applicable,No,Not Applicable,Yes,Yes,No,No,No,1,571.49,0.0,0.917,Service Center,Invalid Claim,Edge,54,Dark,1.56817,B0774
REC00660,CLM00117,CUS00115,PRD00913,Printer,NovaTech,NOV-PRI-842,SN-23278843,2024-04-04,2026-02-18,2026-01-30,12,Yes,Power Failure,Manufacturing Defect,Yes,Yes,Yes,Yes,Yes,Not Applicable,No,0,Not Applicable,No,Not Applicable,No,Yes,No,No,Yes,0,260.83,,0.829,Service Center,Invalid Claim,Chrome,50,Light,0.13265,B0777
REC00397,CLM00118,CUS00052,PRD00569,Refrigerator,Aster,AST-REF-598,SN-95055483,2026-02-18,2026-04-17,,24,No,Cooling Failure,Electrical Failure,Yes,Yes,,Yes,No,Not Applicable,No,0,Not Applicable,No,Not Applicable,Yes,Yes,No,No,No,0,,0.0,0.853,Service Center,Manual Review,MobileWebView,19,System,0.421,B0824
REC00221,CLM00119,CUS00114,PRD00815,Printer,NovaTech,NOV-PRI-748,SN-46659460,2024-04-22,2024-11-07,2024-10-19,12,No,Power Failure,Electrical Failure,Yes,Yes,Yes,Yes,Yes,,No,0,Not Applicable,No,Not Applicable,Yes,Yes,No,No,No,1,425.1,0.0,0.857,Mobile App,Valid Claim,Firefox,11,System,0.96746,B0786
REC01081,CLM00120,CUS00473,PRD00551,Air Conditioner,HomePro,HOM-AIR-844,SN-65230340,2023-12-03,2024-06-13,2024-05-29,24,No,Water Leakage,Manufacturing Defect,,Yes,Yes,Yes,Yes,Not Applicable,No,0,Not Applicable,No,Not Applicable,Yes,Yes,No,No,No,1,1227.99,0.0,0.76,Mobile App,Valid Claim,Firefox,34,Light,-1.12678,B0393
REC00643,CLM00121,CUS00493,PRD00458,Laptop,ZenCore,,,2024-11-10,2026-01-25,2024-08-16,24,No,Battery Problem,Normal Wear,Yes,No,Yes,Yes,No,Not Applicable,No,0,Not Applicable,Yes,Yes,Yes,Yes,No,No,No,1,1168.9,0.0,0.984,Mobile App,Invalid Claim,Firefox,9,Light,-0.45369,B0342
REC00494,CLM00122,CUS00006,PRD00587,Television,HomePro,HOM-TEL-494,SN-49137915,2024-05-17,2025-10-30,2025-10-22,36,Yes,Audio Failure,Physical Damage,Yes,Yes,Yes,No,,Not Applicable,No,0,Not Applicable,No,Not Applicable,Yes,No,No,No,No,0,84.91,0.0,0.813,Email,Invalid Claim,Chrome,4,System,-0.20688,B0425
REC00561,CLM00123,CUS00129,PRD00874,Laptop,NovaTech,NOV-LAP-187,SN-94346396,2024-01-15,2024-09-09,2024-07-21,24,No,Power Failure,Manufacturing Defect,Yes,Yes,Yes,Yes,Yes,,No,0,Not Applicable,No,Not Applicable,Yes,Yes,No,No,No,2,1123.8,,0.906,Web,Invalid Claim,Edge,36,System,0.32587,B0641
REC00170,CLM00124,CUS00312,PRD00069,Washing Machine,HomePro,HOM-WAS-442,SN-64718192,2023-03-25,2024-04-30,2024-04-16,36,No,Mechanical Failure,Electrical Failure,Yes,Yes,Yes,Yes,No,Not Applicable,No,0,Not Applicable,No,Not Applicable,Yes,Yes,No,No,No,1,363.58,0.0,0.781,Web,Manual Review,MobileWebView,52,Dark,-1.02169,B0432
REC00480,CLM00125,CUS00501,PRD00250,Camera,PrimeView,PRI-CAM-960,SN-51926895,2026-02-04,2026-07-10,2026-06-28,24,No,Connectivity Issue,Misuse,Yes,No,Yes,Yes,Yes,Not Applicable,No,0,Not Applicable,No,Not Applicable,Yes,Yes,No,No,No,3,2702.68,0.0,0.65,Mobile App,Invalid Claim,Firefox,32,Dark,0.20053,B0375
REC01104,CLM00126,CUS00634,PRD00761,Washing Machine,PrimeView,PRI-WAS-415,SN-53401206,2024-03-29,2026-04-19,2026-04-15,24,No,Mechanical Failure,Electrical Failure,Yes,Yes,Yes,Yes,Yes,Not Applicable,No,0,Not Applicable,No,Not Applicable,Yes,Yes,No,No,No,0,1809.04,,0.974,Web,Invalid Claim,Firefox,4,Light,0.28713,B0383
REC00743,CLM00127,CUS00194,PRD00187,Air Conditioner,ZenCore,ZEN-AIR-426,SN-68622115,2025-08-24,2026-08-09,2026-08-04,24,Yes,Water Leakage,Electrical Failure,No,Yes,Yes,,Yes,No,Yes,1,Yes,No,Not Applicable,Yes,Yes,No,No,No,0,1286.82,243.74,0.793,Web,Manual Review,Firefox,58,Dark,0.9622,B0820
REC00804,CLM00128,CUS00346,PRD00419,Washing Machine,HomePro,HOM-WAS-562,SN-46301817,2025-07-05,2026-01-11,2025-12-23,24,No,Water Leakage,Electrical Failure,Yes,Yes,Yes,Yes,Yes,,No,0,Not Applicable,No,Not Applicable,Yes,Yes,No,No,No,0,917.04,0.0,0.793,Service Center,Valid Claim,MobileWebView,55,Light,-0.16947,B0994
REC00463,CLM00129,CUS00406,PRD00862,Refrigerator,Aster,AST-REF-345,SN-38703340,2025-05-15,2025-07-14,2025-07-07,12,No,Water Leakage,Internal Component Failure,,Yes,Yes,Yes,Yes,Not Applicable,No,0,Not Applicable,Yes,Yes,Yes,Yes,No,No,No,1,841.16,0.0,0.726,Web,Valid Claim,Chrome,48,Light,-0.20538,B0931
REC00684,CLM00130,CUS00437,PRD00886,Refrigerator,Aster,AST-REF-841,SN-40918739,2025-08-26,2026-02-01,2026-01-11,12,No,Noise,Misuse,Yes,Yes,Yes,Yes,Yes,Not Applicable,No,0,Not Applicable,No,Not Applicable,Yes,Yes,No,No,No,1,229.67,0.0,0.92,Mobile App,Invalid Claim,Safari,20,Dark,2.06231,B0900
REC01375,CLM00131,CUS00438,PRD00925,Printer,HomePro,HOM-PRI-111,SN-82121823,2025-01-23,2026-01-23,2026-01-08,12,No,Mechanical Failure,Manufacturing Defect,Yes,Yes,Yes,Yes,Yes,Yes,Yes,3,Yes,No,Not Applicable,Yes,Yes,No,No,No,0,101.17,345.07,0.695,Email,Manual Review,Chrome,57,System,-0.72646,B0448
REC01364,CLM00132,CUS00462,PRD00168,Smartphone,Aster,AST-SMA-538,SN-76314150,2025-03-20,2026-08-16,2026-08-05,36,No,Overheating,Electrical Failure,Yes,Yes,Yes,Yes,Yes,Not Applicable,No,0,Not Applicable,No,Not Applicable,Yes,Yes,Yes,No,No,1,157.83,0.0,0.591,Email,Invalid Claim,Safari,50,Dark,0.85166,B0987
REC00447,CLM00133,CUS00414,PRD00480,Laptop,Aster,AST-LAP-847,SN-88071028,2024-11-07,2025-12-20,2025-11-25,12,No,Connectivity Issue,Manufacturing Defect,Yes,No,Yes,Yes,Yes,No,Yes,1,Yes,No,Not Applicable,Yes,No,No,No,No,1,1556.76,45.39,0.858,Mobile App,Invalid Claim,Chrome,40,Dark,0.14987,B0137
REC01227,CLM00134,CUS00288,PRD00367,Television,PrimeView,PRI-TEL-524,SN-19955007,2025-10-04,2026-02-13,2026-01-18,24,No,Display Failure,Manufacturing Defect,Yes,Yes,Yes,Yes,Yes,Yes,Yes,2,Yes,No,Not Applicable,Yes,Yes,No,No,No,1,1557.47,154.65,0.672,Mobile App,Manual Review,Chrome,50,Light,-1.06474,B0293
REC00147,CLM00135,CUS00610,PRD00850,Camera,PrimeView,PRI-CAM-625,SN-17901565,2025-03-09,2026-06-02,2026-05-30,36,No,Power Failure,Manufacturing Defect,Yes,Yes,Yes,Yes,Yes,Not Applicable,No,0,Not Applicable,No,Not Applicable,Yes,Yes,No,No,No,2,435.95,0.0,0.99,Web,Valid Claim,Firefox,23,Dark,-1.57425,B0443
REC00587,CLM00136,CUS00078,PRD00494,Air Conditioner,ZenCore,ZEN-AIR-244,SN-89361978,2025-04-29,2025-05-20,2025-04-29,12,No,Water Leakage,Electrical Failure,Yes,Yes,Yes,Yes,Yes,Not Applicable,No,0,Not Applicable,No,Not Applicable,Yes,Yes,No,No,No,0,502.62,0.0,0.823,Email,Valid Claim,Edge,8,System,0.42417,B0407
REC01119,CLM00137,CUS00278,PRD00344,Camera,Aster,AST-CAM-926,SN-24545477,2025-11-30,2026-03-29,2026-02-08,36,No,Display Failure,Internal Component Failure,Yes,Yes,No,No,Yes,Not Applicable,No,0,Not Applicable,No,Not Applicable,Yes,Yes,No,No,No,2,131.45,0.0,0.779,Web,Invalid Claim,Chrome,59,Light,-0.38003,B0716
REC00394,CLM00138,CUS00240,PRD00502,Television,PrimeView,PRI-TEL-171,SN-36967750,2026-01-21,2026-08-01,2026-06-27,12,No,Connectivity Issue,Manufacturing Defect,Yes,Yes,Yes,Yes,Yes,No,Yes,1,Yes,No,Not Applicable,Yes,Yes,No,No,No,0,1135.96,544.11,0.835,Mobile App,Invalid Claim,MobileWebView,58,System,0.32308,B0882
REC00470,CLM00139,CUS00102,PRD00865,Laptop,ZenCore,ZEN-LAP-664,SN-46112707,2025-12-10,2026-04-30,2026-04-12,24,Yes,Power Failure,Manufacturing Defect,Yes,Yes,Yes,Yes,Yes,Not Applicable,No,0,Not Applicable,Yes,Yes,Yes,Yes,No,No,No,2,449.76,0.0,0.79,Web,Valid Claim,Edge,38,Dark,1.90478,B0313
REC01344,CLM00140,CUS00632,PRD00967,Air Conditioner,ZenCore,ZEN-AIR-119,SN-67051285,2024-12-10,2026-08-30,2026-08-26,12,No,Cooling Failure,Manufacturing Defect,Yes,Yes,Yes,Yes,Yes,Not Applicable,No,,Not Applicable,No,Not Applicable,Yes,Yes,No,No,No,0,1551.13,0.0,,Service Center,Invalid Claim,Firefox,31,System,0.53467,B0491
REC01315,CLM00141,CUS00578,PRD00655,Laptop,Aster,AST-LAP-964,SN-40685735,2025-05-09,2025-08-27,2025-08-20,12,No,Overheating,Electrical Failure,Yes,Yes,Yes,Yes,No,Not Applicable,No,0,Not Applicable,No,Not Applicable,Yes,Yes,No,No,No,2,309.06,0.0,0.974,Web,Manual Review,Safari,14,Dark,1.61635,B0787
REC00078,CLM00142,CUS00213,PRD00936,Printer,PrimeView,PRI-PRI-668,SN-13388552,2023-04-25,2024-02-25,2024-02-15,12,No,Paper Feed Failure,Electrical Failure,Yes,Yes,Yes,Yes,Yes,Not Applicable,No,0,Not Applicable,No,Not Applicable,Yes,Yes,No,No,No,0,391.04,0.0,0.977,Web,Valid Claim,Firefox,56,Dark,-0.28652,B0238
REC01235,CLM00143,CUS00444,PRD00546,Washing Machine,HomePro,HOM-WAS-349,SN-14988427,2023-08-22,2025-02-12,2025-02-11,12,No,Noise,Accidental Damage,Yes,No,Yes,Yes,Yes,Yes,Yes,3,Yes,Yes,Yes,Yes,Yes,No,No,No,0,,92.02,0.816,Service Center,Invalid Claim,Safari,34,Dark,-0.78942,B0230
REC00192,CLM00144,CUS00617,PRD00993,Camera,Aster,AST-CAM-941,SN-23506996,2024-08-17,2026-09-14,2026-09-09,24,No,Lens Failure,Internal Component Failure,No,Yes,Yes,Yes,,Yes,Yes,1,Yes,No,Not Applicable,No,Yes,No,No,No,0,291.42,,0.744,Web,Invalid Claim,Edge,34,System,-1.52048,B0121
REC00730,CLM00145,CUS00302,PRD00352,Air Conditioner,HomePro,HOM-AIR-462,SN-20927650,2025-01-17,2025-08-19,2025-07-31,36,No,Power Failure,Physical Damage,Yes,No,Yes,No,Yes,Not Applicable,No,0,Not Applicable,Yes,Yes,Yes,Yes,No,No,No,0,835.69,0.0,0.781,Web,Invalid Claim,MobileWebView,44,Light,1.56531,B0642
REC01311,CLM00146,CUS00533,PRD00411,Television,Aster,AST-TEL-199,SN-21547482,2025-10-25,2025-11-10,2025-10-25,24,No,Power Failure,Normal Wear,No,Yes,Yes,Yes,Yes,,No,0,Not Applicable,No,Not Applicable,Yes,Yes,No,No,No,1,665.69,0.0,0.919,Mobile App,Invalid Claim,Safari,43,Light,0.00145,B0600
REC00659,CLM00147,CUS00625,PRD00930,Washing Machine,ZenCore,ZEN-WAS-950,SN-19774223,2025-05-13,2025-06-20,2025-06-13,24,No,Water Leakage,Manufacturing Defect,Yes,Yes,Yes,Yes,Yes,,No,0,Not Applicable,No,Not Applicable,Yes,Yes,No,No,No,1,270.73,0.0,0.499,Service Center,Manual Review,MobileWebView,19,Dark,-0.63763,B0992
REC-DUP-0036,CLM00148,CUS00044,PRD00921,Television,PrimeView,PRI-TEL-107,SN-41596876,2023-08-07,2026-02-22,2026-02-11,24,No,Power Failure,Manufacturing Defect,Yes,No,Yes,Yes,Yes,Yes,Yes,3,Yes,No,Not Applicable,Yes,Yes,No,No,No,0,1356.93,548.53,0.889,Service Center,Invalid Claim,Edge,34,System,-1.75176,B0987
REC01333,CLM00149,CUS00214,PRD00069,Refrigerator,Aster,AST-REF-488,SN-26627604,2023-11-05,2026-02-10,2026-01-26,12,No,Mechanical Failure,Electrical Failure,Yes,Yes,Yes,Yes,Yes,Not Applicable,No,0,Not Applicable,No,Not Applicable,Yes,Yes,No,No,No,3,349.61,0.0,0.971,Web,Invalid Claim,Edge,56,Light,-1.74825,B0252
REC01464,CLM00150,CUS00428,PRD00389,Television,HomePro,HOM-TEL-824,SN-84505368,2025-07-23,2025-11-19,2025-11-15,12,Yes,Connectivity Issue,Misuse,Yes,Yes,Yes,Yes,Yes,Not Applicable,No,0,Not Applicable,No,Not Applicable,Yes,No,No,No,No,1,2318.08,0.0,0.877,Web,Invalid Claim,MobileWebView,38,System,-1.5547,B0539
REC01154,CLM00151,CUS00203,PRD00109,Laptop,Aster,AST-LAP-732,SN-88338555,2023-05-31,2025-02-20,2025-02-02,12,No,Battery Problem,Physical Damage,Yes,Yes,Yes,Yes,No,Not Applicable,No,0,Not Applicable,No,Not Applicable,No,Yes,No,Yes,No,0,1506.88,0.0,0.689,Web,Invalid Claim,Firefox,10,System,-1.32801,B0651
REC01314,CLM00152,CUS00176,PRD00183,Refrigerator,HomePro,HOM-REF-646,SN-35770236,2023-10-21,2025-05-08,2025-04-11,24,No,Water Leakage,Electrical Failure,Yes,Yes,Yes,Yes,Yes,Not Applicable,No,0,Not Applicable,No,Not Applicable,Yes,Yes,No,No,No,0,1728.55,,0.653,Mobile App,Manual Review,Safari,9,Light,0.0483,B0279
REC00501,CLM00153,CUS00380,PRD00229,Washing Machine,PrimeView,PRI-WAS-295,SN-53727345,2025-06-14,2026-03-16,2026-02-08,36,No,Noise,Water Damage,No,Yes,Yes,Yes,Yes,Not Applicable,No,0,Not Applicable,No,Not Applicable,Yes,Yes,No,No,No,1,337.8,0.0,0.742,Email,Invalid Claim,Firefox,57,System,-1.85598,B0702
REC00829,CLM00154,CUS00221,PRD00093,Laptop,Aster,AST-LAP-228,SN-77138286,2024-03-27,2024-10-23,2024-10-12,12,No,Display Failure,Manufacturing Defect,Yes,Yes,Yes,Yes,No,Not Applicable,No,0,Not Applicable,No,Not Applicable,Yes,Yes,No,No,No,1,1496.16,0.0,0.862,Web,Manual Review,Safari,30,Light,0.45684,B0572
REC01087,CLM00155,CUS00080,PRD00626,Camera,Aster,AST-CAM-547,SN-81666520,2024-03-09,2026-04-12,2026-03-27,12,No,Connectivity Issue,Manufacturing Defect,Yes,Yes,Yes,,No,Not Applicable,No,0,Not Applicable,No,Not Applicable,Yes,Yes,No,No,No,3,2120.39,0.0,0.868,Mobile App,Invalid Claim,Edge,31,Dark,0.54012,B0190
REC00902,CLM00156,CUS00037,PRD00389,Washing Machine,ZenCore,ZEN-WAS-633,SN-84161103,2023-06-29,2024-12-25,2024-12-19,12,No,Mechanical Failure,Internal Component Failure,Yes,Yes,,Yes,Yes,Not Applicable,No,0,Not Applicable,No,Not Applicable,Yes,Yes,No,No,No,1,1141.81,0.0,0.807,Web,Invalid Claim,Chrome,52,System,0.43372,B0484
REC00123,CLM00157,CUS00189,PRD00593,Air Conditioner,HomePro,HOM-AIR-583,SN-19287833,2025-06-14,2025-12-12,2025-11-24,12,Yes,Water Leakage,Manufacturing Defect,Yes,Yes,Yes,Yes,Yes,Not Applicable,No,0,Not Applicable,No,Not Applicable,Yes,Yes,No,No,No,0,377.47,,0.983,Web,Valid Claim,Chrome,49,Dark,-1.79183,B0946
REC00010,CLM00158,CUS00010,PRD00254,Refrigerator,ZenCore,ZEN-REF-128,SN-57371642,2023-08-22,2024-04-08,2024-03-20,24,No,Noise,Manufacturing Defect,Yes,Yes,Yes,Yes,Yes,Not Applicable,No,0,Not Applicable,No,Not Applicable,Yes,Yes,No,No,No,1,159.88,0.0,0.805,Web,Valid Claim,Safari,0,Dark,0.32468,B0617
REC01239,CLM00159,CUS00046,PRD00476,Television,HomePro,HOM-TEL-541,SN-82223139,2025-11-24,2026-05-12,2026-05-07,24,No,Display Failure,Water Damage,Yes,Yes,Yes,Yes,Yes,Yes,Yes,1,No,No,Not Applicable,Unknown,Yes,No,No,No,1,490.33,623.19,0.991,Service Center,Invalid Claim,Chrome,7,Dark,0.69655,B0008
REC00308,CLM00160,CUS00628,PRD00673,Washing Machine,ZenCore,ZEN-WAS-980,SN-17660192,2023-03-12,2026-03-25,2026-03-08,24,No,Power Failure,Electrical Failure,Yes,Yes,Yes,Yes,Yes,Not Applicable,No,0,Not Applicable,No,Not Applicable,Yes,Yes,No,No,No,0,455.39,0.0,0.993,Web,Invalid Claim,MobileWebView,53,System,-0.16993,B0327
REC01454,CLM00161,CUS00070,PRD00812,Smartphone,Aster,AST-SMA-741,SN-83740245,2023-05-24,2024-04-14,2024-03-28,12,No,Display Failure,Internal Component Failure,Yes,Yes,Yes,Yes,Yes,Yes,Yes,3,Unknown,No,Not Applicable,Yes,Yes,No,No,No,0,109.62,343.33,0.732,Mobile App,Manual Review,Chrome,10,Light,0.47494,B0835
REC00099,CLM00162,CUS00262,PRD00549,Refrigerator,Aster,AST-REF-532,SN-68687715,2023-12-05,2025-04-14,2025-02-26,12,No,Water Leakage,Internal Component Failure,,Yes,No,Yes,Yes,Not Applicable,No,0,Not Applicable,No,Not Applicable,Yes,No,No,No,No,0,1047.26,0.0,0.772,Web,Invalid Claim,Firefox,32,System,-0.81041,B0008
REC-DUP-0038,CLM00163,CUS00532,PRD00332,Smartphone,Aster,AST-SMA-371,SN-53548048,2023-07-08,2024-10-22,2024-10-10,24,No,Battery Problem,Manufacturing Defect,No,Yes,,No,Yes,Not Applicable,No,0,Not Applicable,No,Not Applicable,Yes,Yes,No,No,No,0,463.09,0.0,0.863,Service Center,Manual Review,Edge,40,System,1.28269,B0023
REC00803,CLM00164,CUS00572,PRD00216,Television,HomePro,HOM-TEL-905,SN-30637724,2023-07-24,2024-05-20,2024-05-06,12,No,Display Failure,Manufacturing Defect,Yes,Yes,,,No,Yes,Yes,3,Yes,No,Not Applicable,Yes,Yes,No,No,No,1,489.09,494.14,0.867,Service Center,Manual Review,Safari,17,Light,-0.41599,B0925
REC00619,CLM00165,CUS00131,PRD00849,Smartphone,PrimeView,PRI-SMA-443,SN-49732912,2023-09-26,2023-12-28,2023-12-17,12,No,Connectivity Issue,Accidental Damage,Yes,Yes,Yes,Yes,Yes,Not Applicable,No,0,Not Applicable,No,Not Applicable,Yes,No,No,No,No,3,1418.83,0.0,0.796,Web,Invalid Claim,Chrome,52,System,0.32326,B0585
REC01045,CLM00166,CUS00058,PRD00870,Camera,NovaTech,NOV-CAM-916,SN-28439356,2024-12-06,2025-02-24,2025-02-11,36,No,Power Failure,Water Damage,Yes,No,Yes,Yes,Yes,Yes,Yes,2,Yes,No,Not Applicable,Yes,Yes,No,No,No,0,819.61,393.11,0.788,Mobile App,Invalid Claim,Chrome,52,Dark,-0.9029,B0639
REC-DUP-0003,CLM00167,CUS00073,PRD00456,Smartphone,Aster,AST-SMA-581,SN-34654469,2026-02-20,2026-08-03,2026-07-30,24,No,Battery Problem,Misuse,,Yes,Yes,No,No,Yes,Yes,1,Yes,No,Not Applicable,Yes,Yes,No,No,No,0,502.93,627.33,0.853,Mobile App,Invalid Claim,MobileWebView,23,Dark,-0.95744,B0960
REC00407,CLM00168,CUS00156,PRD00458,Washing Machine,PrimeView,PRI-WAS-875,SN-79493383,2024-03-05,2026-02-15,2026-02-06,12,No,Water Leakage,Internal Component Failure,Yes,No,Yes,,Yes,Not Applicable,No,0,Not Applicable,No,Not Applicable,Yes,Yes,No,No,No,2,333.08,0.0,0.746,Mobile App,Invalid Claim,MobileWebView,43,Dark,-0.417,B0023
REC-DUP-0014,CLM00169,CUS00675,PRD00004,Camera,Aster,AST-CAM-609,SN-37645266,2023-02-23,2023-04-11,2023-03-21,12,No,Connectivity Issue,Internal Component Failure,No,Yes,,Yes,Yes,Yes,Yes,1,Yes,No,Not Applicable,Yes,Yes,No,No,No,1,728.61,521.42,0.95,Mobile App,Manual Review,MobileWebView,21,Dark,-0.62319,B0979
REC01352,CLM00170,CUS00602,PRD00263,Camera,PrimeView,PRI-CAM-583,SN-29620909,2025-12-31,2026-02-11,2025-12-31,36,No,Lens Failure,Water Damage,Yes,Yes,Yes,Yes,No,Not Applicable,No,0,Not Applicable,No,Not Applicable,Yes,Yes,No,No,No,0,820.59,0.0,,Web,Invalid Claim,Firefox,30,Light,-0.48625,B0310
REC01131,CLM00171,CUS00606,PRD00750,Camera,NovaTech,NOV-CAM-270,SN-30152214,2026-01-25,2026-04-16,2026-04-09,24,No,Connectivity Issue,Accidental Damage,Yes,Yes,,Yes,Yes,Yes,Yes,1,Yes,No,Not Applicable,No,Yes,No,No,No,3,89.77,76.5,0.844,Web,Invalid Claim,Chrome,16,Light,0.04167,B0820
REC01432,CLM00172,CUS00375,PRD00730,Refrigerator,Aster,AST-REF-834,SN-34439168,2025-08-15,2026-02-07,2026-01-31,24,Yes,Water Leakage,Accidental Damage,Yes,No,Yes,Yes,No,Yes,Yes,3,Yes,No,Not Applicable,Yes,Yes,No,No,No,0,1923.93,454.59,0.96,Web,Invalid Claim,Firefox,40,System,0.20379,B0663
REC00853,CLM00173,CUS00424,PRD00858,Laptop,Aster,AST-LAP-673,SN-78159029,2025-02-16,2026-08-26,2026-08-19,36,No,Connectivity Issue,Electrical Failure,Yes,Yes,Yes,No,Yes,Yes,Yes,2,Yes,No,Not Applicable,Yes,Yes,No,No,No,0,1021.13,562.88,0.857,Service Center,Manual Review,Safari,48,System,-0.6625,B0159
REC00311,CLM00174,CUS00696,PRD00192,Smartphone,NovaTech,NOV-SMA-977,SN-99230018,2024-04-13,2025-08-13,2025-08-04,12,Yes,Power Failure,Internal Component Failure,Yes,Yes,Yes,Yes,Yes,Not Applicable,No,0,Not Applicable,No,Not Applicable,Yes,Yes,No,No,No,1,93.45,0.0,,Web,Valid Claim,MobileWebView,31,System,-0.64492,B0829
REC00805,CLM00175,CUS00171,PRD00704,Television,PrimeView,PRI-TEL-223,SN-39562911,2023-04-13,2023-06-11,2023-05-26,12,No,Connectivity Issue,Misuse,Yes,Yes,Yes,Yes,Yes,Yes,Yes,3,Yes,No,Not Applicable,Yes,Yes,No,No,No,1,1751.31,134.94,0.946,Service Center,Invalid Claim,Firefox,48,System,0.07999,B0654
REC00692,CLM00176,CUS00604,PRD00765,Camera,NovaTech,NOV-CAM-265,SN-34692060,2023-12-10,2026-06-05,2026-05-29,24,No,Power Failure,Water Damage,Yes,Yes,Yes,Yes,Yes,Not Applicable,No,0,Not Applicable,No,Not Applicable,Yes,Yes,No,No,No,0,826.98,0.0,0.96,Email,Invalid Claim,Chrome,37,System,0.61375,B0403
REC00571,CLM00177,CUS00203,PRD00198,Laptop,NovaTech,NOV-LAP-719,SN-21124684,2025-06-01,2026-02-05,2026-01-26,12,No,Battery Problem,Electrical Failure,Yes,Yes,Yes,Yes,Yes,Not Applicable,No,0,Not Applicable,No,Not Applicable,Yes,Yes,No,No,No,1,191.74,0.0,0.986,Mobile App,Valid Claim,Edge,12,Light,-0.1457,B0771
REC01099,CLM00178,CUS00411,PRD00825,Smartphone,PrimeView,PRI-SMA-985,SN-95872660,2024-12-23,2025-06-27,2025-06-07,12,No,Connectivity Issue,Internal Component Failure,Yes,No,Yes,Yes,Yes,Not Applicable,No,0,Not Applicable,No,Not Applicable,Yes,Yes,No,No,No,0,196.54,0.0,0.768,Web,Valid Claim,Firefox,57,System,-0.31526,B0444
REC00989,CLM00179,CUS00444,PRD00473,Printer,NovaTech,NOV-PRI-978,SN-25376513,2025-11-24,2026-01-19,2026-01-03,12,No,Mechanical Failure,Electrical Failure,Yes,Yes,Yes,Yes,Yes,Not Applicable,No,0,Not Applicable,No,Not Applicable,Yes,Yes,No,No,No,1,850.15,0.0,0.745,Web,Valid Claim,MobileWebView,59,Dark,0.55743,B0880
REC00333,CLM00180,CUS00627,PRD00204,Laptop,Aster,AST-LAP-375,SN-34571143,2025-07-13,2026-01-01,2025-12-24,24,No,Power Failure,Electrical Failure,,No,Yes,Yes,No,Not Applicable,No,0,Not Applicable,No,Not Applicable,Yes,Yes,No,No,No,0,392.23,0.0,0.939,Mobile App,Manual Review,Safari,25,Light,1.23567,B0808
REC00408,CLM00181,CUS00259,PRD00790,Smartphone,Aster,AST-SMA-287,SN-70920246,2023-07-10,2024-12-21,2024-12-14,12,No,Battery Problem,Internal Component Failure,Yes,,Yes,Yes,Yes,,No,0,Not Applicable,No,Not Applicable,Yes,Yes,No,No,No,1,441.34,,0.955,Mobile App,Invalid Claim,Chrome,34,Dark,2.79478,B0185
REC00861,CLM00182,CUS00221,PRD00118,Television,Aster,AST-TEL-927,SN-15186206,2023-08-14,2024-02-27,2024-01-25,12,No,Display Failure,Electrical Failure,Yes,Yes,Yes,Yes,Yes,Not Applicable,No,0,Not Applicable,No,Not Applicable,Yes,Yes,No,No,No,2,1133.02,0.0,0.866,Service Center,Invalid Claim,Firefox,32,System,0.43304,B0752
REC00420,CLM00183,CUS00298,PRD00548,Smartphone,PrimeView,PRI-SMA-111,SN-53329143,2023-02-22,2024-06-19,2024-05-22,24,Yes,Power Failure,Accidental Damage,Yes,No,Yes,Yes,Yes,Not Applicable,No,0,Not Applicable,Yes,Yes,Yes,Yes,No,Yes,No,0,110.6,0.0,0.573,Web,Invalid Claim,Firefox,55,System,-0.19678,B0437
REC01192,CLM00184,CUS00055,PRD00365,Laptop,Aster,AST-LAP-328,SN-67630295,2025-06-15,2026-07-04,2026-07-01,12,No,Display Failure,Manufacturing Defect,Yes,Yes,Yes,No,Yes,Not Applicable,No,0,Not Applicable,No,Not Applicable,Yes,Yes,No,No,No,2,,0.0,0.859,Email,Invalid Claim,Chrome,40,Dark,0.59587,B0663
REC00893,CLM00185,CUS00154,PRD00031,Washing Machine,HomePro,HOM-WAS-548,SN-36229172,2023-10-22,2024-09-28,2024-09-09,12,Yes,Water Leakage,Manufacturing Defect,Yes,Yes,Yes,Yes,Yes,Not Applicable,No,0,Not Applicable,No,Not Applicable,Yes,Yes,No,No,No,0,355.33,0.0,0.984,Service Center,Valid Claim,Firefox,40,Dark,-0.90013,B0475
REC01371,CLM00186,CUS00006,PRD00630,Air Conditioner,HomePro,HOM-AIR-332,SN-26995677,2025-10-19,2026-06-14,2026-06-11,12,No,Cooling Failure,Manufacturing Defect,No,Yes,Yes,Yes,Yes,Not Applicable,No,0,Not Applicable,No,Not Applicable,Yes,Yes,No,No,No,0,407.71,0.0,0.735,Mobile App,Manual Review,MobileWebView,28,Dark,0.5721,B0643
REC00577,CLM00187,CUS00165,PRD00623,Camera,Aster,AST-CAM-226,SN-58745403,2023-12-30,2024-05-01,2024-04-05,36,No,Power Failure,Accidental Damage,Yes,Yes,Yes,Yes,Yes,Not Applicable,No,0,Not Applicable,No,Not Applicable,Yes,No,No,No,No,4,1520.26,0.0,0.964,Web,Invalid Claim,MobileWebView,10,Dark,-2.35179,B0030
REC01139,CLM00188,CUS00378,PRD00963,Refrigerator,ZenCore,ZEN-REF-340,SN-82003229,2024-03-23,2026-04-15,2026-03-29,36,No,Cooling Failure,Manufacturing Defect,Yes,Yes,Yes,Yes,No,Not Applicable,No,0,Not Applicable,Yes,Yes,Yes,Yes,No,No,No,5,454.16,0.0,0.89,Web,Manual Review,MobileWebView,55,Light,-0.27728,B0765
REC01450,CLM00189,CUS00035,PRD00961,Television,PrimeView,PRI-TEL-804,SN-57915190,2026-02-17,2026-07-18,2026-06-24,36,No,Power Failure,Internal Component Failure,Yes,Yes,Yes,Yes,Yes,Yes,Yes,2,Yes,No,Not Applicable,Yes,Yes,No,No,No,0,1164.38,180.65,0.765,Email,Valid Claim,Firefox,35,Dark,-0.14962,B0146
REC00955,CLM00190,CUS00529,PRD00987,Washing Machine,ZenCore,ZEN-WAS-229,SN-56649029,2023-06-16,2026-02-28,2026-02-06,12,No,Water Leakage,Electrical Failure,Yes,Yes,Yes,Yes,Yes,,No,0,Not Applicable,No,Not Applicable,Yes,Yes,No,No,No,1,518.4,0.0,0.793,Mobile App,Invalid Claim,Edge,40,Dark,1.80294,B0765
REC00100,CLM00191,CUS00173,PRD00027,Television,HomePro,HOM-TEL-890,SN-73913833,2024-04-08,2025-11-27,2025-11-13,24,No,Display Failure,Manufacturing Defect,Yes,Yes,No,Yes,Yes,Not Applicable,No,0,Not Applicable,No,Not Applicable,Yes,Yes,No,No,No,1,140.4,0.0,0.83,Web,Manual Review,Safari,19,System,-0.98396,B0420
REC00838,CLM00192,CUS00327,PRD00654,Air Conditioner,ZenCore,ZEN-AIR-844,SN-64859583,2023-07-22,2024-06-22,2024-06-06,24,No,Cooling Failure,Internal Component Failure,Yes,Yes,Yes,Yes,Yes,Not Applicable,No,0,Not Applicable,No,Not Applicable,Unknown,Yes,No,No,No,0,601.57,0.0,0.889,Email,Manual Review,Safari,42,Light,-0.06385,B0200
REC00741,CLM00193,CUS00417,PRD00911,Air Conditioner,ZenCore,ZEN-AIR-456,SN-17519512,2025-05-30,2026-08-02,2026-07-29,12,No,Water Leakage,Electrical Failure,Yes,Yes,Yes,Yes,Yes,Yes,Yes,2,Yes,Yes,Yes,Yes,Yes,No,No,No,1,608.45,326.87,0.776,Service Center,Invalid Claim,MobileWebView,17,Dark,-0.70066,B0028
REC01283,CLM00194,CUS00079,PRD00147,Camera,PrimeView,PRI-CAM-276,SN-44837977,2024-08-10,2024-11-18,2024-11-09,24,No,Lens Failure,Normal Wear,Yes,Yes,Yes,Yes,Yes,Yes,Yes,1,Yes,No,Not Applicable,Yes,No,No,No,No,1,1107.3,82.23,0.523,Web,Invalid Claim,MobileWebView,5,System,0.07751,B0210
REC00023,CLM00195,CUS00198,PRD00448,Laptop,NovaTech,NOV-LAP-362,SN-82937129,2025-01-30,2025-10-17,2025-09-18,12,No,Overheating,Internal Component Failure,Yes,Yes,Yes,Yes,Yes,Not Applicable,No,0,Not Applicable,No,Not Applicable,Yes,Yes,No,No,No,1,407.39,0.0,0.823,Web,Valid Claim,MobileWebView,29,Light,-0.47222,B0211
REC01426,CLM00196,CUS00181,PRD00172,Washing Machine,PrimeView,PRI-WAS-320,SN-82471948,2025-10-01,2025-12-07,2025-11-19,24,No,Water Leakage,Normal Wear,Yes,Yes,Yes,Yes,Yes,Not Applicable,No,0,Not Applicable,Yes,Yes,Yes,Yes,No,No,No,1,217.98,0.0,0.468,Web,Invalid Claim,Chrome,7,Dark,-0.0313,B0735
REC01493,CLM00197,CUS00391,PRD00606,Laptop,NovaTech,NOV-LAP-861,SN-18927840,2025-08-19,2026-08-11,2026-07-28,24,No,Display Failure,Internal Component Failure,Yes,,Yes,Yes,Yes,Not Applicable,No,0,Not Applicable,Yes,Yes,Yes,Yes,No,No,No,0,508.27,0.0,0.968,Web,Valid Claim,Safari,13,System,-1.38448,B0851
REC00850,CLM00198,CUS00487,PRD00002,Air Conditioner,ZenCore,ZEN-AIR-241,SN-82494041,2025-09-11,2025-10-14,2025-09-26,12,No,Cooling Failure,Electrical Failure,Yes,Yes,,Yes,No,Not Applicable,No,0,Not Applicable,No,Not Applicable,Unknown,Yes,No,No,No,2,275.16,0.0,0.753,Web,Manual Review,Firefox,49,Light,-0.45761,B0502
REC-DUP-0043,CLM00199,CUS00521,PRD00321,Smartphone,NovaTech,NOV-SMA-894,SN-65971018,2025-04-20,2025-05-20,2025-05-11,24,No,Display Failure,Manufacturing Defect,Yes,Yes,Yes,Yes,Yes,Not Applicable,No,0,Not Applicable,No,Not Applicable,Yes,Yes,No,No,No,2,224.73,0.0,0.811,Service Center,Valid Claim,MobileWebView,33,Light,1.49681,B0081
REC00206,CLM00200,CUS00182,PRD00916,Television,HomePro,HOM-TEL-838,SN-86800193,2026-01-26,2026-02-10,2026-02-02,12,No,Connectivity Issue,Misuse,Yes,Yes,No,Yes,Yes,Not Applicable,No,0,Not Applicable,Yes,Yes,Yes,Yes,No,No,No,1,750.19,,0.955,Email,Invalid Claim,Edge,11,System,-1.05169,B0745
REC00063,CLM00201,CUS00282,PRD00378,Washing Machine,HomePro,HOM-WAS-321,SN-44445441,2024-07-13,2026-07-22,2026-07-12,24,Yes,Water Leakage,Manufacturing Defect,Yes,,Yes,Yes,,Not Applicable,No,0,Not Applicable,No,Not Applicable,Yes,Yes,No,No,No,1,220.04,0.0,0.957,Web,Valid Claim,Edge,46,System,0.98279,B0929
REC00943,CLM00202,CUS00324,PRD00640,Smartphone,NovaTech,NOV-SMA-826,SN-67736863,2024-09-19,2025-12-14,2025-12-09,12,No,Connectivity Issue,Electrical Failure,Yes,Yes,Yes,,Yes,Yes,Yes,3,No,No,Not Applicable,Yes,Yes,No,No,No,1,491.12,,0.758,Web,Invalid Claim,Firefox,28,Dark,0.45162,B0482
REC01302,CLM00203,CUS00323,PRD00276,Air Conditioner,HomePro,HOM-AIR-397,SN-26806211,2023-07-22,2024-08-17,2024-07-29,12,No,Cooling Failure,Water Damage,No,Yes,Yes,Yes,Yes,Not Applicable,No,0,Not Applicable,No,Not Applicable,Yes,Yes,No,No,No,0,1164.88,0.0,0.833,Service Center,Invalid Claim,Edge,40,Dark,1.20176,B0028
REC01368,CLM00204,CUS00024,PRD00614,Printer,PrimeView,PRI-PRI-606,SN-25125490,2024-01-30,2025-03-08,2023-11-22,36,No,Power Failure,Manufacturing Defect,Yes,Yes,Yes,No,Yes,Not Applicable,No,0,Not Applicable,No,Not Applicable,Yes,Yes,No,No,No,1,884.45,0.0,0.837,Service Center,Manual Review,Firefox,14,Light,-1.08449,B0167
REC00058,CLM00205,CUS00089,PRD00139,Laptop,NovaTech,NOV-LAP-468,SN-84212644,2024-11-27,2024-12-21,2024-12-07,24,No,Display Failure,Normal Wear,No,Yes,Yes,No,Yes,,No,0,Not Applicable,No,Not Applicable,Yes,Yes,No,No,No,0,593.33,0.0,0.897,Email,Invalid Claim,Firefox,25,Dark,0.35537,B0373
REC01274,CLM00206,CUS00248,PRD00079,Camera,Aster,AST-CAM-208,SN-86758441,2025-10-27,2026-07-09,2026-06-28,24,Yes,Battery Problem,Manufacturing Defect,Yes,Yes,Yes,Yes,Yes,Not Applicable,No,0,Not Applicable,No,Not Applicable,Yes,Yes,No,No,No,1,454.82,,0.787,Web,Valid Claim,Safari,42,Light,-0.27565,B0071
REC01319,CLM00207,CUS00688,PRD00311,Washing Machine,PrimeView,PRI-WAS-815,SN-31645912,2024-03-26,2025-08-05,2025-07-04,24,No,Noise,Manufacturing Defect,Yes,,Yes,Yes,No,,Yes,1,Yes,No,Not Applicable,Yes,Yes,No,No,No,0,157.01,596.17,0.749,Web,Invalid Claim,MobileWebView,44,System,-2.36063,B0347
REC01466,CLM00208,CUS00549,PRD00114,Air Conditioner,HomePro,HOM-AIR-786,SN-87023280,2024-11-22,2025-09-17,2025-09-14,24,No,Noise,Internal Component Failure,Yes,Yes,Yes,Yes,Yes,Yes,Yes,2,No,No,Not Applicable,Yes,Yes,No,Yes,No,0,313.23,187.5,0.579,Web,Invalid Claim,Chrome,13,Dark,0.56416,B0993
REC00892,CLM00209,CUS00431,PRD00191,Smartphone,NovaTech,NOV-SMA-195,SN-23849864,2023-03-05,2023-05-03,2023-04-27,36,Yes,Connectivity Issue,Manufacturing Defect,Yes,Yes,Yes,Yes,Yes,Yes,Yes,3,Yes,No,Not Applicable,Yes,Yes,No,No,No,0,275.03,155.4,0.807,Mobile App,Valid Claim,Firefox,31,System,-3.45312,B0124
REC00716,CLM00210,CUS00552,PRD00219,Smartphone,,NOV-SMA-912,SN-92466393,2023-02-03,2026-05-29,2026-05-26,24,No,Display Failure,Physical Damage,Yes,Yes,Yes,,,Not Applicable,No,0,Not Applicable,No,Not Applicable,Yes,Yes,No,No,No,0,1386.74,0.0,0.914,Service Center,Invalid Claim,Chrome,13,Light,1.38666,B0568
REC00858,CLM00211,CUS00073,PRD00284,Refrigerator,ZenCore,ZEN-REF-991,SN-64138287,2024-08-20,2025-08-27,2025-08-13,24,No,Mechanical Failure,Manufacturing Defect,Yes,Yes,Yes,Yes,Yes,Yes,Yes,1,Yes,No,Not Applicable,Yes,Yes,No,No,No,0,2378.99,503.56,0.843,Web,Valid Claim,Firefox,7,Dark,1.30683,B0290
REC01379,CLM00212,CUS00606,PRD00034,Laptop,ZenCore,ZEN-LAP-206,SN-16742451,2024-11-19,2026-07-25,2026-07-06,24,Yes,Overheating,Manufacturing Defect,Yes,Yes,,Yes,Yes,Not Applicable,No,0,Not Applicable,No,Not Applicable,Yes,Yes,No,No,No,0,918.58,0.0,0.589,Web,Manual Review,Safari,46,Dark,0.22301,B0379
REC01349,CLM00213,CUS00318,PRD00905,Laptop,ZenCore,ZEN-LAP-293,SN-73123882,2024-09-09,2025-11-24,2025-11-10,24,No,Connectivity Issue,Internal Component Failure,Yes,Yes,Yes,Yes,Yes,Not Applicable,No,0,Not Applicable,No,Not Applicable,Yes,Yes,No,No,No,1,61.14,0.0,,Mobile App,Valid Claim,Chrome,25,Light,-0.35949,B0046
REC01256,CLM00214,CUS00333,PRD00411,Camera,Aster,AST-CAM-530,SN-54294595,2025-03-02,2025-11-11,2025-10-22,12,No,Power Failure,Internal Component Failure,Yes,Yes,Yes,No,Yes,Not Applicable,No,0,Not Applicable,No,Not Applicable,Yes,Yes,No,No,No,1,2609.46,0.0,0.835,Mobile App,Manual Review,MobileWebView,15,Light,-0.87856,B0659
REC00285,CLM00215,CUS00608,PRD00713,Camera,Aster,AST-CAM-249,SN-38521778,2023-09-29,2025-04-30,2025-04-05,24,No,Battery Problem,Electrical Failure,Yes,No,No,Yes,Yes,Yes,Yes,2,Yes,No,Not Applicable,Yes,Yes,No,No,No,0,716.11,253.4,0.812,Web,Manual Review,Edge,4,System,0.04106,B0418
REC01128,CLM00216,CUS00445,PRD00440,Washing Machine,HomePro,HOM-WAS-385,SN-59320144,2023-03-03,2025-05-09,2025-04-07,24,Yes,Mechanical Failure,Accidental Damage,Yes,Yes,Yes,Yes,Yes,Not Applicable,No,0,Not Applicable,No,Not Applicable,Yes,Yes,No,No,No,0,911.36,0.0,0.922,Web,Invalid Claim,Edge,29,Dark,-0.28916,B0637
REC00694,CLM00217,CUS00302,PRD00576,Laptop,ZenCore,ZEN-LAP-843,SN-89157331,2024-10-06,2025-07-12,2025-06-23,36,No,Display Failure,Manufacturing Defect,Yes,Yes,Yes,Yes,Yes,Not Applicable,No,0,Not Applicable,No,Not Applicable,Yes,Yes,No,No,No,1,724.85,,0.766,Mobile App,Valid Claim,Safari,40,Light,1.08428,B0655
REC00729,CLM00218,CUS00096,PRD00615,Camera,PrimeView,PRI-CAM-534,SN-76025032,2024-09-04,2025-08-07,2025-07-17,24,No,Connectivity Issue,Internal Component Failure,No,No,Yes,Yes,Yes,,No,0,Not Applicable,No,Not Applicable,Yes,Yes,No,No,No,0,518.7,0.0,0.855,Web,Manual Review,Firefox,12,Dark,1.79465,B0876
REC00752,CLM00219,CUS00162,PRD00255,Smartphone,PrimeView,PRI-SMA-150,SN-29469330,2025-05-29,2026-08-06,2026-07-28,24,No,Display Failure,Electrical Failure,Yes,Yes,Yes,Yes,Yes,Not Applicable,No,0,Not Applicable,No,Not Applicable,Yes,Yes,No,No,No,0,339.1,0.0,0.977,Web,Valid Claim,MobileWebView,42,System,-1.02085,B0652
REC01218,CLM00220,CUS00606,PRD00035,Refrigerator,HomePro,HOM-REF-640,SN-77084890,2024-03-23,2026-04-04,2026-03-28,24,No,Cooling Failure,Physical Damage,Yes,,No,No,Yes,Yes,Yes,3,Unknown,No,Not Applicable,Yes,Yes,No,No,Yes,2,423.81,169.9,,Mobile App,Invalid Claim,Firefox,15,System,0.75418,B0838
REC00344,CLM00221,CUS00628,PRD00098,Air Conditioner,Aster,AST-AIR-777,SN-39531625,2023-12-04,2024-12-10,2024-11-11,24,No,Water Leakage,Manufacturing Defect,,Yes,Yes,No,Yes,Not Applicable,No,0,Not Applicable,No,Not Applicable,Yes,Yes,No,No,No,2,616.21,0.0,0.768,Mobile App,Manual Review,Safari,54,Light,0.97775,B0480
REC00524,CLM00222,CUS00100,PRD00551,Laptop,NovaTech,NOV-LAP-732,SN-90372407,2024-02-10,2025-10-17,2025-10-15,12,No,Power Failure,Electrical Failure,Yes,Yes,Yes,Yes,Yes,Not Applicable,No,0,Not Applicable,Yes,Yes,Unknown,Yes,No,No,No,1,183.91,0.0,0.758,Email,Invalid Claim,Firefox,41,Light,0.30236,B0169
REC00609,CLM00223,CUS00186,PRD00923,Printer,NovaTech,NOV-PRI-710,SN-16740754,2024-04-08,2026-04-17,2026-04-07,24,No,Mechanical Failure,Internal Component Failure,Yes,Yes,Yes,Yes,Yes,Not Applicable,No,0,Not Applicable,No,Not Applicable,Yes,Yes,No,No,No,0,73.74,0.0,0.771,Email,Invalid Claim,Firefox,30,Dark,0.45267,B0223
REC00133,CLM00224,CUS00356,PRD00926,Refrigerator,Aster,AST-REF-585,SN-15102752,2024-04-04,2026-03-29,2026-03-24,12,No,Cooling Failure,Internal Component Failure,Yes,Yes,Yes,Yes,Yes,Yes,Yes,3,Yes,No,Not Applicable,Yes,Yes,No,No,No,3,1230.06,437.47,0.894,Mobile App,Invalid Claim,Safari,28,System,0.51708,B0634
REC00159,CLM00225,CUS00661,PRD00553,Camera,PrimeView,PRI-CAM-849,SN-23077018,2023-04-11,2025-09-02,2025-07-29,24,No,Power Failure,Electrical Failure,Yes,Yes,Yes,Yes,Yes,Not Applicable,No,0,Not Applicable,No,Not Applicable,Yes,Yes,No,No,No,1,873.12,0.0,,Web,Invalid Claim,Firefox,57,System,-0.14356,B0848
REC00053,CLM00226,CUS00627,PRD00137,Washing Machine,PrimeView,PRI-WAS-148,SN-55984949,2025-07-01,2026-05-31,2026-05-02,24,No,Power Failure,Electrical Failure,Yes,Yes,Yes,Yes,Yes,Not Applicable,No,0,Not Applicable,No,Not Applicable,Yes,Yes,No,No,No,0,508.31,0.0,0.819,Service Center,Valid Claim,Edge,29,Dark,0.27594,B0681
REC00306,CLM00227,CUS00039,PRD00321,Washing Machine,PrimeView,PRI-WAS-167,SN-16151273,2023-12-16,2024-10-20,2024-09-24,12,No,Water Leakage,Accidental Damage,Yes,Yes,Yes,Yes,Yes,Not Applicable,No,0,Not Applicable,No,Not Applicable,Yes,Yes,No,No,No,2,,0.0,0.866,Web,Invalid Claim,Firefox,9,Dark,0.96695,B0286
REC00419,CLM00228,CUS00574,PRD00628,Smartphone,PrimeView,PRI-SMA-906,SN-89450512,2024-05-04,2026-04-12,2026-03-14,12,Yes,Overheating,Physical Damage,No,Yes,Yes,Yes,Yes,,Yes,1,Yes,No,Not Applicable,Yes,Yes,No,No,No,1,381.33,,0.969,Mobile App,Invalid Claim,Chrome,40,Light,0.91119,B0082
REC00039,CLM00229,CUS00042,PRD00001,Air Conditioner,HomePro,HOM-AIR-144,SN-69554114,2024-02-14,2026-09-10,2026-08-24,24,Yes,Power Failure,Internal Component Failure,Yes,Yes,Yes,Yes,Yes,Not Applicable,No,0,Not Applicable,No,Not Applicable,Unknown,No,No,No,No,3,1085.23,0.0,0.75,Service Center,Manual Review,Firefox,58,Dark,-0.67521,B0409
REC00766,CLM00230,CUS00258,PRD00237,Television,HomePro,HOM-TEL-452,SN-89090928,2023-11-19,2024-11-04,2024-10-20,36,No,Audio Failure,Accidental Damage,Yes,Yes,Yes,No,Yes,,No,0,Not Applicable,No,Not Applicable,Yes,Yes,No,No,No,0,289.18,0.0,0.984,Mobile App,Invalid Claim,MobileWebView,11,Light,0.45973,B0510
REC01487,CLM00231,CUS00497,PRD00781,Printer,HomePro,HOM-PRI-956,SN-75267276,2024-10-13,2025-04-29,2025-04-05,24,No,Paper Feed Failure,Misuse,Yes,Yes,Yes,Yes,Yes,Yes,Yes,2,Yes,No,Not Applicable,Yes,Yes,No,No,No,1,741.24,66.07,0.783,Web,Invalid Claim,Firefox,50,System,0.25363,B0866
REC01296,CLM00232,CUS00596,PRD00006,Refrigerator,ZenCore,ZEN-REF-864,SN-37311206,2024-09-24,2025-03-11,2025-03-03,36,No,Power Failure,Manufacturing Defect,Yes,Yes,Yes,Yes,Yes,Not Applicable,No,0,Not Applicable,No,Not Applicable,Yes,Yes,No,No,No,0,1182.69,0.0,0.611,Email,Manual Review,MobileWebView,44,Dark,1.12925,B0220
REC-DUP-0027,CLM00233,CUS00343,PRD00737,Washing Machine,HomePro,HOM-WAS-718,SN-55390285,2024-09-27,2026-04-10,2026-03-31,24,No,Noise,Electrical Failure,Yes,No,Yes,Yes,Yes,Yes,Yes,2,Yes,No,Not Applicable,Yes,Yes,No,No,No,0,387.17,560.37,0.797,Mobile App,Valid Claim,Edge,59,Dark,0.42768,B0631
REC00007,CLM00234,CUS00556,PRD00306,Printer,HomePro,HOM-PRI-444,SN-85443390,2025-05-07,2026-01-27,2026-01-16,24,Yes,Connectivity Issue,Physical Damage,Yes,Yes,Yes,Yes,Yes,Not Applicable,No,0,Not Applicable,Yes,Yes,Yes,No,No,No,No,2,176.36,0.0,0.607,Web,Invalid Claim,Firefox,8,System,-1.73773,B0397
REC01451,CLM00235,CUS00117,PRD00639,Camera,PrimeView,PRI-CAM-599,SN-32352954,2025-10-16,2026-04-03,2026-03-17,12,No,Display Failure,Internal Component Failure,Yes,Yes,Yes,Yes,Yes,Yes,Yes,2,Yes,No,Not Applicable,Yes,Yes,No,No,No,1,2008.72,431.14,,Mobile App,Valid Claim,MobileWebView,13,System,-0.34161,B0524
REC01178,CLM00236,CUS00149,PRD00447,Refrigerator,HomePro,HOM-REF-370,SN-20353162,2023-05-09,2024-09-11,2024-09-05,24,No,Water Leakage,Internal Component Failure,Yes,,Yes,Yes,Yes,Not Applicable,No,0,Not Applicable,No,Not Applicable,Yes,Yes,No,No,No,2,1458.42,0.0,0.676,Web,Manual Review,Safari,2,Light,-0.37693,B0821
REC00695,CLM00237,CUS00669,PRD00092,Laptop,ZenCore,ZEN-LAP-840,SN-63251267,2024-06-21,2026-02-07,2026-01-27,12,No,Power Failure,Manufacturing Defect,Yes,No,Yes,Yes,Yes,Not Applicable,No,0,Not Applicable,No,Not Applicable,Yes,Yes,No,No,No,2,221.2,0.0,0.809,Mobile App,Invalid Claim,Safari,53,Dark,1.45881,B0547
REC00269,CLM00238,CUS00265,PRD00200,Washing Machine,HomePro,HOM-WAS-389,SN-63492150,2024-01-18,2024-09-02,2024-08-21,12,No,Power Failure,Normal Wear,Yes,Yes,Yes,,No,Not Applicable,No,0,Not Applicable,No,Not Applicable,Yes,Yes,No,No,No,0,256.78,0.0,0.885,Mobile App,Invalid Claim,Edge,39,Dark,-0.92122,B0742
REC01282,CLM00239,CUS00412,PRD00104,Television,Aster,AST-TEL-927,SN-60138298,2024-07-28,2026-06-01,2026-05-08,24,No,Display Failure,Electrical Failure,Yes,Yes,Yes,Yes,Yes,Not Applicable,No,0,Not Applicable,No,Not Applicable,Yes,Yes,No,No,No,3,711.14,0.0,0.992,Mobile App,Valid Claim,Chrome,33,System,-1.04742,B0513
REC00426,CLM00240,CUS00527,PRD00836,Printer,NovaTech,NOV-PRI-156,SN-29232862,2023-01-10,2025-06-07,2025-06-03,12,No,Mechanical Failure,Internal Component Failure,Yes,,Yes,Yes,,Not Applicable,No,0,Not Applicable,No,Not Applicable,Unknown,Yes,No,Yes,No,0,107.27,0.0,0.993,Web,Invalid Claim,MobileWebView,46,System,0.79151,B0210
REC00592,CLM00241,CUS00685,PRD00384,Smartphone,Aster,AST-SMA-990,SN-53649498,2025-06-03,2025-10-14,2025-10-09,24,No,Connectivity Issue,Manufacturing Defect,Yes,Yes,Yes,Yes,No,Not Applicable,No,0,Not Applicable,No,Not Applicable,No,Yes,No,No,No,0,500.09,,0.966,Web,Invalid Claim,Edge,30,Dark,-0.76931,B0033
REC00957,CLM00242,CUS00056,PRD00773,Refrigerator,HomePro,HOM-REF-691,SN-83425330,2024-05-15,2024-07-09,2024-06-30,36,Yes,Noise,Manufacturing Defect,Yes,Yes,Yes,Yes,Yes,No,Yes,1,Yes,No,Not Applicable,Yes,No,No,No,No,1,247.88,426.9,0.955,Email,Manual Review,MobileWebView,15,Light,-0.31546,B0356
REC01037,CLM00243,CUS00185,PRD00421,Smartphone,NovaTech,NOV-SMA-863,SN-91860278,2023-07-11,2026-03-04,2026-03-01,24,No,Power Failure,Manufacturing Defect,Yes,Yes,Yes,Yes,Yes,Yes,Yes,1,Yes,No,Not Applicable,Yes,Yes,No,No,No,0,1073.65,,0.921,Web,Invalid Claim,Safari,38,System,0.56007,B0728
REC01117,CLM00244,CUS00153,PRD00574,Smartphone,PrimeView,PRI-SMA-633,,2025-09-21,2026-05-19,2026-04-12,24,No,Connectivity Issue,Internal Component Failure,,Yes,No,Yes,Yes,Not Applicable,No,0,Not Applicable,No,Not Applicable,Yes,Yes,No,No,No,0,315.37,0.0,0.896,Service Center,Invalid Claim,Chrome,10,Light,0.66684,B0205
REC01176,CLM00245,CUS00644,PRD00433,Smartphone,NovaTech,NOV-SMA-140,SN-15466099,2024-10-20,2025-04-02,2025-02-16,36,No,Display Failure,Manufacturing Defect,Yes,Yes,Yes,Yes,Yes,Yes,Yes,1,Yes,No,Not Applicable,Yes,Yes,No,No,No,0,936.66,635.56,0.928,Web,Invalid Claim,Firefox,37,Light,0.55565,B0086
REC01417,CLM00246,CUS00003,PRD00851,Camera,PrimeView,PRI-CAM-764,SN-84256716,2024-06-23,2026-07-24,2026-07-12,12,No,Connectivity Issue,Electrical Failure,Yes,Yes,Yes,Yes,Yes,Not Applicable,No,0,Not Applicable,No,Not Applicable,Yes,Yes,No,No,No,1,198.8,0.0,0.917,Mobile App,Invalid Claim,Safari,1,System,-1.01737,B0762
REC00018,CLM00247,CUS00056,PRD00274,Camera,PrimeView,PRI-CAM-568,SN-55811466,2023-03-27,2023-10-27,2023-10-20,24,No,Display Failure,Physical Damage,Yes,Yes,Yes,No,Yes,Not Applicable,No,0,Not Applicable,Yes,Yes,Yes,Yes,No,No,No,2,943.29,0.0,0.936,Service Center,Invalid Claim,Edge,46,Light,0.9883,B0151
REC00429,CLM00248,CUS00643,PRD00849,Refrigerator,HomePro,HOM-REF-524,SN-56663729,2025-03-26,2025-07-24,2025-06-26,24,No,Noise,Accidental Damage,Yes,Yes,Yes,Yes,,Not Applicable,No,0,Not Applicable,No,Not Applicable,Yes,Yes,No,No,No,1,,0.0,0.85,Web,Invalid Claim,MobileWebView,2,Light,-2.05482,B0014
REC01229,CLM00249,CUS00302,PRD00599,Refrigerator,ZenCore,ZEN-REF-844,SN-89629378,2023-10-12,2025-07-25,2025-06-18,24,No,Power Failure,Electrical Failure,Yes,Yes,Yes,Yes,Yes,,Yes,3,Yes,No,Not Applicable,Yes,Yes,No,No,No,1,323.36,331.11,0.839,Email,Invalid Claim,Firefox,19,System,-1.21744,B0492
REC01389,CLM00250,CUS00411,PRD00648,Television,PrimeView,PRI-TEL-793,SN-85869453,2025-04-07,2025-11-18,2025-11-03,12,No,Display Failure,Internal Component Failure,Yes,No,,Yes,Yes,,No,0,Not Applicable,No,Not Applicable,Yes,Yes,No,No,No,1,459.3,0.0,0.938,Web,Valid Claim,Chrome,9,Light,0.8178,B0716
REC00465,CLM00251,CUS00413,PRD00653,Television,HomePro,HOM-TEL-800,SN-35700115,2023-04-05,2025-01-25,2025-01-08,36,No,Audio Failure,Internal Component Failure,Yes,Yes,Yes,Yes,Yes,No,Yes,3,Yes,No,Not Applicable,Yes,Yes,No,No,No,1,1917.17,167.75,0.906,Mobile App,Valid Claim,Firefox,36,System,-0.89746,B0535
REC01460,CLM00252,CUS00511,PRD00537,Camera,Aster,AST-CAM-307,SN-72523863,2024-05-15,2026-02-26,2026-01-23,12,No,Battery Problem,Electrical Failure,Yes,,Yes,Yes,Yes,Yes,Yes,3,Yes,No,Not Applicable,Unknown,Yes,Yes,No,No,0,162.97,484.87,0.729,Service Center,Invalid Claim,Edge,3,System,-0.80346,B0377
REC00983,CLM00253,CUS00304,PRD00884,Printer,NovaTech,NOV-PRI-670,SN-92362881,2024-09-10,2025-03-15,2025-02-17,12,No,Connectivity Issue,Electrical Failure,Yes,Yes,Yes,Yes,Yes,Yes,Yes,3,Yes,No,Not Applicable,Yes,Yes,No,No,No,0,42.14,256.21,0.978,Mobile App,Valid Claim,Chrome,56,System,-0.81077,B0584
REC00478,CLM00254,CUS00636,PRD00219,Camera,NovaTech,NOV-CAM-770,SN-16274441,2025-01-15,2025-11-07,2025-11-03,12,No,Power Failure,Manufacturing Defect,Yes,Yes,Yes,Yes,Yes,Not Applicable,No,0,Not Applicable,No,Not Applicable,Yes,Yes,No,No,No,3,568.78,0.0,0.871,Web,Valid Claim,Edge,44,Light,1.13318,B0005
REC01035,CLM00255,CUS00103,PRD00415,Refrigerator,ZenCore,ZEN-REF-485,SN-60119215,2023-09-06,2025-04-15,2025-02-27,12,No,Water Leakage,Electrical Failure,Yes,,Yes,Yes,Yes,Yes,Yes,3,Yes,No,Not Applicable,Yes,Yes,No,No,No,1,1504.75,,0.82,Mobile App,Invalid Claim,MobileWebView,0,System,0.74213,B0802
REC00711,CLM00256,CUS00524,PRD00642,Laptop,Aster,AST-LAP-622,SN-58621216,2025-06-14,2025-08-01,2025-07-30,24,No,Overheating,Manufacturing Defect,Yes,Yes,Yes,Yes,Yes,Not Applicable,No,0,Not Applicable,No,Not Applicable,Yes,Yes,No,No,No,0,516.53,0.0,0.884,Mobile App,Valid Claim,Edge,13,Light,-1.0168,B0254
REC00665,CLM00257,CUS00057,PRD00021,Printer,PrimeView,PRI-PRI-641,SN-24833118,2026-01-24,2026-03-27,2026-03-15,24,Yes,Mechanical Failure,Electrical Failure,Yes,Yes,Yes,Yes,Yes,,No,99,Not Applicable,No,Not Applicable,Yes,Yes,No,No,No,0,286.1,0.0,0.887,Web,Valid Claim,MobileWebView,39,Light,1.49071,B0060
REC01067,CLM00258,CUS00549,PRD00072,Camera,NovaTech,NOV-CAM-215,SN-48852776,2025-06-25,2026-02-07,,24,No,Lens Failure,Internal Component Failure,Yes,Yes,Yes,Yes,Yes,Yes,Yes,1,Yes,No,Not Applicable,Yes,Yes,No,No,No,1,1509.16,,0.824,Service Center,Invalid Claim,Edge,8,Dark,-1.54941,B0561
REC00539,CLM00259,CUS00443,PRD00219,Washing Machine,ZenCore,ZEN-WAS-971,SN-94289683,2023-04-15,2023-08-06,2023-07-10,12,No,Power Failure,Electrical Failure,No,Yes,Yes,Yes,Yes,Not Applicable,No,0,Not Applicable,No,Not Applicable,Yes,Yes,No,No,No,0,354.69,0.0,0.735,Email,Manual Review,Firefox,4,Light,0.16375,B0591
REC00977,CLM00260,CUS00490,PRD00405,Air Conditioner,ZenCore,ZEN-AIR-930,SN-95472774,2025-01-12,2025-07-10,2025-05-01,12,No,Cooling Failure,Accidental Damage,Yes,Yes,Yes,Yes,Yes,Not Applicable,No,0,Not Applicable,Yes,No,Yes,Yes,No,No,Yes,4,94.51,0.0,0.715,Web,Invalid Claim,MobileWebView,51,Light,-0.01081,B0652
REC00875,CLM00261,CUS00315,PRD00454,Smartphone,NovaTech,NOV-SMA-300,SN-51113068,2023-11-08,2023-11-28,2023-11-22,24,No,Display Failure,Internal Component Failure,Yes,Yes,Yes,Yes,Yes,Yes,Yes,2,Yes,No,Not Applicable,Yes,Yes,No,No,No,0,825.56,223.6,0.763,Mobile App,Valid Claim,Firefox,10,System,-0.02755,B0028
REC00905,CLM00262,CUS00032,PRD00890,Television,HomePro,HOM-TEL-344,SN-14456093,2023-09-25,2026-05-27,2026-05-18,36,Yes,Power Failure,Water Damage,Yes,No,Yes,Yes,Yes,Not Applicable,No,0,Not Applicable,No,Not Applicable,Yes,Yes,No,No,No,1,555.23,0.0,0.789,Email,Invalid Claim,Edge,51,Dark,1.2962,B0244
REC00827,CLM00263,CUS00527,PRD00522,Refrigerator,ZenCore,ZEN-REF-638,SN-87879667,2024-07-23,2026-01-10,2025-12-18,24,No,Cooling Failure,Internal Component Failure,Yes,Yes,,Yes,No,Not Applicable,No,0,Not Applicable,No,Not Applicable,Yes,Yes,No,No,No,1,297.72,0.0,0.776,Web,Manual Review,Edge,28,Dark,-2.10825,B0839
REC01114,CLM00264,CUS00416,PRD00881,Television,HomePro,HOM-TEL-568,SN-25915653,2024-09-02,2025-04-04,2025-03-30,12,No,Connectivity Issue,Internal Component Failure,Yes,No,Yes,Yes,Yes,Not Applicable,No,0,Not Applicable,No,Not Applicable,Yes,Yes,No,No,No,1,1117.14,0.0,0.836,Web,Valid Claim,Safari,19,Dark,-0.21056,B0672
REC00216,CLM00265,CUS00223,PRD00155,Printer,HomePro,HOM-PRI-746,SN-35663916,2025-11-18,2025-12-22,2025-12-01,12,No,Paper Feed Failure,Internal Component Failure,Yes,Yes,Yes,Yes,Yes,Not Applicable,No,0,Not Applicable,Yes,No,Yes,Yes,No,No,No,1,410.51,0.0,0.598,Web,Manual Review,MobileWebView,7,Light,1.5549,B0008
REC00171,CLM00266,CUS00405,PRD00882,Printer,NovaTech,NOV-PRI-401,SN-18931153,2023-01-26,2026-07-02,2026-06-15,12,No,Mechanical Failure,Manufacturing Defect,Yes,Yes,No,Yes,No,Not Applicable,No,0,Not Applicable,No,Not Applicable,Yes,Yes,No,No,No,0,184.47,0.0,0.924,Mobile App,Invalid Claim,Safari,54,Light,-1.12002,B0869
REC00301,CLM00267,CUS00497,PRD00899,Smartphone,NovaTech,NOV-SMA-299,SN-42709319,2023-12-16,2024-05-14,2024-05-05,36,No,Battery Problem,Water Damage,Yes,Yes,Yes,Yes,No,,No,0,Not Applicable,No,Not Applicable,Yes,Yes,No,No,No,0,394.08,,0.877,Web,Invalid Claim,Safari,28,System,-1.24397,B0085
REC00626,CLM00268,CUS00350,PRD00929,Smartphone,NovaTech,NOV-SMA-676,SN-45955248,2023-12-18,2024-07-27,2024-07-15,36,Yes,Battery Problem,Electrical Failure,Yes,No,Yes,Yes,No,Not Applicable,No,0,Not Applicable,No,Not Applicable,Yes,Yes,No,No,No,0,274.72,0.0,0.832,Web,Manual Review,Chrome,32,System,0.63753,B0148
REC01496,CLM00269,CUS00510,PRD00986,Washing Machine,ZenCore,ZEN-WAS-245,SN-81382675,2023-01-27,2024-02-05,2024-01-25,24,No,Power Failure,Electrical Failure,Yes,,Yes,Yes,Yes,Not Applicable,No,0,Not Applicable,No,Not Applicable,Yes,Yes,No,No,No,2,882.84,0.0,0.483,Web,Manual Review,MobileWebView,17,Dark,-0.26546,B0216
REC00218,CLM00270,CUS00199,PRD00903,Refrigerator,HomePro,HOM-REF-559,SN-64498040,2025-10-16,2026-03-10,2026-03-09,24,No,Mechanical Failure,Electrical Failure,Yes,Yes,Yes,Yes,Yes,Not Applicable,No,0,Not Applicable,No,Not Applicable,Yes,Yes,No,No,No,0,561.72,0.0,0.772,Mobile App,Valid Claim,Safari,29,System,0.05903,B0539
REC01172,CLM00271,CUS00250,PRD00713,Air Conditioner,HomePro,HOM-AIR-168,SN-87840036,2023-05-15,2023-12-18,2023-12-17,12,Yes,Noise,Internal Component Failure,Yes,Yes,Yes,Yes,Yes,Not Applicable,No,0,Not Applicable,No,Not Applicable,Yes,Yes,No,No,No,0,253.71,0.0,0.969,Service Center,Valid Claim,Chrome,26,Dark,3.16674,B0132
REC00527,CLM00272,CUS00080,PRD00429,Refrigerator,Aster,AST-REF-918,SN-19489032,2025-09-01,2026-08-15,2026-07-27,24,Yes,Power Failure,Manufacturing Defect,Yes,Yes,Yes,Yes,Yes,Not Applicable,No,0,Not Applicable,No,Not Applicable,Yes,Yes,No,No,No,0,849.81,0.0,0.904,Service Center,Valid Claim,Chrome,58,Light,-1.21753,B0888
REC01166,CLM00273,CUS00667,PRD00204,Camera,PrimeView,PRI-CAM-330,,2024-11-17,2026-01-09,2025-12-10,12,No,Display Failure,Manufacturing Defect,Yes,Yes,Yes,Yes,Yes,,No,0,Not Applicable,No,Not Applicable,Yes,Yes,Yes,No,No,0,1405.91,0.0,0.905,Mobile App,Invalid Claim,Edge,35,System,1.78462,B0636
REC00900,CLM00274,CUS00348,PRD00599,Laptop,Aster,AST-LAP-572,SN-61817804,2025-08-17,2026-06-17,2026-06-01,24,Yes,Battery Problem,Internal Component Failure,Yes,Yes,Yes,,Yes,Not Applicable,No,0,Not Applicable,No,Not Applicable,Yes,Yes,No,No,No,1,364.71,0.0,0.78,Mobile App,Valid Claim,Chrome,31,Dark,-1.13364,B0123
REC00497,CLM00275,CUS00648,PRD00493,Washing Machine,ZenCore,ZEN-WAS-724,SN-29976722,2024-12-25,2026-03-07,2026-02-12,24,No,Power Failure,Manufacturing Defect,Yes,No,Yes,Yes,Yes,Not Applicable,No,0,Not Applicable,Yes,Yes,Yes,No,No,No,No,0,839.15,0.0,0.873,Web,Manual Review,Chrome,23,Dark,0.21428,B0283
REC00400,CLM00276,CUS00606,PRD00192,Camera,NovaTech,NOV-CAM-177,SN-40802835,,2025-07-08,2025-06-22,24,No,Battery Problem,Accidental Damage,Yes,Yes,Yes,Yes,Yes,Not Applicable,No,0,Not Applicable,No,Not Applicable,Yes,Yes,No,No,No,1,1046.94,0.0,0.883,Mobile App,Invalid Claim,MobileWebView,50,Light,0.31586,B0002
REC00998,CLM00277,CUS00402,PRD00374,Television,PrimeView,PRI-TEL-311,SN-44335673,2023-02-05,2024-07-15,2024-07-04,24,Yes,Power Failure,Normal Wear,Yes,Yes,Yes,Yes,Yes,Not Applicable,No,0,Not Applicable,No,Not Applicable,Yes,Yes,No,No,No,1,390.1,0.0,0.96,Web,Invalid Claim,MobileWebView,40,Light,1.13652,B0921
REC00928,CLM00278,CUS00028,PRD00541,Camera,NovaTech,NOV-CAM-373,SN-94130797,2025-04-16,2025-06-01,2025-05-13,24,No,Connectivity Issue,Internal Component Failure,Yes,,Yes,Yes,Yes,No,Yes,3,Yes,No,Not Applicable,Yes,Yes,No,No,No,0,946.14,206.1,0.986,Web,Valid Claim,MobileWebView,3,System,1.05647,B0011
REC01100,CLM00279,CUS00096,PRD00095,Printer,HomePro,HOM-PRI-616,SN-19740736,2023-12-04,2026-05-29,2026-05-25,24,No,Power Failure,Internal Component Failure,No,,Yes,Yes,Yes,Not Applicable,No,0,Not Applicable,No,Not Applicable,Yes,Yes,No,No,No,1,245.88,0.0,0.989,Web,Invalid Claim,Safari,28,Light,-1.08359,B0520
REC00782,CLM00280,CUS00456,PRD00863,Printer,NovaTech,NOV-PRI-819,SN-51438123,2023-03-13,2023-09-09,2023-08-30,12,No,Power Failure,Internal Component Failure,Yes,Yes,,Yes,Yes,Yes,Yes,2,Yes,No,Not Applicable,Yes,Yes,No,No,No,1,792.32,,0.878,Mobile App,Valid Claim,Edge,55,Dark,-1.4667,B0819
REC01469,CLM00281,CUS00497,PRD00994,Laptop,Aster,AST-LAP-176,SN-66864916,2023-10-29,2026-08-01,2026-07-30,24,Yes,Overheating,Misuse,Yes,Yes,Yes,Yes,Yes,Not Applicable,No,0,Not Applicable,Yes,Yes,Yes,Yes,No,No,No,0,1058.04,,0.822,Mobile App,Invalid Claim,Firefox,47,Light,1.29226,B0792
REC01038,CLM00282,CUS00518,PRD00481,Washing Machine,HomePro,HOM-WAS-643,SN-11370623,2026-01-10,2026-07-30,2026-07-29,12,No,Mechanical Failure,Electrical Failure,Yes,Yes,Yes,Yes,Yes,,No,0,Not Applicable,No,Not Applicable,Yes,Yes,No,No,No,0,143.53,0.0,0.48,Service Center,Manual Review,Safari,21,System,0.43302,B0130
REC00238,CLM00283,CUS00258,PRD00358,Camera,Aster,AST-CAM-416,SN-32760884,2026-02-05,2026-06-16,2026-05-30,24,No,Lens Failure,Water Damage,Yes,No,No,,Yes,Not Applicable,No,0,Not Applicable,No,Not Applicable,Yes,Yes,No,No,No,1,1180.26,,0.862,Mobile App,Invalid Claim,MobileWebView,42,Light,-0.51929,B0257
REC00229,CLM00284,CUS00483,PRD00043,Refrigerator,HomePro,HOM-REF-660,SN-98456930,2024-03-01,2024-03-30,2024-03-24,12,No,Cooling Failure,Normal Wear,Yes,Yes,Yes,Yes,Yes,Not Applicable,No,0,Not Applicable,No,Not Applicable,Yes,Yes,No,No,No,1,385.32,0.0,0.948,Web,Invalid Claim,Chrome,45,Light,0.63118,B0883
REC01199,CLM00285,CUS00329,PRD00573,Laptop,Aster,AST-LAP-202,SN-91233175,2023-10-07,2023-12-01,2023-12-01,24,No,Overheating,Physical Damage,Yes,Yes,Yes,Yes,Yes,No,Yes,3,Yes,No,Not Applicable,Yes,Yes,No,No,No,1,1258.92,313.8,0.861,Service Center,Invalid Claim,Edge,20,System,0.70924,B0111
REC01264,CLM00286,CUS00159,PRD00596,Refrigerator,Aster,AST-REF-442,SN-63649245,2024-07-26,2025-01-12,2025-01-02,12,No,Cooling Failure,Electrical Failure,Yes,No,Yes,Yes,Yes,Yes,Yes,1,Unknown,No,Not Applicable,Yes,Yes,No,No,No,0,1125.25,,0.809,Service Center,Manual Review,Safari,38,Dark,-0.71962,B0748
REC00475,CLM00287,CUS00238,PRD00212,Television,HomePro,HOM-TEL-556,SN-97281887,2024-05-07,2025-11-14,2025-10-28,24,No,Audio Failure,Normal Wear,,Yes,,Yes,Yes,Not Applicable,No,0,Not Applicable,No,Not Applicable,Yes,Yes,No,No,No,0,571.32,0.0,0.956,Web,Invalid Claim,Edge,43,System,-0.55871,B0949
REC01250,CLM00288,CUS00695,PRD00996,Air Conditioner,HomePro,HOM-AIR-628,SN-96785627,2023-12-21,2024-10-26,2024-10-15,12,No,Power Failure,Accidental Damage,Yes,Yes,Yes,Yes,Yes,No,Yes,3,Unknown,No,Not Applicable,Unknown,Yes,No,No,No,3,366.89,238.78,0.93,Web,Invalid Claim,MobileWebView,39,Dark,0.6311,B0681
REC00138,CLM00289,CUS00051,PRD00033,Laptop,ZenCore,ZEN-LAP-164,SN-86839711,2023-08-30,2023-12-18,2023-11-23,24,No,Battery Problem,Electrical Failure,No,Yes,Yes,Yes,No,Not Applicable,No,0,Not Applicable,No,Not Applicable,Yes,No,No,No,No,0,233.2,0.0,0.95,Mobile App,Manual Review,Firefox,54,Dark,-0.48154,B0471
REC00113,CLM00290,CUS00308,PRD00752,Television,PrimeView,PRI-TEL-424,SN-71549193,2024-08-28,2026-03-09,2026-02-17,12,No,Display Failure,Normal Wear,Yes,Yes,Yes,Yes,Yes,No,Yes,2,Yes,No,Not Applicable,Yes,Yes,No,No,No,1,463.89,460.37,0.751,Email,Invalid Claim,Chrome,26,System,-0.11761,B0398
REC00179,CLM00291,CUS00343,PRD00226,Printer,HomePro,HOM-PRI-248,SN-57201591,2023-11-14,2024-04-26,2024-04-10,24,No,Mechanical Failure,Internal Component Failure,Yes,Yes,Yes,Yes,Yes,Not Applicable,No,0,Not Applicable,No,Not Applicable,Yes,Yes,No,No,No,0,475.15,0.0,0.84,Mobile App,Valid Claim,Safari,21,Light,-2.77317,B0143
REC01047,CLM00292,CUS00468,PRD00820,Washing Machine,ZenCore,ZEN-WAS-708,SN-59894274,2023-02-14,2024-12-26,2024-12-10,24,Yes,Noise,Manufacturing Defect,Yes,Yes,Yes,Yes,Yes,Not Applicable,No,0,Not Applicable,No,Not Applicable,Yes,Yes,No,No,No,2,876.64,0.0,0.912,Service Center,Valid Claim,Firefox,56,System,-1.18867,B0574
REC01171,CLM00293,CUS00130,PRD00907,Printer,PrimeView,PRI-PRI-943,SN-72821062,2023-05-05,2025-04-13,2025-03-13,24,No,Power Failure,Internal Component Failure,Yes,Yes,Yes,Yes,Yes,Not Applicable,No,0,Not Applicable,No,Not Applicable,Yes,Yes,No,No,No,0,576.47,0.0,0.752,Mobile App,Invalid Claim,Edge,47,Dark,0.9372,B0477
REC00130,CLM00294,CUS00514,PRD00543,Air Conditioner,ZenCore,ZEN-AIR-355,SN-84049440,2025-02-25,2025-12-26,2025-12-23,36,No,Cooling Failure,Manufacturing Defect,Yes,Yes,Yes,Yes,Yes,Not Applicable,No,0,Not Applicable,No,Not Applicable,Yes,Yes,No,No,No,0,1519.25,,0.546,Web,Manual Review,Chrome,51,Dark,-0.60033,B0789
REC01073,CLM00295,CUS00604,PRD00678,Refrigerator,HomePro,HOM-REF-418,SN-98726862,2024-05-25,2025-04-30,2025-04-23,24,Yes,Cooling Failure,Normal Wear,Yes,,Yes,Yes,Yes,Not Applicable,No,0,Not Applicable,No,Not Applicable,Yes,Yes,No,No,No,0,713.66,0.0,0.9,Email,Invalid Claim,Safari,27,System,-0.02532,B0842
REC01484,CLM00296,CUS00254,PRD00691,Washing Machine,HomePro,HOM-WAS-353,SN-75167908,2025-08-19,2026-08-09,2026-07-24,24,No,Noise,Manufacturing Defect,Yes,Yes,Yes,No,Yes,Not Applicable,No,0,Not Applicable,No,Not Applicable,Yes,Yes,No,No,No,1,1004.84,0.0,0.823,Web,Manual Review,MobileWebView,29,Dark,0.15376,B0293
REC00909,CLM00297,CUS00040,PRD00197,Printer,PrimeView,PRI-PRI-805,SN-30909554,2024-09-18,2025-01-14,2025-01-06,36,No,Paper Feed Failure,Internal Component Failure,No,No,Yes,Yes,Yes,Not Applicable,No,0,Not Applicable,No,Not Applicable,Yes,Yes,No,No,No,0,103.54,0.0,0.908,Web,Manual Review,MobileWebView,50,Light,-1.88004,B0851
REC00341,CLM00298,CUS00460,PRD00437,Air Conditioner,ZenCore,ZEN-AIR-100,SN-74825386,2025-09-16,2025-12-22,2025-12-11,24,No,Cooling Failure,Internal Component Failure,Yes,Yes,Yes,Yes,Yes,Not Applicable,No,0,Not Applicable,No,Not Applicable,Yes,Yes,No,No,No,1,899.95,0.0,0.831,Web,Valid Claim,Safari,57,Light,-0.61457,B0121
REC01185,CLM00299,CUS00039,PRD00390,Refrigerator,HomePro,HOM-REF-589,SN-81080264,2025-10-27,,2025-12-13,24,No,Noise,Electrical Failure,Yes,Yes,Yes,Yes,No,,No,0,Not Applicable,No,Not Applicable,Yes,Yes,No,No,No,1,1430.43,0.0,0.973,Email,Manual Review,Firefox,7,System,-0.93143,B0577
REC00872,CLM00300,CUS00508,PRD00186,Air Conditioner,ZenCore,ZEN-AIR-867,SN-79701919,2023-06-18,2024-06-28,2024-06-19,24,No,Cooling Failure,Manufacturing Defect,Yes,Yes,Yes,Yes,Yes,Yes,Yes,2,Yes,No,Not Applicable,Yes,Yes,No,No,No,1,312.01,642.31,0.819,Mobile App,Valid Claim,MobileWebView,49,System,1.06528,B0686
REC01066,CLM00301,CUS00043,PRD00477,Camera,NovaTech,NOV-CAM-250,SN-83742010,2025-12-25,2026-01-29,2026-01-04,36,No,Connectivity Issue,Water Damage,Yes,Yes,Yes,Yes,Yes,Not Applicable,No,0,Not Applicable,Yes,Yes,Yes,Yes,No,No,No,1,1328.25,0.0,0.869,Web,Invalid Claim,MobileWebView,19,Dark,0.48162,B0868
REC00086,CLM00302,CUS00025,PRD00403,Smartphone,Aster,AST-SMA-800,SN-24258800,2026-01-26,2026-07-19,2026-07-15,24,No,Connectivity Issue,Accidental Damage,Yes,Yes,Yes,Yes,Yes,Yes,Yes,3,Yes,No,Not Applicable,No,Yes,No,No,No,1,618.33,264.63,0.787,Web,Invalid Claim,MobileWebView,30,System,-0.37273,B0040
REC01133,CLM00303,CUS00163,PRD00215,Washing Machine,PrimeView,PRI-WAS-342,SN-30321713,2025-12-14,2026-08-05,2026-07-16,24,No,Power Failure,Electrical Failure,Yes,Yes,Yes,No,Yes,Yes,Yes,2,Yes,No,Not Applicable,Yes,Yes,No,Yes,No,0,563.38,120.68,0.977,Web,Manual Review,Safari,43,System,-0.10162,B0687
REC00012,CLM00304,CUS00599,PRD00649,Refrigerator,Aster,AST-REF-672,SN-45782446,2023-11-15,2024-10-27,2024-10-18,24,No,Noise,Electrical Failure,Yes,Yes,Yes,Yes,Yes,No,Yes,1,Yes,No,Not Applicable,Yes,Yes,No,No,No,0,1494.11,550.64,0.826,Web,Valid Claim,Firefox,10,System,0.35249,B0456
REC00779,CLM00305,CUS00232,PRD00134,Washing Machine,PrimeView,PRI-WAS-144,SN-82170483,2024-12-04,2026-05-01,2026-04-23,36,Yes,Power Failure,Internal Component Failure,Yes,Yes,Yes,Yes,Yes,Not Applicable,No,0,Not Applicable,No,Not Applicable,Yes,Yes,No,No,No,2,377.53,0.0,0.831,Web,Valid Claim,Firefox,23,Light,-0.97137,B0717
REC01124,CLM00306,CUS00207,PRD00037,Air Conditioner,Aster,AST-AIR-816,SN-44551767,2025-07-14,2026-05-04,2026-04-09,12,Yes,Water Leakage,Electrical Failure,No,Yes,Yes,Yes,No,Not Applicable,No,0,Not Applicable,No,Not Applicable,Yes,Yes,No,No,No,0,154.1,0.0,0.826,Web,Manual Review,Chrome,46,System,1.60541,B0249
REC00140,CLM00307,CUS00370,PRD00033,Smartphone,NovaTech,NOV-SMA-358,SN-19938490,2025-10-08,2026-06-25,2026-06-02,36,No,Display Failure,Internal Component Failure,Yes,Yes,Yes,Yes,Yes,Yes,Yes,1,Yes,No,Not Applicable,Yes,Yes,No,No,No,0,285.77,,0.807,Service Center,Valid Claim,Firefox,25,System,1.46911,B0578
REC00767,CLM00308,CUS00691,PRD00872,Laptop,Aster,AST-LAP-530,SN-84128331,2023-07-20,2026-04-06,2026-03-28,36,No,Power Failure,Internal Component Failure,Yes,Yes,Yes,No,No,Not Applicable,No,0,Not Applicable,No,Not Applicable,Yes,Yes,No,No,No,3,855.33,0.0,0.898,Mobile App,Manual Review,Firefox,58,Light,0.32589,B0701
REC00222,CLM00309,CUS00262,PRD00364,Washing Machine,PrimeView,PRI-WAS-748,SN-29246652,2023-05-05,2025-09-28,2025-09-18,24,No,Mechanical Failure,Manufacturing Defect,Yes,Yes,Yes,Yes,Yes,Not Applicable,No,0,Not Applicable,No,Not Applicable,Yes,Yes,No,No,No,0,1005.81,0.0,0.926,Web,Invalid Claim,MobileWebView,17,System,-1.28274,B0769
REC00566,CLM00310,CUS00479,PRD00891,Washing Machine,HomePro,HOM-WAS-184,SN-34322043,2024-01-07,2025-05-02,2025-04-30,24,No,Water Leakage,Accidental Damage,Yes,Yes,Yes,Yes,Yes,Not Applicable,No,0,Not Applicable,No,Not Applicable,Yes,Yes,No,No,No,0,155.22,0.0,0.853,Service Center,Invalid Claim,Edge,36,System,0.09389,B0678
REC00367,CLM00311,CUS00461,PRD00646,Television,PrimeView,PRI-TEL-226,SN-85097649,2024-07-22,2025-04-13,2025-03-27,12,No,Power Failure,Internal Component Failure,Yes,Yes,No,Yes,,Yes,Yes,1,Yes,No,Not Applicable,Yes,Yes,No,No,No,1,2494.95,476.83,0.888,Service Center,Manual Review,MobileWebView,10,System,0.288,B0081
REC01477,CLM00312,CUS00345,PRD00132,Air Conditioner,HomePro,HOM-AIR-496,SN-63838613,2026-01-24,2026-09-02,2026-08-11,36,Yes,Water Leakage,Manufacturing Defect,Yes,Yes,Yes,Yes,Yes,Not Applicable,No,0,Not Applicable,No,Not Applicable,Yes,Yes,No,No,No,1,1545.81,0.0,0.95,Web,Valid Claim,Chrome,33,System,1.67076,B0938
REC01115,CLM00313,CUS00162,PRD00959,Air Conditioner,HomePro,HOM-AIR-394,SN-40744686,2025-06-12,2026-08-14,2026-08-01,36,No,Noise,Manufacturing Defect,Yes,Yes,Yes,Yes,Yes,Not Applicable,No,0,Not Applicable,No,Not Applicable,Yes,Yes,No,No,No,1,,0.0,0.908,Mobile App,Valid Claim,Edge,11,System,0.19338,B0095
REC00312,CLM00314,CUS00493,PRD00495,Printer,NovaTech,NOV-PRI-748,SN-94487264,2023-11-14,2024-04-10,2024-03-28,36,No,Connectivity Issue,Internal Component Failure,,Yes,Yes,Yes,Yes,Not Applicable,No,0,Not Applicable,No,Not Applicable,Yes,Yes,No,No,Yes,0,110.0,0.0,0.58,Web,Manual Review,Safari,43,System,0.00931,B0090
REC00671,CLM00315,CUS00462,PRD00928,Air Conditioner,ZenCore,ZEN-AIR-485,SN-35969803,2023-09-11,2024-04-08,2024-03-16,36,Yes,Cooling Failure,Manufacturing Defect,Yes,Yes,Yes,Yes,No,Not Applicable,No,0,Not Applicable,Yes,No,Yes,Yes,No,Yes,No,0,290.84,0.0,0.858,Service Center,Manual Review,Safari,8,System,-1.42475,B0797
REC00939,CLM00316,CUS00417,PRD00861,Smartphone,Aster,AST-SMA-865,SN-41903996,2025-09-26,2026-05-24,2026-05-11,12,No,Battery Problem,Electrical Failure,Yes,No,Yes,Yes,Yes,Not Applicable,No,0,Not Applicable,No,Not Applicable,Yes,Yes,No,No,No,1,857.22,0.0,0.802,Mobile App,Valid Claim,Firefox,42,System,1.21423,B0789
REC01403,CLM00317,CUS00569,PRD00563,Air Conditioner,HomePro,HOM-AIR-373,SN-36404560,2024-02-01,2024-12-10,2024-12-05,12,No,Noise,Electrical Failure,Yes,No,Yes,Yes,No,Not Applicable,No,0,Not Applicable,No,Not Applicable,Yes,Yes,No,No,No,0,656.53,0.0,0.862,Service Center,Manual Review,MobileWebView,11,System,-0.90454,B0203
REC00043,CLM00318,CUS00188,PRD00022,Washing Machine,HomePro,HOM-WAS-889,SN-74070769,2023-11-15,2025-05-27,2025-05-22,24,No,Water Leakage,Water Damage,Yes,,Yes,Yes,Yes,Not Applicable,No,0,Not Applicable,No,Not Applicable,Yes,Yes,No,No,No,0,217.77,0.0,0.774,Mobile App,Invalid Claim,Edge,50,System,1.05413,B0883
REC00026,CLM00319,CUS00028,PRD00150,Smartphone,NovaTech,NOV-SMA-705,SN-93925276,2024-04-10,2024-08-22,2024-07-11,36,No,Battery Problem,Accidental Damage,Yes,Yes,Yes,Yes,Yes,Not Applicable,No,0,Not Applicable,No,Not Applicable,Yes,Yes,No,No,No,2,1239.96,0.0,0.806,Email,Invalid Claim,MobileWebView,34,Dark,0.7017,B0423
REC00153,CLM00320,CUS00334,PRD00173,Camera,Aster,AST-CAM-767,SN-51287878,2023-10-20,2025-03-17,2025-02-20,24,No,Power Failure,Internal Component Failure,Yes,Yes,Yes,Yes,Yes,Not Applicable,No,0,Not Applicable,No,Not Applicable,Yes,Yes,No,No,No,0,1875.98,0.0,0.952,Email,Valid Claim,Safari,26,Dark,1.30867,B0382
REC01462,CLM00321,CUS00078,PRD00347,Printer,NovaTech,NOV-PRI-298,SN-33245755,2024-07-02,2024-08-27,2024-08-01,12,Yes,Connectivity Issue,Water Damage,Yes,Yes,Yes,Yes,Yes,Not Applicable,No,0,Not Applicable,No,Not Applicable,Yes,Yes,No,No,No,2,251.0,0.0,0.852,Email,Invalid Claim,Chrome,53,System,1.1448,B0436
REC00572,CLM00322,CUS00647,PRD00694,Air Conditioner,ZenCore,ZEN-AIR-775,SN-43673678,2023-08-05,2026-04-13,2026-04-04,,No,Noise,Internal Component Failure,Yes,,Yes,No,Yes,,No,0,Not Applicable,No,Not Applicable,Yes,Yes,No,No,No,1,1358.42,0.0,0.986,Service Center,Invalid Claim,Safari,41,Dark,1.74529,B0658
REC00859,CLM00323,CUS00040,PRD00413,Smartphone,PrimeView,PRI-SMA-899,SN-73431038,2025-01-21,2026-03-11,2026-02-21,24,No,Display Failure,Electrical Failure,Yes,Yes,Yes,Yes,Yes,Not Applicable,No,0,Not Applicable,No,Not Applicable,Yes,Yes,No,No,No,1,252.28,0.0,0.721,Mobile App,Valid Claim,Chrome,34,System,-0.51896,B0852
REC00793,CLM00324,CUS00479,PRD00522,Washing Machine,ZenCore,ZEN-WAS-426,SN-52602089,2024-05-13,2025-06-06,2025-05-31,12,No,Water Leakage,Internal Component Failure,No,No,Yes,,Yes,Not Applicable,No,0,Not Applicable,No,Not Applicable,Yes,Yes,No,No,No,0,,0.0,0.912,Mobile App,Invalid Claim,Edge,45,Dark,-0.82393,B0129
REC01082,CLM00325,CUS00064,PRD00227,Laptop,NovaTech,NOV-LAP-570,SN-96270519,2024-02-05,2024-07-15,2024-06-11,12,Yes,Power Failure,Electrical Failure,Yes,Yes,Yes,No,Yes,Not Applicable,No,0,Not Applicable,No,Not Applicable,Yes,Yes,No,No,No,1,734.32,0.0,0.782,Mobile App,Invalid Claim,Firefox,44,System,-1.0571,B0271
REC00002,CLM00326,CUS00070,PRD00251,Printer,HomePro,HOM-PRI-219,SN-70052792,2023-03-10,2023-05-03,2023-04-21,36,No,Mechanical Failure,Normal Wear,Yes,No,Yes,Yes,Yes,Not Applicable,No,0,Not Applicable,Yes,No,Yes,Yes,No,No,No,0,64.92,0.0,0.823,Service Center,Invalid Claim,Edge,25,Dark,0.48949,B0115
REC01238,CLM00327,CUS00141,PRD00142,Printer,PrimeView,PRI-PRI-770,SN-81638086,2024-09-24,2026-08-21,2026-07-19,12,No,Power Failure,Manufacturing Defect,Yes,Yes,Yes,Yes,No,Not Applicable,No,0,Not Applicable,No,Not Applicable,Yes,Yes,No,No,Yes,0,186.86,0.0,0.892,Email,Invalid Claim,MobileWebView,40,Dark,-0.19999,B0154
REC00275,CLM00328,CUS00309,PRD00092,Television,HomePro,HOM-TEL-991,SN-46640151,2023-05-09,2025-09-29,2025-09-20,12,No,Connectivity Issue,Manufacturing Defect,Yes,Yes,Yes,Yes,Yes,Not Applicable,No,0,Not Applicable,No,Not Applicable,Yes,Yes,No,No,No,1,1284.28,0.0,0.888,Web,Invalid Claim,Safari,50,Light,0.83141,B0716
REC00299,CLM00329,CUS00185,PRD00621,Television,HomePro,HOM-TEL-303,SN-90433087,2023-02-21,2024-04-09,2024-03-21,24,No,Connectivity Issue,Internal Component Failure,Yes,Yes,Yes,,Yes,Yes,Yes,3,Yes,No,Not Applicable,Yes,Yes,No,No,No,1,78.04,84.67,0.743,Email,Valid Claim,MobileWebView,2,Light,-0.15955,B0256
REC00624,CLM00330,CUS00658,PRD00367,Refrigerator,HomePro,HOM-REF-434,SN-57738453,2023-08-18,2025-07-22,2025-06-29,24,No,Water Leakage,Electrical Failure,Yes,Yes,Yes,Yes,Yes,Yes,Yes,3,Yes,No,Not Applicable,Yes,Yes,No,No,No,0,605.92,61.47,0.798,Email,Valid Claim,Edge,35,Light,-0.29811,B0771
REC00404,CLM00331,CUS00625,PRD00107,Refrigerator,HomePro,HOM-REF-527,SN-59777020,2025-09-19,2026-05-14,2026-04-25,24,No,Power Failure,Manufacturing Defect,Yes,Yes,Yes,Yes,Yes,Not Applicable,No,0,Not Applicable,No,Not Applicable,Yes,Yes,No,No,No,0,334.5,0.0,0.773,Web,Valid Claim,Chrome,10,Dark,0.76723,B0121
REC01079,CLM00332,CUS00574,PRD00188,Refrigerator,Aster,,SN-45122572,2025-10-14,2025-12-18,2025-12-12,24,Yes,Cooling Failure,Internal Component Failure,Yes,Yes,Yes,Yes,Yes,Not Applicable,No,0,Not Applicable,Yes,Yes,Yes,Yes,No,No,No,0,451.36,0.0,0.92,Email,Valid Claim,MobileWebView,13,Light,-1.68713,B0614
REC00594,CLM00333,CUS00451,PRD00559,Refrigerator,ZenCore,ZEN-REF-401,SN-45055229,2024-11-12,2025-01-07,2024-12-30,24,No,Cooling Failure,Accidental Damage,No,Yes,Yes,Yes,Yes,Not Applicable,No,0,Not Applicable,No,Not Applicable,Yes,Yes,No,No,No,0,180.31,0.0,0.761,Mobile App,Invalid Claim,Safari,39,Dark,0.69763,B0499
REC00589,CLM00334,CUS00365,PRD00143,Refrigerator,ZenCore,ZEN-REF-865,SN-98017304,2024-11-29,2025-02-27,2025-02-12,24,No,Noise,Electrical Failure,Yes,Yes,No,Yes,Yes,Not Applicable,No,0,Not Applicable,No,Not Applicable,Yes,Yes,No,Yes,No,1,362.49,0.0,0.927,Web,Manual Review,Chrome,17,Dark,0.08075,B0014
REC01474,CLM00335,CUS00342,PRD00997,Camera,NovaTech,NOV-CAM-468,SN-57437624,2024-11-24,2025-03-25,2025-03-16,24,No,Display Failure,Water Damage,Yes,Yes,Yes,Yes,Yes,Not Applicable,No,0,Not Applicable,No,Not Applicable,Yes,Yes,No,No,No,0,240.65,0.0,0.921,Mobile App,Invalid Claim,Edge,30,Light,1.8193,B0638
REC00038,CLM00336,CUS00214,PRD00630,Camera,Aster,AST-CAM-410,SN-81783611,2023-06-12,2025-05-29,2025-05-11,12,No,Battery Problem,Water Damage,Yes,Yes,Yes,Yes,Yes,Not Applicable,No,0,Not Applicable,No,Not Applicable,Yes,Yes,No,No,No,0,949.19,0.0,0.933,Mobile App,Invalid Claim,Safari,46,System,0.73377,B0723
REC00723,CLM00337,CUS00261,PRD00519,Washing Machine,ZenCore,ZEN-WAS-357,SN-82718713,2025-03-23,2025-08-18,2025-08-09,12,Yes,Water Leakage,Electrical Failure,Yes,Yes,Yes,Yes,Yes,Not Applicable,No,0,Not Applicable,No,Not Applicable,Yes,Yes,No,No,No,0,817.55,0.0,0.771,Mobile App,Valid Claim,Edge,42,System,1.50272,B0114
REC-DUP-0006,CLM00338,CUS00533,PRD00771,Printer,NovaTech,NOV-PRI-920,SN-89102397,2023-07-06,2024-09-14,2024-08-23,24,No,Power Failure,Manufacturing Defect,Yes,Yes,Yes,Yes,Yes,Not Applicable,No,0,Not Applicable,No,Not Applicable,Yes,Yes,No,No,No,1,216.23,0.0,0.917,Web,Valid Claim,Chrome,58,Light,0.81402,B0920
REC00826,CLM00339,CUS00368,PRD00245,Laptop,NovaTech,NOV-LAP-805,SN-88674562,2025-05-22,2026-05-20,2026-05-16,24,No,Battery Problem,Internal Component Failure,Yes,Yes,Yes,Yes,Yes,Not Applicable,No,0,Not Applicable,No,Not Applicable,Yes,Yes,No,No,No,1,1694.89,0.0,0.729,Web,Valid Claim,Safari,1,Light,0.19174,B0481
REC00993,CLM00340,CUS00289,PRD00786,Printer,PrimeView,PRI-PRI-158,SN-24075969,2024-07-08,2026-01-30,2026-01-22,12,No,Mechanical Failure,Electrical Failure,,,Yes,Yes,Yes,Not Applicable,No,0,Not Applicable,No,Not Applicable,Unknown,Yes,No,No,No,0,85.3,0.0,0.78,Email,Invalid Claim,Edge,6,Dark,-1.07851,B0449
REC00617,CLM00341,CUS00296,PRD00895,Television,Aster,AST-TEL-214,SN-49201682,2023-05-18,2025-05-10,2025-05-03,24,Yes,Connectivity Issue,Electrical Failure,Yes,Yes,Yes,Yes,Yes,Not Applicable,No,0,Not Applicable,No,Not Applicable,Yes,Yes,No,No,No,0,1455.24,0.0,0.765,Service Center,Valid Claim,Edge,55,Light,1.37673,B0695
REC00649,CLM00342,CUS00558,PRD00152,Smartphone,NovaTech,NOV-SMA-829,SN-19419981,2023-11-26,2026-09-12,2026-08-28,36,No,Display Failure,Internal Component Failure,Yes,Yes,Yes,No,Yes,Not Applicable,No,0,Not Applicable,No,Not Applicable,Yes,No,No,No,No,0,779.43,0.0,0.793,Web,Manual Review,Edge,41,Light,0.9579,B0836
REC01254,CLM00343,CUS00054,PRD00327,Air Conditioner,HomePro,HOM-AIR-305,,2023-07-23,2026-02-05,2026-02-03,36,No,Water Leakage,Electrical Failure,Yes,Yes,Yes,Yes,,,Yes,3,Unknown,No,Not Applicable,Yes,Yes,No,No,No,0,1538.41,99999.0,0.79,Mobile App,Manual Review,Safari,40,System,0.61044,B0962
REC00980,CLM00344,CUS00555,PRD00864,Television,Aster,AST-TEL-490,SN-61425800,2025-11-14,2026-04-17,2026-03-24,12,No,Audio Failure,Accidental Damage,Yes,Yes,Yes,Yes,Yes,Yes,Yes,2,Yes,No,Not Applicable,Yes,Yes,No,No,No,0,64.52,222.51,0.966,Service Center,Invalid Claim,Chrome,47,System,-1.10085,B0645
REC00599,CLM00345,CUS00135,PRD00297,Laptop,NovaTech,NOV-LAP-709,SN-20712848,,2025-06-22,2025-05-30,24,No,Battery Problem,Accidental Damage,Yes,Yes,Yes,Yes,No,Yes,Yes,3,Yes,No,Not Applicable,Yes,Yes,No,No,No,0,433.47,461.27,0.76,Service Center,Invalid Claim,Safari,50,Dark,-0.03137,B0697
REC00857,CLM00346,CUS00251,PRD00254,Printer,PrimeView,PRI-PRI-209,SN-45211336,2025-01-25,2025-08-27,2025-08-06,12,No,Mechanical Failure,Misuse,Yes,Yes,Yes,Yes,Yes,Not Applicable,No,0,Not Applicable,No,Not Applicable,Yes,Yes,No,No,No,0,31.88,0.0,0.905,Mobile App,Invalid Claim,MobileWebView,51,Dark,2.24535,B0793
REC01223,CLM00347,CUS00274,PRD00460,Air Conditioner,HomePro,HOM-AIR-518,SN-94664612,2024-05-13,2025-03-15,2025-03-05,24,No,Noise,Electrical Failure,Yes,Yes,Yes,Yes,No,Not Applicable,No,0,Not Applicable,No,Not Applicable,Yes,Yes,No,No,No,1,1035.7,0.0,0.581,Service Center,Manual Review,Safari,36,Dark,0.80615,B0594
REC00506,CLM00348,CUS00225,PRD00039,Refrigerator,ZenCore,ZEN-REF-710,SN-46596685,2024-08-14,2026-02-19,2026-02-07,12,No,Power Failure,Misuse,Yes,Yes,Yes,,Yes,Not Applicable,No,0,Not Applicable,No,Not Applicable,Yes,Yes,No,No,No,3,402.23,0.0,0.883,Web,Invalid Claim,Chrome,53,Light,-0.23385,B0135
REC01334,CLM00349,CUS00270,PRD00376,Refrigerator,Aster,AST-REF-283,SN-82583438,2024-07-31,2026-06-04,2026-05-24,12,No,Power Failure,Misuse,Yes,Yes,Yes,Yes,Yes,Not Applicable,No,0,Not Applicable,No,Not Applicable,Yes,Yes,No,No,No,0,254.52,0.0,0.74,Email,Invalid Claim,Chrome,59,Light,-2.6028,B0380
REC00215,CLM00350,CUS00630,PRD00290,Laptop,Aster,AST-LAP-485,SN-46147329,2024-01-14,2024-06-09,2024-05-20,36,No,Battery Problem,Misuse,Yes,Yes,Yes,Yes,Yes,Not Applicable,No,0,Not Applicable,Yes,Yes,Yes,Yes,No,No,No,0,1338.5,0.0,0.865,Web,Invalid Claim,Firefox,3,Dark,0.9294,B0655
REC00917,CLM00351,CUS00546,PRD00344,Laptop,NovaTech,NOV-LAP-633,SN-63201942,2024-08-14,2024-10-28,2024-10-22,12,Yes,Connectivity Issue,Manufacturing Defect,Yes,Yes,Yes,Yes,Yes,,No,0,Not Applicable,No,Not Applicable,Yes,Yes,No,No,No,1,1054.53,0.0,0.987,Web,Valid Claim,MobileWebView,40,Dark,1.10698,B0917
REC00335,CLM00352,CUS00093,PRD00621,Printer,PrimeView,PRI-PRI-193,SN-39430918,2025-07-28,2026-02-28,2026-02-01,12,No,Paper Feed Failure,Accidental Damage,Yes,No,Yes,Yes,Yes,Not Applicable,No,0,Not Applicable,No,Not Applicable,Yes,Yes,No,No,No,0,965.12,0.0,0.872,Web,Invalid Claim,Firefox,53,System,0.52526,B0580
REC00115,CLM00353,CUS00681,PRD00569,Laptop,NovaTech,NOV-LAP-896,SN-41011865,2025-04-13,2025-12-11,2025-11-20,12,No,Battery Problem,Internal Component Failure,Yes,Yes,Yes,Yes,Yes,Not Applicable,No,0,Not Applicable,No,Not Applicable,Yes,Yes,No,No,No,1,548.37,0.0,0.768,Web,Valid Claim,Edge,28,System,-0.43898,B0909
REC00089,CLM00354,CUS00515,PRD00229,Television,Aster,AST-TEL-748,SN-77101544,2023-01-31,2023-08-31,2023-08-29,12,No,Power Failure,Electrical Failure,Yes,Yes,Yes,Yes,Yes,Yes,Yes,1,No,No,Not Applicable,Yes,Yes,No,No,No,2,467.27,530.0,0.892,Web,Invalid Claim,Firefox,25,Light,0.66249,B0833
REC01077,CLM00355,CUS00610,PRD00598,Air Conditioner,HomePro,HOM-AIR-160,SN-45385520,2025-07-31,2026-01-22,2025-12-09,24,No,Water Leakage,Normal Wear,Yes,Yes,Yes,Yes,Yes,Not Applicable,No,0,Not Applicable,No,Not Applicable,Yes,Yes,No,No,No,0,1903.73,0.0,0.939,Mobile App,Invalid Claim,Safari,19,System,-0.18959,B0375
REC00476,CLM00356,CUS00490,PRD00078,Camera,PrimeView,PRI-CAM-220,SN-12464971,2025-05-10,2025-09-29,2025-09-23,24,No,Power Failure,Internal Component Failure,Yes,Yes,Yes,Yes,Yes,Not Applicable,No,0,Not Applicable,No,Not Applicable,Yes,Yes,No,No,No,1,726.28,0.0,0.73,Mobile App,Valid Claim,Chrome,46,Dark,-1.21685,B0482
REC01354,CLM00357,CUS00636,PRD00525,Camera,NovaTech,NOV-CAM-781,SN-89674241,2024-11-24,2025-02-26,2025-02-17,24,No,Battery Problem,Water Damage,Yes,Yes,Yes,Yes,Yes,,No,0,Not Applicable,No,Not Applicable,Yes,Yes,No,No,No,1,,0.0,0.956,Service Center,Invalid Claim,MobileWebView,25,Dark,1.20654,B0743
REC01383,CLM00358,CUS00323,PRD00241,Washing Machine,HomePro,HOM-WAS-796,SN-96791104,2024-01-07,2026-03-09,2026-02-26,12,No,Mechanical Failure,Manufacturing Defect,No,No,Yes,,,Yes,Yes,3,Yes,Yes,Yes,Yes,Yes,No,No,No,1,331.82,609.43,0.817,Email,Invalid Claim,MobileWebView,59,Light,-0.11305,B0890
REC01310,CLM00359,CUS00008,PRD00386,Refrigerator,HomePro,HOM-REF-709,SN-14376582,2023-06-14,2024-04-12,2024-04-09,36,No,Mechanical Failure,Misuse,Yes,Yes,Yes,Yes,Yes,Not Applicable,No,0,Not Applicable,No,Not Applicable,Yes,Yes,No,No,No,1,1027.16,0.0,0.732,Service Center,Invalid Claim,Safari,57,System,-2.19545,B0377
REC01247,CLM00360,CUS00026,PRD00712,Refrigerator,HomePro,HOM-REF-567,SN-14274702,2023-06-08,2025-03-29,2025-03-20,24,No,Water Leakage,Water Damage,Yes,Yes,Yes,Yes,Yes,Not Applicable,No,0,Not Applicable,No,Not Applicable,Yes,Yes,No,No,Yes,0,1683.83,0.0,0.553,Service Center,Invalid Claim,Firefox,24,System,0.74472,B0503
REC00790,CLM00361,CUS00176,PRD00893,Television,HomePro,HOM-TEL-479,SN-86899691,2023-09-25,2024-01-04,2023-12-16,12,Yes,Connectivity Issue,Manufacturing Defect,No,No,Yes,Yes,No,Yes,Yes,3,Yes,No,Not Applicable,Yes,Yes,No,No,No,2,258.18,465.57,0.98,Web,Manual Review,Safari,28,Dark,-0.42076,B0799
REC00488,CLM00362,CUS00122,PRD00438,Camera,Aster,AST-CAM-503,SN-90281257,2024-09-09,2026-03-10,2026-03-07,24,No,Power Failure,Electrical Failure,Yes,Yes,Yes,Yes,Yes,Not Applicable,No,0,Not Applicable,No,Not Applicable,Yes,Yes,No,No,No,0,324.39,0.0,0.808,Email,Valid Claim,Firefox,7,System,-0.22642,B0722
REC00866,CLM00363,CUS00639,PRD00850,Printer,NovaTech,NOV-PRI-253,SN-48342764,2023-07-21,2023-09-24,2023-07-21,36,No,Power Failure,Misuse,Yes,Yes,Yes,Yes,No,Not Applicable,No,0,Not Applicable,No,Not Applicable,Yes,Yes,No,No,No,2,312.11,0.0,0.904,Web,Invalid Claim,Firefox,27,Dark,0.31605,B0691
REC01222,CLM00364,CUS00235,PRD00328,Television,Aster,AST-TEL-571,SN-92435876,2025-03-18,2026-06-13,2026-05-24,24,No,Power Failure,Misuse,Yes,Yes,Yes,Yes,Yes,Yes,Yes,3,Yes,No,Not Applicable,Yes,Yes,No,No,No,0,1079.59,503.95,0.983,Mobile App,Invalid Claim,Edge,43,System,0.77922,B0927
REC00033,CLM00365,CUS00492,PRD00307,Printer,PrimeView,PRI-PRI-369,SN-70769329,2025-06-30,2026-02-22,2026-02-10,,No,Paper Feed Failure,Internal Component Failure,No,Yes,Yes,Yes,Yes,Not Applicable,No,0,Not Applicable,No,Not Applicable,Yes,Yes,No,No,No,0,326.31,0.0,0.939,Mobile App,Manual Review,Edge,16,System,-0.46704,B0791
REC-DUP-0012,CLM00366,CUS00259,PRD00577,Camera,PrimeView,PRI-CAM-306,SN-75719346,2025-05-30,2025-10-01,2025-09-27,36,No,Lens Failure,Normal Wear,Yes,Yes,,Yes,Yes,Not Applicable,No,0,Not Applicable,No,Not Applicable,Yes,Yes,No,No,No,2,2154.25,0.0,0.941,Web,Invalid Claim,Safari,53,Dark,-1.22923,B0467
REC00961,CLM00367,CUS00170,PRD00428,Refrigerator,ZenCore,ZEN-REF-310,SN-14407435,2023-10-19,2026-06-05,2026-05-08,24,Yes,Mechanical Failure,Electrical Failure,Yes,Yes,Yes,Yes,Yes,Not Applicable,No,0,Not Applicable,No,Not Applicable,Yes,Yes,No,No,No,1,129.4,0.0,0.82,Web,Valid Claim,Safari,55,Dark,0.13754,B0930
REC00473,CLM00368,CUS00637,PRD00228,Printer,PrimeView,PRI-PRI-482,SN-90656323,2024-06-09,2025-03-05,2025-01-26,24,No,Power Failure,Water Damage,Yes,Yes,Yes,Yes,Yes,Yes,Yes,3,Yes,No,Not Applicable,Yes,Yes,Yes,No,No,0,687.7,108.33,0.867,Service Center,Invalid Claim,Firefox,13,Dark,0.64478,B0885
REC01086,CLM00369,CUS00419,PRD00265,Refrigerator,ZenCore,ZEN-REF-106,SN-40754450,2024-05-18,2025-11-18,2025-11-06,24,Yes,Mechanical Failure,Manufacturing Defect,Yes,Yes,Yes,Yes,Yes,Yes,Yes,2,Yes,No,Not Applicable,Yes,Yes,No,No,No,1,815.04,167.55,0.958,Mobile App,Valid Claim,Edge,23,Light,-0.07801,B0477
REC00423,CLM00370,CUS00166,PRD00685,Laptop,Aster,AST-LAP-292,SN-76437348,2026-02-07,2026-03-15,2026-03-04,24,No,Power Failure,Internal Component Failure,Yes,Yes,Yes,Yes,Yes,Not Applicable,No,0,Not Applicable,No,Not Applicable,Yes,Yes,No,No,No,1,353.52,0.0,0.946,Web,Valid Claim,Firefox,44,Light,0.05147,B0662
REC00399,CLM00371,CUS00221,PRD00323,Smartphone,Aster,AST-SMA-495,SN-84919799,2024-06-24,2024-12-17,2024-12-13,24,No,Power Failure,Misuse,No,Yes,,Yes,Yes,Yes,Yes,2,Yes,No,Not Applicable,Yes,Yes,No,No,No,1,114.34,464.09,0.767,Service Center,Invalid Claim,MobileWebView,36,Dark,-1.71639,B0233
REC01008,CLM00372,CUS00198,PRD00901,Camera,Aster,AST-CAM-283,SN-75003414,2025-04-12,2026-04-16,2026-03-01,12,No,Display Failure,Internal Component Failure,Yes,Yes,Yes,Yes,Yes,Yes,Yes,1,Yes,No,Not Applicable,Yes,Yes,Yes,No,No,0,1049.78,301.33,0.915,Mobile App,Invalid Claim,Edge,27,Dark,0.63444,B0106
REC01339,CLM00373,CUS00373,PRD00652,Air Conditioner,HomePro,HOM-AIR-465,SN-24054438,2024-11-16,2024-12-08,2024-11-29,12,No,Power Failure,Manufacturing Defect,Yes,Yes,Yes,Yes,Yes,Not Applicable,No,0,Not Applicable,Yes,Yes,Yes,Yes,No,No,No,1,219.92,0.0,0.725,Mobile App,Valid Claim,Chrome,5,Dark,1.20466,B0843
REC-DUP-0013,CLM00374,CUS00341,PRD00011,Printer,HomePro,HOM-PRI-751,SN-87216754,2025-03-26,2026-02-14,2025-12-15,24,No,Connectivity Issue,Misuse,Yes,No,Yes,Yes,Yes,Not Applicable,No,0,Not Applicable,No,Not Applicable,Yes,Yes,No,No,No,2,147.95,0.0,0.843,Mobile App,Invalid Claim,MobileWebView,43,System,-0.6238,B0111
REC00621,CLM00375,CUS00438,PRD00838,Air Conditioner,Aster,,SN-84673712,2023-09-27,2025-06-27,2025-06-05,12,No,Cooling Failure,Electrical Failure,Yes,Yes,Yes,Yes,Yes,Not Applicable,No,0,Not Applicable,No,Not Applicable,Yes,Yes,No,No,No,1,1434.73,0.0,0.942,Mobile App,Invalid Claim,Firefox,2,Dark,-0.06096,B0076
REC00458,CLM00376,CUS00671,PRD00335,Printer,HomePro,HOM-PRI-275,SN-79293034,2023-09-03,2024-07-28,2024-07-07,24,No,Power Failure,Electrical Failure,No,Yes,Yes,Yes,Yes,,No,0,Not Applicable,No,Not Applicable,Yes,Yes,No,No,No,0,63.75,0.0,0.628,Web,Manual Review,Safari,3,System,2.79213,B0843
REC00898,CLM00377,CUS00620,PRD00536,Camera,Aster,AST-CAM-553,SN-68400543,2023-04-24,2023-11-05,2023-10-14,24,No,Battery Problem,Electrical Failure,Yes,Yes,Yes,Yes,No,Not Applicable,No,0,Not Applicable,No,Not Applicable,Yes,Yes,No,No,No,1,388.66,0.0,0.856,Mobile App,Manual Review,MobileWebView,19,System,-1.5317,B0624
REC00112,CLM00378,CUS00063,PRD00685,Printer,,NOV-PRI-626,SN-48966249,2023-11-21,2024-12-17,2024-11-16,24,No,Power Failure,Electrical Failure,No,Yes,Yes,Yes,Yes,Not Applicable,No,0,Not Applicable,No,Not Applicable,Yes,Yes,No,No,No,2,100.65,0.0,0.739,Service Center,Invalid Claim,Edge,17,Light,0.18929,B0617
REC01411,CLM00379,CUS00096,PRD00911,Smartphone,Aster,AST-SMA-863,SN-43810456,2025-06-21,2026-04-26,2026-04-14,24,No,Connectivity Issue,Normal Wear,Yes,Yes,Yes,Yes,Yes,Yes,Yes,3,Yes,No,Not Applicable,Yes,Yes,No,No,No,2,,103.65,0.45,Mobile App,Invalid Claim,Safari,43,System,1.78616,B0958
REC00888,CLM00380,CUS00434,PRD00534,Laptop,NovaTech,,SN-91198170,2025-12-14,2026-03-15,2026-03-10,12,No,Power Failure,Water Damage,Yes,Yes,Yes,Yes,Yes,Not Applicable,No,0,Not Applicable,No,Not Applicable,Yes,Yes,No,No,No,0,,0.0,0.617,Web,Invalid Claim,Edge,12,System,0.60393,B0851
REC01308,CLM00381,CUS00529,PRD00537,Television,PrimeView,PRI-TEL-622,SN-28351781,2025-02-18,2025-07-01,2025-06-05,24,No,Display Failure,Manufacturing Defect,No,Yes,Yes,Yes,Yes,Not Applicable,No,0,Not Applicable,No,Not Applicable,Yes,Yes,No,No,No,0,1490.71,0.0,0.772,Web,Manual Review,Edge,16,Dark,-1.48093,B0715
REC01044,CLM00382,CUS00445,PRD00425,Television,HomePro,HOM-TEL-412,SN-16667165,2025-12-18,2026-08-03,2026-08-01,24,Yes,Power Failure,Manufacturing Defect,Yes,Yes,Yes,No,Yes,Not Applicable,No,,Not Applicable,No,Not Applicable,Unknown,Yes,No,No,No,0,1568.9,0.0,0.791,Email,Manual Review,Edge,36,System,0.79346,B0590
REC-DUP-0039,CLM00383,CUS00543,PRD00046,Television,Aster,AST-TEL-747,SN-43149868,2023-12-27,2025-10-31,2025-10-02,24,No,Connectivity Issue,Manufacturing Defect,Yes,Yes,Yes,No,Yes,Not Applicable,No,0,Not Applicable,No,Not Applicable,Yes,Yes,No,No,No,0,359.08,0.0,0.994,Email,Manual Review,Chrome,1,Light,0.19113,B0807
REC00677,CLM00384,CUS00204,PRD00156,Smartphone,NovaTech,NOV-SMA-995,SN-78173969,2023-08-02,,2024-06-15,36,No,Power Failure,Normal Wear,Yes,No,Yes,No,No,Yes,Yes,2,Yes,No,Not Applicable,Yes,Yes,No,No,No,0,331.13,244.48,,Web,Invalid Claim,Safari,56,Dark,-0.01963,B0609
REC00052,CLM00385,CUS00541,PRD00170,Camera,NovaTech,NOV-CAM-854,SN-25829592,2023-01-03,2025-07-28,2025-07-01,12,No,Power Failure,Manufacturing Defect,Yes,Yes,Yes,Yes,Yes,Not Applicable,No,0,Not Applicable,No,Not Applicable,Yes,Yes,No,No,No,3,80.66,0.0,0.96,Service Center,Invalid Claim,Firefox,22,System,0.23037,B0266
REC00773,CLM00386,CUS00017,PRD00099,Television,Aster,AST-TEL-974,SN-20199647,2025-12-07,2026-03-25,2026-03-11,24,Yes,Audio Failure,Physical Damage,,Yes,Yes,Yes,Yes,Yes,Yes,2,Yes,No,Not Applicable,Yes,Yes,No,No,No,0,771.57,,0.817,Web,Invalid Claim,Firefox,59,Light,-0.82182,B0844
REC-DUP-0045,CLM00387,CUS00361,PRD00576,Printer,NovaTech,NOV-PRI-978,SN-54310350,2024-06-05,,2025-02-15,24,No,Power Failure,Electrical Failure,Yes,Yes,Yes,Yes,Yes,Not Applicable,No,0,Not Applicable,No,Not Applicable,Yes,Yes,No,No,No,0,702.82,0.0,0.804,Web,Valid Claim,Safari,4,Dark,1.07614,B0949
REC01027,CLM00388,CUS00267,PRD00748,Smartphone,PrimeView,PRI-SMA-588,SN-50470191,2025-11-02,2026-03-19,2026-03-09,24,No,Battery Problem,Internal Component Failure,Yes,Yes,Yes,Yes,,Yes,Yes,3,Yes,No,Not Applicable,Yes,Yes,No,No,No,0,,182.82,0.787,Web,Valid Claim,Edge,17,Light,-1.65446,B0094
REC01304,CLM00389,CUS00107,PRD00524,Camera,NovaTech,NOV-CAM-294,SN-60666560,2025-09-27,2026-04-15,2026-03-24,24,No,Lens Failure,Manufacturing Defect,Yes,Yes,Yes,No,Yes,Not Applicable,No,0,Not Applicable,No,Not Applicable,Yes,Yes,No,No,No,0,1086.45,0.0,0.957,Service Center,Manual Review,Chrome,52,Dark,-1.2528,B0621
REC00198,CLM00390,CUS00520,PRD00521,Air Conditioner,ZenCore,ZEN-AIR-679,SN-63704254,2025-11-03,2026-07-06,2026-06-20,12,No,Power Failure,Water Damage,Yes,,Yes,Yes,Yes,Not Applicable,No,0,Not Applicable,No,Not Applicable,Unknown,Yes,No,No,No,0,992.95,0.0,0.829,Mobile App,Invalid Claim,Chrome,31,Dark,0.47304,B0406
REC00688,CLM00391,CUS00070,PRD00115,Television,PrimeView,PRI-TEL-348,SN-99942140,2024-11-27,2025-04-24,2025-04-03,12,No,Audio Failure,Internal Component Failure,Yes,Yes,Yes,Yes,Yes,Yes,Yes,3,Yes,Yes,Yes,Yes,Yes,No,No,No,0,1175.75,256.38,0.961,Mobile App,Valid Claim,Chrome,8,System,1.2497,B0232
REC01281,CLM00392,CUS00259,PRD00143,Washing Machine,HomePro,HOM-WAS-583,SN-43613445,2024-11-02,2026-05-25,2026-05-06,12,No,Power Failure,Manufacturing Defect,Yes,,Yes,Yes,Yes,Yes,Yes,1,Yes,No,Not Applicable,Yes,Yes,No,No,No,1,663.11,263.36,0.722,Mobile App,Invalid Claim,Safari,15,System,0.44112,B0798
REC01290,CLM00393,CUS00281,PRD00689,Television,HomePro,HOM-TEL-389,SN-26462245,2024-02-28,2025-04-21,2025-04-13,,Yes,Connectivity Issue,Manufacturing Defect,Yes,Yes,Yes,Yes,,Not Applicable,No,0,Not Applicable,No,Not Applicable,Yes,Yes,No,No,No,0,97.25,0.0,0.59,Web,Manual Review,Chrome,23,Light,0.84543,B0499
REC00698,CLM00394,CUS00215,PRD00306,Washing Machine,,PRI-WAS-288,SN-87137624,2025-10-20,2026-07-08,2026-07-04,12,No,Noise,Physical Damage,Yes,Yes,Yes,Yes,,Not Applicable,No,0,Not Applicable,No,Not Applicable,Yes,Yes,No,No,No,0,86.1,0.0,0.804,Web,Invalid Claim,Firefox,13,Light,-0.16888,B0391
REC00041,CLM00395,CUS00132,PRD00147,Washing Machine,PrimeView,PRI-WAS-571,SN-65148492,2023-10-03,2025-06-04,2025-05-13,12,No,Noise,Internal Component Failure,,Yes,Yes,Yes,Yes,Not Applicable,No,0,Not Applicable,No,Not Applicable,Yes,Yes,No,No,No,0,588.01,0.0,0.628,Web,Invalid Claim,MobileWebView,22,Light,-0.99814,B0419
REC00673,CLM00396,CUS00422,PRD00377,Printer,NovaTech,NOV-PRI-504,SN-44224762,2024-10-10,2026-08-06,2026-07-29,36,No,Power Failure,Accidental Damage,Yes,Yes,Yes,,Yes,Not Applicable,No,0,Not Applicable,No,Not Applicable,Yes,Yes,No,No,No,2,565.29,0.0,0.928,Mobile App,Invalid Claim,MobileWebView,17,Light,0.68855,B0906
REC00297,CLM00397,CUS00607,PRD00253,Television,Aster,AST-TEL-625,SN-95274183,2024-02-01,2026-08-06,2026-07-30,12,No,Power Failure,Internal Component Failure,Yes,Yes,Yes,Yes,Yes,Not Applicable,No,0,Not Applicable,No,Not Applicable,Yes,Yes,No,No,No,2,638.49,0.0,0.81,Web,Invalid Claim,MobileWebView,12,Light,0.85511,B0215
REC01129,CLM00398,CUS00587,PRD00445,Television,HomePro,HOM-TEL-381,SN-27807873,2024-06-19,2024-07-14,2024-06-19,12,No,Connectivity Issue,Electrical Failure,Yes,Yes,Yes,Yes,Yes,Not Applicable,No,0,Not Applicable,No,Not Applicable,Yes,Yes,No,No,No,1,1202.74,0.0,0.805,Service Center,Valid Claim,MobileWebView,27,Dark,0.72709,B0483
REC00693,CLM00399,CUS00207,PRD00951,Air Conditioner,HomePro,HOM-AIR-130,SN-75363821,2024-12-25,2025-09-18,2025-09-12,36,No,Cooling Failure,Electrical Failure,Yes,Yes,Yes,Yes,Yes,Not Applicable,No,0,Not Applicable,No,Not Applicable,Unknown,Yes,No,No,No,1,741.5,0.0,0.878,Web,Manual Review,Safari,23,Light,0.05154,B0469
REC00701,CLM00400,CUS00636,PRD00696,Television,PrimeView,PRI-TEL-689,SN-85737630,2023-05-22,2024-10-06,2024-10-01,24,No,Connectivity Issue,Electrical Failure,Yes,Yes,Yes,Yes,Yes,Yes,Yes,2,Yes,No,Not Applicable,Yes,Yes,No,No,No,0,567.63,478.4,0.803,Web,Valid Claim,Edge,48,Dark,-0.43746,B0382
REC00430,CLM00401,CUS00196,PRD00075,Smartphone,NovaTech,NOV-SMA-323,SN-82870410,2024-09-12,2025-06-24,2025-06-05,12,No,Display Failure,Electrical Failure,Yes,Yes,Yes,Yes,Yes,Not Applicable,No,0,Not Applicable,No,Not Applicable,No,Yes,No,No,No,0,362.06,0.0,0.829,Service Center,Invalid Claim,Chrome,53,System,1.29557,B0090
REC00551,CLM00402,CUS00493,PRD00816,Smartphone,Aster,AST-SMA-444,SN-32427387,2025-04-19,2025-12-29,2025-11-06,36,No,Battery Problem,Manufacturing Defect,,Yes,Yes,Yes,Yes,Not Applicable,No,0,Not Applicable,No,Not Applicable,Yes,Yes,No,No,No,1,715.01,0.0,0.735,Web,Invalid Claim,MobileWebView,5,Dark,1.94641,B0255
REC00325,CLM00403,CUS00299,PRD00560,Smartphone,NovaTech,NOV-SMA-484,SN-43632643,2023-10-31,2026-04-24,2026-04-11,36,No,Battery Problem,Physical Damage,Yes,Yes,Yes,Yes,Yes,Not Applicable,No,0,Not Applicable,No,Not Applicable,Yes,No,No,No,No,1,231.06,0.0,0.605,Web,Invalid Claim,MobileWebView,2,Dark,-1.27106,B0375
REC00383,CLM00404,CUS00267,PRD00560,Refrigerator,HomePro,HOM-REF-623,SN-89872513,2023-08-23,2024-08-31,2024-08-10,24,No,Noise,Physical Damage,Yes,Yes,Yes,Yes,Yes,,No,0,Not Applicable,Yes,Yes,Yes,Yes,No,No,No,0,669.79,0.0,0.953,Web,Invalid Claim,Chrome,52,Dark,-1.05912,B0297
REC00837,CLM00405,CUS00273,PRD00575,Smartphone,Aster,AST-SMA-587,SN-61072799,2025-06-21,2026-04-08,2026-03-29,24,No,Overheating,Electrical Failure,Yes,No,No,Yes,Yes,Not Applicable,No,0,Not Applicable,No,Not Applicable,Yes,Yes,No,No,No,0,164.88,0.0,0.759,Service Center,Manual Review,MobileWebView,51,Light,-0.96387,B0362
REC01267,CLM00406,CUS00251,PRD00076,Air Conditioner,ZenCore,ZEN-AIR-957,SN-27543035,2026-01-25,2026-06-22,2026-06-06,12,No,Cooling Failure,Misuse,Yes,Yes,Yes,No,Yes,Not Applicable,No,0,Not Applicable,No,Not Applicable,Yes,Yes,No,No,No,1,1093.42,0.0,0.876,Mobile App,Invalid Claim,Firefox,5,System,-1.44485,B0563
REC00474,CLM00407,CUS00107,PRD00951,Laptop,Aster,,SN-42223772,2023-11-26,2024-10-12,2024-09-23,36,No,Overheating,Manufacturing Defect,Yes,Yes,Yes,Yes,Yes,Not Applicable,No,0,Not Applicable,No,Not Applicable,Yes,Yes,Yes,No,No,1,577.59,0.0,0.461,Mobile App,Invalid Claim,MobileWebView,44,Light,0.16534,B0456
REC00994,CLM00408,CUS00087,PRD00598,Laptop,Aster,AST-LAP-782,SN-37828147,2025-03-06,2026-04-05,2026-03-30,12,No,Battery Problem,Manufacturing Defect,,No,Yes,Yes,Yes,Not Applicable,No,0,Not Applicable,No,Not Applicable,Yes,Yes,No,No,No,1,441.22,0.0,0.773,Service Center,Invalid Claim,Edge,34,System,-0.35053,B0673
REC-DUP-0016,CLM00409,CUS00699,PRD00861,Printer,PrimeView,PRI-PRI-969,SN-19882874,2024-04-28,2024-11-13,2024-11-05,36,No,Mechanical Failure,Internal Component Failure,Yes,Yes,Yes,Yes,Yes,Yes,Yes,3,Yes,No,Not Applicable,No,Yes,No,No,No,0,57.04,519.43,0.925,Web,Invalid Claim,MobileWebView,58,Dark,-1.3335,B0298
REC00685,CLM00410,CUS00363,PRD00631,Refrigerator,Aster,AST-REF-295,SN-62753013,2025-04-02,2025-08-15,2025-07-24,24,No,Cooling Failure,Electrical Failure,Yes,,Yes,,Yes,Not Applicable,No,0,Not Applicable,No,Not Applicable,No,Yes,No,No,No,2,876.89,0.0,0.935,Service Center,Invalid Claim,MobileWebView,24,Light,-0.84388,B0942
REC00406,CLM00411,CUS00685,PRD00208,Refrigerator,ZenCore,ZEN-REF-174,SN-62255679,2025-06-16,2025-12-23,2025-11-28,12,No,Mechanical Failure,Manufacturing Defect,Yes,Yes,Yes,Yes,Yes,,No,0,Not Applicable,Yes,Yes,Yes,Yes,No,No,No,1,708.84,,0.815,Web,Valid Claim,MobileWebView,1,Light,-2.76265,B0663
REC01386,CLM00412,CUS00627,PRD00134,Camera,PrimeView,,SN-58589914,2025-03-09,2025-03-18,2025-03-13,36,No,Display Failure,Manufacturing Defect,Yes,No,Yes,No,Yes,,Yes,2,Yes,No,Not Applicable,Yes,Yes,No,No,No,1,373.94,229.38,0.838,Web,Manual Review,Firefox,30,Dark,-0.08516,B0181
REC01147,CLM00413,CUS00590,PRD00411,Camera,Aster,AST-CAM-535,SN-43344850,2024-08-14,2026-06-07,2026-05-20,12,Yes,Power Failure,Electrical Failure,Yes,Yes,Yes,Yes,Yes,,Yes,2,Yes,No,Not Applicable,Yes,Yes,No,No,No,1,340.9,618.42,0.756,Email,Valid Claim,MobileWebView,27,System,-1.86142,B0405
REC01106,CLM00414,CUS00276,PRD00269,Printer,PrimeView,PRI-PRI-730,SN-76006303,2025-12-26,2026-02-01,2026-01-20,24,No,Power Failure,Accidental Damage,No,Yes,Yes,Yes,Yes,Not Applicable,No,0,Not Applicable,No,Not Applicable,Yes,Yes,No,No,No,1,427.83,0.0,0.467,Web,Invalid Claim,Safari,6,Dark,-0.774,B0527
REC00890,CLM00415,CUS00152,PRD00569,Air Conditioner,HomePro,HOM-AIR-576,SN-57922145,2023-04-02,2024-02-25,2023-03-21,24,No,Noise,Normal Wear,Yes,Yes,Yes,Yes,Yes,Yes,Yes,3,Yes,No,Not Applicable,Yes,Yes,No,No,No,0,97.11,,0.907,Service Center,Invalid Claim,Firefox,21,System,0.36827,B0998
REC00169,CLM00416,CUS00259,PRD00166,Laptop,ZenCore,ZEN-LAP-413,SN-99614105,,2024-11-23,2024-11-19,12,No,Overheating,Manufacturing Defect,Yes,Yes,Yes,Yes,Yes,Not Applicable,No,0,Not Applicable,No,Not Applicable,Yes,Yes,No,No,No,1,528.25,0.0,0.925,Web,Valid Claim,Firefox,19,Light,0.5222,B0653
REC00106,CLM00417,CUS00187,PRD00999,Laptop,ZenCore,ZEN-LAP-847,SN-45458701,2024-05-29,2024-08-15,2024-07-22,36,No,Power Failure,Internal Component Failure,Yes,,Yes,Yes,No,Not Applicable,No,0,Not Applicable,No,Not Applicable,Unknown,No,No,No,No,2,955.42,0.0,0.802,Web,Manual Review,MobileWebView,19,System,1.92349,B0624
REC00569,CLM00418,CUS00658,PRD00712,Printer,NovaTech,NOV-PRI-665,SN-12238940,2025-06-22,2026-07-29,2026-07-22,24,Yes,Mechanical Failure,Internal Component Failure,,Yes,Yes,Yes,Yes,Not Applicable,No,0,Not Applicable,No,Not Applicable,Yes,Yes,No,No,No,1,266.98,0.0,0.916,Web,Valid Claim,Chrome,11,Dark,0.64701,B0807
REC00162,CLM00419,CUS00695,PRD00654,Printer,NovaTech,NOV-PRI-168,SN-94267515,2024-04-11,2025-07-06,2025-07-03,24,No,Connectivity Issue,Manufacturing Defect,Yes,Yes,Yes,Yes,Yes,Not Applicable,No,0,Not Applicable,No,Not Applicable,Yes,Yes,No,No,No,0,698.32,0.0,0.982,Web,Valid Claim,MobileWebView,26,Dark,-1.71877,B0478
REC00177,CLM00420,CUS00301,PRD00497,Camera,Aster,AST-CAM-299,SN-64834498,2023-04-07,2023-06-02,2023-05-31,24,No,Display Failure,Manufacturing Defect,Yes,No,Yes,Yes,Yes,Not Applicable,No,0,Not Applicable,No,Not Applicable,Yes,Yes,No,No,No,0,2754.58,0.0,0.761,Service Center,Valid Claim,MobileWebView,24,System,2.09873,B0619
REC00187,CLM00421,CUS00208,PRD00453,Air Conditioner,Aster,AST-AIR-100,SN-35745231,2023-05-29,2023-06-30,2023-06-15,24,No,Noise,Internal Component Failure,Yes,Yes,No,Yes,Yes,Not Applicable,No,99,Not Applicable,No,Not Applicable,Yes,Yes,No,No,No,0,723.88,0.0,0.961,Email,Manual Review,Firefox,23,Dark,-1.36321,B0753
REC00710,CLM00422,CUS00440,PRD00617,Refrigerator,ZenCore,ZEN-REF-660,SN-62675567,2024-11-02,2025-04-10,2025-03-27,36,No,Water Leakage,Accidental Damage,Yes,Yes,Yes,Yes,Yes,Yes,Yes,1,Yes,No,Not Applicable,Yes,Yes,No,No,No,0,,278.89,0.684,Service Center,Invalid Claim,Chrome,44,System,0.44405,B0740
REC00006,CLM00423,CUS00386,PRD00655,Laptop,Aster,AST-LAP-444,SN-47240492,2025-11-14,2026-05-17,2026-05-10,24,No,Battery Problem,Manufacturing Defect,Yes,No,,No,Yes,Not Applicable,No,0,Not Applicable,Yes,Yes,Yes,Yes,No,No,No,0,562.79,0.0,,Web,Manual Review,Safari,46,System,1.21377,B0751
REC00163,CLM00424,CUS00289,PRD00912,Printer,PrimeView,,SN-52690894,2025-02-12,2025-11-10,2025-11-07,24,No,Connectivity Issue,Water Damage,Yes,Yes,Yes,No,Yes,Not Applicable,No,0,Not Applicable,No,Not Applicable,Yes,Yes,No,No,No,0,508.62,0.0,0.79,Mobile App,Invalid Claim,Safari,17,System,-1.7413,B0441
REC01448,CLM00425,CUS00170,PRD00430,Air Conditioner,Aster,AST-AIR-881,SN-63175802,2024-04-22,2024-10-27,2024-10-19,12,No,Water Leakage,Electrical Failure,Yes,Yes,Yes,Yes,Yes,No,Yes,1,Yes,No,Not Applicable,Yes,Yes,No,No,No,3,1704.98,60.65,0.914,Web,Valid Claim,MobileWebView,54,Light,-1.19437,B0361
REC00460,CLM00426,CUS00416,PRD00226,Smartphone,NovaTech,NOV-SMA-887,SN-58309923,2026-02-03,2026-02-28,2026-02-22,24,No,Power Failure,Physical Damage,No,Yes,Yes,Yes,Yes,Not Applicable,No,0,Not Applicable,No,Not Applicable,Yes,Yes,No,Yes,No,1,1240.4,0.0,0.858,Web,Invalid Claim,Edge,0,Dark,-0.33727,B0272
REC00788,CLM00427,CUS00596,PRD00278,Television,Aster,AST-TEL-266,SN-10253850,2023-06-28,2025-02-21,2025-02-18,36,No,Power Failure,Internal Component Failure,Yes,No,No,Yes,Yes,Not Applicable,No,0,Not Applicable,No,Not Applicable,Yes,No,No,No,No,0,916.6,0.0,0.976,Mobile App,Manual Review,Safari,53,System,0.27575,B0080
REC01170,CLM00428,CUS00683,PRD00423,Camera,Aster,AST-CAM-897,SN-91659323,2024-06-27,2025-05-05,2025-04-14,12,No,Battery Problem,Internal Component Failure,Yes,Yes,Yes,Yes,Yes,Not Applicable,No,0,Not Applicable,No,Not Applicable,Yes,Yes,No,No,No,0,814.97,,0.687,Service Center,Manual Review,Edge,44,Dark,-1.45769,B0036
REC01025,CLM00429,CUS00695,PRD00514,Refrigerator,ZenCore,ZEN-REF-408,SN-37255998,2025-07-05,2026-04-05,2026-03-18,12,No,Water Leakage,Electrical Failure,Yes,No,Yes,No,Yes,Not Applicable,No,0,Not Applicable,No,Not Applicable,Yes,Yes,No,No,No,1,1145.84,0.0,0.916,Web,Manual Review,Firefox,59,System,1.38448,B0349
REC00281,CLM00430,CUS00636,PRD00168,Laptop,NovaTech,NOV-LAP-220,SN-63523680,2025-07-16,2026-07-11,2026-07-02,12,No,Display Failure,Internal Component Failure,Yes,No,Yes,Yes,Yes,Not Applicable,No,0,Not Applicable,No,Not Applicable,Yes,Yes,No,No,Yes,0,921.46,0.0,0.76,Web,Manual Review,Chrome,45,System,0.34039,B0356
REC00757,CLM00431,CUS00191,PRD00802,Printer,NovaTech,NOV-PRI-884,SN-99822547,2025-03-21,2026-08-07,2026-07-12,24,No,Paper Feed Failure,Internal Component Failure,,No,Yes,Yes,Yes,Yes,Yes,3,No,No,Not Applicable,Yes,Yes,No,No,No,2,160.83,242.86,0.735,Email,Invalid Claim,MobileWebView,35,Light,1.527,B0807
REC00937,CLM00432,CUS00522,PRD00479,Air Conditioner,ZenCore,ZEN-AIR-293,SN-65408481,2024-09-09,2026-04-29,2026-04-04,12,No,Cooling Failure,Water Damage,Yes,Yes,Yes,No,Yes,Not Applicable,No,0,Not Applicable,No,Not Applicable,Yes,Yes,No,No,No,1,1744.52,0.0,,Mobile App,Invalid Claim,Chrome,13,System,0.90673,B0674
REC01203,CLM00433,CUS00347,PRD00812,Refrigerator,ZenCore,ZEN-REF-611,SN-16616053,2023-06-21,2023-12-01,2023-11-22,36,No,Mechanical Failure,Electrical Failure,Yes,Yes,Yes,Yes,,Yes,Yes,3,Yes,No,Not Applicable,Yes,Yes,No,No,No,0,1554.51,631.53,0.916,Email,Valid Claim,Safari,27,System,0.64256,B0610
REC01174,CLM00434,CUS00608,PRD00305,Washing Machine,PrimeView,PRI-WAS-725,SN-42617552,2024-10-20,2026-07-01,2026-06-14,24,No,Power Failure,Accidental Damage,No,Yes,Yes,Yes,Yes,Not Applicable,No,0,Not Applicable,No,Not Applicable,Yes,Yes,No,No,No,0,673.68,0.0,0.839,Web,Invalid Claim,Edge,11,System,-1.17309,B0047
REC00886,CLM00435,CUS00674,PRD00245,Air Conditioner,HomePro,HOM-AIR-742,SN-96725915,2023-04-30,2025-08-17,2025-08-04,12,No,Noise,Electrical Failure,Yes,Yes,Yes,Yes,Yes,Not Applicable,No,0,Not Applicable,No,Not Applicable,Yes,Yes,No,No,No,1,60.79,0.0,0.786,Email,Invalid Claim,Chrome,26,Light,0.38783,B0007
REC00733,CLM00436,CUS00087,PRD00782,Air Conditioner,HomePro,HOM-AIR-694,SN-66797594,2023-10-21,2023-12-01,2023-11-16,36,No,Water Leakage,Internal Component Failure,Yes,Yes,,,Yes,Not Applicable,No,0,Not Applicable,Yes,No,Yes,Yes,No,No,No,1,1611.92,0.0,0.926,Email,Valid Claim,Edge,51,System,-1.52012,B0040
REC00510,CLM00437,CUS00066,PRD00678,Washing Machine,ZenCore,ZEN-WAS-144,SN-79368743,2025-06-05,2025-06-17,2025-05-08,36,No,Mechanical Failure,Misuse,Yes,No,Yes,Yes,Yes,Not Applicable,No,0,Not Applicable,No,Not Applicable,Yes,Yes,No,No,No,0,132.01,0.0,0.923,Service Center,Invalid Claim,MobileWebView,41,Light,0.93634,B0760
REC01321,CLM00438,CUS00341,PRD00391,Printer,PrimeView,PRI-PRI-589,SN-29284307,2023-09-17,2023-10-21,2023-09-17,24,No,Paper Feed Failure,Manufacturing Defect,Yes,Yes,Yes,Yes,Yes,Not Applicable,No,0,Not Applicable,No,Not Applicable,Yes,Yes,No,No,No,0,156.81,0.0,0.593,Web,Invalid Claim,Firefox,41,System,-0.49144,B0482
REC00744,CLM00439,CUS00379,PRD00990,Washing Machine,ZenCore,ZEN-WAS-186,SN-77961804,2023-09-12,2024-10-14,2024-09-26,24,No,Mechanical Failure,Internal Component Failure,Yes,Yes,Yes,Yes,Yes,Not Applicable,No,0,Not Applicable,No,Not Applicable,Yes,Yes,No,No,No,0,567.19,0.0,0.99,Web,Valid Claim,Chrome,12,Dark,-0.20453,B0200
REC00612,CLM00440,CUS00206,PRD00929,Laptop,ZenCore,ZEN-LAP-511,SN-61192105,2023-07-12,2025-10-14,2025-09-23,12,No,Connectivity Issue,Internal Component Failure,Yes,Yes,Yes,Yes,No,Yes,Yes,3,Yes,No,Not Applicable,Yes,Yes,No,No,No,2,468.61,473.26,0.886,Web,Invalid Claim,MobileWebView,10,Light,0.25068,B0016
REC00949,CLM00441,CUS00191,PRD00516,Smartphone,Aster,AST-SMA-145,SN-62038830,2024-07-09,2024-08-04,2024-07-13,12,No,Connectivity Issue,Internal Component Failure,Yes,Yes,Yes,Yes,Yes,Not Applicable,No,0,Not Applicable,No,Not Applicable,Yes,Yes,No,No,No,2,43.46,0.0,0.729,Web,Valid Claim,MobileWebView,39,System,0.20474,B0925
REC00667,CLM00442,CUS00217,PRD00212,Laptop,NovaTech,NOV-LAP-403,SN-45913986,2025-04-02,2025-04-21,2025-04-02,12,No,Overheating,Manufacturing Defect,Yes,Yes,Yes,Yes,Yes,Yes,Yes,3,Yes,No,Not Applicable,Yes,Yes,No,No,No,1,812.27,,0.559,Email,Manual Review,Firefox,34,Dark,-0.57633,B0363
REC00432,CLM00443,CUS00597,PRD00748,Smartphone,Aster,AST-SMA-790,SN-11228656,2025-03-29,2025-08-31,2025-08-30,36,Yes,Connectivity Issue,Manufacturing Defect,Yes,Yes,No,Yes,Yes,Yes,Yes,1,Yes,No,Not Applicable,Yes,Yes,No,No,No,1,808.86,244.67,0.729,Mobile App,Manual Review,Safari,41,Dark,-1.11661,B0562
REC01061,CLM00444,CUS00583,PRD00588,Air Conditioner,ZenCore,ZEN-AIR-842,SN-88444268,2024-04-29,2026-06-03,2026-05-15,36,No,Water Leakage,Electrical Failure,Yes,Yes,Yes,Yes,Yes,Not Applicable,No,0,Not Applicable,No,Not Applicable,Yes,Yes,No,No,No,0,289.33,0.0,,Mobile App,Valid Claim,Chrome,27,Light,0.52687,B0220
REC00493,CLM00445,CUS00577,PRD00632,Television,Aster,AST-TEL-354,SN-82356083,2025-04-27,2025-06-07,2025-06-02,12,No,Power Failure,Electrical Failure,Yes,Yes,Yes,Yes,Yes,Not Applicable,No,0,Not Applicable,No,Not Applicable,Yes,Yes,No,No,No,0,187.42,0.0,0.604,Mobile App,Manual Review,Edge,35,Light,-0.98481,B0293
REC00355,CLM00446,CUS00161,PRD00123,Laptop,Aster,AST-LAP-830,SN-92266575,2023-04-30,2025-12-10,2025-11-17,12,No,Battery Problem,Electrical Failure,Yes,Yes,Yes,Yes,No,Not Applicable,No,0,Not Applicable,No,Not Applicable,Yes,Yes,No,No,No,0,280.48,0.0,0.907,Web,Invalid Claim,Safari,17,System,-0.84416,B0239
REC00462,CLM00447,CUS00004,PRD00667,Air Conditioner,ZenCore,ZEN-AIR-848,SN-40448076,2023-06-09,2025-03-08,2025-02-12,24,Yes,Water Leakage,Physical Damage,Yes,Yes,,Yes,Yes,Yes,Yes,2,Yes,No,Not Applicable,Yes,Yes,No,No,No,1,404.41,221.51,0.818,Mobile App,Invalid Claim,Edge,15,Light,-1.3374,B0466
REC00763,CLM00448,CUS00673,PRD00856,Washing Machine,HomePro,HOM-WAS-139,SN-44448463,2023-12-20,2025-09-03,2025-08-21,36,No,Water Leakage,Manufacturing Defect,Yes,No,Yes,Yes,Yes,Not Applicable,No,0,Not Applicable,No,Not Applicable,Yes,Yes,No,Yes,No,4,1346.89,0.0,0.846,Service Center,Valid Claim,Edge,13,Light,0.53277,B0385
REC00369,CLM00449,CUS00046,PRD00305,Laptop,Aster,AST-LAP-849,SN-67941067,2023-10-30,2025-07-01,2025-06-05,24,No,Power Failure,Normal Wear,Yes,Yes,Yes,,Yes,Not Applicable,No,0,Not Applicable,No,Not Applicable,Yes,Yes,No,No,Yes,0,394.41,0.0,0.913,Service Center,Invalid Claim,Chrome,51,Light,0.68761,B0645
REC00662,CLM00450,CUS00134,PRD00416,Air Conditioner,Aster,AST-AIR-557,SN-36367980,2024-08-04,2026-09-08,2026-08-31,24,No,Cooling Failure,Electrical Failure,Yes,Yes,Yes,Yes,Yes,Not Applicable,No,0,Not Applicable,No,Not Applicable,Yes,Yes,No,No,No,0,1427.78,0.0,0.765,Email,Invalid Claim,Firefox,6,System,-1.17854,B0820
REC-DUP-0028,CLM00451,CUS00225,PRD00769,Refrigerator,Aster,AST-REF-690,SN-76227300,2025-01-10,2025-08-23,2025-07-12,12,No,Power Failure,Normal Wear,Yes,Yes,Yes,Yes,No,No,Yes,2,Yes,No,Not Applicable,Yes,Yes,No,No,Yes,0,1470.04,445.23,,Mobile App,Invalid Claim,Firefox,55,Dark,2.50858,B0840
REC00436,CLM00452,CUS00060,PRD00236,Laptop,NovaTech,NOV-LAP-255,SN-55780276,2024-06-13,2026-08-25,2026-08-18,12,No,Overheating,Internal Component Failure,No,Yes,Yes,Yes,No,Not Applicable,No,0,Not Applicable,No,Not Applicable,Yes,Yes,No,No,No,0,1125.11,0.0,0.459,Service Center,Invalid Claim,Firefox,3,Light,-0.59327,B0170
REC00352,CLM00453,CUS00082,PRD00235,Air Conditioner,Aster,,SN-78369080,2024-10-31,2026-05-11,2026-05-04,24,No,Power Failure,Accidental Damage,Yes,Yes,Yes,Yes,,Not Applicable,No,0,Not Applicable,No,Not Applicable,No,Yes,No,No,No,1,735.87,0.0,0.982,Web,Invalid Claim,Firefox,42,Dark,-0.19184,B0725
REC01034,CLM00454,CUS00334,PRD00201,Washing Machine,ZenCore,ZEN-WAS-980,SN-11317060,2025-12-08,2026-06-11,2026-06-03,36,No,Noise,Manufacturing Defect,Yes,Yes,No,Yes,Yes,Not Applicable,No,0,Not Applicable,No,Not Applicable,Yes,Yes,No,No,No,1,667.02,0.0,0.791,Mobile App,Manual Review,Edge,58,Dark,-2.63201,B0377
REC-DUP-0019,CLM00455,CUS00340,PRD00877,Camera,NovaTech,NOV-CAM-809,SN-93756981,2023-09-28,2023-10-22,2023-09-29,12,No,Display Failure,Accidental Damage,Yes,Yes,Yes,Yes,Yes,Not Applicable,No,0,Not Applicable,No,Not Applicable,Yes,No,No,No,No,1,85.77,0.0,0.775,Email,Invalid Claim,MobileWebView,0,Dark,0.5933,B0363
REC00074,CLM00456,CUS00420,PRD00928,Refrigerator,Aster,AST-REF-102,SN-50311883,2024-04-18,2026-07-28,2026-07-02,12,No,Mechanical Failure,Electrical Failure,Yes,Yes,Yes,No,Yes,,No,0,Not Applicable,No,Not Applicable,Yes,Yes,No,No,No,2,1029.11,0.0,0.731,Mobile App,Invalid Claim,Firefox,26,System,0.97391,B0060
REC00516,CLM00457,CUS00255,PRD00398,Television,PrimeView,PRI-TEL-973,SN-30517941,2024-11-16,2025-08-22,2025-08-16,36,No,Display Failure,Manufacturing Defect,Yes,Yes,Yes,Yes,Yes,Not Applicable,No,0,Not Applicable,No,Not Applicable,Yes,Yes,No,No,No,2,807.58,0.0,0.86,Email,Valid Claim,Chrome,10,Light,0.16602,B0454
REC00894,CLM00458,CUS00134,PRD00210,Refrigerator,Aster,AST-REF-703,SN-88144546,2025-08-04,2025-10-18,2025-08-31,12,No,Water Leakage,Normal Wear,Yes,No,Yes,No,Yes,Not Applicable,No,0,Not Applicable,No,Not Applicable,Yes,Yes,No,No,No,0,1003.84,0.0,0.831,Email,Invalid Claim,Chrome,59,Dark,-0.9745,B0739
REC00554,CLM00459,CUS00123,PRD00997,Camera,Aster,AST-CAM-277,SN-20716338,2025-05-28,2025-12-05,2025-11-24,36,No,Display Failure,Normal Wear,No,Yes,Yes,Yes,Yes,Not Applicable,No,0,Not Applicable,No,Not Applicable,Yes,Yes,No,No,No,0,412.08,0.0,0.817,Web,Invalid Claim,Chrome,54,Dark,1.24616,B0967
REC00049,CLM00460,CUS00118,PRD00774,Television,PrimeView,,SN-88248393,,2024-01-18,2024-01-01,36,No,Power Failure,Internal Component Failure,Yes,No,Yes,No,Yes,Not Applicable,No,0,Not Applicable,No,Not Applicable,No,Yes,No,No,No,2,,0.0,,Web,Invalid Claim,Firefox,37,Light,1.01203,B0997
REC00963,CLM00461,CUS00368,PRD00076,Laptop,ZenCore,ZEN-LAP-265,SN-76893395,2024-08-02,2025-12-11,2025-12-03,24,No,Display Failure,Electrical Failure,Yes,Yes,Yes,Yes,Yes,Not Applicable,No,0,Not Applicable,Yes,Yes,No,Yes,No,No,No,0,289.08,0.0,0.761,Service Center,Invalid Claim,MobileWebView,51,Light,-1.25208,B0653
REC00533,CLM00462,CUS00350,PRD00728,Refrigerator,HomePro,HOM-REF-566,SN-78494423,2025-03-30,2025-08-29,2025-08-16,24,No,Cooling Failure,Electrical Failure,,Yes,Yes,Yes,,Not Applicable,No,0,Not Applicable,No,Not Applicable,Yes,Yes,No,No,No,0,93.13,0.0,0.826,Web,Valid Claim,Firefox,16,Dark,0.65709,B0990
REC01367,CLM00463,CUS00036,PRD00626,Printer,HomePro,HOM-PRI-846,SN-18392969,2025-05-22,2026-06-19,2026-06-08,12,No,Connectivity Issue,Internal Component Failure,Yes,No,Yes,Yes,Yes,Not Applicable,No,0,Not Applicable,No,Not Applicable,Unknown,Yes,No,No,No,1,857.82,0.0,0.558,Email,Invalid Claim,Firefox,25,Light,2.13299,B0662
REC00110,CLM00464,CUS00071,PRD00086,Laptop,Aster,AST-LAP-364,SN-69554057,2023-01-16,2025-09-04,2025-08-14,12,No,Power Failure,Manufacturing Defect,Yes,Yes,Yes,Yes,Yes,Not Applicable,No,0,Not Applicable,Yes,Yes,Yes,Yes,No,Yes,No,1,1791.63,0.0,0.698,Mobile App,Invalid Claim,MobileWebView,51,System,-1.52152,B0797
REC00322,CLM00465,CUS00260,PRD00159,Refrigerator,,AST-REF-567,SN-42675635,2023-01-10,2025-11-13,2025-10-25,24,No,Noise,Water Damage,Yes,Yes,Yes,Yes,Yes,Yes,Yes,2,Yes,No,Not Applicable,Yes,Yes,No,No,No,1,1539.29,252.8,0.597,Web,Invalid Claim,Safari,11,Light,-0.79484,B0946
REC00987,CLM00466,CUS00202,PRD00308,Smartphone,NovaTech,NOV-SMA-574,SN-47675771,2025-03-05,2025-12-09,2025-11-25,24,No,Battery Problem,Normal Wear,Yes,Yes,Yes,,Yes,Not Applicable,No,0,Not Applicable,No,Not Applicable,Yes,Yes,No,No,No,0,653.79,0.0,0.796,Web,Invalid Claim,Chrome,30,Dark,0.43228,B0279
REC01413,CLM00467,CUS00182,PRD00355,Air Conditioner,HomePro,HOM-AIR-867,SN-28832312,2026-01-09,2026-06-14,2026-05-22,36,No,Noise,Electrical Failure,Yes,Yes,Yes,Yes,Yes,No,Yes,1,No,No,Not Applicable,Unknown,Yes,No,No,No,0,173.26,375.64,0.792,Web,Invalid Claim,Safari,43,Dark,0.22807,B0972
REC-DUP-0035,CLM00468,CUS00308,PRD00962,Laptop,NovaTech,NOV-LAP-264,SN-75444071,2023-09-20,2025-02-23,2025-02-06,36,No,Power Failure,Accidental Damage,No,Yes,Yes,Yes,Yes,No,Yes,1,No,No,Not Applicable,Yes,Yes,No,No,No,0,335.78,372.65,0.76,Web,Invalid Claim,Edge,15,Light,-1.97712,B0567
REC00212,CLM00469,CUS00599,PRD00765,Laptop,Aster,AST-LAP-574,SN-63086880,2024-11-19,2026-04-20,2026-04-10,24,No,Battery Problem,Internal Component Failure,Yes,No,Yes,Yes,Yes,Not Applicable,No,0,Not Applicable,Yes,Yes,Yes,Yes,No,No,No,1,826.46,0.0,0.957,Email,Valid Claim,Chrome,15,System,-0.80551,B0646
REC00616,CLM00470,CUS00371,PRD00265,Television,PrimeView,PRI-TEL-278,SN-63899722,2025-03-22,2025-11-30,2025-11-23,12,No,Connectivity Issue,Manufacturing Defect,Yes,Yes,Yes,No,Yes,Not Applicable,No,0,Not Applicable,No,Not Applicable,Unknown,Yes,No,No,No,0,509.98,0.0,0.892,Web,Manual Review,Edge,23,Light,0.7785,B0109
REC00882,CLM00471,CUS00286,PRD00953,Camera,NovaTech,NOV-CAM-112,SN-93017826,2023-06-21,2026-03-21,2026-03-09,36,Yes,Power Failure,Manufacturing Defect,Yes,Yes,Yes,Yes,Yes,Not Applicable,No,0,Not Applicable,No,Not Applicable,Yes,Yes,No,Yes,No,1,479.07,0.0,0.827,Mobile App,Valid Claim,Chrome,54,Dark,1.21815,B0289
REC01014,CLM00472,CUS00289,PRD00494,Washing Machine,HomePro,HOM-WAS-674,SN-60757758,2025-02-15,2026-04-21,2026-04-09,24,No,Water Leakage,Manufacturing Defect,Yes,Yes,Yes,Yes,Yes,Not Applicable,No,0,Not Applicable,No,Not Applicable,Yes,Yes,No,No,No,0,728.89,0.0,0.885,Web,Valid Claim,Chrome,16,Light,-0.69761,B0415
REC01491,CLM00473,CUS00691,PRD00519,Laptop,ZenCore,ZEN-LAP-286,SN-34699521,2023-05-31,2024-04-18,2024-03-22,12,No,Overheating,Manufacturing Defect,Yes,Yes,Yes,Yes,Yes,Yes,Yes,3,Yes,No,Not Applicable,Yes,Yes,No,No,No,5,478.46,121.25,0.804,Mobile App,Valid Claim,Edge,21,Dark,1.17327,B0819
REC00895,CLM00474,CUS00616,PRD00188,Television,Aster,AST-TEL-540,SN-10407871,2024-04-08,2026-03-17,2026-03-12,24,No,Audio Failure,Misuse,Yes,Yes,Yes,Yes,Yes,Not Applicable,No,0,Not Applicable,No,Not Applicable,Yes,Yes,No,No,No,0,1006.65,0.0,0.856,Service Center,Invalid Claim,Chrome,41,Light,0.4113,B0971
REC00739,CLM00475,CUS00683,PRD00241,Smartphone,PrimeView,PRI-SMA-705,SN-28547123,2023-04-03,2025-07-01,2025-04-30,24,No,Overheating,Accidental Damage,Yes,Yes,Yes,Yes,Yes,Yes,Yes,2,Yes,No,Not Applicable,Yes,Yes,No,No,No,1,348.38,391.7,0.901,Service Center,Invalid Claim,Chrome,44,Dark,1.21898,B0885
REC01212,CLM00476,CUS00305,PRD00951,Washing Machine,HomePro,HOM-WAS-126,SN-49699594,2023-12-19,2025-06-09,2025-05-30,24,No,Noise,Electrical Failure,Yes,Yes,Yes,Yes,Yes,Not Applicable,No,0,Not Applicable,No,Not Applicable,Yes,Yes,No,No,No,0,875.48,0.0,0.876,Web,Valid Claim,MobileWebView,1,System,1.92145,B0572
REC00640,CLM00477,CUS00038,PRD00211,Television,Aster,AST-TEL-678,SN-20335431,2025-09-04,2026-06-09,2026-05-17,24,No,Display Failure,Electrical Failure,Yes,Yes,Yes,Yes,,Not Applicable,No,0,Not Applicable,No,Not Applicable,Yes,Yes,No,No,No,50,1007.75,0.0,0.882,Web,Manual Review,Firefox,2,Light,0.3792,B0299
REC00954,CLM00478,CUS00407,PRD00521,Washing Machine,PrimeView,PRI-WAS-241,SN-58810878,2023-07-15,2024-11-05,2024-10-31,36,No,Power Failure,Internal Component Failure,Yes,Yes,Yes,Yes,Yes,Not Applicable,No,0,Not Applicable,Yes,Yes,Yes,Yes,No,No,No,0,321.66,0.0,0.47,Service Center,Manual Review,Firefox,57,System,0.87493,B0172
REC00613,CLM00479,CUS00400,PRD00147,Camera,PrimeView,PRI-CAM-935,,2023-02-03,2025-01-05,2024-12-27,12,No,Connectivity Issue,Physical Damage,Yes,Yes,Yes,Yes,Yes,No,Yes,3,Yes,No,Not Applicable,Yes,Yes,No,No,No,0,3012.9,243.73,0.767,Email,Invalid Claim,Chrome,57,Dark,-0.33585,B0952
REC00424,CLM00480,CUS00140,PRD00971,Air Conditioner,Aster,AST-AIR-226,SN-50117641,2023-10-13,2025-11-05,2025-10-20,36,No,Cooling Failure,Manufacturing Defect,Yes,Yes,No,Yes,Yes,Not Applicable,No,0,Not Applicable,No,Not Applicable,Yes,Yes,No,No,Yes,0,407.0,0.0,0.759,Email,Manual Review,Edge,31,Dark,-2.15156,B0106
REC00363,CLM00481,CUS00477,PRD00514,Air Conditioner,Aster,AST-AIR-605,SN-37397301,2023-02-15,2026-02-21,2026-01-15,36,No,Water Leakage,Accidental Damage,Yes,Yes,Yes,Yes,Yes,Yes,Yes,1,Unknown,No,Not Applicable,Yes,Yes,No,No,No,2,786.47,605.26,0.776,Web,Invalid Claim,Firefox,44,Dark,0.33939,B0705
REC00856,CLM00482,CUS00240,PRD00875,Air Conditioner,,AST-AIR-820,SN-60432222,2025-12-30,2026-04-23,2026-04-12,24,No,Cooling Failure,Internal Component Failure,Yes,,Yes,Yes,Yes,Not Applicable,No,0,Not Applicable,No,Not Applicable,Yes,Yes,No,No,No,1,2041.21,0.0,0.964,Web,Valid Claim,Safari,33,System,-0.24346,B0756
REC00681,CLM00483,CUS00203,PRD00317,Smartphone,NovaTech,NOV-SMA-779,SN-93593512,2026-02-17,2026-09-12,2026-09-01,12,No,Battery Problem,Internal Component Failure,Yes,Yes,Yes,Yes,Yes,Not Applicable,No,0,Not Applicable,No,Not Applicable,Yes,Yes,No,No,No,0,512.15,0.0,0.848,Web,Valid Claim,MobileWebView,34,Light,0.99848,B0428
REC00832,CLM00484,CUS00288,PRD00165,Refrigerator,HomePro,HOM-REF-718,SN-87244963,2024-11-22,2025-09-21,2025-09-14,36,No,Power Failure,Internal Component Failure,Yes,Yes,Yes,Yes,Yes,Yes,Yes,1,Yes,No,Not Applicable,Yes,Yes,No,No,No,0,916.52,459.84,0.918,Web,Valid Claim,Firefox,18,Light,1.34345,B0627
REC01295,CLM00485,CUS00418,PRD00339,Washing Machine,ZenCore,ZEN-WAS-350,SN-31226237,2023-08-29,2025-09-03,2025-08-20,12,No,Noise,Internal Component Failure,Yes,Yes,Yes,Yes,,Not Applicable,No,0,Not Applicable,No,Not Applicable,Yes,Yes,No,No,No,1,750.36,0.0,0.927,Web,Invalid Claim,Edge,25,System,-1.8458,B0874
REC00448,CLM00486,CUS00536,PRD00521,Television,PrimeView,PRI-TEL-400,SN-31655661,2023-04-18,2023-08-01,2023-07-30,12,No,Power Failure,Internal Component Failure,Yes,Yes,Yes,Yes,Yes,Not Applicable,No,0,Not Applicable,No,Not Applicable,Yes,Yes,No,No,No,0,226.11,0.0,0.976,Web,Valid Claim,MobileWebView,31,Light,-0.14366,B0478
REC00903,CLM00487,CUS00168,PRD00061,Laptop,ZenCore,ZEN-LAP-855,SN-23221178,2023-11-22,2024-04-08,2024-03-16,24,Yes,Connectivity Issue,Misuse,No,Yes,Yes,Yes,No,,No,0,Not Applicable,No,Not Applicable,Yes,Yes,No,No,No,0,1614.15,0.0,0.471,Web,Invalid Claim,Safari,20,System,-0.15654,B0247
REC01095,CLM00488,CUS00284,PRD00893,Refrigerator,ZenCore,ZEN-REF-356,SN-57272239,2025-04-30,2026-04-26,2026-04-01,12,No,Water Leakage,Internal Component Failure,,No,Yes,Yes,Yes,Not Applicable,No,0,Not Applicable,No,Not Applicable,Yes,Yes,No,No,No,1,1024.53,0.0,0.792,Mobile App,Valid Claim,Firefox,29,System,0.74465,B0775
REC00284,CLM00489,CUS00490,PRD00053,Camera,NovaTech,NOV-CAM-558,SN-12219127,2025-10-23,2026-09-01,2026-08-11,24,No,Power Failure,Manufacturing Defect,Yes,Yes,Yes,,Yes,Not Applicable,No,0,Not Applicable,No,Not Applicable,Yes,Yes,No,No,No,1,1106.18,0.0,0.894,Service Center,Valid Claim,Safari,23,Light,1.13638,B0849
REC00608,CLM00490,CUS00524,PRD00257,Television,Aster,AST-TEL-991,SN-35646438,2024-06-23,2025-01-25,2025-01-18,12,No,Audio Failure,Water Damage,Yes,Yes,Yes,Yes,Yes,Not Applicable,No,0,Not Applicable,No,Not Applicable,Yes,Yes,No,No,No,0,464.33,0.0,0.942,Service Center,Invalid Claim,Firefox,40,Light,-0.7205,B0834
REC00995,CLM00491,CUS00587,PRD00542,Printer,NovaTech,NOV-PRI-713,SN-43175386,2025-02-04,2026-07-23,2026-07-17,24,No,Power Failure,Electrical Failure,Yes,Yes,Yes,,Yes,Not Applicable,No,0,Not Applicable,No,Not Applicable,Yes,Yes,No,No,No,3,276.74,0.0,0.639,Mobile App,Manual Review,Chrome,13,System,0.98049,B0277
REC00014,CLM00492,CUS00424,PRD00646,Camera,PrimeView,PRI-CAM-675,SN-70155717,2023-03-14,2026-08-11,2026-07-31,24,No,Display Failure,Electrical Failure,Yes,Yes,Yes,No,Yes,Not Applicable,No,0,Not Applicable,No,Not Applicable,Yes,Yes,No,No,No,1,266.53,0.0,0.861,Mobile App,Invalid Claim,Safari,21,System,-1.63722,B0387
REC01395,CLM00493,CUS00258,PRD00519,Washing Machine,HomePro,HOM-WAS-909,SN-88034392,2025-03-14,2026-08-03,2026-07-16,24,No,Power Failure,Internal Component Failure,No,Yes,Yes,Yes,Yes,Not Applicable,No,0,Not Applicable,No,Not Applicable,Yes,Yes,No,No,No,1,634.91,0.0,0.838,Web,Manual Review,Chrome,42,System,0.98018,B0736
REC00708,CLM00494,CUS00187,PRD00116,Smartphone,Aster,AST-SMA-497,SN-51936186,2024-08-07,2025-05-13,2025-04-01,24,No,Battery Problem,Normal Wear,Yes,Yes,Yes,Yes,Yes,Not Applicable,No,0,Not Applicable,No,Not Applicable,Yes,Yes,No,No,No,2,701.92,0.0,0.982,Web,Invalid Claim,Chrome,1,System,-1.90535,B0539
REC00675,CLM00495,CUS00400,PRD00994,Smartphone,PrimeView,PRI-SMA-394,SN-93830844,2024-11-12,2026-07-31,2026-07-21,12,Yes,Power Failure,Electrical Failure,No,Yes,Yes,Yes,Yes,Not Applicable,No,0,Not Applicable,No,Not Applicable,Yes,No,No,No,No,2,119.66,0.0,0.73,Web,Manual Review,Firefox,32,Light,-0.07061,B0936
REC00388,CLM00496,CUS00466,PRD00178,Camera,NovaTech,NOV-CAM-372,SN-88611352,2023-02-10,2023-03-02,2023-02-17,12,No,Display Failure,Internal Component Failure,Yes,Yes,Yes,Yes,Yes,Yes,Yes,3,Yes,No,Not Applicable,Yes,Yes,No,No,No,1,1155.69,147.18,0.831,Mobile App,Valid Claim,Edge,46,Dark,0.07088,B0485
REC01387,CLM00497,CUS00197,PRD00452,Washing Machine,PrimeView,PRI-WAS-641,SN-72725242,2025-02-11,2025-12-27,2025-12-02,24,No,Water Leakage,Manufacturing Defect,Yes,Yes,Yes,No,Yes,,No,0,Not Applicable,No,Not Applicable,Yes,No,No,No,No,0,823.47,0.0,0.892,Service Center,Manual Review,Chrome,6,Light,0.81247,B0986
REC01202,CLM00498,CUS00076,PRD00541,Washing Machine,HomePro,HOM-WAS-729,SN-98428155,2023-05-14,2025-07-16,2025-06-18,24,No,Water Leakage,Manufacturing Defect,Yes,Yes,Yes,No,Yes,Not Applicable,No,0,Not Applicable,No,Not Applicable,Yes,Yes,No,No,No,1,812.77,0.0,0.828,Service Center,Invalid Claim,Edge,33,Dark,-1.18932,B0053
REC00486,CLM00499,CUS00263,PRD00469,Washing Machine,HomePro,,SN-83779895,2023-11-14,2024-02-17,2024-01-31,24,No,Power Failure,Water Damage,Yes,No,Yes,No,Yes,Not Applicable,No,0,Not Applicable,No,Not Applicable,Yes,No,No,No,No,0,,0.0,0.749,Service Center,Invalid Claim,Safari,11,System,1.79284,B0309
REC00425,CLM00500,CUS00302,PRD00767,Printer,HomePro,HOM-PRI-982,SN-91030367,2025-06-01,2025-09-11,2025-09-02,12,No,Connectivity Issue,Electrical Failure,Yes,No,Yes,Yes,Yes,Not Applicable,No,0,Not Applicable,No,Not Applicable,No,Yes,No,No,No,3,143.56,,0.9,Mobile App,Invalid Claim,Safari,33,Light,0.10549,B0039
REC00091,CLM00501,CUS00136,PRD00734,Television,PrimeView,PRI-TEL-921,SN-28567223,2026-01-14,2026-02-06,2026-01-17,36,No,Power Failure,Accidental Damage,Yes,Yes,Yes,Yes,,Yes,Yes,1,Yes,No,Not Applicable,Yes,Yes,No,No,No,1,,542.63,0.855,Email,Invalid Claim,Edge,26,Dark,-0.42911,B0494
REC00601,CLM00502,CUS00670,PRD00016,Laptop,ZenCore,ZEN-LAP-955,SN-54048568,2023-09-11,2026-01-13,2025-12-31,24,Yes,Battery Problem,Internal Component Failure,Yes,Yes,Yes,,Yes,No,Yes,2,Yes,No,Not Applicable,Yes,Yes,No,No,No,1,123.77,120.21,0.707,Service Center,Manual Review,Chrome,14,System,-0.92135,B0120
REC01088,CLM00503,CUS00456,PRD00827,Camera,NovaTech,NOV-CAM-732,SN-52819285,2023-03-26,2025-10-15,2025-09-29,12,No,Display Failure,Internal Component Failure,Yes,No,Yes,Yes,Yes,Not Applicable,No,0,Not Applicable,No,Not Applicable,Yes,Yes,No,No,No,3,2271.4,,0.796,Web,Invalid Claim,Firefox,20,System,-0.35056,B0816
REC00017,CLM00504,CUS00106,PRD00127,Air Conditioner,ZenCore,ZEN-AIR-391,SN-63472267,2025-07-29,2026-01-15,2026-01-01,24,No,Noise,Internal Component Failure,Yes,Yes,Yes,Yes,Yes,Not Applicable,No,0,Not Applicable,No,Not Applicable,Yes,No,No,No,No,2,750.59,0.0,0.809,Mobile App,Manual Review,Chrome,59,Dark,-1.36768,B0616
REC00504,CLM00505,CUS00665,PRD00839,Smartphone,,NOV-SMA-347,SN-49330820,2024-04-21,2026-03-11,2026-02-24,36,Yes,Battery Problem,Manufacturing Defect,Yes,Yes,Yes,Yes,Yes,Yes,Yes,2,Yes,No,Not Applicable,Yes,No,No,No,Yes,0,872.47,82.62,0.657,Mobile App,Manual Review,Safari,16,Dark,0.05105,B0098
REC01057,CLM00506,CUS00399,PRD00891,Air Conditioner,HomePro,HOM-AIR-694,SN-11879714,2024-02-04,2025-04-01,2025-03-03,36,No,Power Failure,Internal Component Failure,Yes,Yes,Yes,Yes,Yes,Not Applicable,No,0,Not Applicable,No,Not Applicable,Yes,Yes,No,No,No,1,176.13,0.0,0.772,Email,Valid Claim,Firefox,1,Dark,0.25412,B0866
REC00376,CLM00507,CUS00100,PRD00408,Air Conditioner,HomePro,HOM-AIR-385,SN-78841752,2025-02-09,2026-05-22,2026-04-29,12,No,Water Leakage,Electrical Failure,Yes,,Yes,Yes,Yes,Not Applicable,No,0,Not Applicable,No,Not Applicable,Yes,Yes,No,No,No,1,1970.9,0.0,0.993,Web,Invalid Claim,Firefox,17,System,-0.21549,B0042
REC01118,CLM00508,CUS00119,PRD00297,Television,HomePro,HOM-TEL-952,SN-11516343,2025-11-19,2025-12-21,2025-12-11,24,No,Audio Failure,Accidental Damage,Yes,Yes,Yes,Yes,Yes,Not Applicable,No,0,Not Applicable,No,Not Applicable,Yes,Yes,No,No,No,0,713.85,0.0,0.861,Web,Invalid Claim,MobileWebView,6,Dark,-1.42462,B0427
REC01109,CLM00509,CUS00463,PRD00480,Printer,PrimeView,PRI-PRI-703,SN-82004168,2023-01-27,2025-12-02,2025-12-01,24,No,Connectivity Issue,Internal Component Failure,Yes,,Yes,Yes,Yes,Not Applicable,No,0,Not Applicable,No,Not Applicable,Yes,Yes,No,No,No,1,286.47,0.0,0.922,Web,Invalid Claim,Firefox,12,System,-0.74662,B0178
REC00951,CLM00510,CUS00181,PRD00774,Washing Machine,PrimeView,PRI-WAS-258,SN-15375308,2025-09-24,2026-08-04,2026-07-24,24,No,Water Leakage,Accidental Damage,Yes,No,Yes,Yes,Yes,Yes,Yes,2,Yes,No,Not Applicable,Yes,Yes,No,No,No,2,640.6,225.57,0.745,Mobile App,Invalid Claim,Firefox,42,System,-3.24113,B0036
REC00056,CLM00511,CUS00648,PRD00539,Printer,PrimeView,PRI-PRI-467,SN-41055311,2023-12-16,2024-08-31,2024-08-22,36,No,Connectivity Issue,Manufacturing Defect,Yes,Yes,Yes,Yes,Yes,Not Applicable,No,0,Not Applicable,No,Not Applicable,Yes,Yes,Yes,No,Yes,1,691.7,0.0,0.699,Web,Invalid Claim,Safari,44,Dark,-0.26697,B0614
REC00261,CLM00512,CUS00268,PRD00041,Refrigerator,HomePro,HOM-REF-611,SN-16478298,2025-02-08,2026-03-25,2026-03-16,12,Yes,Noise,Manufacturing Defect,Yes,Yes,Yes,Yes,Yes,Yes,Yes,2,Yes,No,Not Applicable,Yes,Yes,No,No,No,1,725.65,91.87,0.537,Mobile App,Manual Review,Chrome,11,Light,0.66417,B0304
REC00343,CLM00513,CUS00661,PRD00745,Smartphone,PrimeView,PRI-SMA-274,SN-74346732,2023-12-25,2026-01-26,2026-01-19,36,Yes,Overheating,Misuse,Yes,Yes,Yes,No,No,Not Applicable,No,0,Not Applicable,No,Not Applicable,Yes,Yes,No,No,No,1,312.63,0.0,0.835,Email,Invalid Claim,Firefox,21,System,1.15394,B0354
REC01370,CLM00514,CUS00227,PRD00323,Printer,PrimeView,PRI-PRI-658,SN-32818093,2024-12-01,2025-12-31,2025-12-11,24,No,Power Failure,Internal Component Failure,Yes,,Yes,,Yes,Not Applicable,No,0,Not Applicable,Yes,Yes,Yes,No,No,No,No,1,441.79,0.0,0.554,Service Center,Manual Review,Firefox,32,Dark,2.49732,B0438
REC00233,CLM00515,CUS00647,PRD00903,Washing Machine,HomePro,HOM-WAS-568,SN-72376351,2026-02-02,2026-02-20,2026-02-09,12,No,Water Leakage,Internal Component Failure,Yes,Yes,Yes,Yes,Yes,Yes,Yes,2,Yes,Yes,Yes,Yes,Yes,No,No,Yes,1,559.83,351.55,0.916,Web,Manual Review,MobileWebView,5,System,-0.74434,B0564
REC00593,CLM00516,CUS00519,PRD00733,Camera,Aster,AST-CAM-101,SN-33063668,2025-06-29,2026-06-16,2026-06-03,24,No,Display Failure,Electrical Failure,Yes,,No,Yes,Yes,Not Applicable,No,0,Not Applicable,No,Not Applicable,Yes,Yes,Yes,No,No,0,2522.91,0.0,,Service Center,Invalid Claim,MobileWebView,52,Dark,-0.07482,B0668
REC01482,CLM00517,CUS00474,PRD00319,Camera,PrimeView,PRI-CAM-436,SN-65908486,2024-06-23,2025-05-05,2025-04-19,24,No,Connectivity Issue,Internal Component Failure,Yes,,Yes,No,Yes,Yes,Yes,2,Yes,No,Not Applicable,Yes,Yes,No,No,No,1,909.12,597.81,0.876,Email,Manual Review,Safari,49,Light,-0.53684,B0957
REC00647,CLM00518,CUS00356,PRD00539,Camera,NovaTech,NOV-CAM-799,SN-29210702,2025-11-30,2026-06-08,2026-05-19,36,No,Power Failure,Manufacturing Defect,Yes,Yes,Yes,No,Yes,Not Applicable,No,0,Not Applicable,Yes,Yes,Yes,Yes,No,No,No,1,1408.81,0.0,0.865,Mobile App,Manual Review,MobileWebView,55,System,0.43437,B0568
REC01298,CLM00519,CUS00644,PRD00011,Air Conditioner,HomePro,HOM-AIR-305,SN-94503590,2026-01-27,2026-05-16,2026-04-30,12,No,Power Failure,Normal Wear,Yes,No,Yes,Yes,Yes,Yes,Yes,2,Yes,No,Not Applicable,Yes,Yes,No,No,No,0,497.84,615.85,0.964,Mobile App,Invalid Claim,Firefox,44,Dark,-0.29749,B0890
REC00398,CLM00520,CUS00294,PRD00988,Laptop,Aster,AST-LAP-424,SN-46243318,2024-11-21,2026-03-21,2026-01-24,12,No,Connectivity Issue,Internal Component Failure,Yes,Yes,Yes,Yes,,Not Applicable,No,0,Not Applicable,No,Not Applicable,Yes,Yes,No,No,No,1,191.64,0.0,0.587,Mobile App,Invalid Claim,Edge,59,Light,0.4264,B0456
REC00258,CLM00521,CUS00676,PRD00208,Printer,NovaTech,NOV-PRI-309,SN-28214973,2025-05-29,2025-10-06,2025-09-16,24,No,Paper Feed Failure,Electrical Failure,Yes,Yes,Yes,Yes,Yes,Not Applicable,No,0,Not Applicable,No,Not Applicable,Yes,Yes,No,No,No,0,184.7,0.0,0.938,Web,Valid Claim,Chrome,32,Dark,-0.74985,B0352
REC-DUP-0024,CLM00522,CUS00200,PRD00689,Washing Machine,PrimeView,PRI-WAS-341,SN-71748662,2026-01-12,,2026-04-20,24,No,Power Failure,Manufacturing Defect,No,Yes,Yes,Yes,Yes,Yes,Yes,3,Yes,No,Not Applicable,Yes,Yes,No,No,No,1,1209.98,87.26,0.873,Service Center,Manual Review,Chrome,52,Light,0.58199,B0192
REC00073,CLM00523,CUS00681,PRD00791,Smartphone,NovaTech,NOV-SMA-513,SN-95881132,2025-06-13,2026-09-01,2026-08-26,24,No,Battery Problem,Accidental Damage,Yes,Yes,Yes,Yes,Yes,Not Applicable,No,0,Not Applicable,No,Not Applicable,Yes,Yes,No,No,No,0,185.74,0.0,0.987,Web,Invalid Claim,Edge,51,Dark,1.20108,B0088
REC00008,CLM00524,CUS00341,PRD00904,Air Conditioner,ZenCore,ZEN-AIR-281,SN-73553381,2023-08-16,2023-11-29,2023-11-09,24,No,Noise,Physical Damage,Yes,,Yes,Yes,Yes,Not Applicable,No,0,Not Applicable,No,Not Applicable,Yes,Yes,No,No,Yes,1,725.2,0.0,0.96,Email,Invalid Claim,Firefox,8,System,-1.31592,B0728
REC00883,CLM00525,CUS00318,PRD00685,Printer,PrimeView,PRI-PRI-269,SN-55475181,2023-06-22,2026-04-22,2026-04-10,24,No,Paper Feed Failure,Physical Damage,Yes,Yes,Yes,,Yes,Yes,Yes,1,No,No,Not Applicable,Yes,Yes,No,No,Yes,2,588.43,212.37,0.829,Mobile App,Invalid Claim,Chrome,6,Light,0.99078,B0348
REC00087,CLM00526,CUS00693,PRD00235,Air Conditioner,ZenCore,ZEN-AIR-292,SN-51967246,2023-06-30,2024-06-11,2024-06-08,12,Yes,Power Failure,Electrical Failure,Yes,Yes,Yes,Yes,Yes,Yes,Yes,2,Yes,No,Not Applicable,Yes,Yes,No,No,No,0,1240.01,30.38,0.899,Mobile App,Valid Claim,Firefox,53,Light,-0.30183,B0350
REC01033,CLM00527,CUS00492,PRD00328,Printer,NovaTech,NOV-PRI-262,SN-48774791,2025-05-01,2025-09-29,2025-09-23,24,No,Power Failure,Manufacturing Defect,No,Yes,,Yes,Yes,Not Applicable,No,0,Not Applicable,No,Not Applicable,Yes,Yes,No,No,No,2,24.81,0.0,0.865,Mobile App,Manual Review,Firefox,45,System,0.04623,B0410
REC00358,CLM00528,CUS00083,PRD00466,Air Conditioner,Aster,AST-AIR-686,SN-72724511,2025-06-01,2025-08-07,2025-07-17,12,No,Power Failure,Misuse,Yes,Yes,,Yes,Yes,Not Applicable,No,0,Not Applicable,No,Not Applicable,Yes,Yes,No,No,No,0,705.63,0.0,0.864,Web,Invalid Claim,MobileWebView,42,Dark,-0.53441,B0463
REC01021,CLM00529,CUS00265,PRD00228,Air Conditioner,Aster,AST-AIR-859,SN-85779317,2024-01-21,2025-09-12,2025-08-26,36,Yes,Cooling Failure,Internal Component Failure,,Yes,Yes,No,Yes,Yes,Yes,2,Yes,No,Not Applicable,Yes,No,No,No,No,0,,559.26,0.897,Web,Manual Review,Firefox,56,Dark,-0.90774,B0463
REC00046,CLM00530,CUS00480,PRD00734,Refrigerator,ZenCore,ZEN-REF-714,SN-97129916,2024-07-20,2025-05-12,2025-05-06,12,No,Power Failure,Manufacturing Defect,Yes,Yes,Yes,Yes,Yes,Not Applicable,No,0,Not Applicable,No,Not Applicable,Yes,Yes,No,No,No,0,1059.01,0.0,0.764,Web,Valid Claim,MobileWebView,26,Dark,-0.37906,B0667
REC00210,CLM00531,CUS00449,PRD00462,Air Conditioner,ZenCore,ZEN-AIR-296,SN-71182196,2023-07-17,2025-10-10,2025-10-03,24,Yes,Power Failure,Electrical Failure,Yes,Yes,Yes,Yes,,Not Applicable,No,0,Not Applicable,No,Not Applicable,Yes,Yes,No,No,No,0,1188.12,0.0,0.98,Service Center,Valid Claim,Edge,37,System,-0.00166,B0621
REC00780,CLM00532,CUS00088,PRD00060,Refrigerator,HomePro,HOM-REF-616,SN-61739391,2024-02-20,2025-08-28,2025-08-15,36,No,Power Failure,Water Damage,Yes,Yes,Yes,Yes,Yes,Yes,Yes,2,Yes,No,Not Applicable,Yes,Yes,No,No,No,2,240.66,375.99,0.751,Service Center,Invalid Claim,MobileWebView,53,Light,-1.3424,B0883
REC00979,CLM00533,CUS00572,PRD00399,Smartphone,Aster,AST-SMA-590,SN-77730107,2025-07-02,2026-05-06,2026-04-26,24,No,Overheating,Physical Damage,Yes,Yes,Yes,Yes,Yes,Yes,Yes,2,Yes,No,Not Applicable,Yes,Yes,Yes,No,No,0,354.73,549.6,0.989,Web,Invalid Claim,Edge,34,Light,0.44336,B0007
REC01196,CLM00534,CUS00004,PRD00389,Washing Machine,,PRI-WAS-923,SN-70849074,2024-02-08,2024-07-18,2024-06-22,12,No,Mechanical Failure,Manufacturing Defect,No,Yes,Yes,Yes,Yes,,Yes,2,Yes,Yes,Yes,Yes,Yes,No,No,No,0,1514.42,97.62,0.826,Email,Manual Review,MobileWebView,52,Dark,0.89028,B0580
REC00564,CLM00535,CUS00463,PRD00947,Refrigerator,Aster,AST-REF-930,SN-70930898,2025-03-16,2025-04-20,2025-04-13,24,Yes,Noise,Electrical Failure,No,Yes,Yes,Yes,Yes,Not Applicable,No,0,Not Applicable,No,Not Applicable,Yes,Yes,No,No,No,1,136.61,0.0,0.827,Email,Manual Review,MobileWebView,36,Dark,-0.93882,B0418
REC00712,CLM00536,CUS00092,PRD00190,Camera,PrimeView,PRI-CAM-771,SN-55366731,2024-09-20,2026-08-27,2026-07-24,12,No,Battery Problem,Electrical Failure,Yes,Yes,Yes,Yes,Yes,Yes,Yes,2,Yes,No,Not Applicable,Yes,Yes,No,No,No,2,,155.11,0.879,Mobile App,Invalid Claim,Safari,47,System,0.09626,B0378
REC00770,CLM00537,CUS00036,PRD00889,Laptop,Aster,AST-LAP-780,SN-13655320,2025-04-03,2026-07-29,2026-07-08,12,No,Overheating,Manufacturing Defect,Yes,Yes,Yes,Yes,Yes,Yes,Yes,2,Yes,No,Not Applicable,Yes,Yes,No,No,No,2,1844.15,493.55,0.84,Service Center,Invalid Claim,Chrome,26,Light,1.05955,B0256
REC00981,CLM00538,CUS00335,PRD00211,Laptop,Aster,AST-LAP-911,SN-23572341,2023-06-29,2025-07-17,2025-07-08,36,No,Connectivity Issue,Accidental Damage,Yes,Yes,Yes,Yes,Yes,Yes,Yes,1,Yes,No,Not Applicable,Yes,Yes,No,No,No,3,471.05,190.45,0.957,Service Center,Invalid Claim,Chrome,51,Dark,-0.10762,B0270
REC00926,CLM00539,CUS00059,PRD00812,Smartphone,PrimeView,PRI-SMA-537,SN-61487603,2023-05-21,2023-08-01,2023-07-24,12,No,Overheating,Electrical Failure,Yes,Yes,Yes,Yes,Yes,Not Applicable,No,0,Not Applicable,No,Not Applicable,Yes,Yes,No,No,No,2,413.42,0.0,0.793,Mobile App,Valid Claim,Firefox,41,Light,3.30014,B0364
REC00758,CLM00540,CUS00370,PRD00037,Television,PrimeView,PRI-TEL-800,SN-77952601,2025-06-18,2025-07-22,2025-07-04,36,No,Audio Failure,Manufacturing Defect,Yes,Yes,Yes,Yes,Yes,Not Applicable,No,0,Not Applicable,No,Not Applicable,Yes,Yes,No,No,No,0,190.04,0.0,0.845,Email,Valid Claim,Edge,20,Dark,0.52037,B0145
REC00209,CLM00541,CUS00083,PRD00458,Camera,Aster,AST-CAM-956,SN-74901244,2024-04-07,2024-11-21,2024-10-20,24,No,Battery Problem,Manufacturing Defect,No,Yes,Yes,Yes,Yes,Not Applicable,No,0,Not Applicable,Yes,Yes,Yes,Yes,No,No,No,0,591.78,0.0,0.984,Mobile App,Invalid Claim,Chrome,27,Light,-0.87675,B0012
REC00550,CLM00542,CUS00375,PRD00993,Camera,PrimeView,PRI-CAM-687,SN-51345323,2025-07-13,2026-09-13,2026-09-07,24,No,Connectivity Issue,Water Damage,Yes,Yes,,Yes,Yes,Not Applicable,No,0,Not Applicable,No,Not Applicable,Yes,Yes,No,No,No,0,344.53,0.0,0.747,Email,Invalid Claim,Chrome,46,System,-0.75167,B0068
REC00442,CLM00543,CUS00128,PRD00567,Printer,PrimeView,PRI-PRI-655,SN-37948067,2024-07-06,2025-06-16,2025-06-12,24,No,Mechanical Failure,Manufacturing Defect,Yes,Yes,Yes,No,Yes,Not Applicable,No,0,Not Applicable,No,Not Applicable,No,Yes,No,No,No,0,191.08,0.0,0.626,Mobile App,Invalid Claim,Chrome,18,Light,-1.96457,B0394
REC01357,CLM00544,CUS00342,PRD00311,Television,HomePro,HOM-TEL-271,SN-13774969,2025-01-12,2026-02-09,2026-01-15,24,No,Power Failure,Electrical Failure,No,Yes,Yes,Yes,Yes,Not Applicable,No,0,Not Applicable,No,Not Applicable,Yes,Yes,No,No,No,0,2317.27,0.0,0.904,Web,Manual Review,MobileWebView,46,Light,-1.35562,B0802
REC00810,CLM00545,CUS00115,PRD00708,Camera,PrimeView,PRI-CAM-528,SN-45729870,2025-12-05,2026-06-01,2026-05-15,24,No,Power Failure,Manufacturing Defect,Yes,Yes,Yes,Yes,No,Not Applicable,No,0,Not Applicable,No,Not Applicable,Unknown,Yes,No,No,No,1,2773.37,0.0,0.83,Service Center,Manual Review,Firefox,46,Light,0.1232,B0971
REC00190,CLM00546,CUS00052,PRD00036,Printer,HomePro,HOM-PRI-248,SN-58579054,2024-10-19,2026-06-02,2026-05-12,36,No,Paper Feed Failure,Internal Component Failure,Yes,No,Yes,Yes,,Not Applicable,No,0,Not Applicable,No,Not Applicable,Yes,Yes,No,No,No,1,355.97,,0.908,Email,Manual Review,Chrome,27,Light,0.59595,B0935
REC00573,CLM00547,CUS00470,PRD00087,Refrigerator,Aster,AST-REF-646,SN-61269431,2023-11-26,2026-01-10,2025-12-21,12,No,Cooling Failure,Manufacturing Defect,Yes,No,Yes,No,Yes,Not Applicable,No,0,Not Applicable,No,Not Applicable,Yes,Yes,No,No,No,2,188.39,0.0,0.769,Web,Invalid Claim,MobileWebView,1,Light,0.59161,B0800
REC00945,CLM00548,CUS00471,PRD00571,Air Conditioner,Aster,AST-AIR-914,SN-70597745,2024-11-18,2025-01-19,2024-12-04,36,No,Noise,Water Damage,Yes,,No,Yes,No,Not Applicable,No,0,Not Applicable,No,Not Applicable,Yes,Yes,No,No,Yes,0,1707.48,0.0,0.919,Email,Invalid Claim,Chrome,20,Dark,0.53094,B0595
REC01461,CLM00549,CUS00307,PRD00710,Air Conditioner,HomePro,HOM-AIR-180,SN-66597362,2025-05-07,2026-07-07,2026-06-17,24,No,Noise,Accidental Damage,Yes,No,Yes,Yes,No,,No,0,Not Applicable,No,Not Applicable,Yes,Yes,No,No,No,1,1256.08,0.0,0.849,Mobile App,Invalid Claim,Firefox,39,Dark,-0.20673,B0377
REC01480,CLM00550,CUS00044,PRD00104,Washing Machine,ZenCore,ZEN-WAS-760,,2023-08-01,2024-01-24,2024-01-12,36,No,Water Leakage,Electrical Failure,Yes,Yes,Yes,Yes,,Not Applicable,No,0,Not Applicable,No,Not Applicable,Yes,Yes,No,No,No,1,1041.6,,0.865,Mobile App,Valid Claim,Edge,6,System,0.52278,B0520
REC00819,CLM00551,CUS00233,PRD00404,Smartphone,NovaTech,NOV-SMA-962,SN-40921852,2025-12-10,2026-08-28,2026-08-24,24,Yes,Power Failure,Accidental Damage,Yes,No,Yes,Yes,Yes,No,Yes,2,Yes,No,Not Applicable,Yes,Yes,No,No,No,0,876.53,519.78,0.826,Web,Invalid Claim,Safari,24,System,1.09626,B0372
REC00254,CLM00552,CUS00196,PRD00730,Smartphone,Aster,AST-SMA-171,SN-11556353,2024-07-21,2026-01-22,2026-01-02,12,No,Battery Problem,Internal Component Failure,Yes,Yes,Yes,Yes,Yes,Not Applicable,No,0,Not Applicable,No,Not Applicable,Yes,Yes,No,No,No,0,178.25,0.0,0.963,Email,Invalid Claim,Safari,35,System,0.62949,B0774
REC00131,CLM00553,CUS00048,PRD00107,Camera,NovaTech,NOV-CAM-752,SN-16036047,2025-12-04,2026-03-28,2026-03-20,24,No,Power Failure,Internal Component Failure,No,Yes,Yes,Yes,No,No,Yes,3,Yes,No,Not Applicable,Yes,Yes,No,No,No,0,85.1,198.29,0.861,Mobile App,Manual Review,Edge,16,Dark,-0.48437,B0670
REC00418,CLM00554,CUS00573,PRD00415,Laptop,ZenCore,ZEN-LAP-264,SN-47462953,2023-01-04,2026-03-20,2026-02-27,12,No,Power Failure,Misuse,Yes,Yes,Yes,Yes,Yes,Yes,Yes,2,Yes,No,Not Applicable,Yes,Yes,No,No,No,1,1093.49,395.72,0.812,Web,Invalid Claim,Firefox,27,Light,0.51529,B0399
REC00342,CLM00555,CUS00493,PRD00874,Refrigerator,Aster,AST-REF-251,SN-94155039,2025-12-29,2026-06-09,2026-05-15,36,No,Mechanical Failure,Manufacturing Defect,Yes,Yes,Yes,Yes,Yes,Not Applicable,No,0,Not Applicable,Yes,No,Yes,Yes,No,Yes,No,0,640.6,0.0,0.963,Mobile App,Valid Claim,MobileWebView,8,Dark,-0.88558,B0428
REC01390,CLM00556,CUS00289,PRD00836,Laptop,NovaTech,NOV-LAP-846,SN-84567697,2025-06-21,2026-08-18,2026-07-27,24,No,Overheating,Internal Component Failure,Yes,Yes,No,Yes,Yes,Not Applicable,No,0,Not Applicable,No,Not Applicable,Yes,Yes,No,No,No,0,119.48,0.0,0.747,Web,Manual Review,Safari,41,Dark,0.09729,B0323
REC00102,CLM00557,CUS00209,PRD00437,Laptop,Aster,AST-LAP-297,SN-35109749,2025-10-13,2026-08-18,2026-08-12,12,Yes,Battery Problem,Water Damage,Yes,No,Yes,No,Yes,Not Applicable,No,0,Not Applicable,No,Not Applicable,Yes,Yes,No,No,No,3,1039.69,0.0,0.857,Web,Invalid Claim,Chrome,20,Dark,0.24191,B0412
REC01063,CLM00558,CUS00654,PRD00576,Printer,NovaTech,NOV-PRI-951,SN-73202520,2024-06-24,2024-11-28,2024-11-12,24,No,Connectivity Issue,Electrical Failure,Yes,Yes,Yes,Yes,No,Yes,Yes,1,Yes,No,Not Applicable,Yes,Yes,No,No,No,0,423.59,339.53,0.726,Mobile App,Manual Review,Safari,50,Dark,-1.69238,B0065
REC01211,CLM00559,CUS00390,PRD00111,Washing Machine,ZenCore,ZEN-WAS-938,SN-49948623,2023-10-18,2026-04-21,2026-04-06,12,Yes,Noise,Manufacturing Defect,Yes,Yes,Yes,Yes,No,Not Applicable,No,0,Not Applicable,No,Not Applicable,Yes,Yes,No,No,No,0,525.74,0.0,,Service Center,Invalid Claim,Chrome,12,Dark,2.27905,B0379
REC00713,CLM00560,CUS00044,PRD00365,Refrigerator,ZenCore,ZEN-REF-318,SN-57290968,2023-01-02,2024-10-11,2024-08-27,12,No,Power Failure,Manufacturing Defect,Yes,Yes,Yes,Yes,,Not Applicable,No,0,Not Applicable,No,Not Applicable,Yes,Yes,No,No,No,1,695.68,0.0,0.8,Mobile App,Invalid Claim,MobileWebView,21,Dark,0.26505,B0897
REC00843,CLM00561,CUS00336,PRD00118,Refrigerator,ZenCore,ZEN-REF-713,SN-63370275,2024-08-24,2025-05-25,2025-04-19,36,No,Cooling Failure,Misuse,No,Yes,Yes,Yes,No,No,Yes,3,Yes,No,Not Applicable,Yes,Yes,No,No,No,1,1091.07,596.42,0.817,Web,Invalid Claim,MobileWebView,9,Dark,0.93779,B0613
REC00635,CLM00562,CUS00536,PRD00273,Air Conditioner,ZenCore,ZEN-AIR-133,SN-94734553,2024-03-05,2025-01-02,2024-12-16,12,No,Noise,Physical Damage,Yes,Yes,Yes,Yes,Yes,Not Applicable,No,0,Not Applicable,Yes,No,Yes,Yes,No,No,No,1,256.58,0.0,0.816,Web,Invalid Claim,MobileWebView,29,System,1.49063,B0014
REC00219,CLM00563,CUS00250,PRD00197,Television,HomePro,HOM-TEL-414,SN-62084663,2023-04-29,2025-03-29,,24,Yes,Display Failure,Manufacturing Defect,Yes,Yes,Yes,Yes,Yes,Not Applicable,No,0,Not Applicable,No,Not Applicable,Yes,Yes,No,No,No,0,1774.47,0.0,0.98,Mobile App,Valid Claim,Chrome,14,System,-0.39872,B0147
REC00906,CLM00564,CUS00277,PRD00543,Television,Aster,AST-TEL-895,SN-80596379,2023-01-01,2025-08-31,2025-08-08,36,No,Display Failure,Electrical Failure,Yes,Yes,Yes,No,Yes,Not Applicable,No,0,Not Applicable,No,Not Applicable,Yes,Yes,No,No,No,1,96.44,0.0,0.83,Web,Manual Review,MobileWebView,43,Light,-0.78194,B0871
REC00103,CLM00565,CUS00557,PRD00538,Refrigerator,ZenCore,ZEN-REF-561,SN-38891215,2025-07-06,2025-10-25,2025-10-16,24,No,Mechanical Failure,Electrical Failure,Yes,No,Yes,Yes,Yes,Yes,Yes,2,Yes,No,Not Applicable,Yes,Yes,No,No,No,1,693.19,408.68,0.917,Mobile App,Valid Claim,Firefox,29,System,1.72628,B0535
REC00536,CLM00566,CUS00519,PRD00151,Television,PrimeView,PRI-TEL-272,SN-19171385,2023-03-02,2025-02-25,2025-02-18,12,No,Display Failure,Electrical Failure,Yes,Yes,Yes,Yes,Yes,Yes,Yes,2,Yes,No,Not Applicable,Yes,No,No,No,No,0,480.76,355.5,0.778,Mobile App,Invalid Claim,Edge,43,Dark,-0.04858,B0554
REC01078,CLM00567,CUS00460,PRD00569,Smartphone,PrimeView,PRI-SMA-463,SN-88011925,2025-11-25,2026-06-15,2026-06-05,24,No,Power Failure,Manufacturing Defect,Yes,Yes,Yes,Yes,Yes,Not Applicable,No,0,Not Applicable,No,Not Applicable,Unknown,Yes,No,No,No,0,613.92,0.0,0.833,Mobile App,Manual Review,MobileWebView,26,Dark,0.82933,B0801
REC00911,CLM00568,CUS00515,PRD00584,Camera,PrimeView,PRI-CAM-648,SN-14371601,2025-03-22,2026-01-09,2026-01-01,12,No,Display Failure,Electrical Failure,Yes,Yes,Yes,Yes,Yes,Not Applicable,No,0,Not Applicable,No,Not Applicable,Yes,Yes,No,No,No,0,312.52,0.0,0.832,Mobile App,Valid Claim,Edge,42,System,0.02942,B0459
REC00658,CLM00569,CUS00028,PRD00195,Laptop,NovaTech,NOV-LAP-291,SN-86388832,2026-01-17,2026-03-08,2026-03-01,24,No,Overheating,Electrical Failure,No,Yes,Yes,Yes,Yes,Not Applicable,No,0,Not Applicable,No,Not Applicable,Yes,Yes,No,No,No,1,1670.53,0.0,0.943,Web,Manual Review,Edge,56,Light,-0.32957,B0520
REC01010,CLM00570,CUS00004,PRD00763,Washing Machine,HomePro,HOM-WAS-538,SN-10740505,2023-04-25,2026-01-05,2026-01-03,24,No,Noise,Electrical Failure,,,Yes,Yes,Yes,Not Applicable,No,0,Not Applicable,No,Not Applicable,Yes,Yes,No,No,No,0,401.78,0.0,0.877,Service Center,Invalid Claim,MobileWebView,18,Light,0.46974,B0680
REC01351,CLM00571,CUS00638,PRD00572,Smartphone,NovaTech,NOV-SMA-260,SN-79234940,2024-11-25,2025-11-14,2025-11-09,12,No,Battery Problem,Electrical Failure,Yes,Yes,Yes,Yes,Yes,Not Applicable,No,0,Not Applicable,No,Not Applicable,Yes,Yes,No,No,No,0,182.59,0.0,0.876,Service Center,Valid Claim,Edge,36,Light,1.11302,B0057
REC00537,CLM00572,CUS00056,PRD00933,Washing Machine,HomePro,HOM-WAS-122,SN-17045757,2023-11-17,2026-01-11,2025-12-17,24,No,Noise,Manufacturing Defect,Yes,Yes,Yes,Yes,No,Not Applicable,No,0,Not Applicable,No,Not Applicable,Yes,Yes,No,No,No,1,850.07,0.0,0.864,Service Center,Invalid Claim,MobileWebView,11,System,0.02705,B0625
REC00588,CLM00573,CUS00452,PRD00231,Printer,PrimeView,PRI-PRI-709,SN-86583606,2023-04-21,2023-12-27,2023-12-21,24,No,Connectivity Issue,Electrical Failure,Yes,Yes,Yes,Yes,Yes,Not Applicable,No,0,Not Applicable,No,Not Applicable,Yes,Yes,No,No,No,2,233.36,0.0,0.948,Mobile App,Valid Claim,Firefox,49,Dark,0.60366,B0524
REC00663,CLM00574,CUS00078,PRD00849,Refrigerator,Aster,AST-REF-381,SN-10914854,2025-06-22,2026-08-21,2026-08-09,24,No,Cooling Failure,Internal Component Failure,Yes,Yes,Yes,Yes,Yes,,No,0,Not Applicable,Yes,Yes,Yes,Yes,No,No,No,2,241.99,0.0,0.829,Service Center,Valid Claim,Chrome,44,Dark,0.67541,B0538
REC01355,CLM00575,CUS00231,PRD00157,Television,PrimeView,PRI-TEL-108,SN-13357664,2025-10-16,2026-04-09,2026-03-16,24,Yes,Power Failure,Electrical Failure,Yes,No,Yes,Yes,Yes,Yes,Yes,3,Yes,No,Not Applicable,Yes,No,No,No,No,2,768.48,111.69,0.873,Web,Manual Review,Edge,56,System,-0.93776,B0313
REC01392,CLM00576,CUS00418,PRD00138,Printer,PrimeView,PRI-PRI-621,SN-37734684,2023-08-25,2026-04-30,2026-04-19,12,No,Power Failure,Electrical Failure,Yes,Yes,Yes,Yes,Yes,,No,0,Not Applicable,No,Not Applicable,Yes,Yes,No,No,No,0,865.28,,0.891,Mobile App,Invalid Claim,Edge,36,Dark,-0.92976,B0423
REC00025,CLM00577,CUS00629,PRD00224,Camera,NovaTech,NOV-CAM-321,SN-40231438,2025-09-08,2025-11-09,2025-10-28,24,No,Display Failure,Misuse,Yes,Yes,Yes,Yes,Yes,Not Applicable,No,0,Not Applicable,Yes,Yes,Yes,Yes,No,No,No,1,418.36,0.0,0.572,Service Center,Invalid Claim,Edge,4,System,-0.20687,B0867
REC00082,CLM00578,CUS00122,PRD00184,Camera,NovaTech,NOV-CAM-944,SN-10833937,2025-06-16,2026-01-06,2025-12-18,24,No,Power Failure,Physical Damage,Yes,No,Yes,Yes,Yes,Not Applicable,No,0,Not Applicable,No,Not Applicable,Yes,No,No,No,No,1,2002.97,0.0,0.94,Mobile App,Invalid Claim,Safari,49,System,-0.34108,B0495
REC01228,CLM00579,CUS00587,PRD00486,Refrigerator,HomePro,HOM-REF-207,SN-26237745,2024-12-22,2026-04-09,2026-04-05,36,No,Noise,Internal Component Failure,Yes,Yes,Yes,Yes,Yes,Not Applicable,No,0,Not Applicable,No,Not Applicable,Yes,Yes,No,No,No,0,1009.51,0.0,0.896,Service Center,Valid Claim,Safari,58,System,-0.40101,B0040
REC00260,CLM00580,CUS00223,PRD00416,Air Conditioner,Aster,AST-AIR-947,SN-60648896,2023-06-14,2024-02-26,2024-02-05,24,No,Cooling Failure,Internal Component Failure,Yes,Yes,Yes,Yes,Yes,Not Applicable,No,0,Not Applicable,No,Not Applicable,Yes,Yes,No,No,No,1,1244.76,0.0,0.774,Mobile App,Valid Claim,MobileWebView,44,Light,0.19462,B0205
REC00079,CLM00581,CUS00622,PRD00839,Air Conditioner,ZenCore,ZEN-AIR-779,SN-16234820,2025-12-19,2026-05-09,2026-05-09,12,No,Water Leakage,Electrical Failure,Yes,Yes,Yes,Yes,Yes,Not Applicable,No,0,Not Applicable,No,Not Applicable,Yes,Yes,No,No,No,0,2186.55,0.0,0.587,Mobile App,Manual Review,MobileWebView,25,Dark,0.79022,B0136
REC00329,CLM00582,CUS00254,PRD00429,Camera,Aster,AST-CAM-637,SN-10324972,2024-09-22,2025-03-11,2025-02-25,12,No,Lens Failure,Internal Component Failure,Yes,Yes,Yes,Yes,Yes,,No,0,Not Applicable,No,Not Applicable,Yes,Yes,No,No,No,0,2635.55,0.0,0.854,Web,Valid Claim,Edge,20,Dark,1.45902,B0424
REC01433,CLM00583,CUS00336,PRD00495,Smartphone,NovaTech,NOV-SMA-702,SN-17789470,2025-03-20,2026-04-28,2026-04-15,24,No,Battery Problem,Electrical Failure,Yes,No,Yes,Yes,No,Not Applicable,No,0,Not Applicable,No,Not Applicable,Yes,Yes,No,No,No,0,1032.17,,0.745,Web,Manual Review,Edge,52,Light,0.48064,B0533
REC01122,CLM00584,CUS00602,PRD00221,Laptop,NovaTech,NOV-LAP-121,SN-85665281,2024-04-28,2024-05-13,2024-04-29,36,No,Power Failure,Normal Wear,Yes,Yes,Yes,Yes,Yes,No,Yes,1,Yes,No,Not Applicable,Yes,Yes,No,No,No,0,420.68,570.97,0.725,Mobile App,Invalid Claim,Edge,23,System,-0.07384,B0441
REC00835,CLM00585,CUS00466,PRD00415,Camera,NovaTech,NOV-CAM-738,SN-56494295,2025-03-04,2026-04-20,2026-03-25,12,No,Power Failure,Water Damage,Yes,,Yes,Yes,Yes,Not Applicable,No,0,Not Applicable,Yes,Yes,Yes,Yes,No,No,No,3,134.13,0.0,0.984,Email,Invalid Claim,Chrome,21,System,-1.56774,B0561
REC01107,CLM00586,CUS00303,PRD00442,Smartphone,NovaTech,NOV-SMA-941,SN-39076809,2023-03-28,2026-04-07,2026-03-23,24,No,Display Failure,Internal Component Failure,Yes,Yes,Yes,Yes,Yes,Not Applicable,No,0,Not Applicable,No,Not Applicable,Yes,Yes,No,No,No,0,911.97,0.0,0.51,Web,Invalid Claim,Firefox,3,Light,-0.22736,B0358
REC00059,CLM00587,CUS00233,PRD00450,Air Conditioner,ZenCore,ZEN-AIR-257,SN-45428206,2024-03-25,2024-06-27,2024-05-31,36,No,Noise,Electrical Failure,Yes,Yes,Yes,,Yes,Yes,Yes,2,Yes,No,Not Applicable,Yes,Yes,No,No,No,0,339.91,361.84,0.612,Mobile App,Manual Review,Chrome,55,System,1.71575,B0571
REC01103,CLM00588,CUS00016,PRD00520,Television,HomePro,HOM-TEL-320,SN-61023801,2025-09-25,2026-04-08,2026-04-01,12,No,Audio Failure,Manufacturing Defect,Yes,No,Yes,Yes,Yes,Not Applicable,No,0,Not Applicable,No,Not Applicable,Yes,Yes,No,No,No,1,2216.34,0.0,0.903,Web,Valid Claim,Edge,14,System,0.35869,B0978
REC01452,CLM00589,CUS00020,PRD00867,Smartphone,PrimeView,PRI-SMA-231,SN-63628948,2024-03-06,2025-12-21,2025-12-10,12,No,Connectivity Issue,Internal Component Failure,No,Yes,Yes,Yes,Yes,Not Applicable,No,0,Not Applicable,No,Not Applicable,Yes,No,No,No,Yes,0,137.5,0.0,0.947,Service Center,Invalid Claim,Chrome,45,Light,-1.98003,B0532
REC01217,CLM00590,CUS00649,PRD00534,Refrigerator,Aster,AST-REF-856,SN-10771180,2025-06-15,2026-06-29,2026-06-26,12,No,Noise,Accidental Damage,Yes,Yes,Yes,Yes,Yes,Not Applicable,No,0,Not Applicable,No,Not Applicable,Yes,Yes,No,No,No,1,957.91,0.0,0.844,Web,Invalid Claim,Chrome,8,Light,0.16502,B0687
REC00547,CLM00591,CUS00203,PRD00327,Air Conditioner,HomePro,HOM-AIR-291,SN-73773259,2024-07-18,2026-02-16,2026-02-04,24,No,Water Leakage,Electrical Failure,Yes,Yes,Yes,Yes,Yes,Not Applicable,No,0,Not Applicable,Yes,Yes,Yes,Yes,No,No,No,0,214.31,,0.863,Web,Valid Claim,Firefox,16,System,2.74898,B0608
REC01187,CLM00592,CUS00208,PRD00643,Television,HomePro,HOM-TEL-723,SN-58754510,2023-12-07,2024-08-25,2024-08-19,12,No,Connectivity Issue,Internal Component Failure,No,Yes,Yes,,Yes,Not Applicable,No,0,Not Applicable,No,Not Applicable,Yes,Yes,No,No,No,2,2106.53,0.0,0.941,Email,Manual Review,MobileWebView,44,System,0.83487,B0600
REC00672,CLM00593,CUS00219,PRD00530,Laptop,Aster,AST-LAP-643,SN-98892394,2025-01-04,2026-06-24,2026-06-21,12,No,Display Failure,Electrical Failure,Yes,Yes,Yes,Yes,,Not Applicable,No,0,Not Applicable,No,Not Applicable,Yes,Yes,No,No,No,0,369.29,0.0,0.891,Service Center,Invalid Claim,MobileWebView,10,System,-0.42323,B0027
REC00596,CLM00594,CUS00424,PRD00011,Printer,HomePro,HOM-PRI-329,SN-14796956,2024-03-27,2025-12-29,2025-12-05,36,No,Power Failure,Electrical Failure,Yes,Yes,Yes,Yes,Yes,Not Applicable,No,0,Not Applicable,No,Not Applicable,Yes,Yes,No,No,No,0,56.57,,0.82,Mobile App,Valid Claim,Edge,52,Dark,-1.84244,B0961
REC01162,CLM00595,CUS00698,PRD00077,Refrigerator,ZenCore,ZEN-REF-798,SN-34377055,2023-02-10,2026-01-26,2025-12-23,24,No,Noise,Internal Component Failure,,Yes,Yes,,Yes,Not Applicable,No,0,Not Applicable,No,Not Applicable,Yes,Yes,No,No,No,0,1990.68,0.0,0.863,Web,Invalid Claim,Chrome,34,Light,-0.49735,B0632
REC00611,CLM00596,CUS00570,PRD00043,Camera,PrimeView,PRI-CAM-182,SN-54045249,2025-09-06,2025-12-31,2025-12-17,24,No,Connectivity Issue,Internal Component Failure,Yes,Yes,Yes,No,Yes,Not Applicable,No,0,Not Applicable,Yes,No,Unknown,Yes,No,No,Yes,0,145.03,,0.901,Web,Manual Review,Edge,53,Dark,0.12446,B0541
REC00514,CLM00597,CUS00690,PRD00073,Refrigerator,ZenCore,ZEN-REF-521,SN-85547870,2023-01-02,2023-10-29,2023-10-02,24,No,Mechanical Failure,Internal Component Failure,Yes,Yes,Yes,Yes,Yes,Not Applicable,No,0,Not Applicable,Yes,Yes,Yes,No,No,No,No,1,388.36,0.0,0.683,Mobile App,Manual Review,Firefox,3,System,0.32722,B0489
REC01366,CLM00598,CUS00677,PRD00104,Smartphone,Aster,AST-SMA-951,SN-59391341,2023-08-02,2025-07-14,2025-07-02,12,No,Battery Problem,Manufacturing Defect,Yes,,Yes,Yes,Yes,Not Applicable,No,0,Not Applicable,No,Not Applicable,Yes,Yes,No,No,No,0,327.82,0.0,,Email,Invalid Claim,Chrome,5,Dark,0.13619,B0934
REC01300,CLM00599,CUS00389,PRD00147,Refrigerator,HomePro,HOM-REF-305,SN-63653856,2023-01-13,2024-01-09,2023-12-31,12,No,Noise,Water Damage,Yes,No,Yes,Yes,Yes,Not Applicable,No,0,Not Applicable,No,Not Applicable,Yes,Yes,No,No,No,0,388.21,0.0,0.753,Web,Invalid Claim,Safari,12,Dark,-0.86487,B0964
REC00353,CLM00600,CUS00008,PRD00241,Air Conditioner,HomePro,HOM-AIR-651,SN-28597356,2023-08-30,2025-09-09,2025-09-04,24,No,Water Leakage,Manufacturing Defect,Yes,Yes,Yes,Yes,,Not Applicable,No,0,Not Applicable,No,Not Applicable,Yes,Yes,No,No,No,2,393.81,0.0,0.994,Email,Invalid Claim,Chrome,56,Light,-0.11084,B0403
REC00727,CLM00601,CUS00271,PRD00842,Laptop,Aster,AST-LAP-630,SN-20381937,2024-09-06,2024-12-27,2024-12-04,36,No,Battery Problem,Manufacturing Defect,No,Yes,Yes,Yes,Yes,Not Applicable,No,0,Not Applicable,Yes,No,Yes,Yes,No,No,No,0,901.51,0.0,0.796,Web,Manual Review,Safari,55,Light,-1.97544,B0034
REC01226,CLM00602,CUS00059,PRD00068,Smartphone,Aster,AST-SMA-311,SN-34037946,2024-04-23,2025-02-12,2025-02-08,12,No,Battery Problem,Electrical Failure,Yes,Yes,Yes,Yes,Yes,Not Applicable,No,0,Not Applicable,No,Not Applicable,Yes,Yes,No,No,No,0,408.02,0.0,0.495,Web,Manual Review,Edge,18,Dark,0.08795,B0932
REC01465,CLM00603,CUS00691,PRD00035,Camera,Aster,AST-CAM-626,SN-49984151,2024-07-30,2025-07-10,2025-07-03,24,No,Lens Failure,Electrical Failure,Yes,Yes,Yes,Yes,Yes,Not Applicable,No,0,Not Applicable,No,Not Applicable,Unknown,Yes,No,No,No,0,352.98,0.0,0.786,Web,Manual Review,MobileWebView,16,Light,0.20662,B0414
REC01270,CLM00604,CUS00053,PRD00921,Air Conditioner,ZenCore,ZEN-AIR-599,SN-45463549,2023-04-15,2025-01-10,2024-12-18,24,No,Cooling Failure,Physical Damage,Yes,Yes,Yes,Yes,Yes,Not Applicable,No,0,Not Applicable,No,Not Applicable,Yes,Yes,No,No,No,0,974.92,0.0,0.75,Service Center,Invalid Claim,MobileWebView,59,System,0.13541,B0686
REC00833,CLM00605,CUS00452,PRD00515,Refrigerator,Aster,AST-REF-757,SN-65346824,2024-04-12,2024-05-29,2024-04-12,12,No,Power Failure,Water Damage,Yes,Yes,Yes,Yes,Yes,Not Applicable,No,0,Not Applicable,No,Not Applicable,No,Yes,No,No,No,1,600.83,0.0,,Web,Invalid Claim,Chrome,41,Light,0.59956,B0618
REC00503,CLM00606,CUS00338,PRD00112,Camera,Aster,AST-CAM-750,,2025-09-04,2025-11-24,2025-11-14,36,Yes,Battery Problem,Misuse,Yes,Yes,Yes,Yes,Yes,Not Applicable,No,0,Not Applicable,No,Not Applicable,Yes,Yes,No,No,No,1,143.52,0.0,0.727,Web,Invalid Claim,MobileWebView,21,System,-0.82682,B0020
REC-DUP-0032,CLM00607,CUS00594,PRD00827,Laptop,Aster,AST-LAP-854,SN-89508758,2025-07-14,2025-07-31,2025-07-26,12,Yes,Power Failure,Manufacturing Defect,Yes,No,Yes,Yes,,,Yes,3,Yes,No,Not Applicable,No,Yes,No,No,No,0,257.46,614.09,0.77,Email,Invalid Claim,MobileWebView,46,Light,-0.82106,B0308
REC01023,CLM00608,CUS00023,PRD00355,Refrigerator,Aster,AST-REF-428,SN-73654657,2025-04-05,2025-08-20,2025-08-13,24,No,Cooling Failure,Misuse,Yes,Yes,Yes,No,Yes,Not Applicable,No,0,Not Applicable,Yes,No,Yes,Yes,No,No,No,0,1151.19,0.0,0.928,Web,Invalid Claim,MobileWebView,55,System,-1.26821,B0776
REC00751,CLM00609,CUS00101,PRD00447,Laptop,Aster,AST-LAP-839,SN-88787472,2026-02-18,2026-04-19,2026-03-26,12,No,Connectivity Issue,Accidental Damage,Yes,Yes,No,Yes,Yes,Not Applicable,No,0,Not Applicable,No,Not Applicable,Yes,Yes,No,No,No,2,1071.56,0.0,0.995,Service Center,Invalid Claim,Edge,42,Dark,-0.22367,B0923
REC00879,CLM00610,CUS00070,PRD00669,Camera,Aster,AST-CAM-673,SN-53845660,2023-09-30,2025-04-14,2025-02-28,24,Yes,Connectivity Issue,Internal Component Failure,Yes,Yes,Yes,No,Yes,Not Applicable,No,0,Not Applicable,No,Not Applicable,Yes,Yes,No,No,No,1,590.99,0.0,0.992,Web,Invalid Claim,MobileWebView,28,Light,1.66843,B0114
REC00800,CLM00611,CUS00669,PRD00201,Camera,PrimeView,PRI-CAM-989,SN-26696880,2023-07-04,2026-04-16,2026-04-14,24,No,Connectivity Issue,Electrical Failure,,Yes,Yes,Yes,Yes,Not Applicable,No,0,Not Applicable,No,Not Applicable,Yes,Yes,No,No,No,0,446.9,0.0,0.94,Service Center,Invalid Claim,MobileWebView,33,System,1.10738,B0895
REC01391,CLM00612,CUS00357,PRD00614,Camera,Aster,AST-CAM-288,SN-10681764,2025-09-02,2026-07-08,2026-06-16,24,No,Lens Failure,Physical Damage,Yes,Yes,Yes,Yes,Yes,Not Applicable,No,0,Not Applicable,No,Not Applicable,Yes,Yes,No,No,No,0,2393.77,0.0,0.954,Web,Invalid Claim,Firefox,34,Light,-0.34664,B0938
REC00680,CLM00613,CUS00618,PRD00475,Laptop,Aster,AST-LAP-204,SN-77031029,2024-07-16,2025-08-10,2025-08-06,24,No,Battery Problem,Electrical Failure,Yes,Yes,Yes,Yes,Yes,,No,0,Not Applicable,No,Not Applicable,Yes,Yes,No,No,No,2,1564.01,0.0,0.891,Web,Valid Claim,Firefox,56,System,-0.50859,B0778
REC-DUP-0005,CLM00614,CUS00155,PRD00513,Television,Aster,AST-TEL-645,SN-63260619,2026-01-15,2026-02-23,2026-02-15,12,No,Power Failure,Internal Component Failure,Yes,Yes,Yes,Yes,,Not Applicable,No,0,Not Applicable,No,Not Applicable,Yes,Yes,No,No,No,0,1453.92,0.0,0.837,Mobile App,Valid Claim,Safari,21,Light,-1.77773,B0776
REC00742,CLM00615,CUS00552,PRD00555,Television,HomePro,HOM-TEL-764,SN-62853329,2025-02-14,2025-08-04,2025-06-23,24,No,Audio Failure,Electrical Failure,Yes,Yes,Yes,Yes,No,Not Applicable,No,0,Not Applicable,No,Not Applicable,Yes,Yes,No,No,No,1,326.97,0.0,0.885,Email,Invalid Claim,Chrome,58,System,0.2793,B0222
REC01260,CLM00616,CUS00018,PRD00718,Air Conditioner,ZenCore,ZEN-AIR-481,SN-36313010,2023-05-08,2024-02-10,2024-02-08,24,Yes,Power Failure,Internal Component Failure,Yes,Yes,Yes,Yes,Yes,Not Applicable,No,0,Not Applicable,No,Not Applicable,Yes,Yes,No,No,No,0,760.74,0.0,0.949,Email,Valid Claim,Edge,57,System,0.58238,B0699
REC01001,CLM00617,CUS00201,PRD00851,Camera,Aster,AST-CAM-795,SN-83632080,2024-10-22,2025-12-20,2025-11-27,24,No,Connectivity Issue,Electrical Failure,Yes,Yes,Yes,Yes,Yes,Not Applicable,No,0,Not Applicable,Yes,Yes,Yes,Yes,No,No,No,1,421.0,0.0,0.869,Email,Valid Claim,Safari,10,Dark,1.46324,B0160
REC00528,CLM00618,CUS00243,PRD00399,Laptop,Aster,AST-LAP-451,SN-74356310,2023-11-02,2024-03-21,2024-03-12,12,No,Power Failure,Internal Component Failure,Yes,Yes,Yes,Yes,Yes,Yes,Yes,2,Yes,No,Not Applicable,Yes,Yes,No,No,No,0,450.49,,0.732,Web,Valid Claim,Firefox,11,System,1.32582,B0240
REC00109,CLM00619,CUS00410,PRD00598,Refrigerator,HomePro,HOM-REF-401,SN-29399383,2023-07-01,2023-09-21,2023-09-09,12,No,Cooling Failure,Internal Component Failure,Yes,Yes,,Yes,Yes,Not Applicable,No,0,Not Applicable,No,Not Applicable,Yes,Yes,No,No,No,1,1129.61,0.0,0.742,Service Center,Valid Claim,Chrome,27,System,0.1533,B0198
REC00093,CLM00620,CUS00068,PRD00284,Printer,PrimeView,PRI-PRI-252,SN-54406259,2025-02-28,2025-11-20,2025-11-07,24,No,Mechanical Failure,Electrical Failure,Yes,Yes,Yes,No,Yes,,No,0,Not Applicable,No,Not Applicable,Yes,Yes,No,No,No,0,187.17,0.0,0.944,Service Center,Manual Review,MobileWebView,35,System,-1.20879,B0956
REC01346,CLM00621,CUS00583,PRD00153,Television,Aster,AST-TEL-164,SN-36449666,2023-04-14,2023-08-12,2023-07-22,12,No,Connectivity Issue,Normal Wear,Yes,Yes,Yes,Yes,No,Not Applicable,No,0,Not Applicable,No,Not Applicable,Yes,Yes,Yes,No,No,0,562.93,0.0,0.723,Web,Invalid Claim,Chrome,21,System,0.45428,B0052
REC01397,CLM00622,CUS00214,PRD00647,Smartphone,PrimeView,PRI-SMA-309,SN-59836006,2024-02-15,2024-08-16,2024-08-01,24,No,Overheating,Internal Component Failure,,,Yes,Yes,Yes,Not Applicable,No,0,Not Applicable,No,Not Applicable,Unknown,Yes,No,No,No,1,203.41,0.0,0.734,Web,Manual Review,Chrome,31,System,-1.295,B0211
REC00502,CLM00623,CUS00084,PRD00739,Television,Aster,AST-TEL-842,SN-81237213,2023-04-10,2024-03-15,2024-02-15,12,No,Audio Failure,Manufacturing Defect,No,No,Yes,Yes,Yes,Not Applicable,No,0,Not Applicable,No,Not Applicable,Yes,Yes,No,No,No,1,512.05,,0.825,Web,Manual Review,Firefox,3,Light,-1.01706,B0589
REC00817,CLM00624,CUS00617,PRD00422,Camera,Aster,AST-CAM-262,SN-12916502,2025-09-15,2026-06-27,2026-06-17,24,Yes,Battery Problem,Accidental Damage,Yes,Yes,Yes,,Yes,Not Applicable,No,0,Not Applicable,No,Not Applicable,Yes,Yes,No,No,Yes,0,793.35,0.0,0.776,Web,Invalid Claim,Chrome,18,Light,-1.11576,B0392
REC00334,CLM00625,CUS00253,PRD00693,Camera,PrimeView,PRI-CAM-535,SN-62088306,2023-09-10,2025-03-29,2025-03-18,12,No,Connectivity Issue,Electrical Failure,Yes,Yes,Yes,Yes,Yes,,No,0,Not Applicable,No,Not Applicable,Yes,Yes,No,No,No,0,468.49,0.0,0.78,Service Center,Invalid Claim,Chrome,1,Light,0.04694,B0393
REC00709,CLM00626,CUS00221,PRD00624,Air Conditioner,ZenCore,ZEN-AIR-455,SN-96336062,2026-01-24,2026-03-14,2026-02-26,24,No,Noise,Physical Damage,Yes,Yes,Yes,No,Yes,,No,0,Not Applicable,No,Not Applicable,Yes,Yes,No,No,No,1,207.14,0.0,0.534,Web,Invalid Claim,Chrome,42,Light,-1.35836,B0285
REC00818,CLM00627,CUS00038,PRD00563,Camera,Aster,AST-CAM-309,SN-99345190,2025-08-19,2025-12-27,2025-12-12,,Yes,Battery Problem,Electrical Failure,Yes,Yes,Yes,Yes,Yes,Not Applicable,No,0,Not Applicable,No,Not Applicable,Yes,Yes,No,No,No,0,2863.8,0.0,0.512,Web,Manual Review,Chrome,14,Light,0.67187,B0545
REC00431,CLM00628,CUS00616,PRD00061,Printer,HomePro,HOM-PRI-987,SN-32235372,2025-02-24,2025-09-10,2025-08-27,24,No,Power Failure,Manufacturing Defect,Yes,Yes,Yes,Yes,Yes,Not Applicable,No,0,Not Applicable,No,Not Applicable,Yes,Yes,No,No,No,0,129.87,0.0,0.893,Email,Valid Claim,Firefox,47,Dark,0.54271,B0206
REC00060,CLM00629,CUS00300,PRD00205,Smartphone,Aster,AST-SMA-502,SN-37452955,2024-02-06,2024-09-18,2024-09-07,12,No,Connectivity Issue,Electrical Failure,Yes,Yes,Yes,Yes,Yes,Not Applicable,No,0,Not Applicable,No,Not Applicable,Yes,Yes,No,No,No,1,126.59,0.0,0.881,Web,Valid Claim,Chrome,16,Dark,0.37317,B0419
REC01253,CLM00630,CUS00426,PRD00977,Refrigerator,HomePro,HOM-REF-184,SN-32534724,2023-05-08,2025-07-04,2025-06-04,36,No,Power Failure,Internal Component Failure,Yes,Yes,No,Yes,Yes,Not Applicable,No,0,Not Applicable,No,Not Applicable,Yes,Yes,No,No,No,3,1170.24,,0.915,Web,Manual Review,MobileWebView,16,Dark,1.63451,B0467
REC00019,CLM00631,CUS00459,PRD00479,Smartphone,NovaTech,NOV-SMA-344,SN-36575716,2026-02-06,2026-05-03,2026-04-18,12,No,Battery Problem,Manufacturing Defect,Yes,Yes,Yes,Yes,Yes,Not Applicable,No,0,Not Applicable,Yes,No,Yes,Yes,No,No,No,1,653.6,,0.806,Web,Valid Claim,Edge,28,Light,-3.08215,B0516
REC01056,CLM00632,CUS00118,PRD00500,Laptop,Aster,AST-LAP-896,SN-92063330,2025-03-09,2025-12-05,2025-11-28,36,Yes,Power Failure,Manufacturing Defect,Yes,Yes,Yes,Yes,Yes,Not Applicable,No,0,Not Applicable,No,Not Applicable,Yes,Yes,No,No,No,2,507.1,0.0,0.565,Mobile App,Manual Review,Firefox,2,System,0.55704,B0751
REC01374,CLM00633,CUS00115,PRD00817,Television,PrimeView,PRI-TEL-824,SN-58038828,2025-09-14,2026-05-21,2026-04-20,12,No,Audio Failure,Internal Component Failure,Yes,Yes,,Yes,Yes,Not Applicable,No,0,Not Applicable,No,Not Applicable,Yes,Yes,No,No,No,1,816.57,0.0,0.979,Mobile App,Invalid Claim,Firefox,0,Dark,1.04895,B0592
REC00969,CLM00634,CUS00370,PRD00500,Smartphone,Aster,AST-SMA-366,SN-90786805,2024-02-16,2024-09-28,2024-09-17,24,No,Overheating,Normal Wear,Yes,Yes,Yes,Yes,Yes,Not Applicable,No,0,Not Applicable,No,Not Applicable,Yes,Yes,No,Yes,No,0,202.69,0.0,0.853,Web,Invalid Claim,MobileWebView,5,Light,0.47653,B0861
REC00854,CLM00635,CUS00228,PRD00836,Smartphone,PrimeView,PRI-SMA-769,SN-56772212,2024-05-22,2024-12-09,2024-11-15,12,No,Connectivity Issue,Internal Component Failure,Yes,Yes,Yes,Yes,Yes,Yes,Yes,3,Unknown,No,Not Applicable,Yes,Yes,No,No,No,0,102.53,,0.794,Mobile App,Manual Review,Safari,50,Light,-0.32941,B0697
REC00852,CLM00636,CUS00219,PRD00975,Refrigerator,ZenCore,ZEN-REF-654,SN-95644082,2025-01-13,2025-09-20,2025-09-19,24,No,Power Failure,Electrical Failure,Yes,Yes,Yes,Yes,Yes,Not Applicable,No,0,Not Applicable,No,Not Applicable,Yes,Yes,No,No,No,0,,0.0,,Service Center,Valid Claim,Safari,16,System,0.65403,B0452
REC00740,CLM00637,CUS00384,PRD00456,Television,PrimeView,PRI-TEL-615,SN-32344738,2024-05-17,2025-01-12,2024-12-15,36,No,Power Failure,Manufacturing Defect,Yes,No,Yes,Yes,Yes,Yes,Yes,1,Yes,No,Not Applicable,Yes,Yes,No,No,No,0,878.99,253.55,0.793,Mobile App,Valid Claim,MobileWebView,39,Dark,1.88698,B0011
REC00076,CLM00638,CUS00531,PRD00130,Printer,NovaTech,NOV-PRI-671,SN-86358348,2026-01-14,2026-03-14,2026-03-11,12,Yes,Mechanical Failure,Internal Component Failure,,Yes,Yes,Yes,Yes,Not Applicable,No,0,Not Applicable,No,Not Applicable,Yes,Yes,No,No,No,1,484.65,0.0,0.817,Web,Valid Claim,Firefox,49,System,-0.62623,B0825
REC00085,CLM00639,CUS00050,PRD00384,Smartphone,Aster,AST-SMA-522,SN-39907221,2024-08-13,2026-06-14,2026-05-25,24,Yes,Overheating,Manufacturing Defect,Yes,Yes,Yes,Yes,Yes,Not Applicable,No,0,Not Applicable,No,Not Applicable,Yes,Yes,No,Yes,No,0,198.79,0.0,0.595,Service Center,Manual Review,Firefox,12,Dark,-0.21202,B0829
REC00139,CLM00640,CUS00159,PRD00761,Refrigerator,HomePro,HOM-REF-136,SN-43356846,2025-10-28,2026-06-27,2026-06-14,12,No,Power Failure,Internal Component Failure,Yes,Yes,No,No,Yes,Not Applicable,No,0,Not Applicable,No,Not Applicable,Yes,Yes,No,No,No,1,1357.28,0.0,0.986,Mobile App,Manual Review,Firefox,41,Light,0.2538,B0364
REC00435,CLM00641,CUS00068,PRD00858,Refrigerator,HomePro,HOM-REF-601,SN-29553162,2025-08-23,2026-01-29,2026-01-26,36,No,Noise,Electrical Failure,Yes,No,Yes,Yes,Yes,Not Applicable,No,0,Not Applicable,No,Not Applicable,Yes,Yes,No,No,No,3,1103.22,0.0,0.778,Service Center,Valid Claim,Chrome,1,Dark,-0.76985,B0728
REC00984,CLM00642,CUS00276,PRD00276,Smartphone,PrimeView,PRI-SMA-296,SN-67094244,2025-03-28,2026-06-30,2026-06-14,12,No,Power Failure,Electrical Failure,Yes,Yes,Yes,Yes,No,Not Applicable,No,0,Not Applicable,No,Not Applicable,Yes,No,No,No,No,0,606.34,0.0,0.804,Mobile App,Invalid Claim,Firefox,53,System,0.21189,B0184
REC00289,CLM00643,CUS00342,PRD00981,Camera,NovaTech,NOV-CAM-427,SN-38202263,2024-02-06,2024-03-10,2024-03-01,12,No,Lens Failure,Physical Damage,Yes,Yes,Yes,Yes,Yes,Yes,Yes,1,Yes,Yes,Yes,Yes,Yes,No,No,No,0,49.23,77.65,0.56,Web,Invalid Claim,Edge,21,System,1.43375,B0126
REC00878,CLM00644,CUS00640,PRD00484,Smartphone,Aster,AST-SMA-605,SN-66596980,2026-02-15,2026-07-13,2026-07-09,24,No,Display Failure,Normal Wear,Yes,Yes,Yes,Yes,Yes,Not Applicable,No,0,Not Applicable,No,Not Applicable,Yes,Yes,No,No,No,0,583.24,0.0,,Email,Invalid Claim,Chrome,43,Dark,0.93477,B0560
REC01085,CLM00645,CUS00235,PRD00557,Laptop,NovaTech,NOV-LAP-447,SN-63033530,2023-03-14,2023-08-15,2023-08-15,36,No,Connectivity Issue,Electrical Failure,Yes,Yes,Yes,Yes,Yes,Not Applicable,No,0,Not Applicable,No,Not Applicable,Yes,Yes,No,No,No,0,,0.0,0.981,Service Center,Valid Claim,Safari,24,System,-0.36825,B0760
REC01494,CLM00646,CUS00412,PRD00132,Smartphone,PrimeView,PRI-SMA-908,SN-95633542,2025-02-16,2025-09-27,2025-09-12,24,No,Overheating,Electrical Failure,Yes,Yes,Yes,Yes,Yes,Not Applicable,No,0,Not Applicable,No,Not Applicable,Yes,Yes,No,No,No,1,298.85,0.0,0.975,Service Center,Valid Claim,Safari,57,System,-0.62202,B0344
REC01385,CLM00647,CUS00688,PRD00355,Laptop,ZenCore,ZEN-LAP-967,SN-99802025,2023-10-20,2024-01-28,2024-01-22,24,Yes,Power Failure,Manufacturing Defect,,Yes,Yes,Yes,Yes,Not Applicable,No,0,Not Applicable,No,Not Applicable,Yes,Yes,No,No,No,0,264.7,0.0,0.904,Email,Valid Claim,Chrome,14,Light,1.03444,B0793
REC00806,CLM00648,CUS00261,PRD00501,Smartphone,PrimeView,PRI-SMA-978,SN-23702238,2025-02-13,2025-11-13,2025-10-31,36,Yes,Display Failure,Manufacturing Defect,Yes,Yes,Yes,Yes,Yes,,No,0,Not Applicable,No,Not Applicable,Yes,Yes,No,No,No,0,146.07,0.0,0.969,Web,Valid Claim,Chrome,5,Dark,-0.18253,B0509
REC00964,CLM00649,CUS00143,PRD00993,Smartphone,NovaTech,NOV-SMA-205,SN-62036588,2024-02-15,2025-10-11,2025-10-04,24,No,Overheating,Internal Component Failure,Yes,Yes,Yes,Yes,Yes,Not Applicable,No,0,Not Applicable,No,Not Applicable,Yes,Yes,No,No,No,0,82.06,0.0,0.793,Email,Valid Claim,Edge,20,Light,0.07642,B0339
REC00029,CLM00650,CUS00699,PRD00175,Laptop,Aster,AST-LAP-216,,2024-08-10,2026-05-26,2026-05-16,24,No,Power Failure,Manufacturing Defect,Yes,Yes,Yes,Yes,Yes,Not Applicable,No,0,Not Applicable,No,Not Applicable,Yes,Yes,No,No,No,1,569.92,0.0,0.865,Web,Valid Claim,Edge,21,Light,-1.44863,B0812
REC00175,CLM00651,CUS00135,PRD00521,Washing Machine,ZenCore,ZEN-WAS-730,SN-35122505,2024-01-07,2025-01-02,2024-12-29,24,No,Power Failure,Manufacturing Defect,Yes,Yes,Yes,Yes,Yes,Not Applicable,No,0,Not Applicable,No,Not Applicable,Yes,Yes,No,No,No,0,458.65,0.0,0.992,Service Center,Valid Claim,Chrome,2,System,1.74908,B0457
REC00538,CLM00652,CUS00107,PRD00255,Camera,NovaTech,NOV-CAM-929,SN-42642591,2025-05-02,2026-03-22,2026-03-06,36,No,Battery Problem,Internal Component Failure,Yes,Yes,Yes,Yes,Yes,Not Applicable,No,0,Not Applicable,No,Not Applicable,Yes,Yes,No,No,No,1,790.03,0.0,0.763,Email,Valid Claim,MobileWebView,14,Light,0.71311,B0959
REC00151,CLM00653,CUS00078,PRD00687,Washing Machine,HomePro,HOM-WAS-623,SN-74883189,2025-01-05,2025-02-10,2025-01-17,36,No,Noise,Internal Component Failure,Yes,Yes,No,Yes,Yes,Not Applicable,No,0,Not Applicable,No,Not Applicable,Yes,Yes,No,No,No,2,680.37,0.0,0.841,Mobile App,Manual Review,Chrome,54,System,0.09666,B0332
REC-DUP-0020,CLM00654,CUS00123,PRD00858,Camera,Aster,AST-CAM-556,SN-85229800,2023-09-01,2025-07-10,2025-06-25,24,No,Display Failure,Manufacturing Defect,Yes,Yes,Yes,Yes,Yes,Not Applicable,No,0,Not Applicable,No,Not Applicable,No,Yes,No,No,No,1,833.85,0.0,0.732,Email,Invalid Claim,Safari,5,Dark,1.7447,B0521
REC00620,CLM00655,CUS00466,PRD00478,Washing Machine,HomePro,HOM-WAS-196,SN-29575842,2023-10-19,2026-05-02,2026-04-22,24,No,Power Failure,Electrical Failure,Yes,,Yes,Yes,Yes,Not Applicable,No,0,Not Applicable,No,Not Applicable,Yes,Yes,No,No,No,0,730.58,0.0,0.86,Mobile App,Invalid Claim,Chrome,36,System,0.27349,B0962
REC00760,CLM00656,CUS00401,PRD00892,Printer,PrimeView,PRI-PRI-292,SN-19135191,2024-12-29,2026-01-21,2026-01-02,12,No,Connectivity Issue,Electrical Failure,Yes,,Yes,Yes,Yes,Yes,Yes,3,Yes,No,Not Applicable,Yes,Yes,No,No,No,0,313.45,149.45,0.968,Mobile App,Invalid Claim,Safari,19,System,0.39126,B0942
REC00104,CLM00657,CUS00333,PRD00597,Printer,HomePro,HOM-PRI-820,SN-71411144,2024-07-20,2026-04-23,2026-04-09,24,No,Paper Feed Failure,Electrical Failure,Yes,Yes,Yes,Yes,Yes,Not Applicable,No,0,Not Applicable,No,Not Applicable,Yes,Yes,No,No,No,2,294.63,0.0,0.898,Mobile App,Valid Claim,MobileWebView,53,System,0.97976,B0223
REC01002,CLM00658,CUS00456,PRD00020,Television,HomePro,HOM-TEL-400,SN-60905767,2024-02-06,2026-03-06,2026-02-13,36,No,Connectivity Issue,Electrical Failure,Yes,Yes,Yes,Yes,Yes,Not Applicable,No,0,Not Applicable,No,Not Applicable,Yes,Yes,No,No,No,0,470.2,0.0,0.75,Web,Valid Claim,MobileWebView,10,Dark,0.50723,B0545
REC01439,CLM00659,CUS00470,PRD00091,Smartphone,PrimeView,PRI-SMA-703,SN-63402868,2025-11-26,2026-08-31,2026-08-12,12,No,Power Failure,Electrical Failure,No,Yes,Yes,Yes,,Not Applicable,No,0,Not Applicable,Yes,Yes,Yes,Yes,No,No,No,1,991.85,0.0,0.84,Service Center,Manual Review,MobileWebView,19,System,-1.07514,B0638
REC00227,CLM00660,CUS00580,PRD00155,Smartphone,NovaTech,NOV-SMA-961,SN-97315520,2025-05-26,2026-03-16,2026-03-10,24,No,Display Failure,Manufacturing Defect,,Yes,No,Yes,Yes,No,Yes,1,No,No,Not Applicable,Yes,Yes,No,No,No,0,604.24,464.86,0.773,Mobile App,Invalid Claim,Chrome,13,Dark,0.63186,B0286
REC01332,CLM00661,CUS00348,PRD00732,Refrigerator,ZenCore,ZEN-REF-435,SN-11687314,2023-01-25,2024-09-21,2024-09-12,24,No,Cooling Failure,Electrical Failure,Yes,Yes,Yes,Yes,,Not Applicable,No,0,Not Applicable,No,Not Applicable,Yes,Yes,No,No,No,3,996.32,0.0,0.807,Service Center,Valid Claim,MobileWebView,38,Dark,0.9012,B0920
REC00792,CLM00662,CUS00466,PRD00618,Printer,NovaTech,NOV-PRI-561,SN-49100261,2025-01-09,2025-12-31,2025-12-29,24,Yes,Connectivity Issue,Misuse,Yes,No,Yes,Yes,Yes,Yes,Yes,3,Yes,No,Not Applicable,Yes,Yes,No,No,No,0,734.26,334.25,0.967,Mobile App,Invalid Claim,Edge,51,Light,0.38909,B0791
REC01323,CLM00663,CUS00176,PRD00853,Television,Aster,AST-TEL-831,,2025-10-30,2025-12-19,2025-12-14,12,No,Audio Failure,Misuse,Yes,Yes,Yes,Yes,No,Yes,Yes,1,Yes,No,Not Applicable,Yes,Yes,No,No,No,0,2030.73,638.79,0.92,Mobile App,Invalid Claim,Safari,56,Dark,-0.18968,B0751
REC00679,CLM00664,CUS00632,PRD00313,Printer,HomePro,HOM-PRI-277,SN-96703755,2026-01-05,2026-07-23,2026-07-16,36,No,Connectivity Issue,Electrical Failure,Yes,Yes,Yes,Yes,,Not Applicable,No,0,Not Applicable,No,Not Applicable,Yes,Yes,No,No,No,1,341.42,0.0,0.809,Mobile App,Valid Claim,Firefox,2,System,0.53298,B0647
REC-DUP-0025,CLM00665,CUS00289,PRD00428,Camera,PrimeView,PRI-CAM-170,SN-96757155,2025-03-16,2025-12-22,2025-12-07,24,No,Connectivity Issue,Accidental Damage,Yes,Yes,Yes,Yes,Yes,Yes,Yes,1,Yes,No,Not Applicable,Yes,No,No,No,No,0,2374.34,388.37,0.981,Email,Invalid Claim,Edge,59,System,-1.00338,B0017
REC01220,CLM00666,CUS00649,PRD00798,Laptop,NovaTech,NOV-LAP-422,SN-40208656,2023-10-02,2023-12-14,2023-11-18,24,Yes,Display Failure,Manufacturing Defect,Yes,Yes,Yes,Yes,Yes,Not Applicable,No,0,Not Applicable,No,Not Applicable,Yes,Yes,No,No,No,0,1299.63,0.0,0.824,Web,Valid Claim,Safari,37,System,1.32694,B0149
REC01316,CLM00667,CUS00642,PRD00150,Printer,NovaTech,NOV-PRI-223,SN-57780123,2023-05-17,2025-09-04,2025-09-03,24,No,Paper Feed Failure,Electrical Failure,Yes,Yes,Yes,Yes,No,Not Applicable,No,0,Not Applicable,No,Not Applicable,Yes,Yes,No,No,No,0,305.1,0.0,0.9,Web,Invalid Claim,Chrome,24,Dark,-1.13306,B0005
REC00015,CLM00668,CUS00528,PRD00129,Refrigerator,ZenCore,ZEN-REF-935,SN-99578585,2025-04-23,2026-01-29,2025-12-25,36,No,Mechanical Failure,Internal Component Failure,No,Yes,Yes,Yes,Yes,Not Applicable,No,0,Not Applicable,No,Not Applicable,No,Yes,No,No,No,0,759.81,0.0,0.789,Web,Invalid Claim,Edge,57,System,-0.02014,B0730
REC00034,CLM00669,CUS00189,PRD00603,Television,HomePro,HOM-TEL-477,SN-70490915,2025-01-31,2025-06-13,2025-05-28,24,No,Display Failure,Electrical Failure,Yes,Yes,Yes,Yes,Yes,,No,0,Not Applicable,No,Not Applicable,Yes,Yes,No,No,No,0,2198.86,99999.0,0.605,Web,Manual Review,Firefox,3,System,-1.07507,B0988
REC01359,CLM00670,CUS00021,PRD00147,Smartphone,NovaTech,NOV-SMA-902,SN-59060490,2023-06-27,2024-05-23,2024-05-20,36,No,Overheating,Manufacturing Defect,Yes,Yes,Yes,Yes,Yes,Not Applicable,No,0,Not Applicable,No,Not Applicable,Yes,Yes,No,No,No,1,618.08,0.0,0.82,Service Center,Valid Claim,Chrome,53,System,2.31264,B0653
REC00950,CLM00671,CUS00392,PRD00468,Laptop,NovaTech,NOV-LAP-700,SN-12607368,2024-02-29,2024-11-02,2024-10-24,12,No,Connectivity Issue,Water Damage,Yes,,Yes,Yes,Yes,Not Applicable,No,0,Not Applicable,Yes,Yes,Yes,Yes,Yes,No,No,1,575.07,0.0,0.75,Service Center,Invalid Claim,Firefox,30,System,-1.9721,B0832
REC00359,CLM00672,CUS00032,PRD00245,Refrigerator,Aster,AST-REF-182,SN-79118263,2023-11-18,2024-05-28,2024-05-20,12,No,Cooling Failure,Manufacturing Defect,Yes,No,No,Yes,Yes,Not Applicable,No,0,Not Applicable,No,Not Applicable,Yes,Yes,No,No,No,0,329.22,0.0,0.776,Web,Manual Review,Firefox,38,Light,-0.13438,B0985
REC00371,CLM00673,CUS00397,PRD00994,Laptop,NovaTech,NOV-LAP-644,SN-54095971,2024-06-18,2026-01-01,2025-12-28,24,No,Battery Problem,Electrical Failure,Yes,Yes,Yes,Yes,Yes,Not Applicable,No,0,Not Applicable,No,Not Applicable,Yes,Yes,No,No,No,0,787.59,0.0,,Mobile App,Valid Claim,Safari,10,Dark,0.16901,B0490
REC01032,CLM00674,CUS00641,PRD00214,Laptop,NovaTech,NOV-LAP-467,SN-11775337,2024-08-16,2025-10-10,2025-09-17,24,No,Battery Problem,Electrical Failure,Yes,Yes,Yes,Yes,,,No,0,Not Applicable,No,Not Applicable,Yes,Yes,No,Yes,No,1,875.04,0.0,0.775,Mobile App,Valid Claim,Edge,34,System,0.19603,B0607
REC00655,CLM00675,CUS00650,PRD00175,Printer,PrimeView,PRI-PRI-539,SN-26004211,2023-06-02,2024-12-25,2024-12-16,24,No,Power Failure,Electrical Failure,Yes,Yes,Yes,Yes,Yes,Not Applicable,No,0,Not Applicable,Yes,Yes,Yes,Yes,No,No,No,0,72.41,0.0,0.735,Mobile App,Valid Claim,MobileWebView,53,Dark,0.83441,B0154
REC00813,CLM00676,CUS00419,PRD00934,Camera,PrimeView,PRI-CAM-225,SN-19552178,2025-11-05,2026-02-17,2026-02-02,12,No,Battery Problem,Internal Component Failure,Yes,Yes,Yes,Yes,Yes,Not Applicable,No,0,Not Applicable,No,Not Applicable,Yes,Yes,No,No,No,1,494.36,0.0,0.956,Mobile App,Valid Claim,Safari,38,Light,-2.08138,B0203
REC00687,CLM00677,CUS00244,PRD00968,Refrigerator,HomePro,HOM-REF-742,SN-69546209,2023-10-22,2025-05-21,2025-05-12,36,No,Power Failure,Manufacturing Defect,Yes,Yes,Yes,Yes,Yes,Not Applicable,No,0,Not Applicable,No,Not Applicable,Yes,Yes,No,No,No,2,1660.45,0.0,0.91,Email,Valid Claim,Safari,24,Light,-1.65532,B0653
REC01442,CLM00678,CUS00348,PRD00158,Air Conditioner,Aster,AST-AIR-822,SN-96093507,2026-02-07,2026-07-17,2026-07-13,12,No,Cooling Failure,Water Damage,Yes,Yes,Yes,Yes,Yes,No,Yes,2,Yes,No,Not Applicable,Yes,Yes,No,No,No,0,645.13,,0.751,Email,Invalid Claim,Safari,18,System,-0.31407,B0755
REC00901,CLM00679,CUS00437,PRD00770,Printer,PrimeView,PRI-PRI-479,SN-40297881,2024-01-10,2025-05-20,2025-05-08,24,No,Connectivity Issue,Physical Damage,Yes,Yes,Yes,Yes,Yes,Yes,Yes,1,Yes,No,Not Applicable,Yes,Yes,No,No,No,0,1053.16,564.39,0.976,Service Center,Invalid Claim,Edge,28,Light,1.52262,B0849
REC01090,CLM00680,CUS00681,PRD00146,Laptop,Aster,AST-LAP-242,SN-60612220,2024-06-24,2026-03-08,2026-03-02,12,No,Overheating,Internal Component Failure,Yes,Yes,Yes,Yes,Yes,Not Applicable,No,0,Not Applicable,No,Not Applicable,Yes,Yes,No,No,No,0,,0.0,0.765,Service Center,Invalid Claim,Edge,29,System,0.92823,B0213
REC01098,CLM00681,CUS00163,PRD00766,Air Conditioner,ZenCore,ZEN-AIR-776,SN-70319068,2025-03-23,2025-11-02,2025-09-23,12,No,Water Leakage,Accidental Damage,Yes,No,Yes,Yes,Yes,Yes,Yes,3,Yes,Yes,Yes,Yes,No,No,No,No,0,259.97,640.98,0.866,Web,Invalid Claim,MobileWebView,14,Dark,1.27222,B0703
REC00697,CLM00682,CUS00018,PRD00282,Laptop,Aster,AST-LAP-832,SN-72341159,2025-07-01,2026-04-09,2026-03-28,36,No,Power Failure,Manufacturing Defect,Yes,Yes,Yes,No,Yes,Not Applicable,No,0,Not Applicable,No,Not Applicable,Yes,Yes,Yes,No,No,2,853.77,0.0,0.538,Service Center,Invalid Claim,Chrome,7,Dark,0.51389,B0338
REC01251,CLM00683,CUS00248,PRD00198,Camera,Aster,AST-CAM-829,SN-78970702,2023-12-17,2026-01-17,2026-01-13,24,No,Connectivity Issue,Electrical Failure,Yes,Yes,Yes,Yes,Yes,Not Applicable,No,0,Not Applicable,No,Not Applicable,Yes,Yes,No,No,No,0,1184.85,0.0,0.893,Mobile App,Invalid Claim,Safari,44,System,0.92219,B0308
REC01489,CLM00684,CUS00421,PRD00575,Washing Machine,HomePro,HOM-WAS-993,SN-26689434,2023-05-19,2024-11-26,2024-11-08,24,Yes,Mechanical Failure,Manufacturing Defect,Yes,Yes,Yes,Yes,Yes,Not Applicable,No,0,Not Applicable,No,Not Applicable,No,Yes,No,No,No,0,230.26,0.0,0.941,Web,Invalid Claim,Safari,29,Dark,0.50552,B0505
REC00108,CLM00685,CUS00233,PRD00011,Laptop,NovaTech,NOV-LAP-589,SN-20239223,2025-08-12,2026-01-04,2025-12-21,12,No,Battery Problem,Electrical Failure,No,No,Yes,No,Yes,Yes,Yes,3,Yes,No,Not Applicable,Yes,Yes,No,No,No,3,311.54,583.93,0.784,Mobile App,Manual Review,Firefox,3,Dark,-1.02223,B0927
REC01490,CLM00686,CUS00566,PRD00940,Printer,NovaTech,NOV-PRI-212,SN-28375939,2024-12-05,2025-07-09,2025-07-02,12,No,Power Failure,Internal Component Failure,Yes,Yes,Yes,Yes,Yes,Not Applicable,No,0,Not Applicable,No,Not Applicable,Yes,Yes,No,No,No,1,377.57,0.0,0.892,Service Center,Valid Claim,Firefox,36,Light,0.32748,B0933
REC00031,CLM00687,CUS00390,PRD00564,Washing Machine,PrimeView,PRI-WAS-242,SN-78602037,,2025-12-23,2025-11-12,24,No,Power Failure,Internal Component Failure,Yes,Yes,No,Yes,Yes,Yes,Yes,3,Yes,Yes,Yes,Yes,Yes,No,No,No,0,177.61,213.42,0.882,Web,Invalid Claim,Safari,1,Dark,-0.51448,B0390
REC01309,CLM00688,CUS00630,PRD00607,Television,HomePro,HOM-TEL-934,SN-19674538,2023-09-17,2024-08-08,2024-08-01,12,No,Power Failure,Electrical Failure,Yes,Yes,,Yes,Yes,Not Applicable,No,0,Not Applicable,No,Not Applicable,Yes,Yes,No,No,No,0,931.37,0.0,,Web,Valid Claim,MobileWebView,7,Dark,0.87022,B0094
REC00291,CLM00689,CUS00595,PRD00030,Camera,Aster,AST-CAM-973,SN-16377259,2023-08-06,2026-08-19,2026-08-15,12,Yes,Display Failure,Internal Component Failure,Yes,No,Yes,Yes,,Not Applicable,No,0,Not Applicable,No,Not Applicable,Yes,Yes,No,No,No,0,921.95,0.0,0.821,Email,Invalid Claim,MobileWebView,52,System,1.26813,B0477
REC01286,CLM00690,CUS00565,PRD00931,Washing Machine,PrimeView,PRI-WAS-424,SN-99795982,2023-09-01,2023-11-19,2023-11-19,24,No,Power Failure,Manufacturing Defect,Yes,Yes,Yes,Yes,Yes,Not Applicable,No,0,Not Applicable,No,Not Applicable,Yes,Yes,No,No,No,1,1135.56,0.0,0.89,Web,Valid Claim,Safari,52,Light,0.1964,B0463
REC00186,CLM00691,CUS00547,PRD00904,Smartphone,NovaTech,NOV-SMA-306,SN-52315650,2025-11-13,2026-06-19,2026-06-06,12,No,Overheating,Manufacturing Defect,Yes,Yes,Yes,Yes,Yes,Not Applicable,No,0,Not Applicable,No,Not Applicable,Yes,Yes,No,No,No,0,361.44,,0.793,Service Center,Valid Claim,Safari,49,System,0.13428,B0591
REC01425,CLM00692,CUS00236,PRD00365,Washing Machine,ZenCore,ZEN-WAS-651,SN-21618156,2023-11-10,2024-10-27,2024-10-24,12,Yes,Power Failure,Internal Component Failure,Yes,Yes,Yes,Yes,Yes,Not Applicable,No,0,Not Applicable,No,Not Applicable,Yes,Yes,No,No,No,1,950.18,0.0,0.938,Service Center,Valid Claim,Firefox,54,Light,-1.83408,B0615
REC01146,CLM00693,CUS00030,PRD00173,Air Conditioner,Aster,AST-AIR-962,SN-39218695,2023-07-27,2025-09-17,2025-09-07,36,No,Noise,Internal Component Failure,Yes,Yes,No,,Yes,Not Applicable,No,0,Not Applicable,No,Not Applicable,Yes,Yes,No,No,No,1,233.37,0.0,0.839,Web,Manual Review,MobileWebView,43,Light,0.90046,B0345
REC00970,CLM00694,CUS00563,PRD00900,Television,Aster,AST-TEL-265,SN-98270461,2023-05-30,2026-06-10,2026-05-23,36,No,Audio Failure,Internal Component Failure,Yes,Yes,Yes,Yes,Yes,Not Applicable,No,0,Not Applicable,No,Not Applicable,Yes,Yes,No,No,No,0,490.74,0.0,0.838,Service Center,Invalid Claim,Firefox,17,Light,-0.38098,B0144
REC00489,CLM00695,CUS00487,PRD00915,Smartphone,Aster,AST-SMA-485,SN-10236818,2024-01-02,2026-08-15,2026-07-24,12,No,Connectivity Issue,Manufacturing Defect,Yes,No,No,Yes,Yes,No,Yes,3,Yes,No,Not Applicable,Yes,Yes,No,No,No,1,759.04,185.97,0.797,Mobile App,Invalid Claim,Edge,30,Dark,-2.07541,B0002
REC00208,CLM00696,CUS00470,PRD00661,Air Conditioner,HomePro,HOM-AIR-477,SN-61096720,2025-08-16,2026-05-08,2026-04-13,24,No,Cooling Failure,Physical Damage,Yes,No,Yes,Yes,No,Yes,Yes,3,Unknown,No,Not Applicable,No,Yes,No,No,No,1,1350.53,194.65,0.913,Web,Invalid Claim,Firefox,58,Light,-1.68895,B0599
REC00377,CLM00697,CUS00362,PRD00319,Smartphone,NovaTech,NOV-SMA-389,SN-98725804,2025-08-13,2025-12-12,2025-12-06,12,No,Power Failure,Internal Component Failure,Yes,Yes,,Yes,Yes,Yes,Yes,2,Yes,Yes,Yes,Yes,Yes,No,No,No,0,862.94,552.03,0.91,Email,Valid Claim,Safari,28,Light,-0.2633,B0494
REC01257,CLM00698,CUS00666,PRD00778,Refrigerator,Aster,AST-REF-835,SN-99920908,2023-06-02,2025-10-30,2025-10-10,24,No,Mechanical Failure,Electrical Failure,Yes,No,Yes,,Yes,Not Applicable,No,0,Not Applicable,Yes,Yes,Yes,Yes,No,No,No,0,171.79,0.0,0.76,Mobile App,Invalid Claim,Edge,20,System,0.22662,B0483
REC01306,CLM00699,CUS00575,PRD00894,Air Conditioner,ZenCore,ZEN-AIR-241,SN-91796672,2024-08-30,2025-04-11,2025-04-06,12,No,Water Leakage,Manufacturing Defect,Yes,Yes,Yes,Yes,Yes,Yes,Yes,2,Yes,No,Not Applicable,Yes,Yes,No,Yes,No,0,1344.25,535.28,0.525,Web,Manual Review,MobileWebView,24,Dark,1.29616,B0372
REC01376,CLM00700,CUS00505,PRD00206,Television,HomePro,HOM-TEL-374,SN-37172444,2023-10-07,2026-07-06,2026-06-04,24,No,Power Failure,Normal Wear,,,Yes,Yes,No,Not Applicable,No,0,Not Applicable,No,Not Applicable,Yes,Yes,No,No,Yes,1,1818.58,,0.896,Mobile App,Invalid Claim,Safari,11,System,-0.05766,B0844
REC00602,CLM00701,CUS00618,PRD00962,Smartphone,Aster,AST-SMA-315,SN-82808520,2023-06-09,2025-10-16,2025-10-05,24,No,Battery Problem,Electrical Failure,Yes,,Yes,Yes,Yes,Not Applicable,No,0,Not Applicable,No,Not Applicable,Unknown,Yes,No,No,No,0,566.2,0.0,0.845,Web,Invalid Claim,Safari,10,System,-0.78245,B0309
REC01084,CLM00702,CUS00239,PRD00024,Camera,PrimeView,PRI-CAM-148,SN-78266055,2023-07-06,2024-08-28,2024-07-26,24,No,Lens Failure,Electrical Failure,Yes,Yes,Yes,Yes,Yes,Not Applicable,No,0,Not Applicable,No,Not Applicable,No,Yes,No,No,No,2,1368.96,0.0,0.572,Mobile App,Invalid Claim,Edge,35,Dark,-0.63731,B0639
REC00520,CLM00703,CUS00064,PRD00453,Laptop,NovaTech,NOV-LAP-404,SN-56201778,2025-01-30,2025-03-26,2025-03-23,12,Yes,Power Failure,Manufacturing Defect,Yes,Yes,Yes,Yes,Yes,Not Applicable,No,0,Not Applicable,No,Not Applicable,Yes,Yes,No,No,No,2,,0.0,0.981,Service Center,Valid Claim,Safari,46,System,-0.72132,B0657
REC01059,CLM00704,CUS00141,PRD00253,Smartphone,PrimeView,PRI-SMA-716,SN-54090526,2024-11-02,2024-12-11,2024-11-10,12,No,Display Failure,Manufacturing Defect,Yes,Yes,Yes,Yes,Yes,Not Applicable,No,0,Not Applicable,No,Not Applicable,Yes,Yes,No,No,No,2,581.96,0.0,0.898,Web,Invalid Claim,Edge,9,Light,-1.53249,B0289
REC01144,CLM00705,CUS00499,PRD00730,Printer,PrimeView,PRI-PRI-539,SN-97611725,2025-11-21,2025-12-13,2025-12-08,24,No,Mechanical Failure,Electrical Failure,Yes,Yes,Yes,Yes,Yes,Yes,Yes,1,Yes,No,Not Applicable,Yes,Yes,No,No,No,3,77.81,591.13,0.566,Service Center,Manual Review,Safari,36,Dark,-0.31206,B0552
REC01342,CLM00706,CUS00420,PRD00458,Air Conditioner,ZenCore,ZEN-AIR-650,SN-78809498,2024-01-18,2025-04-07,2025-03-07,36,Yes,Cooling Failure,Electrical Failure,Yes,Yes,Yes,Yes,Yes,Yes,Yes,3,Yes,No,Not Applicable,Yes,Yes,No,No,No,0,1413.74,513.83,0.888,Mobile App,Invalid Claim,Safari,56,System,-0.54657,B0261
REC01402,CLM00707,CUS00670,PRD00326,Washing Machine,HomePro,HOM-WAS-726,SN-53396306,2024-05-23,2025-04-27,2025-04-12,24,No,Noise,Physical Damage,Yes,Yes,Yes,No,Yes,Not Applicable,No,0,Not Applicable,No,Not Applicable,Yes,Yes,No,No,No,1,1116.61,0.0,0.729,Service Center,Invalid Claim,Safari,56,Dark,-0.56384,B0362
REC00370,CLM00708,CUS00115,PRD00492,Air Conditioner,Aster,AST-AIR-894,SN-10834521,2025-09-14,2026-07-27,2026-07-07,12,No,Cooling Failure,Internal Component Failure,Yes,Yes,Yes,Yes,Yes,Yes,Yes,1,Yes,No,Not Applicable,Yes,Yes,No,No,No,2,970.52,107.86,0.882,Mobile App,Valid Claim,Chrome,18,Light,0.65644,B0698
REC00870,CLM00709,CUS00549,PRD00542,Air Conditioner,ZenCore,ZEN-AIR-147,SN-94342834,2023-09-17,2025-02-18,2025-01-27,24,No,Noise,Manufacturing Defect,Yes,Yes,No,Yes,No,Yes,Yes,3,Unknown,No,Not Applicable,Yes,Yes,No,No,No,1,758.4,648.25,0.771,Mobile App,Manual Review,Chrome,20,Dark,-0.37743,B0421
REC00636,CLM00710,CUS00524,PRD00404,Camera,PrimeView,PRI-CAM-949,SN-10385383,2025-05-16,2025-08-01,2025-07-08,36,No,Connectivity Issue,Manufacturing Defect,Yes,Yes,Yes,No,Yes,,No,0,Not Applicable,No,Not Applicable,Yes,Yes,No,No,No,0,252.68,0.0,0.746,Web,Manual Review,Safari,23,System,1.24131,B0460
REC01188,CLM00711,CUS00653,PRD00854,Smartphone,Aster,AST-SMA-450,SN-42882587,2026-01-09,2026-09-10,2026-08-21,36,No,Connectivity Issue,Electrical Failure,Yes,No,No,Yes,Yes,Not Applicable,No,0,Not Applicable,No,Not Applicable,Yes,Yes,No,No,No,0,208.5,0.0,0.84,Service Center,Manual Review,Edge,45,Dark,0.50531,B0156
REC01112,CLM00712,CUS00565,PRD00432,Air Conditioner,ZenCore,ZEN-AIR-943,SN-42851038,2025-06-28,2025-12-25,2025-12-06,36,Yes,Cooling Failure,Electrical Failure,Yes,Yes,Yes,Yes,Yes,Yes,Yes,3,Yes,No,Not Applicable,Yes,Yes,No,No,No,1,903.38,594.87,0.755,Web,Valid Claim,Chrome,31,Light,-0.82629,B0690
REC00931,CLM00713,CUS00374,PRD00613,Refrigerator,HomePro,HOM-REF-926,SN-47250181,2024-06-10,2026-02-17,2026-02-10,24,No,Water Leakage,Misuse,No,Yes,Yes,Yes,Yes,Yes,Yes,3,Yes,No,Not Applicable,Yes,Yes,No,No,No,0,912.9,450.22,0.833,Service Center,Invalid Claim,MobileWebView,1,Light,-0.53618,B0642
REC01080,CLM00714,CUS00245,PRD00696,Printer,NovaTech,NOV-PRI-717,SN-70791516,2023-05-31,2024-06-27,2024-06-21,12,No,Paper Feed Failure,Misuse,Yes,Yes,No,No,Yes,No,Yes,3,Yes,No,Not Applicable,Yes,Yes,No,No,No,0,962.71,365.79,0.851,Web,Invalid Claim,Safari,45,System,-1.70848,B0961
REC00114,CLM00715,CUS00106,PRD00880,Refrigerator,ZenCore,ZEN-REF-199,SN-18471910,2025-06-26,2026-08-19,2026-08-12,36,No,Power Failure,Internal Component Failure,,No,Yes,,Yes,Yes,Yes,2,Yes,No,Not Applicable,No,Yes,No,No,No,0,2308.86,548.25,0.977,Web,Invalid Claim,Chrome,0,Light,-0.70484,B0368
REC00932,CLM00716,CUS00333,PRD00475,Washing Machine,HomePro,HOM-WAS-872,SN-60690970,2025-06-03,2025-09-23,2025-08-28,12,No,Water Leakage,Internal Component Failure,Yes,Yes,Yes,Yes,Yes,No,Yes,2,No,No,Not Applicable,Yes,Yes,No,No,No,0,1424.88,289.56,0.782,Web,Invalid Claim,Edge,6,Light,1.92069,B0169
REC00482,CLM00717,CUS00529,PRD00768,Smartphone,PrimeView,PRI-SMA-877,SN-41582701,2023-03-03,2024-03-05,2024-02-13,12,No,Display Failure,Manufacturing Defect,Yes,Yes,Yes,Yes,Yes,Not Applicable,No,0,Not Applicable,No,Not Applicable,Yes,Yes,No,No,No,2,661.79,0.0,0.837,Mobile App,Invalid Claim,Edge,20,Dark,0.08701,B0906
REC00513,CLM00718,CUS00098,PRD00563,Refrigerator,HomePro,HOM-REF-253,SN-30085009,2023-03-09,2023-07-12,2023-06-29,24,No,Cooling Failure,Physical Damage,No,Yes,Yes,Yes,Yes,Not Applicable,No,0,Not Applicable,No,Not Applicable,Yes,Yes,No,No,No,0,734.54,0.0,0.466,Web,Invalid Claim,Safari,45,Dark,1.87445,B0702
REC01418,CLM00719,CUS00667,PRD00388,Television,PrimeView,PRI-TEL-436,SN-45840105,2025-09-22,2026-06-08,2026-05-23,12,No,Display Failure,Manufacturing Defect,Yes,Yes,No,Yes,Yes,Not Applicable,No,0,Not Applicable,No,Not Applicable,Yes,Yes,No,No,No,0,226.05,0.0,0.774,Service Center,Manual Review,Safari,12,Dark,-1.39492,B0254
REC00320,CLM00720,CUS00032,PRD00372,Air Conditioner,HomePro,HOM-AIR-170,SN-49538143,2026-01-30,2026-05-23,2026-05-08,24,No,Cooling Failure,Electrical Failure,Yes,No,Yes,Yes,Yes,Not Applicable,No,0,Not Applicable,No,Not Applicable,Yes,Yes,No,No,No,0,1540.26,0.0,0.581,Mobile App,Manual Review,MobileWebView,48,System,0.80467,B0894
REC01328,CLM00721,CUS00550,PRD00766,Washing Machine,HomePro,HOM-WAS-483,SN-95980480,2024-04-25,2025-01-30,2025-01-29,24,No,Mechanical Failure,Water Damage,Yes,Yes,Yes,Yes,Yes,No,Yes,1,Yes,No,Not Applicable,Yes,Yes,No,No,No,2,511.98,374.38,0.989,Email,Invalid Claim,Firefox,15,System,-0.68324,B0049
REC-DUP-0011,CLM00722,CUS00601,PRD00440,Printer,PrimeView,PRI-PRI-895,SN-69163571,2024-12-19,2025-07-21,2025-07-12,12,No,Mechanical Failure,Electrical Failure,Yes,Yes,Yes,Yes,Yes,Not Applicable,No,0,Not Applicable,Yes,Yes,Yes,Yes,No,No,No,1,676.63,0.0,0.97,Email,Valid Claim,Firefox,47,Light,0.55845,B0327
REC01478,CLM00723,CUS00608,PRD00689,Smartphone,PrimeView,PRI-SMA-532,SN-43327678,2025-06-22,2025-09-18,2025-09-10,12,No,Display Failure,Manufacturing Defect,Yes,,Yes,Yes,Yes,Not Applicable,No,0,Not Applicable,No,Not Applicable,Yes,Yes,No,No,No,0,289.62,0.0,0.888,Service Center,Valid Claim,Edge,19,System,-0.41004,B0601
REC00127,CLM00724,CUS00437,PRD00725,Refrigerator,HomePro,HOM-REF-501,SN-94444476,2025-03-03,2026-08-11,2026-07-31,12,No,Power Failure,Internal Component Failure,Yes,Yes,Yes,Yes,Yes,Not Applicable,No,0,Not Applicable,No,Not Applicable,Yes,Yes,No,No,No,2,1576.9,0.0,0.809,Email,Invalid Claim,Edge,30,Light,0.13162,B0873
REC-DUP-0007,CLM00725,CUS00064,PRD00830,Smartphone,PrimeView,PRI-SMA-477,SN-24420298,2024-01-14,2024-05-29,2024-05-14,24,No,Overheating,Manufacturing Defect,Yes,Yes,No,Yes,,,No,0,Not Applicable,No,Not Applicable,Yes,Yes,No,No,No,0,535.45,0.0,0.899,Service Center,Manual Review,Safari,17,Dark,0.89741,B0247
REC00403,CLM00726,CUS00491,PRD00607,Laptop,NovaTech,NOV-LAP-753,SN-74453630,2023-05-09,2026-07-17,2026-07-07,24,No,Display Failure,Manufacturing Defect,Yes,Yes,Yes,Yes,Yes,Not Applicable,No,0,Not Applicable,No,Not Applicable,Yes,Yes,No,No,No,0,435.48,0.0,0.939,Web,Invalid Claim,Chrome,13,System,1.18524,B0397
REC00990,CLM00727,CUS00057,PRD00694,Air Conditioner,Aster,AST-AIR-488,SN-35358862,2023-04-02,2023-08-28,2023-08-22,24,Yes,Water Leakage,Misuse,Yes,Yes,Yes,Yes,Yes,Not Applicable,No,0,Not Applicable,No,Not Applicable,Yes,Yes,No,No,No,0,770.54,0.0,0.965,Email,Invalid Claim,Edge,12,Light,1.76927,B0099
REC00318,CLM00728,CUS00371,PRD00309,Camera,PrimeView,PRI-CAM-558,SN-72957820,2023-09-28,2025-03-18,2025-03-13,24,No,Lens Failure,Manufacturing Defect,Yes,Yes,Yes,Yes,Yes,Not Applicable,No,0,Not Applicable,No,Not Applicable,Yes,Yes,Yes,No,Yes,0,1057.75,0.0,0.947,Service Center,Invalid Claim,Firefox,10,System,1.08456,B0176
REC00801,CLM00729,CUS00572,PRD00244,Refrigerator,ZenCore,ZEN-REF-639,SN-91777145,2023-01-19,2024-11-11,2024-10-28,24,No,Power Failure,Internal Component Failure,Yes,Yes,,Yes,Yes,Not Applicable,No,0,Not Applicable,No,Not Applicable,Yes,Yes,No,No,No,0,1075.82,0.0,0.911,Email,Valid Claim,Chrome,38,Light,0.48863,B0487
REC00197,CLM00730,CUS00212,PRD00475,Refrigerator,Aster,AST-REF-810,SN-72492053,2025-11-01,2026-08-04,2026-07-25,12,No,Water Leakage,Accidental Damage,Yes,Yes,Yes,Yes,,Not Applicable,No,0,Not Applicable,No,Not Applicable,Yes,Yes,No,No,Yes,0,2165.62,0.0,0.794,Email,Invalid Claim,Safari,31,System,-0.94015,B0853
REC00266,CLM00731,CUS00291,PRD00642,Television,HomePro,HOM-TEL-690,SN-90403418,2025-01-21,2026-06-24,2026-06-04,24,No,Connectivity Issue,Accidental Damage,No,Yes,Yes,Yes,Yes,Not Applicable,No,0,Not Applicable,No,Not Applicable,Yes,Yes,No,No,No,0,1570.2,0.0,0.951,Mobile App,Invalid Claim,Chrome,36,System,0.36379,B0342
REC00934,CLM00732,CUS00446,PRD00506,Printer,NovaTech,NOV-PRI-875,SN-70149093,2025-12-30,2026-01-06,2025-12-30,24,No,Power Failure,Internal Component Failure,Yes,Yes,Yes,Yes,Yes,Not Applicable,No,0,Not Applicable,No,Not Applicable,No,Yes,No,No,No,2,665.66,,0.92,Web,Invalid Claim,Safari,56,System,1.52648,B0467
REC00449,CLM00733,CUS00054,PRD00817,Television,PrimeView,PRI-TEL-785,SN-80859911,2024-03-12,2025-03-08,2025-01-27,24,No,Power Failure,Internal Component Failure,Yes,Yes,Yes,Yes,No,Not Applicable,No,0,Not Applicable,No,Not Applicable,Yes,Yes,No,No,No,1,601.07,0.0,0.776,Service Center,Invalid Claim,MobileWebView,49,Dark,0.41701,B0778
REC00650,CLM00734,CUS00156,PRD00705,Laptop,ZenCore,ZEN-LAP-461,SN-24225552,2023-08-25,2023-09-03,2023-08-26,24,No,Battery Problem,Internal Component Failure,,Yes,Yes,No,Yes,Not Applicable,No,0,Not Applicable,No,Not Applicable,Yes,Yes,No,No,No,0,276.03,0.0,0.789,Mobile App,Manual Review,Safari,4,Dark,-0.66624,B0700
REC00413,CLM00735,CUS00352,PRD00585,Smartphone,PrimeView,PRI-SMA-522,SN-11512485,2024-06-11,2026-03-15,2026-03-13,12,No,Battery Problem,Manufacturing Defect,Yes,Yes,No,Yes,No,Yes,Yes,3,Yes,Yes,Yes,Yes,Yes,No,No,Yes,1,978.59,76.31,0.761,Service Center,Invalid Claim,Edge,50,System,1.24866,B0470
REC00869,CLM00736,CUS00478,PRD00550,Laptop,Aster,AST-LAP-275,SN-68497330,2023-06-17,2025-10-27,2025-10-20,24,Yes,Display Failure,Electrical Failure,Yes,Yes,Yes,,Yes,Not Applicable,No,0,Not Applicable,Yes,Yes,Yes,Yes,No,No,No,0,1960.09,0.0,0.97,Mobile App,Valid Claim,Chrome,40,System,-0.15098,B0716
REC01495,CLM00737,CUS00052,PRD00800,Air Conditioner,Aster,AST-AIR-769,SN-34640044,2025-01-11,2026-02-07,2025-12-23,36,No,Noise,Manufacturing Defect,Yes,Yes,Yes,Yes,Yes,Not Applicable,No,,Not Applicable,No,Not Applicable,Yes,Yes,No,Yes,No,1,264.2,0.0,0.838,Mobile App,Invalid Claim,Firefox,55,Dark,0.00354,B0885
REC00580,CLM00738,CUS00448,PRD00587,Refrigerator,ZenCore,ZEN-REF-124,SN-80040257,2025-03-01,2025-10-20,2025-10-06,,No,Water Leakage,Internal Component Failure,Yes,,,Yes,Yes,Not Applicable,No,0,Not Applicable,No,Not Applicable,Yes,Yes,No,No,No,1,302.67,0.0,0.605,Mobile App,Manual Review,Edge,40,Dark,1.83838,B0280
REC00354,CLM00739,CUS00474,PRD00673,Printer,NovaTech,NOV-PRI-282,SN-37689495,2025-08-21,2026-05-19,2026-04-07,12,Yes,Connectivity Issue,Water Damage,Yes,Yes,Yes,Yes,Yes,Yes,Yes,2,Yes,No,Not Applicable,Yes,No,No,No,No,0,108.59,640.1,0.783,Mobile App,Invalid Claim,Firefox,58,Dark,-0.02107,B0651
REC00791,CLM00740,CUS00577,PRD00838,Smartphone,NovaTech,NOV-SMA-382,SN-78377796,2023-09-20,2026-02-07,2026-02-02,12,No,Power Failure,Electrical Failure,Yes,Yes,Yes,Yes,Yes,Not Applicable,No,0,Not Applicable,Yes,No,Yes,Yes,No,No,No,1,773.93,0.0,0.945,Service Center,Invalid Claim,Chrome,36,Light,1.55409,B0573
REC00915,CLM00741,CUS00184,PRD00757,Refrigerator,ZenCore,ZEN-REF-872,SN-27554172,2025-12-10,2026-08-10,2026-07-25,36,No,Cooling Failure,Internal Component Failure,Yes,No,,Yes,Yes,Not Applicable,No,0,Not Applicable,No,Not Applicable,Yes,Yes,No,No,No,1,960.49,0.0,0.879,Mobile App,Valid Claim,MobileWebView,9,Light,0.00119,B0850
REC00991,CLM00742,CUS00294,PRD00803,Television,HomePro,HOM-TEL-330,SN-33335863,2025-08-28,2026-04-05,2026-03-30,12,Yes,Audio Failure,Electrical Failure,,No,Yes,Yes,Yes,Not Applicable,No,0,Not Applicable,No,Not Applicable,Yes,Yes,No,No,No,0,531.13,0.0,0.995,Email,Valid Claim,Firefox,47,Light,0.2208,B0469
REC00563,CLM00743,CUS00424,PRD00383,Washing Machine,PrimeView,PRI-WAS-299,SN-78958990,2025-05-01,2025-06-17,2025-06-11,12,No,Noise,Manufacturing Defect,Yes,Yes,,Yes,Yes,Yes,Yes,3,No,No,Not Applicable,Yes,Yes,No,No,No,0,920.69,264.89,0.83,Web,Invalid Claim,MobileWebView,4,Light,-0.50692,B0353
REC00167,CLM00744,CUS00008,PRD00576,Air Conditioner,Aster,AST-AIR-538,SN-26620032,2024-04-29,2024-10-30,2024-10-13,12,No,Noise,Manufacturing Defect,Yes,Yes,Yes,Yes,Yes,,Yes,1,Yes,No,Not Applicable,No,Yes,No,No,No,0,1383.68,152.81,0.708,Email,Invalid Claim,Chrome,0,Light,-0.04898,B0782
REC00625,CLM00745,CUS00538,PRD00034,Laptop,ZenCore,ZEN-LAP-539,SN-48912335,2025-06-30,2025-08-22,2025-07-22,24,Yes,Display Failure,Physical Damage,Yes,Yes,Yes,Yes,Yes,Not Applicable,No,0,Not Applicable,No,Not Applicable,Yes,Yes,No,No,No,1,949.15,0.0,0.932,Mobile App,Invalid Claim,Safari,21,Light,-0.73435,B0123
REC01141,CLM00746,CUS00652,PRD00259,Printer,NovaTech,NOV-PRI-207,SN-75068843,2024-02-07,2026-01-05,2026-01-04,24,No,Mechanical Failure,Manufacturing Defect,Yes,Yes,Yes,Yes,Yes,Yes,Yes,1,Yes,No,Not Applicable,Yes,Yes,No,No,No,1,490.25,549.7,0.879,Web,Valid Claim,Firefox,27,Light,-0.71272,B0642
REC00392,CLM00747,CUS00162,PRD00393,Camera,PrimeView,PRI-CAM-886,SN-21472721,2025-08-09,2026-05-14,2026-05-04,12,No,Battery Problem,Manufacturing Defect,Yes,Yes,Yes,Yes,No,Yes,Yes,3,Yes,No,Not Applicable,Yes,Yes,No,No,No,1,1509.23,,,Web,Manual Review,Chrome,16,Dark,0.01257,B0673
REC01205,CLM00748,CUS00439,PRD00024,Printer,HomePro,HOM-PRI-679,SN-90495905,2025-10-09,2025-11-13,2025-11-08,36,No,Mechanical Failure,Water Damage,Yes,Yes,Yes,Yes,Yes,Not Applicable,No,0,Not Applicable,No,Not Applicable,Yes,Yes,No,No,No,0,420.47,0.0,0.761,Service Center,Invalid Claim,Safari,44,Light,0.13643,B0095
REC01243,CLM00749,CUS00152,PRD00303,Air Conditioner,Aster,AST-AIR-800,SN-85561916,2025-01-06,2026-08-04,2026-07-12,24,No,Cooling Failure,Misuse,Yes,Yes,Yes,Yes,Yes,Not Applicable,No,0,Not Applicable,No,Not Applicable,Yes,Yes,No,No,No,0,1169.44,0.0,0.956,Email,Invalid Claim,Firefox,3,Light,1.60185,B0137
REC01051,CLM00750,CUS00310,PRD00381,Washing Machine,ZenCore,ZEN-WAS-223,SN-11011157,2024-09-23,2025-01-02,2024-12-23,12,No,Mechanical Failure,Normal Wear,Yes,Yes,Yes,Yes,Yes,Yes,Yes,3,Yes,No,Not Applicable,Yes,Yes,No,No,No,0,,417.93,0.711,Mobile App,Invalid Claim,MobileWebView,46,Light,0.64648,B0850
REC00543,CLM00751,CUS00430,PRD00316,Printer,HomePro,HOM-PRI-521,SN-16026137,2025-10-11,2025-12-09,2025-11-30,24,No,Paper Feed Failure,Manufacturing Defect,Yes,Yes,Yes,Yes,No,Not Applicable,No,0,Not Applicable,No,Not Applicable,Yes,Yes,No,No,No,0,52.09,0.0,0.954,Email,Manual Review,Safari,26,System,-0.95659,B0972
REC00545,CLM00752,CUS00643,PRD00059,Laptop,ZenCore,ZEN-LAP-127,SN-47886847,2024-12-30,2025-08-09,2025-07-17,36,Yes,Overheating,Internal Component Failure,Yes,Yes,Yes,No,Yes,Not Applicable,No,0,Not Applicable,No,Not Applicable,Yes,Yes,No,No,No,1,880.63,0.0,0.908,Web,Manual Review,Chrome,18,Dark,-0.80985,B0613
REC00664,CLM00753,CUS00405,PRD00415,Refrigerator,HomePro,HOM-REF-140,SN-44043575,2024-10-29,2025-01-26,2025-01-17,36,No,Power Failure,Internal Component Failure,Yes,Yes,Yes,Yes,Yes,,No,0,Not Applicable,No,Not Applicable,Yes,Yes,No,No,No,1,423.05,,0.969,Web,Valid Claim,Firefox,58,Light,-0.0893,B0770
REC00204,CLM00754,CUS00635,PRD00597,Television,PrimeView,PRI-TEL-304,SN-96966327,2025-04-30,2026-02-20,2026-01-27,24,No,Connectivity Issue,Electrical Failure,Yes,Yes,Yes,Yes,No,Not Applicable,No,0,Not Applicable,No,Not Applicable,Yes,Yes,No,Yes,No,1,1868.89,0.0,0.578,Service Center,Manual Review,Chrome,45,Dark,-0.80853,B0832
REC00860,CLM00755,CUS00383,PRD00486,Camera,Aster,AST-CAM-761,SN-75165057,2024-05-02,2024-10-10,2024-10-07,24,No,Display Failure,Accidental Damage,Yes,Yes,Yes,Yes,Yes,,No,0,Not Applicable,No,Not Applicable,Yes,Yes,No,No,No,0,549.1,0.0,0.817,Web,Invalid Claim,Edge,58,Dark,0.47848,B0263
REC01427,CLM00756,CUS00676,PRD00773,Camera,NovaTech,NOV-CAM-112,SN-65186635,2025-07-12,2025-10-17,2025-10-10,24,No,Battery Problem,Electrical Failure,,Yes,Yes,No,Yes,Yes,Yes,2,Yes,No,Not Applicable,Yes,Yes,No,No,No,0,1731.43,,0.657,Web,Manual Review,Safari,14,Light,0.72393,B0472
REC00346,CLM00757,CUS00171,PRD00690,Smartphone,Aster,AST-SMA-105,SN-92854247,2025-08-15,2026-02-11,2026-01-20,36,No,Battery Problem,Internal Component Failure,Yes,No,Yes,Yes,Yes,,No,0,Not Applicable,No,Not Applicable,No,Yes,No,No,No,2,382.71,0.0,0.734,Mobile App,Invalid Claim,Chrome,43,System,-0.67078,B0669
REC00821,CLM00758,CUS00391,PRD00967,Washing Machine,HomePro,HOM-WAS-390,SN-14220025,2025-03-13,2025-11-11,2025-10-22,24,No,Water Leakage,Internal Component Failure,Yes,Yes,Yes,Yes,Yes,Yes,Yes,3,Yes,No,Not Applicable,Unknown,Yes,No,No,No,0,1175.84,434.73,0.782,Mobile App,Manual Review,Safari,53,Dark,-0.88379,B0681
REC00384,CLM00759,CUS00275,PRD00611,Laptop,Aster,AST-LAP-762,SN-17203634,2024-05-26,2024-10-23,2024-10-04,24,No,Connectivity Issue,Accidental Damage,,Yes,Yes,Yes,Yes,,Yes,3,Unknown,No,Not Applicable,Yes,Yes,No,No,No,1,110.05,,0.831,Service Center,Invalid Claim,Firefox,15,System,-0.53253,B0194
REC01369,CLM00760,CUS00063,PRD00612,Camera,PrimeView,PRI-CAM-595,SN-46471597,2023-09-08,2024-02-03,2023-12-31,12,No,Battery Problem,Accidental Damage,,No,Yes,Yes,Yes,Not Applicable,No,0,Not Applicable,No,Not Applicable,Yes,Yes,No,No,No,0,2841.12,0.0,0.925,Mobile App,Invalid Claim,MobileWebView,20,Light,-1.23014,B0741
REC00387,CLM00761,CUS00529,PRD00509,Camera,NovaTech,NOV-CAM-767,SN-97226441,2025-02-08,2025-02-16,2025-02-08,24,No,Lens Failure,Internal Component Failure,Yes,Yes,Yes,Yes,Yes,Yes,Yes,1,Yes,No,Not Applicable,Yes,Yes,No,No,No,1,848.18,232.35,0.755,Mobile App,Valid Claim,Firefox,14,System,-0.34529,B0411
REC00441,CLM00762,CUS00014,PRD00743,Camera,NovaTech,NOV-CAM-980,SN-87280438,2024-12-03,2025-07-08,2025-06-21,36,No,Connectivity Issue,Internal Component Failure,Yes,Yes,Yes,Yes,Yes,Not Applicable,No,0,Not Applicable,No,Not Applicable,Yes,Yes,No,No,No,1,438.1,0.0,0.782,Web,Valid Claim,MobileWebView,3,Dark,-0.66807,B0008
REC00910,CLM00763,CUS00256,PRD00077,Refrigerator,Aster,AST-REF-279,SN-53798117,2023-08-07,2023-12-21,2023-12-20,24,No,Cooling Failure,Electrical Failure,Yes,Yes,Yes,Yes,Yes,Yes,Yes,2,Yes,No,Not Applicable,Yes,Yes,No,No,No,1,706.6,398.57,0.907,Email,Valid Claim,Safari,29,Dark,0.35641,B0384
REC01046,CLM00764,CUS00669,PRD00467,Printer,PrimeView,PRI-PRI-682,SN-92943318,2024-07-03,2026-04-16,2026-04-08,12,No,Paper Feed Failure,Electrical Failure,No,Yes,Yes,Yes,Yes,Not Applicable,No,0,Not Applicable,No,Not Applicable,Yes,Yes,No,No,No,0,74.19,0.0,0.791,Web,Invalid Claim,Chrome,58,Light,1.09159,B0375
REC00652,CLM00765,CUS00632,PRD00448,Washing Machine,PrimeView,PRI-WAS-653,SN-98438817,2025-09-13,2025-11-30,2025-11-14,24,No,Mechanical Failure,Normal Wear,Yes,Yes,Yes,Yes,No,,No,0,Not Applicable,No,Not Applicable,Yes,Yes,No,No,No,0,2052.46,0.0,0.727,Web,Invalid Claim,MobileWebView,15,Dark,-0.30788,B0359
REC00479,CLM00766,CUS00432,PRD00183,Television,HomePro,,SN-97734508,2023-08-13,2024-07-04,2024-06-05,12,No,Audio Failure,Internal Component Failure,Yes,Yes,Yes,Yes,Yes,Not Applicable,No,0,Not Applicable,No,Not Applicable,Yes,Yes,No,No,No,0,1077.99,0.0,0.747,Service Center,Valid Claim,Firefox,27,System,1.41115,B0179
REC00242,CLM00767,CUS00450,PRD00004,Camera,PrimeView,PRI-CAM-116,SN-84703167,2024-11-26,2025-04-05,2025-03-30,12,No,Lens Failure,Electrical Failure,Yes,Yes,Yes,Yes,Yes,Not Applicable,No,0,Not Applicable,No,Not Applicable,Yes,Yes,No,No,No,0,626.34,0.0,0.99,Mobile App,Valid Claim,Safari,8,Light,1.46326,B0833
REC00775,CLM00768,CUS00193,PRD00451,Refrigerator,ZenCore,ZEN-REF-386,SN-85195992,2023-07-15,2026-07-26,2026-07-19,12,No,Cooling Failure,Manufacturing Defect,Yes,Yes,Yes,Yes,Yes,,No,0,Not Applicable,No,Not Applicable,Yes,Yes,No,No,No,0,287.49,0.0,0.806,Mobile App,Invalid Claim,Safari,33,Light,-0.60254,B0222
REC01410,CLM00769,CUS00560,PRD00233,Printer,PrimeView,PRI-PRI-527,SN-68234347,2024-07-25,2025-11-26,2025-11-12,24,No,Paper Feed Failure,Manufacturing Defect,,Yes,Yes,No,No,No,Yes,1,Yes,No,Not Applicable,Yes,Yes,No,No,No,0,825.7,,0.772,Web,Manual Review,MobileWebView,54,System,-0.25209,B0061
REC00549,CLM00770,CUS00434,PRD00800,Washing Machine,HomePro,HOM-WAS-276,SN-74622762,2025-07-13,2026-06-21,2026-06-20,24,No,Water Leakage,Physical Damage,Yes,Yes,Yes,Yes,Yes,Not Applicable,No,0,Not Applicable,No,Not Applicable,Yes,Yes,No,No,No,2,787.92,0.0,0.807,Mobile App,Invalid Claim,Safari,8,System,0.45204,B0436
REC00374,CLM00771,CUS00561,PRD00423,Smartphone,NovaTech,NOV-SMA-693,SN-75091334,,2026-03-07,2026-02-21,24,No,Battery Problem,Manufacturing Defect,Yes,Yes,Yes,Yes,Yes,No,Yes,2,Yes,No,Not Applicable,Yes,Yes,No,No,No,0,454.14,144.03,0.741,Web,Valid Claim,Firefox,56,Dark,0.85433,B0722
REC00591,CLM00772,CUS00435,PRD00662,Printer,NovaTech,NOV-PRI-745,SN-40118155,2025-01-17,2025-09-05,2025-08-25,24,No,Paper Feed Failure,Misuse,Yes,Yes,Yes,Yes,Yes,No,Yes,2,Yes,No,Not Applicable,Yes,Yes,No,No,No,0,654.99,,0.594,Mobile App,Invalid Claim,MobileWebView,41,Dark,-1.39966,B0441
REC00048,CLM00773,CUS00448,PRD00787,Refrigerator,Aster,AST-REF-531,SN-52416139,2024-08-11,2026-08-20,2026-08-13,24,No,Noise,Manufacturing Defect,Yes,Yes,,Yes,Yes,Not Applicable,No,0,Not Applicable,No,Not Applicable,Yes,Yes,No,No,No,1,648.16,0.0,0.769,Web,Invalid Claim,Firefox,42,Light,0.75021,B0032
REC01326,CLM00774,CUS00695,PRD00559,Laptop,Aster,AST-LAP-654,SN-28942744,2025-10-08,2026-09-05,2026-08-30,12,No,Battery Problem,Internal Component Failure,Yes,No,Yes,Yes,No,Not Applicable,No,0,Not Applicable,Yes,Yes,Yes,Yes,No,No,No,0,809.14,0.0,0.854,Mobile App,Manual Review,Safari,53,System,0.73102,B0557
REC00421,CLM00775,CUS00627,PRD00449,Refrigerator,Aster,AST-REF-766,SN-20924083,,2025-11-17,2025-10-21,12,No,Cooling Failure,Manufacturing Defect,Yes,Yes,Yes,No,Yes,Not Applicable,No,0,Not Applicable,No,Not Applicable,Yes,Yes,No,No,No,0,1292.49,0.0,0.952,Email,Manual Review,Safari,43,Light,1.24243,B0051
REC00657,CLM00776,CUS00182,PRD00233,Camera,Aster,AST-CAM-329,SN-74279248,2025-10-30,2026-09-03,2026-08-29,12,No,Connectivity Issue,Electrical Failure,Yes,Yes,Yes,Yes,No,Not Applicable,No,0,Not Applicable,No,Not Applicable,Yes,Yes,No,No,No,1,790.22,0.0,0.818,Web,Manual Review,Chrome,11,Dark,1.32803,B0402
REC00321,CLM00777,CUS00267,PRD00680,Washing Machine,,PRI-WAS-463,SN-34362569,2025-06-02,2026-04-28,2026-04-23,12,No,Mechanical Failure,Manufacturing Defect,Yes,Yes,Yes,Yes,Yes,Not Applicable,No,0,Not Applicable,No,Not Applicable,Yes,Yes,No,No,No,1,419.97,0.0,0.808,Web,Valid Claim,Firefox,17,Dark,1.53389,B0713
REC00691,CLM00778,CUS00019,PRD00478,Refrigerator,HomePro,HOM-REF-134,SN-72946658,2025-03-29,2025-04-21,2025-04-10,12,Yes,Mechanical Failure,Internal Component Failure,Yes,Yes,Yes,Yes,,Not Applicable,No,0,Not Applicable,No,Not Applicable,Yes,Yes,No,No,No,2,1292.68,0.0,0.881,Service Center,Valid Claim,MobileWebView,22,Dark,1.68192,B0335
REC00922,CLM00779,CUS00153,PRD00033,Refrigerator,Aster,AST-REF-750,SN-47565794,2025-08-19,2025-11-13,2025-10-24,12,No,Water Leakage,Internal Component Failure,Yes,Yes,Yes,Yes,Yes,Not Applicable,No,0,Not Applicable,No,Not Applicable,Yes,Yes,No,No,No,1,1491.67,0.0,0.969,Service Center,Valid Claim,Safari,53,System,-3.19805,B0819
REC00966,CLM00780,CUS00628,PRD00362,Printer,PrimeView,PRI-PRI-234,SN-28826307,2024-06-19,2025-05-24,2025-04-27,36,No,Mechanical Failure,Manufacturing Defect,Yes,Yes,Yes,Yes,Yes,Yes,Yes,1,Yes,No,Not Applicable,Yes,No,No,No,No,1,185.22,218.33,0.9,Web,Manual Review,Edge,33,Dark,-0.15973,B0720
REC01456,CLM00781,CUS00300,PRD00734,Smartphone,Aster,AST-SMA-490,SN-93816153,2025-12-17,2026-05-13,2026-04-23,12,Yes,Power Failure,Electrical Failure,Yes,Yes,Yes,Yes,Yes,Not Applicable,No,0,Not Applicable,Yes,Yes,Yes,Yes,No,No,No,0,100.96,0.0,0.772,Mobile App,Valid Claim,Edge,6,Light,0.70292,B0093
REC01420,CLM00782,CUS00090,PRD00350,Refrigerator,Aster,AST-REF-204,SN-28104236,2023-07-27,2023-08-15,2023-08-11,24,No,Power Failure,Internal Component Failure,Yes,Yes,Yes,Yes,Yes,Not Applicable,No,0,Not Applicable,No,Not Applicable,Yes,Yes,No,No,No,0,955.32,0.0,0.96,Mobile App,Valid Claim,MobileWebView,25,Light,-1.92329,B0927
REC00464,CLM00783,CUS00511,PRD00540,Washing Machine,PrimeView,PRI-WAS-536,SN-19491267,2023-05-12,2025-03-03,2025-02-26,12,Yes,Noise,Electrical Failure,Yes,Yes,Yes,Yes,Yes,,No,0,Not Applicable,No,Not Applicable,Unknown,Yes,No,No,No,1,1212.78,,0.907,Web,Manual Review,Chrome,57,Light,0.1931,B0286
REC01412,CLM00784,CUS00044,PRD00439,Washing Machine,HomePro,HOM-WAS-268,SN-61830566,2023-07-01,2025-11-14,2025-11-11,24,No,Water Leakage,Electrical Failure,Yes,Yes,Yes,Yes,Yes,Not Applicable,No,0,Not Applicable,No,Not Applicable,Yes,Yes,No,No,No,0,205.85,0.0,0.954,Web,Invalid Claim,Chrome,1,Dark,0.65843,B0921
REC00920,CLM00785,CUS00441,PRD00653,Laptop,NovaTech,NOV-LAP-944,SN-18877669,2024-08-30,2025-01-13,2024-12-25,24,No,Connectivity Issue,Manufacturing Defect,Yes,Yes,Yes,Yes,Yes,,Yes,2,Yes,No,Not Applicable,Yes,Yes,No,No,No,0,450.54,290.0,0.5,Mobile App,Manual Review,Safari,20,System,-1.23114,B0541
REC-DUP-0041,CLM00786,CUS00225,PRD00258,Air Conditioner,Aster,AST-AIR-929,SN-43329433,2024-06-11,2024-09-22,2024-05-02,,No,Water Leakage,Electrical Failure,Yes,Yes,Yes,No,Yes,,No,0,Not Applicable,No,Not Applicable,Yes,Yes,No,No,No,1,1937.4,0.0,0.851,Mobile App,Manual Review,Safari,22,System,-0.21201,B0849
REC00003,CLM00787,CUS00365,PRD00054,Camera,PrimeView,PRI-CAM-925,SN-89070154,2023-11-30,2024-09-03,2024-08-16,24,No,Battery Problem,Electrical Failure,Yes,Yes,Yes,Yes,Yes,Yes,Yes,3,Yes,No,Not Applicable,Yes,Yes,No,No,No,1,202.23,408.01,0.847,Web,Valid Claim,MobileWebView,40,Dark,-0.42982,B0232
REC00157,CLM00788,CUS00106,PRD00864,Laptop,ZenCore,ZEN-LAP-384,SN-25447127,2023-02-17,2024-06-29,2024-06-21,12,No,Battery Problem,Accidental Damage,,Yes,Yes,Yes,Yes,Not Applicable,No,0,Not Applicable,No,Not Applicable,Yes,Yes,No,No,No,0,1873.28,0.0,0.822,Service Center,Invalid Claim,MobileWebView,26,Light,0.67528,B0159
REC00349,CLM00789,CUS00103,PRD00368,Refrigerator,HomePro,HOM-REF-337,SN-32954323,2024-07-25,2025-05-08,2025-05-04,24,No,Mechanical Failure,Physical Damage,Yes,Yes,Yes,No,Yes,Not Applicable,No,0,Not Applicable,No,Not Applicable,Yes,Yes,No,No,No,0,541.1,0.0,0.816,Mobile App,Invalid Claim,MobileWebView,30,Dark,0.78698,B0839
REC00330,CLM00790,CUS00396,PRD00535,Refrigerator,HomePro,HOM-REF-868,SN-75315280,2026-02-21,2026-07-16,2025-12-11,24,Yes,Mechanical Failure,Accidental Damage,Yes,Yes,Yes,Yes,Yes,No,Yes,2,Yes,No,Not Applicable,Yes,Yes,No,No,No,1,1767.93,566.42,0.974,Web,Invalid Claim,Edge,0,Dark,0.25652,B0033
REC01266,CLM00791,CUS00517,PRD00961,Camera,PrimeView,PRI-CAM-954,SN-85637039,2025-02-15,2026-03-09,2026-02-22,12,Yes,Connectivity Issue,Internal Component Failure,Yes,Yes,Yes,Yes,Yes,Yes,Yes,2,Yes,No,Not Applicable,Yes,Yes,No,No,No,0,216.73,546.02,0.833,Mobile App,Valid Claim,Chrome,22,System,-1.09406,B0322
REC00350,CLM00792,CUS00052,PRD00493,Camera,PrimeView,PRI-CAM-338,SN-22572769,2024-05-27,2025-05-22,2025-04-27,24,Yes,Lens Failure,Electrical Failure,Yes,Yes,Yes,Yes,,Not Applicable,No,0,Not Applicable,No,Not Applicable,Yes,Yes,No,No,No,1,128.08,0.0,0.863,Web,Valid Claim,MobileWebView,17,System,-0.90607,B0591
REC00847,CLM00793,CUS00261,PRD00408,Laptop,NovaTech,NOV-LAP-420,SN-90553926,2025-09-27,2026-04-17,2026-03-10,24,No,Power Failure,Electrical Failure,No,Yes,,Yes,Yes,Not Applicable,No,0,Not Applicable,No,Not Applicable,Yes,Yes,No,No,No,1,114.75,0.0,0.973,Web,Invalid Claim,Safari,15,System,-0.56751,B0923
REC00557,CLM00794,CUS00015,PRD00291,Air Conditioner,Aster,AST-AIR-796,SN-54329794,2024-07-25,2025-01-21,2025-01-10,24,No,Cooling Failure,Physical Damage,Yes,Yes,,Yes,Yes,Not Applicable,No,0,Not Applicable,No,Not Applicable,Yes,Yes,No,No,No,1,1327.99,0.0,0.772,Web,Invalid Claim,Firefox,44,Light,0.34834,B0928
REC00176,CLM00795,CUS00439,PRD00595,Laptop,NovaTech,NOV-LAP-435,SN-80579023,2024-07-06,2026-06-25,2026-06-14,36,No,Connectivity Issue,Manufacturing Defect,Yes,Yes,Yes,Yes,Yes,Yes,Yes,2,No,No,Not Applicable,Yes,Yes,No,No,No,1,796.69,385.67,0.862,Web,Invalid Claim,MobileWebView,2,Dark,-0.22805,B0296
REC00111,CLM00796,CUS00050,PRD00766,Smartphone,NovaTech,NOV-SMA-854,SN-74694333,2023-06-01,2026-08-30,2026-08-17,12,No,Connectivity Issue,Internal Component Failure,Yes,Yes,Yes,Yes,No,Yes,Yes,3,Yes,No,Not Applicable,Yes,Yes,No,No,No,1,849.95,631.02,0.728,Service Center,Invalid Claim,Edge,11,Light,1.01339,B0523
REC00438,CLM00797,CUS00434,PRD00797,Camera,NovaTech,NOV-CAM-964,SN-15632732,2024-02-10,2024-08-11,2024-07-31,24,No,Power Failure,Manufacturing Defect,Yes,Yes,No,Yes,Yes,Not Applicable,No,0,Not Applicable,No,Not Applicable,Yes,Yes,No,No,No,0,354.31,0.0,0.859,Mobile App,Manual Review,Chrome,2,System,-1.12409,B0028
REC00027,CLM00798,CUS00685,PRD00476,Smartphone,NovaTech,NOV-SMA-854,SN-50767421,2024-03-19,2025-04-14,2025-03-02,12,No,Display Failure,Manufacturing Defect,Yes,,Yes,Yes,Yes,No,Yes,1,No,No,Not Applicable,Yes,Yes,No,No,No,0,901.88,395.92,0.894,Service Center,Invalid Claim,Safari,14,Dark,-0.89047,B0020
REC01195,CLM00799,CUS00328,PRD00267,Air Conditioner,ZenCore,ZEN-AIR-457,SN-42455730,2023-09-20,2026-03-08,2026-03-03,12,No,Water Leakage,Internal Component Failure,Yes,No,Yes,Yes,Yes,Not Applicable,No,0,Not Applicable,No,Not Applicable,Yes,Yes,No,No,No,0,384.17,99999.0,0.822,Mobile App,Invalid Claim,Edge,12,Dark,-1.43448,B0318
REC01070,CLM00800,CUS00170,PRD00464,Smartphone,PrimeView,PRI-SMA-845,SN-45218239,2024-03-02,2026-05-03,2026-04-24,12,No,Power Failure,Accidental Damage,Yes,,Yes,Yes,No,Not Applicable,No,0,Not Applicable,Yes,Yes,Yes,Yes,No,No,No,1,1080.27,0.0,0.782,Web,Invalid Claim,Firefox,21,Dark,0.66614,B0061
REC-DUP-0021,CLM00801,CUS00078,PRD00777,Printer,NovaTech,NOV-PRI-885,SN-86678952,2026-02-15,2026-05-09,2026-05-05,36,No,Connectivity Issue,Manufacturing Defect,,No,Yes,Yes,No,Yes,Yes,2,Yes,No,Not Applicable,Yes,Yes,No,No,No,1,662.07,632.4,0.981,Mobile App,Manual Review,MobileWebView,31,Dark,1.17374,B0780
REC00005,CLM00802,CUS00566,PRD00376,Washing Machine,PrimeView,PRI-WAS-380,SN-70457402,2024-03-21,2024-04-09,2024-03-29,24,No,Mechanical Failure,Accidental Damage,Yes,,Yes,No,Yes,Not Applicable,No,0,Not Applicable,No,Not Applicable,Yes,Yes,No,No,No,0,150.73,0.0,0.707,Service Center,Invalid Claim,Chrome,50,Light,-0.87255,B0036
REC00579,CLM00803,CUS00302,PRD00030,Air Conditioner,ZenCore,ZEN-AIR-299,SN-67360799,2025-09-02,2025-11-24,2025-11-11,24,Yes,Power Failure,Internal Component Failure,Yes,Yes,Yes,No,Yes,Yes,Yes,2,Yes,No,Not Applicable,Yes,Yes,No,No,No,1,451.83,608.46,0.869,Web,Manual Review,MobileWebView,51,System,1.28749,B0447
REC00235,CLM00804,CUS00251,PRD00487,Laptop,Aster,AST-LAP-440,SN-33864059,2023-02-10,2025-12-23,2025-12-04,24,Yes,Battery Problem,Internal Component Failure,Yes,Yes,Yes,Yes,Yes,Not Applicable,No,0,Not Applicable,No,Not Applicable,Yes,Yes,No,No,No,0,999999.0,,0.726,Web,Valid Claim,Chrome,15,Dark,-0.18809,B0273
REC00919,CLM00805,CUS00379,PRD00111,Refrigerator,ZenCore,ZEN-REF-251,SN-62751109,2023-09-28,2025-03-25,2025-03-19,24,No,Mechanical Failure,Internal Component Failure,Yes,Yes,Yes,Yes,,Yes,Yes,3,Yes,No,Not Applicable,Yes,Yes,No,No,No,1,404.14,461.9,0.922,Email,Valid Claim,Firefox,2,Dark,1.78892,B0122
REC00422,CLM00806,CUS00504,PRD00061,Camera,Aster,AST-CAM-848,SN-95144744,2025-07-07,2026-08-15,2026-08-13,24,No,Connectivity Issue,Manufacturing Defect,Yes,Yes,No,Yes,Yes,Not Applicable,No,0,Not Applicable,No,Not Applicable,Yes,Yes,No,No,No,2,219.88,0.0,0.75,Mobile App,Manual Review,Safari,8,System,-0.92537,B0172
REC00196,CLM00807,CUS00047,PRD00929,Smartphone,Aster,AST-SMA-881,SN-40048978,2024-09-12,,2024-12-09,24,Yes,Battery Problem,Internal Component Failure,Yes,Yes,Yes,,No,Not Applicable,No,0,Not Applicable,No,Not Applicable,Unknown,Yes,No,No,No,2,692.6,0.0,0.888,Email,Manual Review,Chrome,31,Dark,-1.24486,B0902
REC00689,CLM00808,CUS00245,PRD00530,Printer,HomePro,HOM-PRI-693,SN-49318327,2024-03-03,2024-07-01,2024-06-08,36,No,Power Failure,Physical Damage,Yes,Yes,Yes,Yes,Yes,Not Applicable,No,0,Not Applicable,No,Not Applicable,Yes,Yes,No,No,Yes,0,382.35,0.0,0.48,Service Center,Invalid Claim,Safari,59,Light,-0.45769,B0485
REC01255,CLM00809,CUS00418,PRD00485,Refrigerator,ZenCore,,SN-45578386,2023-06-08,2025-08-19,2025-08-16,24,No,Cooling Failure,Manufacturing Defect,Yes,No,No,Yes,,Not Applicable,No,0,Not Applicable,No,Not Applicable,Yes,Yes,No,No,No,2,897.28,0.0,0.86,Service Center,Invalid Claim,MobileWebView,24,System,2.06083,B0774
REC01215,CLM00810,CUS00478,PRD00987,Washing Machine,HomePro,HOM-WAS-258,SN-24235870,2025-01-31,2026-08-02,2026-07-30,36,No,Power Failure,Misuse,Yes,Yes,Yes,Yes,Yes,Yes,Yes,3,Yes,No,Not Applicable,Yes,Yes,No,No,No,0,937.35,260.33,0.952,Web,Invalid Claim,MobileWebView,41,System,-0.27743,B0026
REC00930,CLM00811,CUS00431,PRD00649,Camera,NovaTech,NOV-CAM-423,SN-63086166,2024-02-28,2025-04-20,2025-03-23,24,No,Lens Failure,Manufacturing Defect,Yes,No,Yes,Yes,Yes,Not Applicable,No,0,Not Applicable,No,Not Applicable,Yes,Yes,No,No,No,1,2080.0,0.0,0.894,Service Center,Valid Claim,MobileWebView,24,Light,0.77639,B0408
REC01127,CLM00812,CUS00665,PRD00521,Air Conditioner,ZenCore,ZEN-AIR-812,SN-78558450,2024-07-18,2025-10-02,2025-09-12,12,No,Water Leakage,Manufacturing Defect,Yes,Yes,Yes,Yes,Yes,Not Applicable,No,0,Not Applicable,No,Not Applicable,Yes,Yes,Yes,No,No,0,1323.21,0.0,0.777,Email,Invalid Claim,Safari,10,Dark,1.38105,B0302
REC00116,CLM00813,CUS00337,PRD00756,Television,PrimeView,PRI-TEL-459,SN-86937465,2025-07-11,2026-07-26,2026-07-05,24,No,Power Failure,Accidental Damage,Yes,Yes,Yes,No,,Not Applicable,No,0,Not Applicable,No,Not Applicable,Yes,Yes,No,No,No,1,1009.58,0.0,0.85,Web,Invalid Claim,Chrome,7,Dark,-0.68868,B0887
REC00132,CLM00814,CUS00411,PRD00910,Television,PrimeView,PRI-TEL-848,SN-69312333,2023-07-12,2025-10-14,2025-10-07,12,No,Display Failure,Accidental Damage,No,No,Yes,Yes,Yes,Not Applicable,No,0,Not Applicable,No,Not Applicable,Yes,Yes,No,No,No,1,701.21,0.0,,Email,Invalid Claim,Safari,57,Dark,-0.05522,B0267
REC01279,CLM00815,CUS00473,PRD00833,Television,HomePro,HOM-TEL-147,SN-44789028,2024-06-30,2025-12-06,2025-11-14,36,No,Audio Failure,Manufacturing Defect,Yes,Yes,Yes,Yes,No,Not Applicable,No,0,Not Applicable,Yes,No,Yes,Yes,No,No,No,2,1981.17,0.0,,Web,Manual Review,MobileWebView,57,System,-0.37824,B0312
REC01132,CLM00816,CUS00179,PRD00663,Smartphone,NovaTech,NOV-SMA-957,SN-86902905,2026-02-17,2026-09-11,2026-09-07,36,No,Battery Problem,Water Damage,Yes,Yes,Yes,Yes,,Not Applicable,No,0,Not Applicable,No,Not Applicable,Yes,Yes,No,No,No,0,1278.83,0.0,0.764,Web,Invalid Claim,Edge,52,System,0.71337,B0606
REC00207,CLM00817,CUS00435,PRD00204,Printer,HomePro,HOM-PRI-687,SN-78950700,2024-03-13,2026-05-09,2026-04-12,24,Yes,Connectivity Issue,Electrical Failure,No,Yes,No,Yes,Yes,No,Yes,2,Yes,No,Not Applicable,Yes,Yes,No,No,No,0,285.4,71.66,0.991,Service Center,Manual Review,Edge,36,Light,-1.23996,B0182
REC00292,CLM00818,CUS00062,PRD00530,Smartphone,NovaTech,NOV-SMA-615,SN-93358247,2025-11-24,2026-06-21,2026-06-16,12,No,Battery Problem,Misuse,Yes,Yes,Yes,Yes,Yes,,No,0,Not Applicable,No,Not Applicable,Unknown,Yes,No,No,No,1,319.34,0.0,0.834,Mobile App,Invalid Claim,Edge,12,Light,-0.67076,B0685
REC01101,CLM00819,CUS00015,PRD00564,Air Conditioner,Aster,AST-AIR-979,SN-41646060,2024-02-24,2024-12-25,2024-12-02,12,No,Noise,Manufacturing Defect,Yes,Yes,Yes,Yes,Yes,Not Applicable,No,0,Not Applicable,No,Not Applicable,Yes,Yes,No,No,No,0,274.74,0.0,0.728,Mobile App,Valid Claim,MobileWebView,42,Dark,-0.43384,B0097
REC01209,CLM00820,CUS00650,PRD00587,Printer,HomePro,HOM-PRI-197,SN-54627645,2023-09-08,2025-08-30,2025-08-23,24,No,Mechanical Failure,Water Damage,Yes,Yes,Yes,Yes,No,Not Applicable,No,0,Not Applicable,No,Not Applicable,Unknown,Yes,No,No,No,2,799.78,,0.746,Web,Invalid Claim,Safari,49,Dark,1.84066,B0790
REC00913,CLM00821,CUS00653,PRD00050,Laptop,Aster,AST-LAP-161,SN-11120483,2025-03-08,2026-05-08,2026-04-19,24,No,Overheating,Manufacturing Defect,Yes,Yes,Yes,Yes,Yes,Not Applicable,No,0,Not Applicable,No,Not Applicable,Yes,Yes,No,No,No,0,777.12,0.0,0.971,Service Center,Valid Claim,Safari,58,System,0.48101,B0188
REC00395,CLM00822,CUS00580,PRD00549,Air Conditioner,HomePro,HOM-AIR-609,SN-18816047,2024-03-01,2026-04-20,2026-04-09,24,No,Power Failure,Internal Component Failure,Yes,Yes,Yes,Yes,Yes,Yes,Yes,2,Yes,No,Not Applicable,Yes,Yes,No,No,No,2,1117.04,,0.797,Web,Invalid Claim,MobileWebView,23,Light,0.88329,B0776
REC00720,CLM00823,CUS00036,PRD00360,Washing Machine,PrimeView,PRI-WAS-134,SN-99224715,2024-07-13,2025-11-27,2025-11-18,24,Yes,Mechanical Failure,Manufacturing Defect,Yes,Yes,Yes,,,Not Applicable,No,0,Not Applicable,No,Not Applicable,Yes,No,No,No,No,2,634.24,0.0,0.898,Mobile App,Manual Review,MobileWebView,41,Dark,0.39392,B0766
REC00389,CLM00824,CUS00363,PRD00304,Printer,HomePro,HOM-PRI-316,SN-54218194,2024-04-03,2026-07-07,2026-06-17,12,No,Connectivity Issue,Internal Component Failure,,Yes,Yes,Yes,Yes,Not Applicable,No,0,Not Applicable,No,Not Applicable,Yes,Yes,No,No,No,0,85.86,0.0,0.926,Service Center,Invalid Claim,Safari,39,System,-0.93697,B0197
REC00974,CLM00825,CUS00305,PRD00799,Printer,HomePro,HOM-PRI-232,SN-44746100,2024-12-27,2026-01-23,2026-01-06,12,Yes,Paper Feed Failure,Misuse,Yes,Yes,Yes,Yes,Yes,Yes,Yes,2,Yes,No,Not Applicable,Yes,Yes,No,No,No,1,294.43,345.35,0.909,Web,Invalid Claim,Chrome,51,System,0.02435,B0139
REC00706,CLM00826,CUS00539,PRD00729,Refrigerator,Aster,AST-REF-556,SN-15753452,2025-03-24,2025-04-16,2025-04-15,24,No,Cooling Failure,Water Damage,Yes,Yes,Yes,Yes,No,Not Applicable,No,0,Not Applicable,No,Not Applicable,Yes,Yes,No,No,No,1,348.43,0.0,0.91,Mobile App,Invalid Claim,Chrome,33,Dark,-0.91388,B0804
REC00809,CLM00827,CUS00338,PRD00503,Air Conditioner,ZenCore,ZEN-AIR-502,SN-19819296,2025-11-08,2026-02-26,2026-02-20,24,No,Cooling Failure,Manufacturing Defect,Yes,Yes,Yes,Yes,Yes,Not Applicable,No,0,Not Applicable,No,Not Applicable,Yes,Yes,No,No,No,0,1150.29,0.0,0.792,Web,Valid Claim,Firefox,58,Dark,-2.10988,B0308
REC00968,CLM00828,CUS00552,PRD00086,Television,HomePro,HOM-TEL-998,SN-40897631,2024-06-29,2024-10-15,2024-10-11,12,No,Connectivity Issue,Internal Component Failure,Yes,Yes,Yes,No,,Not Applicable,No,0,Not Applicable,No,Not Applicable,Yes,Yes,No,Yes,No,1,1940.69,0.0,0.89,Service Center,Manual Review,Chrome,44,Dark,0.92749,B0294
REC00597,CLM00829,CUS00375,PRD00906,Television,Aster,AST-TEL-947,SN-63917007,2025-05-14,2026-07-03,2026-06-23,24,No,Display Failure,Electrical Failure,Yes,Yes,No,Yes,Yes,Yes,Yes,1,Yes,No,Not Applicable,Yes,Yes,No,No,No,1,1058.81,,0.584,Mobile App,Manual Review,Edge,24,System,-0.39236,B0780
REC00999,CLM00830,CUS00020,PRD00718,Refrigerator,Aster,AST-REF-564,SN-18073603,2025-03-08,2026-08-20,2026-08-14,24,No,Power Failure,Electrical Failure,Yes,No,Yes,Yes,Yes,No,Yes,2,Yes,Yes,No,Yes,Yes,No,No,No,0,587.52,544.54,0.798,Mobile App,Valid Claim,Firefox,13,Light,-1.11693,B0388
REC01363,CLM00831,CUS00178,PRD00704,Washing Machine,PrimeView,PRI-WAS-272,SN-18753472,2025-04-10,2026-07-15,2026-07-01,24,No,Mechanical Failure,Internal Component Failure,Yes,Yes,Yes,Yes,Yes,Not Applicable,No,0,Not Applicable,Yes,Yes,Yes,Yes,No,No,No,0,402.63,0.0,0.955,Service Center,Valid Claim,MobileWebView,11,Light,-0.11389,B0379
REC00028,CLM00832,CUS00185,PRD00093,Refrigerator,ZenCore,ZEN-REF-490,SN-30843778,2023-10-21,2025-12-30,2025-12-19,24,No,Noise,Manufacturing Defect,Yes,Yes,No,Yes,Yes,Not Applicable,No,0,Not Applicable,No,Not Applicable,Yes,Yes,No,No,No,0,1224.41,0.0,0.721,Email,Invalid Claim,MobileWebView,31,Light,1.61947,B0180
REC00193,CLM00833,CUS00630,PRD00755,Air Conditioner,Aster,AST-AIR-377,SN-83876283,2024-10-10,2025-01-13,2024-12-26,36,No,Water Leakage,Internal Component Failure,No,Yes,No,Yes,,Not Applicable,No,0,Not Applicable,No,Not Applicable,Yes,Yes,No,No,No,0,1264.95,0.0,0.919,Mobile App,Manual Review,Safari,42,System,1.89598,B0239
REC-DUP-0017,CLM00834,CUS00037,PRD00833,Refrigerator,ZenCore,ZEN-REF-104,SN-61930971,2023-12-23,2026-04-22,2026-03-23,24,No,Cooling Failure,Misuse,Yes,Yes,Yes,Yes,Yes,Not Applicable,No,0,Not Applicable,Yes,Yes,Yes,Yes,No,No,No,1,588.56,0.0,0.91,Web,Invalid Claim,Edge,26,Light,-1.56382,B0583
REC00286,CLM00835,CUS00637,PRD00451,Smartphone,NovaTech,NOV-SMA-169,SN-25856496,2026-02-03,2026-04-12,2026-03-12,36,No,Power Failure,Internal Component Failure,Yes,Yes,Yes,Yes,Yes,Not Applicable,No,0,Not Applicable,No,Not Applicable,Yes,Yes,No,No,No,2,809.54,0.0,0.805,Web,Invalid Claim,Firefox,44,System,1.25225,B0472
REC00541,CLM00836,CUS00074,PRD00219,Camera,Aster,AST-CAM-561,SN-48060951,,2024-10-02,2024-09-18,36,No,Power Failure,Internal Component Failure,,Yes,Yes,Yes,Yes,Not Applicable,No,0,Not Applicable,No,Not Applicable,Yes,Yes,No,No,No,0,2081.83,0.0,0.797,Web,Valid Claim,Edge,20,Light,-0.321,B0509
REC00378,CLM00837,CUS00083,PRD00042,Smartphone,NovaTech,NOV-SMA-233,SN-68761385,2024-07-13,2024-08-27,2024-08-16,36,No,Battery Problem,Electrical Failure,Yes,No,Yes,Yes,No,Not Applicable,No,0,Not Applicable,No,Not Applicable,Yes,Yes,No,No,No,1,1535.84,0.0,0.723,Web,Manual Review,Edge,19,Dark,-0.69904,B0633
REC01457,CLM00838,CUS00081,PRD00070,Television,HomePro,HOM-TEL-102,SN-41290358,2023-02-15,2025-10-18,2025-09-29,36,No,Power Failure,Misuse,No,Yes,No,Yes,Yes,Not Applicable,No,0,Not Applicable,No,Not Applicable,Yes,Yes,No,No,No,,265.38,0.0,0.966,Mobile App,Invalid Claim,Firefox,31,Dark,0.11685,B0854
REC00453,CLM00839,CUS00201,PRD00886,Television,PrimeView,PRI-TEL-850,SN-48953487,2025-11-22,,2026-08-20,36,Yes,Audio Failure,Electrical Failure,Yes,Yes,Yes,Yes,Yes,Yes,Yes,1,Yes,No,Not Applicable,Yes,Yes,Yes,No,No,1,1853.83,479.02,0.888,Mobile App,Invalid Claim,Edge,57,Dark,-0.05951,B0144
REC00786,CLM00840,CUS00024,PRD00383,Laptop,Aster,AST-LAP-931,SN-55010039,2023-05-29,2026-01-08,2026-01-01,36,Yes,Power Failure,Manufacturing Defect,Yes,Yes,Yes,Yes,Yes,Not Applicable,No,0,Not Applicable,No,Not Applicable,No,Yes,No,No,No,2,277.48,0.0,0.827,Mobile App,Invalid Claim,Edge,34,Dark,0.03102,B0553
REC00908,CLM00841,CUS00679,PRD00664,Air Conditioner,ZenCore,ZEN-AIR-200,SN-60521330,2025-04-10,,2025-09-19,24,No,Power Failure,Normal Wear,Yes,Yes,Yes,Yes,Yes,Not Applicable,No,0,Not Applicable,No,Not Applicable,Yes,Yes,No,No,No,1,455.22,0.0,0.952,Web,Invalid Claim,MobileWebView,19,System,-1.51316,B0596
REC01200,CLM00842,CUS00053,PRD00062,Air Conditioner,HomePro,HOM-AIR-289,SN-18156965,2023-01-23,2023-02-17,2023-02-17,36,No,Water Leakage,Manufacturing Defect,Yes,Yes,Yes,Yes,No,Yes,Yes,2,Yes,No,Not Applicable,Yes,Yes,No,No,No,1,424.72,241.97,0.81,Web,Manual Review,Chrome,37,Light,1.03248,B0669
REC00472,CLM00843,CUS00141,PRD00287,Air Conditioner,ZenCore,ZEN-AIR-275,SN-74103338,2023-06-06,2025-11-16,2025-11-08,24,Yes,Water Leakage,Accidental Damage,Yes,Yes,Yes,Yes,,Not Applicable,No,0,Not Applicable,No,Not Applicable,Yes,Yes,No,No,No,0,1283.48,0.0,0.752,Email,Invalid Claim,MobileWebView,38,System,0.73734,B0420
REC01134,CLM00844,CUS00052,PRD00648,Television,Aster,,SN-36961881,2025-10-06,2026-02-01,2026-01-22,24,No,Connectivity Issue,Internal Component Failure,Yes,Yes,Yes,Yes,Yes,Not Applicable,No,0,Not Applicable,No,Not Applicable,Yes,Yes,No,No,No,3,1150.54,0.0,,Web,Manual Review,Chrome,8,Light,0.08168,B0081
REC00704,CLM00845,CUS00266,PRD00113,Laptop,ZenCore,ZEN-LAP-601,SN-90950773,2025-12-16,2026-07-02,2026-06-11,12,No,Overheating,Electrical Failure,Yes,No,Yes,Yes,Yes,Not Applicable,No,0,Not Applicable,No,Not Applicable,Yes,Yes,No,No,No,1,567.53,0.0,0.982,Mobile App,Valid Claim,Safari,17,Dark,1.09986,B0250
REC01492,CLM00846,CUS00205,PRD00719,Printer,HomePro,HOM-PRI-495,SN-91264518,2025-12-01,2026-04-12,2026-03-30,24,Yes,Mechanical Failure,Physical Damage,Yes,Yes,Yes,Yes,Yes,Yes,Yes,2,Yes,No,Not Applicable,Yes,Yes,No,No,No,1,39.0,135.85,0.732,Email,Invalid Claim,Safari,34,System,-2.15765,B0830
REC01365,CLM00847,CUS00547,PRD00751,Camera,NovaTech,NOV-CAM-439,SN-59595512,2023-09-18,2025-09-03,2025-08-21,24,No,Connectivity Issue,Electrical Failure,Yes,Yes,Yes,Yes,Yes,No,Yes,3,Yes,No,Not Applicable,Yes,Yes,No,No,No,0,96.26,257.83,0.538,Service Center,Manual Review,Firefox,33,System,-0.26247,B0641
REC00443,CLM00848,CUS00316,PRD00170,Air Conditioner,ZenCore,ZEN-AIR-626,SN-45089622,2025-04-01,2025-05-26,2025-04-22,24,No,Cooling Failure,Manufacturing Defect,,Yes,Yes,Yes,No,Not Applicable,No,0,Not Applicable,No,Not Applicable,Yes,Yes,No,No,No,0,354.47,0.0,0.844,Mobile App,Invalid Claim,Safari,17,Light,-1.1529,B0850
REC00912,CLM00849,CUS00565,PRD00921,Washing Machine,PrimeView,PRI-WAS-801,SN-28890675,2024-02-24,2026-05-03,2026-04-24,24,No,Water Leakage,Manufacturing Defect,Yes,Yes,Yes,Yes,Yes,,Yes,1,Yes,No,Not Applicable,Yes,Yes,No,No,No,0,1136.64,139.63,0.841,Web,Invalid Claim,Chrome,5,System,-1.3495,B0207
REC00756,CLM00850,CUS00480,PRD00876,Refrigerator,Aster,AST-REF-307,SN-66847848,2025-10-28,2026-07-31,2026-06-10,24,No,Noise,Internal Component Failure,Yes,Yes,Yes,Yes,No,Not Applicable,No,0,Not Applicable,No,Not Applicable,Yes,Yes,No,No,No,0,639.87,0.0,0.883,Service Center,Invalid Claim,Chrome,15,System,-1.96242,B0611
REC00396,CLM00851,CUS00058,PRD00995,Camera,PrimeView,PRI-CAM-874,SN-40284840,2025-08-27,2026-03-02,2026-02-26,36,No,Display Failure,Manufacturing Defect,No,Yes,Yes,Yes,Yes,Not Applicable,No,0,Not Applicable,No,Not Applicable,Yes,Yes,No,No,No,1,1202.78,,0.834,Service Center,Manual Review,MobileWebView,53,Light,-0.21923,B0834
REC01055,CLM00852,CUS00667,PRD00085,Laptop,Aster,AST-LAP-265,SN-74776440,2025-10-23,2026-03-05,2026-03-04,24,No,Display Failure,Manufacturing Defect,Yes,Yes,Yes,Yes,Yes,Yes,Yes,1,Yes,No,Not Applicable,Yes,Yes,No,No,No,999,250.0,,0.766,Service Center,Valid Claim,MobileWebView,40,System,0.2411,B0501
REC00841,CLM00853,CUS00652,PRD00685,Printer,HomePro,HOM-PRI-216,SN-99968247,2025-10-29,2026-04-01,2026-03-15,24,No,Connectivity Issue,Internal Component Failure,Yes,Yes,No,Yes,Yes,Yes,Yes,1,Yes,No,Not Applicable,Yes,Yes,No,No,No,0,85.43,153.81,0.983,Mobile App,Manual Review,Safari,0,Dark,0.54446,B0720
REC00942,CLM00854,CUS00475,PRD00850,Television,HomePro,HOM-TEL-370,SN-16535080,2023-04-16,2025-11-23,2025-11-13,12,No,Audio Failure,Manufacturing Defect,Yes,Yes,Yes,Yes,,Not Applicable,No,0,Not Applicable,No,Not Applicable,Yes,Yes,No,No,No,2,339.87,0.0,0.774,Service Center,Invalid Claim,Chrome,22,Dark,-0.79851,B0971
REC01269,CLM00855,CUS00691,PRD00141,Smartphone,NovaTech,NOV-SMA-292,SN-98038933,2023-11-10,2024-04-30,2024-04-28,24,No,Overheating,Electrical Failure,Yes,No,Yes,Yes,Yes,Not Applicable,No,0,Not Applicable,Yes,Yes,Yes,Yes,No,No,No,1,,0.0,0.754,Web,Valid Claim,Firefox,46,System,-1.22433,B0451
REC01327,CLM00856,CUS00195,PRD00761,Refrigerator,HomePro,HOM-REF-112,SN-94871894,2024-01-27,2024-02-10,2024-01-27,24,No,Mechanical Failure,Internal Component Failure,Yes,Yes,Yes,Yes,Yes,Not Applicable,No,0,Not Applicable,Yes,Yes,Yes,Yes,No,No,No,0,378.53,0.0,0.945,Email,Valid Claim,Chrome,22,Light,1.31683,B0754
REC00188,CLM00857,CUS00209,PRD00925,Laptop,NovaTech,NOV-LAP-935,SN-97658350,2025-04-06,2025-12-19,2025-12-11,24,No,Overheating,Physical Damage,Yes,Yes,Yes,Yes,Yes,Not Applicable,No,0,Not Applicable,No,Not Applicable,Yes,Yes,No,No,No,1,1189.74,,0.893,Mobile App,Invalid Claim,Firefox,6,Light,-0.55154,B0942
REC00278,CLM00858,CUS00283,PRD00619,Printer,HomePro,HOM-PRI-497,SN-82015433,2024-12-10,2025-04-23,2025-03-24,36,No,Power Failure,Manufacturing Defect,Yes,No,Yes,Yes,Yes,Not Applicable,No,0,Not Applicable,Yes,Yes,Yes,Yes,No,No,No,0,205.65,0.0,0.881,Web,Valid Claim,MobileWebView,38,Light,1.45767,B0564
REC01393,CLM00859,CUS00389,PRD00920,Refrigerator,ZenCore,ZEN-REF-146,SN-21385131,2025-10-10,2026-05-20,2026-05-15,36,No,Noise,Internal Component Failure,Yes,Yes,Yes,Yes,Yes,Not Applicable,No,0,Not Applicable,No,Not Applicable,Yes,Yes,No,No,No,0,971.87,0.0,0.72,Email,Valid Claim,Safari,32,Dark,-1.94803,B0111
REC00339,CLM00860,CUS00473,PRD00152,Camera,NovaTech,NOV-CAM-621,SN-46163198,2024-10-26,2026-07-11,2026-07-01,12,No,Power Failure,Normal Wear,Yes,Yes,Yes,Yes,No,Not Applicable,No,0,Not Applicable,No,Not Applicable,Yes,Yes,No,No,No,0,1538.97,0.0,,Service Center,Invalid Claim,MobileWebView,51,System,0.10814,B0716
REC00360,CLM00861,CUS00250,PRD00659,Refrigerator,HomePro,HOM-REF-138,SN-60807087,2025-12-08,2026-09-05,2026-08-25,36,No,Water Leakage,Internal Component Failure,,No,Yes,Yes,Yes,Not Applicable,No,0,Not Applicable,No,Not Applicable,Yes,Yes,No,No,No,1,1792.74,0.0,0.943,Web,Manual Review,MobileWebView,19,Dark,0.01965,B0219
REC01401,CLM00862,CUS00141,PRD00444,Television,HomePro,HOM-TEL-314,SN-97641888,2023-03-06,2024-10-16,2024-09-28,24,No,Power Failure,Physical Damage,Yes,Yes,Yes,Yes,Yes,Yes,Yes,2,Yes,No,Not Applicable,Yes,Yes,No,No,No,2,1792.83,90.68,0.75,Email,Invalid Claim,Firefox,28,Light,0.39825,B0058
REC-DUP-0029,CLM00863,CUS00116,PRD00309,Laptop,Aster,AST-LAP-321,SN-81976421,2023-11-16,2025-07-06,2025-06-24,12,No,Power Failure,Internal Component Failure,Yes,Yes,Yes,Yes,Yes,Not Applicable,No,0,Not Applicable,No,Not Applicable,Yes,Yes,No,No,No,1,979.9,,0.725,Service Center,Invalid Claim,MobileWebView,9,System,-0.84617,B0405
REC00487,CLM00864,CUS00262,PRD00661,Laptop,ZenCore,ZEN-LAP-685,SN-40643660,2023-09-10,2024-09-17,2024-09-02,24,No,Power Failure,Accidental Damage,Yes,Yes,Yes,Yes,Yes,Not Applicable,No,0,Not Applicable,No,Not Applicable,Yes,Yes,No,No,No,1,558.07,0.0,0.856,Email,Invalid Claim,MobileWebView,25,Dark,-0.25635,B0784
REC01408,CLM00865,CUS00568,PRD00649,Television,PrimeView,PRI-TEL-502,SN-47666631,2023-01-04,2023-06-24,2023-06-15,24,No,Display Failure,Internal Component Failure,Yes,Yes,Yes,Yes,Yes,Not Applicable,No,0,Not Applicable,No,Not Applicable,Yes,Yes,No,No,No,0,626.55,0.0,0.974,Web,Valid Claim,Safari,26,Light,-0.36808,B0351
REC00674,CLM00866,CUS00474,PRD00217,Washing Machine,PrimeView,PRI-WAS-976,SN-15301580,2023-04-04,2026-04-09,2026-03-10,36,No,Water Leakage,Internal Component Failure,Yes,Yes,Yes,Yes,Yes,Not Applicable,No,0,Not Applicable,No,Not Applicable,Yes,Yes,No,No,Yes,1,186.77,0.0,0.849,Service Center,Invalid Claim,Safari,36,System,1.73167,B0617
REC00582,CLM00867,CUS00169,PRD00705,Television,HomePro,HOM-TEL-737,SN-67965529,2025-11-18,2026-03-04,2026-02-19,36,No,Display Failure,Internal Component Failure,Yes,,Yes,Yes,Yes,Yes,Yes,1,Yes,No,Not Applicable,Yes,Yes,No,No,No,0,169.96,378.55,0.462,Web,Manual Review,Chrome,5,Dark,0.03583,B0339
REC00469,CLM00868,CUS00518,PRD00419,Camera,Aster,AST-CAM-255,SN-40239265,2023-06-19,2023-06-28,2023-06-27,12,Yes,Battery Problem,Water Damage,Yes,Yes,Yes,Yes,Yes,Not Applicable,No,0,Not Applicable,No,Not Applicable,Unknown,Yes,No,No,No,2,1985.0,0.0,0.813,Service Center,Invalid Claim,Chrome,49,Dark,-0.36611,B0521
REC00574,CLM00869,CUS00078,PRD00693,Camera,PrimeView,PRI-CAM-711,SN-99656008,2026-01-24,2026-05-16,2026-04-29,12,No,Power Failure,Internal Component Failure,Yes,Yes,No,,Yes,Not Applicable,No,0,Not Applicable,No,Not Applicable,Yes,Yes,No,No,No,1,126.81,0.0,0.887,Web,Manual Review,Edge,34,Dark,1.0345,B0306
REC00373,CLM00870,CUS00357,PRD00938,Laptop,Aster,AST-LAP-935,SN-12286432,2023-09-02,2024-11-26,2024-11-15,12,No,Display Failure,Internal Component Failure,Yes,Yes,Yes,Yes,Yes,Not Applicable,No,0,Not Applicable,No,Not Applicable,Yes,Yes,No,No,No,0,,0.0,0.932,Web,Invalid Claim,Edge,7,Dark,-1.46656,B0733
REC01020,CLM00871,CUS00301,PRD00091,Printer,NovaTech,NOV-PRI-800,SN-38454257,2025-06-22,2025-12-25,2025-11-30,24,No,Power Failure,Electrical Failure,No,Yes,Yes,Yes,Yes,Yes,Yes,2,Yes,No,Not Applicable,Yes,Yes,No,Yes,No,0,102.42,422.16,0.797,Email,Manual Review,Firefox,14,Dark,0.2657,B0588
REC00241,CLM00872,CUS00671,PRD00682,Washing Machine,PrimeView,PRI-WAS-310,SN-71923739,2025-02-26,2026-08-29,2026-08-07,12,No,Noise,Electrical Failure,Yes,Yes,Yes,Yes,Yes,Not Applicable,No,0,Not Applicable,Yes,Yes,Yes,Yes,No,No,No,1,337.51,0.0,0.872,Web,Invalid Claim,Edge,1,Light,0.72809,B0784
REC01029,CLM00873,CUS00320,PRD00588,Camera,NovaTech,NOV-CAM-328,SN-59772319,2025-01-23,2025-06-24,2025-06-16,12,No,Battery Problem,Misuse,Yes,Yes,Yes,Yes,No,No,Yes,3,Yes,No,Not Applicable,Yes,Yes,No,No,No,0,299.46,420.86,0.767,Service Center,Invalid Claim,MobileWebView,26,Dark,0.4638,B0759
REC00598,CLM00874,CUS00244,PRD00931,Television,Aster,AST-TEL-819,SN-26136304,2024-09-13,2024-12-20,2024-12-14,24,No,Power Failure,Internal Component Failure,Yes,Yes,Yes,Yes,No,No,Yes,2,Unknown,No,Not Applicable,Yes,Yes,No,No,No,0,1355.01,304.05,0.832,Web,Manual Review,Firefox,31,Light,-0.61014,B0718
REC01289,CLM00875,CUS00689,PRD00942,Camera,Aster,AST-CAM-728,SN-94262793,2024-09-17,2025-01-29,2025-01-23,36,No,Connectivity Issue,Internal Component Failure,Yes,Yes,No,No,Yes,No,Yes,3,Yes,No,Not Applicable,Yes,Yes,No,No,No,0,263.01,260.33,0.823,Mobile App,Manual Review,Chrome,14,Light,1.06083,B0870
REC00604,CLM00876,CUS00032,PRD00767,Washing Machine,HomePro,HOM-WAS-826,SN-15255531,2024-03-06,2025-07-21,2025-06-28,24,No,Mechanical Failure,Electrical Failure,Yes,Yes,Yes,No,Yes,Not Applicable,No,0,Not Applicable,No,Not Applicable,Yes,Yes,No,No,No,4,278.84,0.0,0.913,Mobile App,Manual Review,MobileWebView,27,System,1.24757,B0340
REC00759,CLM00877,CUS00229,PRD00232,Refrigerator,Aster,AST-REF-236,SN-98239361,2024-08-19,2024-10-11,2024-09-15,12,No,Water Leakage,Accidental Damage,Yes,Yes,Yes,Yes,Yes,Not Applicable,No,0,Not Applicable,No,Not Applicable,Yes,Yes,No,No,No,0,1853.49,0.0,0.87,Mobile App,Invalid Claim,Edge,15,Dark,0.88258,B0200
REC01136,CLM00878,CUS00550,PRD00440,Refrigerator,ZenCore,ZEN-REF-615,SN-56181116,2025-03-15,2025-12-02,2025-11-05,24,No,Water Leakage,Manufacturing Defect,Yes,Yes,Yes,Yes,Yes,Not Applicable,No,0,Not Applicable,No,Not Applicable,Yes,Yes,No,No,No,0,1969.27,0.0,0.639,Service Center,Manual Review,Safari,54,Dark,0.5045,B0456
REC00405,CLM00879,CUS00188,PRD00206,Camera,PrimeView,PRI-CAM-300,SN-71205632,2025-10-18,2026-06-16,2026-06-14,24,No,Display Failure,Misuse,Yes,No,Yes,Yes,Yes,,No,0,Not Applicable,No,Not Applicable,Yes,Yes,Yes,No,Yes,0,237.71,0.0,0.559,Service Center,Invalid Claim,Edge,2,System,0.41535,B0543
REC01272,CLM00880,CUS00560,PRD00765,Air Conditioner,Aster,AST-AIR-256,SN-62666909,2025-09-15,2026-02-14,2026-02-12,24,No,Water Leakage,Misuse,Yes,Yes,Yes,Yes,,Not Applicable,No,0,Not Applicable,No,Not Applicable,Yes,Yes,No,No,No,3,1933.38,0.0,0.729,Web,Invalid Claim,Chrome,27,Light,-2.05662,B0343
REC01158,CLM00881,CUS00008,PRD00430,Camera,NovaTech,NOV-CAM-679,SN-53882090,2025-04-29,2025-11-24,2025-11-24,,No,Battery Problem,Electrical Failure,Yes,Yes,Yes,,Yes,Not Applicable,No,0,Not Applicable,No,Not Applicable,Yes,Yes,No,No,No,2,262.8,0.0,0.939,Web,Valid Claim,Firefox,18,Dark,-0.0461,B0306
REC01006,CLM00882,CUS00626,PRD00559,Television,Aster,AST-TEL-396,SN-32301723,2025-11-30,2026-06-30,2026-06-25,12,No,Power Failure,Internal Component Failure,Yes,Yes,Yes,No,,Not Applicable,No,0,Not Applicable,No,Not Applicable,Unknown,Yes,No,No,No,0,360.77,0.0,0.728,Web,Manual Review,MobileWebView,52,Light,-0.23042,B0823
REC00240,CLM00883,CUS00456,PRD00481,Camera,Aster,AST-CAM-981,SN-25032380,2025-08-07,2026-09-02,2026-07-27,36,No,Power Failure,Internal Component Failure,Yes,Yes,Yes,Yes,No,Not Applicable,No,0,Not Applicable,No,Not Applicable,No,Yes,No,No,No,0,767.22,0.0,0.766,Email,Invalid Claim,Edge,20,Dark,0.15648,B0077
REC01214,CLM00884,CUS00325,PRD00427,Printer,NovaTech,NOV-PRI-948,SN-26574034,2024-12-03,2024-12-13,2024-12-07,12,No,Paper Feed Failure,Electrical Failure,,Yes,Yes,Yes,Yes,Yes,Yes,1,Yes,No,Not Applicable,Yes,Yes,No,No,No,1,280.88,609.95,0.69,Web,Manual Review,Edge,58,Light,-0.7803,B0427
REC00899,CLM00885,CUS00637,PRD00487,Refrigerator,Aster,AST-REF-596,SN-24269462,2025-08-03,2025-11-09,2025-10-19,36,No,Cooling Failure,Normal Wear,Yes,Yes,Yes,Yes,Yes,Not Applicable,No,0,Not Applicable,No,Not Applicable,Yes,Yes,No,No,No,0,2221.97,0.0,0.767,Web,Invalid Claim,Firefox,44,System,0.50077,B0465
REC00271,CLM00886,CUS00147,PRD00944,Washing Machine,PrimeView,PRI-WAS-235,SN-55241858,2025-11-07,2026-04-28,2026-04-15,24,No,Noise,Physical Damage,Yes,Yes,Yes,Yes,Yes,Not Applicable,No,0,Not Applicable,Yes,Yes,Yes,Yes,No,No,No,2,239.01,0.0,0.924,Mobile App,Invalid Claim,MobileWebView,15,System,0.5134,B0128
REC01177,CLM00887,CUS00285,PRD00040,Camera,NovaTech,NOV-CAM-583,SN-27758994,2024-01-14,2025-10-26,2025-09-03,24,No,Battery Problem,Accidental Damage,Yes,Yes,Yes,Yes,Yes,Not Applicable,No,0,Not Applicable,No,Not Applicable,Yes,Yes,No,No,Yes,1,1185.4,0.0,0.787,Web,Invalid Claim,Safari,51,Dark,1.49693,B0360
REC01201,CLM00888,CUS00384,PRD00783,Laptop,Aster,AST-LAP-975,SN-70481618,2024-08-23,2025-02-05,2025-01-09,24,No,Battery Problem,Manufacturing Defect,Yes,Yes,No,Yes,,Yes,Yes,3,Yes,Yes,Yes,Yes,Yes,No,No,No,1,302.31,617.59,0.938,Service Center,Manual Review,Safari,34,Dark,1.98636,B0380
REC01331,CLM00889,CUS00466,PRD00701,Smartphone,PrimeView,PRI-SMA-796,SN-52925235,2023-02-14,2023-10-17,2023-09-26,24,No,Power Failure,Internal Component Failure,Yes,Yes,Yes,Yes,Yes,Not Applicable,No,0,Not Applicable,Yes,Yes,Yes,No,No,No,No,1,642.28,0.0,0.994,Service Center,Manual Review,MobileWebView,38,Light,-0.84291,B0001
REC00265,CLM00890,CUS00462,PRD00012,Laptop,NovaTech,NOV-LAP-684,SN-17231899,2023-05-29,2026-09-06,2026-09-05,12,No,Display Failure,Electrical Failure,Yes,Yes,Yes,Yes,Yes,Not Applicable,No,0,Not Applicable,No,Not Applicable,Yes,Yes,No,No,No,0,1667.46,0.0,,Service Center,Invalid Claim,MobileWebView,51,Light,0.88571,B0576
REC01438,CLM00891,CUS00365,PRD00507,Camera,PrimeView,PRI-CAM-237,SN-98487655,2025-11-09,2026-02-24,2026-02-08,12,No,Lens Failure,Misuse,Yes,Yes,Yes,Yes,Yes,,No,0,Not Applicable,No,Not Applicable,Yes,Yes,No,No,No,0,952.37,0.0,0.86,Web,Invalid Claim,Edge,2,Dark,-0.27678,B0197
REC00126,CLM00892,CUS00599,PRD00307,Laptop,Aster,AST-LAP-189,SN-19196879,2024-08-09,2026-03-28,2026-03-22,12,No,Overheating,Manufacturing Defect,,,Yes,Yes,Yes,No,Yes,1,Yes,No,Not Applicable,Yes,Yes,No,No,No,2,727.08,320.67,0.792,Mobile App,Invalid Claim,Safari,37,System,0.16163,B0792
REC00173,CLM00893,CUS00368,PRD00674,Refrigerator,HomePro,HOM-REF-771,SN-87613977,2023-01-08,2023-06-09,2023-05-18,24,No,Noise,Internal Component Failure,,Yes,Yes,Yes,No,,No,0,Not Applicable,No,Not Applicable,Yes,Yes,No,No,No,1,2105.92,0.0,0.842,Web,Manual Review,MobileWebView,33,Dark,-0.14762,B0385
REC00670,CLM00894,CUS00047,PRD00340,Television,PrimeView,PRI-TEL-307,SN-22508271,2024-10-28,2025-07-10,2025-07-05,24,No,Connectivity Issue,Internal Component Failure,Yes,No,No,Yes,Yes,,No,0,Not Applicable,No,Not Applicable,Yes,Yes,No,No,No,1,120.99,0.0,0.908,Mobile App,Manual Review,Firefox,45,Dark,-0.38681,B0682
REC00553,CLM00895,CUS00268,PRD00753,Smartphone,PrimeView,PRI-SMA-639,SN-62228791,2023-11-20,2025-04-27,2025-04-16,24,No,Battery Problem,Water Damage,Yes,Yes,Yes,Yes,Yes,Not Applicable,No,0,Not Applicable,No,Not Applicable,Yes,Yes,No,No,No,1,866.95,0.0,0.801,Web,Invalid Claim,Edge,38,System,0.75795,B0572
REC00309,CLM00896,CUS00612,PRD00755,Refrigerator,Aster,AST-REF-980,SN-87277599,2024-06-09,2026-03-31,2026-02-20,24,No,Power Failure,Electrical Failure,Yes,Yes,Yes,,Yes,Not Applicable,No,0,Not Applicable,No,Not Applicable,No,Yes,No,No,No,2,923.6,0.0,0.826,Mobile App,Invalid Claim,Firefox,53,Dark,-0.56065,B0912
REC00629,CLM00897,CUS00314,PRD00759,Washing Machine,PrimeView,PRI-WAS-727,SN-72900213,2024-11-28,2026-02-25,2026-02-21,12,No,Mechanical Failure,Internal Component Failure,Yes,Yes,Yes,Yes,No,Yes,Yes,1,Yes,No,Not Applicable,Yes,Yes,No,No,No,1,373.41,640.85,0.875,Mobile App,Invalid Claim,Safari,13,System,-1.09889,B0359
REC01208,CLM00898,CUS00136,PRD00781,Refrigerator,Aster,AST-REF-857,SN-55226562,2023-09-10,2025-02-11,2025-01-30,,No,Mechanical Failure,Electrical Failure,Yes,Yes,Yes,Yes,Yes,Not Applicable,No,0,Not Applicable,No,Not Applicable,Yes,Yes,No,No,No,1,211.37,0.0,0.982,Mobile App,Invalid Claim,Safari,25,System,0.28985,B0987
REC00045,CLM00899,CUS00037,PRD00525,Refrigerator,ZenCore,ZEN-REF-991,SN-91489848,2024-03-12,2025-02-02,2025-01-17,12,No,Power Failure,Manufacturing Defect,Yes,Yes,Yes,Yes,,Not Applicable,No,0,Not Applicable,No,Not Applicable,Unknown,Yes,No,No,No,0,683.43,0.0,0.979,Web,Manual Review,MobileWebView,45,System,-0.41307,B0360
REC01179,CLM00900,CUS00330,PRD00864,Laptop,ZenCore,ZEN-LAP-509,SN-29355525,2023-07-18,2024-12-27,2024-12-06,12,No,Battery Problem,Internal Component Failure,Yes,Yes,Yes,Yes,Yes,Yes,Yes,2,Yes,No,Not Applicable,Yes,Yes,No,No,No,2,272.78,121.93,0.899,Web,Invalid Claim,Firefox,19,Dark,0.44635,B0965
REC00784,CLM00901,CUS00105,PRD00522,Washing Machine,HomePro,HOM-WAS-491,SN-52192747,2024-03-30,2025-02-27,2025-01-21,24,No,Mechanical Failure,Electrical Failure,,,Yes,Yes,Yes,Yes,Yes,1,Yes,No,Not Applicable,Yes,Yes,No,No,No,0,173.42,362.78,0.87,Service Center,Invalid Claim,Firefox,5,System,0.74569,B0711
REC00253,CLM00902,CUS00092,PRD00732,Smartphone,Aster,AST-SMA-623,SN-35030289,2024-06-22,2026-02-15,2026-01-29,24,No,Battery Problem,Water Damage,Yes,Yes,Yes,Yes,Yes,Not Applicable,No,0,Not Applicable,No,Not Applicable,Yes,Yes,No,No,No,1,177.3,0.0,0.775,Email,Invalid Claim,Firefox,27,Dark,-0.30097,B0667
REC00156,CLM00903,CUS00567,PRD00166,Refrigerator,Aster,AST-REF-874,SN-74208876,2024-06-09,2025-01-09,2025-01-02,12,Yes,Noise,Electrical Failure,No,Yes,Yes,Yes,Yes,Not Applicable,No,0,Not Applicable,Yes,No,Yes,Yes,No,No,No,0,385.59,0.0,0.899,Web,Manual Review,Safari,6,System,-0.89505,B0997
REC00072,CLM00904,CUS00227,PRD00653,Television,Aster,AST-TEL-507,SN-67591174,2024-11-07,2026-02-24,2026-02-22,12,No,Power Failure,Manufacturing Defect,Yes,Yes,Yes,Yes,Yes,Yes,Yes,1,Unknown,No,Not Applicable,Yes,Yes,No,No,No,1,1507.74,290.65,0.788,Web,Invalid Claim,Firefox,4,Dark,1.30532,B0380
REC00055,CLM00905,CUS00403,PRD00254,Camera,PrimeView,PRI-CAM-615,SN-22801294,2023-03-29,2023-10-23,2023-10-11,12,Yes,Display Failure,Manufacturing Defect,Yes,Yes,Yes,Yes,Yes,Not Applicable,No,0,Not Applicable,Yes,No,Yes,Yes,No,Yes,Yes,0,567.3,0.0,0.918,Service Center,Manual Review,Chrome,26,System,-0.5731,B0984
REC01030,CLM00906,CUS00488,PRD00102,Camera,PrimeView,PRI-CAM-398,SN-28079136,2023-01-13,2026-06-14,2026-06-08,12,No,Battery Problem,Accidental Damage,No,Yes,Yes,Yes,Yes,Not Applicable,No,0,Not Applicable,No,Not Applicable,Yes,Yes,No,No,No,0,1887.48,0.0,0.938,Web,Invalid Claim,MobileWebView,57,System,1.67533,B0231
REC00092,CLM00907,CUS00103,PRD00570,Laptop,Aster,AST-LAP-235,SN-48090242,2024-02-12,2026-04-02,2026-03-25,12,No,Connectivity Issue,Internal Component Failure,Yes,Yes,Yes,Yes,Yes,Not Applicable,No,0,Not Applicable,No,Not Applicable,Yes,Yes,No,No,No,2,802.06,,0.839,Email,Invalid Claim,Chrome,22,System,-0.06502,B0611
REC00128,CLM00908,CUS00399,PRD00316,Refrigerator,ZenCore,ZEN-REF-217,SN-41492270,2024-02-06,2024-10-05,2024-09-01,24,No,Noise,Manufacturing Defect,Yes,Yes,Yes,Yes,No,,Yes,2,Yes,No,Not Applicable,Yes,Yes,No,No,No,3,455.71,206.61,0.884,Service Center,Invalid Claim,MobileWebView,3,System,-0.67556,B0419
REC00239,CLM00909,CUS00503,PRD00981,Refrigerator,HomePro,HOM-REF-918,SN-36067808,2024-12-13,2025-03-15,2025-03-07,36,No,Power Failure,Manufacturing Defect,Yes,Yes,No,Yes,Yes,Yes,Yes,1,Yes,No,Not Applicable,Yes,Yes,No,No,No,2,403.16,78.52,0.663,Mobile App,Manual Review,Safari,5,Light,-0.10571,B0883
REC01145,CLM00910,CUS00341,PRD00840,Television,HomePro,HOM-TEL-595,SN-95484227,2023-12-16,2025-10-12,2025-09-13,24,No,Connectivity Issue,Electrical Failure,Yes,Yes,Yes,No,Yes,Not Applicable,No,0,Not Applicable,No,Not Applicable,Yes,Yes,No,No,No,0,441.64,0.0,0.502,Web,Manual Review,MobileWebView,17,System,0.36141,B0988
REC00929,CLM00911,CUS00116,PRD00246,Laptop,Aster,AST-LAP-101,SN-79418802,2023-06-17,2024-12-20,2024-11-04,24,Yes,Display Failure,Manufacturing Defect,No,Yes,Yes,Yes,Yes,,No,0,Not Applicable,No,Not Applicable,Yes,Yes,No,No,No,0,1292.31,,0.931,Service Center,Invalid Claim,Firefox,29,Light,0.49341,B0356
REC01443,CLM00912,CUS00134,PRD00742,Printer,NovaTech,NOV-PRI-667,SN-82003310,2023-04-01,2024-08-26,2024-08-17,12,No,Connectivity Issue,Electrical Failure,Yes,No,Yes,Yes,No,Not Applicable,No,0,Not Applicable,No,Not Applicable,Yes,Yes,No,No,No,0,480.47,0.0,0.945,Service Center,Invalid Claim,Chrome,10,Light,1.56848,B0207
REC01159,CLM00913,CUS00234,PRD00299,Air Conditioner,ZenCore,ZEN-AIR-787,SN-88087388,2023-04-07,2025-05-09,2025-03-19,36,No,Power Failure,Internal Component Failure,,Yes,Yes,Yes,Yes,,No,0,Not Applicable,No,Not Applicable,Yes,Yes,No,No,No,1,260.48,0.0,0.768,Web,Invalid Claim,Safari,42,Dark,-0.24895,B0777
REC00336,CLM00914,CUS00438,PRD00643,Air Conditioner,Aster,AST-AIR-177,SN-34529684,2023-06-14,2025-12-14,2025-12-10,36,No,Water Leakage,Electrical Failure,Yes,Yes,Yes,Yes,Yes,,No,0,Not Applicable,No,Not Applicable,Yes,Yes,No,No,No,1,1469.69,0.0,0.836,Web,Valid Claim,Firefox,35,System,0.77255,B0577
REC01265,CLM00915,CUS00427,PRD00676,Refrigerator,Aster,AST-REF-651,SN-78679932,2024-12-17,2026-07-27,2026-07-01,24,No,Mechanical Failure,Internal Component Failure,Yes,Yes,Yes,Yes,Yes,Not Applicable,No,0,Not Applicable,No,Not Applicable,Yes,Yes,No,No,No,0,240.5,0.0,0.768,Service Center,Valid Claim,MobileWebView,45,Dark,-0.1071,B0807
REC00427,CLM00916,CUS00536,PRD00498,Laptop,ZenCore,ZEN-LAP-712,SN-21282553,2024-02-06,2025-07-25,2025-07-23,24,Yes,Connectivity Issue,Physical Damage,Yes,Yes,Yes,Yes,Yes,Not Applicable,No,0,Not Applicable,No,Not Applicable,Yes,Yes,No,No,No,0,258.25,,0.832,Web,Invalid Claim,Edge,8,Light,-0.94978,B0848
REC00824,CLM00917,CUS00236,PRD00788,Refrigerator,Aster,AST-REF-945,SN-64202216,2025-03-01,2025-06-29,2025-06-20,36,No,Noise,Physical Damage,Yes,,Yes,Yes,,Not Applicable,No,0,Not Applicable,No,Not Applicable,Yes,Yes,No,No,No,0,361.13,0.0,0.978,Web,Invalid Claim,MobileWebView,49,System,-0.72626,B0138
REC01288,CLM00918,CUS00622,PRD00574,Printer,NovaTech,NOV-PRI-476,SN-96846593,2024-09-23,2025-04-08,2025-03-12,12,No,Paper Feed Failure,Manufacturing Defect,Yes,Yes,Yes,Yes,Yes,Yes,Yes,3,Yes,No,Not Applicable,Yes,Yes,No,No,No,2,287.29,293.0,0.817,Web,Valid Claim,Firefox,33,System,0.41198,B0100
REC00940,CLM00919,CUS00624,PRD00362,Printer,HomePro,HOM-PRI-488,SN-22485219,2023-08-20,2024-04-10,2024-03-14,36,No,Connectivity Issue,Manufacturing Defect,Yes,Yes,Yes,Yes,Yes,Not Applicable,No,0,Not Applicable,No,Not Applicable,Yes,Yes,No,No,No,1,57.75,0.0,0.956,Service Center,Valid Claim,Edge,7,Light,1.24899,B0647
REC00412,CLM00920,CUS00286,PRD00411,Camera,NovaTech,NOV-CAM-283,SN-62002609,2023-02-22,2024-01-14,2024-01-08,24,No,Display Failure,Internal Component Failure,Yes,Yes,Yes,Yes,Yes,No,Yes,2,Yes,No,Not Applicable,Yes,Yes,No,No,No,2,2218.57,412.87,0.484,Mobile App,Manual Review,Safari,8,System,0.07561,B0273
REC00466,CLM00921,CUS00146,PRD00595,Printer,,PRI-PRI-181,SN-70402670,2025-05-27,2025-08-12,2025-08-05,12,No,Paper Feed Failure,Internal Component Failure,Yes,Yes,Yes,Yes,Yes,Not Applicable,No,0,Not Applicable,No,Not Applicable,Yes,Yes,No,No,No,50,133.99,0.0,0.737,Web,Valid Claim,Firefox,45,System,0.44154,B0207
REC00319,CLM00922,CUS00027,PRD00752,Printer,HomePro,HOM-PRI-554,SN-82040865,2023-01-05,2024-12-28,2024-12-10,12,Yes,Connectivity Issue,Normal Wear,Yes,Yes,Yes,No,Yes,Not Applicable,No,0,Not Applicable,No,Not Applicable,Yes,Yes,No,No,No,1,86.13,0.0,0.795,Web,Invalid Claim,Safari,50,System,0.19198,B0096
REC00814,CLM00923,CUS00165,PRD00924,Refrigerator,ZenCore,ZEN-REF-765,SN-13276967,2025-07-16,2025-10-10,2025-10-06,24,No,Power Failure,Internal Component Failure,Yes,Yes,Yes,Yes,Yes,Not Applicable,No,0,Not Applicable,Yes,Yes,Yes,Yes,No,No,Yes,1,1483.44,0.0,0.805,Web,Manual Review,Safari,4,System,-0.75743,B0759
REC00402,CLM00924,CUS00246,PRD00325,Refrigerator,ZenCore,,SN-80189560,2026-02-04,2026-08-10,2026-07-21,36,No,Cooling Failure,Misuse,Yes,Yes,Yes,,No,Not Applicable,No,0,Not Applicable,No,Not Applicable,Yes,Yes,No,No,No,0,1001.13,0.0,0.946,Mobile App,Invalid Claim,Firefox,50,Light,-0.33007,B0386
REC01280,CLM00925,CUS00034,PRD00230,Printer,HomePro,HOM-PRI-572,SN-20435287,2025-11-13,2026-06-09,2026-05-27,12,No,Connectivity Issue,Manufacturing Defect,Yes,No,Yes,Yes,Yes,Not Applicable,No,0,Not Applicable,No,Not Applicable,Yes,Yes,No,Yes,No,0,449.54,0.0,0.91,Web,Valid Claim,Edge,21,System,-1.22897,B0159
REC00357,CLM00926,CUS00430,PRD00430,Washing Machine,PrimeView,PRI-WAS-268,SN-20267906,2023-12-20,2026-01-04,2025-12-12,24,No,Water Leakage,Electrical Failure,Yes,No,Yes,Yes,Yes,Not Applicable,No,0,Not Applicable,No,Not Applicable,Yes,Yes,No,No,No,2,873.33,0.0,0.792,Web,Invalid Claim,MobileWebView,19,System,1.23428,B0429
REC00699,CLM00927,CUS00204,PRD00956,Printer,HomePro,HOM-PRI-576,SN-99976497,2024-11-12,2026-06-03,2026-04-27,12,No,Connectivity Issue,Normal Wear,No,Yes,Yes,Yes,Yes,Not Applicable,No,0,Not Applicable,No,Not Applicable,Yes,No,No,No,No,1,339.77,0.0,0.783,Web,Invalid Claim,Safari,54,Dark,-1.28107,B0264
REC01293,CLM00928,CUS00197,PRD00869,Camera,PrimeView,PRI-CAM-852,SN-38455609,2024-08-30,2025-03-04,2025-02-24,12,No,Display Failure,Manufacturing Defect,Yes,Yes,Yes,Yes,Yes,Not Applicable,No,0,Not Applicable,No,Not Applicable,Yes,Yes,No,No,No,0,1408.4,0.0,0.888,Email,Valid Claim,Edge,53,Dark,-1.31461,B0281
REC01165,CLM00929,CUS00441,PRD00808,Air Conditioner,Aster,AST-AIR-960,SN-63254733,2025-09-06,2025-11-09,2025-10-24,24,No,Noise,Physical Damage,Yes,Yes,Yes,Yes,Yes,Yes,Yes,2,Yes,No,Not Applicable,Yes,Yes,Yes,No,No,1,536.23,,0.808,Mobile App,Invalid Claim,MobileWebView,15,Light,-0.1809,B0047
REC00180,CLM00930,CUS00077,PRD00995,Camera,PrimeView,PRI-CAM-926,SN-39377143,2024-08-16,2025-12-02,2025-09-14,12,No,Battery Problem,Internal Component Failure,Yes,Yes,Yes,Yes,Yes,Not Applicable,No,0,Not Applicable,No,Not Applicable,Yes,Yes,No,No,No,0,2748.99,0.0,0.878,Web,Invalid Claim,Chrome,54,Dark,0.37748,B0034
REC01473,CLM00931,CUS00066,PRD00458,Laptop,NovaTech,NOV-LAP-623,SN-76022241,2026-01-29,2026-05-30,2026-05-07,12,No,Connectivity Issue,Internal Component Failure,Yes,Yes,Yes,Yes,Yes,Not Applicable,No,0,Not Applicable,No,Not Applicable,Yes,Yes,No,No,No,1,443.02,,0.993,Mobile App,Valid Claim,MobileWebView,47,Light,-1.19189,B0201
REC00287,CLM00932,CUS00337,PRD00707,Printer,PrimeView,PRI-PRI-257,SN-39953730,2025-03-03,2025-04-28,2025-04-03,36,No,Connectivity Issue,Manufacturing Defect,Yes,No,Yes,,Yes,No,Yes,2,Yes,No,Not Applicable,Yes,No,No,No,No,0,125.67,345.11,0.825,Web,Manual Review,Safari,30,System,1.55099,B0184
REC00391,CLM00933,CUS00623,PRD00987,Television,PrimeView,PRI-TEL-471,SN-16626422,2023-10-23,2024-12-18,2024-11-25,12,No,Display Failure,Electrical Failure,No,No,Yes,Yes,Yes,No,Yes,1,Yes,No,Not Applicable,Yes,Yes,No,No,No,1,417.61,228.6,0.46,Service Center,Invalid Claim,Safari,27,System,0.42771,B0491
REC00440,CLM00934,CUS00076,PRD00531,Air Conditioner,Aster,AST-AIR-397,SN-10036330,2023-05-31,2025-12-19,2025-12-06,12,Yes,Cooling Failure,Manufacturing Defect,Yes,Yes,Yes,Yes,Yes,Not Applicable,No,0,Not Applicable,No,Not Applicable,Yes,Yes,No,No,No,1,1907.72,0.0,0.817,Web,Invalid Claim,Edge,18,System,0.86697,B0899
REC00962,CLM00935,CUS00656,PRD00569,Smartphone,Aster,AST-SMA-514,SN-89509812,2024-10-17,2025-02-19,2025-02-07,36,No,Display Failure,Manufacturing Defect,Yes,Yes,Yes,Yes,Yes,Not Applicable,No,0,Not Applicable,No,Not Applicable,Yes,Yes,No,No,No,2,509.81,,0.969,Mobile App,Valid Claim,Safari,43,System,0.4078,B0257
REC00001,CLM00936,CUS00122,PRD00756,Air Conditioner,HomePro,HOM-AIR-946,SN-77783433,2024-02-11,2024-04-18,2024-04-09,24,Yes,Power Failure,Manufacturing Defect,Yes,Yes,Yes,Yes,Yes,No,Yes,2,Yes,No,Not Applicable,Yes,Yes,No,No,No,0,853.05,212.79,0.724,Web,Valid Claim,Safari,54,Dark,1.73848,B0304
REC00558,CLM00937,CUS00304,PRD00342,Television,Aster,AST-TEL-241,SN-35249742,2023-02-05,2024-09-22,2024-09-05,24,No,Audio Failure,Electrical Failure,No,Yes,Yes,,Yes,Not Applicable,No,0,Not Applicable,No,Not Applicable,Yes,Yes,No,No,No,0,544.49,0.0,0.783,Web,Manual Review,MobileWebView,6,System,-1.63253,B0370
REC01076,CLM00938,CUS00321,PRD00616,Television,Aster,AST-TEL-770,SN-27176358,2024-03-23,2025-08-27,2025-08-11,24,Yes,Display Failure,Electrical Failure,Yes,Yes,Yes,No,Yes,Not Applicable,No,0,Not Applicable,No,Not Applicable,Yes,Yes,No,No,No,0,342.67,0.0,0.826,Web,Manual Review,Chrome,56,Dark,-1.05973,B0577
REC01108,CLM00939,CUS00012,PRD00275,Air Conditioner,ZenCore,ZEN-AIR-821,SN-90003961,2023-12-07,2024-11-20,2024-10-30,24,No,Power Failure,Internal Component Failure,Yes,Yes,Yes,Yes,No,Yes,Yes,2,Unknown,No,Not Applicable,Yes,Yes,No,No,No,0,144.65,,0.732,Web,Manual Review,MobileWebView,55,Dark,-0.57062,B0354
REC01431,CLM00940,CUS00497,PRD00286,Air Conditioner,Aster,AST-AIR-315,SN-75292281,2023-04-11,2025-01-31,2025-01-16,12,No,Cooling Failure,Physical Damage,Yes,Yes,Yes,Yes,Yes,Not Applicable,No,0,Not Applicable,No,Not Applicable,Yes,No,No,No,No,1,1275.38,0.0,0.852,Service Center,Invalid Claim,Safari,42,System,1.0705,B0083
REC00532,CLM00941,CUS00579,PRD00491,Television,HomePro,HOM-TEL-708,SN-52307285,2023-08-12,2024-08-12,2024-08-11,24,No,Audio Failure,Internal Component Failure,Yes,,Yes,Yes,No,Yes,Yes,3,Yes,No,Not Applicable,Yes,Yes,No,No,No,0,376.73,,0.84,Mobile App,Manual Review,MobileWebView,0,Dark,-0.3409,B0370
REC00097,CLM00942,CUS00300,PRD00759,Printer,NovaTech,NOV-PRI-483,SN-90650271,2025-06-21,2026-02-21,2026-01-17,12,No,Mechanical Failure,Manufacturing Defect,Yes,No,Yes,No,Yes,Not Applicable,No,0,Not Applicable,No,Not Applicable,Yes,Yes,No,No,No,0,583.97,0.0,0.811,Email,Invalid Claim,MobileWebView,54,System,0.26171,B0639
REC00542,CLM00943,CUS00025,PRD00291,Camera,PrimeView,PRI-CAM-395,SN-62421828,2024-08-08,2024-10-10,2024-09-01,12,No,Power Failure,Manufacturing Defect,Yes,Yes,Yes,Yes,Yes,Not Applicable,No,0,Not Applicable,No,Not Applicable,Yes,Yes,No,Yes,No,0,1440.15,0.0,0.988,Email,Invalid Claim,Edge,5,System,-0.86551,B0982
REC01219,CLM00944,CUS00615,PRD00238,Washing Machine,HomePro,HOM-WAS-749,SN-30446572,2025-09-07,2025-12-01,2025-11-20,36,No,Noise,Electrical Failure,,Yes,Yes,Yes,Yes,Yes,Yes,2,Yes,No,Not Applicable,Yes,Yes,No,No,No,0,1423.38,483.87,0.797,Service Center,Valid Claim,Edge,9,Light,-0.63004,B0875
REC00174,CLM00945,CUS00624,PRD00863,Printer,HomePro,HOM-PRI-199,SN-80098479,2024-11-20,2025-01-10,2024-12-27,12,No,Mechanical Failure,Manufacturing Defect,Yes,Yes,Yes,Yes,Yes,Not Applicable,No,0,Not Applicable,No,Not Applicable,Yes,Yes,No,No,No,1,22.62,0.0,0.795,Service Center,Valid Claim,Edge,21,Light,-0.52032,B0849
REC01407,CLM00946,CUS00021,PRD00953,Camera,Aster,AST-CAM-388,SN-29762525,2023-11-22,2024-01-23,2024-01-20,24,No,Connectivity Issue,Electrical Failure,Yes,No,No,Yes,Yes,Not Applicable,No,0,Not Applicable,No,Not Applicable,Yes,Yes,No,Yes,Yes,1,144.46,,0.978,Web,Manual Review,Safari,10,System,-0.57048,B0851
REC01069,CLM00947,CUS00006,PRD00763,Camera,NovaTech,NOV-CAM-348,SN-49547860,2024-10-22,2025-01-27,2025-01-22,12,No,Connectivity Issue,Internal Component Failure,No,Yes,Yes,Yes,Yes,Not Applicable,No,0,Not Applicable,No,Not Applicable,No,No,No,No,No,0,1419.7,,0.515,Service Center,Invalid Claim,Edge,28,Light,-0.89202,B0003
REC00583,CLM00948,CUS00059,PRD00540,Television,Aster,AST-TEL-911,SN-83042070,2025-03-15,2025-11-01,2025-10-18,12,No,Display Failure,Electrical Failure,Yes,Yes,Yes,Yes,Yes,Not Applicable,No,0,Not Applicable,No,Not Applicable,No,Yes,No,No,No,0,1661.84,0.0,0.934,Mobile App,Invalid Claim,Chrome,30,Dark,0.61501,B0764
REC01003,CLM00949,CUS00188,PRD00397,Smartphone,PrimeView,PRI-SMA-604,SN-83192060,2023-10-06,2025-11-15,2025-10-30,24,No,Overheating,Internal Component Failure,Yes,Yes,Yes,Yes,Yes,Yes,Yes,1,No,No,Not Applicable,Yes,Yes,No,No,No,2,710.33,445.82,0.611,Service Center,Invalid Claim,Firefox,23,System,-0.13569,B0944
REC01036,CLM00950,CUS00461,PRD00026,Laptop,ZenCore,ZEN-LAP-203,SN-58125525,2025-12-07,2026-02-03,2026-01-15,24,No,Overheating,Electrical Failure,Yes,No,Yes,Yes,Yes,Yes,Yes,3,Yes,No,Not Applicable,Yes,Yes,No,No,No,0,154.01,220.4,0.949,Web,Valid Claim,Safari,49,System,0.96901,B0207
REC01236,CLM00951,CUS00241,PRD00649,Smartphone,NovaTech,NOV-SMA-574,SN-89408011,2024-12-01,2025-08-04,2025-07-26,24,No,Battery Problem,Electrical Failure,Yes,,Yes,Yes,Yes,Yes,Yes,2,Unknown,No,Not Applicable,Yes,Yes,No,No,No,1,995.16,512.13,0.795,Service Center,Manual Review,Firefox,8,System,-0.42432,B0346
REC01305,CLM00952,CUS00168,PRD00774,Television,Aster,AST-TEL-325,SN-77601502,2023-03-14,2024-11-04,2024-10-04,36,No,Connectivity Issue,Internal Component Failure,Yes,Yes,Yes,Yes,Yes,Not Applicable,No,0,Not Applicable,No,Not Applicable,Yes,Yes,No,No,No,0,1156.8,0.0,0.902,Mobile App,Invalid Claim,Safari,45,Light,-1.35713,B0756
REC01190,CLM00953,CUS00097,PRD00973,Television,Aster,AST-TEL-298,SN-75914229,2023-01-13,2025-07-21,2025-07-10,24,No,Audio Failure,Manufacturing Defect,Yes,Yes,Yes,Yes,Yes,No,Yes,3,Yes,No,Not Applicable,Yes,Yes,Yes,No,No,0,240.73,444.64,0.802,Service Center,Invalid Claim,Chrome,3,Dark,0.47412,B0212
REC01444,CLM00954,CUS00184,PRD00624,Refrigerator,HomePro,HOM-REF-358,SN-40904722,2025-10-23,2025-11-14,2025-11-11,36,No,Noise,Internal Component Failure,,Yes,Yes,Yes,Yes,Not Applicable,No,0,Not Applicable,No,Not Applicable,Yes,Yes,No,No,No,0,191.61,0.0,0.775,Mobile App,Manual Review,Edge,29,Dark,0.45466,B0992
REC00220,CLM00955,CUS00584,PRD00652,Laptop,ZenCore,ZEN-LAP-217,SN-66598054,2023-05-25,2026-01-14,2026-01-04,12,No,Connectivity Issue,Normal Wear,Yes,Yes,Yes,Yes,No,Yes,Yes,2,Yes,No,Not Applicable,Yes,Yes,No,No,No,0,918.93,250.24,0.96,Mobile App,Invalid Claim,Edge,41,System,0.00092,B0156
REC01463,CLM00956,CUS00344,PRD00403,Washing Machine,PrimeView,PRI-WAS-536,SN-57836428,2023-11-30,2025-07-06,2025-06-25,12,No,Water Leakage,Water Damage,Yes,Yes,Yes,Yes,Yes,Not Applicable,No,0,Not Applicable,No,Not Applicable,Yes,Yes,No,No,Yes,0,1406.44,0.0,0.735,Mobile App,Invalid Claim,Safari,54,Light,-0.64893,B0101
REC00150,CLM00957,CUS00555,PRD00501,Camera,,AST-CAM-409,SN-99703916,2024-04-12,2025-02-20,2025-02-02,24,No,Battery Problem,Electrical Failure,Yes,Yes,Yes,Yes,Yes,Not Applicable,No,0,Not Applicable,No,Not Applicable,Yes,Yes,No,No,No,2,773.61,0.0,0.862,Web,Valid Claim,Edge,35,Dark,0.36071,B0136
REC00897,CLM00958,CUS00625,PRD00482,Camera,PrimeView,PRI-CAM-659,SN-41387643,2024-06-02,2025-06-13,2025-05-25,24,No,Battery Problem,Water Damage,Yes,Yes,Yes,,Yes,,Yes,2,Yes,No,Not Applicable,Yes,Yes,No,No,No,1,631.06,489.08,0.934,Service Center,Invalid Claim,Safari,42,Dark,-0.73019,B0713
REC-DUP-0023,CLM00959,CUS00592,PRD00999,Television,PrimeView,PRI-TEL-568,SN-44524549,2024-10-07,2025-12-08,2025-11-22,24,Yes,Display Failure,Electrical Failure,Yes,Yes,No,,Yes,Not Applicable,No,0,Not Applicable,No,Not Applicable,Yes,Yes,No,No,No,2,1165.78,0.0,0.744,Service Center,Manual Review,Firefox,56,Dark,0.54976,B0611
REC00844,CLM00960,CUS00168,PRD00471,Washing Machine,PrimeView,PRI-WAS-956,SN-16233714,2023-11-25,2026-09-08,2026-08-08,24,No,Noise,Electrical Failure,Yes,Yes,Yes,Yes,Yes,Not Applicable,No,0,Not Applicable,No,Not Applicable,Yes,Yes,No,No,No,0,113.65,0.0,0.878,Web,Invalid Claim,Chrome,23,Dark,1.26175,B0799
REC00165,CLM00961,CUS00574,PRD00182,Air Conditioner,ZenCore,ZEN-AIR-632,SN-81538034,2024-04-08,2026-01-25,2026-01-22,24,No,Power Failure,Water Damage,Yes,Yes,Yes,No,Yes,Not Applicable,No,0,Not Applicable,No,Not Applicable,Yes,Yes,No,No,No,999,170.49,0.0,0.876,Web,Invalid Claim,Firefox,13,System,-0.36762,B0292
REC01499,CLM00962,CUS00178,PRD00061,Printer,NovaTech,NOV-PRI-987,SN-70511077,2024-02-26,2026-04-20,2026-04-01,12,No,Power Failure,Internal Component Failure,,Yes,Yes,Yes,Yes,No,Yes,1,Yes,No,Not Applicable,Yes,Yes,No,No,No,3,220.84,185.88,0.904,Mobile App,Invalid Claim,Safari,55,Light,-0.77704,B0552
REC01116,CLM00963,CUS00386,PRD00191,Air Conditioner,Aster,AST-AIR-974,SN-19877103,2025-05-27,2025-10-04,2025-09-11,36,Yes,Water Leakage,Internal Component Failure,Yes,Yes,Yes,,Yes,Not Applicable,No,0,Not Applicable,No,Not Applicable,Yes,Yes,No,No,No,2,1403.46,0.0,0.763,Web,Valid Claim,Edge,54,Dark,0.0213,B0275
REC01028,CLM00964,CUS00290,PRD00209,Refrigerator,ZenCore,ZEN-REF-632,SN-73744650,2024-06-04,2026-05-18,2026-05-05,36,No,Water Leakage,Manufacturing Defect,Yes,Yes,No,Yes,Yes,No,Yes,3,Yes,No,Not Applicable,Yes,Yes,No,No,No,0,587.23,60.06,0.757,Web,Manual Review,Edge,44,Dark,-0.75525,B0612
REC00137,CLM00965,CUS00013,PRD00946,Smartphone,Aster,AST-SMA-273,SN-22997374,2023-05-10,2025-02-11,2025-01-26,24,No,Battery Problem,Manufacturing Defect,Yes,Yes,Yes,No,Yes,Yes,Yes,1,Yes,Yes,Yes,Yes,Yes,No,No,No,1,290.11,259.65,0.936,Mobile App,Manual Review,Edge,52,System,-0.15801,B0573
REC-DUP-0030,CLM00966,CUS00227,PRD00261,Printer,HomePro,HOM-PRI-345,SN-77849154,2025-01-25,2025-11-13,2025-10-25,12,No,Mechanical Failure,Normal Wear,Yes,Yes,,Yes,No,Yes,Yes,2,Yes,No,Not Applicable,Yes,Yes,No,No,No,1,129.34,65.35,0.935,Mobile App,Invalid Claim,Firefox,31,System,1.0681,B0380
REC00300,CLM00967,CUS00455,PRD00901,Camera,NovaTech,NOV-CAM-953,SN-83204385,2023-05-17,2026-04-05,2026-03-05,24,Yes,Power Failure,Internal Component Failure,No,Yes,Yes,,Yes,Not Applicable,No,0,Not Applicable,No,Not Applicable,Yes,Yes,No,No,No,2,1471.34,0.0,0.901,Web,Invalid Claim,MobileWebView,43,Dark,-0.34714,B0047
REC00313,CLM00968,CUS00345,PRD00781,Television,HomePro,HOM-TEL-735,SN-43132774,2025-01-09,2025-10-18,2025-09-27,24,Yes,Power Failure,Manufacturing Defect,Yes,Yes,Yes,Yes,Yes,Yes,Yes,3,No,No,Not Applicable,Yes,Yes,No,No,No,1,211.85,222.16,0.731,Service Center,Invalid Claim,MobileWebView,25,Light,-0.72821,B0498
REC01183,CLM00969,CUS00534,PRD00106,Air Conditioner,HomePro,HOM-AIR-417,SN-64371411,2025-08-24,2025-11-10,2025-10-30,24,No,Water Leakage,Manufacturing Defect,,Yes,Yes,Yes,Yes,No,Yes,3,Yes,No,Not Applicable,Yes,Yes,No,No,No,1,919.31,472.47,0.963,Web,Valid Claim,Safari,46,Dark,0.65806,B0145
REC01065,CLM00970,CUS00255,PRD00037,Air Conditioner,Aster,AST-AIR-441,SN-27225835,2024-08-31,2024-11-22,2024-11-18,36,Yes,Water Leakage,Internal Component Failure,Yes,Yes,Yes,Yes,Yes,Not Applicable,No,0,Not Applicable,No,Not Applicable,Yes,Yes,No,No,No,0,410.72,0.0,0.838,Mobile App,Valid Claim,Safari,32,Dark,1.37551,B0859
REC00676,CLM00971,CUS00291,PRD00597,Camera,Aster,AST-CAM-564,SN-89514656,2025-04-29,2026-08-02,2026-07-21,24,No,Display Failure,Misuse,Yes,,Yes,Yes,Yes,,No,0,Not Applicable,No,Not Applicable,Yes,Yes,No,No,No,1,,0.0,0.981,Web,Invalid Claim,Edge,20,System,0.29892,B0456
REC00324,CLM00972,CUS00431,PRD00879,Printer,HomePro,,SN-50643446,2024-08-17,2025-09-09,2025-09-05,36,No,Connectivity Issue,Normal Wear,Yes,No,Yes,Yes,No,,No,0,Not Applicable,Yes,No,Yes,Yes,No,No,No,1,226.69,0.0,0.983,Mobile App,Invalid Claim,Safari,59,Light,-0.72477,B0516
REC00822,CLM00973,CUS00379,PRD00122,Air Conditioner,Aster,AST-AIR-951,SN-35370357,2025-12-09,2025-12-16,2025-12-09,12,No,Power Failure,Electrical Failure,Yes,Yes,No,No,Yes,Not Applicable,No,0,Not Applicable,No,Not Applicable,Yes,Yes,No,No,No,0,,0.0,0.893,Mobile App,Manual Review,Safari,26,Dark,-0.82325,B0030
REC00135,CLM00974,CUS00144,PRD00644,Television,PrimeView,PRI-TEL-456,SN-94743176,2023-01-26,2023-10-11,2023-10-01,36,No,Display Failure,Electrical Failure,Yes,,Yes,Yes,Yes,Not Applicable,No,0,Not Applicable,Yes,Yes,Yes,Yes,No,No,No,1,627.61,0.0,0.985,Mobile App,Valid Claim,Safari,36,Dark,-0.55152,B0857
REC00051,CLM00975,CUS00463,PRD00428,Television,HomePro,HOM-TEL-773,SN-73413547,2026-02-21,2026-05-10,2026-05-01,36,No,Display Failure,Manufacturing Defect,Yes,Yes,No,No,Yes,Not Applicable,No,0,Not Applicable,No,Not Applicable,Yes,Yes,No,No,No,2,1076.52,0.0,0.46,Web,Manual Review,MobileWebView,27,Dark,-0.06391,B0755
REC00155,CLM00976,CUS00434,PRD00836,Refrigerator,ZenCore,ZEN-REF-712,SN-26834181,2023-07-28,2025-07-09,2025-07-06,12,No,Cooling Failure,Manufacturing Defect,Yes,Yes,Yes,Yes,Yes,,No,0,Not Applicable,No,Not Applicable,Yes,Yes,No,No,No,1,454.48,0.0,0.97,Web,Invalid Claim,Safari,4,Light,0.4958,B0180
REC01039,CLM00977,CUS00047,PRD00758,Refrigerator,ZenCore,ZEN-REF-931,SN-50663663,2024-01-18,2025-05-16,2025-05-08,24,No,Cooling Failure,Misuse,Yes,Yes,Yes,Yes,Yes,Not Applicable,No,0,Not Applicable,No,Not Applicable,Yes,Yes,No,No,No,1,755.67,0.0,0.915,Service Center,Invalid Claim,Chrome,31,Light,0.66194,B0746
REC01345,CLM00978,CUS00273,PRD00306,Printer,HomePro,HOM-PRI-672,SN-89000063,2023-05-24,2025-06-05,2025-06-02,36,No,Paper Feed Failure,Misuse,Yes,Yes,Yes,Yes,Yes,,Yes,1,Yes,No,Not Applicable,Yes,Yes,No,No,No,0,268.03,247.18,0.728,Mobile App,Invalid Claim,Chrome,38,System,-0.09024,B0386
REC00498,CLM00979,CUS00218,PRD00521,Television,HomePro,HOM-TEL-234,SN-37288125,2023-03-26,2026-02-03,2026-01-05,36,No,Connectivity Issue,Misuse,Yes,Yes,Yes,Yes,Yes,Not Applicable,No,0,Not Applicable,No,Not Applicable,Yes,Yes,No,No,No,1,1030.17,0.0,0.889,Web,Invalid Claim,Edge,7,System,-1.06761,B0015
REC00851,CLM00980,CUS00442,PRD00905,Laptop,Aster,AST-LAP-923,SN-90956940,2025-12-18,2026-08-04,2026-07-25,24,No,Display Failure,Physical Damage,Yes,Yes,Yes,Yes,,Yes,Yes,1,Yes,No,Not Applicable,Yes,Yes,No,No,No,0,1534.38,,0.872,Email,Invalid Claim,Edge,33,System,0.96763,B0713
REC01074,CLM00981,CUS00009,PRD00895,Smartphone,NovaTech,NOV-SMA-212,SN-29073293,2025-02-27,2025-06-14,2025-05-19,36,No,Overheating,Physical Damage,Yes,Yes,Yes,Yes,No,,No,0,Not Applicable,No,Not Applicable,Yes,Yes,No,No,No,0,714.99,0.0,0.929,Web,Invalid Claim,Edge,47,Dark,0.16319,B0682
REC00732,CLM00982,CUS00189,PRD00139,Laptop,NovaTech,NOV-LAP-214,SN-23052240,2026-02-14,2026-03-20,2026-03-19,24,No,Battery Problem,Manufacturing Defect,Yes,Yes,Yes,Yes,No,Not Applicable,No,0,Not Applicable,No,Not Applicable,Yes,Yes,No,No,No,1,860.66,0.0,0.955,Web,Manual Review,Firefox,34,Dark,-0.9149,B0737
REC01206,CLM00983,CUS00450,PRD00020,Smartphone,PrimeView,PRI-SMA-586,SN-47144241,2023-06-27,2025-10-25,2025-10-20,36,No,Connectivity Issue,Internal Component Failure,,Yes,Yes,Yes,Yes,Not Applicable,No,0,Not Applicable,Yes,No,Yes,Yes,No,No,No,1,168.95,0.0,0.9,Mobile App,Valid Claim,Edge,6,Dark,0.1957,B0866
REC00290,CLM00984,CUS00489,PRD00007,Camera,NovaTech,NOV-CAM-400,SN-95093046,2023-01-25,2024-08-26,2024-08-17,36,No,Display Failure,Electrical Failure,Yes,Yes,Yes,Yes,,Not Applicable,No,0,Not Applicable,No,Not Applicable,Yes,Yes,No,No,No,2,1448.74,0.0,0.835,Service Center,Valid Claim,Edge,39,Light,-1.06267,B0338
REC01194,CLM00985,CUS00270,PRD00068,Camera,PrimeView,PRI-CAM-691,SN-86296170,2026-01-18,2026-05-28,2026-05-12,36,No,Display Failure,Electrical Failure,Yes,Yes,Yes,Yes,No,Not Applicable,No,0,Not Applicable,No,Not Applicable,Yes,Yes,No,No,No,0,1376.83,0.0,0.954,Mobile App,Manual Review,MobileWebView,44,Light,-0.42614,B0455
REC00077,CLM00986,CUS00553,PRD00381,Printer,NovaTech,NOV-PRI-176,SN-49610147,2023-09-12,2025-05-10,2025-05-06,24,Yes,Mechanical Failure,Manufacturing Defect,Yes,,Yes,Yes,Yes,Not Applicable,No,0,Not Applicable,No,Not Applicable,Yes,Yes,No,No,No,1,,0.0,0.775,Service Center,Valid Claim,Edge,13,System,1.85673,B0059
REC01428,CLM00987,CUS00377,PRD00590,Camera,PrimeView,PRI-CAM-431,SN-20846105,2025-02-06,2026-05-28,2026-05-23,24,No,Lens Failure,Electrical Failure,Yes,Yes,Yes,Yes,Yes,Not Applicable,No,0,Not Applicable,No,Not Applicable,Yes,Yes,No,No,No,0,612.73,0.0,0.968,Web,Valid Claim,MobileWebView,35,Light,-0.48662,B0361
REC00916,CLM00988,CUS00262,PRD00495,Printer,NovaTech,NOV-PRI-611,SN-29583228,2025-01-08,2025-12-17,2025-12-09,24,Yes,Mechanical Failure,Internal Component Failure,Yes,Yes,Yes,,Yes,Not Applicable,No,0,Not Applicable,Yes,Yes,Yes,Yes,No,No,No,1,64.68,,0.973,Web,Valid Claim,Edge,13,Light,-0.85685,B0867
REC00958,CLM00989,CUS00117,PRD00908,Television,PrimeView,PRI-TEL-132,SN-21949801,2025-04-21,2025-09-25,2025-08-26,12,No,Power Failure,Manufacturing Defect,Yes,Yes,Yes,Yes,No,,Yes,1,Yes,No,Not Applicable,Yes,Yes,No,No,No,1,230.7,158.41,0.747,Mobile App,Manual Review,Firefox,23,Light,0.40745,B0585
REC00068,CLM00990,CUS00434,PRD00420,Laptop,ZenCore,ZEN-LAP-870,SN-96808753,2025-11-13,2025-12-08,2025-11-17,24,No,Power Failure,Internal Component Failure,Yes,No,Yes,Yes,Yes,Not Applicable,No,0,Not Applicable,No,Not Applicable,Yes,Yes,No,No,No,1,2188.99,0.0,0.796,Service Center,Valid Claim,Firefox,45,Dark,-0.2131,B0797
REC00401,CLM00991,CUS00313,PRD00967,Washing Machine,ZenCore,ZEN-WAS-788,SN-10993320,2025-11-24,2026-06-11,2026-06-07,24,No,Mechanical Failure,Manufacturing Defect,Yes,Yes,,Yes,Yes,Yes,Yes,1,Yes,No,Not Applicable,Yes,Yes,No,No,No,0,351.01,616.14,0.925,Service Center,Valid Claim,Chrome,38,Dark,0.0287,B0446
REC00771,CLM00992,CUS00478,PRD00886,Air Conditioner,ZenCore,ZEN-AIR-207,SN-71750938,2026-01-23,2026-07-16,2026-07-15,36,No,Noise,Electrical Failure,Yes,Yes,Yes,Yes,,Not Applicable,No,0,Not Applicable,No,Not Applicable,Yes,Yes,No,No,No,0,2078.66,0.0,0.787,Service Center,Valid Claim,Edge,2,System,1.31474,B0606
REC01111,CLM00993,CUS00419,PRD00895,Washing Machine,HomePro,HOM-WAS-393,SN-34473629,2024-02-05,2026-01-20,2025-12-30,24,No,Water Leakage,Electrical Failure,Yes,Yes,Yes,Yes,Yes,Yes,Yes,3,Yes,No,Not Applicable,Yes,Yes,No,No,No,0,231.08,,0.788,Web,Valid Claim,Edge,50,Dark,-0.53577,B0364
REC00925,CLM00994,CUS00554,PRD00402,Smartphone,PrimeView,PRI-SMA-612,SN-20134726,2023-12-21,2024-07-22,2024-07-07,24,No,Overheating,Manufacturing Defect,Yes,Yes,Yes,Yes,Yes,Not Applicable,No,0,Not Applicable,No,Not Applicable,Yes,Yes,No,No,No,2,740.5,,0.784,Service Center,Valid Claim,Safari,42,Dark,0.21127,B0913
REC00836,CLM00995,CUS00568,PRD00336,Camera,PrimeView,PRI-CAM-506,SN-50608452,2024-02-02,2025-08-10,2025-07-23,24,No,Display Failure,Electrical Failure,Yes,No,Yes,Yes,Yes,Not Applicable,No,0,Not Applicable,Yes,Yes,Yes,Yes,No,No,No,1,339.46,0.0,0.841,Service Center,Valid Claim,Safari,26,System,-1.28702,B0162
REC00302,CLM00996,CUS00133,PRD00510,Washing Machine,HomePro,HOM-WAS-883,SN-58832408,2023-10-16,2026-01-22,2026-01-09,36,No,Noise,Internal Component Failure,Yes,Yes,Yes,Yes,Yes,Not Applicable,No,0,Not Applicable,No,Not Applicable,Yes,Yes,No,No,No,0,601.69,0.0,0.897,Mobile App,Valid Claim,Chrome,37,System,-0.26417,B0861
REC00061,CLM00997,CUS00150,PRD00146,Printer,HomePro,HOM-PRI-875,SN-13250657,2023-04-21,2024-01-22,2024-01-03,24,No,Paper Feed Failure,Electrical Failure,No,Yes,Yes,Yes,Yes,Not Applicable,No,0,Not Applicable,Yes,Yes,Yes,Yes,No,No,No,0,268.11,0.0,,Email,Manual Review,MobileWebView,37,Light,-1.90012,B0132
REC01382,CLM00998,CUS00695,PRD00648,Television,PrimeView,PRI-TEL-157,SN-15752610,2024-04-29,2024-09-29,2024-09-09,12,No,Connectivity Issue,Internal Component Failure,,Yes,Yes,Yes,Yes,Not Applicable,No,0,Not Applicable,No,Not Applicable,Yes,Yes,No,No,No,0,898.19,0.0,0.795,Web,Valid Claim,MobileWebView,41,Dark,-0.99924,B0007
REC00722,CLM00999,CUS00098,PRD00448,Air Conditioner,ZenCore,ZEN-AIR-457,SN-39960357,2023-10-13,2025-02-23,2025-02-21,36,No,Noise,Electrical Failure,Yes,Yes,Yes,Yes,Yes,Not Applicable,No,0,Not Applicable,No,Not Applicable,Yes,Yes,No,No,No,1,350.97,0.0,0.985,Web,Valid Claim,Firefox,5,System,0.3326,B0645
REC00189,CLM01000,CUS00353,PRD00113,Air Conditioner,Aster,AST-AIR-598,,2024-04-27,2024-10-13,2024-09-25,24,No,Cooling Failure,Internal Component Failure,Yes,Yes,Yes,Yes,Yes,Not Applicable,No,0,Not Applicable,No,Not Applicable,Yes,Yes,No,Yes,No,1,130.76,0.0,0.801,Mobile App,Valid Claim,MobileWebView,30,System,0.2964,B0536
REC01322,CLM01001,CUS00281,PRD00301,Printer,HomePro,HOM-PRI-307,SN-90391500,2025-08-19,2026-01-10,2025-12-24,24,Yes,Power Failure,Internal Component Failure,Yes,Yes,Yes,Yes,No,Not Applicable,No,0,Not Applicable,Yes,Yes,Yes,Yes,No,No,No,2,707.49,0.0,0.89,Mobile App,Manual Review,Firefox,8,Light,-1.08705,B0483
REC01479,CLM01002,CUS00320,PRD00263,Printer,PrimeView,PRI-PRI-772,SN-53974166,2025-12-02,2026-07-18,2026-07-09,36,No,Paper Feed Failure,Electrical Failure,Yes,Yes,Yes,Yes,,Not Applicable,No,0,Not Applicable,No,Not Applicable,Unknown,Yes,No,No,No,2,244.68,0.0,0.926,Web,Manual Review,Edge,50,Dark,1.96959,B0493
REC00450,CLM01003,CUS00294,PRD00552,Camera,NovaTech,NOV-CAM-202,SN-13205052,2023-07-20,2024-08-03,2024-08-01,36,No,Lens Failure,Internal Component Failure,Yes,No,Yes,Yes,Yes,Yes,Yes,3,Unknown,No,Not Applicable,Yes,No,No,No,No,0,623.37,314.94,0.843,Service Center,Manual Review,Safari,4,Light,0.14815,B0105
REC01126,CLM01004,CUS00146,PRD00017,Air Conditioner,HomePro,HOM-AIR-694,SN-97939633,2023-09-25,2023-11-21,2023-11-18,24,No,Power Failure,Internal Component Failure,Yes,Yes,Yes,Yes,Yes,Yes,Yes,3,Yes,No,Not Applicable,Yes,Yes,No,No,No,2,,267.15,0.753,Web,Valid Claim,MobileWebView,30,Dark,0.0614,B0285
REC00496,CLM01005,CUS00216,PRD00114,Smartphone,PrimeView,PRI-SMA-621,SN-90648234,2024-09-09,2024-11-04,2024-10-18,24,No,Battery Problem,Manufacturing Defect,Yes,Yes,Yes,Yes,Yes,Not Applicable,No,0,Not Applicable,No,Not Applicable,Yes,Yes,No,No,No,1,613.45,0.0,0.656,Web,Manual Review,Edge,32,Dark,2.17552,B0750
REC00529,CLM01006,CUS00132,PRD00260,Washing Machine,PrimeView,PRI-WAS-126,SN-36331062,2023-02-19,2024-07-10,2024-07-01,12,Yes,Water Leakage,Electrical Failure,Yes,Yes,Yes,Yes,,Not Applicable,No,0,Not Applicable,No,Not Applicable,Yes,Yes,No,No,No,0,677.96,0.0,0.805,Mobile App,Manual Review,Firefox,4,Light,0.94679,B0470
REC00390,CLM01007,CUS00583,PRD00277,Laptop,Aster,AST-LAP-213,SN-47893315,2024-12-15,2025-11-28,2025-11-23,36,No,Battery Problem,Manufacturing Defect,Yes,Yes,Yes,No,Yes,Not Applicable,No,0,Not Applicable,Yes,No,Yes,Yes,No,Yes,No,0,1412.85,0.0,0.926,Web,Manual Review,Firefox,20,Light,-1.51047,B0955
REC01276,CLM01008,CUS00559,PRD00488,Laptop,ZenCore,ZEN-LAP-426,SN-15271884,2023-03-23,2024-08-20,2024-08-13,24,No,Battery Problem,Electrical Failure,Yes,Yes,Yes,Yes,,Not Applicable,No,0,Not Applicable,No,Not Applicable,Yes,Yes,No,No,Yes,2,759.32,0.0,0.921,Mobile App,Manual Review,Chrome,59,System,0.7116,B0583
REC00492,CLM01009,CUS00582,PRD00391,Washing Machine,ZenCore,ZEN-WAS-662,SN-12932013,2023-06-02,2025-08-09,2025-08-03,36,Yes,Water Leakage,Electrical Failure,Yes,Yes,Yes,Yes,Yes,Not Applicable,No,0,Not Applicable,No,Not Applicable,Yes,Yes,No,No,No,0,412.82,0.0,0.949,Web,Valid Claim,Safari,18,Light,1.78417,B0051
REC01110,CLM01010,CUS00579,PRD00705,Laptop,ZenCore,ZEN-LAP-100,SN-62725719,2026-01-08,2026-08-20,2026-08-16,24,No,Display Failure,Manufacturing Defect,Yes,Yes,Yes,Yes,Yes,Not Applicable,No,0,Not Applicable,No,Not Applicable,Yes,Yes,No,No,No,1,182.39,0.0,0.872,Service Center,Valid Claim,Firefox,49,Light,2.06985,B0390
REC00615,CLM01011,CUS00093,PRD00625,Printer,HomePro,HOM-PRI-815,SN-84278408,2025-06-01,2026-05-12,2026-05-07,24,No,Power Failure,Manufacturing Defect,Yes,,Yes,Yes,Yes,Not Applicable,No,0,Not Applicable,No,Not Applicable,Yes,Yes,No,No,No,2,56.63,0.0,0.973,Service Center,Valid Claim,Safari,21,Light,-0.9565,B0957
REC01013,CLM01012,CUS00154,PRD00214,Smartphone,PrimeView,PRI-SMA-293,SN-46638805,2025-11-30,2026-09-01,2026-08-13,12,No,Power Failure,Electrical Failure,Yes,Yes,Yes,Yes,Yes,Not Applicable,No,0,Not Applicable,No,Not Applicable,Yes,Yes,No,No,No,1,290.66,0.0,0.91,Service Center,Valid Claim,Edge,30,Light,-0.41947,B0170
REC01268,CLM01013,CUS00267,PRD00082,Printer,NovaTech,NOV-PRI-765,SN-39832271,2025-01-07,2026-02-15,2026-01-29,36,No,Power Failure,Manufacturing Defect,Yes,Yes,Yes,Yes,Yes,Not Applicable,No,0,Not Applicable,Yes,Yes,Yes,Yes,No,No,No,1,160.74,0.0,0.768,Web,Valid Claim,Firefox,13,System,0.64063,B0749
REC00268,CLM01014,CUS00580,PRD00494,Refrigerator,ZenCore,ZEN-REF-934,SN-44432484,2026-01-02,2026-08-10,2026-08-04,12,No,Cooling Failure,Manufacturing Defect,No,Yes,Yes,Yes,Yes,Not Applicable,No,0,Not Applicable,No,Not Applicable,Yes,Yes,No,No,No,1,814.35,0.0,0.932,Mobile App,Manual Review,Firefox,5,System,-1.80242,B0553
REC00907,CLM01015,CUS00585,PRD00532,Smartphone,Aster,AST-SMA-369,SN-40832653,2025-09-10,2025-12-02,2025-11-24,12,Yes,Power Failure,Manufacturing Defect,Yes,Yes,,Yes,Yes,,No,0,Not Applicable,No,Not Applicable,Yes,Yes,No,No,No,1,352.14,0.0,0.805,Service Center,Valid Claim,Safari,30,Dark,-1.78038,B0547
REC00351,CLM01016,CUS00033,PRD00106,Printer,PrimeView,PRI-PRI-629,SN-39689015,2023-02-16,2024-04-04,2024-03-19,24,No,Power Failure,Manufacturing Defect,Yes,Yes,Yes,Yes,Yes,Not Applicable,No,0,Not Applicable,No,Not Applicable,Yes,Yes,No,No,No,1,190.4,,0.762,Mobile App,Valid Claim,Firefox,12,Light,0.31114,B0276
REC01348,CLM01017,CUS00377,PRD00337,Printer,NovaTech,NOV-PRI-401,SN-30593865,2026-02-14,2026-07-30,2026-07-23,12,No,Connectivity Issue,Electrical Failure,Yes,Yes,Yes,Yes,Yes,Not Applicable,No,0,Not Applicable,No,Not Applicable,Yes,Yes,No,No,No,0,216.14,0.0,0.768,Service Center,Valid Claim,Safari,20,Light,0.16894,B0144
REC00842,CLM01018,CUS00556,PRD00049,Printer,HomePro,HOM-PRI-199,SN-36201906,2023-08-21,2024-10-08,2024-10-04,24,Yes,Power Failure,Internal Component Failure,Yes,Yes,Yes,Yes,Yes,Not Applicable,No,0,Not Applicable,No,Not Applicable,Yes,Yes,No,No,No,0,153.24,0.0,0.515,Web,Manual Review,Safari,23,Dark,-0.38802,B0095
REC00185,CLM01019,CUS00067,PRD00827,Refrigerator,ZenCore,ZEN-REF-523,SN-95240844,2024-06-02,2026-02-04,2026-01-25,36,Yes,Mechanical Failure,Electrical Failure,Yes,Yes,Yes,No,Yes,,Yes,3,Yes,No,Not Applicable,Yes,Yes,No,No,No,1,937.83,469.08,0.784,Email,Manual Review,Chrome,28,Light,-0.99339,B0481
REC00509,CLM01020,CUS00526,PRD00743,Air Conditioner,HomePro,HOM-AIR-410,SN-99127292,2024-03-28,2024-12-23,2024-12-16,24,Yes,Noise,Internal Component Failure,Yes,Yes,Yes,Yes,Yes,Not Applicable,No,0,Not Applicable,No,Not Applicable,Yes,Yes,No,No,No,1,490.0,0.0,0.859,Service Center,Valid Claim,Safari,31,System,2.98177,B0940
REC01150,CLM01021,CUS00547,PRD00770,Television,HomePro,HOM-TEL-118,SN-74133475,2025-06-21,2026-05-29,2026-05-12,12,No,Connectivity Issue,Internal Component Failure,No,Yes,Yes,Yes,Yes,Not Applicable,No,0,Not Applicable,No,Not Applicable,Yes,Yes,No,No,No,0,611.1,0.0,0.793,Mobile App,Manual Review,Firefox,23,Light,-0.07316,B0892
REC00364,CLM01022,CUS00229,PRD00742,Television,PrimeView,PRI-TEL-345,SN-93068025,2025-11-10,2026-02-13,2026-01-27,12,No,Display Failure,Manufacturing Defect,Yes,Yes,Yes,Yes,Yes,Yes,Yes,3,Yes,No,Not Applicable,Yes,Yes,No,No,No,2,964.41,227.99,,Mobile App,Valid Claim,Firefox,39,Dark,-0.08184,B0252
REC00315,CLM01023,CUS00227,PRD00731,Laptop,ZenCore,ZEN-LAP-109,SN-65784789,2025-09-28,2026-04-17,2026-04-04,24,Yes,Power Failure,Electrical Failure,Yes,Yes,Yes,Yes,Yes,Not Applicable,No,0,Not Applicable,No,Not Applicable,Unknown,Yes,No,No,No,0,1242.49,0.0,0.764,Service Center,Manual Review,Firefox,49,Light,0.49394,B0693
REC00630,CLM01024,CUS00113,PRD00648,Camera,NovaTech,NOV-CAM-204,SN-96790205,2023-12-08,2024-07-27,2024-07-18,24,No,Battery Problem,Manufacturing Defect,Yes,Yes,Yes,Yes,Yes,Yes,Yes,1,Yes,No,Not Applicable,Yes,Yes,No,No,No,0,638.95,252.56,0.838,Web,Valid Claim,MobileWebView,58,Dark,1.27387,B0940
REC00918,CLM01025,CUS00092,PRD00555,Laptop,Aster,AST-LAP-286,SN-99514607,2024-09-13,2026-05-06,2026-04-28,36,No,Display Failure,Manufacturing Defect,Yes,Yes,Yes,Yes,Yes,Not Applicable,No,0,Not Applicable,No,Not Applicable,Yes,Yes,No,No,No,1,478.07,,0.866,Mobile App,Valid Claim,Chrome,44,System,-1.84209,B0640
REC00471,CLM01026,CUS00254,PRD00792,Laptop,NovaTech,NOV-LAP-888,SN-41681536,2025-05-25,2026-04-02,2026-03-28,12,Yes,Connectivity Issue,Electrical Failure,Yes,Yes,Yes,Yes,Yes,Not Applicable,No,0,Not Applicable,No,Not Applicable,Yes,No,No,No,No,1,1544.87,0.0,0.846,Web,Manual Review,Safari,14,System,0.28946,B0951
REC00184,CLM01027,CUS00215,PRD00534,Air Conditioner,HomePro,HOM-AIR-185,SN-92285593,2025-12-20,2026-07-03,2026-06-30,12,No,Cooling Failure,Internal Component Failure,Yes,Yes,Yes,Yes,Yes,Not Applicable,No,0,Not Applicable,No,Not Applicable,Yes,Yes,No,No,No,2,803.08,0.0,0.809,Service Center,Valid Claim,Safari,25,System,1.00491,B0353
REC01015,CLM01028,CUS00475,PRD00141,Air Conditioner,HomePro,HOM-AIR-683,SN-61470609,2025-03-29,2025-09-16,2025-08-24,24,Yes,Noise,Internal Component Failure,Yes,,Yes,Yes,Yes,Not Applicable,No,0,Not Applicable,No,Not Applicable,Yes,Yes,No,No,No,0,1336.84,0.0,0.807,Mobile App,Valid Claim,Edge,20,System,0.21336,B0755
REC00718,CLM01029,CUS00394,PRD00676,Air Conditioner,HomePro,HOM-AIR-620,SN-46897472,2024-01-25,2024-05-31,2024-05-20,36,No,Cooling Failure,Electrical Failure,Yes,No,Yes,Yes,No,Not Applicable,No,0,Not Applicable,No,Not Applicable,Yes,Yes,No,No,No,1,519.91,0.0,,Mobile App,Manual Review,Firefox,56,System,0.28001,B0269
REC01004,CLM01030,CUS00172,PRD00352,Printer,NovaTech,NOV-PRI-765,SN-53293852,2025-01-26,2026-06-20,2026-06-13,24,No,Mechanical Failure,Manufacturing Defect,Yes,Yes,Yes,Yes,Yes,Not Applicable,No,0,Not Applicable,Yes,No,Yes,Yes,No,No,No,1,269.24,,0.639,Web,Manual Review,Chrome,34,Dark,-0.03913,B0916
REC00181,CLM01031,CUS00517,PRD00264,Washing Machine,HomePro,HOM-WAS-553,SN-88755768,2024-04-20,2024-10-01,2024-09-14,12,No,Power Failure,Electrical Failure,Yes,Yes,Yes,No,Yes,Not Applicable,No,0,Not Applicable,No,Not Applicable,Yes,No,No,Yes,No,0,259.36,,0.943,Service Center,Manual Review,Safari,11,Dark,2.72008,B0625
REC01140,CLM01032,CUS00662,PRD00190,Air Conditioner,Aster,AST-AIR-920,SN-46041278,2024-03-19,2025-10-10,2025-09-15,24,No,Water Leakage,Internal Component Failure,Yes,Yes,Yes,Yes,Yes,Not Applicable,No,0,Not Applicable,No,Not Applicable,Yes,Yes,No,No,No,0,1091.04,0.0,0.583,Web,Manual Review,Chrome,13,Light,2.33741,B0765
REC00467,CLM01033,CUS00473,PRD00661,Camera,Aster,AST-CAM-306,SN-45490640,2024-09-27,2024-11-12,2024-11-03,24,No,Battery Problem,Electrical Failure,Yes,Yes,Yes,Yes,Yes,Yes,Yes,2,Yes,No,Not Applicable,Yes,Yes,No,No,No,0,804.14,,0.758,Web,Valid Claim,Chrome,6,System,0.4007,B0332
REC00250,CLM01034,CUS00115,PRD00703,Smartphone,NovaTech,NOV-SMA-998,SN-42117270,2025-05-07,2025-05-12,2025-05-07,36,No,Power Failure,Manufacturing Defect,Yes,Yes,Yes,Yes,Yes,Not Applicable,No,0,Not Applicable,Yes,No,Yes,Yes,No,No,No,0,978.94,0.0,0.971,Web,Valid Claim,Safari,17,Dark,-1.22396,B0908
REC00923,CLM01035,CUS00052,PRD00401,Television,HomePro,HOM-TEL-987,SN-97001100,2023-06-22,2025-10-31,2025-10-17,36,No,Connectivity Issue,Electrical Failure,Yes,Yes,Yes,Yes,Yes,,No,0,Not Applicable,No,Not Applicable,Yes,Yes,No,No,No,2,458.38,0.0,0.992,Web,Valid Claim,Safari,44,Dark,0.17858,B0431
REC00511,CLM01036,CUS00671,PRD00034,Laptop,,ZEN-LAP-658,SN-32984838,2025-12-24,2026-02-17,2026-02-07,24,Yes,Overheating,Internal Component Failure,Yes,Yes,Yes,Yes,Yes,Yes,Yes,3,Yes,No,Not Applicable,Yes,Yes,No,No,No,1,143.92,82.84,0.928,Mobile App,Valid Claim,MobileWebView,29,Light,0.31048,B0749
REC01189,CLM01037,CUS00282,PRD00748,Laptop,Aster,AST-LAP-851,SN-62139976,2025-08-13,2025-10-18,2025-10-05,36,No,Connectivity Issue,Electrical Failure,Yes,Yes,Yes,Yes,,Not Applicable,No,0,Not Applicable,No,Not Applicable,Yes,Yes,No,No,No,2,741.13,0.0,0.717,Mobile App,Valid Claim,Edge,3,Light,-2.62951,B0647
REC01414,CLM01038,CUS00026,PRD00222,Television,PrimeView,PRI-TEL-961,SN-51854505,2025-07-29,2025-12-06,2025-12-01,12,No,Display Failure,Internal Component Failure,No,Yes,Yes,Yes,No,Not Applicable,No,0,Not Applicable,No,Not Applicable,Yes,Yes,No,No,No,1,274.54,0.0,0.851,Web,Manual Review,Chrome,33,System,0.95766,B0290
REC01089,CLM01039,CUS00638,PRD00924,Camera,PrimeView,PRI-CAM-606,SN-16299707,2023-09-04,2024-01-23,2024-01-20,12,No,Display Failure,Internal Component Failure,No,Yes,Yes,Yes,Yes,Not Applicable,No,0,Not Applicable,No,Not Applicable,Yes,No,No,No,No,0,272.38,0.0,0.58,Service Center,Manual Review,Chrome,47,Dark,0.05129,B0609
REC00586,CLM01040,CUS00188,PRD00979,Printer,PrimeView,PRI-PRI-925,SN-66593886,2025-02-22,2025-05-23,2025-05-04,,No,Power Failure,Internal Component Failure,Yes,Yes,Yes,No,Yes,No,Yes,2,Yes,No,Not Applicable,Yes,Yes,No,No,No,0,225.26,,0.786,Web,Manual Review,Firefox,22,Light,-0.32052,B0959
REC00605,CLM01041,CUS00285,PRD00495,Washing Machine,HomePro,HOM-WAS-749,SN-49619451,2025-11-05,2026-06-05,2026-05-26,36,No,Power Failure,Electrical Failure,Yes,Yes,Yes,No,Yes,Not Applicable,No,0,Not Applicable,No,Not Applicable,Yes,Yes,No,No,No,0,751.38,0.0,0.839,Web,Manual Review,Chrome,53,Light,-1.26916,B0408
REC00446,CLM01042,CUS00653,PRD00079,Printer,PrimeView,PRI-PRI-145,SN-21898880,2024-10-31,2024-11-15,2024-11-03,12,No,Mechanical Failure,Internal Component Failure,Yes,Yes,Yes,Yes,Yes,Not Applicable,No,0,Not Applicable,No,Not Applicable,Yes,Yes,No,No,No,0,128.43,0.0,0.93,Web,Valid Claim,Safari,7,Light,1.39081,B0062
REC01175,CLM01043,CUS00105,PRD00147,Printer,HomePro,HOM-PRI-545,SN-77742199,2025-09-07,2025-11-11,2025-10-28,24,No,Connectivity Issue,Manufacturing Defect,Yes,Yes,Yes,Yes,No,Not Applicable,No,0,Not Applicable,No,Not Applicable,Yes,Yes,No,No,No,1,167.45,0.0,0.809,Mobile App,Manual Review,Safari,58,System,2.35005,B0747
REC01498,CLM01044,CUS00149,PRD00920,Laptop,ZenCore,ZEN-LAP-969,SN-72551425,2026-01-26,2026-03-25,2026-03-06,24,No,Power Failure,Electrical Failure,Yes,Yes,Yes,Yes,Yes,,No,0,Not Applicable,No,Not Applicable,Yes,No,No,No,Yes,2,1488.45,0.0,0.774,Web,Manual Review,MobileWebView,53,System,0.9573,B0948
REC00748,CLM01045,CUS00131,PRD00936,Smartphone,NovaTech,NOV-SMA-661,SN-80478039,2023-05-17,2024-08-15,2024-07-21,24,No,Overheating,Manufacturing Defect,No,Yes,Yes,Yes,Yes,Not Applicable,No,0,Not Applicable,No,Not Applicable,Yes,Yes,No,No,No,3,225.34,0.0,0.908,Web,Manual Review,Chrome,58,Light,-0.70654,B0355
REC00714,CLM01046,CUS00235,PRD00662,Smartphone,Aster,AST-SMA-558,SN-60259476,2025-04-02,2026-04-06,2026-03-23,24,No,Overheating,Manufacturing Defect,Yes,Yes,Yes,Yes,Yes,No,Yes,3,Yes,Yes,Yes,Yes,Yes,No,No,No,0,251.5,,0.77,Email,Valid Claim,MobileWebView,24,Dark,0.02672,B0561
REC00491,CLM01047,CUS00082,PRD00299,Television,Aster,AST-TEL-119,SN-70026254,2024-09-30,2025-11-01,2025-10-11,36,No,Connectivity Issue,Internal Component Failure,Yes,Yes,Yes,No,Yes,Yes,Yes,3,Yes,Yes,Yes,Yes,Yes,No,No,No,1,596.77,555.99,0.82,Web,Manual Review,Chrome,2,System,0.04774,B0233
REC00812,CLM01048,CUS00041,PRD00381,Washing Machine,PrimeView,PRI-WAS-860,SN-98954339,2025-07-31,2025-08-12,2025-08-08,36,No,Water Leakage,Electrical Failure,No,,Yes,No,Yes,Not Applicable,No,0,Not Applicable,No,Not Applicable,Unknown,Yes,No,No,No,0,1439.63,0.0,0.886,Service Center,Manual Review,Firefox,31,Light,-0.99122,B0090
REC01242,CLM01049,CUS00679,PRD00869,Printer,HomePro,HOM-PRI-405,SN-78803013,2023-03-21,2023-11-21,2023-11-07,36,No,Mechanical Failure,Internal Component Failure,Yes,No,Yes,Yes,Yes,Not Applicable,No,0,Not Applicable,Yes,Yes,Yes,Yes,No,No,No,2,862.64,0.0,0.864,Web,Valid Claim,MobileWebView,57,Light,-1.54805,B0014
REC00004,CLM01050,CUS00238,PRD00076,Television,HomePro,HOM-TEL-817,SN-74608137,2023-09-21,2026-08-25,2026-08-10,36,No,Audio Failure,Manufacturing Defect,Yes,Yes,Yes,Yes,Yes,Not Applicable,No,0,Not Applicable,No,Not Applicable,Unknown,No,No,No,No,0,1611.5,0.0,0.907,Mobile App,Manual Review,Chrome,25,Light,0.08659,B0605
REC00521,CLM01051,CUS00309,PRD00284,Television,Aster,AST-TEL-257,SN-67988227,2025-09-01,2026-05-19,2026-05-01,36,No,Power Failure,Electrical Failure,Yes,Yes,Yes,Yes,Yes,Not Applicable,No,0,Not Applicable,No,Not Applicable,Yes,Yes,No,No,No,1,625.64,0.0,0.72,Email,Valid Claim,Firefox,35,Light,-0.45195,B0527
REC01244,CLM01052,CUS00542,PRD00499,Laptop,NovaTech,NOV-LAP-648,SN-84221622,2025-09-02,2026-05-20,2026-05-07,24,No,Connectivity Issue,Manufacturing Defect,Yes,Yes,Yes,Yes,Yes,Not Applicable,No,0,Not Applicable,No,Not Applicable,Yes,Yes,No,Yes,No,0,1123.25,0.0,0.795,Web,Valid Claim,Safari,20,Dark,-0.22816,B0634
REC00263,CLM01053,CUS00592,PRD00349,Washing Machine,HomePro,HOM-WAS-975,SN-91647342,2025-09-07,2025-09-24,2025-09-12,12,No,Mechanical Failure,Manufacturing Defect,Yes,Yes,Yes,Yes,Yes,Yes,Yes,1,Yes,Yes,Yes,Yes,Yes,No,No,No,0,693.83,418.1,0.884,Web,Valid Claim,Chrome,18,System,1.04762,B0514
REC-DUP-0040,CLM01054,CUS00677,PRD00324,Smartphone,Aster,AST-SMA-822,SN-74306135,2025-03-10,2025-10-31,2025-10-10,36,Yes,Battery Problem,Electrical Failure,Yes,No,Yes,Yes,Yes,Not Applicable,No,0,Not Applicable,No,Not Applicable,Yes,Yes,No,No,No,,436.93,0.0,0.805,Service Center,Valid Claim,Safari,16,Light,1.82685,B0554
REC00119,CLM01055,CUS00299,PRD00922,Laptop,NovaTech,NOV-LAP-637,SN-47582870,2024-09-03,2025-05-01,2025-04-08,36,No,Connectivity Issue,Internal Component Failure,Yes,Yes,Yes,Yes,Yes,,No,0,Not Applicable,No,Not Applicable,Yes,Yes,No,No,No,2,1805.32,0.0,0.815,Web,Valid Claim,Safari,25,Dark,1.23722,B0856
REC01262,CLM01056,CUS00025,PRD00299,Refrigerator,Aster,AST-REF-524,SN-96368359,2025-10-10,2025-10-18,2025-10-13,24,No,Noise,Electrical Failure,Yes,Yes,Yes,No,Yes,Not Applicable,No,0,Not Applicable,No,Not Applicable,Yes,Yes,No,No,No,0,636.31,0.0,0.788,Web,Manual Review,Firefox,21,System,2.14376,B0828
REC00293,CLM01057,CUS00405,PRD00182,Television,PrimeView,PRI-TEL-483,SN-97841321,2024-05-24,2026-02-10,2026-01-30,36,No,Power Failure,Electrical Failure,Yes,Yes,Yes,Yes,,,No,0,Not Applicable,No,Not Applicable,Yes,Yes,No,No,No,1,642.55,0.0,0.752,Web,Valid Claim,MobileWebView,31,System,-1.43912,B0581
REC00444,CLM01058,CUS00420,PRD00153,Television,PrimeView,PRI-TEL-739,SN-31858063,2023-09-07,2023-12-31,2023-12-21,12,No,Audio Failure,Manufacturing Defect,Yes,Yes,Yes,Yes,Yes,Not Applicable,No,0,Not Applicable,No,Not Applicable,Yes,Yes,No,No,No,0,1903.42,0.0,0.995,Mobile App,Valid Claim,Firefox,9,Dark,0.53356,B0043
REC00595,CLM01059,CUS00149,PRD00708,Printer,NovaTech,NOV-PRI-305,SN-57149626,2025-06-06,2025-11-15,2025-10-24,24,No,Mechanical Failure,Internal Component Failure,No,Yes,Yes,Yes,Yes,Not Applicable,No,0,Not Applicable,No,Not Applicable,Yes,Yes,No,No,No,0,578.74,0.0,0.804,Mobile App,Manual Review,Edge,1,System,0.09341,B0994
REC01151,CLM01060,CUS00167,PRD00950,Television,Aster,AST-TEL-555,SN-24300769,2025-06-15,2025-11-03,2025-10-24,12,No,Audio Failure,Manufacturing Defect,Yes,Yes,Yes,Yes,Yes,,No,0,Not Applicable,Yes,Yes,Yes,Yes,No,No,No,0,1191.25,0.0,0.936,Mobile App,Valid Claim,Safari,43,Light,0.47288,B0400
REC00634,CLM01061,CUS00328,PRD00674,Washing Machine,PrimeView,PRI-WAS-841,SN-43922595,2023-11-14,2024-02-04,2024-01-21,12,No,Water Leakage,Manufacturing Defect,Yes,No,Yes,Yes,Yes,Yes,Yes,,Yes,No,Not Applicable,Yes,Yes,No,No,No,0,252.78,454.55,0.984,Web,Valid Claim,MobileWebView,39,Light,0.56755,B0001
REC00047,CLM01062,CUS00065,PRD00089,Television,PrimeView,PRI-TEL-517,SN-63571827,2023-07-22,2023-09-22,2023-09-11,24,No,Audio Failure,Internal Component Failure,No,Yes,Yes,Yes,Yes,No,Yes,1,Yes,No,Not Applicable,Yes,Yes,No,No,Yes,0,615.91,207.6,0.899,Web,Manual Review,Edge,31,Dark,0.69128,B0745
REC01441,CLM01063,CUS00637,PRD00360,Air Conditioner,ZenCore,ZEN-AIR-195,SN-66846540,2024-05-09,2025-02-18,2025-02-01,12,No,Noise,Internal Component Failure,Yes,Yes,Yes,Yes,Yes,Not Applicable,No,0,Not Applicable,No,Not Applicable,Yes,Yes,No,No,No,1,1017.27,0.0,0.888,Service Center,Valid Claim,MobileWebView,6,System,1.44083,B0582
REC00567,CLM01064,CUS00580,PRD00847,Air Conditioner,Aster,AST-AIR-644,SN-75087507,2024-06-16,2025-08-03,2025-07-20,24,No,Cooling Failure,Manufacturing Defect,No,Yes,Yes,Yes,,Yes,Yes,3,Unknown,No,Not Applicable,Yes,Yes,No,No,No,1,2047.52,222.56,0.782,Mobile App,Manual Review,MobileWebView,44,Dark,-2.59521,B0616
REC01416,CLM01065,CUS00242,PRD00653,Television,PrimeView,PRI-TEL-714,SN-71741305,2024-11-01,2026-07-02,2026-06-08,24,No,Audio Failure,Electrical Failure,Yes,Yes,Yes,Yes,,Yes,Yes,2,Yes,No,Not Applicable,Yes,Yes,No,No,No,1,2148.31,61.89,0.491,Web,Manual Review,MobileWebView,9,System,1.20928,B0836
REC00559,CLM01066,CUS00237,PRD00198,Smartphone,Aster,AST-SMA-658,SN-82415028,2025-12-06,2026-04-26,2026-04-08,12,No,Power Failure,Internal Component Failure,Yes,Yes,Yes,Yes,No,Yes,Yes,3,Unknown,No,Not Applicable,Yes,Yes,No,No,No,1,428.14,296.11,0.898,Email,Manual Review,Edge,35,Light,0.34712,B0527
REC00946,CLM01067,CUS00417,PRD00394,Washing Machine,ZenCore,ZEN-WAS-958,SN-15984865,2024-04-13,2025-09-18,2025-09-13,24,No,Power Failure,Internal Component Failure,Yes,,Yes,Yes,Yes,Not Applicable,No,0,Not Applicable,No,Not Applicable,Yes,Yes,No,No,No,0,1846.98,0.0,0.609,Web,Manual Review,Chrome,37,Dark,0.9299,B0211
REC00840,CLM01068,CUS00168,PRD00355,Laptop,ZenCore,ZEN-LAP-847,SN-62168796,2025-10-02,2026-05-01,2026-04-15,24,Yes,Battery Problem,Electrical Failure,Yes,Yes,Yes,Yes,Yes,Not Applicable,No,0,Not Applicable,No,Not Applicable,Yes,Yes,No,No,No,1,1587.58,0.0,0.892,Web,Valid Claim,Chrome,9,System,-0.04853,B0489
REC00454,CLM01069,CUS00557,PRD00551,Laptop,NovaTech,NOV-LAP-781,SN-32963599,2024-09-01,2025-10-30,2025-10-26,36,No,Connectivity Issue,Manufacturing Defect,Yes,Yes,Yes,,Yes,Not Applicable,No,0,Not Applicable,Yes,Yes,Yes,Yes,No,No,No,0,784.23,0.0,0.934,Service Center,Valid Claim,Safari,32,Dark,0.11697,B0350
REC00831,CLM01070,CUS00661,PRD00032,Laptop,Aster,AST-LAP-296,SN-79356181,2025-10-26,2025-12-14,2025-11-16,36,No,Power Failure,Electrical Failure,,Yes,Yes,Yes,Yes,,No,0,Not Applicable,No,Not Applicable,Yes,Yes,No,No,No,0,129.92,0.0,0.782,Web,Valid Claim,MobileWebView,39,Dark,-0.0032,B0475
REC00846,CLM01071,CUS00658,PRD00683,Printer,NovaTech,NOV-PRI-749,SN-42929339,2024-07-29,2024-10-18,2024-10-09,24,No,Mechanical Failure,Manufacturing Defect,Yes,Yes,,Yes,No,Not Applicable,No,0,Not Applicable,No,Not Applicable,Unknown,Yes,No,No,No,999,340.26,0.0,0.955,Service Center,Manual Review,Chrome,8,Dark,0.06367,B0179
REC01163,CLM01072,CUS00549,PRD00648,Refrigerator,ZenCore,ZEN-REF-928,SN-47940302,2023-08-13,2024-05-06,2024-04-14,12,No,Cooling Failure,Electrical Failure,No,Yes,Yes,Yes,Yes,Not Applicable,No,0,Not Applicable,No,Not Applicable,Yes,Yes,No,No,No,2,1684.4,0.0,0.886,Web,Manual Review,Safari,2,System,-0.12248,B0908
REC00972,CLM01073,CUS00028,PRD00992,Washing Machine,PrimeView,PRI-WAS-479,SN-19167978,2023-11-09,2025-09-20,2025-08-30,36,No,Power Failure,Internal Component Failure,Yes,Yes,Yes,Yes,,Not Applicable,No,0,Not Applicable,No,Not Applicable,Yes,Yes,No,No,No,1,630.61,0.0,0.913,Web,Valid Claim,Edge,47,Dark,0.42732,B0239
REC00849,CLM01074,CUS00149,PRD00409,Printer,HomePro,HOM-PRI-314,SN-37173259,2024-11-30,2026-03-10,2026-03-06,36,No,Paper Feed Failure,Manufacturing Defect,Yes,Yes,No,Yes,Yes,Yes,Yes,1,Yes,No,Not Applicable,Yes,Yes,No,No,No,0,185.03,419.56,0.809,Service Center,Manual Review,Chrome,0,Light,0.80786,B0096
REC00867,CLM01075,CUS00029,PRD00153,Washing Machine,ZenCore,ZEN-WAS-823,SN-31161402,2026-01-31,2026-05-27,2026-05-11,12,No,Power Failure,Manufacturing Defect,Yes,Yes,Yes,Yes,Yes,No,Yes,1,Yes,No,Not Applicable,Unknown,Yes,No,No,No,1,380.39,77.47,0.81,Mobile App,Manual Review,Safari,38,Light,2.00555,B0503
REC00107,CLM01076,CUS00546,PRD00686,Camera,Aster,AST-CAM-370,SN-84548747,2025-09-21,2026-03-10,2026-03-02,24,No,Connectivity Issue,Manufacturing Defect,,Yes,Yes,Yes,Yes,Not Applicable,No,0,Not Applicable,Yes,Yes,Yes,Yes,No,No,No,1,1783.47,0.0,,Web,Valid Claim,Safari,19,Dark,-1.00069,B0414
REC00347,CLM01077,CUS00118,PRD00751,Refrigerator,HomePro,HOM-REF-838,SN-12942805,2024-08-18,2025-01-06,2024-12-09,12,Yes,Water Leakage,Manufacturing Defect,No,Yes,Yes,Yes,Yes,Yes,Yes,3,Yes,No,Not Applicable,Yes,Yes,No,No,No,0,934.7,533.32,0.747,Mobile App,Manual Review,Chrome,5,System,-0.31344,B0125
REC00148,CLM01078,CUS00044,PRD00430,Camera,Aster,AST-CAM-668,SN-26059616,2024-12-09,2026-01-05,2025-12-14,36,No,Display Failure,Electrical Failure,No,Yes,Yes,Yes,Yes,Not Applicable,No,0,Not Applicable,No,Not Applicable,Yes,Yes,No,No,No,2,2841.82,0.0,0.845,Mobile App,Manual Review,MobileWebView,3,Dark,-0.10089,B0836
REC00298,CLM01079,CUS00444,PRD00655,Camera,NovaTech,NOV-CAM-464,SN-51645271,2025-06-27,2026-04-28,2026-04-23,24,No,Connectivity Issue,Manufacturing Defect,,Yes,Yes,Yes,Yes,Yes,Yes,1,Yes,No,Not Applicable,Yes,Yes,No,No,No,2,1615.4,458.38,0.8,Service Center,Valid Claim,Safari,36,System,1.40163,B0572
REC01486,CLM01080,CUS00153,PRD00307,Television,PrimeView,PRI-TEL-390,SN-29554609,2024-08-19,2026-07-07,2026-06-29,24,No,Connectivity Issue,Electrical Failure,Yes,Yes,,Yes,Yes,Not Applicable,No,0,Not Applicable,No,Not Applicable,Yes,Yes,No,No,No,1,2101.92,0.0,0.724,Web,Valid Claim,Firefox,56,Light,0.08953,B0145
REC00768,CLM01081,CUS00414,PRD00496,Printer,HomePro,HOM-PRI-988,SN-41779381,2024-01-26,2025-03-01,2025-02-13,36,Yes,Paper Feed Failure,Internal Component Failure,No,Yes,,Yes,Yes,Not Applicable,No,0,Not Applicable,No,Not Applicable,Yes,Yes,No,No,No,1,344.79,0.0,0.935,Web,Manual Review,Firefox,57,System,-0.98129,B0757
REC00361,CLM01082,CUS00279,PRD00583,Television,PrimeView,PRI-TEL-609,SN-21577783,2023-04-26,2024-07-12,2024-06-30,36,No,Audio Failure,Internal Component Failure,Yes,No,Yes,Yes,Yes,Not Applicable,No,0,Not Applicable,No,Not Applicable,Yes,Yes,No,No,No,0,369.37,0.0,0.913,Web,Valid Claim,Safari,11,Dark,-0.23659,B0680
REC01224,CLM01083,CUS00687,PRD00381,Printer,PrimeView,PRI-PRI-283,SN-25116494,2026-01-06,2026-04-19,2026-03-26,36,No,Power Failure,Internal Component Failure,Yes,Yes,Yes,Yes,,Not Applicable,No,0,Not Applicable,No,Not Applicable,Yes,Yes,No,No,No,1,292.08,0.0,0.896,Service Center,Valid Claim,Safari,37,System,-0.87337,B0146
REC01041,CLM01084,CUS00581,PRD00838,Refrigerator,Aster,AST-REF-943,SN-46765337,2026-01-12,2026-05-29,2026-05-08,24,No,Mechanical Failure,Electrical Failure,Yes,Yes,Yes,No,Yes,Yes,Yes,2,Yes,No,Not Applicable,Yes,Yes,No,No,No,2,968.15,199.63,0.752,Web,Manual Review,Edge,11,Dark,2.4437,B0780
REC00305,CLM01085,CUS00628,PRD00184,Camera,NovaTech,NOV-CAM-653,SN-95145837,2025-09-27,2026-01-09,2025-12-31,12,No,Battery Problem,Manufacturing Defect,Yes,Yes,Yes,Yes,Yes,Yes,Yes,3,Yes,No,Not Applicable,Unknown,Yes,No,No,Yes,1,639.36,631.19,0.802,Web,Manual Review,Chrome,58,System,0.86149,B0914
REC01137,CLM01086,CUS00336,PRD00961,Refrigerator,HomePro,HOM-REF-807,SN-68868149,2025-12-26,2026-01-03,2025-12-26,24,No,Power Failure,Internal Component Failure,Yes,Yes,Yes,Yes,Yes,Yes,Yes,1,Yes,No,Not Applicable,Yes,Yes,No,No,No,1,264.09,329.84,0.792,Email,Valid Claim,MobileWebView,20,Light,-0.10134,B0784
REC00535,CLM01087,CUS00557,PRD00892,Washing Machine,ZenCore,ZEN-WAS-537,SN-24303813,2026-01-04,2026-08-19,2026-07-27,36,No,Power Failure,Manufacturing Defect,Yes,Yes,Yes,Yes,Yes,Not Applicable,No,0,Not Applicable,No,Not Applicable,Yes,Yes,No,No,No,0,577.06,,0.958,Web,Valid Claim,Firefox,1,Light,-0.29124,B0489
REC00317,CLM01088,CUS00278,PRD00843,Air Conditioner,ZenCore,ZEN-AIR-250,SN-93859478,2025-11-05,2025-12-24,2025-12-13,24,Yes,Water Leakage,Internal Component Failure,Yes,No,Yes,Yes,Yes,Not Applicable,No,0,Not Applicable,No,Not Applicable,Yes,Yes,No,No,No,0,720.22,0.0,0.856,Web,Valid Claim,Firefox,47,Dark,-0.51993,B0456
REC00799,CLM01089,CUS00178,PRD00961,Camera,NovaTech,NOV-CAM-555,SN-73376999,2024-03-28,2025-04-16,2025-04-03,24,No,Lens Failure,Manufacturing Defect,Yes,Yes,Yes,No,Yes,No,Yes,3,Yes,No,Not Applicable,Yes,Yes,No,No,No,0,939.4,,0.744,Service Center,Manual Review,Firefox,55,System,-0.42066,B0822
REC00125,CLM01090,CUS00252,PRD00155,Refrigerator,HomePro,HOM-REF-564,SN-69383228,2024-10-03,2025-05-22,2025-05-14,24,No,Power Failure,Internal Component Failure,Yes,Yes,Yes,Yes,Yes,No,Yes,3,Yes,No,Not Applicable,Unknown,Yes,No,No,No,1,387.59,40.64,0.883,Email,Manual Review,MobileWebView,20,System,-0.70365,B0622
REC01313,CLM01091,CUS00151,PRD00535,Printer,HomePro,HOM-PRI-164,SN-49660729,2025-09-26,2026-03-20,2026-03-01,12,No,Connectivity Issue,Electrical Failure,Yes,No,Yes,Yes,Yes,Not Applicable,No,0,Not Applicable,No,Not Applicable,Yes,Yes,No,No,No,0,222.84,0.0,0.964,Mobile App,Valid Claim,Firefox,15,Dark,-2.01273,B0202
REC00234,CLM01092,CUS00305,PRD00549,Laptop,NovaTech,NOV-LAP-280,SN-26574275,2024-04-08,2024-07-07,2024-07-04,12,No,Power Failure,Internal Component Failure,Yes,No,Yes,Yes,Yes,Not Applicable,No,0,Not Applicable,No,Not Applicable,Yes,Yes,No,No,No,0,839.38,,0.965,Mobile App,Valid Claim,Edge,45,Dark,-1.39412,B0387
REC00745,CLM01093,CUS00496,PRD00641,Refrigerator,HomePro,HOM-REF-294,SN-78512551,2025-10-16,2026-06-07,2026-05-22,12,Yes,Power Failure,Electrical Failure,Yes,Yes,Yes,Yes,Yes,Not Applicable,No,0,Not Applicable,No,Not Applicable,Yes,Yes,No,No,No,2,740.84,0.0,0.786,Web,Valid Claim,Chrome,36,System,1.90752,B0762
REC00485,CLM01094,CUS00222,PRD00926,Refrigerator,HomePro,HOM-REF-826,SN-61172191,2025-06-27,2025-07-03,2025-06-27,24,No,Mechanical Failure,Manufacturing Defect,Yes,Yes,Yes,Yes,Yes,No,Yes,3,Yes,No,Not Applicable,Yes,Yes,No,No,No,0,1293.93,,0.985,Web,Valid Claim,Firefox,17,System,0.24873,B0846
REC00682,CLM01095,CUS00197,PRD00525,Washing Machine,ZenCore,ZEN-WAS-312,SN-70075319,2024-08-31,2026-07-06,2026-07-03,36,Yes,Power Failure,Manufacturing Defect,Yes,Yes,Yes,Yes,Yes,Not Applicable,No,0,Not Applicable,No,Not Applicable,Yes,Yes,No,No,No,0,353.16,,0.74,Web,Valid Claim,Chrome,12,Light,-0.70564,B0903
REC00973,CLM01096,CUS00513,PRD00307,Smartphone,PrimeView,PRI-SMA-968,SN-33725163,2023-09-30,2025-04-11,2025-03-17,36,No,Connectivity Issue,Manufacturing Defect,,Yes,Yes,Yes,Yes,Not Applicable,No,0,Not Applicable,No,Not Applicable,Yes,Yes,No,No,No,0,257.42,0.0,0.817,Web,Valid Claim,Safari,44,Light,1.89434,B0749
REC00379,CLM01097,CUS00558,PRD00381,Refrigerator,Aster,AST-REF-709,SN-49307861,2023-02-14,2023-09-14,2023-09-07,36,Yes,Water Leakage,Internal Component Failure,Yes,Yes,Yes,Yes,,No,Yes,2,Yes,No,Not Applicable,Yes,Yes,No,No,No,1,2433.71,497.74,0.844,Mobile App,Valid Claim,Edge,34,Light,2.008,B0289
REC01048,CLM01098,CUS00518,PRD00678,Laptop,ZenCore,ZEN-LAP-586,SN-72830462,2025-11-03,2025-12-04,2025-11-20,12,No,Battery Problem,Manufacturing Defect,Yes,Yes,No,Yes,No,Not Applicable,No,0,Not Applicable,No,Not Applicable,Unknown,Yes,No,No,No,0,1713.55,0.0,0.856,Web,Manual Review,Edge,27,Light,-0.2805,B0055
REC01148,CLM01099,CUS00374,PRD00113,Television,PrimeView,PRI-TEL-556,SN-99811667,2024-01-17,2024-03-13,2024-02-24,24,No,Audio Failure,Manufacturing Defect,Yes,Yes,Yes,Yes,,Not Applicable,No,0,Not Applicable,No,Not Applicable,Yes,Yes,No,No,No,0,384.1,0.0,0.701,Web,Valid Claim,MobileWebView,15,System,0.29702,B0083
REC01075,CLM01100,CUS00115,PRD00446,Refrigerator,HomePro,HOM-REF-239,SN-87605627,2023-03-18,2023-08-28,2023-08-27,24,No,Power Failure,Internal Component Failure,Yes,Yes,Yes,Yes,Yes,Not Applicable,No,0,Not Applicable,No,Not Applicable,Yes,Yes,No,No,No,0,542.91,,0.773,Web,Valid Claim,Firefox,8,Dark,-0.09924,B0762
REC00807,CLM01101,CUS00284,PRD00838,Printer,HomePro,HOM-PRI-888,SN-80078350,2025-07-12,2025-08-20,2025-07-27,12,No,Power Failure,Manufacturing Defect,Yes,Yes,Yes,Yes,Yes,Not Applicable,No,0,Not Applicable,No,Not Applicable,Yes,Yes,No,No,No,1,186.12,0.0,0.727,Web,Valid Claim,Chrome,21,Dark,0.79678,B0715
REC00141,CLM01102,CUS00124,PRD00390,Camera,PrimeView,PRI-CAM-313,SN-59409680,2025-01-26,2025-08-31,2025-08-03,24,No,Connectivity Issue,Manufacturing Defect,Yes,Yes,Yes,Yes,Yes,,No,0,Not Applicable,No,Not Applicable,Yes,Yes,No,No,No,0,474.21,0.0,0.818,Web,Valid Claim,Firefox,3,Light,-0.97097,B0594
REC01053,CLM01103,CUS00543,PRD00002,Printer,PrimeView,PRI-PRI-141,SN-59620072,2025-06-15,2025-12-26,2025-12-21,12,Yes,Power Failure,Electrical Failure,Yes,Yes,Yes,Yes,Yes,Not Applicable,No,0,Not Applicable,No,Not Applicable,Yes,Yes,No,Yes,No,1,757.06,99999.0,0.755,Web,Valid Claim,MobileWebView,36,Dark,1.03529,B0018
REC00152,CLM01104,CUS00039,PRD00723,Camera,Aster,AST-CAM-884,SN-57012637,2024-12-18,2025-02-11,2025-01-20,24,No,Battery Problem,Electrical Failure,No,Yes,Yes,Yes,Yes,,No,0,Not Applicable,No,Not Applicable,Yes,Yes,No,No,No,0,1411.66,0.0,0.971,Web,Manual Review,Edge,12,Dark,-0.63346,B0550
REC00375,CLM01105,CUS00331,PRD00556,Air Conditioner,Aster,AST-AIR-178,SN-16955186,2025-08-26,2025-12-14,2025-11-26,12,Yes,Noise,Internal Component Failure,Yes,Yes,Yes,Yes,Yes,,No,0,Not Applicable,No,Not Applicable,Yes,No,No,No,No,2,1348.77,0.0,0.863,Service Center,Manual Review,Safari,7,Dark,-0.94977,B0399
REC01009,CLM01106,CUS00259,PRD00824,Air Conditioner,Aster,AST-AIR-731,SN-30407418,2025-06-08,2025-12-21,2025-11-28,24,No,Power Failure,Electrical Failure,Yes,Yes,Yes,Yes,Yes,Not Applicable,No,0,Not Applicable,No,Not Applicable,Yes,Yes,No,No,No,1,75.92,0.0,0.893,Web,Valid Claim,Chrome,1,System,1.24166,B0025
REC00044,CLM01107,CUS00348,PRD00991,Refrigerator,ZenCore,ZEN-REF-470,SN-38510627,2025-03-09,2025-11-03,2025-10-17,12,No,Water Leakage,Electrical Failure,Yes,,Yes,Yes,Yes,Yes,Yes,3,Yes,No,Not Applicable,Yes,Yes,No,No,No,0,1041.19,299.29,,Mobile App,Valid Claim,Edge,1,Dark,-1.13913,B0190
REC01337,CLM01108,CUS00307,PRD00903,Washing Machine,ZenCore,ZEN-WAS-150,SN-97990827,2025-07-21,2025-10-23,2025-10-21,12,No,Power Failure,Internal Component Failure,Yes,Yes,Yes,No,Yes,Not Applicable,No,0,Not Applicable,No,Not Applicable,Yes,Yes,No,No,No,1,579.76,0.0,0.783,Mobile App,Manual Review,Safari,25,Dark,-0.26365,B0969
REC00825,CLM01109,CUS00372,PRD00264,Television,Aster,AST-TEL-412,SN-71054954,2023-02-22,2024-04-16,2024-04-02,24,No,Power Failure,Electrical Failure,Yes,No,Yes,Yes,Yes,Not Applicable,No,0,Not Applicable,Yes,Yes,Yes,Yes,No,No,No,1,445.9,,0.773,Service Center,Valid Claim,Safari,23,Dark,0.28412,B0232
REC01335,CLM01110,CUS00475,PRD00154,Printer,NovaTech,NOV-PRI-803,SN-80021245,2024-12-01,2026-09-15,2026-09-07,24,No,Mechanical Failure,Internal Component Failure,No,Yes,Yes,Yes,Yes,Yes,Yes,2,Yes,Yes,No,Yes,Yes,No,No,No,1,,634.58,,Web,Manual Review,MobileWebView,23,Light,1.39583,B0368
REC00303,CLM01111,CUS00255,PRD00507,Smartphone,NovaTech,NOV-SMA-306,SN-75110661,2025-12-03,2026-08-12,2026-07-29,36,No,Connectivity Issue,Electrical Failure,Yes,Yes,Yes,Yes,Yes,Not Applicable,No,0,Not Applicable,No,Not Applicable,Yes,Yes,No,No,No,2,235.91,0.0,0.814,Email,Valid Claim,Chrome,6,Dark,1.57769,B0378
REC01248,CLM01112,CUS00138,PRD00088,Television,HomePro,HOM-TEL-287,SN-88409591,2026-01-08,2026-04-03,2026-03-26,12,No,Display Failure,Electrical Failure,Yes,Yes,Yes,Yes,Yes,Not Applicable,No,0,Not Applicable,No,Not Applicable,Yes,No,No,No,No,1,2274.37,0.0,0.551,Mobile App,Manual Review,Chrome,38,Light,0.22599,B0077
REC00971,CLM01113,CUS00121,PRD00592,Refrigerator,ZenCore,ZEN-REF-153,SN-53353450,2024-09-05,2025-09-21,2025-09-13,24,No,Mechanical Failure,Internal Component Failure,No,Yes,Yes,Yes,Yes,Not Applicable,No,0,Not Applicable,No,Not Applicable,Yes,Yes,No,No,No,2,1048.61,0.0,0.9,Mobile App,Manual Review,Safari,4,Dark,-0.69147,B0463
REC01338,CLM01114,CUS00549,PRD00520,Refrigerator,ZenCore,ZEN-REF-908,SN-77148064,2026-02-27,2026-06-16,2026-06-10,12,No,Mechanical Failure,Manufacturing Defect,Yes,Yes,Yes,Yes,,Not Applicable,No,0,Not Applicable,No,Not Applicable,Yes,Yes,No,No,No,2,1269.58,0.0,0.796,Web,Valid Claim,Chrome,40,Light,-0.17787,B0952
REC00042,CLM01115,CUS00378,PRD00243,Camera,PrimeView,PRI-CAM-823,SN-26091802,2024-10-06,2026-05-23,2026-05-18,24,No,Connectivity Issue,Electrical Failure,Yes,Yes,Yes,Yes,Yes,Yes,Yes,2,Unknown,No,Not Applicable,Yes,Yes,No,No,No,1,1839.25,146.77,0.848,Service Center,Manual Review,Chrome,43,System,0.72185,B0683
REC01191,CLM01116,CUS00334,PRD00334,Printer,PrimeView,PRI-PRI-104,SN-91971468,2026-01-29,2026-03-17,2026-02-28,36,No,Paper Feed Failure,Manufacturing Defect,Yes,Yes,Yes,Yes,No,Not Applicable,No,0,Not Applicable,Yes,Yes,Yes,Yes,No,No,No,1,396.49,0.0,0.895,Service Center,Manual Review,Chrome,2,Dark,0.30021,B0730
REC01353,CLM01117,CUS00039,PRD00121,Air Conditioner,Aster,AST-AIR-942,SN-63226765,2025-08-10,2025-11-04,2025-10-08,36,No,Power Failure,Internal Component Failure,Yes,Yes,Yes,Yes,Yes,Not Applicable,No,0,Not Applicable,Yes,Yes,Yes,Yes,No,No,No,1,518.29,0.0,0.921,Service Center,Valid Claim,Chrome,46,Dark,2.37759,B0125
REC01182,CLM01118,CUS00349,PRD00824,Television,PrimeView,PRI-TEL-547,SN-25678148,2024-08-16,2024-09-04,2024-08-22,24,No,Connectivity Issue,Manufacturing Defect,Yes,Yes,Yes,No,Yes,Not Applicable,No,0,Not Applicable,No,Not Applicable,Yes,Yes,No,No,No,0,1591.17,0.0,0.912,Mobile App,Manual Review,Chrome,51,Light,1.2242,B0280
REC00938,CLM01119,CUS00566,PRD00365,Washing Machine,HomePro,HOM-WAS-712,SN-57483766,2024-10-28,2025-05-03,2025-05-03,12,No,Noise,Electrical Failure,Yes,Yes,Yes,Yes,Yes,Yes,Yes,1,Yes,No,Not Applicable,Yes,Yes,No,No,No,0,1439.56,570.39,0.909,Web,Valid Claim,Edge,13,Light,-0.43474,B0135
REC00986,CLM01120,CUS00671,PRD00162,Television,Aster,AST-TEL-833,SN-15169564,2023-07-15,2023-11-15,2023-06-05,36,No,Display Failure,Internal Component Failure,,Yes,Yes,Yes,Yes,Not Applicable,No,0,Not Applicable,No,Not Applicable,Yes,Yes,No,No,No,0,1419.88,0.0,0.967,Web,Valid Claim,Safari,30,System,-2.36881,B0729
REC01168,CLM01121,CUS00312,PRD00208,Washing Machine,ZenCore,ZEN-WAS-988,SN-35800592,2025-03-02,2025-09-10,2025-09-07,12,No,Water Leakage,Internal Component Failure,Yes,Yes,Yes,Yes,Yes,Not Applicable,No,0,Not Applicable,No,Not Applicable,Yes,Yes,No,No,No,1,522.87,0.0,0.938,Web,Valid Claim,Edge,26,System,-1.02824,B0721
REC01263,CLM01122,CUS00197,PRD00033,Printer,HomePro,HOM-PRI-592,SN-26696285,2025-04-14,2025-10-06,2025-09-19,24,No,Power Failure,Internal Component Failure,Yes,Yes,Yes,Yes,,Not Applicable,No,0,Not Applicable,No,Not Applicable,Yes,Yes,No,No,No,0,392.39,0.0,0.84,Email,Valid Claim,Chrome,7,System,0.69333,B0716
REC01445,CLM01123,CUS00333,PRD00235,Laptop,Aster,AST-LAP-167,SN-68575403,2025-08-28,2025-10-07,2025-09-27,12,No,Overheating,Internal Component Failure,Yes,Yes,No,Yes,Yes,Not Applicable,No,0,Not Applicable,No,Not Applicable,Yes,Yes,No,No,No,2,1001.65,,0.793,Web,Manual Review,MobileWebView,13,Light,-0.46047,B0442
REC00200,CLM01124,CUS00618,PRD00034,Printer,HomePro,HOM-PRI-478,SN-35974899,2024-04-04,2025-05-04,2025-04-21,24,Yes,Mechanical Failure,Electrical Failure,Yes,,Yes,,No,Not Applicable,No,0,Not Applicable,No,Not Applicable,Yes,No,No,No,No,1,234.92,,0.93,Mobile App,Manual Review,Chrome,28,Light,0.83053,B0067
REC01329,CLM01125,CUS00485,PRD00523,Television,Aster,AST-TEL-841,SN-20086823,2025-09-03,2026-02-19,2026-02-05,24,No,Connectivity Issue,Manufacturing Defect,Yes,Yes,Yes,No,Yes,,No,0,Not Applicable,No,Not Applicable,Yes,Yes,No,No,No,0,173.7,0.0,0.883,Mobile App,Manual Review,Chrome,1,System,0.94529,B0864
REC00628,CLM01126,CUS00157,PRD00840,Air Conditioner,HomePro,HOM-AIR-721,SN-65414833,2025-07-01,2026-05-19,2026-05-14,24,No,Water Leakage,Internal Component Failure,Yes,Yes,Yes,Yes,Yes,,No,0,Not Applicable,No,Not Applicable,Yes,Yes,No,No,No,1,1385.52,0.0,0.932,Email,Valid Claim,Firefox,50,Dark,-1.7927,B0396
REC01303,CLM01127,CUS00588,PRD00646,Air Conditioner,Aster,AST-AIR-970,SN-60861594,2025-04-28,2025-11-17,2025-11-11,12,No,Power Failure,Internal Component Failure,Yes,Yes,Yes,Yes,Yes,Yes,Yes,2,Yes,No,Not Applicable,Yes,Yes,No,No,No,0,729.06,524.75,0.836,Web,Valid Claim,Firefox,41,System,0.95508,B0569
REC00603,CLM01128,CUS00363,PRD00125,Television,HomePro,HOM-TEL-686,SN-89807355,2025-12-13,2026-08-08,2026-08-05,36,No,Display Failure,Manufacturing Defect,Yes,Yes,Yes,Yes,Yes,Not Applicable,No,0,Not Applicable,No,Not Applicable,Yes,Yes,No,No,No,0,793.41,0.0,0.97,Web,Valid Claim,MobileWebView,45,System,-0.75013,B0923
REC00666,CLM01129,CUS00457,PRD00392,Washing Machine,ZenCore,ZEN-WAS-776,SN-96843641,2025-04-01,2026-06-26,2026-06-10,24,No,Mechanical Failure,Electrical Failure,Yes,Yes,,Yes,Yes,Not Applicable,No,0,Not Applicable,No,Not Applicable,Yes,Yes,No,No,No,0,877.96,0.0,0.794,Web,Valid Claim,MobileWebView,40,Light,0.05419,B0312
REC01277,CLM01130,CUS00118,PRD00246,Camera,PrimeView,PRI-CAM-887,SN-61181800,2026-02-18,2026-03-14,2026-03-01,24,Yes,Connectivity Issue,Internal Component Failure,Yes,Yes,,No,Yes,Not Applicable,No,0,Not Applicable,No,Not Applicable,Yes,Yes,No,No,No,1,1005.57,0.0,0.888,Web,Manual Review,MobileWebView,29,System,1.71408,B0660
REC00633,CLM01131,CUS00511,PRD00262,Laptop,Aster,AST-LAP-406,SN-55432395,2023-01-09,2024-09-17,2024-09-13,36,No,Power Failure,Manufacturing Defect,Yes,,Yes,Yes,Yes,Yes,Yes,3,Yes,No,Not Applicable,Yes,Yes,No,No,No,0,126.9,521.13,0.964,Web,Valid Claim,Safari,32,Dark,-0.05623,B0896
REC00568,CLM01132,CUS00001,PRD00498,Laptop,Aster,AST-LAP-276,SN-50342884,2024-02-11,2026-06-19,2026-06-12,36,No,Connectivity Issue,Internal Component Failure,Yes,Yes,,Yes,Yes,Not Applicable,No,0,Not Applicable,No,Not Applicable,Yes,Yes,No,No,No,1,246.78,0.0,0.769,Web,Valid Claim,Firefox,45,System,1.2046,B0581
REC00873,CLM01133,CUS00245,PRD00196,Printer,PrimeView,PRI-PRI-384,SN-21004946,2025-08-19,2026-06-28,2026-06-24,36,No,Connectivity Issue,Electrical Failure,Yes,Yes,Yes,Yes,Yes,,No,0,Not Applicable,No,Not Applicable,Yes,Yes,No,No,No,1,210.73,0.0,0.843,Web,Valid Claim,Edge,45,System,-2.38551,B0268
REC00118,CLM01134,CUS00124,PRD00313,Television,HomePro,HOM-TEL-929,SN-63883385,2024-02-07,2024-06-26,2024-05-31,12,No,Connectivity Issue,Internal Component Failure,Yes,Yes,No,Yes,Yes,Not Applicable,No,0,Not Applicable,No,Not Applicable,Yes,Yes,No,No,No,2,317.4,0.0,0.857,Mobile App,Manual Review,MobileWebView,14,Dark,-0.27105,B0460
REC00202,CLM01135,CUS00015,PRD00223,Smartphone,NovaTech,NOV-SMA-684,SN-83548752,2024-12-31,2025-01-27,2025-01-03,12,No,Overheating,Manufacturing Defect,Yes,Yes,Yes,Yes,Yes,Not Applicable,No,0,Not Applicable,No,Not Applicable,Yes,Yes,No,No,No,2,718.76,0.0,0.841,Email,Valid Claim,Chrome,35,Dark,-1.44662,B0186
REC00345,CLM01136,CUS00446,PRD00508,Washing Machine,HomePro,HOM-WAS-625,SN-77323311,2025-09-05,2025-09-18,2025-09-06,24,No,Water Leakage,Manufacturing Defect,Yes,Yes,Yes,Yes,Yes,Not Applicable,No,0,Not Applicable,No,Not Applicable,Yes,Yes,No,Yes,No,2,771.66,99999.0,0.757,Mobile App,Valid Claim,Edge,6,Light,0.91076,B0377
REC00544,CLM01137,CUS00697,PRD00831,Television,HomePro,HOM-TEL-670,SN-65608346,2023-05-04,2023-06-20,2023-06-18,24,No,Connectivity Issue,Internal Component Failure,Yes,,Yes,Yes,Yes,Not Applicable,No,0,Not Applicable,Yes,Yes,Yes,No,No,No,No,1,258.48,0.0,,Mobile App,Manual Review,Chrome,22,System,0.85017,B0730
REC00050,CLM01138,CUS00352,PRD00597,Air Conditioner,Aster,AST-AIR-361,SN-32754459,2024-12-11,2025-11-28,2025-11-01,12,No,Noise,Manufacturing Defect,Yes,Yes,Yes,Yes,Yes,Not Applicable,No,0,Not Applicable,No,Not Applicable,Yes,Yes,No,No,No,0,411.53,0.0,0.934,Web,Valid Claim,Firefox,8,System,-0.72346,B0242
REC00570,CLM01139,CUS00277,PRD00692,Smartphone,Aster,AST-SMA-758,SN-12116915,2024-05-11,2024-12-28,2024-12-19,36,No,Overheating,Internal Component Failure,Yes,Yes,Yes,Yes,Yes,Yes,Yes,3,Yes,Yes,Yes,Yes,Yes,No,No,No,1,1076.0,564.64,0.765,Service Center,Valid Claim,Chrome,51,System,-0.18584,B0792
REC01291,CLM01140,CUS00528,PRD00721,Washing Machine,HomePro,HOM-WAS-193,SN-16680502,2025-02-08,2026-04-06,2026-03-30,36,Yes,Noise,Manufacturing Defect,Yes,Yes,Yes,Yes,No,Not Applicable,No,0,Not Applicable,No,Not Applicable,Yes,Yes,No,No,No,0,181.47,0.0,0.936,Email,Manual Review,Safari,51,Light,-0.60849,B0451
REC00273,CLM01141,CUS00089,PRD00330,Printer,PrimeView,PRI-PRI-484,SN-72103813,2025-10-03,2025-10-16,2025-10-08,36,No,Power Failure,Manufacturing Defect,Yes,Yes,Yes,Yes,Yes,Yes,Yes,2,Yes,No,Not Applicable,Unknown,Yes,No,No,No,0,432.4,156.12,0.806,Mobile App,Manual Review,Firefox,52,Light,-1.29835,B0158
REC01071,CLM01142,CUS00328,PRD00595,Refrigerator,HomePro,HOM-REF-263,SN-22774406,2024-12-20,2026-09-07,2026-09-02,36,No,Water Leakage,Internal Component Failure,Yes,Yes,Yes,,Yes,Not Applicable,No,0,Not Applicable,No,Not Applicable,Yes,Yes,No,No,No,0,230.86,0.0,0.9,Service Center,Valid Claim,Chrome,49,Dark,0.40087,B0875
REC00161,CLM01143,CUS00099,PRD00411,Television,HomePro,HOM-TEL-826,SN-31290541,2023-05-08,2023-07-06,,36,No,Display Failure,Electrical Failure,Yes,Yes,Yes,Yes,Yes,Not Applicable,No,0,Not Applicable,No,Not Applicable,Yes,No,No,No,No,0,2173.34,0.0,0.83,Mobile App,Manual Review,MobileWebView,3,Light,-1.76775,B0320
REC01232,CLM01144,CUS00450,PRD00595,Laptop,ZenCore,ZEN-LAP-955,SN-74431055,2023-05-13,2025-02-07,2025-01-18,12,Yes,Connectivity Issue,Internal Component Failure,Yes,Yes,Yes,Yes,No,Not Applicable,No,0,Not Applicable,No,Not Applicable,Yes,Yes,No,No,No,0,394.1,,0.961,Email,Manual Review,Edge,10,System,-0.64626,B0796
REC01373,CLM01145,CUS00468,PRD00937,Camera,PrimeView,PRI-CAM-995,SN-79673577,2024-04-17,2024-12-12,2024-12-03,24,Yes,Power Failure,Manufacturing Defect,Yes,Yes,Yes,Yes,Yes,Yes,Yes,2,Yes,No,Not Applicable,Yes,Yes,No,No,Yes,0,1422.54,593.57,0.88,Email,Manual Review,MobileWebView,37,System,-0.11952,B0844
REC00456,CLM01146,CUS00539,PRD00406,Refrigerator,HomePro,HOM-REF-257,SN-41454222,2025-05-02,2025-11-29,2025-11-02,12,No,Power Failure,Manufacturing Defect,No,Yes,Yes,Yes,Yes,Not Applicable,No,0,Not Applicable,No,Not Applicable,Yes,Yes,No,No,No,0,524.3,0.0,0.93,Web,Manual Review,Edge,33,Light,2.99914,B0810
REC00887,CLM01147,CUS00306,PRD00667,Television,Aster,AST-TEL-878,SN-95059524,2024-06-05,2025-08-28,2025-08-07,12,Yes,Display Failure,Electrical Failure,No,No,Yes,,Yes,Not Applicable,No,0,Not Applicable,No,Not Applicable,Yes,Yes,No,No,No,3,975.7,0.0,0.73,Service Center,Manual Review,MobileWebView,14,System,1.33886,B0413
REC00366,CLM01148,CUS00238,PRD00280,Refrigerator,ZenCore,ZEN-REF-910,SN-57232731,2025-05-22,2025-12-09,2025-11-27,24,No,Noise,Manufacturing Defect,Yes,Yes,Yes,No,Yes,Not Applicable,No,0,Not Applicable,No,Not Applicable,Yes,Yes,No,No,No,1,863.66,0.0,0.986,Web,Manual Review,MobileWebView,10,Light,0.594,B0686
REC00310,CLM01149,CUS00611,PRD00486,Refrigerator,HomePro,HOM-REF-690,SN-16464435,2024-12-03,2025-11-10,2025-11-05,36,No,Cooling Failure,Electrical Failure,Yes,No,Yes,Yes,,Not Applicable,No,0,Not Applicable,No,Not Applicable,Yes,Yes,No,No,No,0,1623.34,0.0,0.678,Mobile App,Manual Review,Safari,18,Light,-1.21078,B0594
REC00876,CLM01150,CUS00313,PRD00712,Printer,PrimeView,PRI-PRI-437,SN-38719076,2025-05-14,2026-02-01,2026-01-07,24,No,Paper Feed Failure,Electrical Failure,Yes,Yes,Yes,Yes,No,Not Applicable,No,0,Not Applicable,No,Not Applicable,Yes,No,No,No,No,0,227.8,0.0,0.965,Mobile App,Manual Review,Chrome,54,System,-0.2868,B0901
REC00160,CLM01151,CUS00665,PRD00466,Air Conditioner,ZenCore,ZEN-AIR-620,SN-63336924,2023-06-19,2025-04-05,2025-03-30,24,No,Noise,Internal Component Failure,Yes,Yes,Yes,Yes,Yes,Not Applicable,No,0,Not Applicable,No,Not Applicable,Yes,Yes,No,No,Yes,1,578.3,0.0,0.747,Email,Manual Review,Chrome,2,System,-0.61413,B0656
REC00129,CLM01152,CUS00680,PRD00362,Camera,Aster,AST-CAM-577,SN-54725445,2024-04-16,2026-01-01,2025-12-19,36,No,Display Failure,Electrical Failure,Yes,Yes,Yes,Yes,,Not Applicable,No,0,Not Applicable,No,Not Applicable,Yes,Yes,No,Yes,No,0,2982.77,0.0,0.736,Web,Valid Claim,MobileWebView,8,Light,0.225,B0891
REC00891,CLM01153,CUS00040,PRD00742,Washing Machine,ZenCore,ZEN-WAS-111,SN-40719031,2026-01-15,2026-03-10,2026-03-04,12,No,Noise,Internal Component Failure,Yes,Yes,,No,Yes,,No,0,Not Applicable,No,Not Applicable,Yes,Yes,No,No,No,0,,0.0,0.995,Mobile App,Manual Review,Chrome,38,Dark,0.03741,B0973
REC-DUP-0004,CLM01154,CUS00692,PRD00142,Laptop,NovaTech,NOV-LAP-439,SN-27648287,2023-03-14,2025-06-22,2025-06-11,24,Yes,Battery Problem,Manufacturing Defect,Yes,Yes,Yes,Yes,Yes,Not Applicable,No,0,Not Applicable,No,Not Applicable,Yes,No,No,No,No,2,794.11,0.0,0.805,Web,Manual Review,Firefox,6,Dark,1.79743,B0307
REC00323,CLM01155,CUS00422,PRD00354,Smartphone,Aster,AST-SMA-114,SN-37929016,2023-04-07,2023-08-24,2023-08-12,24,Yes,Battery Problem,Electrical Failure,Yes,Yes,Yes,Yes,Yes,Not Applicable,No,0,Not Applicable,Yes,Yes,Yes,Yes,No,No,No,1,141.17,0.0,0.863,Mobile App,Valid Claim,Firefox,0,Dark,0.32799,B0965
REC01113,CLM01156,CUS00123,PRD00524,Laptop,NovaTech,NOV-LAP-793,SN-89614414,2025-09-27,2025-10-09,2025-09-27,12,No,Connectivity Issue,Manufacturing Defect,Yes,Yes,Yes,Yes,Yes,Yes,Yes,2,Yes,No,Not Applicable,Yes,Yes,No,No,No,3,1274.82,491.36,0.968,Mobile App,Valid Claim,MobileWebView,40,Light,-1.15141,B0824
REC01472,CLM01157,CUS00503,PRD00511,Laptop,ZenCore,ZEN-LAP-790,SN-69593365,2025-09-22,2025-11-07,2025-08-05,24,No,Connectivity Issue,Internal Component Failure,No,No,Yes,Yes,Yes,Yes,Yes,2,Yes,No,Not Applicable,Unknown,Yes,No,No,No,0,374.41,648.65,0.865,Service Center,Manual Review,Edge,13,System,1.17831,B0507
REC01216,CLM01158,CUS00013,PRD00235,Refrigerator,HomePro,HOM-REF-666,SN-61264406,2024-01-12,2025-06-13,2025-06-10,24,No,Water Leakage,Internal Component Failure,Yes,Yes,Yes,Yes,No,Not Applicable,No,0,Not Applicable,No,Not Applicable,Yes,Yes,No,No,No,1,1828.46,0.0,0.934,Web,Manual Review,MobileWebView,17,Dark,-0.14043,B0256
REC01197,CLM01159,CUS00257,PRD00739,Washing Machine,HomePro,HOM-WAS-299,SN-93519355,2025-07-13,2025-11-12,2025-10-14,24,No,Water Leakage,Manufacturing Defect,Yes,No,Yes,No,Yes,,No,0,Not Applicable,No,Not Applicable,Yes,Yes,No,No,No,1,421.02,0.0,0.871,Service Center,Manual Review,MobileWebView,38,Dark,0.7803,B0248
REC01240,CLM01160,CUS00331,PRD00982,Smartphone,PrimeView,PRI-SMA-904,SN-66129552,2024-10-09,2026-01-26,2026-01-17,36,Yes,Display Failure,Electrical Failure,No,Yes,Yes,Yes,No,Not Applicable,No,0,Not Applicable,No,Not Applicable,Yes,Yes,No,No,No,2,70.73,0.0,0.853,Web,Manual Review,Chrome,6,System,-2.26391,B0123
REC00249,CLM01161,CUS00446,PRD00791,Printer,PrimeView,PRI-PRI-231,SN-98260596,2025-08-09,2026-03-11,2026-02-20,24,No,Connectivity Issue,Electrical Failure,,Yes,Yes,No,No,Not Applicable,No,0,Not Applicable,No,Not Applicable,Yes,Yes,No,No,No,1,753.89,0.0,0.914,Mobile App,Manual Review,MobileWebView,37,Dark,-0.74221,B0018
REC01019,CLM01162,CUS00364,PRD00140,Printer,NovaTech,NOV-PRI-834,SN-89590170,2025-10-04,2026-05-14,2026-04-24,24,No,Power Failure,Internal Component Failure,Yes,Yes,Yes,Yes,Yes,Not Applicable,No,0,Not Applicable,No,Not Applicable,Yes,Yes,No,No,No,1,247.01,0.0,0.975,Web,Valid Claim,Firefox,52,Light,0.98379,B0547
REC00996,CLM01163,CUS00611,PRD00762,Television,Aster,AST-TEL-619,SN-40062259,2025-06-06,2025-07-04,2025-06-16,36,No,Connectivity Issue,Internal Component Failure,No,Yes,No,Yes,Yes,Yes,Yes,1,Yes,No,Not Applicable,Yes,Yes,No,No,No,0,521.53,370.36,0.942,Email,Manual Review,Safari,28,Light,-0.81023,B0092
REC01430,CLM01164,CUS00332,PRD00948,Washing Machine,HomePro,HOM-WAS-216,SN-69359890,2024-04-15,2026-03-07,2026-03-03,24,No,Power Failure,Electrical Failure,Yes,Yes,Yes,Yes,Yes,Not Applicable,No,0,Not Applicable,Yes,No,Yes,Yes,No,No,No,0,591.8,0.0,0.924,Mobile App,Valid Claim,Edge,41,Light,-1.42841,B0917
REC00707,CLM01165,CUS00629,PRD00294,Washing Machine,ZenCore,ZEN-WAS-256,SN-70819875,2024-05-15,2025-12-22,2025-12-13,36,No,Power Failure,Internal Component Failure,Yes,Yes,Yes,Yes,Yes,Not Applicable,No,0,Not Applicable,No,Not Applicable,Yes,Yes,No,No,No,0,1093.47,0.0,0.947,Mobile App,Valid Claim,Chrome,26,Light,-2.25899,B0984
REC00956,CLM01166,CUS00679,PRD00173,Television,PrimeView,PRI-TEL-128,SN-80889490,2025-10-21,2026-01-29,2026-01-27,24,Yes,Connectivity Issue,Manufacturing Defect,,No,Yes,Yes,Yes,Not Applicable,No,0,Not Applicable,No,Not Applicable,Yes,Yes,No,No,No,0,1249.46,0.0,0.942,Service Center,Valid Claim,MobileWebView,0,Light,1.12563,B0556
REC00700,CLM01167,CUS00286,PRD00531,Washing Machine,HomePro,HOM-WAS-283,SN-33948643,2025-04-19,2025-07-18,2025-07-06,24,Yes,Power Failure,Electrical Failure,Yes,No,Yes,Yes,Yes,Yes,Yes,1,Yes,No,Not Applicable,Yes,Yes,No,No,No,0,191.65,353.52,0.728,Web,Valid Claim,Chrome,10,System,1.84376,B0504
REC00252,CLM01168,CUS00596,PRD00898,Refrigerator,HomePro,HOM-REF-925,SN-36839928,2025-03-21,2026-01-06,2025-12-07,12,No,Power Failure,Manufacturing Defect,No,Yes,Yes,Yes,Yes,,No,0,Not Applicable,Yes,Yes,Yes,Yes,No,No,No,3,2032.87,0.0,0.792,Email,Manual Review,Chrome,18,Light,0.67368,B0409
REC00735,CLM01169,CUS00640,PRD00918,Washing Machine,PrimeView,PRI-WAS-989,SN-35767131,2023-04-05,2025-04-03,2025-03-29,24,No,Mechanical Failure,Manufacturing Defect,Yes,Yes,Yes,Yes,Yes,Not Applicable,No,0,Not Applicable,No,Not Applicable,Unknown,Yes,No,No,No,0,584.55,0.0,0.903,Service Center,Manual Review,Edge,43,Dark,0.93797,B0205
REC01007,CLM01170,CUS00557,PRD00416,Smartphone,NovaTech,NOV-SMA-980,SN-81299440,2024-02-25,2024-07-11,2024-07-02,12,No,Overheating,Internal Component Failure,Yes,Yes,Yes,Yes,Yes,No,Yes,2,Unknown,No,Not Applicable,Yes,Yes,No,No,No,0,1394.78,72.96,0.842,Mobile App,Manual Review,Safari,7,System,-0.57647,B0843
REC00105,CLM01171,CUS00083,PRD00743,Refrigerator,ZenCore,ZEN-REF-842,SN-17414006,2025-03-08,2025-03-27,2025-03-20,12,No,Power Failure,Internal Component Failure,Yes,Yes,Yes,Yes,Yes,Not Applicable,No,0,Not Applicable,No,Not Applicable,Yes,Yes,No,No,No,0,209.11,0.0,0.784,Service Center,Valid Claim,MobileWebView,38,Light,1.8968,B0178
REC01094,CLM01172,CUS00339,PRD00832,Television,HomePro,HOM-TEL-912,SN-77099269,2023-07-17,2024-03-18,2024-02-29,24,No,Power Failure,Manufacturing Defect,Yes,Yes,Yes,Yes,Yes,Not Applicable,No,0,Not Applicable,No,Not Applicable,Yes,Yes,No,No,No,2,1466.72,0.0,0.963,Web,Valid Claim,Safari,12,System,0.75859,B0543
REC00815,CLM01173,CUS00368,PRD00851,Laptop,Aster,AST-LAP-193,SN-63907078,2025-05-01,2025-12-31,2025-12-23,12,No,Power Failure,Internal Component Failure,Yes,Yes,Yes,Yes,Yes,,Yes,1,Yes,No,Not Applicable,Yes,Yes,No,Yes,No,1,861.99,429.56,0.878,Web,Valid Claim,Firefox,50,System,-0.06334,B0290
REC00584,CLM01174,CUS00615,PRD00818,Washing Machine,ZenCore,ZEN-WAS-883,SN-88434984,2025-03-21,2026-06-27,2026-06-13,36,No,Mechanical Failure,Electrical Failure,Yes,Yes,Yes,Yes,Yes,,No,0,Not Applicable,No,Not Applicable,Yes,Yes,No,No,No,0,298.25,0.0,0.836,Mobile App,Valid Claim,Firefox,48,Dark,-0.48914,B0410
REC01435,CLM01175,CUS00473,PRD00306,Camera,PrimeView,PRI-CAM-810,SN-36999156,2023-07-02,2024-04-20,2024-04-08,36,No,Connectivity Issue,Internal Component Failure,Yes,Yes,Yes,Yes,,,No,0,Not Applicable,No,Not Applicable,Yes,Yes,No,No,No,0,,0.0,0.922,Mobile App,Valid Claim,Chrome,23,System,-0.39978,B0560
REC00035,CLM01176,CUS00384,PRD00166,Printer,HomePro,HOM-PRI-890,SN-36137143,2025-04-06,2025-11-27,2025-11-21,24,No,Power Failure,Internal Component Failure,Yes,,Yes,Yes,Yes,No,Yes,1,Yes,No,Not Applicable,Yes,Yes,No,No,No,3,108.73,547.1,0.81,Service Center,Valid Claim,Firefox,23,System,-0.7263,B0736
REC00505,CLM01177,CUS00694,PRD00781,Refrigerator,Aster,AST-REF-280,SN-96998871,2024-09-06,2024-10-07,2024-09-27,36,No,Water Leakage,Internal Component Failure,Yes,Yes,Yes,Yes,Yes,Not Applicable,No,0,Not Applicable,No,Not Applicable,Yes,Yes,No,No,No,1,328.28,0.0,0.759,Service Center,Valid Claim,MobileWebView,9,Light,-0.25051,B0041
REC00243,CLM01178,CUS00625,PRD00579,Television,Aster,AST-TEL-982,SN-75951194,2025-03-01,2025-09-04,2025-08-18,24,No,Connectivity Issue,Manufacturing Defect,Yes,Yes,No,Yes,No,Not Applicable,No,0,Not Applicable,No,Not Applicable,Yes,Yes,No,No,No,2,262.72,0.0,0.637,Web,Manual Review,MobileWebView,35,System,0.46944,B0814
REC00738,CLM01179,CUS00178,PRD00725,Television,PrimeView,PRI-TEL-470,,2025-10-26,2026-01-07,2025-12-25,24,No,Audio Failure,Internal Component Failure,No,No,Yes,Yes,Yes,Not Applicable,No,0,Not Applicable,No,Not Applicable,Yes,No,No,No,No,1,349.06,0.0,0.947,Web,Manual Review,Safari,0,Light,-0.91662,B0133
REC00032,CLM01180,CUS00442,PRD00150,Camera,PrimeView,PRI-CAM-669,SN-75725878,2025-03-01,2025-08-20,2025-07-22,24,No,Lens Failure,Manufacturing Defect,Yes,,Yes,Yes,Yes,Yes,Yes,1,Yes,No,Not Applicable,Yes,Yes,No,No,No,1,273.97,561.81,0.806,Mobile App,Valid Claim,Chrome,21,System,1.20684,B0004
REC01121,CLM01181,CUS00672,PRD00696,Television,PrimeView,PRI-TEL-373,SN-51429808,2025-04-03,2025-06-08,2025-06-04,36,No,Audio Failure,Manufacturing Defect,Yes,Yes,Yes,Yes,Yes,Not Applicable,No,0,Not Applicable,No,Not Applicable,Yes,Yes,No,No,Yes,2,1034.78,0.0,0.905,Mobile App,Manual Review,Safari,0,Light,0.60683,B0925
REC00288,CLM01182,CUS00457,PRD00897,Refrigerator,Aster,AST-REF-219,SN-79514423,2023-05-15,2024-04-30,2024-04-18,36,Yes,Water Leakage,Manufacturing Defect,No,Yes,Yes,Yes,Yes,Not Applicable,No,0,Not Applicable,Yes,Yes,Yes,Yes,No,No,No,0,1228.6,0.0,0.666,Email,Manual Review,MobileWebView,50,Light,1.20148,B0089
REC01356,CLM01183,CUS00120,PRD00454,Refrigerator,Aster,AST-REF-871,SN-50612234,2023-01-19,2024-10-07,2024-09-15,24,Yes,Cooling Failure,Internal Component Failure,Yes,Yes,Yes,Yes,Yes,Not Applicable,No,0,Not Applicable,No,Not Applicable,Yes,Yes,No,No,No,1,246.39,0.0,0.97,Service Center,Valid Claim,Edge,46,Light,-1.75863,B0629
REC01017,CLM01184,CUS00122,PRD00693,Washing Machine,ZenCore,ZEN-WAS-162,SN-53724033,2024-08-15,2025-04-17,2025-04-06,12,No,Noise,Electrical Failure,Yes,Yes,No,Yes,Yes,Not Applicable,No,0,Not Applicable,No,Not Applicable,Yes,Yes,No,No,No,0,472.81,0.0,0.792,Mobile App,Manual Review,MobileWebView,19,System,-1.24361,B0618
REC01285,CLM01185,CUS00540,PRD00092,Laptop,Aster,AST-LAP-391,SN-57200500,2025-02-13,2026-07-06,2026-06-30,24,No,Battery Problem,Electrical Failure,Yes,Yes,Yes,Yes,No,Not Applicable,No,0,Not Applicable,No,Not Applicable,Yes,Yes,No,No,No,1,729.78,0.0,0.909,Mobile App,Manual Review,Safari,12,Dark,0.08457,B0092
REC00270,CLM01186,CUS00346,PRD00149,Air Conditioner,Aster,AST-AIR-573,SN-17131730,2025-05-28,2025-06-13,2025-05-28,24,No,Power Failure,Internal Component Failure,No,Yes,Yes,Yes,No,Not Applicable,No,0,Not Applicable,Yes,Yes,Yes,Yes,No,No,No,0,1579.39,0.0,0.917,Web,Manual Review,Safari,7,Dark,-1.96082,B0087
REC-DUP-0008,CLM01187,CUS00594,PRD00795,Printer,HomePro,HOM-PRI-189,SN-40467278,2026-02-17,2026-05-11,2026-05-02,36,No,Connectivity Issue,Internal Component Failure,No,Yes,Yes,Yes,Yes,Not Applicable,No,0,Not Applicable,No,Not Applicable,Yes,No,No,No,No,1,83.92,0.0,0.914,Mobile App,Manual Review,MobileWebView,54,System,-0.02849,B0301
REC01184,CLM01188,CUS00201,PRD00096,Camera,PrimeView,PRI-CAM-353,SN-39749449,2025-09-12,2026-07-22,2026-06-25,24,No,Battery Problem,Manufacturing Defect,Yes,Yes,Yes,Yes,Yes,,No,0,Not Applicable,No,Not Applicable,Yes,Yes,No,No,No,1,386.32,0.0,0.814,Web,Valid Claim,Edge,16,System,1.85435,B0054
REC01404,CLM01189,CUS00563,PRD00944,Printer,PrimeView,PRI-PRI-260,SN-10273188,2023-12-09,2025-03-20,2025-03-11,24,No,Connectivity Issue,Manufacturing Defect,Yes,No,Yes,Yes,Yes,Not Applicable,No,0,Not Applicable,No,Not Applicable,Yes,Yes,No,No,No,2,535.32,0.0,0.894,Service Center,Valid Claim,Edge,18,System,0.35208,B0861
REC00523,CLM01190,CUS00291,PRD00671,Smartphone,Aster,AST-SMA-792,SN-50603631,2024-10-11,2025-04-09,2025-04-02,24,No,Connectivity Issue,Electrical Failure,Yes,Yes,Yes,Yes,Yes,Not Applicable,No,0,Not Applicable,No,Not Applicable,Yes,Yes,No,No,No,0,349.32,0.0,0.574,Service Center,Manual Review,MobileWebView,28,Light,0.27493,B0894
REC01447,CLM01191,CUS00454,PRD00999,Laptop,ZenCore,ZEN-LAP-940,SN-38857768,2024-02-06,2026-02-01,2026-01-14,24,No,Connectivity Issue,Internal Component Failure,Yes,Yes,Yes,Yes,No,Not Applicable,No,0,Not Applicable,No,Not Applicable,Yes,Yes,No,No,No,0,658.81,0.0,0.811,Service Center,Manual Review,Firefox,23,Dark,-0.15624,B0571
REC00668,CLM01192,CUS00294,PRD00321,Television,PrimeView,PRI-TEL-456,SN-31318429,2025-01-20,2025-10-15,2025-09-24,24,Yes,Power Failure,Internal Component Failure,Yes,Yes,Yes,Yes,Yes,,No,0,Not Applicable,No,Not Applicable,Yes,Yes,No,No,No,0,570.88,0.0,0.956,Email,Valid Claim,Chrome,20,System,0.08127,B0919
REC00095,CLM01193,CUS00027,PRD00223,Camera,PrimeView,PRI-CAM-495,SN-59632999,2024-03-25,2024-11-20,,36,No,Lens Failure,Electrical Failure,Yes,No,Yes,Yes,Yes,Yes,Yes,2,Yes,No,Not Applicable,Yes,Yes,No,No,No,1,1999.45,,0.736,Service Center,Valid Claim,Chrome,37,Light,-0.33796,B0627
REC01497,CLM01194,CUS00281,PRD00955,Refrigerator,ZenCore,ZEN-REF-283,SN-30370770,2026-01-15,2026-03-08,2026-02-19,24,No,Noise,Electrical Failure,Yes,Yes,No,Yes,,Yes,Yes,2,Yes,No,Not Applicable,Unknown,Yes,No,No,No,2,1186.75,138.15,0.984,Web,Manual Review,Firefox,14,Light,-0.71385,B0120
REC00622,CLM01195,CUS00571,PRD00633,Smartphone,Aster,AST-SMA-338,SN-39712498,2025-09-02,2026-03-09,2026-02-23,12,No,Connectivity Issue,Internal Component Failure,Yes,,Yes,Yes,No,Not Applicable,No,0,Not Applicable,No,Not Applicable,Yes,Yes,No,No,No,2,1441.2,0.0,0.865,Service Center,Manual Review,MobileWebView,17,Dark,-0.35985,B0961
REC01241,CLM01196,CUS00267,PRD00844,Air Conditioner,HomePro,HOM-AIR-278,SN-46260248,2026-01-16,2026-02-08,2026-02-05,12,No,Power Failure,Internal Component Failure,Yes,Yes,Yes,No,Yes,Not Applicable,No,0,Not Applicable,No,Not Applicable,Yes,Yes,No,No,No,1,2289.64,0.0,0.873,Email,Manual Review,Chrome,3,Dark,0.46758,B0247
REC00020,CLM01197,CUS00550,PRD00414,Printer,HomePro,HOM-PRI-547,SN-87294418,2024-08-16,2025-02-25,2025-02-18,36,No,Mechanical Failure,Manufacturing Defect,Yes,Yes,No,Yes,Yes,Not Applicable,No,0,Not Applicable,Yes,No,Yes,Yes,No,No,No,0,200.78,0.0,0.87,Service Center,Manual Review,MobileWebView,44,Light,0.09652,B0068
REC-DUP-0022,CLM01198,CUS00468,PRD00748,Refrigerator,HomePro,HOM-REF-648,SN-92169283,2024-12-19,2025-01-02,2024-12-21,24,No,Noise,Internal Component Failure,Yes,Yes,Yes,Yes,Yes,Not Applicable,No,0,Not Applicable,No,Not Applicable,Unknown,Yes,No,No,No,0,1193.1,0.0,,Email,Manual Review,Firefox,25,System,0.35823,B0655
REC00632,CLM01199,CUS00249,PRD00886,Air Conditioner,Aster,AST-AIR-159,SN-52782180,2025-02-22,2026-09-08,2026-08-30,24,No,Power Failure,Electrical Failure,Yes,Yes,Yes,Yes,Yes,Not Applicable,No,0,Not Applicable,No,Not Applicable,Yes,Yes,No,No,No,3,222.49,0.0,0.927,Web,Valid Claim,MobileWebView,38,System,-0.31213,B0529
REC00282,CLM01200,CUS00476,PRD00249,Washing Machine,HomePro,HOM-WAS-953,SN-27200067,2025-11-23,2026-09-01,2026-08-13,36,No,Power Failure,Internal Component Failure,Yes,Yes,Yes,Yes,Yes,Yes,Yes,2,Yes,No,Not Applicable,Yes,Yes,No,No,No,2,263.18,439.66,0.992,Mobile App,Valid Claim,MobileWebView,29,System,-0.79384,B0647
REC00936,CLM01201,CUS00570,PRD00990,Refrigerator,ZenCore,ZEN-REF-410,SN-57208897,2025-04-28,2025-09-07,2025-08-14,24,No,Water Leakage,Electrical Failure,Yes,Yes,Yes,Yes,Yes,Not Applicable,No,0,Not Applicable,No,Not Applicable,Yes,Yes,No,No,No,0,1265.32,0.0,0.933,Mobile App,Valid Claim,Chrome,38,Dark,0.32571,B0659
REC01398,CLM01202,CUS00651,PRD00980,Air Conditioner,Aster,AST-AIR-108,SN-50387220,2025-05-25,2025-12-29,2025-12-20,24,No,Power Failure,Manufacturing Defect,Yes,Yes,Yes,Yes,Yes,Not Applicable,No,0,Not Applicable,No,Not Applicable,Yes,Yes,No,No,No,3,123.71,0.0,0.937,Web,Valid Claim,Safari,34,Dark,0.34583,B0572
REC-DUP-0018,CLM01203,CUS00412,PRD00479,Printer,NovaTech,NOV-PRI-193,SN-83879439,2025-10-29,2025-11-16,2025-10-29,24,No,Mechanical Failure,Manufacturing Defect,Yes,Yes,Yes,Yes,Yes,No,Yes,2,Yes,No,Not Applicable,Yes,Yes,No,No,No,1,276.28,118.35,0.957,Web,Valid Claim,Safari,20,System,-0.86255,B0413
REC00248,CLM01204,CUS00094,PRD00939,Printer,NovaTech,NOV-PRI-941,SN-30708769,2024-11-30,2026-03-11,2026-02-20,36,No,Paper Feed Failure,Electrical Failure,Yes,Yes,Yes,Yes,No,No,Yes,99,Yes,No,Not Applicable,Yes,Yes,No,No,No,2,206.24,410.83,0.74,Web,Manual Review,Chrome,36,System,0.1264,B0372
REC01421,CLM01205,CUS00345,PRD00487,Camera,NovaTech,NOV-CAM-574,SN-78564013,2023-03-13,2023-05-16,2023-04-29,24,Yes,Connectivity Issue,Internal Component Failure,Yes,Yes,Yes,Yes,Yes,Not Applicable,No,0,Not Applicable,No,Not Applicable,Yes,Yes,No,No,No,0,3190.05,0.0,0.878,Mobile App,Valid Claim,MobileWebView,35,System,-0.28987,B0836
REC00845,CLM01206,CUS00487,PRD00894,Television,PrimeView,PRI-TEL-526,SN-90517208,2024-06-09,2025-05-15,2025-05-07,24,No,Audio Failure,Electrical Failure,Yes,,Yes,Yes,Yes,Yes,Yes,3,Yes,No,Not Applicable,Yes,Yes,No,No,No,2,316.35,278.14,0.832,Mobile App,Valid Claim,Chrome,26,Dark,1.62655,B0695
REC00576,CLM01207,CUS00682,PRD00983,Refrigerator,Aster,AST-REF-591,SN-80481340,2023-08-26,2024-03-19,2024-03-05,24,No,Mechanical Failure,Electrical Failure,Yes,Yes,Yes,Yes,,Yes,Yes,3,Yes,No,Not Applicable,Yes,Yes,No,No,No,0,509.31,,0.731,Service Center,Valid Claim,MobileWebView,6,Dark,0.75415,B0821
REC01231,CLM01208,CUS00321,PRD00810,Smartphone,Aster,,SN-40424445,2024-03-19,2026-05-01,2026-04-12,24,Yes,Connectivity Issue,Electrical Failure,Yes,Yes,Yes,Yes,Yes,Not Applicable,No,0,Not Applicable,No,Not Applicable,Yes,Yes,No,No,No,2,503.33,0.0,0.766,Service Center,Valid Claim,Edge,54,System,-0.43185,B0708
REC01318,CLM01209,CUS00368,PRD00908,Camera,Aster,AST-CAM-371,SN-88222352,2025-09-09,2026-08-27,2026-07-29,24,No,Battery Problem,Internal Component Failure,Yes,Yes,Yes,Yes,Yes,Not Applicable,No,0,Not Applicable,No,Not Applicable,Yes,Yes,No,No,No,1,1880.76,0.0,0.765,Web,Valid Claim,Edge,26,Dark,0.96153,B0462
REC00618,CLM01210,CUS00296,PRD00828,Camera,NovaTech,,SN-65993717,2025-12-07,2026-02-14,2026-01-24,12,No,Display Failure,Electrical Failure,Yes,Yes,Yes,Yes,Yes,Not Applicable,No,0,Not Applicable,No,Not Applicable,Yes,No,No,No,No,0,313.72,0.0,0.901,Web,Manual Review,Chrome,58,Light,0.71684,B0139
REC00071,CLM01211,CUS00032,PRD00032,Camera,PrimeView,PRI-CAM-406,SN-16853584,2023-08-10,2024-02-26,2024-01-31,24,No,Power Failure,Electrical Failure,No,Yes,Yes,Yes,Yes,Not Applicable,No,0,Not Applicable,No,Not Applicable,Yes,Yes,No,No,No,0,1055.97,0.0,0.749,Mobile App,Manual Review,Chrome,4,Dark,-0.61836,B0089
REC00251,CLM01212,CUS00016,PRD00532,Washing Machine,PrimeView,PRI-WAS-272,SN-47282117,2026-02-06,2026-03-14,2026-03-09,24,No,Power Failure,Electrical Failure,Yes,Yes,Yes,Yes,Yes,Not Applicable,No,0,Not Applicable,No,Not Applicable,Yes,Yes,No,No,No,0,264.71,0.0,0.984,Web,Valid Claim,Safari,18,System,2.29579,B0595
REC00500,CLM01213,CUS00118,PRD00839,Laptop,ZenCore,ZEN-LAP-667,SN-64157683,2025-10-07,,2026-08-16,12,No,Connectivity Issue,Electrical Failure,Yes,No,Yes,Yes,Yes,Not Applicable,No,0,Not Applicable,No,Not Applicable,Yes,Yes,No,No,No,1,558.89,0.0,0.972,Web,Valid Claim,Edge,34,Dark,0.07638,B0760
REC01237,CLM01214,CUS00198,PRD00620,Air Conditioner,HomePro,HOM-AIR-655,SN-21156750,2025-11-05,2026-02-06,2026-01-31,12,No,Water Leakage,Internal Component Failure,Yes,Yes,Yes,,Yes,Not Applicable,No,0,Not Applicable,No,Not Applicable,Yes,Yes,No,No,No,1,729.83,,0.957,Service Center,Valid Claim,Safari,49,Dark,0.27314,B0791
REC00481,CLM01215,CUS00201,PRD00521,Laptop,NovaTech,NOV-LAP-977,SN-75626736,2025-08-15,2026-05-28,2026-05-19,36,No,Battery Problem,Internal Component Failure,Yes,Yes,Yes,Yes,Yes,Not Applicable,No,0,Not Applicable,No,Not Applicable,Yes,Yes,No,No,No,0,338.2,0.0,0.843,Service Center,Valid Claim,MobileWebView,39,System,1.60969,B0584
REC00881,CLM01216,CUS00515,PRD00662,Refrigerator,HomePro,HOM-REF-618,SN-22476895,2023-07-25,2024-04-05,2024-03-10,24,No,Mechanical Failure,Internal Component Failure,Yes,Yes,Yes,Yes,Yes,Not Applicable,No,0,Not Applicable,No,Not Applicable,Yes,Yes,No,No,No,1,1475.1,0.0,0.621,Mobile App,Manual Review,Safari,20,Light,-0.0512,B0541
REC01102,CLM01217,CUS00574,PRD00920,Laptop,Aster,AST-LAP-978,SN-62404382,2024-01-13,2024-03-31,2024-03-20,36,No,Display Failure,Electrical Failure,Yes,Yes,Yes,Yes,Yes,Not Applicable,No,0,Not Applicable,No,Not Applicable,Yes,Yes,No,No,No,0,1219.45,0.0,0.818,Mobile App,Valid Claim,Edge,7,System,0.6552,B0299
REC00483,CLM01218,CUS00349,PRD00157,Laptop,ZenCore,ZEN-LAP-117,SN-14019644,2025-10-07,2025-12-06,2025-11-26,12,No,Connectivity Issue,Internal Component Failure,Yes,Yes,Yes,Yes,Yes,,No,0,Not Applicable,No,Not Applicable,Yes,Yes,No,No,No,1,603.64,0.0,0.854,Web,Valid Claim,Safari,32,Dark,0.44363,B0738
REC00548,CLM01219,CUS00690,PRD00533,Laptop,ZenCore,ZEN-LAP-728,SN-93861169,2025-03-11,2025-06-14,2025-06-09,24,Yes,Connectivity Issue,Internal Component Failure,,Yes,Yes,Yes,Yes,Not Applicable,No,0,Not Applicable,No,Not Applicable,Yes,Yes,No,No,No,0,164.12,0.0,0.976,Service Center,Manual Review,Chrome,54,Light,-0.60524,B0965
REC00531,CLM01220,CUS00439,PRD00347,Washing Machine,PrimeView,PRI-WAS-744,SN-98441656,2023-10-26,2025-05-13,,24,No,Noise,Internal Component Failure,Yes,Yes,Yes,Yes,Yes,Yes,Yes,1,Yes,No,Not Applicable,Yes,Yes,No,No,No,0,851.71,317.05,,Web,Valid Claim,Edge,39,System,-0.20033,B0987
REC00607,CLM01221,CUS00575,PRD00451,Printer,NovaTech,NOV-PRI-817,SN-52626450,2025-02-22,2025-06-16,2025-06-04,24,No,Paper Feed Failure,Internal Component Failure,Yes,Yes,Yes,Yes,Yes,Not Applicable,No,0,Not Applicable,No,Not Applicable,Yes,Yes,No,No,No,0,1033.15,0.0,0.735,Web,Valid Claim,Firefox,5,Dark,-1.21048,B0112
REC00828,CLM01222,CUS00465,PRD00417,Television,PrimeView,PRI-TEL-242,SN-84232073,2025-08-31,2026-07-17,2026-07-12,24,No,Connectivity Issue,Internal Component Failure,Yes,Yes,Yes,Yes,Yes,Not Applicable,No,0,Not Applicable,No,Not Applicable,Unknown,Yes,No,No,No,0,407.95,0.0,0.743,Mobile App,Manual Review,Safari,17,Light,-0.03974,B0999
REC01210,CLM01223,CUS00219,PRD00291,Laptop,ZenCore,ZEN-LAP-773,SN-19648566,2025-07-19,2026-06-16,2026-05-25,36,Yes,Connectivity Issue,Electrical Failure,Yes,,Yes,No,Yes,Not Applicable,No,0,Not Applicable,No,Not Applicable,Yes,Yes,No,No,No,0,122.37,0.0,0.969,Mobile App,Manual Review,Chrome,37,System,1.5446,B0871
REC00205,CLM01224,CUS00321,PRD00259,Washing Machine,ZenCore,ZEN-WAS-805,SN-43254856,2024-11-18,2025-08-14,2025-08-02,24,No,Power Failure,Internal Component Failure,Yes,Yes,Yes,Yes,Yes,Not Applicable,No,0,Not Applicable,No,Not Applicable,Yes,Yes,No,No,No,0,65.0,0.0,0.928,Email,Valid Claim,Chrome,26,System,-0.41029,B0314
REC00223,CLM01225,CUS00303,PRD00019,Laptop,NovaTech,NOV-LAP-582,SN-29237307,2023-07-26,2024-01-29,2024-01-01,36,No,Display Failure,Manufacturing Defect,Yes,Yes,Yes,Yes,Yes,Not Applicable,No,0,Not Applicable,No,Not Applicable,Yes,Yes,No,No,No,1,1015.74,0.0,0.932,Web,Valid Claim,Edge,6,Light,-1.44564,B0781
REC01152,CLM01226,CUS00291,PRD00596,Television,Aster,AST-TEL-122,SN-22423946,2024-10-18,2026-05-04,2026-05-02,36,Yes,Power Failure,Electrical Failure,Yes,Yes,No,Yes,Yes,,No,0,Not Applicable,Yes,Yes,Yes,Yes,No,No,No,0,246.68,0.0,0.87,Email,Manual Review,Edge,41,Dark,0.57728,B0623
REC00096,CLM01227,CUS00243,PRD00171,Printer,HomePro,HOM-PRI-203,SN-35732973,2025-11-16,2026-02-10,2026-02-05,12,No,Connectivity Issue,Manufacturing Defect,No,No,Yes,Yes,Yes,Not Applicable,No,0,Not Applicable,No,Not Applicable,Yes,Yes,No,No,No,1,501.49,0.0,0.894,Mobile App,Manual Review,Safari,33,Dark,0.18951,B0557
REC00013,CLM01228,CUS00095,PRD00278,Laptop,ZenCore,ZEN-LAP-596,SN-30473222,2025-12-09,2026-03-02,2026-02-22,36,No,Overheating,Manufacturing Defect,Yes,Yes,Yes,Yes,Yes,,No,0,Not Applicable,Yes,Yes,Yes,Yes,No,No,No,1,1142.35,0.0,0.808,Mobile App,Valid Claim,MobileWebView,43,Light,-0.26736,B0245
REC01198,CLM01229,CUS00616,PRD00837,Camera,NovaTech,NOV-CAM-585,SN-58529613,2025-01-24,2026-02-06,2026-01-22,36,No,Power Failure,Electrical Failure,No,Yes,,Yes,Yes,Not Applicable,No,0,Not Applicable,No,Not Applicable,Yes,Yes,No,No,No,1,987.55,0.0,0.844,Web,Manual Review,MobileWebView,55,Light,-2.43338,B0489
REC01415,CLM01230,CUS00264,PRD00678,Smartphone,PrimeView,PRI-SMA-706,SN-75626602,2023-07-13,2025-06-14,2025-05-19,24,No,Battery Problem,Internal Component Failure,Yes,Yes,Yes,No,Yes,Not Applicable,No,0,Not Applicable,No,Not Applicable,Yes,Yes,No,No,No,0,239.67,0.0,0.779,Email,Manual Review,Edge,23,Light,-0.23533,B0909
REC01042,CLM01231,CUS00422,PRD00953,Air Conditioner,Aster,AST-AIR-346,SN-94334203,2024-12-18,2026-04-26,2026-04-11,24,No,Noise,Manufacturing Defect,No,Yes,Yes,Yes,Yes,Not Applicable,No,0,Not Applicable,No,Not Applicable,Yes,Yes,No,No,No,1,506.42,,0.931,Web,Manual Review,MobileWebView,26,Dark,1.25421,B0495
REC00960,CLM01232,CUS00009,PRD00643,Laptop,Aster,AST-LAP-112,SN-29719853,2023-03-01,2023-07-19,2023-07-07,24,No,Battery Problem,Internal Component Failure,Yes,Yes,Yes,Yes,Yes,Not Applicable,No,0,Not Applicable,No,Not Applicable,Unknown,Yes,No,Yes,No,2,1503.89,0.0,0.797,Email,Manual Review,Edge,46,Dark,-0.17416,B0319
REC00037,CLM01233,CUS00602,PRD00919,Laptop,ZenCore,ZEN-LAP-890,SN-69914575,2025-09-13,2025-11-14,2025-11-04,24,No,Power Failure,Internal Component Failure,No,Yes,Yes,Yes,Yes,Not Applicable,No,0,Not Applicable,No,Not Applicable,Yes,No,No,No,No,1,874.56,0.0,0.691,Mobile App,Manual Review,Edge,40,Light,0.29448,B0627
REC01301,CLM01234,CUS00295,PRD00966,Smartphone,Aster,AST-SMA-188,SN-60754938,2024-09-07,2025-02-01,2025-01-29,12,No,Display Failure,Electrical Failure,Yes,Yes,No,,Yes,Not Applicable,No,0,Not Applicable,Yes,Yes,Unknown,Yes,No,No,No,3,588.33,0.0,0.913,Mobile App,Manual Review,MobileWebView,6,Dark,0.88348,B0947
REC00863,CLM01235,CUS00223,PRD00025,Refrigerator,HomePro,HOM-REF-990,SN-96786934,2026-02-26,2026-09-11,2026-08-23,12,No,Power Failure,Electrical Failure,Yes,Yes,Yes,Yes,Yes,,No,0,Not Applicable,No,Not Applicable,Unknown,Yes,No,No,No,2,,0.0,0.777,Mobile App,Manual Review,Firefox,52,Light,-0.14139,B0117
REC01343,CLM01236,CUS00470,PRD00860,Camera,NovaTech,NOV-CAM-647,SN-98018085,2025-06-13,2025-08-22,2025-08-15,12,No,Connectivity Issue,Electrical Failure,Yes,No,Yes,Yes,Yes,Not Applicable,No,0,Not Applicable,No,Not Applicable,Yes,Yes,No,No,No,1,353.22,0.0,0.726,Web,Valid Claim,Safari,29,Dark,-1.08737,B0891
REC00080,CLM01237,CUS00014,PRD00157,Television,HomePro,HOM-TEL-336,SN-85726771,2025-05-05,2026-06-17,2026-06-02,24,No,Connectivity Issue,Manufacturing Defect,Yes,Yes,Yes,Yes,,Yes,Yes,1,Yes,No,Not Applicable,Yes,Yes,No,No,No,2,418.76,89.26,0.84,Email,Manual Review,Safari,56,System,0.55001,B0777
REC01005,CLM01238,CUS00195,PRD00102,Refrigerator,HomePro,HOM-REF-287,SN-22392812,2023-06-09,2024-11-17,2024-10-31,36,No,Power Failure,Internal Component Failure,Yes,No,Yes,Yes,Yes,Not Applicable,No,0,Not Applicable,No,Not Applicable,Yes,Yes,No,No,No,2,1055.62,0.0,0.723,Email,Valid Claim,Firefox,26,System,0.20943,B0006
REC00755,CLM01239,CUS00230,PRD00448,Air Conditioner,ZenCore,ZEN-AIR-864,SN-51838159,2023-03-26,2023-08-04,2023-07-14,12,No,Power Failure,Internal Component Failure,Yes,No,Yes,Yes,Yes,,No,0,Not Applicable,No,Not Applicable,Yes,Yes,No,No,No,1,885.97,0.0,0.915,Web,Valid Claim,Firefox,0,Dark,-1.35181,B0402
REC01259,CLM01240,CUS00468,PRD00694,Refrigerator,Aster,AST-REF-972,SN-21308600,2023-06-29,2023-08-11,2023-08-03,12,No,Noise,Electrical Failure,Yes,Yes,Yes,Yes,,Not Applicable,No,0,Not Applicable,No,Not Applicable,Yes,Yes,No,No,No,2,608.71,0.0,0.967,Service Center,Valid Claim,Chrome,37,System,-0.42154,B0713
REC00228,CLM01241,CUS00263,PRD00887,Camera,NovaTech,NOV-CAM-194,SN-56119285,2025-04-14,2025-10-08,2025-10-03,24,No,Battery Problem,Manufacturing Defect,No,Yes,Yes,Yes,Yes,Not Applicable,No,0,Not Applicable,No,Not Applicable,Yes,Yes,No,No,No,1,,0.0,,Service Center,Manual Review,Edge,29,Dark,0.35028,B0763
REC01500,CLM01242,CUS00397,PRD00356,Laptop,ZenCore,ZEN-LAP-206,SN-89313463,2026-01-08,2026-05-27,2026-05-05,24,Yes,Power Failure,Manufacturing Defect,Yes,Yes,Yes,Yes,Yes,Not Applicable,No,0,Not Applicable,No,Not Applicable,Yes,Yes,No,No,No,2,1512.57,0.0,0.987,Mobile App,Valid Claim,Safari,17,Dark,1.29653,B0144
REC00508,CLM01243,CUS00060,PRD00598,Smartphone,Aster,AST-SMA-362,SN-32991267,2025-09-07,2025-10-19,2025-10-10,24,No,Display Failure,Internal Component Failure,Yes,Yes,Yes,Yes,Yes,Not Applicable,No,0,Not Applicable,No,Not Applicable,Yes,Yes,No,No,No,1,203.78,0.0,0.865,Web,Valid Claim,Edge,7,System,-0.0123,B0259
REC01437,CLM01244,CUS00410,PRD00758,Television,PrimeView,PRI-TEL-132,SN-47661679,2025-03-10,2026-06-12,2026-05-25,24,No,Power Failure,Manufacturing Defect,Yes,Yes,Yes,Yes,Yes,Not Applicable,No,0,Not Applicable,No,Not Applicable,Yes,Yes,No,No,No,1,2143.93,0.0,0.846,Service Center,Valid Claim,Firefox,55,Dark,-2.02863,B0352
REC00226,CLM01245,CUS00513,PRD00115,Television,PrimeView,PRI-TEL-498,SN-23456616,2023-05-27,2023-06-16,2023-06-06,24,No,Audio Failure,Manufacturing Defect,Yes,Yes,Yes,Yes,Yes,No,Yes,3,Unknown,No,Not Applicable,Yes,Yes,No,No,No,1,1017.37,206.57,0.831,Web,Manual Review,Safari,28,System,-0.02527,B0343
REC01294,CLM01246,CUS00664,PRD00202,Printer,PrimeView,PRI-PRI-721,SN-94601906,2025-03-23,2025-06-07,2025-06-03,24,Yes,Power Failure,Internal Component Failure,Yes,Yes,Yes,Yes,Yes,No,Yes,2,Yes,No,Not Applicable,Yes,Yes,No,No,No,1,245.22,327.55,0.99,Mobile App,Valid Claim,Safari,4,System,0.86908,B0407
REC01155,CLM01247,CUS00262,PRD00855,Printer,HomePro,HOM-PRI-917,SN-25080070,2024-06-29,2024-08-24,2024-08-11,24,Yes,Connectivity Issue,Manufacturing Defect,Yes,Yes,Yes,Yes,No,No,Yes,2,Yes,No,Not Applicable,Unknown,Yes,No,No,No,0,100.07,337.99,0.912,Mobile App,Manual Review,Firefox,35,System,-0.16846,B0700
REC-DUP-0026,CLM01248,CUS00593,PRD00403,Refrigerator,ZenCore,ZEN-REF-700,SN-38045475,2023-12-04,2024-09-05,2024-08-23,12,No,Cooling Failure,Manufacturing Defect,Yes,Yes,Yes,Yes,Yes,Yes,Yes,1,Yes,No,Not Applicable,Yes,Yes,No,No,No,3,936.34,265.56,0.781,Service Center,Valid Claim,Edge,55,System,-0.01907,B0977
REC01156,CLM01249,CUS00596,PRD00585,Air Conditioner,ZenCore,ZEN-AIR-254,SN-10194011,2025-03-15,2026-04-15,2026-04-11,24,No,Cooling Failure,Electrical Failure,Yes,No,Yes,Yes,Yes,Not Applicable,No,0,Not Applicable,No,Not Applicable,Yes,Yes,No,No,No,1,653.76,99999.0,0.883,Service Center,Valid Claim,Firefox,17,Light,-1.65939,B0658
REC01284,CLM01250,CUS00277,PRD00888,Camera,PrimeView,PRI-CAM-268,SN-15765079,2023-01-16,2024-02-09,2024-01-21,24,No,Connectivity Issue,Internal Component Failure,Yes,No,Yes,Yes,Yes,Yes,Yes,3,Yes,No,Not Applicable,Yes,Yes,No,No,No,1,476.05,632.1,0.812,Email,Valid Claim,Safari,38,Light,0.55085,B0308
REC-DUP-0001,CLM01251,CUS00394,PRD00705,Washing Machine,PrimeView,PRI-WAS-495,SN-29445323,2024-01-20,2024-10-18,2024-10-11,36,No,Noise,Internal Component Failure,Yes,Yes,Yes,No,,No,Yes,1,Yes,No,Not Applicable,Yes,Yes,No,No,No,0,709.38,88.34,0.767,Web,Manual Review,Firefox,31,System,0.31872,B0765
REC00348,CLM01252,CUS00564,PRD00188,Refrigerator,Aster,AST-REF-779,SN-47965336,2023-08-11,2024-06-10,2024-06-01,12,No,Power Failure,Manufacturing Defect,,Yes,Yes,Yes,Yes,Not Applicable,No,0,Not Applicable,No,Not Applicable,Yes,Yes,No,No,No,0,384.37,0.0,0.79,Service Center,Valid Claim,Firefox,55,Dark,1.01763,B0463
REC00749,CLM01253,CUS00243,PRD00321,Laptop,Aster,AST-LAP-321,SN-94748901,2025-03-06,2026-08-31,2026-08-15,24,No,Power Failure,Internal Component Failure,Yes,Yes,Yes,Yes,Yes,,No,0,Not Applicable,No,Not Applicable,Yes,Yes,No,No,No,0,1940.17,0.0,0.627,Mobile App,Manual Review,Safari,7,System,0.50227,B0751
REC00499,CLM01254,CUS00414,PRD00189,Air Conditioner,ZenCore,ZEN-AIR-978,SN-74428490,2024-10-10,2026-03-14,2026-03-04,36,No,Cooling Failure,Internal Component Failure,Yes,,Yes,Yes,Yes,Yes,Yes,1,Yes,No,Not Applicable,Yes,Yes,No,No,No,0,615.66,420.91,0.751,Mobile App,Valid Claim,Safari,38,Light,0.81137,B0018
REC00789,CLM01255,CUS00515,PRD00815,Laptop,ZenCore,ZEN-LAP-590,SN-28202477,2023-11-13,2025-04-12,2025-03-16,24,No,Power Failure,Manufacturing Defect,No,,Yes,Yes,Yes,Not Applicable,No,0,Not Applicable,No,Not Applicable,Yes,Yes,No,Yes,No,2,106.66,0.0,0.56,Mobile App,Manual Review,MobileWebView,31,System,0.77253,B0763
REC00368,CLM01256,CUS00225,PRD00839,Air Conditioner,ZenCore,ZEN-AIR-279,SN-39180220,2023-09-28,2024-09-17,2024-09-15,24,No,Power Failure,Internal Component Failure,Yes,Yes,Yes,Yes,Yes,Not Applicable,No,0,Not Applicable,No,Not Applicable,Yes,Yes,No,No,No,1,800.59,0.0,0.826,Service Center,Valid Claim,MobileWebView,7,Dark,0.89074,B0868
REC00040,CLM01257,CUS00661,PRD00339,Laptop,NovaTech,NOV-LAP-842,SN-41637089,2024-11-01,2025-10-21,2025-10-17,36,No,Power Failure,Manufacturing Defect,Yes,No,No,Yes,,Not Applicable,No,0,Not Applicable,No,Not Applicable,Yes,Yes,No,No,No,0,843.67,0.0,0.757,Email,Manual Review,Firefox,43,Dark,-1.04896,B0722
REC00304,CLM01258,CUS00392,PRD00716,Washing Machine,PrimeView,PRI-WAS-108,SN-75023784,2023-05-20,2023-11-22,2023-10-26,12,No,Water Leakage,Manufacturing Defect,Yes,Yes,Yes,Yes,,Yes,Yes,1,Yes,No,Not Applicable,Yes,Yes,No,No,No,0,470.94,31.7,0.753,Email,Valid Claim,Edge,4,System,-0.0468,B0684
REC01423,CLM01259,CUS00550,PRD00264,Camera,Aster,AST-CAM-484,SN-42773083,2024-03-25,2025-02-08,2025-01-24,24,Yes,Battery Problem,Manufacturing Defect,Yes,Yes,Yes,No,No,,Yes,1,Yes,No,Not Applicable,Yes,Yes,No,No,No,1,1011.95,375.41,0.963,Service Center,Manual Review,Edge,52,Dark,-2.30223,B0639
REC-DUP-0042,CLM01260,CUS00154,PRD00953,Laptop,Aster,AST-LAP-512,SN-58631534,2025-10-21,,2026-05-30,24,No,Battery Problem,Electrical Failure,Yes,,Yes,Yes,Yes,,No,0,Not Applicable,No,Not Applicable,Yes,Yes,No,No,No,1,368.37,0.0,0.909,Web,Valid Claim,Safari,2,Light,-0.2867,B0966
REC00610,CLM01261,CUS00314,PRD00504,Washing Machine,ZenCore,ZEN-WAS-592,SN-20509882,2025-06-14,2025-12-28,2025-12-18,24,No,Mechanical Failure,Manufacturing Defect,Yes,Yes,Yes,Yes,Yes,Yes,Yes,2,Yes,No,Not Applicable,Yes,Yes,No,No,No,1,285.64,368.93,0.692,Web,Manual Review,MobileWebView,17,Light,-0.61873,B0474
REC00022,CLM01262,CUS00678,PRD00616,Smartphone,Aster,AST-SMA-176,SN-55918422,2023-01-17,2025-11-09,2025-10-29,36,No,Power Failure,Manufacturing Defect,Yes,Yes,Yes,Yes,Yes,Not Applicable,No,0,Not Applicable,No,Not Applicable,Yes,Yes,No,No,No,1,99.21,,0.885,Web,Valid Claim,Firefox,12,Dark,-0.13341,B0061
REC00307,CLM01263,CUS00145,PRD00189,Washing Machine,ZenCore,ZEN-WAS-360,SN-70654156,2026-02-06,2026-06-23,2026-06-17,12,No,Power Failure,Manufacturing Defect,Yes,Yes,Yes,Yes,Yes,Not Applicable,No,0,Not Applicable,No,Not Applicable,Yes,No,No,No,No,0,1242.51,0.0,0.665,Mobile App,Manual Review,Firefox,8,Dark,0.65865,B0322
REC00168,CLM01264,CUS00147,PRD00617,Printer,HomePro,HOM-PRI-617,SN-72681659,2023-06-28,2023-12-22,2023-12-19,24,No,Power Failure,Internal Component Failure,Yes,,Yes,No,Yes,Yes,Yes,1,Yes,No,Not Applicable,Yes,Yes,No,No,No,2,821.11,535.51,0.483,Service Center,Manual Review,Safari,5,Dark,-0.58776,B0679
REC01258,CLM01265,CUS00668,PRD00133,Camera,PrimeView,PRI-CAM-719,SN-65236909,2023-04-17,2024-02-01,2024-01-30,24,No,Connectivity Issue,Manufacturing Defect,Yes,Yes,Yes,Yes,No,No,Yes,3,Yes,No,Not Applicable,Yes,Yes,No,No,No,0,170.36,,0.932,Web,Manual Review,Chrome,43,Light,-0.28317,B0530
REC01043,CLM01266,CUS00665,PRD00459,Laptop,NovaTech,NOV-LAP-632,SN-28027645,2025-08-05,2026-01-26,2026-01-17,24,No,Power Failure,Manufacturing Defect,Yes,Yes,Yes,Yes,Yes,Not Applicable,No,0,Not Applicable,No,Not Applicable,Yes,Yes,No,No,No,0,680.7,0.0,0.499,Web,Manual Review,Chrome,56,Dark,-0.35031,B0447
REC00648,CLM01267,CUS00229,PRD00713,Washing Machine,HomePro,HOM-WAS-800,SN-91000156,2023-04-03,2025-02-11,2025-01-24,24,No,Water Leakage,Electrical Failure,Yes,Yes,Yes,Yes,No,Not Applicable,No,0,Not Applicable,No,Not Applicable,Yes,Yes,No,No,No,1,427.26,0.0,0.78,Web,Manual Review,MobileWebView,55,Dark,1.30051,B0130
REC00959,CLM01268,CUS00062,PRD00701,Television,HomePro,HOM-TEL-388,SN-81442330,2024-12-30,2025-11-15,2025-11-09,24,No,Display Failure,Internal Component Failure,Yes,No,Yes,Yes,No,Not Applicable,No,0,Not Applicable,No,Not Applicable,Yes,Yes,No,No,No,0,2538.18,0.0,0.742,Web,Manual Review,Safari,25,System,-1.14274,B0716
REC00277,CLM01269,CUS00136,PRD00826,Camera,PrimeView,PRI-CAM-988,SN-41160810,2025-03-09,2026-03-15,2026-03-02,24,No,Power Failure,Electrical Failure,Yes,Yes,Yes,Yes,Yes,Yes,Yes,1,Yes,No,Not Applicable,Yes,Yes,No,No,No,0,,142.42,0.794,Service Center,Valid Claim,Chrome,32,Light,0.41376,B0437
REC00326,CLM01270,CUS00251,PRD00455,Refrigerator,ZenCore,ZEN-REF-970,SN-57753252,2023-05-22,2025-02-16,2025-02-12,36,Yes,Mechanical Failure,Internal Component Failure,No,Yes,Yes,Yes,Yes,,Yes,3,Yes,No,Not Applicable,Yes,Yes,No,No,No,0,224.62,55.48,0.748,Service Center,Manual Review,Chrome,44,System,0.48163,B0782
REC01213,CLM01271,CUS00695,PRD00478,Laptop,Aster,AST-LAP-130,SN-79660506,2025-10-09,2025-12-11,2025-12-04,24,No,Battery Problem,Internal Component Failure,Yes,No,Yes,Yes,Yes,No,Yes,2,Yes,No,Not Applicable,Yes,Yes,No,No,Yes,1,209.24,491.98,0.818,Web,Manual Review,Safari,19,Dark,-0.60219,B0795
REC01362,CLM01272,CUS00333,PRD00687,Refrigerator,HomePro,HOM-REF-813,SN-40259610,2024-06-24,2024-07-30,2024-07-06,24,No,Power Failure,Manufacturing Defect,Yes,Yes,Yes,Yes,Yes,Not Applicable,No,0,Not Applicable,Yes,Yes,Yes,Yes,No,No,No,1,756.38,0.0,0.863,Web,Valid Claim,Edge,48,Light,-0.91522,B0248
REC00736,CLM01273,CUS00312,PRD00651,Television,PrimeView,PRI-TEL-646,SN-74079141,2024-03-06,2026-01-30,2026-01-01,36,No,Audio Failure,Manufacturing Defect,Yes,Yes,Yes,Yes,Yes,Not Applicable,No,0,Not Applicable,No,Not Applicable,Yes,Yes,No,No,No,0,602.46,0.0,0.956,Service Center,Valid Claim,Edge,17,System,-0.53706,B0436
REC01246,CLM01274,CUS00158,PRD00678,Refrigerator,HomePro,HOM-REF-477,SN-70921250,2024-07-14,2024-08-20,2024-08-14,12,No,Cooling Failure,Internal Component Failure,Yes,Yes,Yes,No,Yes,Not Applicable,No,0,Not Applicable,No,Not Applicable,Yes,Yes,No,No,No,0,1868.17,,0.754,Web,Manual Review,Safari,19,System,2.57629,B0007
REC00517,CLM01275,CUS00175,PRD00714,Printer,NovaTech,NOV-PRI-333,SN-36543783,2024-01-04,2024-12-21,2024-12-17,24,No,Power Failure,Manufacturing Defect,Yes,Yes,Yes,Yes,,Yes,Yes,3,Yes,No,Not Applicable,Yes,Yes,No,No,No,1,360.85,250.48,0.612,Service Center,Manual Review,Firefox,51,Light,-0.70936,B0962
REC01446,CLM01276,CUS00372,PRD00735,Refrigerator,HomePro,HOM-REF-106,SN-94202356,2025-09-03,2026-02-06,2026-01-27,12,No,Mechanical Failure,Internal Component Failure,Yes,Yes,Yes,Yes,Yes,,Yes,3,Yes,No,Not Applicable,Yes,Yes,No,No,No,1,732.81,557.39,0.824,Service Center,Valid Claim,Firefox,53,Light,-0.08928,B0516
REC00651,CLM01277,CUS00187,PRD00665,Television,PrimeView,PRI-TEL-811,SN-59763659,2024-01-17,2024-07-27,2024-07-24,36,No,Audio Failure,Manufacturing Defect,Yes,Yes,Yes,Yes,Yes,Yes,Yes,3,Yes,No,Not Applicable,Yes,Yes,No,No,No,0,651.05,329.42,0.786,Mobile App,Valid Claim,Edge,18,System,0.5554,B0387
REC00947,CLM01278,CUS00075,PRD00763,Refrigerator,HomePro,HOM-REF-724,SN-75313547,2024-07-27,2024-11-28,2024-11-24,12,No,Power Failure,Manufacturing Defect,Yes,No,Yes,Yes,Yes,Not Applicable,No,0,Not Applicable,No,Not Applicable,Yes,Yes,No,No,No,1,1352.12,0.0,0.775,Web,Valid Claim,Edge,9,Dark,0.76905,B0698
REC01360,CLM01279,CUS00402,PRD00832,Television,PrimeView,PRI-TEL-462,SN-34917778,2023-02-16,2023-12-24,2023-12-21,24,No,Display Failure,Internal Component Failure,Yes,,Yes,Yes,Yes,Not Applicable,No,0,Not Applicable,No,Not Applicable,Yes,Yes,No,No,No,0,1335.21,0.0,0.906,Web,Valid Claim,MobileWebView,50,System,0.57451,B0095
REC00024,CLM01280,CUS00503,PRD00659,Smartphone,PrimeView,PRI-SMA-358,SN-10813469,2023-07-17,2026-05-14,2026-04-27,36,No,Battery Problem,Internal Component Failure,Yes,Yes,Yes,Yes,Yes,No,Yes,2,Yes,No,Not Applicable,Yes,Yes,No,No,No,1,785.23,559.68,0.849,Mobile App,Valid Claim,Firefox,39,Dark,0.23034,B0912
REC00340,CLM01281,CUS00331,PRD00320,Camera,NovaTech,NOV-CAM-354,SN-38221346,2024-11-07,2025-07-15,2025-06-16,24,No,Battery Problem,Internal Component Failure,Yes,Yes,Yes,Yes,Yes,Not Applicable,No,0,Not Applicable,No,Not Applicable,Yes,Yes,No,No,No,2,1400.1,0.0,0.988,Service Center,Valid Claim,MobileWebView,56,Dark,-1.14985,B0780
REC00416,CLM01282,CUS00186,PRD00700,Printer,HomePro,HOM-PRI-787,SN-60680126,2023-05-30,2024-06-28,2024-06-15,24,No,Mechanical Failure,Electrical Failure,Yes,No,,Yes,Yes,No,Yes,3,Yes,No,Not Applicable,Yes,Yes,No,No,No,1,55.11,475.42,0.891,Service Center,Manual Review,MobileWebView,20,System,-0.61357,B0858
REC00669,CLM01283,CUS00296,PRD00389,Laptop,NovaTech,NOV-LAP-895,SN-59093325,2024-08-07,2025-06-09,2025-06-08,24,No,Display Failure,Internal Component Failure,Yes,No,Yes,Yes,Yes,Not Applicable,No,0,Not Applicable,No,Not Applicable,Yes,Yes,No,No,No,2,836.88,0.0,0.97,Web,Valid Claim,Chrome,13,Dark,1.26553,B0539
REC01160,CLM01284,CUS00030,PRD00831,Smartphone,Aster,AST-SMA-794,SN-73797178,2025-06-26,2025-10-12,2025-09-13,12,No,Connectivity Issue,Manufacturing Defect,Yes,Yes,Yes,Yes,Yes,Not Applicable,No,0,Not Applicable,No,Not Applicable,Yes,Yes,No,No,Yes,1,843.9,0.0,0.837,Web,Manual Review,Firefox,14,Dark,0.16639,B0232
REC00868,CLM01285,CUS00587,PRD00142,Camera,PrimeView,PRI-CAM-176,SN-82306220,2024-01-06,2025-08-30,2025-08-19,24,No,Battery Problem,Electrical Failure,Yes,No,Yes,Yes,Yes,Yes,Yes,1,Yes,No,Not Applicable,Yes,Yes,No,No,No,1,1029.74,529.26,0.952,Service Center,Valid Claim,Chrome,12,Light,-0.45043,B0250
REC01169,CLM01286,CUS00333,PRD00245,Printer,PrimeView,,SN-27442332,2023-11-03,2025-04-05,2025-03-21,24,No,Power Failure,Manufacturing Defect,Yes,Yes,Yes,No,Yes,Not Applicable,No,0,Not Applicable,No,Not Applicable,Yes,Yes,No,No,No,0,26.49,0.0,,Mobile App,Manual Review,Edge,16,Dark,-0.24034,B0520
REC01434,CLM01287,CUS00626,PRD00636,Smartphone,Aster,AST-SMA-820,SN-73789250,2023-06-18,2025-01-05,2024-12-30,24,No,Power Failure,Manufacturing Defect,Yes,Yes,Yes,Yes,Yes,Yes,Yes,3,Yes,No,Not Applicable,Yes,Yes,No,No,No,0,169.11,92.95,0.891,Web,Valid Claim,Chrome,43,System,-0.28451,B0808
REC00683,CLM01288,CUS00373,PRD00342,Laptop,NovaTech,NOV-LAP-937,SN-98797751,2026-01-15,2026-04-15,2026-04-02,24,No,Display Failure,Internal Component Failure,Yes,,Yes,Yes,Yes,,No,0,Not Applicable,No,Not Applicable,Yes,Yes,No,No,No,1,556.55,,0.994,Service Center,Valid Claim,MobileWebView,9,System,0.66351,B0234
REC01233,CLM01289,CUS00549,PRD00682,Printer,PrimeView,PRI-PRI-131,SN-47285716,2025-08-02,2026-08-15,2026-07-22,24,No,Mechanical Failure,Manufacturing Defect,Yes,Yes,Yes,Yes,Yes,,No,0,Not Applicable,No,Not Applicable,Yes,Yes,No,No,No,1,79.44,0.0,0.972,Web,Valid Claim,Edge,48,Dark,0.43869,B0573
REC-DUP-0033,CLM01290,CUS00122,PRD00353,Television,PrimeView,PRI-TEL-878,SN-80609480,2025-02-20,2025-09-17,2025-09-10,12,Yes,Display Failure,Manufacturing Defect,Yes,Yes,Yes,Yes,Yes,Not Applicable,No,0,Not Applicable,No,Not Applicable,Yes,Yes,No,No,No,2,240.93,0.0,0.767,Email,Valid Claim,Chrome,41,Light,0.48268,B0826
REC00385,CLM01291,CUS00278,PRD00416,Refrigerator,ZenCore,ZEN-REF-523,SN-67858559,2026-01-08,2026-05-01,2026-04-19,24,No,Power Failure,Manufacturing Defect,Yes,Yes,Yes,No,Yes,Not Applicable,No,0,Not Applicable,No,Not Applicable,Yes,No,No,No,No,0,236.33,0.0,0.739,Web,Manual Review,Firefox,38,Light,-0.99112,B0245
REC00415,CLM01292,CUS00084,PRD00542,Camera,Aster,AST-CAM-921,SN-14182991,2024-03-25,2024-05-15,2024-05-08,24,Yes,Lens Failure,Electrical Failure,Yes,No,Yes,Yes,,Not Applicable,No,0,Not Applicable,No,Not Applicable,Yes,Yes,No,No,No,1,1226.11,0.0,,Web,Manual Review,Edge,6,Light,1.12079,B0764
REC00795,CLM01293,CUS00665,PRD00395,Camera,Aster,AST-CAM-647,SN-29095786,2024-12-17,2025-03-22,2025-03-18,24,No,Lens Failure,Internal Component Failure,,Yes,Yes,Yes,Yes,Yes,Yes,2,Yes,No,Not Applicable,Yes,Yes,No,No,No,1,232.9,458.15,,Web,Valid Claim,Edge,56,Light,0.90456,B0265
REC00719,CLM01294,CUS00367,PRD00207,Printer,NovaTech,NOV-PRI-518,SN-24658095,2024-12-23,2026-07-29,2026-07-10,36,No,Connectivity Issue,Manufacturing Defect,Yes,Yes,Yes,Yes,Yes,Not Applicable,No,0,Not Applicable,No,Not Applicable,Yes,Yes,No,No,No,0,1005.05,0.0,0.899,Email,Valid Claim,Firefox,22,Light,-0.05774,B0618
REC00785,CLM01295,CUS00575,PRD00808,Air Conditioner,HomePro,HOM-AIR-824,SN-94556682,2025-08-19,2025-12-19,2025-12-15,24,No,Power Failure,Internal Component Failure,Yes,Yes,,Yes,Yes,Not Applicable,No,0,Not Applicable,No,Not Applicable,Yes,Yes,No,No,No,2,560.99,0.0,0.852,Web,Valid Claim,Firefox,48,System,-0.55649,B0296
REC00578,CLM01296,CUS00006,PRD00894,Refrigerator,ZenCore,ZEN-REF-421,SN-54173417,2025-01-31,2026-08-10,2026-07-23,24,No,Water Leakage,Internal Component Failure,No,Yes,Yes,Yes,No,,No,0,Not Applicable,No,Not Applicable,Yes,Yes,No,No,No,2,1271.26,0.0,,Web,Manual Review,MobileWebView,10,System,-0.54595,B0668
REC00164,CLM01297,CUS00498,PRD00061,Air Conditioner,HomePro,HOM-AIR-559,SN-94694602,2024-05-18,2025-05-14,2025-05-02,12,No,Cooling Failure,Electrical Failure,Yes,Yes,Yes,Yes,Yes,,No,0,Not Applicable,Yes,Yes,Yes,Yes,No,No,No,0,473.66,0.0,0.822,Web,Valid Claim,MobileWebView,38,System,-0.36505,B0665
REC01000,CLM01298,CUS00152,PRD00321,Television,HomePro,HOM-TEL-322,SN-25413094,2023-07-15,2026-06-28,2026-06-25,36,No,Power Failure,Electrical Failure,Yes,Yes,Yes,Yes,Yes,Not Applicable,No,0,Not Applicable,No,Not Applicable,Yes,Yes,No,No,No,0,935.87,,0.941,Web,Valid Claim,MobileWebView,28,System,-1.88766,B0518
REC00433,CLM01299,CUS00457,PRD00072,Refrigerator,Aster,AST-REF-422,SN-12287468,2025-03-11,2025-04-10,2025-04-04,12,No,Cooling Failure,Internal Component Failure,Yes,Yes,Yes,Yes,No,Not Applicable,No,0,Not Applicable,No,Not Applicable,Yes,Yes,No,No,No,1,133.05,0.0,0.746,Email,Manual Review,MobileWebView,34,System,-0.78777,B0540
REC01097,CLM01300,CUS00568,PRD00328,Camera,NovaTech,NOV-CAM-258,SN-22553582,2025-07-06,2025-07-28,2025-07-06,12,No,Power Failure,Internal Component Failure,Yes,Yes,Yes,Yes,Yes,Not Applicable,No,0,Not Applicable,Yes,Yes,Yes,Yes,No,No,No,2,342.38,,0.797,Web,Valid Claim,MobileWebView,53,Light,-0.26735,B0528
REC00871,CLM01301,CUS00068,PRD00717,Air Conditioner,HomePro,HOM-AIR-933,SN-27643937,2024-01-14,2024-10-17,2024-09-20,12,No,Noise,Internal Component Failure,Yes,Yes,Yes,Yes,Yes,Yes,Yes,1,Yes,No,Not Applicable,Yes,Yes,No,No,No,1,270.26,501.73,0.748,Service Center,Valid Claim,Firefox,12,Dark,0.1073,B0095
REC00581,CLM01302,CUS00065,PRD00208,Washing Machine,HomePro,HOM-WAS-233,SN-93141472,2025-11-17,2025-12-31,2025-12-29,36,No,Noise,Electrical Failure,,Yes,Yes,Yes,Yes,Not Applicable,No,0,Not Applicable,No,Not Applicable,Yes,Yes,No,No,No,0,298.46,0.0,0.792,Web,Manual Review,Chrome,23,System,0.42188,B0337
REC01406,CLM01303,CUS00557,PRD00369,Television,Aster,AST-TEL-697,SN-74653040,2023-05-19,2026-03-01,2026-02-12,36,No,Power Failure,Manufacturing Defect,Yes,Yes,Yes,Yes,Yes,Not Applicable,No,0,Not Applicable,No,Not Applicable,Unknown,Yes,No,No,No,1,1142.3,0.0,0.778,Web,Manual Review,MobileWebView,50,Light,-0.35096,B0476
REC01409,CLM01304,CUS00380,PRD00810,Television,PrimeView,PRI-TEL-536,SN-57507291,2024-02-16,2024-10-21,2024-10-13,24,Yes,Display Failure,Internal Component Failure,Yes,Yes,Yes,No,Yes,Not Applicable,No,0,Not Applicable,No,Not Applicable,Yes,Yes,No,No,No,1,1263.46,0.0,0.971,Service Center,Manual Review,Firefox,51,Dark,-0.37387,B0924
REC00283,CLM01305,CUS00006,PRD00514,Air Conditioner,Aster,AST-AIR-757,SN-50664802,2025-10-22,2026-03-16,2026-03-11,12,No,Water Leakage,Internal Component Failure,Yes,Yes,Yes,Yes,Yes,Not Applicable,No,0,Not Applicable,No,Not Applicable,Yes,Yes,No,No,No,0,487.43,0.0,0.797,Web,Valid Claim,Firefox,20,System,0.23755,B0798
REC00839,CLM01306,CUS00228,PRD00257,Camera,Aster,AST-CAM-628,SN-51401432,2024-11-18,2024-11-29,2024-11-18,24,No,Connectivity Issue,Internal Component Failure,No,Yes,Yes,Yes,Yes,Yes,Yes,1,Yes,No,Not Applicable,Yes,Yes,No,No,No,1,397.04,187.27,0.728,Mobile App,Manual Review,Firefox,37,System,-2.25552,B0372
REC01317,CLM01307,CUS00307,PRD00281,Smartphone,Aster,AST-SMA-961,SN-74801552,2025-01-15,2025-04-15,2025-04-09,24,No,Display Failure,Manufacturing Defect,No,Yes,Yes,Yes,Yes,,Yes,1,Yes,No,Not Applicable,Yes,Yes,No,No,No,0,882.45,203.4,0.794,Web,Manual Review,Safari,57,System,-0.46809,B0105
REC00935,CLM01308,CUS00182,PRD00641,Printer,PrimeView,PRI-PRI-127,SN-64774439,2025-11-22,2026-05-17,2026-05-03,24,No,Paper Feed Failure,Internal Component Failure,Yes,Yes,Yes,Yes,No,Not Applicable,No,0,Not Applicable,No,Not Applicable,Yes,No,No,No,No,0,486.3,0.0,0.818,Mobile App,Manual Review,Firefox,48,Dark,-0.25768,B0244
REC00084,CLM01309,CUS00234,PRD00403,Laptop,ZenCore,ZEN-LAP-903,SN-29964854,2024-09-12,2025-01-10,2024-12-22,12,No,Overheating,Electrical Failure,Yes,Yes,Yes,Yes,Yes,,No,0,Not Applicable,No,Not Applicable,Yes,Yes,No,No,No,1,742.69,0.0,0.795,Mobile App,Valid Claim,Edge,37,Light,1.10008,B0495
REC01193,CLM01310,CUS00241,PRD00540,Smartphone,Aster,AST-SMA-874,SN-89320501,2024-01-03,2024-10-06,2024-09-30,36,No,Overheating,Manufacturing Defect,Yes,Yes,Yes,Yes,Yes,Not Applicable,No,0,Not Applicable,No,Not Applicable,Unknown,Yes,No,No,No,0,228.66,0.0,0.772,Web,Manual Review,Edge,24,Light,0.38775,B0182
REC01422,CLM01311,CUS00133,PRD00496,Laptop,ZenCore,ZEN-LAP-254,SN-98532650,2025-06-09,2026-01-30,2026-01-14,24,No,Display Failure,Electrical Failure,Yes,No,Yes,Yes,Yes,Not Applicable,No,0,Not Applicable,No,Not Applicable,Yes,Yes,No,No,No,3,1285.44,0.0,0.721,Mobile App,Valid Claim,Firefox,52,Light,0.76022,B0240
REC01261,CLM01312,CUS00639,PRD00212,Smartphone,NovaTech,NOV-SMA-973,SN-68224125,2024-07-06,2025-06-26,2025-06-23,12,No,Display Failure,Internal Component Failure,Yes,No,Yes,Yes,Yes,Not Applicable,No,0,Not Applicable,No,Not Applicable,Yes,Yes,No,No,No,0,761.88,0.0,0.987,Service Center,Valid Claim,Chrome,48,Dark,-0.06043,B0522
REC00217,CLM01313,CUS00425,PRD00574,Washing Machine,HomePro,HOM-WAS-814,SN-80025096,2023-10-06,2024-11-04,2024-10-21,24,Yes,Mechanical Failure,Internal Component Failure,Yes,Yes,Yes,Yes,Yes,Not Applicable,No,0,Not Applicable,No,Not Applicable,Yes,Yes,No,No,No,0,1471.95,0.0,0.844,Web,Valid Claim,Firefox,12,Dark,1.05836,B0532
REC00774,CLM01314,CUS00157,PRD00758,Refrigerator,Aster,,SN-54392246,2026-02-06,2026-09-03,2026-08-29,24,No,Mechanical Failure,Manufacturing Defect,Yes,Yes,Yes,No,Yes,,Yes,2,Yes,No,Not Applicable,Yes,Yes,No,No,No,1,555.15,100.39,0.782,Web,Manual Review,MobileWebView,30,Dark,-1.03189,B0923
REC00191,CLM01315,CUS00423,PRD00730,Washing Machine,PrimeView,PRI-WAS-678,SN-58871908,2025-10-24,2026-04-02,2026-03-26,12,No,Power Failure,Internal Component Failure,Yes,Yes,Yes,Yes,Yes,Not Applicable,No,0,Not Applicable,No,Not Applicable,Yes,Yes,No,No,No,0,1135.39,0.0,0.759,Mobile App,Valid Claim,Chrome,18,System,-1.03423,B0140
REC00638,CLM01316,CUS00512,PRD00070,Air Conditioner,ZenCore,ZEN-AIR-638,,2025-04-09,2025-07-11,2025-06-20,24,Yes,Water Leakage,Internal Component Failure,Yes,Yes,Yes,Yes,Yes,Not Applicable,No,,Not Applicable,No,Not Applicable,Yes,Yes,No,No,No,0,563.0,0.0,0.887,Web,Valid Claim,MobileWebView,51,System,-0.03324,B0869
REC00884,CLM01317,CUS00476,PRD00183,Camera,Aster,AST-CAM-810,SN-65991324,2023-06-04,2023-12-07,2023-12-04,24,No,Battery Problem,Manufacturing Defect,Yes,Yes,Yes,Yes,Yes,Not Applicable,No,0,Not Applicable,No,Not Applicable,Unknown,Yes,No,No,No,1,2375.85,0.0,0.721,Web,Manual Review,MobileWebView,31,System,-0.9062,B0216
REC01068,CLM01318,CUS00603,PRD00717,Air Conditioner,ZenCore,ZEN-AIR-988,SN-51998416,2023-10-26,2025-06-27,2025-06-16,24,No,Water Leakage,Electrical Failure,,No,,Yes,No,Yes,Yes,2,Yes,No,Not Applicable,Yes,Yes,No,Yes,No,1,533.61,371.28,0.874,Web,Manual Review,Firefox,44,Dark,-1.41319,B0391
REC00614,CLM01319,CUS00635,PRD00413,Laptop,NovaTech,NOV-LAP-114,SN-27470892,2025-12-18,2026-02-21,2026-01-31,12,Yes,Power Failure,Internal Component Failure,Yes,No,Yes,Yes,Yes,Not Applicable,No,0,Not Applicable,No,Not Applicable,Yes,Yes,No,No,No,0,1431.37,0.0,0.721,Web,Valid Claim,Edge,21,Dark,-0.71475,B0242
REC00823,CLM01320,CUS00401,PRD00151,Smartphone,PrimeView,PRI-SMA-483,SN-68812424,2023-07-12,2024-01-20,2024-01-04,24,No,Display Failure,Electrical Failure,Yes,Yes,Yes,Yes,No,Not Applicable,No,0,Not Applicable,Yes,Yes,Yes,Yes,No,No,No,0,230.76,0.0,0.743,Service Center,Manual Review,Safari,30,System,-1.08804,B0990
REC00686,CLM01321,CUS00331,PRD00544,Air Conditioner,HomePro,HOM-AIR-791,SN-25815055,2024-10-15,2025-09-02,2025-08-31,12,No,Power Failure,Manufacturing Defect,,Yes,No,No,Yes,Not Applicable,No,0,Not Applicable,No,Not Applicable,Yes,Yes,No,No,No,0,1382.22,0.0,0.956,Web,Manual Review,Chrome,4,Light,0.06557,B0430
REC01429,CLM01322,CUS00136,PRD00217,Printer,HomePro,HOM-PRI-498,SN-37158912,2024-09-10,2026-05-13,2026-04-29,36,No,Connectivity Issue,Manufacturing Defect,No,No,Yes,Yes,Yes,Not Applicable,No,0,Not Applicable,No,Not Applicable,Yes,Yes,No,No,No,0,373.21,0.0,0.819,Service Center,Manual Review,Firefox,24,Dark,0.3495,B0369
REC00445,CLM01323,CUS00079,PRD00720,Washing Machine,PrimeView,PRI-WAS-508,SN-57056162,2024-05-15,2024-05-21,2024-05-15,12,No,Power Failure,Electrical Failure,Yes,Yes,Yes,Yes,Yes,Not Applicable,No,0,Not Applicable,No,Not Applicable,Yes,Yes,No,No,Yes,0,382.15,0.0,0.983,Service Center,Manual Review,Safari,46,Dark,0.41468,B0340
REC01064,CLM01324,CUS00537,PRD00370,Smartphone,Aster,AST-SMA-916,SN-49237221,2025-08-12,2026-06-28,2026-06-19,12,No,Overheating,Electrical Failure,Yes,Yes,Yes,Yes,Yes,Not Applicable,No,0,Not Applicable,No,Not Applicable,Yes,Yes,No,No,No,1,944.15,0.0,0.816,Web,Valid Claim,Safari,18,Dark,-1.17026,B0098
REC00556,CLM01325,CUS00424,PRD00565,Television,HomePro,HOM-TEL-596,SN-43190506,2025-08-31,2026-04-07,2026-04-03,24,No,Power Failure,Electrical Failure,Yes,Yes,Yes,Yes,Yes,Not Applicable,No,0,Not Applicable,No,Not Applicable,Yes,Yes,No,No,No,0,317.57,0.0,0.868,Email,Valid Claim,Firefox,22,System,-1.25376,B0923
REC00783,CLM01326,CUS00389,PRD00536,Smartphone,PrimeView,PRI-SMA-213,SN-96763315,2025-05-02,2025-11-17,2025-11-10,12,No,Connectivity Issue,Internal Component Failure,,Yes,Yes,Yes,Yes,Not Applicable,No,0,Not Applicable,No,Not Applicable,Yes,Yes,No,No,No,1,817.52,,0.813,Mobile App,Valid Claim,MobileWebView,49,Dark,0.83451,B0851
REC00257,CLM01327,CUS00001,PRD00366,Refrigerator,ZenCore,ZEN-REF-783,SN-87319538,2025-04-18,2025-08-19,2025-08-09,12,Yes,Cooling Failure,Manufacturing Defect,,Yes,No,Yes,Yes,Not Applicable,No,0,Not Applicable,Yes,Yes,Yes,Yes,No,No,No,0,296.32,0.0,0.865,Email,Manual Review,MobileWebView,29,Light,0.4132,B0609
REC00245,CLM01328,CUS00095,PRD00691,Printer,NovaTech,NOV-PRI-526,SN-63899296,2025-01-01,2026-04-11,2026-03-28,24,No,Connectivity Issue,Electrical Failure,Yes,Yes,Yes,No,Yes,Not Applicable,No,0,Not Applicable,No,Not Applicable,Yes,Yes,No,No,No,0,301.12,0.0,0.894,Web,Manual Review,Chrome,5,Light,2.60142,B0551
REC01388,CLM01329,CUS00653,PRD00584,Refrigerator,ZenCore,ZEN-REF-579,SN-76869922,2023-02-08,2025-04-02,2025-03-06,36,No,Noise,Manufacturing Defect,Yes,,Yes,Yes,Yes,No,Yes,1,Yes,No,Not Applicable,Yes,Yes,No,No,No,1,,531.52,0.562,Web,Manual Review,Safari,52,System,-0.5741,B0444
REC01031,CLM01330,CUS00313,PRD00368,Camera,Aster,AST-CAM-275,SN-82028944,2023-10-18,2023-11-12,2023-11-10,36,No,Power Failure,Internal Component Failure,,Yes,Yes,Yes,Yes,Not Applicable,No,0,Not Applicable,No,Not Applicable,Yes,Yes,No,No,No,0,2357.93,,0.919,Service Center,Valid Claim,MobileWebView,58,Light,0.5271,B0556
REC01125,CLM01331,CUS00304,PRD00125,Refrigerator,ZenCore,ZEN-REF-686,SN-96148089,2023-03-01,2023-07-19,2023-07-09,12,Yes,Power Failure,Manufacturing Defect,Yes,Yes,Yes,Yes,No,Not Applicable,No,0,Not Applicable,No,Not Applicable,Yes,No,No,No,No,0,223.94,0.0,0.942,Mobile App,Manual Review,Edge,3,Light,-0.70216,B0756
REC01378,CLM01332,CUS00434,PRD00471,Camera,NovaTech,NOV-CAM-984,SN-44054748,2023-05-30,2025-09-21,2025-08-24,36,No,Power Failure,Internal Component Failure,Yes,Yes,Yes,Yes,No,Not Applicable,No,0,Not Applicable,No,Not Applicable,Yes,Yes,No,No,No,2,2000.67,0.0,0.86,Mobile App,Manual Review,Firefox,11,Light,-0.11371,B0212
REC01394,CLM01333,CUS00152,PRD00875,Washing Machine,ZenCore,,SN-36492568,2026-02-09,2026-08-02,2026-07-30,24,Yes,Mechanical Failure,Internal Component Failure,Yes,Yes,No,No,No,Not Applicable,No,0,Not Applicable,No,Not Applicable,Yes,Yes,No,No,No,1,1061.68,0.0,0.806,Email,Manual Review,Safari,23,Light,0.56061,B0083
REC-DUP-0037,CLM01334,CUS00649,PRD00310,Air Conditioner,Aster,AST-AIR-201,SN-97708100,2023-11-02,2024-06-07,2024-05-20,36,No,Power Failure,Internal Component Failure,Yes,Yes,Yes,Yes,Yes,Not Applicable,No,0,Not Applicable,Yes,No,Yes,Yes,No,No,No,0,1326.01,0.0,0.822,Web,Valid Claim,Firefox,18,System,1.7977,B0005
REC01341,CLM01335,CUS00567,PRD00312,Air Conditioner,Aster,AST-AIR-869,SN-37434400,2024-05-28,2024-07-03,2024-06-06,36,No,Power Failure,Manufacturing Defect,Yes,Yes,No,Yes,Yes,Not Applicable,No,0,Not Applicable,No,Not Applicable,Yes,Yes,No,No,No,1,,0.0,0.818,Mobile App,Manual Review,MobileWebView,46,Dark,-0.61177,B0034
REC00213,CLM01336,CUS00230,PRD00067,Camera,PrimeView,PRI-CAM-969,SN-29153353,2024-11-10,2025-12-10,2025-11-14,36,No,Connectivity Issue,Manufacturing Defect,Yes,Yes,Yes,Yes,Yes,Not Applicable,No,0,Not Applicable,Yes,Yes,Yes,Yes,No,No,No,2,1419.66,0.0,0.927,Web,Valid Claim,Chrome,51,System,-0.00604,B0936
REC00534,CLM01337,CUS00467,PRD00415,Refrigerator,Aster,AST-REF-965,SN-57819766,2024-05-10,2026-03-21,2026-03-13,24,No,Water Leakage,Internal Component Failure,No,Yes,Yes,Yes,,Not Applicable,No,0,Not Applicable,No,Not Applicable,Yes,Yes,No,No,No,1,1436.9,0.0,0.951,Service Center,Manual Review,Firefox,44,Light,0.11225,B0386
REC01123,CLM01338,CUS00472,PRD00020,Refrigerator,ZenCore,ZEN-REF-640,SN-24485264,2024-03-20,2026-06-05,2026-06-02,36,No,Power Failure,Electrical Failure,Yes,Yes,Yes,Yes,Yes,No,Yes,3,Yes,No,Not Applicable,Yes,Yes,No,No,Yes,5,498.24,,0.959,Service Center,Manual Review,Firefox,48,System,1.22084,B0178
REC01186,CLM01339,CUS00407,PRD00690,Printer,PrimeView,PRI-PRI-726,SN-63213276,2023-12-05,2025-06-02,2025-05-25,24,No,Paper Feed Failure,Electrical Failure,Yes,Yes,Yes,Yes,Yes,Yes,Yes,1,Yes,No,Not Applicable,Yes,Yes,No,No,No,0,229.3,172.48,0.755,Web,Valid Claim,Edge,25,System,0.04314,B0343
REC01153,CLM01340,CUS00362,PRD00586,Printer,NovaTech,NOV-PRI-896,SN-73519636,2025-01-18,2026-05-31,2026-05-25,12,Yes,Power Failure,Internal Component Failure,Yes,Yes,Yes,Yes,No,Not Applicable,No,0,Not Applicable,No,Not Applicable,Yes,Yes,No,No,No,3,438.85,0.0,0.791,Web,Manual Review,MobileWebView,58,Light,-1.53991,B0532
REC01040,CLM01341,CUS00129,PRD00951,Air Conditioner,ZenCore,ZEN-AIR-831,SN-25300786,2024-05-06,2025-11-09,2025-11-04,24,No,Cooling Failure,Electrical Failure,Yes,Yes,,No,Yes,Not Applicable,No,0,Not Applicable,No,Not Applicable,Yes,Yes,No,No,No,0,560.15,0.0,0.765,Service Center,Manual Review,Firefox,17,System,0.77687,B0721
REC00656,CLM01342,CUS00505,PRD00903,Air Conditioner,HomePro,HOM-AIR-848,SN-17497785,2024-05-17,2025-04-23,2025-03-28,24,No,Power Failure,Manufacturing Defect,Yes,Yes,Yes,Yes,,Yes,Yes,3,Yes,No,Not Applicable,Yes,Yes,No,No,No,1,214.14,630.67,0.769,Web,Valid Claim,Safari,52,System,-0.84921,B0617
REC00166,CLM01343,CUS00393,PRD00787,Smartphone,PrimeView,PRI-SMA-379,SN-97887795,2026-01-19,2026-03-30,2026-03-05,24,No,Connectivity Issue,Electrical Failure,Yes,Yes,Yes,No,Yes,Yes,Yes,1,Yes,Yes,No,Yes,Yes,No,No,No,0,215.03,484.28,0.994,Service Center,Manual Review,MobileWebView,28,Light,1.66236,B0752
REC01459,CLM01344,CUS00440,PRD00981,Camera,Aster,AST-CAM-800,SN-61577015,2025-12-06,2026-08-08,2026-08-03,36,Yes,Battery Problem,Manufacturing Defect,Yes,Yes,Yes,No,Yes,Not Applicable,No,0,Not Applicable,No,Not Applicable,Yes,No,No,No,No,1,861.33,0.0,,Service Center,Manual Review,Firefox,49,Dark,-0.91103,B0924
REC00546,CLM01345,CUS00338,PRD00736,Camera,Aster,AST-CAM-283,SN-26567854,2024-10-30,2025-08-26,2025-08-11,36,No,Power Failure,Internal Component Failure,Yes,,Yes,No,Yes,Not Applicable,No,0,Not Applicable,Yes,Yes,Yes,Yes,No,No,No,1,149.93,0.0,0.993,Service Center,Manual Review,MobileWebView,46,System,1.6591,B0021
REC01400,CLM01346,CUS00549,PRD00245,Printer,NovaTech,NOV-PRI-393,SN-16043339,2024-09-26,2025-01-21,2025-01-13,24,No,Connectivity Issue,Manufacturing Defect,Yes,Yes,Yes,Yes,Yes,Yes,Yes,3,Yes,No,Not Applicable,Yes,Yes,No,No,No,1,371.4,70.83,0.986,Mobile App,Valid Claim,Safari,51,Light,-0.8086,B0971
REC00976,CLM01347,CUS00238,PRD00639,Laptop,NovaTech,NOV-LAP-480,SN-98148058,2025-10-28,2026-05-10,2026-04-30,12,No,Connectivity Issue,Manufacturing Defect,Yes,Yes,Yes,Yes,,,No,0,Not Applicable,No,Not Applicable,Yes,Yes,No,No,No,1,360.46,0.0,0.986,Web,Valid Claim,Firefox,14,Light,-0.59596,B0129
REC00194,CLM01348,CUS00257,PRD00265,Laptop,ZenCore,ZEN-LAP-420,SN-83744386,2025-05-30,2026-04-19,2026-04-08,24,Yes,Power Failure,Internal Component Failure,Yes,,Yes,Yes,No,Not Applicable,No,0,Not Applicable,No,Not Applicable,Yes,Yes,No,No,No,0,747.43,0.0,0.768,Service Center,Manual Review,Firefox,2,System,1.16514,B0233
REC00750,CLM01349,CUS00068,PRD00133,Camera,NovaTech,NOV-CAM-322,SN-75855547,2025-11-25,2026-06-03,2026-05-22,24,No,Connectivity Issue,Manufacturing Defect,Yes,Yes,Yes,Yes,Yes,Not Applicable,No,0,Not Applicable,No,Not Applicable,Yes,Yes,No,No,No,0,167.29,,0.853,Service Center,Valid Claim,Safari,29,Dark,0.10573,B0992
REC01058,CLM01350,CUS00286,PRD00767,Television,Aster,AST-TEL-261,SN-56337909,2025-07-28,2025-11-15,2025-11-06,24,No,Audio Failure,Internal Component Failure,No,No,Yes,No,No,Not Applicable,No,0,Not Applicable,No,Not Applicable,Yes,Yes,No,No,No,0,,0.0,0.96,Email,Manual Review,Edge,12,System,-0.89261,B0403
REC00874,CLM01351,CUS00161,PRD00992,Refrigerator,HomePro,HOM-REF-784,SN-67463772,2024-02-18,2025-08-14,2025-08-05,24,Yes,Water Leakage,Electrical Failure,Yes,Yes,Yes,Yes,Yes,Yes,Yes,2,Yes,No,Not Applicable,Yes,Yes,No,No,No,1,896.94,,0.942,Service Center,Valid Claim,Firefox,55,Dark,-1.75933,B0810
REC00067,CLM01352,CUS00673,PRD00824,Printer,PrimeView,PRI-PRI-220,SN-38726439,2024-01-10,2024-06-01,2024-05-06,24,No,Mechanical Failure,Internal Component Failure,Yes,Yes,No,Yes,Yes,Not Applicable,No,0,Not Applicable,No,Not Applicable,Yes,Yes,No,No,No,0,52.68,0.0,0.737,Mobile App,Manual Review,Safari,13,System,-2.56111,B0801
REC00451,CLM01353,CUS00463,PRD00826,Air Conditioner,Aster,AST-AIR-656,SN-68763413,2025-06-04,2025-10-02,2025-09-27,24,No,Water Leakage,Internal Component Failure,Yes,No,Yes,Yes,Yes,No,Yes,3,Yes,No,Not Applicable,Yes,Yes,No,No,No,1,1670.29,550.33,0.782,Mobile App,Valid Claim,Edge,59,Light,0.23396,B0016
REC01149,CLM01354,CUS00213,PRD00124,Refrigerator,Aster,AST-REF-497,SN-84461583,2023-02-17,2026-04-09,2026-04-02,36,Yes,Cooling Failure,Internal Component Failure,No,Yes,Yes,Yes,Yes,Not Applicable,No,0,Not Applicable,No,Not Applicable,Yes,Yes,No,No,No,0,86.82,0.0,0.892,Web,Manual Review,Edge,39,System,0.73899,B0082
REC00098,CLM01355,CUS00065,PRD00789,Refrigerator,Aster,AST-REF-728,SN-16865458,2025-10-22,2026-05-31,2026-05-24,12,No,Mechanical Failure,Manufacturing Defect,Yes,Yes,Yes,Yes,,Yes,Yes,3,Yes,No,Not Applicable,Yes,Yes,No,No,No,0,737.59,424.03,0.853,Web,Valid Claim,Chrome,56,Light,-0.94003,B0653
REC00236,CLM01356,CUS00576,PRD00878,Air Conditioner,ZenCore,ZEN-AIR-864,SN-74130382,2024-09-27,2025-04-28,2025-04-13,24,No,Noise,Internal Component Failure,Yes,Yes,Yes,Yes,Yes,Not Applicable,No,0,Not Applicable,No,Not Applicable,Yes,Yes,No,No,No,0,284.88,0.0,0.875,Mobile App,Valid Claim,Chrome,54,Dark,-0.16474,B0595
REC00776,CLM01357,CUS00540,PRD00993,Washing Machine,PrimeView,PRI-WAS-698,SN-41066063,2024-09-26,2025-08-13,2025-08-08,12,No,Water Leakage,Internal Component Failure,No,,Yes,Yes,Yes,Not Applicable,No,0,Not Applicable,No,Not Applicable,Yes,Yes,No,No,No,1,192.77,0.0,0.758,Mobile App,Manual Review,Chrome,26,Light,1.80214,B0787
REC-DUP-0034,CLM01358,CUS00456,PRD00934,Smartphone,PrimeView,PRI-SMA-487,SN-60261719,2024-08-10,2025-02-08,2025-01-24,24,Yes,Power Failure,Electrical Failure,Yes,Yes,,Yes,Yes,Not Applicable,No,0,Not Applicable,No,Not Applicable,Yes,Yes,No,No,No,3,512.42,0.0,0.873,Web,Valid Claim,Chrome,34,Light,1.2347,B0917
REC00653,CLM01359,CUS00404,PRD00968,Refrigerator,ZenCore,ZEN-REF-629,SN-31292797,2024-01-16,2026-06-12,2026-05-18,36,Yes,Power Failure,Electrical Failure,Yes,No,Yes,Yes,Yes,Not Applicable,No,0,Not Applicable,No,Not Applicable,Yes,Yes,No,No,No,1,401.96,0.0,0.898,Mobile App,Valid Claim,Firefox,21,Light,0.27309,B0439
REC00461,CLM01360,CUS00369,PRD00759,Printer,PrimeView,PRI-PRI-823,SN-80832464,2025-10-10,2025-11-27,2025-11-23,24,No,Connectivity Issue,Manufacturing Defect,Yes,Yes,Yes,No,No,Not Applicable,No,0,Not Applicable,No,Not Applicable,Yes,Yes,No,No,No,0,268.18,,0.504,Email,Manual Review,Safari,52,Dark,0.11633,B0342
REC00439,CLM01361,CUS00107,PRD00192,Laptop,ZenCore,ZEN-LAP-205,SN-54891131,2023-08-21,2024-12-05,2024-12-02,24,No,Display Failure,Manufacturing Defect,Yes,No,Yes,Yes,Yes,Not Applicable,No,0,Not Applicable,No,Not Applicable,Yes,Yes,No,No,No,0,891.5,0.0,0.99,Mobile App,Valid Claim,Edge,35,Dark,-1.08532,B0995
REC01384,CLM01362,CUS00531,PRD00342,Refrigerator,HomePro,HOM-REF-881,SN-74878836,2025-06-07,2025-09-14,2025-08-29,24,No,Power Failure,Electrical Failure,Yes,Yes,Yes,Yes,Yes,Not Applicable,No,0,Not Applicable,No,Not Applicable,Yes,Yes,No,No,No,1,519.46,0.0,0.912,Mobile App,Valid Claim,MobileWebView,29,System,1.77366,B0546
REC00778,CLM01363,CUS00445,PRD00466,Printer,PrimeView,PRI-PRI-507,SN-11222177,2025-06-21,2026-07-03,2025-05-03,36,No,Paper Feed Failure,Internal Component Failure,Yes,Yes,Yes,Yes,Yes,Not Applicable,No,0,Not Applicable,No,Not Applicable,Yes,Yes,No,No,No,0,563.27,0.0,0.858,Mobile App,Valid Claim,Safari,24,System,0.78586,B0745
REC00944,CLM01364,CUS00656,PRD00186,Television,PrimeView,PRI-TEL-126,SN-34890294,2025-09-18,2025-11-25,2025-11-20,36,No,Connectivity Issue,Manufacturing Defect,No,Yes,Yes,Yes,Yes,Yes,Yes,3,Yes,No,Not Applicable,Yes,Yes,No,No,No,3,1256.85,494.46,0.935,Web,Manual Review,MobileWebView,57,Dark,3.39323,B0051
REC01052,CLM01365,CUS00507,PRD00305,Air Conditioner,HomePro,HOM-AIR-733,SN-28573253,2025-05-11,2026-06-26,2026-06-06,24,No,Power Failure,Electrical Failure,Yes,Yes,No,Yes,Yes,Yes,Yes,3,Yes,No,Not Applicable,Yes,Yes,No,No,No,0,1014.22,,0.831,Service Center,Manual Review,Chrome,16,System,0.13863,B0374
REC00090,CLM01366,CUS00634,PRD00641,Laptop,,AST-LAP-297,SN-21857036,2023-09-26,2025-03-30,2025-03-28,24,No,Display Failure,Electrical Failure,Yes,Yes,Yes,,Yes,Not Applicable,No,0,Not Applicable,No,Not Applicable,Yes,Yes,No,No,No,0,241.28,0.0,0.983,Mobile App,Manual Review,Chrome,24,System,0.46429,B0910
REC00731,CLM01367,CUS00337,PRD00241,Laptop,Aster,AST-LAP-449,SN-35529679,2023-09-18,2025-06-25,2025-06-16,24,Yes,Display Failure,Manufacturing Defect,Yes,,Yes,Yes,No,,Yes,1,Yes,No,Not Applicable,Yes,Yes,No,No,No,1,1908.41,,0.722,Service Center,Manual Review,Chrome,39,System,0.44452,B0495
REC00721,CLM01368,CUS00171,PRD00247,Washing Machine,HomePro,HOM-WAS-713,SN-16769501,2025-04-19,2025-11-29,2025-11-21,24,No,Power Failure,Electrical Failure,Yes,Yes,Yes,Yes,,Not Applicable,No,0,Not Applicable,No,Not Applicable,Yes,Yes,No,No,No,2,1400.77,0.0,0.782,Web,Manual Review,Firefox,3,System,-1.62201,B0880
REC00337,CLM01369,CUS00340,PRD00131,Printer,HomePro,HOM-PRI-618,SN-98504985,2023-10-21,2023-12-27,2023-12-15,24,No,Paper Feed Failure,Electrical Failure,Yes,Yes,Yes,Yes,Yes,No,Yes,3,Yes,No,Not Applicable,Yes,Yes,No,No,No,0,269.89,502.67,0.884,Service Center,Valid Claim,MobileWebView,51,System,-2.23828,B0543
REC00455,CLM01370,CUS00684,PRD00274,Air Conditioner,ZenCore,ZEN-AIR-396,SN-31822999,2023-09-16,2024-07-05,2024-07-01,24,No,Power Failure,Electrical Failure,Yes,Yes,Yes,Yes,Yes,Not Applicable,No,0,Not Applicable,No,Not Applicable,Yes,Yes,No,No,No,0,,0.0,0.549,Email,Manual Review,Firefox,30,Dark,-0.37882,B0330
REC00552,CLM01371,CUS00340,PRD00190,Laptop,ZenCore,ZEN-LAP-450,SN-46323221,2025-05-16,2026-02-08,2026-01-19,36,No,Connectivity Issue,Electrical Failure,Yes,Yes,Yes,Yes,Yes,Not Applicable,No,0,Not Applicable,No,Not Applicable,Yes,Yes,No,No,No,2,229.59,0.0,0.974,Service Center,Valid Claim,Chrome,57,Dark,0.48748,B0852
REC01481,CLM01372,CUS00134,PRD00677,Camera,NovaTech,NOV-CAM-373,SN-69546626,2025-08-13,2026-01-06,2025-12-27,24,No,Power Failure,Internal Component Failure,Yes,Yes,Yes,Yes,Yes,Not Applicable,No,0,Not Applicable,No,Not Applicable,Yes,Yes,No,No,No,0,1821.63,0.0,0.906,Email,Valid Claim,Firefox,17,Light,-0.05052,B0488
REC00316,CLM01373,CUS00486,PRD00313,Air Conditioner,Aster,AST-AIR-100,SN-44478817,2025-05-02,2026-02-10,2026-01-12,24,No,Cooling Failure,Electrical Failure,Yes,Yes,Yes,No,Yes,Not Applicable,No,0,Not Applicable,No,Not Applicable,Yes,Yes,No,No,No,1,1188.05,0.0,0.945,Service Center,Manual Review,Edge,50,Light,-1.15167,B0002
REC01230,CLM01374,CUS00593,PRD00862,Printer,HomePro,HOM-PRI-171,SN-60691678,2024-12-31,2025-05-28,2025-05-10,12,No,Mechanical Failure,Internal Component Failure,Yes,No,Yes,,Yes,Yes,Yes,3,Yes,No,Not Applicable,Yes,Yes,No,No,No,1,911.0,303.68,0.937,Web,Valid Claim,Safari,4,Light,0.21182,B0076
REC-DUP-0009,CLM01375,CUS00098,PRD00249,Smartphone,PrimeView,PRI-SMA-893,SN-71071735,2025-03-31,2026-02-08,2026-01-26,36,No,Overheating,Electrical Failure,Yes,No,,Yes,No,Not Applicable,No,0,Not Applicable,No,Not Applicable,Yes,Yes,No,No,No,0,845.37,0.0,0.725,Email,Manual Review,Edge,28,Dark,-0.17705,B0431
REC00808,CLM01376,CUS00540,PRD00493,Laptop,NovaTech,NOV-LAP-236,SN-52671188,2024-07-14,2026-07-14,2026-06-27,12,Yes,Battery Problem,Electrical Failure,Yes,Yes,Yes,No,Yes,Not Applicable,No,0,Not Applicable,No,Not Applicable,Yes,Yes,No,No,No,2,1198.48,0.0,,Service Center,Manual Review,MobileWebView,59,Light,1.27487,B0877
REC00637,CLM01377,CUS00295,PRD00277,Laptop,ZenCore,ZEN-LAP-901,SN-65310908,2025-06-07,2025-08-28,2025-08-12,12,No,Overheating,Internal Component Failure,Yes,Yes,Yes,Yes,Yes,No,Yes,3,Yes,Yes,Yes,Yes,Yes,No,No,No,5,898.43,87.5,0.781,Web,Valid Claim,Chrome,57,Dark,-0.7918,B0275
REC01167,CLM01378,CUS00573,PRD00380,Television,HomePro,HOM-TEL-410,SN-23358895,2025-11-27,2026-07-22,2026-07-22,36,No,Power Failure,Electrical Failure,Yes,Yes,Yes,Yes,Yes,Not Applicable,No,0,Not Applicable,No,Not Applicable,Yes,Yes,No,No,No,1,467.17,0.0,0.704,Email,Valid Claim,Firefox,4,Light,0.10479,B0600
REC00746,CLM01379,CUS00483,PRD00022,Smartphone,Aster,AST-SMA-472,SN-67938269,2025-10-03,2026-06-20,2026-05-28,12,No,Power Failure,Internal Component Failure,Yes,,Yes,Yes,Yes,Not Applicable,No,0,Not Applicable,No,Not Applicable,Yes,Yes,No,No,No,1,73.06,0.0,0.722,Service Center,Valid Claim,Safari,51,Dark,0.5502,B0158
REC00562,CLM01380,CUS00304,PRD00806,Washing Machine,HomePro,HOM-WAS-809,SN-34806703,2023-11-14,2024-10-31,2024-10-28,12,No,Water Leakage,Electrical Failure,Yes,Yes,Yes,Yes,No,Not Applicable,No,0,Not Applicable,No,Not Applicable,Yes,Yes,No,No,No,1,182.7,,,Web,Manual Review,Firefox,47,Dark,0.51322,B0409
REC00717,CLM01381,CUS00572,PRD00312,Washing Machine,PrimeView,PRI-WAS-490,SN-21443018,2024-05-05,2024-08-24,2024-08-21,24,No,Mechanical Failure,Internal Component Failure,Yes,Yes,Yes,Yes,Yes,Not Applicable,No,0,Not Applicable,No,Not Applicable,Unknown,Yes,No,No,No,1,,0.0,0.916,Web,Manual Review,Firefox,14,System,-0.6919,B0730
REC00232,CLM01382,CUS00343,PRD00495,Printer,HomePro,HOM-PRI-765,SN-53052560,2023-01-12,2024-07-02,2024-06-24,24,No,Paper Feed Failure,Internal Component Failure,Yes,No,Yes,Yes,Yes,Not Applicable,No,0,Not Applicable,No,Not Applicable,Unknown,Yes,No,Yes,No,0,405.79,0.0,0.895,Web,Manual Review,Chrome,19,System,0.19896,B0557
REC00798,CLM01383,CUS00597,PRD00915,Smartphone,NovaTech,NOV-SMA-208,SN-80796438,2023-08-29,2024-01-14,2024-01-10,24,No,Power Failure,Electrical Failure,Yes,Yes,Yes,Yes,,,Yes,2,Yes,No,Not Applicable,Yes,Yes,No,No,No,2,225.05,504.39,0.763,Email,Valid Claim,Firefox,12,System,0.03813,B0637
REC00143,CLM01384,CUS00577,PRD00613,Printer,PrimeView,PRI-PRI-137,SN-65866245,2023-07-21,2025-02-13,2025-02-03,12,Yes,Mechanical Failure,Internal Component Failure,No,Yes,Yes,Yes,Yes,Yes,Yes,3,Yes,No,Not Applicable,Yes,Yes,No,No,No,0,77.54,365.44,0.817,Mobile App,Manual Review,Chrome,37,Dark,-1.98811,B0391
REC-DUP-0044,CLM01385,CUS00665,PRD00301,Camera,PrimeView,PRI-CAM-747,SN-61027957,2026-02-08,2026-07-15,2026-07-12,12,No,Lens Failure,Internal Component Failure,Yes,Yes,No,Yes,Yes,Not Applicable,No,0,Not Applicable,No,Not Applicable,Yes,Yes,No,No,No,1,961.02,0.0,,Web,Manual Review,Safari,33,System,0.85685,B0228
REC00372,CLM01386,CUS00575,PRD00155,Washing Machine,PrimeView,PRI-WAS-623,SN-25648631,2023-08-16,2026-05-20,2026-04-30,24,Yes,Mechanical Failure,Manufacturing Defect,Yes,Yes,Yes,No,Yes,No,Yes,3,Yes,No,Not Applicable,Unknown,Yes,No,No,No,1,807.23,468.52,0.822,Service Center,Manual Review,MobileWebView,7,System,0.9197,B0995
REC01399,CLM01387,CUS00509,PRD00947,Air Conditioner,ZenCore,ZEN-AIR-231,SN-48662871,2025-02-01,2026-05-01,2026-04-26,24,No,Cooling Failure,Manufacturing Defect,Yes,Yes,Yes,Yes,Yes,Not Applicable,No,0,Not Applicable,No,Not Applicable,Yes,No,No,No,No,1,,,0.876,Service Center,Manual Review,Edge,7,Dark,-0.66336,B0763
REC00988,CLM01388,CUS00420,PRD00604,Camera,Aster,AST-CAM-910,SN-67950670,2025-02-24,2025-05-11,2025-05-05,24,Yes,Battery Problem,Manufacturing Defect,,Yes,Yes,No,Yes,No,Yes,2,Yes,No,Not Applicable,Yes,Yes,No,No,No,0,518.52,251.02,0.834,Web,Manual Review,Safari,17,Dark,-0.40322,B0978
REC00434,CLM01389,CUS00031,PRD00175,Smartphone,Aster,,SN-77851625,2026-01-29,2026-04-04,2026-04-03,12,No,Power Failure,Internal Component Failure,No,Yes,Yes,Yes,No,Not Applicable,No,0,Not Applicable,No,Not Applicable,Yes,Yes,No,Yes,No,3,901.82,0.0,0.842,Service Center,Manual Review,Edge,36,Light,0.08872,B0617
REC01347,CLM01390,CUS00154,PRD00901,Washing Machine,HomePro,HOM-WAS-262,SN-31142786,2023-03-17,2024-02-26,2024-02-15,24,Yes,Mechanical Failure,Internal Component Failure,Yes,Yes,Yes,Yes,Yes,Not Applicable,No,0,Not Applicable,No,Not Applicable,Unknown,Yes,No,No,No,1,213.03,0.0,0.73,Web,Manual Review,Chrome,52,Dark,0.73829,B0635
REC00230,CLM01391,CUS00630,PRD00571,Air Conditioner,HomePro,HOM-AIR-897,SN-15890941,2023-07-17,2025-03-02,2025-02-20,36,No,Noise,Electrical Failure,Yes,No,Yes,Yes,Yes,Not Applicable,No,0,Not Applicable,No,Not Applicable,Yes,Yes,No,No,No,1,1066.97,0.0,0.916,Mobile App,Valid Claim,Chrome,41,Light,-0.7251,B0689
REC01396,CLM01392,CUS00382,PRD00337,Refrigerator,HomePro,HOM-REF-861,SN-28944529,2024-04-20,2026-06-18,2026-06-17,24,Yes,Water Leakage,Internal Component Failure,Yes,Yes,,Yes,Yes,Not Applicable,No,0,Not Applicable,No,Not Applicable,Yes,Yes,No,No,No,1,156.47,0.0,0.506,Mobile App,Manual Review,Chrome,7,Light,-0.57248,B0650
REC00585,CLM01393,CUS00207,PRD00580,Laptop,Aster,AST-LAP-663,SN-75896413,2024-04-15,2025-10-25,2025-10-04,24,No,Overheating,Manufacturing Defect,Yes,Yes,Yes,No,Yes,Not Applicable,No,0,Not Applicable,No,Not Applicable,Yes,Yes,No,No,No,2,916.9,0.0,,Web,Manual Review,Edge,28,Light,-1.61715,B0280
REC00865,CLM01394,CUS00244,PRD00102,Refrigerator,Aster,AST-REF-133,SN-58442426,2023-12-15,,2025-02-18,36,No,Power Failure,Internal Component Failure,Yes,Yes,Yes,No,Yes,Not Applicable,No,0,Not Applicable,No,Not Applicable,Yes,Yes,No,No,No,1,1004.73,0.0,0.871,Web,Manual Review,Chrome,16,System,0.14715,B0446
REC01483,CLM01395,CUS00287,PRD00248,Smartphone,PrimeView,PRI-SMA-845,SN-10159834,2026-01-06,2026-02-26,2026-02-22,24,No,Power Failure,Manufacturing Defect,Yes,Yes,Yes,Yes,Yes,Yes,Yes,3,Yes,No,Not Applicable,Yes,Yes,No,No,No,0,206.19,175.07,0.877,Mobile App,Valid Claim,Edge,13,Light,1.5002,B0485
REC00518,CLM01396,CUS00452,PRD00091,Washing Machine,HomePro,HOM-WAS-633,SN-40671781,2025-10-01,2026-07-27,2026-07-05,24,Yes,Mechanical Failure,Manufacturing Defect,Yes,Yes,,Yes,Yes,No,Yes,2,Yes,No,Not Applicable,Yes,Yes,No,No,No,1,679.3,52.5,0.74,Mobile App,Valid Claim,Edge,11,System,-0.00721,B0508
REC00296,CLM01397,CUS00136,PRD00114,Laptop,ZenCore,ZEN-LAP-165,SN-74787432,2024-06-09,2025-03-14,2025-03-14,12,No,Battery Problem,Internal Component Failure,Yes,Yes,Yes,No,,Not Applicable,No,0,Not Applicable,No,Not Applicable,Yes,Yes,No,No,Yes,0,1235.46,0.0,0.959,Web,Manual Review,Chrome,33,Dark,-0.50017,B0559
REC01405,CLM01398,CUS00280,PRD00147,Television,PrimeView,PRI-TEL-178,SN-92046648,,2024-03-24,2024-03-05,24,No,Connectivity Issue,Manufacturing Defect,No,Yes,Yes,Yes,Yes,Not Applicable,No,0,Not Applicable,No,Not Applicable,Yes,Yes,No,No,No,0,290.08,0.0,0.961,Service Center,Manual Review,MobileWebView,42,System,-1.46244,B0249
REC00182,CLM01399,CUS00291,PRD00126,Air Conditioner,Aster,AST-AIR-930,SN-78514643,2025-03-16,2025-12-19,2025-12-09,12,No,Noise,Internal Component Failure,Yes,Yes,Yes,Yes,Yes,Not Applicable,No,0,Not Applicable,No,Not Applicable,Yes,Yes,No,No,No,2,447.6,0.0,0.558,Web,Manual Review,Chrome,14,Dark,1.14483,B0985
REC00941,CLM01400,CUS00426,PRD00657,Laptop,NovaTech,NOV-LAP-955,SN-29307019,2023-10-23,2024-08-01,2024-07-25,36,No,Connectivity Issue,Internal Component Failure,Yes,Yes,Yes,,Yes,Not Applicable,No,0,Not Applicable,No,Not Applicable,Unknown,Yes,No,No,No,0,690.92,0.0,0.798,Mobile App,Manual Review,Edge,32,Light,-1.82779,B0865
REC00747,CLM01401,CUS00585,PRD00114,Refrigerator,ZenCore,ZEN-REF-737,SN-11699386,2024-11-22,2026-06-28,2026-06-17,24,No,Power Failure,Electrical Failure,Yes,Yes,Yes,Yes,,No,Yes,1,Unknown,No,Not Applicable,Yes,Yes,No,No,No,0,1412.29,,0.795,Service Center,Manual Review,MobileWebView,50,System,1.52889,B0127
REC01380,CLM01402,CUS00417,PRD00343,Printer,HomePro,HOM-PRI-121,SN-46334776,2024-03-25,2024-08-03,2024-07-23,12,Yes,Connectivity Issue,Manufacturing Defect,No,Yes,Yes,Yes,No,Yes,Yes,3,Yes,No,Not Applicable,Yes,Yes,No,No,No,1,622.84,372.58,0.966,Service Center,Manual Review,Chrome,20,Dark,0.11867,B0008
REC00646,CLM01403,CUS00180,PRD00252,Washing Machine,HomePro,HOM-WAS-581,SN-89756252,2023-08-19,2024-12-22,2024-11-27,36,No,Mechanical Failure,Internal Component Failure,Yes,Yes,Yes,Yes,No,Not Applicable,No,0,Not Applicable,No,Not Applicable,Unknown,Yes,No,No,No,1,196.89,0.0,0.748,Web,Manual Review,Edge,15,System,-0.77962,B0312
REC00796,CLM01404,CUS00202,PRD00979,Refrigerator,ZenCore,ZEN-REF-574,SN-88318009,2024-09-30,2026-07-09,2026-07-02,36,No,Noise,Internal Component Failure,Yes,Yes,Yes,Yes,Yes,Not Applicable,No,0,Not Applicable,No,Not Applicable,Yes,Yes,No,No,No,0,,0.0,0.888,Service Center,Valid Claim,Edge,3,System,1.4539,B0798
REC00997,CLM01405,CUS00001,PRD00273,Printer,HomePro,HOM-PRI-869,SN-66483722,2025-08-18,2026-05-22,2026-05-11,24,No,Paper Feed Failure,Internal Component Failure,Yes,Yes,Yes,Yes,Yes,Not Applicable,No,0,Not Applicable,No,Not Applicable,Yes,Yes,No,No,No,0,234.91,,0.876,Service Center,Valid Claim,Chrome,34,Dark,-0.33434,B0246
REC01092,CLM01406,CUS00524,PRD00431,Smartphone,NovaTech,NOV-SMA-518,SN-45959650,2025-11-10,2026-04-30,2026-04-27,24,Yes,Display Failure,Manufacturing Defect,Yes,Yes,Yes,No,No,,No,0,Not Applicable,No,Not Applicable,Yes,Yes,No,No,No,1,704.39,0.0,0.816,Web,Manual Review,Edge,8,System,-0.45854,B0365
REC00769,CLM01407,CUS00492,PRD00751,Air Conditioner,ZenCore,ZEN-AIR-832,SN-38961491,2025-02-27,2025-08-05,2025-08-02,24,No,Power Failure,Internal Component Failure,Yes,Yes,Yes,Yes,Yes,Yes,Yes,3,Yes,No,Not Applicable,Yes,Yes,No,No,No,0,1557.82,462.68,0.877,Web,Valid Claim,Chrome,17,Dark,1.22728,B0288
REC00924,CLM01408,CUS00495,PRD00577,Camera,NovaTech,NOV-CAM-421,SN-52822731,2023-07-19,2025-03-31,2025-03-14,36,No,Lens Failure,Internal Component Failure,Yes,Yes,Yes,Yes,,Not Applicable,No,0,Not Applicable,No,Not Applicable,Yes,Yes,No,No,No,0,294.1,0.0,0.601,Web,Manual Review,Edge,34,System,0.54533,B0818
REC-DUP-0031,CLM01409,CUS00246,PRD00797,Camera,NovaTech,NOV-CAM-533,SN-18553273,2023-10-16,2023-10-26,2023-10-16,12,No,Power Failure,Electrical Failure,Yes,No,Yes,Yes,No,Yes,Yes,2,Yes,No,Not Applicable,Yes,Yes,No,No,No,1,2052.88,484.35,0.609,Web,Manual Review,Chrome,31,System,0.14935,B0997
REC01026,CLM01410,CUS00266,PRD00134,Printer,HomePro,HOM-PRI-572,SN-28478950,2026-02-09,2026-03-12,2026-02-28,24,Yes,Mechanical Failure,Electrical Failure,Yes,Yes,Yes,,Yes,Yes,Yes,2,Yes,No,Not Applicable,Yes,Yes,No,No,No,1,,262.0,0.961,Service Center,Manual Review,Firefox,3,Light,-0.23858,B0289
REC00734,CLM01411,CUS00697,PRD00878,Laptop,Aster,,SN-15313482,2024-09-02,2025-09-18,2025-09-07,24,No,Connectivity Issue,Manufacturing Defect,Yes,Yes,Yes,Yes,Yes,No,Yes,2,Unknown,No,Not Applicable,Yes,Yes,No,No,Yes,1,462.41,429.0,0.52,Web,Manual Review,Firefox,52,Light,0.30445,B0621
REC00154,CLM01412,CUS00180,PRD00058,Smartphone,NovaTech,NOV-SMA-633,SN-50849975,2025-07-19,2026-08-18,2026-08-18,24,No,Battery Problem,Manufacturing Defect,No,Yes,Yes,Yes,Yes,Not Applicable,No,0,Not Applicable,No,Not Applicable,Yes,Yes,No,No,No,1,444.98,,0.946,Email,Manual Review,Firefox,19,System,-1.45048,B0165
REC01419,CLM01413,CUS00224,PRD00698,Laptop,NovaTech,NOV-LAP-540,SN-47563808,2024-06-09,2025-10-20,2025-10-06,24,Yes,Display Failure,Internal Component Failure,Yes,Yes,Yes,Yes,Yes,Not Applicable,No,0,Not Applicable,No,Not Applicable,Yes,Yes,No,No,No,0,1386.27,0.0,0.828,Web,Valid Claim,MobileWebView,13,Light,0.36721,B0757
REC00794,CLM01414,CUS00437,PRD00078,Television,Aster,AST-TEL-933,SN-97896605,2024-12-31,2025-08-03,2025-07-08,24,Yes,Connectivity Issue,Internal Component Failure,No,No,Yes,Yes,Yes,Not Applicable,No,0,Not Applicable,No,Not Applicable,Yes,Yes,No,No,No,0,1780.42,0.0,0.555,Web,Manual Review,Chrome,57,Dark,0.28658,B0038
REC00255,CLM01415,CUS00578,PRD00647,Refrigerator,ZenCore,ZEN-REF-692,SN-98326269,2025-06-22,2026-05-16,2026-05-08,12,No,Power Failure,Electrical Failure,Yes,Yes,Yes,Yes,Yes,Yes,Yes,2,Yes,No,Not Applicable,Yes,Yes,No,No,No,1,1929.48,158.61,0.757,Web,Valid Claim,Firefox,16,Light,-0.92254,B0674
REC00575,CLM01416,CUS00558,PRD00407,Camera,NovaTech,NOV-CAM-753,SN-94744102,2025-09-24,2026-08-26,2026-08-23,36,No,Power Failure,Electrical Failure,Yes,Yes,No,Yes,Yes,Yes,Yes,1,Yes,Yes,Yes,Yes,Yes,No,No,No,0,885.94,55.22,0.963,Web,Manual Review,Chrome,49,System,0.15167,B0256
REC00644,CLM01417,CUS00433,PRD00449,Air Conditioner,ZenCore,ZEN-AIR-261,SN-16186685,2023-02-01,2023-05-09,2023-04-18,12,Yes,Water Leakage,Manufacturing Defect,No,Yes,Yes,Yes,Yes,Yes,Yes,2,Yes,No,Not Applicable,Yes,Yes,No,No,No,1,333.65,118.56,,Mobile App,Manual Review,Chrome,14,Dark,-0.00321,B0006
REC00094,CLM01418,CUS00355,PRD00903,Printer,PrimeView,PRI-PRI-571,SN-96434208,2025-10-12,2026-07-10,2025-10-04,36,No,Power Failure,Electrical Failure,Yes,Yes,Yes,Yes,Yes,Yes,Yes,2,Yes,No,Not Applicable,Yes,Yes,No,No,No,0,725.85,562.56,0.743,Email,Valid Claim,Firefox,21,System,-0.44071,B0258
REC00276,CLM01419,CUS00006,PRD00560,Smartphone,Aster,AST-SMA-312,SN-17622989,2023-11-06,2025-03-29,2025-03-25,24,No,Display Failure,Electrical Failure,,Yes,Yes,Yes,Yes,Not Applicable,No,99,Not Applicable,No,Not Applicable,Yes,Yes,No,No,Yes,1,1045.02,0.0,0.907,Web,Manual Review,Firefox,8,Dark,-0.94153,B0117
REC00515,CLM01420,CUS00582,PRD00911,Smartphone,NovaTech,NOV-SMA-515,SN-36214111,2024-10-03,2026-02-25,2026-02-16,36,Yes,Display Failure,Internal Component Failure,Yes,Yes,Yes,Yes,No,Yes,Yes,3,Yes,No,Not Applicable,Yes,Yes,No,No,No,0,419.49,559.89,0.91,Web,Manual Review,MobileWebView,11,System,0.82838,B0021
REC00121,CLM01421,CUS00511,PRD00923,Laptop,NovaTech,NOV-LAP-874,SN-44105951,2025-04-28,2026-09-10,2026-08-25,12,Yes,Power Failure,Manufacturing Defect,,Yes,No,No,Yes,Not Applicable,No,0,Not Applicable,No,Not Applicable,Yes,Yes,No,No,No,0,399.94,0.0,0.846,Web,Manual Review,Firefox,42,System,0.2291,B0942
REC01297,CLM01422,CUS00273,PRD00771,Printer,HomePro,HOM-PRI-124,SN-63299137,2024-04-23,2024-11-26,2024-11-07,24,No,Mechanical Failure,Internal Component Failure,Yes,Yes,Yes,Yes,Yes,Yes,Yes,2,Yes,No,Not Applicable,Yes,Yes,No,No,No,1,375.15,434.85,0.894,Mobile App,Valid Claim,Firefox,10,System,0.69125,B0069
REC01207,CLM01423,CUS00231,PRD00957,Air Conditioner,ZenCore,ZEN-AIR-296,SN-77979474,2024-10-15,2026-05-27,2026-05-24,24,No,Power Failure,Internal Component Failure,Yes,No,Yes,Yes,,Not Applicable,No,0,Not Applicable,No,Not Applicable,Yes,Yes,No,No,No,0,1088.54,0.0,0.768,Web,Valid Claim,MobileWebView,7,System,0.2254,B0090
REC01485,CLM01424,CUS00207,PRD00796,Laptop,ZenCore,ZEN-LAP-215,SN-52372991,2025-10-18,2026-03-14,2026-02-26,36,Yes,Display Failure,Manufacturing Defect,Yes,,Yes,Yes,No,Not Applicable,No,0,Not Applicable,Yes,Yes,Yes,Yes,No,No,No,0,712.27,0.0,0.796,Web,Manual Review,Chrome,47,Dark,-1.32612,B0070
REC01467,CLM01425,CUS00293,PRD00387,Printer,PrimeView,PRI-PRI-909,SN-80890957,2025-09-29,2026-07-18,2026-07-01,12,No,Power Failure,Electrical Failure,Yes,Yes,Yes,Yes,Yes,,No,0,Not Applicable,No,Not Applicable,Yes,Yes,No,No,No,0,,0.0,0.851,Mobile App,Valid Claim,Edge,5,System,0.69613,B0038
REC01093,CLM01426,CUS00032,PRD00622,Refrigerator,HomePro,HOM-REF-432,SN-24627832,2023-03-21,2023-10-15,2023-10-06,12,Yes,Noise,Electrical Failure,Yes,Yes,Yes,Yes,Yes,,No,0,Not Applicable,No,Not Applicable,Yes,Yes,No,No,No,0,2451.55,0.0,0.914,Web,Valid Claim,Firefox,36,Light,-1.19657,B0726
REC00183,CLM01427,CUS00644,PRD00140,Printer,HomePro,HOM-PRI-195,SN-97465666,2023-03-09,2025-11-08,2025-10-28,36,No,Connectivity Issue,Manufacturing Defect,No,Yes,Yes,Yes,Yes,,Yes,1,Yes,No,Not Applicable,Yes,Yes,No,No,No,2,581.48,257.37,0.635,Web,Manual Review,Firefox,42,Dark,-0.72086,B0590
REC00484,CLM01428,CUS00288,PRD00378,Printer,NovaTech,NOV-PRI-585,SN-55563719,2024-11-21,2026-03-07,2026-02-20,24,No,Power Failure,Electrical Failure,Yes,No,Yes,Yes,Yes,Not Applicable,No,0,Not Applicable,Yes,Yes,Yes,Yes,No,No,No,0,810.97,0.0,0.918,Service Center,Valid Claim,Edge,49,System,-0.28567,B0789
REC00016,CLM01429,CUS00015,PRD00038,Smartphone,NovaTech,NOV-SMA-630,SN-26235187,2025-11-19,2026-07-26,2026-07-16,12,No,Overheating,Manufacturing Defect,Yes,Yes,Yes,Yes,Yes,Not Applicable,No,0,Not Applicable,No,Not Applicable,Yes,Yes,No,No,No,0,212.72,,0.737,Web,Valid Claim,Chrome,12,Dark,-1.02789,B0761
REC00921,CLM01430,CUS00649,PRD00979,Camera,PrimeView,PRI-CAM-889,SN-40994994,2023-06-23,2024-12-24,2024-12-02,24,No,Display Failure,Internal Component Failure,No,Yes,Yes,Yes,Yes,Yes,Yes,1,Yes,No,Not Applicable,Yes,Yes,No,No,No,3,1553.22,179.54,0.807,Web,Manual Review,Edge,35,Light,1.45634,B0886
REC01091,CLM01431,CUS00398,PRD00842,Television,HomePro,HOM-TEL-996,SN-19349502,2025-05-21,2026-05-06,2026-04-18,12,No,Connectivity Issue,Internal Component Failure,Yes,,Yes,No,Yes,Yes,Yes,1,Unknown,No,Not Applicable,Yes,Yes,No,No,No,0,1076.2,372.44,0.535,Mobile App,Manual Review,Edge,34,Light,0.08183,B0762
REC00787,CLM01432,CUS00283,PRD00651,Laptop,ZenCore,ZEN-LAP-937,SN-26380069,2024-01-13,2024-06-10,2024-05-21,24,No,Battery Problem,Manufacturing Defect,Yes,Yes,Yes,Yes,Yes,Not Applicable,No,0,Not Applicable,No,Not Applicable,Yes,Yes,No,No,No,0,210.64,0.0,0.967,Service Center,Valid Claim,Edge,45,Dark,-0.64778,B0872
REC00065,CLM01433,CUS00253,PRD00329,Refrigerator,ZenCore,ZEN-REF-132,SN-47310588,2023-06-07,2025-07-23,2025-07-05,36,Yes,Power Failure,Electrical Failure,Yes,Yes,Yes,Yes,Yes,Not Applicable,No,0,Not Applicable,No,Not Applicable,Yes,Yes,No,No,No,1,619.93,0.0,0.743,Web,Valid Claim,Chrome,12,System,1.37305,B0043
REC00332,CLM01434,CUS00618,PRD00141,Printer,PrimeView,PRI-PRI-709,SN-77396043,2024-08-13,2024-08-26,2024-08-22,36,No,Mechanical Failure,Manufacturing Defect,Yes,No,Yes,Yes,Yes,Yes,Yes,2,Yes,No,Not Applicable,Yes,Yes,No,No,No,1,294.05,528.47,0.804,Service Center,Valid Claim,MobileWebView,3,Dark,-0.42008,B0462
REC00654,CLM01435,CUS00209,PRD00251,Laptop,NovaTech,NOV-LAP-591,SN-50529033,2023-05-16,2023-10-10,2023-09-15,24,No,Overheating,Electrical Failure,Yes,Yes,Yes,Yes,,Yes,Yes,3,Yes,No,Not Applicable,Yes,Yes,No,No,No,0,1115.12,31.47,0.86,Web,Valid Claim,Firefox,38,System,0.45105,B0855
REC01062,CLM01436,CUS00095,PRD00297,Washing Machine,HomePro,HOM-WAS-325,SN-98356647,2023-10-30,2025-09-16,2025-08-22,24,No,Noise,Internal Component Failure,,Yes,Yes,Yes,Yes,Not Applicable,No,0,Not Applicable,No,Not Applicable,Yes,Yes,No,No,No,1,277.57,0.0,0.88,Mobile App,Valid Claim,Chrome,11,Light,-2.47241,B0160
REC00338,CLM01437,CUS00018,PRD00499,Printer,NovaTech,NOV-PRI-384,SN-83704219,2025-12-18,2026-06-28,2026-06-25,12,No,Paper Feed Failure,Internal Component Failure,No,Yes,Yes,Yes,Yes,Not Applicable,No,0,Not Applicable,No,Not Applicable,Yes,Yes,No,No,No,1,64.17,,0.809,Web,Manual Review,Safari,45,System,-0.82995,B0891
REC-DUP-0015,CLM01438,CUS00446,PRD00379,Camera,PrimeView,PRI-CAM-593,SN-64347705,2023-03-27,2023-07-13,2023-06-27,12,No,Battery Problem,Internal Component Failure,,Yes,Yes,Yes,Yes,Yes,Yes,2,Yes,No,Not Applicable,Yes,Yes,No,No,No,0,1140.8,166.5,0.783,Mobile App,Valid Claim,Safari,59,Dark,-0.0671,B0564
REC01225,CLM01439,CUS00365,PRD00101,Camera,Aster,AST-CAM-283,SN-79062511,2025-02-14,2025-07-22,2025-07-06,12,Yes,Battery Problem,Electrical Failure,Yes,Yes,Yes,No,Yes,Yes,Yes,2,Yes,No,Not Applicable,Yes,Yes,No,No,No,0,2418.37,352.28,0.8,Mobile App,Manual Review,MobileWebView,39,Light,1.07308,B0602
REC00967,CLM01440,CUS00503,PRD00745,Printer,PrimeView,PRI-PRI-384,SN-28299899,2024-12-22,2026-09-04,2026-08-24,24,No,Paper Feed Failure,Electrical Failure,Yes,Yes,No,Yes,Yes,Not Applicable,No,0,Not Applicable,No,Not Applicable,Yes,Yes,No,No,No,1,573.95,0.0,0.814,Service Center,Manual Review,Edge,9,Dark,0.52014,B0065
REC00641,CLM01441,CUS00652,PRD00614,Washing Machine,HomePro,HOM-WAS-236,SN-57556759,2024-08-03,2025-07-10,2025-07-09,24,No,Noise,Electrical Failure,Yes,Yes,Yes,Yes,No,Not Applicable,No,0,Not Applicable,Yes,No,Yes,Yes,No,Yes,No,2,122.55,0.0,0.856,Web,Manual Review,Chrome,24,Light,1.13771,B0319
REC01161,CLM01442,CUS00365,PRD00909,Printer,PrimeView,PRI-PRI-191,SN-56413707,2025-12-30,2026-08-08,2026-08-03,36,No,Power Failure,Electrical Failure,Yes,Yes,Yes,Yes,Yes,Not Applicable,No,0,Not Applicable,No,Not Applicable,Yes,Yes,No,No,No,0,176.01,0.0,0.975,Web,Valid Claim,Chrome,27,Light,-0.00765,B0447
REC01060,CLM01443,CUS00551,PRD00707,Washing Machine,HomePro,HOM-WAS-801,SN-57162604,2025-11-09,2026-04-28,2026-04-22,24,No,Mechanical Failure,Internal Component Failure,Yes,Yes,Yes,Yes,Yes,Yes,Yes,2,Yes,No,Not Applicable,Yes,Yes,No,No,No,2,285.68,,0.972,Mobile App,Valid Claim,Safari,48,Dark,-1.17153,B0115
REC00877,CLM01444,CUS00671,PRD00449,Smartphone,Aster,AST-SMA-111,SN-66367979,2025-05-26,2025-10-23,2025-10-05,12,No,Power Failure,Manufacturing Defect,Yes,Yes,No,Yes,No,Not Applicable,No,0,Not Applicable,No,Not Applicable,Yes,Yes,No,No,No,0,845.79,0.0,0.848,Email,Manual Review,MobileWebView,48,Dark,-0.76063,B0454
REC00661,CLM01445,CUS00641,PRD00417,Laptop,NovaTech,NOV-LAP-496,SN-26113535,2025-06-16,2026-04-29,2026-04-06,24,No,Connectivity Issue,Internal Component Failure,Yes,Yes,Yes,No,Yes,No,Yes,2,Yes,No,Not Applicable,Yes,Yes,No,No,No,1,1298.08,372.41,0.894,Web,Manual Review,MobileWebView,1,Dark,-1.08376,B0906
REC00703,CLM01446,CUS00185,PRD00490,Smartphone,PrimeView,PRI-SMA-555,SN-27763822,2026-01-03,2026-09-01,2026-08-03,24,No,Power Failure,Internal Component Failure,Yes,No,,Yes,Yes,Not Applicable,No,0,Not Applicable,No,Not Applicable,Yes,Yes,No,No,No,1,47.53,0.0,0.94,Service Center,Valid Claim,Firefox,9,Dark,-0.39972,B0565
REC00904,CLM01447,CUS00332,PRD00659,Television,PrimeView,PRI-TEL-427,SN-74446735,2024-09-27,2024-11-27,2024-11-13,24,No,Power Failure,Electrical Failure,Yes,Yes,Yes,Yes,Yes,No,Yes,2,Yes,Yes,No,Yes,Yes,No,No,No,0,128.23,219.14,0.834,Web,Valid Claim,Firefox,4,Light,-0.52433,B0490
REC00211,CLM01448,CUS00213,PRD00530,Refrigerator,ZenCore,ZEN-REF-709,SN-75717349,2026-01-10,2026-02-22,2026-02-03,24,Yes,Water Leakage,Electrical Failure,Yes,,Yes,Yes,Yes,Not Applicable,No,0,Not Applicable,Yes,Yes,Yes,Yes,No,No,No,0,217.39,,0.94,Web,Valid Claim,Safari,26,Light,-1.35663,B0782
REC00927,CLM01449,CUS00503,PRD00302,Smartphone,Aster,AST-SMA-468,SN-58448411,2023-03-29,2023-04-24,2023-04-06,24,No,Power Failure,Electrical Failure,Yes,Yes,Yes,Yes,Yes,Not Applicable,No,0,Not Applicable,No,Not Applicable,Yes,Yes,No,No,No,2,575.99,0.0,0.612,Email,Manual Review,Chrome,25,Light,0.03284,B0162
REC00848,CLM01450,CUS00336,PRD00740,Camera,NovaTech,NOV-CAM-418,SN-66347203,2025-07-28,2026-01-07,2025-12-28,12,No,Power Failure,Manufacturing Defect,Yes,Yes,Yes,Yes,Yes,Not Applicable,No,0,Not Applicable,No,Not Applicable,Yes,Yes,No,No,No,0,259.63,0.0,0.961,Mobile App,Valid Claim,Safari,2,Dark,0.51729,B0746
REC00555,CLM01451,CUS00281,PRD00450,Laptop,NovaTech,NOV-LAP-840,SN-81736984,2023-10-05,2024-05-29,2024-04-29,12,No,Display Failure,Internal Component Failure,Yes,Yes,Yes,Yes,Yes,Not Applicable,No,0,Not Applicable,No,Not Applicable,Yes,Yes,No,Yes,No,0,178.33,0.0,0.96,Web,Valid Claim,Chrome,13,System,-3.35081,B0683
REC00264,CLM01452,CUS00270,PRD00107,Television,Aster,AST-TEL-489,SN-10288779,2023-09-20,2024-05-08,2024-05-03,12,No,Display Failure,Internal Component Failure,Yes,,Yes,,Yes,Not Applicable,No,0,Not Applicable,No,Not Applicable,Yes,Yes,No,No,No,0,49.29,0.0,0.935,Service Center,Valid Claim,Chrome,31,Light,1.24786,B0417
REC00705,CLM01453,CUS00337,PRD00095,Washing Machine,PrimeView,PRI-WAS-698,SN-98825776,2024-09-27,2025-01-10,2025-01-06,12,No,Water Leakage,Internal Component Failure,Yes,No,Yes,Yes,Yes,Yes,Yes,3,Yes,No,Not Applicable,Yes,Yes,No,No,No,0,1201.12,360.61,0.825,Mobile App,Valid Claim,Safari,45,Dark,-0.0017,B0545
REC01299,CLM01454,CUS00410,PRD00126,Air Conditioner,ZenCore,ZEN-AIR-394,SN-62982229,2024-09-17,2025-09-10,2025-08-11,24,No,Water Leakage,Electrical Failure,Yes,Yes,Yes,No,Yes,Yes,Yes,3,Yes,No,Not Applicable,Yes,Yes,No,No,No,1,761.04,413.75,0.87,Email,Manual Review,Safari,58,System,-1.04867,B0092
REC00274,CLM01455,CUS00012,PRD00759,Printer,NovaTech,NOV-PRI-790,SN-79333828,2025-03-13,2026-04-06,2026-03-30,36,No,Power Failure,Internal Component Failure,Yes,No,Yes,Yes,No,Not Applicable,No,0,Not Applicable,No,Not Applicable,Yes,Yes,No,No,No,1,822.75,0.0,,Web,Manual Review,Firefox,36,Dark,0.96452,B0709
REC00764,CLM01456,CUS00098,PRD00915,Smartphone,Aster,AST-SMA-829,SN-21672870,2023-09-19,2024-07-18,2024-06-30,24,No,Battery Problem,Electrical Failure,Yes,Yes,Yes,Yes,Yes,Not Applicable,No,0,Not Applicable,No,Not Applicable,Yes,Yes,No,No,No,1,392.42,0.0,0.972,Web,Valid Claim,MobileWebView,18,System,-0.97881,B0253
REC00146,CLM01457,CUS00012,PRD00904,Camera,PrimeView,PRI-CAM-874,SN-57383108,2025-07-29,2025-11-14,2025-11-08,24,Yes,Battery Problem,Manufacturing Defect,Yes,Yes,Yes,No,Yes,Not Applicable,No,0,Not Applicable,No,Not Applicable,Yes,Yes,No,No,No,0,186.54,0.0,0.805,Service Center,Manual Review,MobileWebView,5,Light,-1.46436,B0881
REC00762,CLM01458,CUS00521,PRD00648,Camera,NovaTech,NOV-CAM-955,SN-61668199,2025-05-17,2025-06-05,2025-05-30,24,No,Power Failure,Electrical Failure,Yes,Yes,Yes,Yes,Yes,Yes,Yes,1,Yes,No,Not Applicable,Yes,Yes,No,No,No,0,998.15,634.96,0.797,Mobile App,Valid Claim,Chrome,36,System,-0.72068,B0511
REC00781,CLM01459,CUS00557,PRD00877,Refrigerator,ZenCore,ZEN-REF-283,SN-92286114,2024-08-29,2025-10-25,2025-10-09,36,Yes,Cooling Failure,Electrical Failure,Yes,Yes,Yes,Yes,No,Yes,Yes,3,Yes,No,Not Applicable,Yes,Yes,No,No,No,1,702.53,200.21,0.853,Email,Manual Review,Chrome,47,Light,-0.33183,B0943
REC01012,CLM01460,CUS00205,PRD00952,Laptop,Aster,AST-LAP-161,SN-92081741,2025-04-21,2025-08-13,2025-08-05,36,Yes,Connectivity Issue,Internal Component Failure,Yes,Yes,,Yes,Yes,Not Applicable,No,0,Not Applicable,No,Not Applicable,Yes,Yes,No,No,No,1,800.06,,0.732,Service Center,Valid Claim,Chrome,0,Light,0.52621,B0026
REC01325,CLM01461,CUS00631,PRD00692,Smartphone,NovaTech,NOV-SMA-435,SN-60426325,2024-12-01,2025-05-31,2025-05-16,24,No,Battery Problem,Manufacturing Defect,Yes,No,Yes,No,Yes,Not Applicable,No,0,Not Applicable,No,Not Applicable,Yes,Yes,No,No,No,1,115.05,0.0,0.825,Web,Manual Review,Chrome,54,Light,0.15318,B0548
REC01440,CLM01462,CUS00324,PRD00380,Printer,NovaTech,NOV-PRI-656,SN-94315269,2025-10-16,2026-07-25,2026-06-29,24,No,Mechanical Failure,Manufacturing Defect,Yes,No,Yes,Yes,,Not Applicable,No,,Not Applicable,No,Not Applicable,Unknown,Yes,No,No,No,1,640.35,0.0,0.899,Web,Manual Review,Edge,17,Light,0.71866,B0717
REC01340,CLM01463,CUS00537,PRD00815,Laptop,ZenCore,ZEN-LAP-316,SN-34145980,2026-01-25,2026-06-02,2026-05-20,36,No,Power Failure,Manufacturing Defect,Yes,Yes,Yes,No,No,Not Applicable,No,0,Not Applicable,No,Not Applicable,Yes,Yes,No,No,No,0,110.17,0.0,0.98,Service Center,Manual Review,MobileWebView,11,Light,1.12961,B0978
REC00036,CLM01464,CUS00364,PRD00352,Refrigerator,HomePro,HOM-REF-358,SN-23037106,2023-04-04,2024-07-25,2024-07-15,36,No,Mechanical Failure,Internal Component Failure,Yes,No,Yes,Yes,Yes,Yes,Yes,1,Yes,No,Not Applicable,Yes,Yes,No,No,No,0,56.33,394.66,0.731,Service Center,Valid Claim,Chrome,57,Light,-1.8866,B0185
REC00631,CLM01465,CUS00126,PRD00381,Laptop,ZenCore,ZEN-LAP-396,,2024-07-23,2025-09-14,2025-08-30,36,No,Connectivity Issue,Electrical Failure,Yes,Yes,,Yes,Yes,Yes,Yes,1,Yes,No,Not Applicable,Yes,Yes,No,No,No,0,658.33,379.7,0.737,Mobile App,Valid Claim,Edge,9,Dark,0.88936,B0480
REC01204,CLM01466,CUS00101,PRD00147,Laptop,Aster,AST-LAP-480,SN-68633819,2025-04-05,2025-05-13,2025-04-16,36,No,Battery Problem,Electrical Failure,Yes,Yes,Yes,Yes,Yes,Not Applicable,No,0,Not Applicable,No,Not Applicable,Yes,Yes,No,No,No,1,146.04,0.0,0.878,Web,Valid Claim,MobileWebView,38,Light,-1.05103,B0934
REC00816,CLM01467,CUS00081,PRD00842,Camera,PrimeView,PRI-CAM-387,SN-10660865,2025-05-09,2026-06-23,2026-06-18,24,Yes,Display Failure,Internal Component Failure,Yes,Yes,Yes,Yes,Yes,Not Applicable,No,0,Not Applicable,No,Not Applicable,Yes,Yes,No,No,No,2,265.18,0.0,0.814,Email,Valid Claim,Chrome,32,System,-1.1884,B0645
REC00642,CLM01468,CUS00301,PRD00064,Washing Machine,ZenCore,ZEN-WAS-474,SN-78041546,2023-09-24,2024-11-29,2024-11-10,12,Yes,Noise,Internal Component Failure,Yes,Yes,Yes,Yes,Yes,Not Applicable,No,0,Not Applicable,No,Not Applicable,Yes,Yes,No,No,No,1,560.11,0.0,0.747,Web,Valid Claim,Chrome,32,System,3.02731,B0646
REC00030,CLM01469,CUS00397,PRD00437,Printer,PrimeView,PRI-PRI-227,SN-92824902,2023-10-01,2025-06-05,2025-05-18,24,Yes,Connectivity Issue,Internal Component Failure,Yes,Yes,Yes,Yes,No,Yes,Yes,3,Yes,Yes,Yes,Yes,Yes,No,No,No,0,,154.75,0.87,Web,Manual Review,Firefox,37,Light,-0.31344,B0061
REC00280,CLM01470,CUS00268,PRD00584,Air Conditioner,Aster,AST-AIR-322,SN-16314420,2024-05-19,2025-04-19,2025-04-11,24,No,Power Failure,Manufacturing Defect,Yes,Yes,Yes,Yes,Yes,Not Applicable,No,0,Not Applicable,No,Not Applicable,Yes,Yes,No,No,Yes,0,1762.26,0.0,0.822,Web,Manual Review,Chrome,44,System,0.93034,B0722
REC01157,CLM01471,CUS00252,PRD00982,Smartphone,PrimeView,PRI-SMA-266,SN-25178951,2025-11-08,2026-09-09,2026-08-31,36,Yes,Battery Problem,Internal Component Failure,Yes,Yes,Yes,Yes,,,No,0,Not Applicable,No,Not Applicable,Yes,No,No,No,No,0,124.61,0.0,0.823,Mobile App,Manual Review,Safari,34,System,0.16787,B0805
REC01320,CLM01472,CUS00630,PRD00426,Television,Aster,AST-TEL-881,SN-33308857,2023-02-05,2025-02-25,2025-02-19,36,No,Audio Failure,Manufacturing Defect,Yes,No,Yes,No,Yes,Not Applicable,No,0,Not Applicable,Yes,Yes,Yes,Yes,No,No,No,0,1499.05,0.0,,Mobile App,Manual Review,Safari,17,System,1.43242,B0957
REC00124,CLM01473,CUS00670,PRD00979,Refrigerator,ZenCore,ZEN-REF-258,SN-93211062,2025-08-28,2025-09-20,2025-09-01,12,Yes,Mechanical Failure,Manufacturing Defect,No,No,Yes,No,Yes,Not Applicable,No,0,Not Applicable,No,Not Applicable,Yes,Yes,No,No,No,1,88.13,,0.893,Web,Manual Review,Safari,45,System,0.26069,B0761
REC00120,CLM01474,CUS00440,PRD00659,Washing Machine,ZenCore,ZEN-WAS-365,SN-39378494,2024-03-26,2024-09-18,2024-08-30,12,No,Water Leakage,Internal Component Failure,,Yes,Yes,No,Yes,Yes,Yes,3,Yes,No,Not Applicable,Yes,Yes,No,No,No,0,320.51,581.54,0.726,Service Center,Manual Review,Edge,0,Light,0.27902,B0077
REC00393,CLM01475,CUS00522,PRD00344,Television,HomePro,HOM-TEL-406,SN-74695310,2025-09-30,2026-07-18,2026-06-29,12,Yes,Power Failure,Manufacturing Defect,,Yes,Yes,Yes,No,Not Applicable,No,0,Not Applicable,No,Not Applicable,Yes,Yes,No,No,No,1,465.85,0.0,,Mobile App,Manual Review,Edge,23,System,-0.36168,B0920
REC01050,CLM01476,CUS00515,PRD00274,Refrigerator,ZenCore,ZEN-REF-662,SN-40588497,2025-02-12,2025-02-17,2025-02-15,24,No,Noise,Manufacturing Defect,Yes,Yes,Yes,No,Yes,Yes,Yes,2,Yes,No,Not Applicable,Yes,Yes,No,No,No,0,1151.11,208.74,0.912,Service Center,Manual Review,Chrome,37,System,-0.54921,B0820
REC00834,CLM01477,CUS00001,PRD00249,Laptop,NovaTech,NOV-LAP-548,SN-27963429,2025-06-09,2026-04-05,2026-03-21,12,No,Connectivity Issue,Manufacturing Defect,Yes,No,No,No,Yes,Yes,Yes,3,Yes,Yes,Yes,Yes,Yes,No,No,No,1,1412.86,263.04,0.895,Mobile App,Manual Review,Safari,47,Light,-0.92536,B0324
REC01336,CLM01478,CUS00526,PRD00229,Smartphone,Aster,AST-SMA-447,SN-36045991,2025-09-24,2026-01-08,2025-12-23,12,No,Battery Problem,Internal Component Failure,Yes,Yes,Yes,No,Yes,Not Applicable,No,0,Not Applicable,Yes,Yes,Yes,Yes,No,No,No,0,1263.58,0.0,0.713,Service Center,Manual Review,Chrome,21,Dark,-0.73069,B0734
REC01307,CLM01479,CUS00138,PRD00421,Laptop,Aster,AST-LAP-240,,2024-03-09,2024-08-05,2024-07-24,12,No,Connectivity Issue,Internal Component Failure,No,Yes,Yes,Yes,Yes,Not Applicable,No,0,Not Applicable,No,Not Applicable,Yes,Yes,No,No,No,0,462.9,0.0,0.959,Web,Manual Review,Firefox,42,System,0.82668,B0019
REC00623,CLM01480,CUS00449,PRD00394,Laptop,NovaTech,NOV-LAP-951,SN-95512686,2025-11-08,2026-07-05,2026-06-19,24,No,Display Failure,Manufacturing Defect,Yes,Yes,Yes,Yes,No,Not Applicable,No,0,Not Applicable,No,Not Applicable,Yes,Yes,No,No,No,0,1197.39,0.0,0.947,Mobile App,Manual Review,Firefox,49,System,0.45593,B0563
REC00896,CLM01481,CUS00453,PRD00646,Air Conditioner,ZenCore,ZEN-AIR-844,SN-31980463,2025-09-01,2026-01-28,2026-01-12,12,No,Noise,Internal Component Failure,No,Yes,Yes,Yes,Yes,Not Applicable,No,0,Not Applicable,No,Not Applicable,Yes,Yes,No,No,No,0,1300.49,0.0,0.768,Web,Manual Review,Edge,17,System,-0.6115,B0768
REC01143,CLM01482,CUS00640,PRD00726,Refrigerator,ZenCore,ZEN-REF-524,SN-39735412,2023-09-07,2023-09-13,2023-09-07,36,No,Noise,Electrical Failure,Yes,,Yes,Yes,Yes,Not Applicable,No,0,Not Applicable,No,Not Applicable,Yes,No,No,No,No,2,1336.27,0.0,0.734,Mobile App,Manual Review,Chrome,33,Dark,0.14778,B0765
REC00069,CLM01483,CUS00072,PRD00470,Washing Machine,ZenCore,ZEN-WAS-260,SN-15389677,2024-07-03,2024-12-11,2024-12-08,36,No,Power Failure,Manufacturing Defect,No,Yes,Yes,Yes,Yes,Not Applicable,No,0,Not Applicable,No,Not Applicable,Yes,Yes,No,No,No,0,311.48,0.0,0.57,Mobile App,Manual Review,Safari,20,System,-1.12159,B0443
REC00754,CLM01484,CUS00286,PRD00830,Printer,PrimeView,PRI-PRI-941,SN-61091043,2025-10-15,2026-05-03,2026-04-12,24,No,Power Failure,Electrical Failure,No,Yes,No,Yes,Yes,Not Applicable,No,0,Not Applicable,No,Not Applicable,Yes,Yes,No,No,No,1,399.91,0.0,0.736,Mobile App,Manual Review,Chrome,9,Light,-1.36575,B0484
REC00066,CLM01485,CUS00383,PRD00816,Camera,PrimeView,PRI-CAM-995,SN-85008056,2024-03-08,2025-07-13,2025-07-09,24,No,Battery Problem,Electrical Failure,Yes,Yes,Yes,Yes,Yes,Not Applicable,No,0,Not Applicable,No,Not Applicable,Yes,No,No,No,No,1,380.47,0.0,0.823,Mobile App,Manual Review,Edge,2,Light,-0.72459,B0015
REC01016,CLM01486,CUS00071,PRD00563,Refrigerator,ZenCore,ZEN-REF-219,SN-70523528,2026-01-01,2026-01-14,2026-01-12,36,No,Noise,Internal Component Failure,Yes,Yes,Yes,Yes,Yes,,No,0,Not Applicable,No,Not Applicable,Yes,Yes,No,No,No,1,1528.14,0.0,0.552,Email,Manual Review,Chrome,45,Dark,-0.32055,B0245
REC01221,CLM01487,CUS00536,PRD00186,Refrigerator,ZenCore,ZEN-REF-423,SN-65416373,2023-10-12,2024-09-17,2024-09-10,24,No,Noise,Internal Component Failure,No,No,Yes,Yes,,,No,0,Not Applicable,No,Not Applicable,Yes,Yes,No,No,No,1,1122.66,,0.985,Email,Manual Review,Edge,31,Dark,0.12151,B0379
REC00540,CLM01488,CUS00181,PRD00500,Air Conditioner,ZenCore,ZEN-AIR-362,SN-48466407,2025-09-24,2026-01-24,2026-01-08,12,No,Noise,Electrical Failure,Yes,Yes,Yes,Yes,Yes,Not Applicable,No,0,Not Applicable,No,Not Applicable,Yes,No,No,No,No,0,1879.47,0.0,0.937,Web,Manual Review,Chrome,51,System,1.03521,B0659
REC00477,CLM01489,CUS00275,PRD00165,Washing Machine,HomePro,HOM-WAS-332,SN-86617970,2023-09-22,2025-08-27,2025-08-07,36,No,Mechanical Failure,Manufacturing Defect,No,Yes,Yes,Yes,Yes,,No,0,Not Applicable,No,Not Applicable,Yes,Yes,No,No,No,0,499.08,0.0,0.787,Web,Manual Review,MobileWebView,7,Dark,0.96699,B0219
REC00158,CLM01490,CUS00490,PRD00092,Camera,NovaTech,NOV-CAM-789,SN-29645269,2025-01-13,,2025-03-10,12,No,Connectivity Issue,Internal Component Failure,No,Yes,Yes,Yes,Yes,Not Applicable,No,0,Not Applicable,Yes,Yes,Yes,Yes,No,No,No,1,2756.5,0.0,0.869,Web,Manual Review,Safari,10,System,0.31272,B0650
REC00054,CLM01491,CUS00320,PRD00521,Refrigerator,HomePro,HOM-REF-626,SN-29559209,2023-04-28,2023-09-13,2023-09-09,24,No,Power Failure,Manufacturing Defect,Yes,No,No,Yes,Yes,Not Applicable,No,0,Not Applicable,No,Not Applicable,Yes,Yes,No,No,Yes,2,515.59,0.0,0.755,Service Center,Manual Review,MobileWebView,3,Dark,0.35688,B0006
REC01471,CLM01492,CUS00378,PRD00305,Television,HomePro,HOM-TEL-539,SN-23982232,2025-11-27,2026-03-14,2026-03-14,24,No,Power Failure,Internal Component Failure,Yes,Yes,Yes,No,,Not Applicable,No,0,Not Applicable,Yes,Yes,Yes,Yes,No,No,No,0,640.18,0.0,0.785,Web,Manual Review,Firefox,12,Light,-0.05176,B0311
REC00101,CLM01493,CUS00059,PRD00264,Air Conditioner,HomePro,HOM-AIR-368,SN-40445509,2025-12-23,2026-06-29,2026-06-15,12,No,Power Failure,Internal Component Failure,No,Yes,Yes,Yes,Yes,Not Applicable,No,0,Not Applicable,No,Not Applicable,Yes,Yes,No,No,No,1,2193.26,0.0,0.799,Mobile App,Manual Review,Chrome,19,System,0.30005,B0792
REC00526,CLM01494,CUS00411,PRD00985,Refrigerator,ZenCore,ZEN-REF-706,SN-86029233,2023-07-20,2024-06-08,2024-06-04,24,Yes,Noise,Manufacturing Defect,,Yes,Yes,Yes,No,Not Applicable,No,0,Not Applicable,No,Not Applicable,Yes,Yes,No,No,No,0,1169.22,0.0,0.784,Service Center,Manual Review,Safari,24,Light,0.99628,B0932
REC00199,CLM01495,CUS00640,PRD00982,Television,Aster,AST-TEL-296,SN-23336147,2025-12-31,2026-04-22,2026-04-16,12,No,Audio Failure,Manufacturing Defect,No,No,Yes,Yes,Yes,Yes,Yes,3,Yes,No,Not Applicable,Yes,Yes,No,No,No,1,1949.63,,0.923,Web,Manual Review,Safari,40,Light,0.93522,B0627
REC00737,CLM01496,CUS00431,PRD00214,Laptop,NovaTech,NOV-LAP-109,SN-93854304,2025-01-02,2025-06-04,2025-05-13,24,Yes,Display Failure,Manufacturing Defect,Yes,Yes,No,Yes,No,,No,0,Not Applicable,No,Not Applicable,Yes,No,No,No,No,1,224.1,0.0,0.834,Web,Manual Review,MobileWebView,4,System,0.25808,B0926
REC00327,CLM01497,CUS00367,PRD00705,Printer,PrimeView,PRI-PRI-688,SN-63188639,2025-12-15,2026-02-09,2026-01-25,24,No,Power Failure,Internal Component Failure,Yes,Yes,Yes,Yes,No,Yes,Yes,3,Yes,No,Not Applicable,Yes,Yes,No,No,No,2,472.47,373.48,0.806,Web,Manual Review,Safari,30,System,0.17685,B0367
REC00244,CLM01498,CUS00138,PRD00369,Television,Aster,AST-TEL-562,SN-76368539,2025-07-29,2026-01-09,2025-12-23,24,No,Connectivity Issue,Electrical Failure,Yes,No,Yes,No,Yes,Not Applicable,No,0,Not Applicable,No,Not Applicable,Yes,Yes,No,No,No,3,687.36,0.0,0.82,Mobile App,Manual Review,MobileWebView,30,Dark,-0.27936,B0178
REC00201,CLM01499,CUS00461,PRD00241,Television,PrimeView,PRI-TEL-465,SN-25629003,2024-07-03,2025-01-30,2025-01-20,24,No,Audio Failure,Manufacturing Defect,Yes,Yes,Yes,No,Yes,No,Yes,1,Yes,No,Not Applicable,Yes,Yes,No,No,No,1,405.49,260.47,0.916,Web,Manual Review,Chrome,42,Light,-0.11173,B0428
REC01476,CLM01500,CUS00412,PRD00926,Smartphone,Aster,AST-SMA-474,,2025-05-10,2025-06-05,2025-05-25,24,No,Connectivity Issue,Manufacturing Defect,Yes,Yes,Yes,No,Yes,Not Applicable,No,0,Not Applicable,No,Not Applicable,Yes,Yes,No,No,No,1,1019.6,0.0,0.892,Web,Manual Review,MobileWebView,6,Light,-1.32462,B0680
