ClaimID,Split,ActualClass,RelativePath
CLM00390,train,Invalid Claim,gtm_dataset/G5-v1/cards/train/CLM00390.png
CLM01332,train,Manual Review,gtm_dataset/G5-v1/cards/train/CLM01332.png
CLM01496,train,Manual Review,gtm_dataset/G5-v1/cards/train/CLM01496.png
CLM01131,train,Valid Claim,gtm_dataset/G5-v1/cards/train/CLM01131.png
CLM00237,train,Invalid Claim,gtm_dataset/G5-v1/cards/train/CLM00237.png
CLM01191,train,Manual Review,gtm_dataset/G5-v1/cards/train/CLM01191.png
CLM00530,train,Valid Claim,gtm_dataset/G5-v1/cards/train/CLM00530.png
CLM01007,train,Manual Review,gtm_dataset/G5-v1/cards/train/CLM01007.png
CLM00335,train,Invalid Claim,gtm_dataset/G5-v1/cards/train/CLM00335.png
CLM01171,train,Valid Claim,gtm_dataset/G5-v1/cards/train/CLM01171.png
CLM01084,train,Manual Review,gtm_dataset/G5-v1/cards/train/CLM01084.png
CLM00411,train,Valid Claim,gtm_dataset/G5-v1/cards/train/CLM00411.png
CLM00397,train,Invalid Claim,gtm_dataset/G5-v1/cards/train/CLM00397.png
CLM00097,train,Invalid Claim,gtm_dataset/G5-v1/cards/train/CLM00097.png
CLM00958,train,Invalid Claim,gtm_dataset/G5-v1/cards/train/CLM00958.png
CLM00593,train,Invalid Claim,gtm_dataset/G5-v1/cards/train/CLM00593.png
CLM00148,train,Invalid Claim,gtm_dataset/G5-v1/cards/train/CLM00148.png
CLM01211,train,Manual Review,gtm_dataset/G5-v1/cards/train/CLM01211.png
CLM00327,train,Invalid Claim,gtm_dataset/G5-v1/cards/train/CLM00327.png
CLM01097,train,Valid Claim,gtm_dataset/G5-v1/cards/train/CLM01097.png
CLM00333,train,Invalid Claim,gtm_dataset/G5-v1/cards/train/CLM00333.png
CLM00659,train,Manual Review,gtm_dataset/G5-v1/cards/train/CLM00659.png
CLM00571,train,Valid Claim,gtm_dataset/G5-v1/cards/train/CLM00571.png
CLM01233,train,Manual Review,gtm_dataset/G5-v1/cards/train/CLM01233.png
CLM00993,train,Valid Claim,gtm_dataset/G5-v1/cards/train/CLM00993.png
CLM00712,train,Valid Claim,gtm_dataset/G5-v1/cards/train/CLM00712.png
CLM01371,train,Valid Claim,gtm_dataset/G5-v1/cards/train/CLM01371.png
CLM00843,train,Invalid Claim,gtm_dataset/G5-v1/cards/train/CLM00843.png
CLM00944,train,Valid Claim,gtm_dataset/G5-v1/cards/train/CLM00944.png
CLM00808,train,Invalid Claim,gtm_dataset/G5-v1/cards/train/CLM00808.png
CLM01447,train,Valid Claim,gtm_dataset/G5-v1/cards/train/CLM01447.png
CLM00281,train,Invalid Claim,gtm_dataset/G5-v1/cards/train/CLM00281.png
CLM00856,train,Valid Claim,gtm_dataset/G5-v1/cards/train/CLM00856.png
CLM00966,train,Invalid Claim,gtm_dataset/G5-v1/cards/train/CLM00966.png
CLM00364,train,Invalid Claim,gtm_dataset/G5-v1/cards/train/CLM00364.png
CLM01304,train,Manual Review,gtm_dataset/G5-v1/cards/train/CLM01304.png
CLM00623,train,Manual Review,gtm_dataset/G5-v1/cards/train/CLM00623.png
CLM01449,train,Manual Review,gtm_dataset/G5-v1/cards/train/CLM01449.png
CLM00132,train,Invalid Claim,gtm_dataset/G5-v1/cards/train/CLM00132.png
CLM00991,train,Valid Claim,gtm_dataset/G5-v1/cards/train/CLM00991.png
CLM01196,train,Manual Review,gtm_dataset/G5-v1/cards/train/CLM01196.png
CLM00554,train,Invalid Claim,gtm_dataset/G5-v1/cards/train/CLM00554.png
CLM01303,train,Manual Review,gtm_dataset/G5-v1/cards/train/CLM01303.png
CLM00610,train,Invalid Claim,gtm_dataset/G5-v1/cards/train/CLM00610.png
CLM00722,train,Valid Claim,gtm_dataset/G5-v1/cards/train/CLM00722.png
CLM00404,train,Invalid Claim,gtm_dataset/G5-v1/cards/train/CLM00404.png
CLM00672,train,Manual Review,gtm_dataset/G5-v1/cards/train/CLM00672.png
CLM00491,train,Manual Review,gtm_dataset/G5-v1/cards/train/CLM00491.png
CLM00630,train,Manual Review,gtm_dataset/G5-v1/cards/train/CLM00630.png
CLM01186,train,Manual Review,gtm_dataset/G5-v1/cards/train/CLM01186.png
CLM01417,train,Manual Review,gtm_dataset/G5-v1/cards/train/CLM01417.png
CLM00058,train,Invalid Claim,gtm_dataset/G5-v1/cards/train/CLM00058.png
CLM00212,train,Manual Review,gtm_dataset/G5-v1/cards/train/CLM00212.png
CLM01116,train,Manual Review,gtm_dataset/G5-v1/cards/train/CLM01116.png
CLM01179,train,Manual Review,gtm_dataset/G5-v1/cards/train/CLM01179.png
CLM00173,train,Manual Review,gtm_dataset/G5-v1/cards/train/CLM00173.png
CLM00408,train,Invalid Claim,gtm_dataset/G5-v1/cards/train/CLM00408.png
CLM01104,train,Manual Review,gtm_dataset/G5-v1/cards/train/CLM01104.png
CLM00434,train,Invalid Claim,gtm_dataset/G5-v1/cards/train/CLM00434.png
CLM00878,train,Manual Review,gtm_dataset/G5-v1/cards/train/CLM00878.png
CLM00505,train,Manual Review,gtm_dataset/G5-v1/cards/train/CLM00505.png
CLM00585,train,Invalid Claim,gtm_dataset/G5-v1/cards/train/CLM00585.png
CLM00369,train,Valid Claim,gtm_dataset/G5-v1/cards/train/CLM00369.png
CLM00824,train,Invalid Claim,gtm_dataset/G5-v1/cards/train/CLM00824.png
CLM00011,train,Manual Review,gtm_dataset/G5-v1/cards/train/CLM00011.png
CLM01231,train,Manual Review,gtm_dataset/G5-v1/cards/train/CLM01231.png
CLM00706,train,Invalid Claim,gtm_dataset/G5-v1/cards/train/CLM00706.png
CLM01411,train,Manual Review,gtm_dataset/G5-v1/cards/train/CLM01411.png
CLM01228,train,Valid Claim,gtm_dataset/G5-v1/cards/train/CLM01228.png
CLM00345,train,Invalid Claim,gtm_dataset/G5-v1/cards/train/CLM00345.png
CLM00532,train,Invalid Claim,gtm_dataset/G5-v1/cards/train/CLM00532.png
CLM00798,train,Invalid Claim,gtm_dataset/G5-v1/cards/train/CLM00798.png
CLM01351,train,Valid Claim,gtm_dataset/G5-v1/cards/train/CLM01351.png
CLM01489,train,Manual Review,gtm_dataset/G5-v1/cards/train/CLM01489.png
CLM01182,train,Manual Review,gtm_dataset/G5-v1/cards/train/CLM01182.png
CLM00118,train,Manual Review,gtm_dataset/G5-v1/cards/train/CLM00118.png
CLM00851,train,Manual Review,gtm_dataset/G5-v1/cards/train/CLM00851.png
CLM00258,train,Invalid Claim,gtm_dataset/G5-v1/cards/train/CLM00258.png
CLM00259,train,Manual Review,gtm_dataset/G5-v1/cards/train/CLM00259.png
CLM01127,train,Valid Claim,gtm_dataset/G5-v1/cards/train/CLM01127.png
CLM01068,train,Valid Claim,gtm_dataset/G5-v1/cards/train/CLM01068.png
CLM00704,train,Invalid Claim,gtm_dataset/G5-v1/cards/train/CLM00704.png
CLM01232,train,Manual Review,gtm_dataset/G5-v1/cards/train/CLM01232.png
CLM01076,train,Valid Claim,gtm_dataset/G5-v1/cards/train/CLM01076.png
CLM01464,train,Valid Claim,gtm_dataset/G5-v1/cards/train/CLM01464.png
CLM01468,train,Valid Claim,gtm_dataset/G5-v1/cards/train/CLM01468.png
CLM00029,train,Valid Claim,gtm_dataset/G5-v1/cards/train/CLM00029.png
CLM00946,train,Manual Review,gtm_dataset/G5-v1/cards/train/CLM00946.png
CLM00666,train,Valid Claim,gtm_dataset/G5-v1/cards/train/CLM00666.png
CLM00222,train,Invalid Claim,gtm_dataset/G5-v1/cards/train/CLM00222.png
CLM01334,train,Valid Claim,gtm_dataset/G5-v1/cards/train/CLM01334.png
CLM00642,train,Invalid Claim,gtm_dataset/G5-v1/cards/train/CLM00642.png
CLM01254,train,Valid Claim,gtm_dataset/G5-v1/cards/train/CLM01254.png
CLM00612,train,Invalid Claim,gtm_dataset/G5-v1/cards/train/CLM00612.png
CLM00985,train,Manual Review,gtm_dataset/G5-v1/cards/train/CLM00985.png
CLM00906,train,Invalid Claim,gtm_dataset/G5-v1/cards/train/CLM00906.png
CLM00872,train,Invalid Claim,gtm_dataset/G5-v1/cards/train/CLM00872.png
CLM00113,train,Invalid Claim,gtm_dataset/G5-v1/cards/train/CLM00113.png
CLM00072,train,Valid Claim,gtm_dataset/G5-v1/cards/train/CLM00072.png
CLM01038,train,Manual Review,gtm_dataset/G5-v1/cards/train/CLM01038.png
CLM00964,train,Manual Review,gtm_dataset/G5-v1/cards/train/CLM00964.png
CLM01169,train,Manual Review,gtm_dataset/G5-v1/cards/train/CLM01169.png
CLM01134,train,Manual Review,gtm_dataset/G5-v1/cards/train/CLM01134.png
CLM00806,train,Manual Review,gtm_dataset/G5-v1/cards/train/CLM00806.png
CLM01229,train,Manual Review,gtm_dataset/G5-v1/cards/train/CLM01229.png
CLM00379,train,Invalid Claim,gtm_dataset/G5-v1/cards/train/CLM00379.png
CLM01181,train,Manual Review,gtm_dataset/G5-v1/cards/train/CLM01181.png
CLM00982,train,Manual Review,gtm_dataset/G5-v1/cards/train/CLM00982.png
CLM01177,train,Valid Claim,gtm_dataset/G5-v1/cards/train/CLM01177.png
CLM00887,train,Invalid Claim,gtm_dataset/G5-v1/cards/train/CLM00887.png
CLM00888,train,Manual Review,gtm_dataset/G5-v1/cards/train/CLM00888.png
CLM00064,train,Manual Review,gtm_dataset/G5-v1/cards/train/CLM00064.png
CLM00828,train,Manual Review,gtm_dataset/G5-v1/cards/train/CLM00828.png
CLM00125,train,Invalid Claim,gtm_dataset/G5-v1/cards/train/CLM00125.png
CLM00890,train,Invalid Claim,gtm_dataset/G5-v1/cards/train/CLM00890.png
CLM01456,train,Valid Claim,gtm_dataset/G5-v1/cards/train/CLM01456.png
CLM00832,train,Invalid Claim,gtm_dataset/G5-v1/cards/train/CLM00832.png
CLM01385,train,Manual Review,gtm_dataset/G5-v1/cards/train/CLM01385.png
CLM00849,train,Invalid Claim,gtm_dataset/G5-v1/cards/train/CLM00849.png
CLM00414,train,Invalid Claim,gtm_dataset/G5-v1/cards/train/CLM00414.png
CLM01059,train,Manual Review,gtm_dataset/G5-v1/cards/train/CLM01059.png
CLM00650,train,Valid Claim,gtm_dataset/G5-v1/cards/train/CLM00650.png
CLM01297,train,Valid Claim,gtm_dataset/G5-v1/cards/train/CLM01297.png
CLM00144,train,Invalid Claim,gtm_dataset/G5-v1/cards/train/CLM00144.png
CLM00525,train,Invalid Claim,gtm_dataset/G5-v1/cards/train/CLM00525.png
CLM00069,train,Invalid Claim,gtm_dataset/G5-v1/cards/train/CLM00069.png
CLM00108,train,Valid Claim,gtm_dataset/G5-v1/cards/train/CLM00108.png
CLM00367,train,Valid Claim,gtm_dataset/G5-v1/cards/train/CLM00367.png
CLM00894,train,Manual Review,gtm_dataset/G5-v1/cards/train/CLM00894.png
CLM00348,train,Invalid Claim,gtm_dataset/G5-v1/cards/train/CLM00348.png
CLM00542,train,Invalid Claim,gtm_dataset/G5-v1/cards/train/CLM00542.png
CLM00270,train,Valid Claim,gtm_dataset/G5-v1/cards/train/CLM00270.png
CLM00663,train,Invalid Claim,gtm_dataset/G5-v1/cards/train/CLM00663.png
CLM01397,train,Manual Review,gtm_dataset/G5-v1/cards/train/CLM01397.png
CLM01466,train,Valid Claim,gtm_dataset/G5-v1/cards/train/CLM01466.png
CLM00658,train,Valid Claim,gtm_dataset/G5-v1/cards/train/CLM00658.png
CLM00523,train,Invalid Claim,gtm_dataset/G5-v1/cards/train/CLM00523.png
CLM00978,train,Invalid Claim,gtm_dataset/G5-v1/cards/train/CLM00978.png
CLM00477,train,Manual Review,gtm_dataset/G5-v1/cards/train/CLM00477.png
CLM00911,train,Invalid Claim,gtm_dataset/G5-v1/cards/train/CLM00911.png
CLM00410,train,Invalid Claim,gtm_dataset/G5-v1/cards/train/CLM00410.png
CLM01219,train,Manual Review,gtm_dataset/G5-v1/cards/train/CLM01219.png
CLM01458,train,Valid Claim,gtm_dataset/G5-v1/cards/train/CLM01458.png
CLM00999,train,Valid Claim,gtm_dataset/G5-v1/cards/train/CLM00999.png
CLM00001,train,Invalid Claim,gtm_dataset/G5-v1/cards/train/CLM00001.png
CLM00209,train,Valid Claim,gtm_dataset/G5-v1/cards/train/CLM00209.png
CLM00225,train,Invalid Claim,gtm_dataset/G5-v1/cards/train/CLM00225.png
CLM01471,train,Manual Review,gtm_dataset/G5-v1/cards/train/CLM01471.png
CLM00089,train,Invalid Claim,gtm_dataset/G5-v1/cards/train/CLM00089.png
CLM00703,train,Valid Claim,gtm_dataset/G5-v1/cards/train/CLM00703.png
CLM00160,train,Invalid Claim,gtm_dataset/G5-v1/cards/train/CLM00160.png
CLM00359,train,Invalid Claim,gtm_dataset/G5-v1/cards/train/CLM00359.png
CLM01031,train,Manual Review,gtm_dataset/G5-v1/cards/train/CLM01031.png
CLM00731,train,Invalid Claim,gtm_dataset/G5-v1/cards/train/CLM00731.png
CLM00378,train,Invalid Claim,gtm_dataset/G5-v1/cards/train/CLM00378.png
CLM00905,train,Manual Review,gtm_dataset/G5-v1/cards/train/CLM00905.png
CLM01110,train,Manual Review,gtm_dataset/G5-v1/cards/train/CLM01110.png
CLM01189,train,Valid Claim,gtm_dataset/G5-v1/cards/train/CLM01189.png
CLM00654,train,Invalid Claim,gtm_dataset/G5-v1/cards/train/CLM00654.png
CLM01258,train,Valid Claim,gtm_dataset/G5-v1/cards/train/CLM01258.png
CLM00516,train,Invalid Claim,gtm_dataset/G5-v1/cards/train/CLM00516.png
CLM00606,train,Invalid Claim,gtm_dataset/G5-v1/cards/train/CLM00606.png
CLM00317,train,Manual Review,gtm_dataset/G5-v1/cards/train/CLM00317.png
CLM00541,train,Invalid Claim,gtm_dataset/G5-v1/cards/train/CLM00541.png
CLM00289,train,Manual Review,gtm_dataset/G5-v1/cards/train/CLM00289.png
CLM01168,train,Manual Review,gtm_dataset/G5-v1/cards/train/CLM01168.png
CLM01053,train,Valid Claim,gtm_dataset/G5-v1/cards/train/CLM01053.png
CLM00480,train,Manual Review,gtm_dataset/G5-v1/cards/train/CLM00480.png
CLM01485,train,Manual Review,gtm_dataset/G5-v1/cards/train/CLM01485.png
CLM01010,train,Valid Claim,gtm_dataset/G5-v1/cards/train/CLM01010.png
CLM00879,train,Invalid Claim,gtm_dataset/G5-v1/cards/train/CLM00879.png
CLM01393,train,Manual Review,gtm_dataset/G5-v1/cards/train/CLM01393.png
CLM00150,train,Invalid Claim,gtm_dataset/G5-v1/cards/train/CLM00150.png
CLM00451,train,Invalid Claim,gtm_dataset/G5-v1/cards/train/CLM00451.png
CLM00304,train,Valid Claim,gtm_dataset/G5-v1/cards/train/CLM00304.png
CLM00383,train,Manual Review,gtm_dataset/G5-v1/cards/train/CLM00383.png
CLM00694,train,Invalid Claim,gtm_dataset/G5-v1/cards/train/CLM00694.png
CLM01108,train,Manual Review,gtm_dataset/G5-v1/cards/train/CLM01108.png
CLM00347,train,Manual Review,gtm_dataset/G5-v1/cards/train/CLM00347.png
CLM00445,train,Manual Review,gtm_dataset/G5-v1/cards/train/CLM00445.png
CLM00095,train,Manual Review,gtm_dataset/G5-v1/cards/train/CLM00095.png
CLM00221,train,Manual Review,gtm_dataset/G5-v1/cards/train/CLM00221.png
CLM01255,train,Manual Review,gtm_dataset/G5-v1/cards/train/CLM01255.png
CLM00729,train,Valid Claim,gtm_dataset/G5-v1/cards/train/CLM00729.png
CLM01176,train,Valid Claim,gtm_dataset/G5-v1/cards/train/CLM01176.png
CLM00462,train,Valid Claim,gtm_dataset/G5-v1/cards/train/CLM00462.png
CLM01272,train,Valid Claim,gtm_dataset/G5-v1/cards/train/CLM01272.png
CLM00555,train,Valid Claim,gtm_dataset/G5-v1/cards/train/CLM00555.png
CLM00821,train,Valid Claim,gtm_dataset/G5-v1/cards/train/CLM00821.png
CLM00503,train,Invalid Claim,gtm_dataset/G5-v1/cards/train/CLM00503.png
CLM00121,train,Invalid Claim,gtm_dataset/G5-v1/cards/train/CLM00121.png
CLM00315,train,Manual Review,gtm_dataset/G5-v1/cards/train/CLM00315.png
CLM00517,train,Manual Review,gtm_dataset/G5-v1/cards/train/CLM00517.png
CLM00867,train,Manual Review,gtm_dataset/G5-v1/cards/train/CLM00867.png
CLM00038,train,Invalid Claim,gtm_dataset/G5-v1/cards/train/CLM00038.png
CLM01486,train,Manual Review,gtm_dataset/G5-v1/cards/train/CLM01486.png
CLM00216,train,Invalid Claim,gtm_dataset/G5-v1/cards/train/CLM00216.png
CLM00921,train,Valid Claim,gtm_dataset/G5-v1/cards/train/CLM00921.png
CLM00037,train,Manual Review,gtm_dataset/G5-v1/cards/train/CLM00037.png
CLM01422,train,Valid Claim,gtm_dataset/G5-v1/cards/train/CLM01422.png
CLM00273,train,Invalid Claim,gtm_dataset/G5-v1/cards/train/CLM00273.png
CLM01202,train,Valid Claim,gtm_dataset/G5-v1/cards/train/CLM01202.png
CLM01218,train,Valid Claim,gtm_dataset/G5-v1/cards/train/CLM01218.png
CLM00918,train,Valid Claim,gtm_dataset/G5-v1/cards/train/CLM00918.png
CLM00997,train,Manual Review,gtm_dataset/G5-v1/cards/train/CLM00997.png
CLM00779,train,Valid Claim,gtm_dataset/G5-v1/cards/train/CLM00779.png
CLM00065,train,Invalid Claim,gtm_dataset/G5-v1/cards/train/CLM00065.png
CLM01454,train,Manual Review,gtm_dataset/G5-v1/cards/train/CLM01454.png
CLM00487,train,Invalid Claim,gtm_dataset/G5-v1/cards/train/CLM00487.png
CLM01282,train,Manual Review,gtm_dataset/G5-v1/cards/train/CLM01282.png
CLM00589,train,Invalid Claim,gtm_dataset/G5-v1/cards/train/CLM00589.png
CLM01146,train,Manual Review,gtm_dataset/G5-v1/cards/train/CLM01146.png
CLM01227,train,Manual Review,gtm_dataset/G5-v1/cards/train/CLM01227.png
CLM01014,train,Manual Review,gtm_dataset/G5-v1/cards/train/CLM01014.png
CLM00256,train,Valid Claim,gtm_dataset/G5-v1/cards/train/CLM00256.png
CLM00405,train,Manual Review,gtm_dataset/G5-v1/cards/train/CLM00405.png
CLM00134,train,Manual Review,gtm_dataset/G5-v1/cards/train/CLM00134.png
CLM00673,train,Valid Claim,gtm_dataset/G5-v1/cards/train/CLM00673.png
CLM00312,train,Valid Claim,gtm_dataset/G5-v1/cards/train/CLM00312.png
CLM00570,train,Invalid Claim,gtm_dataset/G5-v1/cards/train/CLM00570.png
CLM00715,train,Invalid Claim,gtm_dataset/G5-v1/cards/train/CLM00715.png
CLM00083,train,Valid Claim,gtm_dataset/G5-v1/cards/train/CLM00083.png
CLM00840,train,Invalid Claim,gtm_dataset/G5-v1/cards/train/CLM00840.png
CLM00399,train,Manual Review,gtm_dataset/G5-v1/cards/train/CLM00399.png
CLM01067,train,Manual Review,gtm_dataset/G5-v1/cards/train/CLM01067.png
CLM00817,train,Manual Review,gtm_dataset/G5-v1/cards/train/CLM00817.png
CLM00647,train,Valid Claim,gtm_dataset/G5-v1/cards/train/CLM00647.png
CLM01045,train,Manual Review,gtm_dataset/G5-v1/cards/train/CLM01045.png
CLM00127,train,Manual Review,gtm_dataset/G5-v1/cards/train/CLM00127.png
CLM00164,train,Manual Review,gtm_dataset/G5-v1/cards/train/CLM00164.png
CLM00450,train,Invalid Claim,gtm_dataset/G5-v1/cards/train/CLM00450.png
CLM00538,train,Invalid Claim,gtm_dataset/G5-v1/cards/train/CLM00538.png
CLM01308,train,Manual Review,gtm_dataset/G5-v1/cards/train/CLM01308.png
CLM00500,train,Invalid Claim,gtm_dataset/G5-v1/cards/train/CLM00500.png
CLM00340,train,Invalid Claim,gtm_dataset/G5-v1/cards/train/CLM00340.png
CLM01451,train,Valid Claim,gtm_dataset/G5-v1/cards/train/CLM01451.png
CLM01166,train,Valid Claim,gtm_dataset/G5-v1/cards/train/CLM01166.png
CLM00168,train,Invalid Claim,gtm_dataset/G5-v1/cards/train/CLM00168.png
CLM00996,train,Valid Claim,gtm_dataset/G5-v1/cards/train/CLM00996.png
CLM00802,train,Invalid Claim,gtm_dataset/G5-v1/cards/train/CLM00802.png
CLM00368,train,Invalid Claim,gtm_dataset/G5-v1/cards/train/CLM00368.png
CLM00203,train,Invalid Claim,gtm_dataset/G5-v1/cards/train/CLM00203.png
CLM00419,train,Valid Claim,gtm_dataset/G5-v1/cards/train/CLM00419.png
CLM00332,train,Valid Claim,gtm_dataset/G5-v1/cards/train/CLM00332.png
CLM00775,train,Manual Review,gtm_dataset/G5-v1/cards/train/CLM00775.png
CLM00217,train,Valid Claim,gtm_dataset/G5-v1/cards/train/CLM00217.png
CLM00306,train,Manual Review,gtm_dataset/G5-v1/cards/train/CLM00306.png
CLM00711,train,Manual Review,gtm_dataset/G5-v1/cards/train/CLM00711.png
CLM00198,train,Manual Review,gtm_dataset/G5-v1/cards/train/CLM00198.png
CLM01138,train,Valid Claim,gtm_dataset/G5-v1/cards/train/CLM01138.png
CLM00973,train,Manual Review,gtm_dataset/G5-v1/cards/train/CLM00973.png
CLM00119,train,Valid Claim,gtm_dataset/G5-v1/cards/train/CLM00119.png
CLM01488,train,Manual Review,gtm_dataset/G5-v1/cards/train/CLM01488.png
CLM01029,train,Manual Review,gtm_dataset/G5-v1/cards/train/CLM01029.png
CLM01343,train,Manual Review,gtm_dataset/G5-v1/cards/train/CLM01343.png
CLM00536,train,Invalid Claim,gtm_dataset/G5-v1/cards/train/CLM00536.png
CLM00748,train,Invalid Claim,gtm_dataset/G5-v1/cards/train/CLM00748.png
CLM00024,train,Manual Review,gtm_dataset/G5-v1/cards/train/CLM00024.png
CLM00022,train,Invalid Claim,gtm_dataset/G5-v1/cards/train/CLM00022.png
CLM00983,train,Valid Claim,gtm_dataset/G5-v1/cards/train/CLM00983.png
CLM00102,train,Invalid Claim,gtm_dataset/G5-v1/cards/train/CLM00102.png
CLM01448,train,Valid Claim,gtm_dataset/G5-v1/cards/train/CLM01448.png
CLM00613,train,Valid Claim,gtm_dataset/G5-v1/cards/train/CLM00613.png
CLM00239,train,Valid Claim,gtm_dataset/G5-v1/cards/train/CLM00239.png
CLM00421,train,Manual Review,gtm_dataset/G5-v1/cards/train/CLM00421.png
CLM01001,train,Manual Review,gtm_dataset/G5-v1/cards/train/CLM01001.png
CLM00472,train,Valid Claim,gtm_dataset/G5-v1/cards/train/CLM00472.png
CLM01090,train,Manual Review,gtm_dataset/G5-v1/cards/train/CLM01090.png
CLM01150,train,Manual Review,gtm_dataset/G5-v1/cards/train/CLM01150.png
CLM01474,train,Manual Review,gtm_dataset/G5-v1/cards/train/CLM01474.png
CLM00156,train,Invalid Claim,gtm_dataset/G5-v1/cards/train/CLM00156.png
CLM01078,train,Manual Review,gtm_dataset/G5-v1/cards/train/CLM01078.png
CLM00418,train,Valid Claim,gtm_dataset/G5-v1/cards/train/CLM00418.png
CLM01364,train,Manual Review,gtm_dataset/G5-v1/cards/train/CLM01364.png
CLM00617,train,Valid Claim,gtm_dataset/G5-v1/cards/train/CLM00617.png
CLM00651,train,Valid Claim,gtm_dataset/G5-v1/cards/train/CLM00651.png
CLM00509,train,Invalid Claim,gtm_dataset/G5-v1/cards/train/CLM00509.png
CLM00353,train,Valid Claim,gtm_dataset/G5-v1/cards/train/CLM00353.png
CLM00857,train,Invalid Claim,gtm_dataset/G5-v1/cards/train/CLM00857.png
CLM00163,train,Manual Review,gtm_dataset/G5-v1/cards/train/CLM00163.png
CLM01070,train,Valid Claim,gtm_dataset/G5-v1/cards/train/CLM01070.png
CLM00100,train,Invalid Claim,gtm_dataset/G5-v1/cards/train/CLM00100.png
CLM00897,train,Invalid Claim,gtm_dataset/G5-v1/cards/train/CLM00897.png
CLM00372,train,Invalid Claim,gtm_dataset/G5-v1/cards/train/CLM00372.png
CLM00325,train,Invalid Claim,gtm_dataset/G5-v1/cards/train/CLM00325.png
CLM01401,train,Manual Review,gtm_dataset/G5-v1/cards/train/CLM01401.png
CLM00050,train,Invalid Claim,gtm_dataset/G5-v1/cards/train/CLM00050.png
CLM01336,train,Valid Claim,gtm_dataset/G5-v1/cards/train/CLM01336.png
CLM00351,train,Valid Claim,gtm_dataset/G5-v1/cards/train/CLM00351.png
CLM00822,train,Invalid Claim,gtm_dataset/G5-v1/cards/train/CLM00822.png
CLM00573,train,Valid Claim,gtm_dataset/G5-v1/cards/train/CLM00573.png
CLM01391,train,Valid Claim,gtm_dataset/G5-v1/cards/train/CLM01391.png
CLM00336,train,Invalid Claim,gtm_dataset/G5-v1/cards/train/CLM00336.png
CLM00262,train,Invalid Claim,gtm_dataset/G5-v1/cards/train/CLM00262.png
CLM01044,train,Manual Review,gtm_dataset/G5-v1/cards/train/CLM01044.png
CLM00447,train,Invalid Claim,gtm_dataset/G5-v1/cards/train/CLM00447.png
CLM00576,train,Invalid Claim,gtm_dataset/G5-v1/cards/train/CLM00576.png
CLM01313,train,Valid Claim,gtm_dataset/G5-v1/cards/train/CLM01313.png
CLM00934,train,Invalid Claim,gtm_dataset/G5-v1/cards/train/CLM00934.png
CLM00685,train,Manual Review,gtm_dataset/G5-v1/cards/train/CLM00685.png
CLM01137,train,Manual Review,gtm_dataset/G5-v1/cards/train/CLM01137.png
CLM00825,train,Invalid Claim,gtm_dataset/G5-v1/cards/train/CLM00825.png
CLM01281,train,Valid Claim,gtm_dataset/G5-v1/cards/train/CLM01281.png
CLM00123,train,Invalid Claim,gtm_dataset/G5-v1/cards/train/CLM00123.png
CLM00736,train,Valid Claim,gtm_dataset/G5-v1/cards/train/CLM00736.png
CLM01481,train,Manual Review,gtm_dataset/G5-v1/cards/train/CLM01481.png
CLM01276,train,Valid Claim,gtm_dataset/G5-v1/cards/train/CLM01276.png
CLM00146,train,Invalid Claim,gtm_dataset/G5-v1/cards/train/CLM00146.png
CLM00923,train,Manual Review,gtm_dataset/G5-v1/cards/train/CLM00923.png
CLM01033,train,Valid Claim,gtm_dataset/G5-v1/cards/train/CLM01033.png
CLM00290,train,Invalid Claim,gtm_dataset/G5-v1/cards/train/CLM00290.png
CLM01396,train,Valid Claim,gtm_dataset/G5-v1/cards/train/CLM01396.png
CLM00370,train,Valid Claim,gtm_dataset/G5-v1/cards/train/CLM00370.png
CLM01361,train,Valid Claim,gtm_dataset/G5-v1/cards/train/CLM01361.png
CLM00551,train,Invalid Claim,gtm_dataset/G5-v1/cards/train/CLM00551.png
CLM00049,train,Invalid Claim,gtm_dataset/G5-v1/cards/train/CLM00049.png
CLM00320,train,Valid Claim,gtm_dataset/G5-v1/cards/train/CLM00320.png
CLM01198,train,Manual Review,gtm_dataset/G5-v1/cards/train/CLM01198.png
CLM00994,train,Valid Claim,gtm_dataset/G5-v1/cards/train/CLM00994.png
CLM00402,train,Invalid Claim,gtm_dataset/G5-v1/cards/train/CLM00402.png
CLM00900,train,Invalid Claim,gtm_dataset/G5-v1/cards/train/CLM00900.png
CLM01480,train,Manual Review,gtm_dataset/G5-v1/cards/train/CLM01480.png
CLM01206,train,Valid Claim,gtm_dataset/G5-v1/cards/train/CLM01206.png
CLM00403,train,Invalid Claim,gtm_dataset/G5-v1/cards/train/CLM00403.png
CLM01024,train,Valid Claim,gtm_dataset/G5-v1/cards/train/CLM01024.png
CLM00896,train,Invalid Claim,gtm_dataset/G5-v1/cards/train/CLM00896.png
CLM00963,train,Valid Claim,gtm_dataset/G5-v1/cards/train/CLM00963.png
CLM01112,train,Manual Review,gtm_dataset/G5-v1/cards/train/CLM01112.png
CLM00047,train,Invalid Claim,gtm_dataset/G5-v1/cards/train/CLM00047.png
CLM00479,train,Invalid Claim,gtm_dataset/G5-v1/cards/train/CLM00479.png
CLM00178,train,Valid Claim,gtm_dataset/G5-v1/cards/train/CLM00178.png
CLM00719,train,Manual Review,gtm_dataset/G5-v1/cards/train/CLM00719.png
CLM00010,train,Invalid Claim,gtm_dataset/G5-v1/cards/train/CLM00010.png
CLM00357,train,Invalid Claim,gtm_dataset/G5-v1/cards/train/CLM00357.png
CLM01215,train,Valid Claim,gtm_dataset/G5-v1/cards/train/CLM01215.png
CLM00793,train,Invalid Claim,gtm_dataset/G5-v1/cards/train/CLM00793.png
CLM00439,train,Valid Claim,gtm_dataset/G5-v1/cards/train/CLM00439.png
CLM00307,train,Valid Claim,gtm_dataset/G5-v1/cards/train/CLM00307.png
CLM00880,train,Invalid Claim,gtm_dataset/G5-v1/cards/train/CLM00880.png
CLM00769,train,Manual Review,gtm_dataset/G5-v1/cards/train/CLM00769.png
CLM00071,train,Valid Claim,gtm_dataset/G5-v1/cards/train/CLM00071.png
CLM01089,train,Manual Review,gtm_dataset/G5-v1/cards/train/CLM01089.png
CLM00496,train,Valid Claim,gtm_dataset/G5-v1/cards/train/CLM00496.png
CLM01262,train,Valid Claim,gtm_dataset/G5-v1/cards/train/CLM01262.png
CLM01209,train,Valid Claim,gtm_dataset/G5-v1/cards/train/CLM01209.png
CLM00455,train,Invalid Claim,gtm_dataset/G5-v1/cards/train/CLM00455.png
CLM01160,train,Manual Review,gtm_dataset/G5-v1/cards/train/CLM01160.png
CLM00377,train,Manual Review,gtm_dataset/G5-v1/cards/train/CLM00377.png
CLM01126,train,Valid Claim,gtm_dataset/G5-v1/cards/train/CLM01126.png
CLM01252,train,Valid Claim,gtm_dataset/G5-v1/cards/train/CLM01252.png
CLM00645,train,Valid Claim,gtm_dataset/G5-v1/cards/train/CLM00645.png
CLM00774,train,Manual Review,gtm_dataset/G5-v1/cards/train/CLM00774.png
CLM00189,train,Valid Claim,gtm_dataset/G5-v1/cards/train/CLM00189.png
CLM00448,train,Valid Claim,gtm_dataset/G5-v1/cards/train/CLM00448.png
CLM01309,train,Valid Claim,gtm_dataset/G5-v1/cards/train/CLM01309.png
CLM00276,train,Invalid Claim,gtm_dataset/G5-v1/cards/train/CLM00276.png
CLM00396,train,Invalid Claim,gtm_dataset/G5-v1/cards/train/CLM00396.png
CLM00761,train,Valid Claim,gtm_dataset/G5-v1/cards/train/CLM00761.png
CLM01208,train,Valid Claim,gtm_dataset/G5-v1/cards/train/CLM01208.png
CLM01279,train,Valid Claim,gtm_dataset/G5-v1/cards/train/CLM01279.png
CLM01376,train,Manual Review,gtm_dataset/G5-v1/cards/train/CLM01376.png
CLM01360,train,Manual Review,gtm_dataset/G5-v1/cards/train/CLM01360.png
CLM00185,train,Valid Claim,gtm_dataset/G5-v1/cards/train/CLM00185.png
CLM01331,train,Manual Review,gtm_dataset/G5-v1/cards/train/CLM01331.png
CLM01363,train,Valid Claim,gtm_dataset/G5-v1/cards/train/CLM01363.png
CLM01251,train,Manual Review,gtm_dataset/G5-v1/cards/train/CLM01251.png
CLM00498,train,Invalid Claim,gtm_dataset/G5-v1/cards/train/CLM00498.png
CLM00586,train,Invalid Claim,gtm_dataset/G5-v1/cards/train/CLM00586.png
CLM00305,train,Valid Claim,gtm_dataset/G5-v1/cards/train/CLM00305.png
CLM00600,train,Invalid Claim,gtm_dataset/G5-v1/cards/train/CLM00600.png
CLM00261,train,Valid Claim,gtm_dataset/G5-v1/cards/train/CLM00261.png
CLM01416,train,Manual Review,gtm_dataset/G5-v1/cards/train/CLM01416.png
CLM00850,train,Invalid Claim,gtm_dataset/G5-v1/cards/train/CLM00850.png
CLM00080,train,Invalid Claim,gtm_dataset/G5-v1/cards/train/CLM00080.png
CLM00094,train,Valid Claim,gtm_dataset/G5-v1/cards/train/CLM00094.png
CLM01490,train,Manual Review,gtm_dataset/G5-v1/cards/train/CLM01490.png
CLM01021,train,Manual Review,gtm_dataset/G5-v1/cards/train/CLM01021.png
CLM00637,train,Valid Claim,gtm_dataset/G5-v1/cards/train/CLM00637.png
CLM00051,train,Invalid Claim,gtm_dataset/G5-v1/cards/train/CLM00051.png
CLM00928,train,Valid Claim,gtm_dataset/G5-v1/cards/train/CLM00928.png
CLM00145,train,Invalid Claim,gtm_dataset/G5-v1/cards/train/CLM00145.png
CLM00611,train,Invalid Claim,gtm_dataset/G5-v1/cards/train/CLM00611.png
CLM01173,train,Valid Claim,gtm_dataset/G5-v1/cards/train/CLM01173.png
CLM01016,train,Valid Claim,gtm_dataset/G5-v1/cards/train/CLM01016.png
CLM01319,train,Valid Claim,gtm_dataset/G5-v1/cards/train/CLM01319.png
CLM01197,train,Manual Review,gtm_dataset/G5-v1/cards/train/CLM01197.png
CLM00488,train,Valid Claim,gtm_dataset/G5-v1/cards/train/CLM00488.png
CLM01101,train,Valid Claim,gtm_dataset/G5-v1/cards/train/CLM01101.png
CLM00543,train,Invalid Claim,gtm_dataset/G5-v1/cards/train/CLM00543.png
CLM00681,train,Invalid Claim,gtm_dataset/G5-v1/cards/train/CLM00681.png
CLM01048,train,Manual Review,gtm_dataset/G5-v1/cards/train/CLM01048.png
CLM00278,train,Valid Claim,gtm_dataset/G5-v1/cards/train/CLM00278.png
CLM01386,train,Manual Review,gtm_dataset/G5-v1/cards/train/CLM01386.png
CLM00668,train,Invalid Claim,gtm_dataset/G5-v1/cards/train/CLM00668.png
CLM00234,train,Invalid Claim,gtm_dataset/G5-v1/cards/train/CLM00234.png
CLM00356,train,Valid Claim,gtm_dataset/G5-v1/cards/train/CLM00356.png
CLM00107,train,Invalid Claim,gtm_dataset/G5-v1/cards/train/CLM00107.png
CLM00823,train,Manual Review,gtm_dataset/G5-v1/cards/train/CLM00823.png
CLM01037,train,Valid Claim,gtm_dataset/G5-v1/cards/train/CLM01037.png
CLM00561,train,Invalid Claim,gtm_dataset/G5-v1/cards/train/CLM00561.png
CLM00243,train,Invalid Claim,gtm_dataset/G5-v1/cards/train/CLM00243.png
CLM00757,train,Invalid Claim,gtm_dataset/G5-v1/cards/train/CLM00757.png
CLM00137,train,Invalid Claim,gtm_dataset/G5-v1/cards/train/CLM00137.png
CLM01136,train,Valid Claim,gtm_dataset/G5-v1/cards/train/CLM01136.png
CLM01117,train,Valid Claim,gtm_dataset/G5-v1/cards/train/CLM01117.png
CLM00446,train,Invalid Claim,gtm_dataset/G5-v1/cards/train/CLM00446.png
CLM00931,train,Valid Claim,gtm_dataset/G5-v1/cards/train/CLM00931.png
CLM00210,train,Invalid Claim,gtm_dataset/G5-v1/cards/train/CLM00210.png
CLM01153,train,Manual Review,gtm_dataset/G5-v1/cards/train/CLM01153.png
CLM00678,train,Invalid Claim,gtm_dataset/G5-v1/cards/train/CLM00678.png
CLM00877,train,Invalid Claim,gtm_dataset/G5-v1/cards/train/CLM00877.png
CLM00910,train,Manual Review,gtm_dataset/G5-v1/cards/train/CLM00910.png
CLM01081,train,Manual Review,gtm_dataset/G5-v1/cards/train/CLM01081.png
CLM01350,train,Manual Review,gtm_dataset/G5-v1/cards/train/CLM01350.png
CLM00804,train,Valid Claim,gtm_dataset/G5-v1/cards/train/CLM00804.png
CLM01344,train,Manual Review,gtm_dataset/G5-v1/cards/train/CLM01344.png
CLM00707,train,Invalid Claim,gtm_dataset/G5-v1/cards/train/CLM00707.png
CLM00339,train,Valid Claim,gtm_dataset/G5-v1/cards/train/CLM00339.png
CLM00836,train,Valid Claim,gtm_dataset/G5-v1/cards/train/CLM00836.png
CLM00249,train,Invalid Claim,gtm_dataset/G5-v1/cards/train/CLM00249.png
CLM01289,train,Valid Claim,gtm_dataset/G5-v1/cards/train/CLM01289.png
CLM00903,train,Manual Review,gtm_dataset/G5-v1/cards/train/CLM00903.png
CLM00138,train,Invalid Claim,gtm_dataset/G5-v1/cards/train/CLM00138.png
CLM00767,train,Valid Claim,gtm_dataset/G5-v1/cards/train/CLM00767.png
CLM00426,train,Invalid Claim,gtm_dataset/G5-v1/cards/train/CLM00426.png
CLM01123,train,Manual Review,gtm_dataset/G5-v1/cards/train/CLM01123.png
CLM00082,train,Invalid Claim,gtm_dataset/G5-v1/cards/train/CLM00082.png
CLM00467,train,Invalid Claim,gtm_dataset/G5-v1/cards/train/CLM00467.png
CLM00810,train,Invalid Claim,gtm_dataset/G5-v1/cards/train/CLM00810.png
CLM00253,train,Valid Claim,gtm_dataset/G5-v1/cards/train/CLM00253.png
CLM00375,train,Invalid Claim,gtm_dataset/G5-v1/cards/train/CLM00375.png
CLM00575,train,Manual Review,gtm_dataset/G5-v1/cards/train/CLM00575.png
CLM00007,train,Invalid Claim,gtm_dataset/G5-v1/cards/train/CLM00007.png
CLM00469,train,Valid Claim,gtm_dataset/G5-v1/cards/train/CLM00469.png
CLM01183,train,Valid Claim,gtm_dataset/G5-v1/cards/train/CLM01183.png
CLM00622,train,Manual Review,gtm_dataset/G5-v1/cards/train/CLM00622.png
CLM01264,train,Manual Review,gtm_dataset/G5-v1/cards/train/CLM01264.png
CLM00782,train,Valid Claim,gtm_dataset/G5-v1/cards/train/CLM00782.png
CLM01429,train,Valid Claim,gtm_dataset/G5-v1/cards/train/CLM01429.png
CLM01434,train,Valid Claim,gtm_dataset/G5-v1/cards/train/CLM01434.png
CLM00801,train,Manual Review,gtm_dataset/G5-v1/cards/train/CLM00801.png
CLM00043,train,Invalid Claim,gtm_dataset/G5-v1/cards/train/CLM00043.png
CLM00481,train,Invalid Claim,gtm_dataset/G5-v1/cards/train/CLM00481.png
CLM01278,train,Valid Claim,gtm_dataset/G5-v1/cards/train/CLM01278.png
CLM00662,train,Invalid Claim,gtm_dataset/G5-v1/cards/train/CLM00662.png
CLM00114,train,Invalid Claim,gtm_dataset/G5-v1/cards/train/CLM00114.png
CLM00120,train,Valid Claim,gtm_dataset/G5-v1/cards/train/CLM00120.png
CLM00753,train,Valid Claim,gtm_dataset/G5-v1/cards/train/CLM00753.png
CLM01000,train,Valid Claim,gtm_dataset/G5-v1/cards/train/CLM01000.png
CLM01283,train,Valid Claim,gtm_dataset/G5-v1/cards/train/CLM01283.png
CLM01041,train,Manual Review,gtm_dataset/G5-v1/cards/train/CLM01041.png
CLM00938,train,Manual Review,gtm_dataset/G5-v1/cards/train/CLM00938.png
CLM00205,train,Invalid Claim,gtm_dataset/G5-v1/cards/train/CLM00205.png
CLM00060,train,Manual Review,gtm_dataset/G5-v1/cards/train/CLM00060.png
CLM01267,train,Manual Review,gtm_dataset/G5-v1/cards/train/CLM01267.png
CLM00930,train,Invalid Claim,gtm_dataset/G5-v1/cards/train/CLM00930.png
CLM00515,train,Manual Review,gtm_dataset/G5-v1/cards/train/CLM00515.png
CLM00202,train,Invalid Claim,gtm_dataset/G5-v1/cards/train/CLM00202.png
CLM00803,train,Manual Review,gtm_dataset/G5-v1/cards/train/CLM00803.png
CLM00400,train,Valid Claim,gtm_dataset/G5-v1/cards/train/CLM00400.png
CLM00161,train,Manual Review,gtm_dataset/G5-v1/cards/train/CLM00161.png
CLM01346,train,Valid Claim,gtm_dataset/G5-v1/cards/train/CLM01346.png
CLM01270,train,Manual Review,gtm_dataset/G5-v1/cards/train/CLM01270.png
CLM00346,train,Invalid Claim,gtm_dataset/G5-v1/cards/train/CLM00346.png
CLM00625,train,Invalid Claim,gtm_dataset/G5-v1/cards/train/CLM00625.png
CLM00013,train,Invalid Claim,gtm_dataset/G5-v1/cards/train/CLM00013.png
CLM01023,train,Manual Review,gtm_dataset/G5-v1/cards/train/CLM01023.png
CLM00992,train,Valid Claim,gtm_dataset/G5-v1/cards/train/CLM00992.png
CLM01381,train,Manual Review,gtm_dataset/G5-v1/cards/train/CLM01381.png
CLM00518,train,Manual Review,gtm_dataset/G5-v1/cards/train/CLM00518.png
CLM00380,train,Invalid Claim,gtm_dataset/G5-v1/cards/train/CLM00380.png
CLM00017,train,Valid Claim,gtm_dataset/G5-v1/cards/train/CLM00017.png
CLM00800,train,Invalid Claim,gtm_dataset/G5-v1/cards/train/CLM00800.png
CLM01477,train,Manual Review,gtm_dataset/G5-v1/cards/train/CLM01477.png
CLM00780,train,Manual Review,gtm_dataset/G5-v1/cards/train/CLM00780.png
CLM01414,train,Manual Review,gtm_dataset/G5-v1/cards/train/CLM01414.png
CLM00292,train,Valid Claim,gtm_dataset/G5-v1/cards/train/CLM00292.png
CLM01354,train,Manual Review,gtm_dataset/G5-v1/cards/train/CLM01354.png
CLM00569,train,Manual Review,gtm_dataset/G5-v1/cards/train/CLM00569.png
CLM00713,train,Invalid Claim,gtm_dataset/G5-v1/cards/train/CLM00713.png
CLM01367,train,Manual Review,gtm_dataset/G5-v1/cards/train/CLM01367.png
CLM00035,train,Invalid Claim,gtm_dataset/G5-v1/cards/train/CLM00035.png
CLM00950,train,Valid Claim,gtm_dataset/G5-v1/cards/train/CLM00950.png
CLM00166,train,Invalid Claim,gtm_dataset/G5-v1/cards/train/CLM00166.png
CLM00531,train,Valid Claim,gtm_dataset/G5-v1/cards/train/CLM00531.png
CLM01003,train,Manual Review,gtm_dataset/G5-v1/cards/train/CLM01003.png
CLM01358,train,Valid Claim,gtm_dataset/G5-v1/cards/train/CLM01358.png
CLM00075,train,Invalid Claim,gtm_dataset/G5-v1/cards/train/CLM00075.png
CLM00740,train,Invalid Claim,gtm_dataset/G5-v1/cards/train/CLM00740.png
CLM00873,train,Invalid Claim,gtm_dataset/G5-v1/cards/train/CLM00873.png
CLM00829,train,Manual Review,gtm_dataset/G5-v1/cards/train/CLM00829.png
CLM00504,train,Manual Review,gtm_dataset/G5-v1/cards/train/CLM00504.png
CLM01378,train,Valid Claim,gtm_dataset/G5-v1/cards/train/CLM01378.png
CLM00228,train,Invalid Claim,gtm_dataset/G5-v1/cards/train/CLM00228.png
CLM00350,train,Invalid Claim,gtm_dataset/G5-v1/cards/train/CLM00350.png
CLM01450,train,Valid Claim,gtm_dataset/G5-v1/cards/train/CLM01450.png
CLM00425,train,Valid Claim,gtm_dataset/G5-v1/cards/train/CLM00425.png
CLM01318,train,Manual Review,gtm_dataset/G5-v1/cards/train/CLM01318.png
CLM01473,train,Manual Review,gtm_dataset/G5-v1/cards/train/CLM01473.png
CLM00062,train,Manual Review,gtm_dataset/G5-v1/cards/train/CLM00062.png
CLM00901,train,Invalid Claim,gtm_dataset/G5-v1/cards/train/CLM00901.png
CLM00742,train,Valid Claim,gtm_dataset/G5-v1/cards/train/CLM00742.png
CLM00574,train,Valid Claim,gtm_dataset/G5-v1/cards/train/CLM00574.png
CLM01452,train,Valid Claim,gtm_dataset/G5-v1/cards/train/CLM01452.png
CLM00797,train,Manual Review,gtm_dataset/G5-v1/cards/train/CLM00797.png
CLM00989,train,Manual Review,gtm_dataset/G5-v1/cards/train/CLM00989.png
CLM01046,train,Valid Claim,gtm_dataset/G5-v1/cards/train/CLM01046.png
CLM00665,train,Invalid Claim,gtm_dataset/G5-v1/cards/train/CLM00665.png
CLM00008,train,Valid Claim,gtm_dataset/G5-v1/cards/train/CLM00008.png
CLM01193,train,Valid Claim,gtm_dataset/G5-v1/cards/train/CLM01193.png
CLM00745,train,Invalid Claim,gtm_dataset/G5-v1/cards/train/CLM00745.png
CLM00749,train,Invalid Claim,gtm_dataset/G5-v1/cards/train/CLM00749.png
CLM00267,train,Invalid Claim,gtm_dataset/G5-v1/cards/train/CLM00267.png
CLM00433,train,Valid Claim,gtm_dataset/G5-v1/cards/train/CLM00433.png
CLM01353,train,Valid Claim,gtm_dataset/G5-v1/cards/train/CLM01353.png
CLM01362,train,Valid Claim,gtm_dataset/G5-v1/cards/train/CLM01362.png
CLM00464,train,Invalid Claim,gtm_dataset/G5-v1/cards/train/CLM00464.png
CLM00755,train,Invalid Claim,gtm_dataset/G5-v1/cards/train/CLM00755.png
CLM01083,train,Valid Claim,gtm_dataset/G5-v1/cards/train/CLM01083.png
CLM00074,train,Invalid Claim,gtm_dataset/G5-v1/cards/train/CLM00074.png
CLM01310,train,Manual Review,gtm_dataset/G5-v1/cards/train/CLM01310.png
CLM01034,train,Valid Claim,gtm_dataset/G5-v1/cards/train/CLM01034.png
CLM01052,train,Valid Claim,gtm_dataset/G5-v1/cards/train/CLM01052.png
CLM00151,train,Invalid Claim,gtm_dataset/G5-v1/cards/train/CLM00151.png
CLM01128,train,Valid Claim,gtm_dataset/G5-v1/cards/train/CLM01128.png
CLM00139,train,Valid Claim,gtm_dataset/G5-v1/cards/train/CLM00139.png
CLM01098,train,Manual Review,gtm_dataset/G5-v1/cards/train/CLM01098.png
CLM00759,train,Invalid Claim,gtm_dataset/G5-v1/cards/train/CLM00759.png
CLM00826,train,Invalid Claim,gtm_dataset/G5-v1/cards/train/CLM00826.png
CLM00655,train,Invalid Claim,gtm_dataset/G5-v1/cards/train/CLM00655.png
CLM00193,train,Invalid Claim,gtm_dataset/G5-v1/cards/train/CLM00193.png
CLM00056,train,Manual Review,gtm_dataset/G5-v1/cards/train/CLM00056.png
CLM01273,train,Valid Claim,gtm_dataset/G5-v1/cards/train/CLM01273.png
CLM01195,train,Manual Review,gtm_dataset/G5-v1/cards/train/CLM01195.png
CLM00615,train,Invalid Claim,gtm_dataset/G5-v1/cards/train/CLM00615.png
CLM00886,train,Invalid Claim,gtm_dataset/G5-v1/cards/train/CLM00886.png
CLM01444,train,Manual Review,gtm_dataset/G5-v1/cards/train/CLM01444.png
CLM01383,train,Valid Claim,gtm_dataset/G5-v1/cards/train/CLM01383.png
CLM01352,train,Manual Review,gtm_dataset/G5-v1/cards/train/CLM01352.png
CLM00702,train,Invalid Claim,gtm_dataset/G5-v1/cards/train/CLM00702.png
CLM00386,train,Invalid Claim,gtm_dataset/G5-v1/cards/train/CLM00386.png
CLM01390,train,Manual Review,gtm_dataset/G5-v1/cards/train/CLM01390.png
CLM00174,train,Valid Claim,gtm_dataset/G5-v1/cards/train/CLM00174.png
CLM01295,train,Valid Claim,gtm_dataset/G5-v1/cards/train/CLM01295.png
CLM00776,train,Manual Review,gtm_dataset/G5-v1/cards/train/CLM00776.png
CLM00747,train,Manual Review,gtm_dataset/G5-v1/cards/train/CLM00747.png
CLM00688,train,Valid Claim,gtm_dataset/G5-v1/cards/train/CLM00688.png
CLM01246,train,Valid Claim,gtm_dataset/G5-v1/cards/train/CLM01246.png
CLM00165,train,Invalid Claim,gtm_dataset/G5-v1/cards/train/CLM00165.png
CLM01426,train,Valid Claim,gtm_dataset/G5-v1/cards/train/CLM01426.png
CLM00192,train,Manual Review,gtm_dataset/G5-v1/cards/train/CLM00192.png
CLM00442,train,Manual Review,gtm_dataset/G5-v1/cards/train/CLM00442.png
CLM00679,train,Invalid Claim,gtm_dataset/G5-v1/cards/train/CLM00679.png
CLM00437,train,Invalid Claim,gtm_dataset/G5-v1/cards/train/CLM00437.png
CLM01491,train,Manual Review,gtm_dataset/G5-v1/cards/train/CLM01491.png
CLM01079,train,Valid Claim,gtm_dataset/G5-v1/cards/train/CLM01079.png
CLM00671,train,Invalid Claim,gtm_dataset/G5-v1/cards/train/CLM00671.png
CLM01478,train,Manual Review,gtm_dataset/G5-v1/cards/train/CLM01478.png
CLM01240,train,Valid Claim,gtm_dataset/G5-v1/cards/train/CLM01240.png
CLM00881,train,Valid Claim,gtm_dataset/G5-v1/cards/train/CLM00881.png
CLM01427,train,Manual Review,gtm_dataset/G5-v1/cards/train/CLM01427.png
CLM01020,train,Valid Claim,gtm_dataset/G5-v1/cards/train/CLM01020.png
CLM00660,train,Invalid Claim,gtm_dataset/G5-v1/cards/train/CLM00660.png
CLM00129,train,Valid Claim,gtm_dataset/G5-v1/cards/train/CLM00129.png
CLM00962,train,Invalid Claim,gtm_dataset/G5-v1/cards/train/CLM00962.png
CLM00440,train,Invalid Claim,gtm_dataset/G5-v1/cards/train/CLM00440.png
CLM00471,train,Valid Claim,gtm_dataset/G5-v1/cards/train/CLM00471.png
CLM00499,train,Invalid Claim,gtm_dataset/G5-v1/cards/train/CLM00499.png
CLM00768,train,Invalid Claim,gtm_dataset/G5-v1/cards/train/CLM00768.png
CLM00311,train,Manual Review,gtm_dataset/G5-v1/cards/train/CLM00311.png
CLM01433,train,Valid Claim,gtm_dataset/G5-v1/cards/train/CLM01433.png
CLM00394,train,Invalid Claim,gtm_dataset/G5-v1/cards/train/CLM00394.png
CLM00690,train,Valid Claim,gtm_dataset/G5-v1/cards/train/CLM00690.png
CLM00754,train,Manual Review,gtm_dataset/G5-v1/cards/train/CLM00754.png
CLM00454,train,Manual Review,gtm_dataset/G5-v1/cards/train/CLM00454.png
CLM00424,train,Invalid Claim,gtm_dataset/G5-v1/cards/train/CLM00424.png
CLM00070,train,Valid Claim,gtm_dataset/G5-v1/cards/train/CLM00070.png
CLM01380,train,Manual Review,gtm_dataset/G5-v1/cards/train/CLM01380.png
CLM00495,train,Manual Review,gtm_dataset/G5-v1/cards/train/CLM00495.png
CLM00979,train,Invalid Claim,gtm_dataset/G5-v1/cards/train/CLM00979.png
CLM00661,train,Valid Claim,gtm_dataset/G5-v1/cards/train/CLM00661.png
CLM00502,train,Manual Review,gtm_dataset/G5-v1/cards/train/CLM00502.png
CLM01315,train,Valid Claim,gtm_dataset/G5-v1/cards/train/CLM01315.png
CLM01115,train,Manual Review,gtm_dataset/G5-v1/cards/train/CLM01115.png
CLM00194,train,Invalid Claim,gtm_dataset/G5-v1/cards/train/CLM00194.png
CLM00565,train,Valid Claim,gtm_dataset/G5-v1/cards/train/CLM00565.png
CLM00511,train,Invalid Claim,gtm_dataset/G5-v1/cards/train/CLM00511.png
CLM00895,train,Invalid Claim,gtm_dataset/G5-v1/cards/train/CLM00895.png
CLM01277,train,Valid Claim,gtm_dataset/G5-v1/cards/train/CLM01277.png
CLM00264,train,Valid Claim,gtm_dataset/G5-v1/cards/train/CLM00264.png
CLM00723,train,Valid Claim,gtm_dataset/G5-v1/cards/train/CLM00723.png
CLM00285,train,Invalid Claim,gtm_dataset/G5-v1/cards/train/CLM00285.png
CLM00014,train,Invalid Claim,gtm_dataset/G5-v1/cards/train/CLM00014.png
CLM00338,train,Valid Claim,gtm_dataset/G5-v1/cards/train/CLM00338.png
CLM01200,train,Valid Claim,gtm_dataset/G5-v1/cards/train/CLM01200.png
CLM00099,train,Invalid Claim,gtm_dataset/G5-v1/cards/train/CLM00099.png
CLM00313,train,Valid Claim,gtm_dataset/G5-v1/cards/train/CLM00313.png
CLM01421,train,Manual Review,gtm_dataset/G5-v1/cards/train/CLM01421.png
CLM00465,train,Invalid Claim,gtm_dataset/G5-v1/cards/train/CLM00465.png
CLM00691,train,Valid Claim,gtm_dataset/G5-v1/cards/train/CLM00691.png
CLM00184,train,Invalid Claim,gtm_dataset/G5-v1/cards/train/CLM00184.png
CLM00529,train,Manual Review,gtm_dataset/G5-v1/cards/train/CLM00529.png
CLM00331,train,Valid Claim,gtm_dataset/G5-v1/cards/train/CLM00331.png
CLM00545,train,Manual Review,gtm_dataset/G5-v1/cards/train/CLM00545.png
CLM00141,train,Manual Review,gtm_dataset/G5-v1/cards/train/CLM00141.png
CLM00298,train,Valid Claim,gtm_dataset/G5-v1/cards/train/CLM00298.png
CLM00459,train,Invalid Claim,gtm_dataset/G5-v1/cards/train/CLM00459.png
CLM01424,train,Manual Review,gtm_dataset/G5-v1/cards/train/CLM01424.png
CLM00995,train,Valid Claim,gtm_dataset/G5-v1/cards/train/CLM00995.png
CLM00020,train,Invalid Claim,gtm_dataset/G5-v1/cards/train/CLM00020.png
CLM01368,train,Manual Review,gtm_dataset/G5-v1/cards/train/CLM01368.png
CLM00044,train,Invalid Claim,gtm_dataset/G5-v1/cards/train/CLM00044.png
CLM00819,train,Valid Claim,gtm_dataset/G5-v1/cards/train/CLM00819.png
CLM01119,train,Valid Claim,gtm_dataset/G5-v1/cards/train/CLM01119.png
CLM01306,train,Manual Review,gtm_dataset/G5-v1/cards/train/CLM01306.png
CLM01374,train,Valid Claim,gtm_dataset/G5-v1/cards/train/CLM01374.png
CLM01268,train,Manual Review,gtm_dataset/G5-v1/cards/train/CLM01268.png
CLM00497,train,Manual Review,gtm_dataset/G5-v1/cards/train/CLM00497.png
CLM01222,train,Manual Review,gtm_dataset/G5-v1/cards/train/CLM01222.png
CLM00842,train,Manual Review,gtm_dataset/G5-v1/cards/train/CLM00842.png
CLM01162,train,Valid Claim,gtm_dataset/G5-v1/cards/train/CLM01162.png
CLM00695,train,Invalid Claim,gtm_dataset/G5-v1/cards/train/CLM00695.png
CLM01072,train,Manual Review,gtm_dataset/G5-v1/cards/train/CLM01072.png
CLM01347,train,Valid Claim,gtm_dataset/G5-v1/cards/train/CLM01347.png
CLM00737,train,Invalid Claim,gtm_dataset/G5-v1/cards/train/CLM00737.png
CLM00147,train,Manual Review,gtm_dataset/G5-v1/cards/train/CLM00147.png
CLM00191,train,Manual Review,gtm_dataset/G5-v1/cards/train/CLM00191.png
CLM00182,train,Invalid Claim,gtm_dataset/G5-v1/cards/train/CLM00182.png
CLM00323,train,Valid Claim,gtm_dataset/G5-v1/cards/train/CLM00323.png
CLM00373,train,Valid Claim,gtm_dataset/G5-v1/cards/train/CLM00373.png
CLM00314,train,Manual Review,gtm_dataset/G5-v1/cards/train/CLM00314.png
CLM00181,train,Invalid Claim,gtm_dataset/G5-v1/cards/train/CLM00181.png
CLM01387,train,Manual Review,gtm_dataset/G5-v1/cards/train/CLM01387.png
CLM01249,train,Valid Claim,gtm_dataset/G5-v1/cards/train/CLM01249.png
CLM00587,train,Manual Review,gtm_dataset/G5-v1/cards/train/CLM00587.png
CLM00201,train,Valid Claim,gtm_dataset/G5-v1/cards/train/CLM00201.png
CLM00986,train,Valid Claim,gtm_dataset/G5-v1/cards/train/CLM00986.png
CLM01333,train,Manual Review,gtm_dataset/G5-v1/cards/train/CLM01333.png
CLM01382,train,Manual Review,gtm_dataset/G5-v1/cards/train/CLM01382.png
CLM00231,train,Invalid Claim,gtm_dataset/G5-v1/cards/train/CLM00231.png
CLM00636,train,Valid Claim,gtm_dataset/G5-v1/cards/train/CLM00636.png
CLM00227,train,Invalid Claim,gtm_dataset/G5-v1/cards/train/CLM00227.png
CLM00627,train,Manual Review,gtm_dataset/G5-v1/cards/train/CLM00627.png
CLM00507,train,Invalid Claim,gtm_dataset/G5-v1/cards/train/CLM00507.png
CLM00557,train,Invalid Claim,gtm_dataset/G5-v1/cards/train/CLM00557.png
CLM00274,train,Valid Claim,gtm_dataset/G5-v1/cards/train/CLM00274.png
CLM00431,train,Invalid Claim,gtm_dataset/G5-v1/cards/train/CLM00431.png
CLM00726,train,Invalid Claim,gtm_dataset/G5-v1/cards/train/CLM00726.png
CLM00833,train,Manual Review,gtm_dataset/G5-v1/cards/train/CLM00833.png
CLM00436,train,Valid Claim,gtm_dataset/G5-v1/cards/train/CLM00436.png
CLM00609,train,Invalid Claim,gtm_dataset/G5-v1/cards/train/CLM00609.png
CLM01026,train,Manual Review,gtm_dataset/G5-v1/cards/train/CLM01026.png
CLM00876,train,Manual Review,gtm_dataset/G5-v1/cards/train/CLM00876.png
CLM01373,train,Manual Review,gtm_dataset/G5-v1/cards/train/CLM01373.png
CLM00915,train,Valid Claim,gtm_dataset/G5-v1/cards/train/CLM00915.png
CLM00616,train,Valid Claim,gtm_dataset/G5-v1/cards/train/CLM00616.png
CLM01438,train,Valid Claim,gtm_dataset/G5-v1/cards/train/CLM01438.png
CLM00015,train,Valid Claim,gtm_dataset/G5-v1/cards/train/CLM00015.png
CLM00790,train,Invalid Claim,gtm_dataset/G5-v1/cards/train/CLM00790.png
CLM00987,train,Valid Claim,gtm_dataset/G5-v1/cards/train/CLM00987.png
CLM00310,train,Invalid Claim,gtm_dataset/G5-v1/cards/train/CLM00310.png
CLM00133,train,Invalid Claim,gtm_dataset/G5-v1/cards/train/CLM00133.png
CLM00154,train,Manual Review,gtm_dataset/G5-v1/cards/train/CLM00154.png
CLM00907,train,Invalid Claim,gtm_dataset/G5-v1/cards/train/CLM00907.png
CLM00271,train,Valid Claim,gtm_dataset/G5-v1/cards/train/CLM00271.png
CLM00344,train,Invalid Claim,gtm_dataset/G5-v1/cards/train/CLM00344.png
CLM00643,train,Invalid Claim,gtm_dataset/G5-v1/cards/train/CLM00643.png
CLM01342,train,Valid Claim,gtm_dataset/G5-v1/cards/train/CLM01342.png
CLM00376,train,Manual Review,gtm_dataset/G5-v1/cards/train/CLM00376.png
CLM00922,train,Invalid Claim,gtm_dataset/G5-v1/cards/train/CLM00922.png
CLM01221,train,Valid Claim,gtm_dataset/G5-v1/cards/train/CLM01221.png
CLM01415,train,Valid Claim,gtm_dataset/G5-v1/cards/train/CLM01415.png
CLM01300,train,Valid Claim,gtm_dataset/G5-v1/cards/train/CLM01300.png
CLM00236,train,Manual Review,gtm_dataset/G5-v1/cards/train/CLM00236.png
CLM01055,train,Valid Claim,gtm_dataset/G5-v1/cards/train/CLM01055.png
CLM01307,train,Manual Review,gtm_dataset/G5-v1/cards/train/CLM01307.png
CLM00854,train,Invalid Claim,gtm_dataset/G5-v1/cards/train/CLM00854.png
CLM01192,train,Valid Claim,gtm_dataset/G5-v1/cards/train/CLM01192.png
CLM00811,train,Valid Claim,gtm_dataset/G5-v1/cards/train/CLM00811.png
CLM00112,train,Invalid Claim,gtm_dataset/G5-v1/cards/train/CLM00112.png
CLM00594,train,Valid Claim,gtm_dataset/G5-v1/cards/train/CLM00594.png
CLM01469,train,Manual Review,gtm_dataset/G5-v1/cards/train/CLM01469.png
CLM00076,train,Invalid Claim,gtm_dataset/G5-v1/cards/train/CLM00076.png
CLM00644,train,Invalid Claim,gtm_dataset/G5-v1/cards/train/CLM00644.png
CLM01030,train,Manual Review,gtm_dataset/G5-v1/cards/train/CLM01030.png
CLM00493,train,Manual Review,gtm_dataset/G5-v1/cards/train/CLM00493.png
CLM00105,train,Invalid Claim,gtm_dataset/G5-v1/cards/train/CLM00105.png
CLM01463,train,Manual Review,gtm_dataset/G5-v1/cards/train/CLM01463.png
CLM00293,train,Invalid Claim,gtm_dataset/G5-v1/cards/train/CLM00293.png
CLM00269,train,Manual Review,gtm_dataset/G5-v1/cards/train/CLM00269.png
CLM01118,train,Manual Review,gtm_dataset/G5-v1/cards/train/CLM01118.png
CLM00641,train,Valid Claim,gtm_dataset/G5-v1/cards/train/CLM00641.png
CLM00299,train,Manual Review,gtm_dataset/G5-v1/cards/train/CLM00299.png
CLM00422,train,Invalid Claim,gtm_dataset/G5-v1/cards/train/CLM00422.png
CLM00720,train,Manual Review,gtm_dataset/G5-v1/cards/train/CLM00720.png
CLM01325,train,Valid Claim,gtm_dataset/G5-v1/cards/train/CLM01325.png
CLM01271,train,Manual Review,gtm_dataset/G5-v1/cards/train/CLM01271.png
CLM01372,train,Valid Claim,gtm_dataset/G5-v1/cards/train/CLM01372.png
CLM01082,train,Valid Claim,gtm_dataset/G5-v1/cards/train/CLM01082.png
CLM00352,train,Invalid Claim,gtm_dataset/G5-v1/cards/train/CLM00352.png
CLM00677,train,Valid Claim,gtm_dataset/G5-v1/cards/train/CLM00677.png
CLM01419,train,Manual Review,gtm_dataset/G5-v1/cards/train/CLM01419.png
CLM00721,train,Invalid Claim,gtm_dataset/G5-v1/cards/train/CLM00721.png
CLM00618,train,Valid Claim,gtm_dataset/G5-v1/cards/train/CLM00618.png
CLM01039,train,Manual Review,gtm_dataset/G5-v1/cards/train/CLM01039.png
CLM00415,train,Invalid Claim,gtm_dataset/G5-v1/cards/train/CLM00415.png
CLM00875,train,Manual Review,gtm_dataset/G5-v1/cards/train/CLM00875.png
CLM01274,train,Manual Review,gtm_dataset/G5-v1/cards/train/CLM01274.png
CLM00291,train,Valid Claim,gtm_dataset/G5-v1/cards/train/CLM00291.png
CLM00818,train,Invalid Claim,gtm_dataset/G5-v1/cards/train/CLM00818.png
CLM00951,train,Manual Review,gtm_dataset/G5-v1/cards/train/CLM00951.png
CLM01412,train,Manual Review,gtm_dataset/G5-v1/cards/train/CLM01412.png
CLM00633,train,Invalid Claim,gtm_dataset/G5-v1/cards/train/CLM00633.png
CLM01275,train,Manual Review,gtm_dataset/G5-v1/cards/train/CLM01275.png
CLM01430,train,Manual Review,gtm_dataset/G5-v1/cards/train/CLM01430.png
CLM00039,train,Manual Review,gtm_dataset/G5-v1/cards/train/CLM00039.png
CLM00241,train,Invalid Claim,gtm_dataset/G5-v1/cards/train/CLM00241.png
CLM00021,train,Invalid Claim,gtm_dataset/G5-v1/cards/train/CLM00021.png
CLM01329,train,Manual Review,gtm_dataset/G5-v1/cards/train/CLM01329.png
CLM00599,train,Invalid Claim,gtm_dataset/G5-v1/cards/train/CLM00599.png
CLM00628,train,Valid Claim,gtm_dataset/G5-v1/cards/train/CLM00628.png
CLM00300,train,Valid Claim,gtm_dataset/G5-v1/cards/train/CLM00300.png
CLM01301,train,Valid Claim,gtm_dataset/G5-v1/cards/train/CLM01301.png
CLM00093,train,Invalid Claim,gtm_dataset/G5-v1/cards/train/CLM00093.png
CLM00519,train,Invalid Claim,gtm_dataset/G5-v1/cards/train/CLM00519.png
CLM00924,train,Invalid Claim,gtm_dataset/G5-v1/cards/train/CLM00924.png
CLM00794,train,Invalid Claim,gtm_dataset/G5-v1/cards/train/CLM00794.png
CLM00943,train,Invalid Claim,gtm_dataset/G5-v1/cards/train/CLM00943.png
CLM00268,train,Manual Review,gtm_dataset/G5-v1/cards/train/CLM00268.png
CLM00101,train,Valid Claim,gtm_dataset/G5-v1/cards/train/CLM00101.png
CLM00482,train,Valid Claim,gtm_dataset/G5-v1/cards/train/CLM00482.png
CLM01499,train,Manual Review,gtm_dataset/G5-v1/cards/train/CLM01499.png
CLM00235,train,Valid Claim,gtm_dataset/G5-v1/cards/train/CLM00235.png
CLM00387,train,Valid Claim,gtm_dataset/G5-v1/cards/train/CLM00387.png
CLM00710,train,Manual Review,gtm_dataset/G5-v1/cards/train/CLM00710.png
CLM00521,train,Valid Claim,gtm_dataset/G5-v1/cards/train/CLM00521.png
CLM01017,train,Valid Claim,gtm_dataset/G5-v1/cards/train/CLM01017.png
CLM01056,train,Manual Review,gtm_dataset/G5-v1/cards/train/CLM01056.png
CLM00559,train,Invalid Claim,gtm_dataset/G5-v1/cards/train/CLM00559.png
CLM01107,train,Valid Claim,gtm_dataset/G5-v1/cards/train/CLM01107.png
CLM00970,train,Valid Claim,gtm_dataset/G5-v1/cards/train/CLM00970.png
CLM00208,train,Invalid Claim,gtm_dataset/G5-v1/cards/train/CLM00208.png
CLM01487,train,Manual Review,gtm_dataset/G5-v1/cards/train/CLM01487.png
CLM00893,train,Manual Review,gtm_dataset/G5-v1/cards/train/CLM00893.png
CLM00456,train,Invalid Claim,gtm_dataset/G5-v1/cards/train/CLM00456.png
CLM01071,train,Manual Review,gtm_dataset/G5-v1/cards/train/CLM01071.png
CLM00583,train,Manual Review,gtm_dataset/G5-v1/cards/train/CLM00583.png
CLM01349,train,Valid Claim,gtm_dataset/G5-v1/cards/train/CLM01349.png
CLM00621,train,Invalid Claim,gtm_dataset/G5-v1/cards/train/CLM00621.png
CLM00385,train,Invalid Claim,gtm_dataset/G5-v1/cards/train/CLM00385.png
CLM00909,train,Manual Review,gtm_dataset/G5-v1/cards/train/CLM00909.png
CLM00025,train,Invalid Claim,gtm_dataset/G5-v1/cards/train/CLM00025.png
CLM01054,train,Valid Claim,gtm_dataset/G5-v1/cards/train/CLM01054.png
CLM01167,train,Valid Claim,gtm_dataset/G5-v1/cards/train/CLM01167.png
CLM01285,train,Valid Claim,gtm_dataset/G5-v1/cards/train/CLM01285.png
CLM01324,train,Valid Claim,gtm_dataset/G5-v1/cards/train/CLM01324.png
CLM01057,train,Valid Claim,gtm_dataset/G5-v1/cards/train/CLM01057.png
CLM00277,train,Invalid Claim,gtm_dataset/G5-v1/cards/train/CLM00277.png
CLM00036,train,Valid Claim,gtm_dataset/G5-v1/cards/train/CLM00036.png
CLM00870,train,Invalid Claim,gtm_dataset/G5-v1/cards/train/CLM00870.png
CLM01250,train,Valid Claim,gtm_dataset/G5-v1/cards/train/CLM01250.png
CLM01440,train,Manual Review,gtm_dataset/G5-v1/cards/train/CLM01440.png
CLM01102,train,Valid Claim,gtm_dataset/G5-v1/cards/train/CLM01102.png
CLM00032,train,Invalid Claim,gtm_dataset/G5-v1/cards/train/CLM00032.png
CLM00772,train,Invalid Claim,gtm_dataset/G5-v1/cards/train/CLM00772.png
CLM01432,train,Valid Claim,gtm_dataset/G5-v1/cards/train/CLM01432.png
CLM00534,train,Manual Review,gtm_dataset/G5-v1/cards/train/CLM00534.png
CLM00257,train,Valid Claim,gtm_dataset/G5-v1/cards/train/CLM00257.png
CLM00195,train,Valid Claim,gtm_dataset/G5-v1/cards/train/CLM00195.png
CLM01120,train,Valid Claim,gtm_dataset/G5-v1/cards/train/CLM01120.png
CLM00762,train,Valid Claim,gtm_dataset/G5-v1/cards/train/CLM00762.png
CLM00579,train,Valid Claim,gtm_dataset/G5-v1/cards/train/CLM00579.png
CLM01151,train,Manual Review,gtm_dataset/G5-v1/cards/train/CLM01151.png
CLM00358,train,Invalid Claim,gtm_dataset/G5-v1/cards/train/CLM00358.png
CLM00343,train,Manual Review,gtm_dataset/G5-v1/cards/train/CLM00343.png
CLM01095,train,Valid Claim,gtm_dataset/G5-v1/cards/train/CLM01095.png
CLM00547,train,Invalid Claim,gtm_dataset/G5-v1/cards/train/CLM00547.png
CLM00847,train,Manual Review,gtm_dataset/G5-v1/cards/train/CLM00847.png
CLM01064,train,Manual Review,gtm_dataset/G5-v1/cards/train/CLM01064.png
CLM01398,train,Manual Review,gtm_dataset/G5-v1/cards/train/CLM01398.png
CLM00140,train,Invalid Claim,gtm_dataset/G5-v1/cards/train/CLM00140.png
CLM00218,train,Manual Review,gtm_dataset/G5-v1/cards/train/CLM00218.png
CLM00619,train,Valid Claim,gtm_dataset/G5-v1/cards/train/CLM00619.png
CLM01214,train,Valid Claim,gtm_dataset/G5-v1/cards/train/CLM01214.png
CLM00871,train,Manual Review,gtm_dataset/G5-v1/cards/train/CLM00871.png
CLM00560,train,Invalid Claim,gtm_dataset/G5-v1/cards/train/CLM00560.png
CLM01004,train,Valid Claim,gtm_dataset/G5-v1/cards/train/CLM01004.png
CLM01185,train,Manual Review,gtm_dataset/G5-v1/cards/train/CLM01185.png
CLM01032,train,Manual Review,gtm_dataset/G5-v1/cards/train/CLM01032.png
CLM01086,train,Valid Claim,gtm_dataset/G5-v1/cards/train/CLM01086.png
CLM00976,train,Invalid Claim,gtm_dataset/G5-v1/cards/train/CLM00976.png
CLM01061,train,Valid Claim,gtm_dataset/G5-v1/cards/train/CLM01061.png
CLM01410,train,Manual Review,gtm_dataset/G5-v1/cards/train/CLM01410.png
CLM01257,train,Manual Review,gtm_dataset/G5-v1/cards/train/CLM01257.png
CLM00942,train,Invalid Claim,gtm_dataset/G5-v1/cards/train/CLM00942.png
CLM00016,train,Manual Review,gtm_dataset/G5-v1/cards/train/CLM00016.png
CLM00959,train,Manual Review,gtm_dataset/G5-v1/cards/train/CLM00959.png
CLM00090,train,Invalid Claim,gtm_dataset/G5-v1/cards/train/CLM00090.png
CLM00220,train,Invalid Claim,gtm_dataset/G5-v1/cards/train/CLM00220.png
CLM00149,train,Invalid Claim,gtm_dataset/G5-v1/cards/train/CLM00149.png
CLM00045,train,Manual Review,gtm_dataset/G5-v1/cards/train/CLM00045.png
CLM01069,train,Valid Claim,gtm_dataset/G5-v1/cards/train/CLM01069.png
CLM00430,train,Manual Review,gtm_dataset/G5-v1/cards/train/CLM00430.png
CLM00052,train,Manual Review,gtm_dataset/G5-v1/cards/train/CLM00052.png
CLM01316,train,Valid Claim,gtm_dataset/G5-v1/cards/train/CLM01316.png
CLM00853,train,Manual Review,gtm_dataset/G5-v1/cards/train/CLM00853.png
CLM00492,train,Invalid Claim,gtm_dataset/G5-v1/cards/train/CLM00492.png
CLM00844,train,Manual Review,gtm_dataset/G5-v1/cards/train/CLM00844.png
CLM00640,train,Manual Review,gtm_dataset/G5-v1/cards/train/CLM00640.png
CLM00914,train,Valid Claim,gtm_dataset/G5-v1/cards/train/CLM00914.png
CLM00031,train,Invalid Claim,gtm_dataset/G5-v1/cards/train/CLM00031.png
CLM00473,train,Valid Claim,gtm_dataset/G5-v1/cards/train/CLM00473.png
CLM01460,train,Valid Claim,gtm_dataset/G5-v1/cards/train/CLM01460.png
CLM00758,train,Manual Review,gtm_dataset/G5-v1/cards/train/CLM00758.png
CLM01141,train,Manual Review,gtm_dataset/G5-v1/cards/train/CLM01141.png
CLM00952,train,Invalid Claim,gtm_dataset/G5-v1/cards/train/CLM00952.png
CLM00135,train,Valid Claim,gtm_dataset/G5-v1/cards/train/CLM00135.png
CLM01328,train,Manual Review,gtm_dataset/G5-v1/cards/train/CLM01328.png
CLM00109,train,Manual Review,gtm_dataset/G5-v1/cards/train/CLM00109.png
CLM01049,train,Valid Claim,gtm_dataset/G5-v1/cards/train/CLM01049.png
CLM00381,train,Manual Review,gtm_dataset/G5-v1/cards/train/CLM00381.png
CLM01201,train,Valid Claim,gtm_dataset/G5-v1/cards/train/CLM01201.png
CLM00162,train,Invalid Claim,gtm_dataset/G5-v1/cards/train/CLM00162.png
CLM01013,train,Valid Claim,gtm_dataset/G5-v1/cards/train/CLM01013.png
CLM00355,train,Invalid Claim,gtm_dataset/G5-v1/cards/train/CLM00355.png
CLM00792,train,Valid Claim,gtm_dataset/G5-v1/cards/train/CLM00792.png
CLM00211,train,Valid Claim,gtm_dataset/G5-v1/cards/train/CLM00211.png
CLM01165,train,Valid Claim,gtm_dataset/G5-v1/cards/train/CLM01165.png
CLM01175,train,Valid Claim,gtm_dataset/G5-v1/cards/train/CLM01175.png
CLM00568,train,Valid Claim,gtm_dataset/G5-v1/cards/train/CLM00568.png
CLM01145,train,Manual Review,gtm_dataset/G5-v1/cards/train/CLM01145.png
CLM00023,train,Valid Claim,gtm_dataset/G5-v1/cards/train/CLM00023.png
CLM00110,train,Invalid Claim,gtm_dataset/G5-v1/cards/train/CLM00110.png
CLM01472,train,Manual Review,gtm_dataset/G5-v1/cards/train/CLM01472.png
CLM00468,train,Invalid Claim,gtm_dataset/G5-v1/cards/train/CLM00468.png
CLM00283,train,Invalid Claim,gtm_dataset/G5-v1/cards/train/CLM00283.png
CLM01230,train,Manual Review,gtm_dataset/G5-v1/cards/train/CLM01230.png
CLM00624,train,Invalid Claim,gtm_dataset/G5-v1/cards/train/CLM00624.png
CLM00598,train,Invalid Claim,gtm_dataset/G5-v1/cards/train/CLM00598.png
CLM00961,train,Invalid Claim,gtm_dataset/G5-v1/cards/train/CLM00961.png
CLM00556,train,Manual Review,gtm_dataset/G5-v1/cards/train/CLM00556.png
CLM00111,train,Invalid Claim,gtm_dataset/G5-v1/cards/train/CLM00111.png
CLM00981,train,Invalid Claim,gtm_dataset/G5-v1/cards/train/CLM00981.png
CLM01121,train,Valid Claim,gtm_dataset/G5-v1/cards/train/CLM01121.png
CLM00730,train,Invalid Claim,gtm_dataset/G5-v1/cards/train/CLM00730.png
CLM00639,train,Manual Review,gtm_dataset/G5-v1/cards/train/CLM00639.png
CLM01428,train,Valid Claim,gtm_dataset/G5-v1/cards/train/CLM01428.png
CLM01296,train,Manual Review,gtm_dataset/G5-v1/cards/train/CLM01296.png
CLM01188,train,Valid Claim,gtm_dataset/G5-v1/cards/train/CLM01188.png
CLM01204,train,Manual Review,gtm_dataset/G5-v1/cards/train/CLM01204.png
CLM00669,train,Manual Review,gtm_dataset/G5-v1/cards/train/CLM00669.png
CLM00739,train,Invalid Claim,gtm_dataset/G5-v1/cards/train/CLM00739.png
CLM00781,train,Valid Claim,gtm_dataset/G5-v1/cards/train/CLM00781.png
CLM00115,train,Invalid Claim,gtm_dataset/G5-v1/cards/train/CLM00115.png
CLM00889,train,Manual Review,gtm_dataset/G5-v1/cards/train/CLM00889.png
CLM01436,train,Valid Claim,gtm_dataset/G5-v1/cards/train/CLM01436.png
CLM00733,train,Invalid Claim,gtm_dataset/G5-v1/cards/train/CLM00733.png
CLM00548,train,Invalid Claim,gtm_dataset/G5-v1/cards/train/CLM00548.png
CLM00577,train,Invalid Claim,gtm_dataset/G5-v1/cards/train/CLM00577.png
CLM00524,train,Invalid Claim,gtm_dataset/G5-v1/cards/train/CLM00524.png
CLM00546,train,Manual Review,gtm_dataset/G5-v1/cards/train/CLM00546.png
CLM01305,train,Valid Claim,gtm_dataset/G5-v1/cards/train/CLM01305.png
CLM00177,train,Valid Claim,gtm_dataset/G5-v1/cards/train/CLM00177.png
CLM01111,train,Valid Claim,gtm_dataset/G5-v1/cards/train/CLM01111.png
CLM00407,train,Invalid Claim,gtm_dataset/G5-v1/cards/train/CLM00407.png
CLM00321,train,Invalid Claim,gtm_dataset/G5-v1/cards/train/CLM00321.png
CLM00374,train,Invalid Claim,gtm_dataset/G5-v1/cards/train/CLM00374.png
CLM00572,train,Invalid Claim,gtm_dataset/G5-v1/cards/train/CLM00572.png
CLM01435,train,Valid Claim,gtm_dataset/G5-v1/cards/train/CLM01435.png
CLM01317,train,Manual Review,gtm_dataset/G5-v1/cards/train/CLM01317.png
CLM00361,train,Manual Review,gtm_dataset/G5-v1/cards/train/CLM00361.png
CLM00250,train,Valid Claim,gtm_dataset/G5-v1/cards/train/CLM00250.png
CLM00103,train,Invalid Claim,gtm_dataset/G5-v1/cards/train/CLM00103.png
CLM00980,train,Invalid Claim,gtm_dataset/G5-v1/cards/train/CLM00980.png
CLM00427,train,Manual Review,gtm_dataset/G5-v1/cards/train/CLM00427.png
CLM00937,train,Manual Review,gtm_dataset/G5-v1/cards/train/CLM00937.png
CLM01058,train,Valid Claim,gtm_dataset/G5-v1/cards/train/CLM01058.png
CLM00567,train,Manual Review,gtm_dataset/G5-v1/cards/train/CLM00567.png
CLM00326,train,Invalid Claim,gtm_dataset/G5-v1/cards/train/CLM00326.png
CLM00868,train,Invalid Claim,gtm_dataset/G5-v1/cards/train/CLM00868.png
CLM00816,train,Invalid Claim,gtm_dataset/G5-v1/cards/train/CLM00816.png
CLM01403,train,Manual Review,gtm_dataset/G5-v1/cards/train/CLM01403.png
CLM00254,train,Valid Claim,gtm_dataset/G5-v1/cards/train/CLM00254.png
CLM00042,train,Invalid Claim,gtm_dataset/G5-v1/cards/train/CLM00042.png
CLM01298,train,Valid Claim,gtm_dataset/G5-v1/cards/train/CLM01298.png
CLM01132,train,Valid Claim,gtm_dataset/G5-v1/cards/train/CLM01132.png
CLM00968,train,Invalid Claim,gtm_dataset/G5-v1/cards/train/CLM00968.png
CLM01140,train,Manual Review,gtm_dataset/G5-v1/cards/train/CLM01140.png
CLM00196,train,Invalid Claim,gtm_dataset/G5-v1/cards/train/CLM00196.png
CLM01357,train,Manual Review,gtm_dataset/G5-v1/cards/train/CLM01357.png
CLM01243,train,Valid Claim,gtm_dataset/G5-v1/cards/train/CLM01243.png
CLM00778,train,Valid Claim,gtm_dataset/G5-v1/cards/train/CLM00778.png
CLM00535,train,Manual Review,gtm_dataset/G5-v1/cards/train/CLM00535.png
CLM00199,train,Valid Claim,gtm_dataset/G5-v1/cards/train/CLM00199.png
CLM00926,train,Invalid Claim,gtm_dataset/G5-v1/cards/train/CLM00926.png
CLM00510,train,Invalid Claim,gtm_dataset/G5-v1/cards/train/CLM00510.png
CLM00998,train,Valid Claim,gtm_dataset/G5-v1/cards/train/CLM00998.png
CLM00409,train,Invalid Claim,gtm_dataset/G5-v1/cards/train/CLM00409.png
CLM01280,train,Valid Claim,gtm_dataset/G5-v1/cards/train/CLM01280.png
CLM01091,train,Valid Claim,gtm_dataset/G5-v1/cards/train/CLM01091.png
CLM01035,train,Valid Claim,gtm_dataset/G5-v1/cards/train/CLM01035.png
CLM00371,train,Invalid Claim,gtm_dataset/G5-v1/cards/train/CLM00371.png
CLM01395,train,Valid Claim,gtm_dataset/G5-v1/cards/train/CLM01395.png
CLM01461,train,Manual Review,gtm_dataset/G5-v1/cards/train/CLM01461.png
CLM01365,train,Manual Review,gtm_dataset/G5-v1/cards/train/CLM01365.png
CLM00483,train,Valid Claim,gtm_dataset/G5-v1/cards/train/CLM00483.png
CLM01288,train,Valid Claim,gtm_dataset/G5-v1/cards/train/CLM01288.png
CLM00977,train,Invalid Claim,gtm_dataset/G5-v1/cards/train/CLM00977.png
CLM00580,train,Valid Claim,gtm_dataset/G5-v1/cards/train/CLM00580.png
CLM00084,train,Manual Review,gtm_dataset/G5-v1/cards/train/CLM00084.png
CLM00566,train,Invalid Claim,gtm_dataset/G5-v1/cards/train/CLM00566.png
CLM00608,train,Invalid Claim,gtm_dataset/G5-v1/cards/train/CLM00608.png
CLM00809,train,Invalid Claim,gtm_dataset/G5-v1/cards/train/CLM00809.png
CLM00048,train,Manual Review,gtm_dataset/G5-v1/cards/train/CLM00048.png
CLM01205,train,Valid Claim,gtm_dataset/G5-v1/cards/train/CLM01205.png
CLM01266,train,Manual Review,gtm_dataset/G5-v1/cards/train/CLM01266.png
CLM00969,train,Valid Claim,gtm_dataset/G5-v1/cards/train/CLM00969.png
CLM00388,train,Valid Claim,gtm_dataset/G5-v1/cards/train/CLM00388.png
CLM01402,train,Manual Review,gtm_dataset/G5-v1/cards/train/CLM01402.png
CLM00948,train,Invalid Claim,gtm_dataset/G5-v1/cards/train/CLM00948.png
CLM00183,train,Invalid Claim,gtm_dataset/G5-v1/cards/train/CLM00183.png
CLM00179,train,Valid Claim,gtm_dataset/G5-v1/cards/train/CLM00179.png
CLM00412,train,Manual Review,gtm_dataset/G5-v1/cards/train/CLM00412.png
CLM01174,train,Valid Claim,gtm_dataset/G5-v1/cards/train/CLM01174.png
CLM01019,train,Manual Review,gtm_dataset/G5-v1/cards/train/CLM01019.png
CLM01441,train,Manual Review,gtm_dataset/G5-v1/cards/train/CLM01441.png
CLM00003,train,Invalid Claim,gtm_dataset/G5-v1/cards/train/CLM00003.png
CLM00514,train,Manual Review,gtm_dataset/G5-v1/cards/train/CLM00514.png
CLM01036,train,Valid Claim,gtm_dataset/G5-v1/cards/train/CLM01036.png
CLM00214,train,Manual Review,gtm_dataset/G5-v1/cards/train/CLM00214.png
CLM01445,train,Manual Review,gtm_dataset/G5-v1/cards/train/CLM01445.png
CLM00904,train,Invalid Claim,gtm_dataset/G5-v1/cards/train/CLM00904.png
CLM00940,train,Invalid Claim,gtm_dataset/G5-v1/cards/train/CLM00940.png
CLM00528,train,Invalid Claim,gtm_dataset/G5-v1/cards/train/CLM00528.png
CLM01241,train,Manual Review,gtm_dataset/G5-v1/cards/train/CLM01241.png
CLM01495,train,Manual Review,gtm_dataset/G5-v1/cards/train/CLM01495.png
CLM00159,train,Invalid Claim,gtm_dataset/G5-v1/cards/train/CLM00159.png
CLM00834,train,Invalid Claim,gtm_dataset/G5-v1/cards/train/CLM00834.png
CLM01005,train,Manual Review,gtm_dataset/G5-v1/cards/train/CLM01005.png
CLM01130,train,Manual Review,gtm_dataset/G5-v1/cards/train/CLM01130.png
CLM00945,train,Valid Claim,gtm_dataset/G5-v1/cards/train/CLM00945.png
CLM01453,train,Valid Claim,gtm_dataset/G5-v1/cards/train/CLM01453.png
CLM00629,train,Valid Claim,gtm_dataset/G5-v1/cards/train/CLM00629.png
CLM01148,train,Manual Review,gtm_dataset/G5-v1/cards/train/CLM01148.png
CLM00648,train,Valid Claim,gtm_dataset/G5-v1/cards/train/CLM00648.png
CLM00005,train,Valid Claim,gtm_dataset/G5-v1/cards/train/CLM00005.png
CLM00626,train,Invalid Claim,gtm_dataset/G5-v1/cards/train/CLM00626.png
CLM00255,train,Invalid Claim,gtm_dataset/G5-v1/cards/train/CLM00255.png
CLM01050,train,Manual Review,gtm_dataset/G5-v1/cards/train/CLM01050.png
CLM00632,train,Manual Review,gtm_dataset/G5-v1/cards/train/CLM00632.png
CLM00341,train,Valid Claim,gtm_dataset/G5-v1/cards/train/CLM00341.png
CLM00240,train,Invalid Claim,gtm_dataset/G5-v1/cards/train/CLM00240.png
CLM00342,train,Manual Review,gtm_dataset/G5-v1/cards/train/CLM00342.png
CLM00584,train,Invalid Claim,gtm_dataset/G5-v1/cards/train/CLM00584.png
CLM00484,train,Valid Claim,gtm_dataset/G5-v1/cards/train/CLM00484.png
CLM00544,train,Manual Review,gtm_dataset/G5-v1/cards/train/CLM00544.png
CLM00009,train,Manual Review,gtm_dataset/G5-v1/cards/train/CLM00009.png
CLM01025,train,Valid Claim,gtm_dataset/G5-v1/cards/train/CLM01025.png
CLM00086,train,Invalid Claim,gtm_dataset/G5-v1/cards/train/CLM00086.png
CLM00683,train,Invalid Claim,gtm_dataset/G5-v1/cards/train/CLM00683.png
CLM00136,train,Valid Claim,gtm_dataset/G5-v1/cards/train/CLM00136.png
CLM01369,train,Valid Claim,gtm_dataset/G5-v1/cards/train/CLM01369.png
CLM00392,train,Invalid Claim,gtm_dataset/G5-v1/cards/train/CLM00392.png
CLM01008,train,Manual Review,gtm_dataset/G5-v1/cards/train/CLM01008.png
CLM01459,train,Manual Review,gtm_dataset/G5-v1/cards/train/CLM01459.png
CLM00223,train,Invalid Claim,gtm_dataset/G5-v1/cards/train/CLM00223.png
CLM00965,train,Manual Review,gtm_dataset/G5-v1/cards/train/CLM00965.png
CLM00384,train,Invalid Claim,gtm_dataset/G5-v1/cards/train/CLM00384.png
CLM01006,train,Manual Review,gtm_dataset/G5-v1/cards/train/CLM01006.png
CLM00027,train,Invalid Claim,gtm_dataset/G5-v1/cards/train/CLM00027.png
CLM01497,train,Manual Review,gtm_dataset/G5-v1/cards/train/CLM01497.png
CLM01399,train,Manual Review,gtm_dataset/G5-v1/cards/train/CLM01399.png
CLM00188,train,Manual Review,gtm_dataset/G5-v1/cards/train/CLM00188.png
CLM00438,train,Invalid Claim,gtm_dataset/G5-v1/cards/train/CLM00438.png
CLM00429,train,Manual Review,gtm_dataset/G5-v1/cards/train/CLM00429.png
CLM01405,train,Valid Claim,gtm_dataset/G5-v1/cards/train/CLM01405.png
CLM01075,train,Manual Review,gtm_dataset/G5-v1/cards/train/CLM01075.png
CLM00602,train,Manual Review,gtm_dataset/G5-v1/cards/train/CLM00602.png
CLM00752,train,Manual Review,gtm_dataset/G5-v1/cards/train/CLM00752.png
CLM00785,train,Manual Review,gtm_dataset/G5-v1/cards/train/CLM00785.png
CLM01144,train,Manual Review,gtm_dataset/G5-v1/cards/train/CLM01144.png
CLM01431,train,Manual Review,gtm_dataset/G5-v1/cards/train/CLM01431.png
CLM01248,train,Valid Claim,gtm_dataset/G5-v1/cards/train/CLM01248.png
CLM01457,train,Manual Review,gtm_dataset/G5-v1/cards/train/CLM01457.png
CLM00827,train,Valid Claim,gtm_dataset/G5-v1/cards/train/CLM00827.png
CLM00841,train,Invalid Claim,gtm_dataset/G5-v1/cards/train/CLM00841.png
CLM00705,train,Manual Review,gtm_dataset/G5-v1/cards/train/CLM00705.png
CLM00301,train,Invalid Claim,gtm_dataset/G5-v1/cards/train/CLM00301.png
CLM01247,train,Manual Review,gtm_dataset/G5-v1/cards/train/CLM01247.png
CLM01439,train,Manual Review,gtm_dataset/G5-v1/cards/train/CLM01439.png
CLM00128,train,Valid Claim,gtm_dataset/G5-v1/cards/train/CLM00128.png
CLM00458,train,Invalid Claim,gtm_dataset/G5-v1/cards/train/CLM00458.png
CLM00167,train,Invalid Claim,gtm_dataset/G5-v1/cards/train/CLM00167.png
CLM00697,train,Valid Claim,gtm_dataset/G5-v1/cards/train/CLM00697.png
CLM00002,train,Valid Claim,gtm_dataset/G5-v1/cards/train/CLM00002.png
CLM00055,train,Invalid Claim,gtm_dataset/G5-v1/cards/train/CLM00055.png
CLM00494,train,Invalid Claim,gtm_dataset/G5-v1/cards/train/CLM00494.png
CLM00795,train,Invalid Claim,gtm_dataset/G5-v1/cards/train/CLM00795.png
CLM00935,train,Valid Claim,gtm_dataset/G5-v1/cards/train/CLM00935.png
CLM00213,train,Valid Claim,gtm_dataset/G5-v1/cards/train/CLM00213.png
CLM01442,train,Valid Claim,gtm_dataset/G5-v1/cards/train/CLM01442.png
CLM01323,train,Manual Review,gtm_dataset/G5-v1/cards/train/CLM01323.png
CLM00092,train,Invalid Claim,gtm_dataset/G5-v1/cards/train/CLM00092.png
CLM01027,train,Valid Claim,gtm_dataset/G5-v1/cards/train/CLM01027.png
CLM01259,train,Manual Review,gtm_dataset/G5-v1/cards/train/CLM01259.png
CLM01180,train,Valid Claim,gtm_dataset/G5-v1/cards/train/CLM01180.png
CLM01096,train,Valid Claim,gtm_dataset/G5-v1/cards/train/CLM01096.png
CLM01187,train,Manual Review,gtm_dataset/G5-v1/cards/train/CLM01187.png
CLM01322,train,Manual Review,gtm_dataset/G5-v1/cards/train/CLM01322.png
CLM00590,train,Invalid Claim,gtm_dataset/G5-v1/cards/train/CLM00590.png
CLM00432,train,Invalid Claim,gtm_dataset/G5-v1/cards/train/CLM00432.png
CLM00061,train,Invalid Claim,gtm_dataset/G5-v1/cards/train/CLM00061.png
CLM00820,train,Invalid Claim,gtm_dataset/G5-v1/cards/train/CLM00820.png
CLM00852,train,Valid Claim,gtm_dataset/G5-v1/cards/train/CLM00852.png
CLM00126,train,Invalid Claim,gtm_dataset/G5-v1/cards/train/CLM00126.png
CLM00428,train,Manual Review,gtm_dataset/G5-v1/cards/train/CLM00428.png
CLM00635,train,Manual Review,gtm_dataset/G5-v1/cards/train/CLM00635.png
CLM00891,train,Invalid Claim,gtm_dataset/G5-v1/cards/train/CLM00891.png
CLM00319,train,Invalid Claim,gtm_dataset/G5-v1/cards/train/CLM00319.png
CLM00746,train,Valid Claim,gtm_dataset/G5-v1/cards/train/CLM00746.png
CLM01158,train,Manual Review,gtm_dataset/G5-v1/cards/train/CLM01158.png
CLM01388,train,Manual Review,gtm_dataset/G5-v1/cards/train/CLM01388.png
CLM01073,train,Valid Claim,gtm_dataset/G5-v1/cards/train/CLM01073.png
CLM00756,train,Manual Review,gtm_dataset/G5-v1/cards/train/CLM00756.png
CLM01320,train,Manual Review,gtm_dataset/G5-v1/cards/train/CLM01320.png
CLM00837,train,Manual Review,gtm_dataset/G5-v1/cards/train/CLM00837.png
CLM01087,train,Valid Claim,gtm_dataset/G5-v1/cards/train/CLM01087.png
CLM00077,train,Valid Claim,gtm_dataset/G5-v1/cards/train/CLM00077.png
CLM01155,train,Valid Claim,gtm_dataset/G5-v1/cards/train/CLM01155.png
CLM00777,train,Valid Claim,gtm_dataset/G5-v1/cards/train/CLM00777.png
CLM01060,train,Valid Claim,gtm_dataset/G5-v1/cards/train/CLM01060.png
CLM00130,train,Invalid Claim,gtm_dataset/G5-v1/cards/train/CLM00130.png
CLM00620,train,Manual Review,gtm_dataset/G5-v1/cards/train/CLM00620.png
CLM00815,train,Manual Review,gtm_dataset/G5-v1/cards/train/CLM00815.png
CLM00316,train,Valid Claim,gtm_dataset/G5-v1/cards/train/CLM00316.png
CLM00578,train,Invalid Claim,gtm_dataset/G5-v1/cards/train/CLM00578.png
CLM01099,train,Valid Claim,gtm_dataset/G5-v1/cards/train/CLM01099.png
CLM00861,train,Manual Review,gtm_dataset/G5-v1/cards/train/CLM00861.png
CLM01157,train,Manual Review,gtm_dataset/G5-v1/cards/train/CLM01157.png
CLM00461,train,Invalid Claim,gtm_dataset/G5-v1/cards/train/CLM00461.png
CLM00197,train,Valid Claim,gtm_dataset/G5-v1/cards/train/CLM00197.png
CLM00564,train,Manual Review,gtm_dataset/G5-v1/cards/train/CLM00564.png
CLM00252,train,Invalid Claim,gtm_dataset/G5-v1/cards/train/CLM00252.png
CLM00783,train,Manual Review,gtm_dataset/G5-v1/cards/train/CLM00783.png
CLM01286,train,Manual Review,gtm_dataset/G5-v1/cards/train/CLM01286.png
CLM00272,train,Valid Claim,gtm_dataset/G5-v1/cards/train/CLM00272.png
CLM01413,train,Valid Claim,gtm_dataset/G5-v1/cards/train/CLM01413.png
CLM01326,train,Valid Claim,gtm_dataset/G5-v1/cards/train/CLM01326.png
CLM01476,train,Manual Review,gtm_dataset/G5-v1/cards/train/CLM01476.png
CLM00284,train,Invalid Claim,gtm_dataset/G5-v1/cards/train/CLM00284.png
CLM00656,validation,Invalid Claim,gtm_dataset/G5-v1/cards/validation/CLM00656.png
CLM01290,validation,Valid Claim,gtm_dataset/G5-v1/cards/validation/CLM01290.png
CLM00581,validation,Manual Review,gtm_dataset/G5-v1/cards/validation/CLM00581.png
CLM00764,validation,Invalid Claim,gtm_dataset/G5-v1/cards/validation/CLM00764.png
CLM00537,validation,Invalid Claim,gtm_dataset/G5-v1/cards/validation/CLM00537.png
CLM01482,validation,Manual Review,gtm_dataset/G5-v1/cards/validation/CLM01482.png
CLM01355,validation,Valid Claim,gtm_dataset/G5-v1/cards/validation/CLM01355.png
CLM00030,validation,Valid Claim,gtm_dataset/G5-v1/cards/validation/CLM00030.png
CLM00054,validation,Invalid Claim,gtm_dataset/G5-v1/cards/validation/CLM00054.png
CLM01418,validation,Valid Claim,gtm_dataset/G5-v1/cards/validation/CLM01418.png
CLM01409,validation,Manual Review,gtm_dataset/G5-v1/cards/validation/CLM01409.png
CLM00155,validation,Invalid Claim,gtm_dataset/G5-v1/cards/validation/CLM00155.png
CLM00898,validation,Invalid Claim,gtm_dataset/G5-v1/cards/validation/CLM00898.png
CLM00435,validation,Invalid Claim,gtm_dataset/G5-v1/cards/validation/CLM00435.png
CLM00552,validation,Invalid Claim,gtm_dataset/G5-v1/cards/validation/CLM00552.png
CLM00971,validation,Invalid Claim,gtm_dataset/G5-v1/cards/validation/CLM00971.png
CLM00297,validation,Manual Review,gtm_dataset/G5-v1/cards/validation/CLM00297.png
CLM01040,validation,Manual Review,gtm_dataset/G5-v1/cards/validation/CLM01040.png
CLM00117,validation,Invalid Claim,gtm_dataset/G5-v1/cards/validation/CLM00117.png
CLM01299,validation,Manual Review,gtm_dataset/G5-v1/cards/validation/CLM01299.png
CLM01105,validation,Manual Review,gtm_dataset/G5-v1/cards/validation/CLM01105.png
CLM01074,validation,Manual Review,gtm_dataset/G5-v1/cards/validation/CLM01074.png
CLM00073,validation,Invalid Claim,gtm_dataset/G5-v1/cards/validation/CLM00073.png
CLM01210,validation,Manual Review,gtm_dataset/G5-v1/cards/validation/CLM01210.png
CLM00680,validation,Invalid Claim,gtm_dataset/G5-v1/cards/validation/CLM00680.png
CLM00917,validation,Invalid Claim,gtm_dataset/G5-v1/cards/validation/CLM00917.png
CLM01009,validation,Valid Claim,gtm_dataset/G5-v1/cards/validation/CLM01009.png
CLM00955,validation,Invalid Claim,gtm_dataset/G5-v1/cards/validation/CLM00955.png
CLM01225,validation,Valid Claim,gtm_dataset/G5-v1/cards/validation/CLM01225.png
CLM00443,validation,Manual Review,gtm_dataset/G5-v1/cards/validation/CLM00443.png
CLM00018,validation,Invalid Claim,gtm_dataset/G5-v1/cards/validation/CLM00018.png
CLM00186,validation,Manual Review,gtm_dataset/G5-v1/cards/validation/CLM00186.png
CLM00812,validation,Invalid Claim,gtm_dataset/G5-v1/cards/validation/CLM00812.png
CLM00475,validation,Invalid Claim,gtm_dataset/G5-v1/cards/validation/CLM00475.png
CLM00869,validation,Manual Review,gtm_dataset/G5-v1/cards/validation/CLM00869.png
CLM00686,validation,Valid Claim,gtm_dataset/G5-v1/cards/validation/CLM00686.png
CLM00463,validation,Invalid Claim,gtm_dataset/G5-v1/cards/validation/CLM00463.png
CLM01370,validation,Manual Review,gtm_dataset/G5-v1/cards/validation/CLM01370.png
CLM00085,validation,Manual Review,gtm_dataset/G5-v1/cards/validation/CLM00085.png
CLM01462,validation,Manual Review,gtm_dataset/G5-v1/cards/validation/CLM01462.png
CLM01213,validation,Valid Claim,gtm_dataset/G5-v1/cards/validation/CLM01213.png
CLM01492,validation,Manual Review,gtm_dataset/G5-v1/cards/validation/CLM01492.png
CLM00693,validation,Manual Review,gtm_dataset/G5-v1/cards/validation/CLM00693.png
CLM01114,validation,Valid Claim,gtm_dataset/G5-v1/cards/validation/CLM01114.png
CLM00363,validation,Invalid Claim,gtm_dataset/G5-v1/cards/validation/CLM00363.png
CLM01479,validation,Manual Review,gtm_dataset/G5-v1/cards/validation/CLM01479.png
CLM00927,validation,Invalid Claim,gtm_dataset/G5-v1/cards/validation/CLM00927.png
CLM00187,validation,Invalid Claim,gtm_dataset/G5-v1/cards/validation/CLM00187.png
CLM00864,validation,Invalid Claim,gtm_dataset/G5-v1/cards/validation/CLM00864.png
CLM00814,validation,Invalid Claim,gtm_dataset/G5-v1/cards/validation/CLM00814.png
CLM01216,validation,Manual Review,gtm_dataset/G5-v1/cards/validation/CLM01216.png
CLM01406,validation,Manual Review,gtm_dataset/G5-v1/cards/validation/CLM01406.png
CLM00226,validation,Valid Claim,gtm_dataset/G5-v1/cards/validation/CLM00226.png
CLM00046,validation,Valid Claim,gtm_dataset/G5-v1/cards/validation/CLM00046.png
CLM01420,validation,Manual Review,gtm_dataset/G5-v1/cards/validation/CLM01420.png
CLM01164,validation,Valid Claim,gtm_dataset/G5-v1/cards/validation/CLM01164.png
CLM01239,validation,Valid Claim,gtm_dataset/G5-v1/cards/validation/CLM01239.png
CLM00158,validation,Valid Claim,gtm_dataset/G5-v1/cards/validation/CLM00158.png
CLM00265,validation,Manual Review,gtm_dataset/G5-v1/cards/validation/CLM00265.png
CLM00303,validation,Manual Review,gtm_dataset/G5-v1/cards/validation/CLM00303.png
CLM00947,validation,Invalid Claim,gtm_dataset/G5-v1/cards/validation/CLM00947.png
CLM00784,validation,Invalid Claim,gtm_dataset/G5-v1/cards/validation/CLM00784.png
CLM00933,validation,Invalid Claim,gtm_dataset/G5-v1/cards/validation/CLM00933.png
CLM01159,validation,Manual Review,gtm_dataset/G5-v1/cards/validation/CLM01159.png
CLM00596,validation,Manual Review,gtm_dataset/G5-v1/cards/validation/CLM00596.png
CLM00457,validation,Valid Claim,gtm_dataset/G5-v1/cards/validation/CLM00457.png
CLM01178,validation,Manual Review,gtm_dataset/G5-v1/cards/validation/CLM01178.png
CLM00866,validation,Invalid Claim,gtm_dataset/G5-v1/cards/validation/CLM00866.png
CLM01389,validation,Manual Review,gtm_dataset/G5-v1/cards/validation/CLM01389.png
CLM00562,validation,Invalid Claim,gtm_dataset/G5-v1/cards/validation/CLM00562.png
CLM00470,validation,Manual Review,gtm_dataset/G5-v1/cards/validation/CLM00470.png
CLM01256,validation,Valid Claim,gtm_dataset/G5-v1/cards/validation/CLM01256.png
CLM01106,validation,Valid Claim,gtm_dataset/G5-v1/cards/validation/CLM01106.png
CLM00862,validation,Invalid Claim,gtm_dataset/G5-v1/cards/validation/CLM00862.png
CLM00143,validation,Invalid Claim,gtm_dataset/G5-v1/cards/validation/CLM00143.png
CLM00513,validation,Invalid Claim,gtm_dataset/G5-v1/cards/validation/CLM00513.png
CLM00224,validation,Invalid Claim,gtm_dataset/G5-v1/cards/validation/CLM00224.png
CLM01154,validation,Manual Review,gtm_dataset/G5-v1/cards/validation/CLM01154.png
CLM00670,validation,Valid Claim,gtm_dataset/G5-v1/cards/validation/CLM00670.png
CLM01330,validation,Valid Claim,gtm_dataset/G5-v1/cards/validation/CLM01330.png
CLM01244,validation,Valid Claim,gtm_dataset/G5-v1/cards/validation/CLM01244.png
CLM00582,validation,Valid Claim,gtm_dataset/G5-v1/cards/validation/CLM00582.png
CLM00406,validation,Invalid Claim,gtm_dataset/G5-v1/cards/validation/CLM00406.png
CLM01314,validation,Manual Review,gtm_dataset/G5-v1/cards/validation/CLM01314.png
CLM00395,validation,Invalid Claim,gtm_dataset/G5-v1/cards/validation/CLM00395.png
CLM00916,validation,Invalid Claim,gtm_dataset/G5-v1/cards/validation/CLM00916.png
CLM01287,validation,Valid Claim,gtm_dataset/G5-v1/cards/validation/CLM01287.png
CLM00791,validation,Valid Claim,gtm_dataset/G5-v1/cards/validation/CLM00791.png
CLM00550,validation,Valid Claim,gtm_dataset/G5-v1/cards/validation/CLM00550.png
CLM00770,validation,Invalid Claim,gtm_dataset/G5-v1/cards/validation/CLM00770.png
CLM00652,validation,Valid Claim,gtm_dataset/G5-v1/cards/validation/CLM00652.png
CLM00863,validation,Invalid Claim,gtm_dataset/G5-v1/cards/validation/CLM00863.png
CLM01260,validation,Valid Claim,gtm_dataset/G5-v1/cards/validation/CLM01260.png
CLM01302,validation,Manual Review,gtm_dataset/G5-v1/cards/validation/CLM01302.png
CLM00474,validation,Invalid Claim,gtm_dataset/G5-v1/cards/validation/CLM00474.png
CLM00106,validation,Valid Claim,gtm_dataset/G5-v1/cards/validation/CLM00106.png
CLM01379,validation,Valid Claim,gtm_dataset/G5-v1/cards/validation/CLM01379.png
CLM01184,validation,Manual Review,gtm_dataset/G5-v1/cards/validation/CLM01184.png
CLM01212,validation,Valid Claim,gtm_dataset/G5-v1/cards/validation/CLM01212.png
CLM00393,validation,Manual Review,gtm_dataset/G5-v1/cards/validation/CLM00393.png
CLM00200,validation,Invalid Claim,gtm_dataset/G5-v1/cards/validation/CLM00200.png
CLM00563,validation,Valid Claim,gtm_dataset/G5-v1/cards/validation/CLM00563.png
CLM00953,validation,Invalid Claim,gtm_dataset/G5-v1/cards/validation/CLM00953.png
CLM01359,validation,Valid Claim,gtm_dataset/G5-v1/cards/validation/CLM01359.png
CLM00215,validation,Manual Review,gtm_dataset/G5-v1/cards/validation/CLM00215.png
CLM01042,validation,Valid Claim,gtm_dataset/G5-v1/cards/validation/CLM01042.png
CLM00063,validation,Manual Review,gtm_dataset/G5-v1/cards/validation/CLM00063.png
CLM00728,validation,Invalid Claim,gtm_dataset/G5-v1/cards/validation/CLM00728.png
CLM01291,validation,Manual Review,gtm_dataset/G5-v1/cards/validation/CLM01291.png
CLM00956,validation,Invalid Claim,gtm_dataset/G5-v1/cards/validation/CLM00956.png
CLM01404,validation,Valid Claim,gtm_dataset/G5-v1/cards/validation/CLM01404.png
CLM00416,validation,Valid Claim,gtm_dataset/G5-v1/cards/validation/CLM00416.png
CLM01092,validation,Valid Claim,gtm_dataset/G5-v1/cards/validation/CLM01092.png
CLM00053,validation,Invalid Claim,gtm_dataset/G5-v1/cards/validation/CLM00053.png
CLM01338,validation,Manual Review,gtm_dataset/G5-v1/cards/validation/CLM01338.png
CLM00098,validation,Manual Review,gtm_dataset/G5-v1/cards/validation/CLM00098.png
CLM00124,validation,Manual Review,gtm_dataset/G5-v1/cards/validation/CLM00124.png
CLM00796,validation,Invalid Claim,gtm_dataset/G5-v1/cards/validation/CLM00796.png
CLM00831,validation,Valid Claim,gtm_dataset/G5-v1/cards/validation/CLM00831.png
CLM00349,validation,Invalid Claim,gtm_dataset/G5-v1/cards/validation/CLM00349.png
CLM00595,validation,Invalid Claim,gtm_dataset/G5-v1/cards/validation/CLM00595.png
CLM00034,validation,Valid Claim,gtm_dataset/G5-v1/cards/validation/CLM00034.png
CLM00750,validation,Invalid Claim,gtm_dataset/G5-v1/cards/validation/CLM00750.png
CLM00674,validation,Valid Claim,gtm_dataset/G5-v1/cards/validation/CLM00674.png
CLM00096,validation,Valid Claim,gtm_dataset/G5-v1/cards/validation/CLM00096.png
CLM01207,validation,Valid Claim,gtm_dataset/G5-v1/cards/validation/CLM01207.png
CLM00466,validation,Invalid Claim,gtm_dataset/G5-v1/cards/validation/CLM00466.png
CLM01356,validation,Valid Claim,gtm_dataset/G5-v1/cards/validation/CLM01356.png
CLM00444,validation,Valid Claim,gtm_dataset/G5-v1/cards/validation/CLM00444.png
CLM00171,validation,Invalid Claim,gtm_dataset/G5-v1/cards/validation/CLM00171.png
CLM00389,validation,Manual Review,gtm_dataset/G5-v1/cards/validation/CLM00389.png
CLM00337,validation,Valid Claim,gtm_dataset/G5-v1/cards/validation/CLM00337.png
CLM00588,validation,Valid Claim,gtm_dataset/G5-v1/cards/validation/CLM00588.png
CLM00275,validation,Manual Review,gtm_dataset/G5-v1/cards/validation/CLM00275.png
CLM01446,validation,Valid Claim,gtm_dataset/G5-v1/cards/validation/CLM01446.png
CLM00990,validation,Valid Claim,gtm_dataset/G5-v1/cards/validation/CLM00990.png
CLM00919,validation,Valid Claim,gtm_dataset/G5-v1/cards/validation/CLM00919.png
CLM00799,validation,Invalid Claim,gtm_dataset/G5-v1/cards/validation/CLM00799.png
CLM00522,validation,Manual Review,gtm_dataset/G5-v1/cards/validation/CLM00522.png
CLM01135,validation,Valid Claim,gtm_dataset/G5-v1/cards/validation/CLM01135.png
CLM00592,validation,Manual Review,gtm_dataset/G5-v1/cards/validation/CLM00592.png
CLM01455,validation,Manual Review,gtm_dataset/G5-v1/cards/validation/CLM01455.png
CLM00787,validation,Valid Claim,gtm_dataset/G5-v1/cards/validation/CLM00787.png
CLM00646,validation,Valid Claim,gtm_dataset/G5-v1/cards/validation/CLM00646.png
CLM00751,validation,Manual Review,gtm_dataset/G5-v1/cards/validation/CLM00751.png
CLM00664,validation,Valid Claim,gtm_dataset/G5-v1/cards/validation/CLM00664.png
CLM00506,validation,Valid Claim,gtm_dataset/G5-v1/cards/validation/CLM00506.png
CLM00206,validation,Valid Claim,gtm_dataset/G5-v1/cards/validation/CLM00206.png
CLM00954,validation,Manual Review,gtm_dataset/G5-v1/cards/validation/CLM00954.png
CLM00734,validation,Manual Review,gtm_dataset/G5-v1/cards/validation/CLM00734.png
CLM00067,validation,Manual Review,gtm_dataset/G5-v1/cards/validation/CLM00067.png
CLM00478,validation,Manual Review,gtm_dataset/G5-v1/cards/validation/CLM00478.png
CLM00153,validation,Invalid Claim,gtm_dataset/G5-v1/cards/validation/CLM00153.png
CLM00417,validation,Manual Review,gtm_dataset/G5-v1/cards/validation/CLM00417.png
CLM00362,validation,Valid Claim,gtm_dataset/G5-v1/cards/validation/CLM00362.png
CLM01002,validation,Manual Review,gtm_dataset/G5-v1/cards/validation/CLM01002.png
CLM01199,validation,Valid Claim,gtm_dataset/G5-v1/cards/validation/CLM01199.png
CLM01337,validation,Manual Review,gtm_dataset/G5-v1/cards/validation/CLM01337.png
CLM01263,validation,Manual Review,gtm_dataset/G5-v1/cards/validation/CLM01263.png
CLM00296,validation,Manual Review,gtm_dataset/G5-v1/cards/validation/CLM00296.png
CLM00247,validation,Invalid Claim,gtm_dataset/G5-v1/cards/validation/CLM00247.png
CLM01190,validation,Manual Review,gtm_dataset/G5-v1/cards/validation/CLM01190.png
CLM01465,validation,Valid Claim,gtm_dataset/G5-v1/cards/validation/CLM01465.png
CLM00682,validation,Invalid Claim,gtm_dataset/G5-v1/cards/validation/CLM00682.png
CLM00885,validation,Invalid Claim,gtm_dataset/G5-v1/cards/validation/CLM00885.png
CLM00835,validation,Invalid Claim,gtm_dataset/G5-v1/cards/validation/CLM00835.png
CLM00708,validation,Valid Claim,gtm_dataset/G5-v1/cards/validation/CLM00708.png
CLM00760,validation,Invalid Claim,gtm_dataset/G5-v1/cards/validation/CLM00760.png
CLM01161,validation,Manual Review,gtm_dataset/G5-v1/cards/validation/CLM01161.png
CLM01028,validation,Valid Claim,gtm_dataset/G5-v1/cards/validation/CLM01028.png
CLM01340,validation,Manual Review,gtm_dataset/G5-v1/cards/validation/CLM01340.png
CLM00309,validation,Invalid Claim,gtm_dataset/G5-v1/cards/validation/CLM00309.png
CLM00318,validation,Invalid Claim,gtm_dataset/G5-v1/cards/validation/CLM00318.png
CLM00142,validation,Valid Claim,gtm_dataset/G5-v1/cards/validation/CLM00142.png
CLM01292,validation,Manual Review,gtm_dataset/G5-v1/cards/validation/CLM01292.png
CLM00489,validation,Valid Claim,gtm_dataset/G5-v1/cards/validation/CLM00489.png
CLM00929,validation,Invalid Claim,gtm_dataset/G5-v1/cards/validation/CLM00929.png
CLM00452,validation,Invalid Claim,gtm_dataset/G5-v1/cards/validation/CLM00452.png
CLM01498,validation,Manual Review,gtm_dataset/G5-v1/cards/validation/CLM01498.png
CLM00242,validation,Manual Review,gtm_dataset/G5-v1/cards/validation/CLM00242.png
CLM00684,validation,Invalid Claim,gtm_dataset/G5-v1/cards/validation/CLM00684.png
CLM00365,validation,Manual Review,gtm_dataset/G5-v1/cards/validation/CLM00365.png
CLM01065,validation,Manual Review,gtm_dataset/G5-v1/cards/validation/CLM01065.png
CLM00207,validation,Invalid Claim,gtm_dataset/G5-v1/cards/validation/CLM00207.png
CLM01156,validation,Valid Claim,gtm_dataset/G5-v1/cards/validation/CLM01156.png
CLM00848,validation,Invalid Claim,gtm_dataset/G5-v1/cards/validation/CLM00848.png
CLM00604,validation,Invalid Claim,gtm_dataset/G5-v1/cards/validation/CLM00604.png
CLM01093,validation,Valid Claim,gtm_dataset/G5-v1/cards/validation/CLM01093.png
CLM00501,validation,Invalid Claim,gtm_dataset/G5-v1/cards/validation/CLM00501.png
CLM00526,validation,Valid Claim,gtm_dataset/G5-v1/cards/validation/CLM00526.png
CLM00152,validation,Manual Review,gtm_dataset/G5-v1/cards/validation/CLM00152.png
CLM00263,validation,Manual Review,gtm_dataset/G5-v1/cards/validation/CLM00263.png
CLM00838,validation,Invalid Claim,gtm_dataset/G5-v1/cards/validation/CLM00838.png
CLM01124,validation,Manual Review,gtm_dataset/G5-v1/cards/validation/CLM01124.png
CLM00939,validation,Manual Review,gtm_dataset/G5-v1/cards/validation/CLM00939.png
CLM01269,validation,Valid Claim,gtm_dataset/G5-v1/cards/validation/CLM01269.png
CLM01109,validation,Valid Claim,gtm_dataset/G5-v1/cards/validation/CLM01109.png
CLM00675,validation,Valid Claim,gtm_dataset/G5-v1/cards/validation/CLM00675.png
CLM00302,validation,Invalid Claim,gtm_dataset/G5-v1/cards/validation/CLM00302.png
CLM00157,validation,Valid Claim,gtm_dataset/G5-v1/cards/validation/CLM00157.png
CLM00540,validation,Valid Claim,gtm_dataset/G5-v1/cards/validation/CLM00540.png
CLM00908,validation,Invalid Claim,gtm_dataset/G5-v1/cards/validation/CLM00908.png
CLM00366,validation,Invalid Claim,gtm_dataset/G5-v1/cards/validation/CLM00366.png
CLM01220,validation,Valid Claim,gtm_dataset/G5-v1/cards/validation/CLM01220.png
CLM01085,validation,Manual Review,gtm_dataset/G5-v1/cards/validation/CLM01085.png
CLM00892,validation,Invalid Claim,gtm_dataset/G5-v1/cards/validation/CLM00892.png
CLM00925,validation,Valid Claim,gtm_dataset/G5-v1/cards/validation/CLM00925.png
CLM00773,validation,Invalid Claim,gtm_dataset/G5-v1/cards/validation/CLM00773.png
CLM00591,validation,Valid Claim,gtm_dataset/G5-v1/cards/validation/CLM00591.png
CLM00087,validation,Manual Review,gtm_dataset/G5-v1/cards/validation/CLM00087.png
CLM01345,validation,Manual Review,gtm_dataset/G5-v1/cards/validation/CLM01345.png
CLM00295,validation,Invalid Claim,gtm_dataset/G5-v1/cards/validation/CLM00295.png
CLM00714,validation,Invalid Claim,gtm_dataset/G5-v1/cards/validation/CLM00714.png
CLM00667,validation,Invalid Claim,gtm_dataset/G5-v1/cards/validation/CLM00667.png
CLM00846,validation,Invalid Claim,gtm_dataset/G5-v1/cards/validation/CLM00846.png
CLM01043,validation,Manual Review,gtm_dataset/G5-v1/cards/validation/CLM01043.png
CLM00649,validation,Valid Claim,gtm_dataset/G5-v1/cards/validation/CLM00649.png
CLM00692,validation,Valid Claim,gtm_dataset/G5-v1/cards/validation/CLM00692.png
CLM01375,validation,Manual Review,gtm_dataset/G5-v1/cards/validation/CLM01375.png
CLM01423,validation,Valid Claim,gtm_dataset/G5-v1/cards/validation/CLM01423.png
CLM01018,validation,Manual Review,gtm_dataset/G5-v1/cards/validation/CLM01018.png
CLM01494,validation,Manual Review,gtm_dataset/G5-v1/cards/validation/CLM01494.png
CLM01400,validation,Manual Review,gtm_dataset/G5-v1/cards/validation/CLM01400.png
CLM00859,validation,Valid Claim,gtm_dataset/G5-v1/cards/validation/CLM00859.png
CLM00040,validation,Manual Review,gtm_dataset/G5-v1/cards/validation/CLM00040.png
CLM00012,test,Valid Claim,gtm_dataset/G5-v1/cards/test/CLM00012.png
CLM00882,test,Manual Review,gtm_dataset/G5-v1/cards/test/CLM00882.png
CLM00280,test,Valid Claim,gtm_dataset/G5-v1/cards/test/CLM00280.png
CLM01062,test,Manual Review,gtm_dataset/G5-v1/cards/test/CLM01062.png
CLM00725,test,Manual Review,gtm_dataset/G5-v1/cards/test/CLM00725.png
CLM01139,test,Valid Claim,gtm_dataset/G5-v1/cards/test/CLM01139.png
CLM01475,test,Manual Review,gtm_dataset/G5-v1/cards/test/CLM01475.png
CLM01327,test,Manual Review,gtm_dataset/G5-v1/cards/test/CLM01327.png
CLM00229,test,Manual Review,gtm_dataset/G5-v1/cards/test/CLM00229.png
CLM01348,test,Manual Review,gtm_dataset/G5-v1/cards/test/CLM01348.png
CLM01341,test,Manual Review,gtm_dataset/G5-v1/cards/test/CLM01341.png
CLM00245,test,Invalid Claim,gtm_dataset/G5-v1/cards/test/CLM00245.png
CLM00949,test,Invalid Claim,gtm_dataset/G5-v1/cards/test/CLM00949.png
CLM00004,test,Manual Review,gtm_dataset/G5-v1/cards/test/CLM00004.png
CLM00855,test,Valid Claim,gtm_dataset/G5-v1/cards/test/CLM00855.png
CLM00041,test,Valid Claim,gtm_dataset/G5-v1/cards/test/CLM00041.png
CLM01143,test,Manual Review,gtm_dataset/G5-v1/cards/test/CLM01143.png
CLM00920,test,Manual Review,gtm_dataset/G5-v1/cards/test/CLM00920.png
CLM00845,test,Valid Claim,gtm_dataset/G5-v1/cards/test/CLM00845.png
CLM00019,test,Invalid Claim,gtm_dataset/G5-v1/cards/test/CLM00019.png
CLM00308,test,Manual Review,gtm_dataset/G5-v1/cards/test/CLM00308.png
CLM01238,test,Valid Claim,gtm_dataset/G5-v1/cards/test/CLM01238.png
CLM01152,test,Valid Claim,gtm_dataset/G5-v1/cards/test/CLM01152.png
CLM00066,test,Invalid Claim,gtm_dataset/G5-v1/cards/test/CLM00066.png
CLM00175,test,Invalid Claim,gtm_dataset/G5-v1/cards/test/CLM00175.png
CLM00420,test,Valid Claim,gtm_dataset/G5-v1/cards/test/CLM00420.png
CLM00081,test,Valid Claim,gtm_dataset/G5-v1/cards/test/CLM00081.png
CLM01493,test,Manual Review,gtm_dataset/G5-v1/cards/test/CLM01493.png
CLM00744,test,Invalid Claim,gtm_dataset/G5-v1/cards/test/CLM00744.png
CLM00282,test,Manual Review,gtm_dataset/G5-v1/cards/test/CLM00282.png
CLM01012,test,Valid Claim,gtm_dataset/G5-v1/cards/test/CLM01012.png
CLM00657,test,Valid Claim,gtm_dataset/G5-v1/cards/test/CLM00657.png
CLM01392,test,Manual Review,gtm_dataset/G5-v1/cards/test/CLM01392.png
CLM00079,test,Invalid Claim,gtm_dataset/G5-v1/cards/test/CLM00079.png
CLM00453,test,Invalid Claim,gtm_dataset/G5-v1/cards/test/CLM00453.png
CLM00006,test,Invalid Claim,gtm_dataset/G5-v1/cards/test/CLM00006.png
CLM00732,test,Invalid Claim,gtm_dataset/G5-v1/cards/test/CLM00732.png
CLM00709,test,Manual Review,gtm_dataset/G5-v1/cards/test/CLM00709.png
CLM01015,test,Valid Claim,gtm_dataset/G5-v1/cards/test/CLM01015.png
CLM01022,test,Valid Claim,gtm_dataset/G5-v1/cards/test/CLM01022.png
CLM01284,test,Manual Review,gtm_dataset/G5-v1/cards/test/CLM01284.png
CLM00957,test,Valid Claim,gtm_dataset/G5-v1/cards/test/CLM00957.png
CLM01103,test,Valid Claim,gtm_dataset/G5-v1/cards/test/CLM01103.png
CLM00460,test,Invalid Claim,gtm_dataset/G5-v1/cards/test/CLM00460.png
CLM01170,test,Manual Review,gtm_dataset/G5-v1/cards/test/CLM01170.png
CLM00858,test,Valid Claim,gtm_dataset/G5-v1/cards/test/CLM00858.png
CLM00057,test,Valid Claim,gtm_dataset/G5-v1/cards/test/CLM00057.png
CLM00975,test,Manual Review,gtm_dataset/G5-v1/cards/test/CLM00975.png
CLM00248,test,Invalid Claim,gtm_dataset/G5-v1/cards/test/CLM00248.png
CLM00696,test,Invalid Claim,gtm_dataset/G5-v1/cards/test/CLM00696.png
CLM01261,test,Manual Review,gtm_dataset/G5-v1/cards/test/CLM01261.png
CLM01142,test,Valid Claim,gtm_dataset/G5-v1/cards/test/CLM01142.png
CLM00936,test,Valid Claim,gtm_dataset/G5-v1/cards/test/CLM00936.png
CLM00104,test,Valid Claim,gtm_dataset/G5-v1/cards/test/CLM00104.png
CLM00687,test,Invalid Claim,gtm_dataset/G5-v1/cards/test/CLM00687.png
CLM00230,test,Invalid Claim,gtm_dataset/G5-v1/cards/test/CLM00230.png
CLM00329,test,Valid Claim,gtm_dataset/G5-v1/cards/test/CLM00329.png
CLM00701,test,Invalid Claim,gtm_dataset/G5-v1/cards/test/CLM00701.png
CLM00078,test,Invalid Claim,gtm_dataset/G5-v1/cards/test/CLM00078.png
CLM00883,test,Invalid Claim,gtm_dataset/G5-v1/cards/test/CLM00883.png
CLM01149,test,Manual Review,gtm_dataset/G5-v1/cards/test/CLM01149.png
CLM00180,test,Manual Review,gtm_dataset/G5-v1/cards/test/CLM00180.png
CLM00607,test,Invalid Claim,gtm_dataset/G5-v1/cards/test/CLM00607.png
CLM01066,test,Manual Review,gtm_dataset/G5-v1/cards/test/CLM01066.png
CLM00244,test,Invalid Claim,gtm_dataset/G5-v1/cards/test/CLM00244.png
CLM00614,test,Valid Claim,gtm_dataset/G5-v1/cards/test/CLM00614.png
CLM00398,test,Valid Claim,gtm_dataset/G5-v1/cards/test/CLM00398.png
CLM00902,test,Invalid Claim,gtm_dataset/G5-v1/cards/test/CLM00902.png
CLM00413,test,Valid Claim,gtm_dataset/G5-v1/cards/test/CLM00413.png
CLM00391,test,Valid Claim,gtm_dataset/G5-v1/cards/test/CLM00391.png
CLM00322,test,Invalid Claim,gtm_dataset/G5-v1/cards/test/CLM00322.png
CLM00549,test,Invalid Claim,gtm_dataset/G5-v1/cards/test/CLM00549.png
CLM00091,test,Invalid Claim,gtm_dataset/G5-v1/cards/test/CLM00091.png
CLM00204,test,Manual Review,gtm_dataset/G5-v1/cards/test/CLM00204.png
CLM01377,test,Valid Claim,gtm_dataset/G5-v1/cards/test/CLM01377.png
CLM00631,test,Valid Claim,gtm_dataset/G5-v1/cards/test/CLM00631.png
CLM00423,test,Manual Review,gtm_dataset/G5-v1/cards/test/CLM00423.png
CLM01407,test,Valid Claim,gtm_dataset/G5-v1/cards/test/CLM01407.png
CLM01163,test,Manual Review,gtm_dataset/G5-v1/cards/test/CLM01163.png
CLM00967,test,Invalid Claim,gtm_dataset/G5-v1/cards/test/CLM00967.png
CLM00172,test,Invalid Claim,gtm_dataset/G5-v1/cards/test/CLM00172.png
CLM01425,test,Valid Claim,gtm_dataset/G5-v1/cards/test/CLM01425.png
CLM00028,test,Invalid Claim,gtm_dataset/G5-v1/cards/test/CLM00028.png
CLM00899,test,Manual Review,gtm_dataset/G5-v1/cards/test/CLM00899.png
CLM00700,test,Invalid Claim,gtm_dataset/G5-v1/cards/test/CLM00700.png
CLM01312,test,Valid Claim,gtm_dataset/G5-v1/cards/test/CLM01312.png
CLM01100,test,Valid Claim,gtm_dataset/G5-v1/cards/test/CLM01100.png
CLM00360,test,Invalid Claim,gtm_dataset/G5-v1/cards/test/CLM00360.png
CLM00860,test,Invalid Claim,gtm_dataset/G5-v1/cards/test/CLM00860.png
CLM01125,test,Manual Review,gtm_dataset/G5-v1/cards/test/CLM01125.png
CLM01484,test,Manual Review,gtm_dataset/G5-v1/cards/test/CLM01484.png
CLM00449,test,Invalid Claim,gtm_dataset/G5-v1/cards/test/CLM00449.png
CLM01293,test,Valid Claim,gtm_dataset/G5-v1/cards/test/CLM01293.png
CLM00116,test,Invalid Claim,gtm_dataset/G5-v1/cards/test/CLM00116.png
CLM00771,test,Valid Claim,gtm_dataset/G5-v1/cards/test/CLM00771.png
CLM01236,test,Valid Claim,gtm_dataset/G5-v1/cards/test/CLM01236.png
CLM00601,test,Manual Review,gtm_dataset/G5-v1/cards/test/CLM00601.png
CLM00287,test,Invalid Claim,gtm_dataset/G5-v1/cards/test/CLM00287.png
CLM01224,test,Valid Claim,gtm_dataset/G5-v1/cards/test/CLM01224.png
CLM01077,test,Manual Review,gtm_dataset/G5-v1/cards/test/CLM01077.png
CLM01235,test,Manual Review,gtm_dataset/G5-v1/cards/test/CLM01235.png
CLM01217,test,Valid Claim,gtm_dataset/G5-v1/cards/test/CLM01217.png
CLM00553,test,Manual Review,gtm_dataset/G5-v1/cards/test/CLM00553.png
CLM00088,test,Invalid Claim,gtm_dataset/G5-v1/cards/test/CLM00088.png
CLM00354,test,Invalid Claim,gtm_dataset/G5-v1/cards/test/CLM00354.png
CLM00476,test,Valid Claim,gtm_dataset/G5-v1/cards/test/CLM00476.png
CLM00131,test,Manual Review,gtm_dataset/G5-v1/cards/test/CLM00131.png
CLM01394,test,Manual Review,gtm_dataset/G5-v1/cards/test/CLM01394.png
CLM01223,test,Manual Review,gtm_dataset/G5-v1/cards/test/CLM01223.png
CLM00279,test,Invalid Claim,gtm_dataset/G5-v1/cards/test/CLM00279.png
CLM00558,test,Manual Review,gtm_dataset/G5-v1/cards/test/CLM00558.png
CLM00232,test,Manual Review,gtm_dataset/G5-v1/cards/test/CLM00232.png
CLM00724,test,Invalid Claim,gtm_dataset/G5-v1/cards/test/CLM00724.png
CLM01172,test,Valid Claim,gtm_dataset/G5-v1/cards/test/CLM01172.png
CLM01226,test,Manual Review,gtm_dataset/G5-v1/cards/test/CLM01226.png
CLM00653,test,Manual Review,gtm_dataset/G5-v1/cards/test/CLM00653.png
CLM00718,test,Invalid Claim,gtm_dataset/G5-v1/cards/test/CLM00718.png
CLM00334,test,Manual Review,gtm_dataset/G5-v1/cards/test/CLM00334.png
CLM00727,test,Invalid Claim,gtm_dataset/G5-v1/cards/test/CLM00727.png
CLM00219,test,Valid Claim,gtm_dataset/G5-v1/cards/test/CLM00219.png
CLM00059,test,Valid Claim,gtm_dataset/G5-v1/cards/test/CLM00059.png
CLM00941,test,Manual Review,gtm_dataset/G5-v1/cards/test/CLM00941.png
CLM00912,test,Invalid Claim,gtm_dataset/G5-v1/cards/test/CLM00912.png
CLM00533,test,Invalid Claim,gtm_dataset/G5-v1/cards/test/CLM00533.png
CLM00676,test,Valid Claim,gtm_dataset/G5-v1/cards/test/CLM00676.png
CLM00382,test,Manual Review,gtm_dataset/G5-v1/cards/test/CLM00382.png
CLM01253,test,Manual Review,gtm_dataset/G5-v1/cards/test/CLM01253.png
CLM00512,test,Manual Review,gtm_dataset/G5-v1/cards/test/CLM00512.png
CLM00246,test,Invalid Claim,gtm_dataset/G5-v1/cards/test/CLM00246.png
CLM01500,test,Manual Review,gtm_dataset/G5-v1/cards/test/CLM01500.png
CLM01234,test,Manual Review,gtm_dataset/G5-v1/cards/test/CLM01234.png
CLM00807,test,Manual Review,gtm_dataset/G5-v1/cards/test/CLM00807.png
CLM00330,test,Valid Claim,gtm_dataset/G5-v1/cards/test/CLM00330.png
CLM00972,test,Invalid Claim,gtm_dataset/G5-v1/cards/test/CLM00972.png
CLM00401,test,Invalid Claim,gtm_dataset/G5-v1/cards/test/CLM00401.png
CLM00865,test,Valid Claim,gtm_dataset/G5-v1/cards/test/CLM00865.png
CLM00788,test,Invalid Claim,gtm_dataset/G5-v1/cards/test/CLM00788.png
CLM01294,test,Valid Claim,gtm_dataset/G5-v1/cards/test/CLM01294.png
CLM00874,test,Manual Review,gtm_dataset/G5-v1/cards/test/CLM00874.png
CLM01133,test,Valid Claim,gtm_dataset/G5-v1/cards/test/CLM01133.png
CLM00735,test,Invalid Claim,gtm_dataset/G5-v1/cards/test/CLM00735.png
CLM00068,test,Invalid Claim,gtm_dataset/G5-v1/cards/test/CLM00068.png
CLM01321,test,Manual Review,gtm_dataset/G5-v1/cards/test/CLM01321.png
CLM00539,test,Valid Claim,gtm_dataset/G5-v1/cards/test/CLM00539.png
CLM01408,test,Manual Review,gtm_dataset/G5-v1/cards/test/CLM01408.png
CLM00984,test,Valid Claim,gtm_dataset/G5-v1/cards/test/CLM00984.png
CLM01384,test,Manual Review,gtm_dataset/G5-v1/cards/test/CLM01384.png
CLM00974,test,Valid Claim,gtm_dataset/G5-v1/cards/test/CLM00974.png
CLM00190,test,Invalid Claim,gtm_dataset/G5-v1/cards/test/CLM00190.png
CLM00805,test,Valid Claim,gtm_dataset/G5-v1/cards/test/CLM00805.png
CLM01470,test,Manual Review,gtm_dataset/G5-v1/cards/test/CLM01470.png
CLM01063,test,Valid Claim,gtm_dataset/G5-v1/cards/test/CLM01063.png
CLM01245,test,Manual Review,gtm_dataset/G5-v1/cards/test/CLM01245.png
CLM00527,test,Manual Review,gtm_dataset/G5-v1/cards/test/CLM00527.png
CLM01094,test,Valid Claim,gtm_dataset/G5-v1/cards/test/CLM01094.png
CLM00238,test,Invalid Claim,gtm_dataset/G5-v1/cards/test/CLM00238.png
CLM00033,test,Invalid Claim,gtm_dataset/G5-v1/cards/test/CLM00033.png
CLM01047,test,Manual Review,gtm_dataset/G5-v1/cards/test/CLM01047.png
CLM00486,test,Valid Claim,gtm_dataset/G5-v1/cards/test/CLM00486.png
CLM00638,test,Valid Claim,gtm_dataset/G5-v1/cards/test/CLM00638.png
CLM00169,test,Manual Review,gtm_dataset/G5-v1/cards/test/CLM00169.png
CLM01237,test,Manual Review,gtm_dataset/G5-v1/cards/test/CLM01237.png
CLM00485,test,Invalid Claim,gtm_dataset/G5-v1/cards/test/CLM00485.png
CLM01483,test,Manual Review,gtm_dataset/G5-v1/cards/test/CLM01483.png
CLM00251,test,Valid Claim,gtm_dataset/G5-v1/cards/test/CLM00251.png
CLM01147,test,Manual Review,gtm_dataset/G5-v1/cards/test/CLM01147.png
CLM00988,test,Valid Claim,gtm_dataset/G5-v1/cards/test/CLM00988.png
CLM01437,test,Manual Review,gtm_dataset/G5-v1/cards/test/CLM01437.png
CLM00689,test,Invalid Claim,gtm_dataset/G5-v1/cards/test/CLM00689.png
CLM00288,test,Invalid Claim,gtm_dataset/G5-v1/cards/test/CLM00288.png
CLM00766,test,Valid Claim,gtm_dataset/G5-v1/cards/test/CLM00766.png
CLM00233,test,Valid Claim,gtm_dataset/G5-v1/cards/test/CLM00233.png
CLM01194,test,Manual Review,gtm_dataset/G5-v1/cards/test/CLM01194.png
CLM00324,test,Invalid Claim,gtm_dataset/G5-v1/cards/test/CLM00324.png
CLM00699,test,Manual Review,gtm_dataset/G5-v1/cards/test/CLM00699.png
CLM00286,test,Manual Review,gtm_dataset/G5-v1/cards/test/CLM00286.png
CLM01366,test,Manual Review,gtm_dataset/G5-v1/cards/test/CLM01366.png
CLM01265,test,Manual Review,gtm_dataset/G5-v1/cards/test/CLM01265.png
CLM00960,test,Invalid Claim,gtm_dataset/G5-v1/cards/test/CLM00960.png
CLM00716,test,Invalid Claim,gtm_dataset/G5-v1/cards/test/CLM00716.png
CLM00605,test,Invalid Claim,gtm_dataset/G5-v1/cards/test/CLM00605.png
CLM00520,test,Invalid Claim,gtm_dataset/G5-v1/cards/test/CLM00520.png
CLM00294,test,Manual Review,gtm_dataset/G5-v1/cards/test/CLM00294.png
CLM00884,test,Manual Review,gtm_dataset/G5-v1/cards/test/CLM00884.png
CLM01122,test,Valid Claim,gtm_dataset/G5-v1/cards/test/CLM01122.png
CLM00603,test,Manual Review,gtm_dataset/G5-v1/cards/test/CLM00603.png
CLM01339,test,Valid Claim,gtm_dataset/G5-v1/cards/test/CLM01339.png
CLM00763,test,Valid Claim,gtm_dataset/G5-v1/cards/test/CLM00763.png
CLM00789,test,Invalid Claim,gtm_dataset/G5-v1/cards/test/CLM00789.png
CLM01335,test,Manual Review,gtm_dataset/G5-v1/cards/test/CLM01335.png
CLM01311,test,Valid Claim,gtm_dataset/G5-v1/cards/test/CLM01311.png
CLM00813,test,Invalid Claim,gtm_dataset/G5-v1/cards/test/CLM00813.png
CLM00026,test,Valid Claim,gtm_dataset/G5-v1/cards/test/CLM00026.png
CLM01080,test,Valid Claim,gtm_dataset/G5-v1/cards/test/CLM01080.png
CLM00597,test,Manual Review,gtm_dataset/G5-v1/cards/test/CLM00597.png
CLM00743,test,Invalid Claim,gtm_dataset/G5-v1/cards/test/CLM00743.png
CLM00490,test,Invalid Claim,gtm_dataset/G5-v1/cards/test/CLM00490.png
CLM00122,test,Invalid Claim,gtm_dataset/G5-v1/cards/test/CLM00122.png
CLM00913,test,Invalid Claim,gtm_dataset/G5-v1/cards/test/CLM00913.png
CLM00266,test,Invalid Claim,gtm_dataset/G5-v1/cards/test/CLM00266.png
CLM00176,test,Invalid Claim,gtm_dataset/G5-v1/cards/test/CLM00176.png
CLM00765,test,Invalid Claim,gtm_dataset/G5-v1/cards/test/CLM00765.png
CLM00932,test,Manual Review,gtm_dataset/G5-v1/cards/test/CLM00932.png
CLM00634,test,Invalid Claim,gtm_dataset/G5-v1/cards/test/CLM00634.png
CLM00738,test,Manual Review,gtm_dataset/G5-v1/cards/test/CLM00738.png
CLM01242,test,Valid Claim,gtm_dataset/G5-v1/cards/test/CLM01242.png
CLM00328,test,Invalid Claim,gtm_dataset/G5-v1/cards/test/CLM00328.png
CLM00441,test,Valid Claim,gtm_dataset/G5-v1/cards/test/CLM00441.png
CLM01011,test,Valid Claim,gtm_dataset/G5-v1/cards/test/CLM01011.png
CLM00508,test,Invalid Claim,gtm_dataset/G5-v1/cards/test/CLM00508.png
CLM00260,test,Invalid Claim,gtm_dataset/G5-v1/cards/test/CLM00260.png
CLM00786,test,Manual Review,gtm_dataset/G5-v1/cards/test/CLM00786.png
CLM00698,test,Invalid Claim,gtm_dataset/G5-v1/cards/test/CLM00698.png
CLM00170,test,Invalid Claim,gtm_dataset/G5-v1/cards/test/CLM00170.png
CLM00830,test,Valid Claim,gtm_dataset/G5-v1/cards/test/CLM00830.png
CLM01113,test,Manual Review,gtm_dataset/G5-v1/cards/test/CLM01113.png
CLM01051,test,Valid Claim,gtm_dataset/G5-v1/cards/test/CLM01051.png
CLM01203,test,Valid Claim,gtm_dataset/G5-v1/cards/test/CLM01203.png
CLM01088,test,Valid Claim,gtm_dataset/G5-v1/cards/test/CLM01088.png
CLM01443,test,Valid Claim,gtm_dataset/G5-v1/cards/test/CLM01443.png
CLM00741,test,Valid Claim,gtm_dataset/G5-v1/cards/test/CLM00741.png
CLM00717,test,Invalid Claim,gtm_dataset/G5-v1/cards/test/CLM00717.png
CLM01129,test,Valid Claim,gtm_dataset/G5-v1/cards/test/CLM01129.png
CLM00839,test,Invalid Claim,gtm_dataset/G5-v1/cards/test/CLM00839.png
CLM01467,test,Valid Claim,gtm_dataset/G5-v1/cards/test/CLM01467.png
