ClaimID,ProductCategory,Brand,WarrantyDurationMonths,ExtendedWarranty,FaultType,DamageType,ReceiptAvailable,WarrantyCardAvailable,ProductImageAvailable,SerialEvidenceAvailable,FaultEvidenceAvailable,RepairReportAvailable,PreviousRepair,RepairCount,RepairAuthorized,PreviousReplacement,ReplacementWithinWarranty,SerialNumberMatch,ProductModelConsistent,DuplicateClaimIndicator,DocumentDuplicateIndicator,ContradictionIndicator,PriorClaimCount,ClaimAmount,PreviousRepairCost,OCRConfidence,ClaimSubmissionChannel,BrowserFamily,SubmissionMinute,UiTheme,RandomScore,ProductAgeDays,ClaimReportingDelayDays,WarrantyRemainingDays,WarrantyStatus,ClaimReportingWithinPeriod,FaultCovered,MissingDocumentCount,AvailableDocumentCount,RequiredDocumentsComplete,PurchaseProofAvailable,HasRepairHistory,HasPreviousReplacement,OCRQualityBand,ClaimMonth,ClaimDayOfWeek,ClaimClass
CLM00390,Air Conditioner,ZenCore,12.0,No,Power Failure,Water Damage,Yes,,Yes,Yes,Yes,Not Applicable,No,0.0,Not Applicable,No,Not Applicable,Unknown,Yes,No,No,No,0.0,992.95,0.0,0.829,Mobile App,Chrome,31,Dark,0.47304,245.0,16.0,120.0,Active,Yes,No,0.0,4.0,Yes,Yes,No,No,Medium,7.0,0.0,Invalid Claim
CLM01332,Camera,NovaTech,36.0,No,Power Failure,Internal Component Failure,Yes,Yes,Yes,Yes,No,Not Applicable,No,0.0,Not Applicable,No,Not Applicable,Yes,Yes,No,No,No,2.0,2000.67,0.0,0.86,Mobile App,Firefox,11,Light,-0.11371,845.0,28.0,251.0,Active,Yes,Yes,1.0,4.0,No,Yes,No,No,High,9.0,6.0,Manual Review
CLM01496,Laptop,NovaTech,24.0,Yes,Display Failure,Manufacturing Defect,Yes,Yes,No,Yes,No,,No,0.0,Not Applicable,No,Not Applicable,Yes,No,No,No,No,1.0,224.1,0.0,0.834,Web,MobileWebView,4,System,0.25808,153.0,22.0,942.0,Active,Yes,Yes,2.0,3.0,No,Yes,No,No,Medium,6.0,2.0,Manual Review
CLM01131,Laptop,Aster,36.0,No,Power Failure,Manufacturing Defect,Yes,,Yes,Yes,Yes,Yes,Yes,3.0,Yes,No,Not Applicable,Yes,Yes,No,No,No,0.0,126.9,521.13,0.964,Web,Safari,32,Dark,-0.05623,617.0,4.0,479.0,Active,Yes,Yes,0.0,4.0,Yes,Yes,Yes,No,High,9.0,1.0,Valid Claim
CLM00237,Laptop,ZenCore,12.0,No,Power Failure,Manufacturing Defect,Yes,No,Yes,Yes,Yes,Not Applicable,No,0.0,Not Applicable,No,Not Applicable,Yes,Yes,No,No,No,2.0,221.2,0.0,0.809,Mobile App,Safari,53,Dark,1.45881,596.0,11.0,-231.0,Expired,Yes,Yes,1.0,4.0,Yes,Yes,No,No,Medium,2.0,5.0,Invalid Claim
CLM01191,Laptop,ZenCore,24.0,No,Connectivity Issue,Internal Component Failure,Yes,Yes,Yes,Yes,No,Not Applicable,No,0.0,Not Applicable,No,Not Applicable,Yes,Yes,No,No,No,0.0,658.81,0.0,0.811,Service Center,Firefox,23,Dark,-0.15624,726.0,18.0,5.0,Active,Yes,Yes,1.0,4.0,No,Yes,No,No,Medium,2.0,6.0,Manual Review
CLM00530,Refrigerator,ZenCore,12.0,No,Power Failure,Manufacturing Defect,Yes,Yes,Yes,Yes,Yes,Not Applicable,No,0.0,Not Applicable,No,Not Applicable,Yes,Yes,No,No,No,0.0,1059.01,0.0,0.764,Web,MobileWebView,26,Dark,-0.37906,296.0,6.0,69.0,Active,Yes,Yes,0.0,5.0,Yes,Yes,No,No,Medium,5.0,0.0,Valid Claim
CLM01007,Laptop,Aster,36.0,No,Battery Problem,Manufacturing Defect,Yes,Yes,Yes,No,Yes,Not Applicable,No,0.0,Not Applicable,Yes,No,Yes,Yes,No,Yes,No,0.0,1412.85,0.0,0.926,Web,Firefox,20,Light,-1.51047,348.0,5.0,747.0,Active,Yes,Yes,1.0,4.0,No,Yes,No,Yes,High,11.0,4.0,Manual Review
CLM00335,Camera,NovaTech,24.0,No,Display Failure,Water Damage,Yes,Yes,Yes,Yes,Yes,Not Applicable,No,0.0,Not Applicable,No,Not Applicable,Yes,Yes,No,No,No,0.0,240.65,0.0,0.921,Mobile App,Edge,30,Light,1.8193,121.0,9.0,609.0,Active,Yes,No,0.0,5.0,Yes,Yes,No,No,High,3.0,1.0,Invalid Claim
CLM01171,Refrigerator,ZenCore,12.0,No,Power Failure,Internal Component Failure,Yes,Yes,Yes,Yes,Yes,Not Applicable,No,0.0,Not Applicable,No,Not Applicable,Yes,Yes,No,No,No,0.0,209.11,0.0,0.784,Service Center,MobileWebView,38,Light,1.8968,19.0,7.0,346.0,Active,Yes,Yes,0.0,5.0,Yes,Yes,No,No,Medium,3.0,3.0,Valid Claim
CLM01084,Refrigerator,Aster,24.0,No,Mechanical Failure,Electrical Failure,Yes,Yes,Yes,No,Yes,Yes,Yes,2.0,Yes,No,Not Applicable,Yes,Yes,No,No,No,2.0,968.15,199.63,0.752,Web,Edge,11,Dark,2.4437,137.0,21.0,593.0,Active,Yes,Yes,1.0,4.0,No,Yes,Yes,No,Medium,5.0,4.0,Manual Review
CLM00411,Refrigerator,ZenCore,12.0,No,Mechanical Failure,Manufacturing Defect,Yes,Yes,Yes,Yes,Yes,,No,0.0,Not Applicable,Yes,Yes,Yes,Yes,No,No,No,1.0,708.84,,0.815,Web,MobileWebView,1,Light,-2.76265,190.0,25.0,175.0,Active,Yes,Yes,0.0,5.0,Yes,Yes,No,Yes,Medium,12.0,1.0,Valid Claim
CLM00397,Television,Aster,12.0,No,Power Failure,Internal Component Failure,Yes,Yes,Yes,Yes,Yes,Not Applicable,No,0.0,Not Applicable,No,Not Applicable,Yes,Yes,No,No,No,2.0,638.49,0.0,0.81,Web,MobileWebView,12,Light,0.85511,917.0,7.0,-551.0,Expired,Yes,Yes,0.0,5.0,Yes,Yes,No,No,Medium,8.0,3.0,Invalid Claim
CLM00097,Printer,PrimeView,24.0,No,Power Failure,Water Damage,Yes,Yes,Yes,Yes,Yes,Not Applicable,No,0.0,Not Applicable,No,Not Applicable,Yes,Yes,No,No,No,0.0,240.96,0.0,0.92,Web,Safari,17,System,-1.27682,108.0,20.0,622.0,Active,Yes,No,0.0,5.0,Yes,Yes,No,No,High,8.0,6.0,Invalid Claim
CLM00958,Camera,PrimeView,24.0,No,Battery Problem,Water Damage,Yes,Yes,Yes,,Yes,,Yes,2.0,Yes,No,Not Applicable,Yes,Yes,No,No,No,1.0,631.06,489.08,0.934,Service Center,Safari,42,Dark,-0.73019,376.0,19.0,354.0,Active,Yes,No,0.0,4.0,Unknown,Yes,Yes,No,High,6.0,4.0,Invalid Claim
CLM00593,Laptop,Aster,12.0,No,Display Failure,Electrical Failure,Yes,Yes,Yes,Yes,,Not Applicable,No,0.0,Not Applicable,No,Not Applicable,Yes,Yes,No,No,No,0.0,369.29,0.0,0.891,Service Center,MobileWebView,10,System,-0.42323,536.0,3.0,-171.0,Expired,Yes,Yes,0.0,4.0,Unknown,Yes,No,No,High,6.0,2.0,Invalid Claim
CLM00148,Television,PrimeView,24.0,No,Power Failure,Manufacturing Defect,Yes,No,Yes,Yes,Yes,Yes,Yes,3.0,Yes,No,Not Applicable,Yes,Yes,No,No,No,0.0,1356.93,548.53,0.889,Service Center,Edge,34,System,-1.75176,930.0,11.0,-199.0,Expired,Yes,Yes,1.0,4.0,Yes,Yes,Yes,No,High,2.0,6.0,Invalid Claim
CLM01211,Camera,PrimeView,24.0,No,Power Failure,Electrical Failure,No,Yes,Yes,Yes,Yes,Not Applicable,No,0.0,Not Applicable,No,Not Applicable,Yes,Yes,No,No,No,0.0,1055.97,0.0,0.749,Mobile App,Chrome,4,Dark,-0.61836,200.0,26.0,531.0,Active,Yes,Yes,1.0,4.0,No,No,No,No,Medium,2.0,0.0,Manual Review
CLM00327,Printer,PrimeView,12.0,No,Power Failure,Manufacturing Defect,Yes,Yes,Yes,Yes,No,Not Applicable,No,0.0,Not Applicable,No,Not Applicable,Yes,Yes,No,No,Yes,0.0,186.86,0.0,0.892,Email,MobileWebView,40,Dark,-0.19999,696.0,33.0,-331.0,Expired,No,Yes,1.0,4.0,No,Yes,No,No,High,8.0,4.0,Invalid Claim
CLM01097,Refrigerator,Aster,36.0,Yes,Water Leakage,Internal Component Failure,Yes,Yes,Yes,Yes,,No,Yes,2.0,Yes,No,Not Applicable,Yes,Yes,No,No,No,1.0,2433.71,497.74,0.844,Mobile App,Edge,34,Light,2.008,212.0,7.0,1249.0,Active,Yes,Yes,0.0,4.0,Unknown,Yes,Yes,No,Medium,9.0,3.0,Valid Claim
CLM00333,Refrigerator,ZenCore,24.0,No,Cooling Failure,Accidental Damage,No,Yes,Yes,Yes,Yes,Not Applicable,No,0.0,Not Applicable,No,Not Applicable,Yes,Yes,No,No,No,0.0,180.31,0.0,0.761,Mobile App,Safari,39,Dark,0.69763,56.0,8.0,674.0,Active,Yes,No,1.0,4.0,No,No,No,No,Medium,1.0,1.0,Invalid Claim
CLM00659,Smartphone,PrimeView,12.0,No,Power Failure,Electrical Failure,No,Yes,Yes,Yes,,Not Applicable,No,0.0,Not Applicable,Yes,Yes,Yes,Yes,No,No,No,1.0,991.85,0.0,0.84,Service Center,MobileWebView,19,System,-1.07514,278.0,19.0,87.0,Active,Yes,Yes,1.0,3.0,Unknown,No,No,Yes,Medium,8.0,0.0,Manual Review
CLM00571,Smartphone,NovaTech,12.0,No,Battery Problem,Electrical Failure,Yes,Yes,Yes,Yes,Yes,Not Applicable,No,0.0,Not Applicable,No,Not Applicable,Yes,Yes,No,No,No,0.0,182.59,0.0,0.876,Service Center,Edge,36,Light,1.11302,354.0,5.0,11.0,Active,Yes,Yes,0.0,5.0,Yes,Yes,No,No,High,11.0,4.0,Valid Claim
CLM01233,Laptop,ZenCore,24.0,No,Power Failure,Internal Component Failure,No,Yes,Yes,Yes,Yes,Not Applicable,No,0.0,Not Applicable,No,Not Applicable,Yes,No,No,No,No,1.0,874.56,0.0,0.691,Mobile App,Edge,40,Light,0.29448,62.0,10.0,668.0,Active,Yes,Yes,1.0,4.0,No,No,No,No,Low,11.0,4.0,Manual Review
CLM00993,Washing Machine,HomePro,24.0,No,Water Leakage,Electrical Failure,Yes,Yes,Yes,Yes,Yes,Yes,Yes,3.0,Yes,No,Not Applicable,Yes,Yes,No,No,No,0.0,231.08,,0.788,Web,Edge,50,Dark,-0.53577,715.0,21.0,16.0,Active,Yes,Yes,0.0,5.0,Yes,Yes,Yes,No,Medium,1.0,1.0,Valid Claim
CLM00712,Air Conditioner,ZenCore,36.0,Yes,Cooling Failure,Electrical Failure,Yes,Yes,Yes,Yes,Yes,Yes,Yes,3.0,Yes,No,Not Applicable,Yes,Yes,No,No,No,1.0,903.38,594.87,0.755,Web,Chrome,31,Light,-0.82629,180.0,19.0,1281.0,Active,Yes,Yes,0.0,5.0,Yes,Yes,Yes,No,Medium,12.0,3.0,Valid Claim
CLM01371,Laptop,ZenCore,36.0,No,Connectivity Issue,Electrical Failure,Yes,Yes,Yes,Yes,Yes,Not Applicable,No,0.0,Not Applicable,No,Not Applicable,Yes,Yes,No,No,No,2.0,229.59,0.0,0.974,Service Center,Chrome,57,Dark,0.48748,268.0,20.0,828.0,Active,Yes,Yes,0.0,5.0,Yes,Yes,No,No,High,2.0,6.0,Valid Claim
CLM00843,Air Conditioner,ZenCore,24.0,Yes,Water Leakage,Accidental Damage,Yes,Yes,Yes,Yes,,Not Applicable,No,0.0,Not Applicable,No,Not Applicable,Yes,Yes,No,No,No,0.0,1283.48,0.0,0.752,Email,MobileWebView,38,System,0.73734,894.0,8.0,202.0,Active,Yes,No,0.0,4.0,Unknown,Yes,No,No,Medium,11.0,6.0,Invalid Claim
CLM00944,Washing Machine,HomePro,36.0,No,Noise,Electrical Failure,,Yes,Yes,Yes,Yes,Yes,Yes,2.0,Yes,No,Not Applicable,Yes,Yes,No,No,No,0.0,1423.38,483.87,0.797,Service Center,Edge,9,Light,-0.63004,85.0,11.0,1011.0,Active,Yes,Yes,0.0,4.0,Unknown,,Yes,No,Medium,12.0,0.0,Valid Claim
CLM00808,Printer,HomePro,36.0,No,Power Failure,Physical Damage,Yes,Yes,Yes,Yes,Yes,Not Applicable,No,0.0,Not Applicable,No,Not Applicable,Yes,Yes,No,No,Yes,0.0,382.35,0.0,0.48,Service Center,Safari,59,Light,-0.45769,120.0,23.0,975.0,Active,Yes,No,0.0,5.0,Yes,Yes,No,No,Low,7.0,0.0,Invalid Claim
CLM01447,Television,PrimeView,24.0,No,Power Failure,Electrical Failure,Yes,Yes,Yes,Yes,Yes,No,Yes,2.0,Yes,Yes,No,Yes,Yes,No,No,No,0.0,128.23,219.14,0.834,Web,Firefox,4,Light,-0.52433,61.0,14.0,669.0,Active,Yes,Yes,0.0,5.0,Yes,Yes,Yes,Yes,Medium,11.0,2.0,Valid Claim
CLM00281,Laptop,Aster,24.0,Yes,Overheating,Misuse,Yes,Yes,Yes,Yes,Yes,Not Applicable,No,0.0,Not Applicable,Yes,Yes,Yes,Yes,No,No,No,0.0,1058.04,,0.822,Mobile App,Firefox,47,Light,1.29226,1007.0,2.0,89.0,Active,Yes,No,0.0,5.0,Yes,Yes,No,Yes,Medium,8.0,5.0,Invalid Claim
CLM00856,Refrigerator,HomePro,24.0,No,Mechanical Failure,Internal Component Failure,Yes,Yes,Yes,Yes,Yes,Not Applicable,No,0.0,Not Applicable,Yes,Yes,Yes,Yes,No,No,No,0.0,378.53,0.0,0.945,Email,Chrome,22,Light,1.31683,14.0,14.0,717.0,Active,Yes,Yes,0.0,5.0,Yes,Yes,No,Yes,High,2.0,5.0,Valid Claim
CLM00966,Printer,HomePro,12.0,No,Mechanical Failure,Normal Wear,Yes,Yes,,Yes,No,Yes,Yes,2.0,Yes,No,Not Applicable,Yes,Yes,No,No,No,1.0,129.34,65.35,0.935,Mobile App,Firefox,31,System,1.0681,292.0,19.0,73.0,Active,Yes,No,1.0,3.0,Unknown,Yes,Yes,No,High,11.0,3.0,Invalid Claim
CLM00364,Television,Aster,24.0,No,Power Failure,Misuse,Yes,Yes,Yes,Yes,Yes,Yes,Yes,3.0,Yes,No,Not Applicable,Yes,Yes,No,No,No,0.0,1079.59,503.95,0.983,Mobile App,Edge,43,System,0.77922,452.0,20.0,278.0,Active,Yes,No,0.0,5.0,Yes,Yes,Yes,No,High,6.0,5.0,Invalid Claim
CLM01304,Television,PrimeView,24.0,Yes,Display Failure,Internal Component Failure,Yes,Yes,Yes,No,Yes,Not Applicable,No,0.0,Not Applicable,No,Not Applicable,Yes,Yes,No,No,No,1.0,1263.46,0.0,0.971,Service Center,Firefox,51,Dark,-0.37387,248.0,8.0,848.0,Active,Yes,Yes,1.0,4.0,No,Yes,No,No,High,10.0,0.0,Manual Review
CLM00623,Television,Aster,12.0,No,Audio Failure,Manufacturing Defect,No,No,Yes,Yes,Yes,Not Applicable,No,0.0,Not Applicable,No,Not Applicable,Yes,Yes,No,No,No,1.0,512.05,,0.825,Web,Firefox,3,Light,-1.01706,340.0,29.0,26.0,Active,Yes,Yes,2.0,3.0,No,No,No,No,Medium,3.0,4.0,Manual Review
CLM01449,Smartphone,Aster,24.0,No,Power Failure,Electrical Failure,Yes,Yes,Yes,Yes,Yes,Not Applicable,No,0.0,Not Applicable,No,Not Applicable,Yes,Yes,No,No,No,2.0,575.99,0.0,0.612,Email,Chrome,25,Light,0.03284,26.0,18.0,705.0,Active,Yes,Yes,0.0,5.0,Yes,Yes,No,No,Low,4.0,0.0,Manual Review
CLM00132,Smartphone,Aster,36.0,No,Overheating,Electrical Failure,Yes,Yes,Yes,Yes,Yes,Not Applicable,No,0.0,Not Applicable,No,Not Applicable,Yes,Yes,Yes,No,No,1.0,157.83,0.0,0.591,Email,Safari,50,Dark,0.85166,514.0,11.0,582.0,Active,Yes,Yes,0.0,5.0,Yes,Yes,No,No,Low,8.0,6.0,Invalid Claim
CLM00991,Washing Machine,ZenCore,24.0,No,Mechanical Failure,Manufacturing Defect,Yes,Yes,,Yes,Yes,Yes,Yes,1.0,Yes,No,Not Applicable,Yes,Yes,No,No,No,0.0,351.01,616.14,0.925,Service Center,Chrome,38,Dark,0.0287,199.0,4.0,531.0,Active,Yes,Yes,0.0,4.0,Unknown,Yes,Yes,No,High,6.0,3.0,Valid Claim
CLM01196,Air Conditioner,HomePro,12.0,No,Power Failure,Internal Component Failure,Yes,Yes,Yes,No,Yes,Not Applicable,No,0.0,Not Applicable,No,Not Applicable,Yes,Yes,No,No,No,1.0,2289.64,0.0,0.873,Email,Chrome,3,Dark,0.46758,23.0,3.0,342.0,Active,Yes,Yes,1.0,4.0,No,Yes,No,No,High,2.0,6.0,Manual Review
CLM00554,Laptop,ZenCore,12.0,No,Power Failure,Misuse,Yes,Yes,Yes,Yes,Yes,Yes,Yes,2.0,Yes,No,Not Applicable,Yes,Yes,No,No,No,1.0,1093.49,395.72,0.812,Web,Firefox,27,Light,0.51529,1171.0,21.0,-806.0,Expired,Yes,No,0.0,5.0,Yes,Yes,Yes,No,Medium,3.0,4.0,Invalid Claim
CLM01303,Television,Aster,36.0,No,Power Failure,Manufacturing Defect,Yes,Yes,Yes,Yes,Yes,Not Applicable,No,0.0,Not Applicable,No,Not Applicable,Unknown,Yes,No,No,No,1.0,1142.3,0.0,0.778,Web,MobileWebView,50,Light,-0.35096,1017.0,17.0,79.0,Active,Yes,Yes,0.0,5.0,Yes,Yes,No,No,Medium,3.0,6.0,Manual Review
CLM00610,Camera,Aster,24.0,Yes,Connectivity Issue,Internal Component Failure,Yes,Yes,Yes,No,Yes,Not Applicable,No,0.0,Not Applicable,No,Not Applicable,Yes,Yes,No,No,No,1.0,590.99,0.0,0.992,Web,MobileWebView,28,Light,1.66843,562.0,45.0,534.0,Active,No,Yes,1.0,4.0,No,Yes,No,No,High,4.0,0.0,Invalid Claim
CLM00722,Printer,PrimeView,12.0,No,Mechanical Failure,Electrical Failure,Yes,Yes,Yes,Yes,Yes,Not Applicable,No,0.0,Not Applicable,Yes,Yes,Yes,Yes,No,No,No,1.0,676.63,0.0,0.97,Email,Firefox,47,Light,0.55845,214.0,9.0,151.0,Active,Yes,Yes,0.0,5.0,Yes,Yes,No,Yes,High,7.0,0.0,Valid Claim
CLM00404,Refrigerator,HomePro,24.0,No,Noise,Physical Damage,Yes,Yes,Yes,Yes,Yes,,No,0.0,Not Applicable,Yes,Yes,Yes,Yes,No,No,No,0.0,669.79,0.0,0.953,Web,Chrome,52,Dark,-1.05912,374.0,21.0,357.0,Active,Yes,No,0.0,5.0,Yes,Yes,No,Yes,High,8.0,5.0,Invalid Claim
CLM00672,Refrigerator,Aster,12.0,No,Cooling Failure,Manufacturing Defect,Yes,No,No,Yes,Yes,Not Applicable,No,0.0,Not Applicable,No,Not Applicable,Yes,Yes,No,No,No,0.0,329.22,0.0,0.776,Web,Firefox,38,Light,-0.13438,192.0,8.0,174.0,Active,Yes,Yes,2.0,3.0,No,Yes,No,No,Medium,5.0,1.0,Manual Review
CLM00491,Printer,NovaTech,24.0,No,Power Failure,Electrical Failure,Yes,Yes,Yes,,Yes,Not Applicable,No,0.0,Not Applicable,No,Not Applicable,Yes,Yes,No,No,No,3.0,276.74,0.0,0.639,Mobile App,Chrome,13,System,0.98049,534.0,6.0,196.0,Active,Yes,Yes,0.0,4.0,Unknown,Yes,No,No,Low,7.0,3.0,Manual Review
CLM00630,Refrigerator,HomePro,36.0,No,Power Failure,Internal Component Failure,Yes,Yes,No,Yes,Yes,Not Applicable,No,0.0,Not Applicable,No,Not Applicable,Yes,Yes,No,No,No,3.0,1170.24,,0.915,Web,MobileWebView,16,Dark,1.63451,788.0,30.0,308.0,Active,Yes,Yes,1.0,4.0,No,Yes,No,No,High,7.0,4.0,Manual Review
CLM01186,Air Conditioner,Aster,24.0,No,Power Failure,Internal Component Failure,No,Yes,Yes,Yes,No,Not Applicable,No,0.0,Not Applicable,Yes,Yes,Yes,Yes,No,No,No,0.0,1579.39,0.0,0.917,Web,Safari,7,Dark,-1.96082,16.0,16.0,714.0,Active,Yes,Yes,2.0,3.0,No,No,No,Yes,High,6.0,4.0,Manual Review
CLM01417,Air Conditioner,ZenCore,12.0,Yes,Water Leakage,Manufacturing Defect,No,Yes,Yes,Yes,Yes,Yes,Yes,2.0,Yes,No,Not Applicable,Yes,Yes,No,No,No,1.0,333.65,118.56,,Mobile App,Chrome,14,Dark,-0.00321,97.0,21.0,634.0,Active,Yes,Yes,1.0,4.0,No,No,Yes,No,Unknown,5.0,1.0,Manual Review
CLM00058,Smartphone,Aster,12.0,No,Battery Problem,Internal Component Failure,Yes,Yes,No,Yes,Yes,Not Applicable,No,0.0,Not Applicable,No,Not Applicable,Yes,Yes,No,No,No,0.0,167.32,0.0,0.884,Mobile App,Firefox,57,System,-1.6843,93.0,33.0,272.0,Active,No,Yes,1.0,4.0,No,Yes,No,No,High,5.0,5.0,Invalid Claim
CLM00212,Laptop,ZenCore,24.0,Yes,Overheating,Manufacturing Defect,Yes,Yes,,Yes,Yes,Not Applicable,No,0.0,Not Applicable,No,Not Applicable,Yes,Yes,No,No,No,0.0,918.58,0.0,0.589,Web,Safari,46,Dark,0.22301,613.0,19.0,482.0,Active,Yes,Yes,0.0,4.0,Unknown,Yes,No,No,Low,7.0,5.0,Manual Review
CLM01116,Printer,PrimeView,36.0,No,Paper Feed Failure,Manufacturing Defect,Yes,Yes,Yes,Yes,No,Not Applicable,No,0.0,Not Applicable,Yes,Yes,Yes,Yes,No,No,No,1.0,396.49,0.0,0.895,Service Center,Chrome,2,Dark,0.30021,47.0,17.0,1049.0,Active,Yes,Yes,1.0,4.0,No,Yes,No,Yes,High,3.0,1.0,Manual Review
CLM01179,Television,PrimeView,24.0,No,Audio Failure,Internal Component Failure,No,No,Yes,Yes,Yes,Not Applicable,No,0.0,Not Applicable,No,Not Applicable,Yes,No,No,No,No,1.0,349.06,0.0,0.947,Web,Safari,0,Light,-0.91662,73.0,13.0,657.0,Active,Yes,Yes,2.0,3.0,No,No,No,No,High,1.0,2.0,Manual Review
CLM00173,Laptop,Aster,36.0,No,Connectivity Issue,Electrical Failure,Yes,Yes,Yes,No,Yes,Yes,Yes,2.0,Yes,No,Not Applicable,Yes,Yes,No,No,No,0.0,1021.13,562.88,0.857,Service Center,Safari,48,System,-0.6625,556.0,7.0,539.0,Active,Yes,Yes,1.0,4.0,No,Yes,Yes,No,High,8.0,2.0,Manual Review
CLM00408,Laptop,Aster,12.0,No,Battery Problem,Manufacturing Defect,,No,Yes,Yes,Yes,Not Applicable,No,0.0,Not Applicable,No,Not Applicable,Yes,Yes,No,No,No,1.0,441.22,0.0,0.773,Service Center,Edge,34,System,-0.35053,395.0,6.0,-30.0,Expired,Yes,Yes,1.0,3.0,Unknown,,No,No,Medium,4.0,6.0,Invalid Claim
CLM01104,Camera,Aster,24.0,No,Battery Problem,Electrical Failure,No,Yes,Yes,Yes,Yes,,No,0.0,Not Applicable,No,Not Applicable,Yes,Yes,No,No,No,0.0,1411.66,0.0,0.971,Web,Edge,12,Dark,-0.63346,55.0,22.0,675.0,Active,Yes,Yes,1.0,4.0,No,No,No,No,High,2.0,1.0,Manual Review
CLM00434,Washing Machine,PrimeView,24.0,No,Power Failure,Accidental Damage,No,Yes,Yes,Yes,Yes,Not Applicable,No,0.0,Not Applicable,No,Not Applicable,Yes,Yes,No,No,No,0.0,673.68,0.0,0.839,Web,Edge,11,System,-1.17309,619.0,17.0,111.0,Active,Yes,No,1.0,4.0,No,No,No,No,Medium,7.0,2.0,Invalid Claim
CLM00878,Refrigerator,ZenCore,24.0,No,Water Leakage,Manufacturing Defect,Yes,Yes,Yes,Yes,Yes,Not Applicable,No,0.0,Not Applicable,No,Not Applicable,Yes,Yes,No,No,No,0.0,1969.27,0.0,0.639,Service Center,Safari,54,Dark,0.5045,262.0,27.0,468.0,Active,Yes,Yes,0.0,5.0,Yes,Yes,No,No,Low,12.0,1.0,Manual Review
CLM00505,Smartphone,,36.0,Yes,Battery Problem,Manufacturing Defect,Yes,Yes,Yes,Yes,Yes,Yes,Yes,2.0,Yes,No,Not Applicable,Yes,No,No,No,Yes,0.0,872.47,82.62,0.657,Mobile App,Safari,16,Dark,0.05105,689.0,15.0,772.0,Active,Yes,Yes,0.0,5.0,Yes,Yes,Yes,No,Low,3.0,2.0,Manual Review
CLM00585,Camera,NovaTech,12.0,No,Power Failure,Water Damage,Yes,,Yes,Yes,Yes,Not Applicable,No,0.0,Not Applicable,Yes,Yes,Yes,Yes,No,No,No,3.0,134.13,0.0,0.984,Email,Chrome,21,System,-1.56774,412.0,26.0,-47.0,Expired,Yes,No,0.0,4.0,Yes,Yes,No,Yes,High,4.0,0.0,Invalid Claim
CLM00369,Refrigerator,ZenCore,24.0,Yes,Mechanical Failure,Manufacturing Defect,Yes,Yes,Yes,Yes,Yes,Yes,Yes,2.0,Yes,No,Not Applicable,Yes,Yes,No,No,No,1.0,815.04,167.55,0.958,Mobile App,Edge,23,Light,-0.07801,549.0,12.0,546.0,Active,Yes,Yes,0.0,5.0,Yes,Yes,Yes,No,High,11.0,1.0,Valid Claim
CLM00824,Printer,HomePro,12.0,No,Connectivity Issue,Internal Component Failure,,Yes,Yes,Yes,Yes,Not Applicable,No,0.0,Not Applicable,No,Not Applicable,Yes,Yes,No,No,No,0.0,85.86,0.0,0.926,Service Center,Safari,39,System,-0.93697,825.0,20.0,-460.0,Expired,Yes,Yes,0.0,4.0,Unknown,,No,No,High,7.0,1.0,Invalid Claim
CLM00011,Camera,PrimeView,12.0,No,Power Failure,Electrical Failure,No,Yes,Yes,Yes,Yes,Yes,Yes,2.0,Yes,No,Not Applicable,Yes,Yes,No,No,No,0.0,345.42,297.54,0.845,Service Center,Edge,41,Dark,-2.41843,256.0,23.0,109.0,Active,Yes,Yes,1.0,4.0,No,No,Yes,No,Medium,10.0,2.0,Manual Review
CLM01231,Air Conditioner,Aster,24.0,No,Noise,Manufacturing Defect,No,Yes,Yes,Yes,Yes,Not Applicable,No,0.0,Not Applicable,No,Not Applicable,Yes,Yes,No,No,No,1.0,506.42,,0.931,Web,MobileWebView,26,Dark,1.25421,494.0,15.0,236.0,Active,Yes,Yes,1.0,4.0,No,No,No,No,High,4.0,6.0,Manual Review
CLM00706,Air Conditioner,ZenCore,36.0,Yes,Cooling Failure,Electrical Failure,Yes,Yes,Yes,Yes,Yes,Yes,Yes,3.0,Yes,No,Not Applicable,Yes,Yes,No,No,No,0.0,1413.74,513.83,0.888,Mobile App,Safari,56,System,-0.54657,445.0,31.0,1016.0,Active,No,Yes,0.0,5.0,Yes,Yes,Yes,No,High,4.0,0.0,Invalid Claim
CLM01411,Laptop,Aster,24.0,No,Connectivity Issue,Manufacturing Defect,Yes,Yes,Yes,Yes,Yes,No,Yes,2.0,Unknown,No,Not Applicable,Yes,Yes,No,No,Yes,1.0,462.41,429.0,0.52,Web,Firefox,52,Light,0.30445,381.0,11.0,349.0,Active,Yes,Yes,0.0,5.0,Yes,Yes,Yes,No,Low,9.0,3.0,Manual Review
CLM01228,Laptop,ZenCore,36.0,No,Overheating,Manufacturing Defect,Yes,Yes,Yes,Yes,Yes,,No,0.0,Not Applicable,Yes,Yes,Yes,Yes,No,No,No,1.0,1142.35,0.0,0.808,Mobile App,MobileWebView,43,Light,-0.26736,83.0,8.0,1013.0,Active,Yes,Yes,0.0,5.0,Yes,Yes,No,Yes,Medium,3.0,0.0,Valid Claim
CLM00345,Laptop,NovaTech,24.0,No,Battery Problem,Accidental Damage,Yes,Yes,Yes,Yes,No,Yes,Yes,3.0,Yes,No,Not Applicable,Yes,Yes,No,No,No,0.0,433.47,461.27,0.76,Service Center,Safari,50,Dark,-0.03137,,23.0,,Unknown,Yes,No,1.0,4.0,No,Yes,Yes,No,Medium,6.0,6.0,Invalid Claim
CLM00532,Refrigerator,HomePro,36.0,No,Power Failure,Water Damage,Yes,Yes,Yes,Yes,Yes,Yes,Yes,2.0,Yes,No,Not Applicable,Yes,Yes,No,No,No,2.0,240.66,375.99,0.751,Service Center,MobileWebView,53,Light,-1.3424,555.0,13.0,541.0,Active,Yes,No,0.0,5.0,Yes,Yes,Yes,No,Medium,8.0,3.0,Invalid Claim
CLM00798,Smartphone,NovaTech,12.0,No,Display Failure,Manufacturing Defect,Yes,,Yes,Yes,Yes,No,Yes,1.0,No,No,Not Applicable,Yes,Yes,No,No,No,0.0,901.88,395.92,0.894,Service Center,Safari,14,Dark,-0.89047,391.0,43.0,-26.0,Expired,No,Yes,0.0,4.0,Yes,Yes,Yes,No,High,4.0,0.0,Invalid Claim
CLM01351,Refrigerator,HomePro,24.0,Yes,Water Leakage,Electrical Failure,Yes,Yes,Yes,Yes,Yes,Yes,Yes,2.0,Yes,No,Not Applicable,Yes,Yes,No,No,No,1.0,896.94,,0.942,Service Center,Firefox,55,Dark,-1.75933,543.0,9.0,553.0,Active,Yes,Yes,0.0,5.0,Yes,Yes,Yes,No,High,8.0,3.0,Valid Claim
CLM01489,Washing Machine,HomePro,36.0,No,Mechanical Failure,Manufacturing Defect,No,Yes,Yes,Yes,Yes,,No,0.0,Not Applicable,No,Not Applicable,Yes,Yes,No,No,No,0.0,499.08,0.0,0.787,Web,MobileWebView,7,Dark,0.96699,705.0,20.0,391.0,Active,Yes,Yes,1.0,4.0,No,No,No,No,Medium,8.0,2.0,Manual Review
CLM01182,Refrigerator,Aster,36.0,Yes,Water Leakage,Manufacturing Defect,No,Yes,Yes,Yes,Yes,Not Applicable,No,0.0,Not Applicable,Yes,Yes,Yes,Yes,No,No,No,0.0,1228.6,0.0,0.666,Email,MobileWebView,50,Light,1.20148,351.0,12.0,1110.0,Active,Yes,Yes,1.0,4.0,No,No,No,Yes,Low,4.0,1.0,Manual Review
CLM00118,Refrigerator,Aster,24.0,No,Cooling Failure,Electrical Failure,Yes,Yes,,Yes,No,Not Applicable,No,0.0,Not Applicable,No,Not Applicable,Yes,Yes,No,No,No,0.0,,0.0,0.853,Service Center,MobileWebView,19,System,0.421,58.0,,672.0,Active,Unknown,Yes,1.0,3.0,Unknown,Yes,No,No,High,4.0,4.0,Manual Review
CLM00851,Camera,PrimeView,36.0,No,Display Failure,Manufacturing Defect,No,Yes,Yes,Yes,Yes,Not Applicable,No,0.0,Not Applicable,No,Not Applicable,Yes,Yes,No,No,No,1.0,1202.78,,0.834,Service Center,MobileWebView,53,Light,-0.21923,187.0,4.0,909.0,Active,Yes,Yes,1.0,4.0,No,No,No,No,Medium,3.0,0.0,Manual Review
CLM00258,Camera,NovaTech,24.0,No,Lens Failure,Internal Component Failure,Yes,Yes,Yes,Yes,Yes,Yes,Yes,1.0,Yes,No,Not Applicable,Yes,Yes,No,No,No,1.0,1509.16,,0.824,Service Center,Edge,8,Dark,-1.54941,227.0,,503.0,Active,Unknown,Yes,0.0,5.0,Yes,Yes,Yes,No,Medium,2.0,5.0,Invalid Claim
CLM00259,Washing Machine,ZenCore,12.0,No,Power Failure,Electrical Failure,No,Yes,Yes,Yes,Yes,Not Applicable,No,0.0,Not Applicable,No,Not Applicable,Yes,Yes,No,No,No,0.0,354.69,0.0,0.735,Email,Firefox,4,Light,0.16375,113.0,27.0,253.0,Active,Yes,Yes,1.0,4.0,No,No,No,No,Medium,8.0,6.0,Manual Review
CLM01127,Air Conditioner,Aster,12.0,No,Power Failure,Internal Component Failure,Yes,Yes,Yes,Yes,Yes,Yes,Yes,2.0,Yes,No,Not Applicable,Yes,Yes,No,No,No,0.0,729.06,524.75,0.836,Web,Firefox,41,System,0.95508,203.0,6.0,162.0,Active,Yes,Yes,0.0,5.0,Yes,Yes,Yes,No,Medium,11.0,0.0,Valid Claim
CLM01068,Laptop,ZenCore,24.0,Yes,Battery Problem,Electrical Failure,Yes,Yes,Yes,Yes,Yes,Not Applicable,No,0.0,Not Applicable,No,Not Applicable,Yes,Yes,No,No,No,1.0,1587.58,0.0,0.892,Web,Chrome,9,System,-0.04853,211.0,16.0,885.0,Active,Yes,Yes,0.0,5.0,Yes,Yes,No,No,High,5.0,4.0,Valid Claim
CLM00704,Smartphone,PrimeView,12.0,No,Display Failure,Manufacturing Defect,Yes,Yes,Yes,Yes,Yes,Not Applicable,No,0.0,Not Applicable,No,Not Applicable,Yes,Yes,No,No,No,2.0,581.96,0.0,0.898,Web,Edge,9,Light,-1.53249,39.0,31.0,326.0,Active,No,Yes,0.0,5.0,Yes,Yes,No,No,High,12.0,2.0,Invalid Claim
CLM01232,Laptop,Aster,24.0,No,Battery Problem,Internal Component Failure,Yes,Yes,Yes,Yes,Yes,Not Applicable,No,0.0,Not Applicable,No,Not Applicable,Unknown,Yes,No,Yes,No,2.0,1503.89,0.0,0.797,Email,Edge,46,Dark,-0.17416,140.0,12.0,591.0,Active,Yes,Yes,0.0,5.0,Yes,Yes,No,No,Medium,7.0,2.0,Manual Review
CLM01076,Camera,Aster,24.0,No,Connectivity Issue,Manufacturing Defect,,Yes,Yes,Yes,Yes,Not Applicable,No,0.0,Not Applicable,Yes,Yes,Yes,Yes,No,No,No,1.0,1783.47,0.0,,Web,Safari,19,Dark,-1.00069,170.0,8.0,560.0,Active,Yes,Yes,0.0,4.0,Unknown,,No,Yes,Unknown,3.0,1.0,Valid Claim
CLM01464,Refrigerator,HomePro,36.0,No,Mechanical Failure,Internal Component Failure,Yes,No,Yes,Yes,Yes,Yes,Yes,1.0,Yes,No,Not Applicable,Yes,Yes,No,No,No,0.0,56.33,394.66,0.731,Service Center,Chrome,57,Light,-1.8866,478.0,10.0,618.0,Active,Yes,Yes,1.0,4.0,Yes,Yes,Yes,No,Medium,7.0,3.0,Valid Claim
CLM01468,Washing Machine,ZenCore,12.0,Yes,Noise,Internal Component Failure,Yes,Yes,Yes,Yes,Yes,Not Applicable,No,0.0,Not Applicable,No,Not Applicable,Yes,Yes,No,No,No,1.0,560.11,0.0,0.747,Web,Chrome,32,System,3.02731,432.0,19.0,299.0,Active,Yes,Yes,0.0,5.0,Yes,Yes,No,No,Medium,11.0,4.0,Valid Claim
CLM00029,Refrigerator,ZenCore,24.0,Yes,Cooling Failure,Electrical Failure,Yes,Yes,Yes,Yes,Yes,,Yes,3.0,Yes,No,Not Applicable,Yes,Yes,No,No,No,1.0,559.9,559.75,0.801,Service Center,MobileWebView,50,Dark,-0.56514,431.0,10.0,665.0,Active,Yes,Yes,0.0,5.0,Yes,Yes,Yes,No,Medium,7.0,2.0,Valid Claim
CLM00946,Camera,Aster,24.0,No,Connectivity Issue,Electrical Failure,Yes,No,No,Yes,Yes,Not Applicable,No,0.0,Not Applicable,No,Not Applicable,Yes,Yes,No,Yes,Yes,1.0,144.46,,0.978,Web,Safari,10,System,-0.57048,62.0,3.0,669.0,Active,Yes,Yes,2.0,3.0,No,Yes,No,No,High,1.0,1.0,Manual Review
CLM00666,Laptop,NovaTech,24.0,Yes,Display Failure,Manufacturing Defect,Yes,Yes,Yes,Yes,Yes,Not Applicable,No,0.0,Not Applicable,No,Not Applicable,Yes,Yes,No,No,No,0.0,1299.63,0.0,0.824,Web,Safari,37,System,1.32694,73.0,26.0,1023.0,Active,Yes,Yes,0.0,5.0,Yes,Yes,No,No,Medium,12.0,3.0,Valid Claim
CLM00222,Laptop,NovaTech,12.0,No,Power Failure,Electrical Failure,Yes,Yes,Yes,Yes,Yes,Not Applicable,No,0.0,Not Applicable,Yes,Yes,Unknown,Yes,No,No,No,1.0,183.91,0.0,0.758,Email,Firefox,41,Light,0.30236,615.0,2.0,-249.0,Expired,Yes,Yes,0.0,5.0,Yes,Yes,No,Yes,Medium,10.0,4.0,Invalid Claim
CLM01334,Air Conditioner,Aster,36.0,No,Power Failure,Internal Component Failure,Yes,Yes,Yes,Yes,Yes,Not Applicable,No,0.0,Not Applicable,Yes,No,Yes,Yes,No,No,No,0.0,1326.01,0.0,0.822,Web,Firefox,18,System,1.7977,218.0,18.0,878.0,Active,Yes,Yes,0.0,5.0,Yes,Yes,No,Yes,Medium,6.0,4.0,Valid Claim
CLM00642,Smartphone,PrimeView,12.0,No,Power Failure,Electrical Failure,Yes,Yes,Yes,Yes,No,Not Applicable,No,0.0,Not Applicable,No,Not Applicable,Yes,No,No,No,No,0.0,606.34,0.0,0.804,Mobile App,Firefox,53,System,0.21189,459.0,16.0,-94.0,Expired,Yes,Yes,1.0,4.0,No,Yes,No,No,Medium,6.0,1.0,Invalid Claim
CLM01254,Air Conditioner,ZenCore,36.0,No,Cooling Failure,Internal Component Failure,Yes,,Yes,Yes,Yes,Yes,Yes,1.0,Yes,No,Not Applicable,Yes,Yes,No,No,No,0.0,615.66,420.91,0.751,Mobile App,Safari,38,Light,0.81137,520.0,10.0,575.0,Active,Yes,Yes,0.0,4.0,Yes,Yes,Yes,No,Medium,3.0,5.0,Valid Claim
CLM00612,Camera,Aster,24.0,No,Lens Failure,Physical Damage,Yes,Yes,Yes,Yes,Yes,Not Applicable,No,0.0,Not Applicable,No,Not Applicable,Yes,Yes,No,No,No,0.0,2393.77,0.0,0.954,Web,Firefox,34,Light,-0.34664,309.0,22.0,421.0,Active,Yes,No,0.0,5.0,Yes,Yes,No,No,High,7.0,2.0,Invalid Claim
CLM00985,Camera,PrimeView,36.0,No,Display Failure,Electrical Failure,Yes,Yes,Yes,Yes,No,Not Applicable,No,0.0,Not Applicable,No,Not Applicable,Yes,Yes,No,No,No,0.0,1376.83,0.0,0.954,Mobile App,MobileWebView,44,Light,-0.42614,130.0,16.0,966.0,Active,Yes,Yes,1.0,4.0,No,Yes,No,No,High,5.0,3.0,Manual Review
CLM00906,Camera,PrimeView,12.0,No,Battery Problem,Accidental Damage,No,Yes,Yes,Yes,Yes,Not Applicable,No,0.0,Not Applicable,No,Not Applicable,Yes,Yes,No,No,No,0.0,1887.48,0.0,0.938,Web,MobileWebView,57,System,1.67533,1248.0,6.0,-883.0,Expired,Yes,No,1.0,4.0,No,No,No,No,High,6.0,6.0,Invalid Claim
CLM00872,Washing Machine,PrimeView,12.0,No,Noise,Electrical Failure,Yes,Yes,Yes,Yes,Yes,Not Applicable,No,0.0,Not Applicable,Yes,Yes,Yes,Yes,No,No,No,1.0,337.51,0.0,0.872,Web,Edge,1,Light,0.72809,549.0,22.0,-184.0,Expired,Yes,Yes,0.0,5.0,Yes,Yes,No,Yes,High,8.0,5.0,Invalid Claim
CLM00113,Washing Machine,HomePro,24.0,No,Water Leakage,Normal Wear,Yes,Yes,No,Yes,No,Not Applicable,No,0.0,Not Applicable,No,Not Applicable,Yes,Yes,No,No,No,0.0,405.08,0.0,0.772,Mobile App,Chrome,59,Light,1.89663,727.0,2.0,3.0,Active,Yes,No,2.0,3.0,No,Yes,No,No,Medium,4.0,5.0,Invalid Claim
CLM00072,Washing Machine,,12.0,No,Mechanical Failure,Electrical Failure,Yes,Yes,Yes,Yes,Yes,Yes,Yes,2.0,Yes,No,Not Applicable,Yes,Yes,No,No,No,1.0,133.29,539.55,0.834,Mobile App,MobileWebView,19,Light,-0.82707,281.0,3.0,84.0,Active,Yes,Yes,0.0,5.0,Yes,Yes,Yes,No,Medium,4.0,1.0,Valid Claim
CLM01038,Television,PrimeView,12.0,No,Display Failure,Internal Component Failure,No,Yes,Yes,Yes,No,Not Applicable,No,0.0,Not Applicable,No,Not Applicable,Yes,Yes,No,No,No,1.0,274.54,0.0,0.851,Web,Chrome,33,System,0.95766,130.0,5.0,235.0,Active,Yes,Yes,2.0,3.0,No,No,No,No,High,12.0,5.0,Manual Review
CLM00964,Refrigerator,ZenCore,36.0,No,Water Leakage,Manufacturing Defect,Yes,Yes,No,Yes,Yes,No,Yes,3.0,Yes,No,Not Applicable,Yes,Yes,No,No,No,0.0,587.23,60.06,0.757,Web,Edge,44,Dark,-0.75525,713.0,13.0,382.0,Active,Yes,Yes,1.0,4.0,No,Yes,Yes,No,Medium,5.0,0.0,Manual Review
CLM01169,Washing Machine,PrimeView,24.0,No,Mechanical Failure,Manufacturing Defect,Yes,Yes,Yes,Yes,Yes,Not Applicable,No,0.0,Not Applicable,No,Not Applicable,Unknown,Yes,No,No,No,0.0,584.55,0.0,0.903,Service Center,Edge,43,Dark,0.93797,729.0,5.0,2.0,Active,Yes,Yes,0.0,5.0,Yes,Yes,No,No,High,4.0,3.0,Manual Review
CLM01134,Television,HomePro,12.0,No,Connectivity Issue,Internal Component Failure,Yes,Yes,No,Yes,Yes,Not Applicable,No,0.0,Not Applicable,No,Not Applicable,Yes,Yes,No,No,No,2.0,317.4,0.0,0.857,Mobile App,MobileWebView,14,Dark,-0.27105,140.0,26.0,226.0,Active,Yes,Yes,1.0,4.0,No,Yes,No,No,High,6.0,2.0,Manual Review
CLM00806,Camera,Aster,24.0,No,Connectivity Issue,Manufacturing Defect,Yes,Yes,No,Yes,Yes,Not Applicable,No,0.0,Not Applicable,No,Not Applicable,Yes,Yes,No,No,No,2.0,219.88,0.0,0.75,Mobile App,Safari,8,System,-0.92537,404.0,2.0,326.0,Active,Yes,Yes,1.0,4.0,No,Yes,No,No,Medium,8.0,5.0,Manual Review
CLM01229,Camera,NovaTech,36.0,No,Power Failure,Electrical Failure,No,Yes,,Yes,Yes,Not Applicable,No,0.0,Not Applicable,No,Not Applicable,Yes,Yes,No,No,No,1.0,987.55,0.0,0.844,Web,MobileWebView,55,Light,-2.43338,378.0,15.0,717.0,Active,Yes,Yes,1.0,3.0,Unknown,No,No,No,Medium,2.0,4.0,Manual Review
CLM00379,Smartphone,Aster,24.0,No,Connectivity Issue,Normal Wear,Yes,Yes,Yes,Yes,Yes,Yes,Yes,3.0,Yes,No,Not Applicable,Yes,Yes,No,No,No,2.0,,103.65,0.45,Mobile App,Safari,43,System,1.78616,309.0,12.0,421.0,Active,Yes,No,0.0,5.0,Yes,Yes,Yes,No,Low,4.0,6.0,Invalid Claim
CLM01181,Television,PrimeView,36.0,No,Audio Failure,Manufacturing Defect,Yes,Yes,Yes,Yes,Yes,Not Applicable,No,0.0,Not Applicable,No,Not Applicable,Yes,Yes,No,No,Yes,2.0,1034.78,0.0,0.905,Mobile App,Safari,0,Light,0.60683,66.0,4.0,1030.0,Active,Yes,Yes,0.0,5.0,Yes,Yes,No,No,High,6.0,6.0,Manual Review
CLM00982,Laptop,NovaTech,24.0,No,Battery Problem,Manufacturing Defect,Yes,Yes,Yes,Yes,No,Not Applicable,No,0.0,Not Applicable,No,Not Applicable,Yes,Yes,No,No,No,1.0,860.66,0.0,0.955,Web,Firefox,34,Dark,-0.9149,34.0,1.0,696.0,Active,Yes,Yes,1.0,4.0,No,Yes,No,No,High,3.0,4.0,Manual Review
CLM01177,Refrigerator,Aster,36.0,No,Water Leakage,Internal Component Failure,Yes,Yes,Yes,Yes,Yes,Not Applicable,No,0.0,Not Applicable,No,Not Applicable,Yes,Yes,No,No,No,1.0,328.28,0.0,0.759,Service Center,MobileWebView,9,Light,-0.25051,31.0,10.0,1064.0,Active,Yes,Yes,0.0,5.0,Yes,Yes,No,No,Medium,10.0,0.0,Valid Claim
CLM00887,Camera,NovaTech,24.0,No,Battery Problem,Accidental Damage,Yes,Yes,Yes,Yes,Yes,Not Applicable,No,0.0,Not Applicable,No,Not Applicable,Yes,Yes,No,No,Yes,1.0,1185.4,0.0,0.787,Web,Safari,51,Dark,1.49693,651.0,53.0,80.0,Active,No,No,0.0,5.0,Yes,Yes,No,No,Medium,10.0,6.0,Invalid Claim
CLM00888,Laptop,Aster,24.0,No,Battery Problem,Manufacturing Defect,Yes,Yes,No,Yes,,Yes,Yes,3.0,Yes,Yes,Yes,Yes,Yes,No,No,No,1.0,302.31,617.59,0.938,Service Center,Safari,34,Dark,1.98636,166.0,27.0,564.0,Active,Yes,Yes,1.0,3.0,Unknown,Yes,Yes,Yes,High,2.0,2.0,Manual Review
CLM00064,Air Conditioner,Aster,36.0,No,Noise,Manufacturing Defect,Yes,Yes,,Yes,Yes,Not Applicable,No,0.0,Not Applicable,No,Not Applicable,Unknown,Yes,No,No,No,1.0,572.64,,0.873,Mobile App,Firefox,57,Dark,1.41256,479.0,8.0,617.0,Active,Yes,Yes,0.0,4.0,Unknown,Yes,No,No,High,9.0,0.0,Manual Review
CLM00828,Television,HomePro,12.0,No,Connectivity Issue,Internal Component Failure,Yes,Yes,Yes,No,,Not Applicable,No,0.0,Not Applicable,No,Not Applicable,Yes,Yes,No,Yes,No,1.0,1940.69,0.0,0.89,Service Center,Chrome,44,Dark,0.92749,108.0,4.0,257.0,Active,Yes,Yes,1.0,3.0,Unknown,Yes,No,No,High,10.0,1.0,Manual Review
CLM00125,Camera,PrimeView,24.0,No,Connectivity Issue,Misuse,Yes,No,Yes,Yes,Yes,Not Applicable,No,0.0,Not Applicable,No,Not Applicable,Yes,Yes,No,No,No,3.0,2702.68,0.0,0.65,Mobile App,Firefox,32,Dark,0.20053,156.0,12.0,574.0,Active,Yes,No,1.0,4.0,Yes,Yes,No,No,Low,7.0,4.0,Invalid Claim
CLM00890,Laptop,NovaTech,12.0,No,Display Failure,Electrical Failure,Yes,Yes,Yes,Yes,Yes,Not Applicable,No,0.0,Not Applicable,No,Not Applicable,Yes,Yes,No,No,No,0.0,1667.46,0.0,,Service Center,MobileWebView,51,Light,0.88571,1196.0,1.0,-830.0,Expired,Yes,Yes,0.0,5.0,Yes,Yes,No,No,Unknown,9.0,6.0,Invalid Claim
CLM01456,Smartphone,Aster,24.0,No,Battery Problem,Electrical Failure,Yes,Yes,Yes,Yes,Yes,Not Applicable,No,0.0,Not Applicable,No,Not Applicable,Yes,Yes,No,No,No,1.0,392.42,0.0,0.972,Web,MobileWebView,18,System,-0.97881,303.0,18.0,428.0,Active,Yes,Yes,0.0,5.0,Yes,Yes,No,No,High,7.0,3.0,Valid Claim
CLM00832,Refrigerator,ZenCore,24.0,No,Noise,Manufacturing Defect,Yes,Yes,No,Yes,Yes,Not Applicable,No,0.0,Not Applicable,No,Not Applicable,Yes,Yes,No,No,No,0.0,1224.41,0.0,0.721,Email,MobileWebView,31,Light,1.61947,801.0,11.0,-70.0,Expired,Yes,Yes,1.0,4.0,No,Yes,No,No,Medium,12.0,1.0,Invalid Claim
CLM01385,Camera,PrimeView,12.0,No,Lens Failure,Internal Component Failure,Yes,Yes,No,Yes,Yes,Not Applicable,No,0.0,Not Applicable,No,Not Applicable,Yes,Yes,No,No,No,1.0,961.02,0.0,,Web,Safari,33,System,0.85685,157.0,3.0,208.0,Active,Yes,Yes,1.0,4.0,No,Yes,No,No,Unknown,7.0,2.0,Manual Review
CLM00849,Washing Machine,PrimeView,24.0,No,Water Leakage,Manufacturing Defect,Yes,Yes,Yes,Yes,Yes,,Yes,1.0,Yes,No,Not Applicable,Yes,Yes,No,No,No,0.0,1136.64,139.63,0.841,Web,Chrome,5,System,-1.3495,799.0,9.0,-68.0,Expired,Yes,Yes,0.0,5.0,Yes,Yes,Yes,No,Medium,5.0,6.0,Invalid Claim
CLM00414,Printer,PrimeView,24.0,No,Power Failure,Accidental Damage,No,Yes,Yes,Yes,Yes,Not Applicable,No,0.0,Not Applicable,No,Not Applicable,Yes,Yes,No,No,No,1.0,427.83,0.0,0.467,Web,Safari,6,Dark,-0.774,37.0,12.0,693.0,Active,Yes,No,1.0,4.0,No,No,No,No,Low,2.0,6.0,Invalid Claim
CLM01059,Printer,NovaTech,24.0,No,Mechanical Failure,Internal Component Failure,No,Yes,Yes,Yes,Yes,Not Applicable,No,0.0,Not Applicable,No,Not Applicable,Yes,Yes,No,No,No,0.0,578.74,0.0,0.804,Mobile App,Edge,1,System,0.09341,162.0,22.0,568.0,Active,Yes,Yes,1.0,4.0,No,No,No,No,Medium,11.0,5.0,Manual Review
CLM00650,Laptop,Aster,24.0,No,Power Failure,Manufacturing Defect,Yes,Yes,Yes,Yes,Yes,Not Applicable,No,0.0,Not Applicable,No,Not Applicable,Yes,Yes,No,No,No,1.0,569.92,0.0,0.865,Web,Edge,21,Light,-1.44863,654.0,10.0,76.0,Active,Yes,Yes,0.0,5.0,Yes,Yes,No,No,High,5.0,1.0,Valid Claim
CLM01297,Air Conditioner,HomePro,12.0,No,Cooling Failure,Electrical Failure,Yes,Yes,Yes,Yes,Yes,,No,0.0,Not Applicable,Yes,Yes,Yes,Yes,No,No,No,0.0,473.66,0.0,0.822,Web,MobileWebView,38,System,-0.36505,361.0,12.0,4.0,Active,Yes,Yes,0.0,5.0,Yes,Yes,No,Yes,Medium,5.0,2.0,Valid Claim
CLM00144,Camera,Aster,24.0,No,Lens Failure,Internal Component Failure,No,Yes,Yes,Yes,,Yes,Yes,1.0,Yes,No,Not Applicable,No,Yes,No,No,No,0.0,291.42,,0.744,Web,Edge,34,System,-1.52048,758.0,5.0,-28.0,Expired,Yes,Yes,1.0,3.0,Unknown,No,Yes,No,Medium,9.0,0.0,Invalid Claim
CLM00525,Printer,PrimeView,24.0,No,Paper Feed Failure,Physical Damage,Yes,Yes,Yes,,Yes,Yes,Yes,1.0,No,No,Not Applicable,Yes,Yes,No,No,Yes,2.0,588.43,212.37,0.829,Mobile App,Chrome,6,Light,0.99078,1035.0,12.0,-304.0,Expired,Yes,No,0.0,4.0,Unknown,Yes,Yes,No,Medium,4.0,2.0,Invalid Claim
CLM00069,Laptop,Aster,24.0,No,Overheating,Internal Component Failure,Yes,Yes,No,Yes,Yes,Not Applicable,No,0.0,Not Applicable,No,Not Applicable,Yes,Yes,No,No,No,0.0,1336.97,0.0,0.96,Web,Firefox,59,System,0.27659,1155.0,5.0,-424.0,Expired,Yes,Yes,1.0,4.0,No,Yes,No,No,High,3.0,0.0,Invalid Claim
CLM00108,Smartphone,Aster,36.0,No,Battery Problem,Electrical Failure,Yes,,Yes,Yes,Yes,Not Applicable,No,0.0,Not Applicable,No,Not Applicable,Yes,Yes,No,No,No,1.0,1209.48,0.0,0.866,Service Center,Safari,33,System,1.02298,96.0,14.0,1000.0,Active,Yes,Yes,0.0,4.0,Yes,Yes,No,No,High,6.0,4.0,Valid Claim
CLM00367,Refrigerator,ZenCore,24.0,Yes,Mechanical Failure,Electrical Failure,Yes,Yes,Yes,Yes,Yes,Not Applicable,No,0.0,Not Applicable,No,Not Applicable,Yes,Yes,No,No,No,1.0,129.4,0.0,0.82,Web,Safari,55,Dark,0.13754,960.0,28.0,136.0,Active,Yes,Yes,0.0,5.0,Yes,Yes,No,No,Medium,6.0,4.0,Valid Claim
CLM00894,Television,PrimeView,24.0,No,Connectivity Issue,Internal Component Failure,Yes,No,No,Yes,Yes,,No,0.0,Not Applicable,No,Not Applicable,Yes,Yes,No,No,No,1.0,120.99,0.0,0.908,Mobile App,Firefox,45,Dark,-0.38681,255.0,5.0,475.0,Active,Yes,Yes,2.0,3.0,No,Yes,No,No,High,7.0,3.0,Manual Review
CLM00348,Refrigerator,ZenCore,12.0,No,Power Failure,Misuse,Yes,Yes,Yes,,Yes,Not Applicable,No,0.0,Not Applicable,No,Not Applicable,Yes,Yes,No,No,No,3.0,402.23,0.0,0.883,Web,Chrome,53,Light,-0.23385,554.0,12.0,-189.0,Expired,Yes,No,0.0,4.0,Unknown,Yes,No,No,High,2.0,3.0,Invalid Claim
CLM00542,Camera,PrimeView,24.0,No,Connectivity Issue,Water Damage,Yes,Yes,,Yes,Yes,Not Applicable,No,0.0,Not Applicable,No,Not Applicable,Yes,Yes,No,No,No,0.0,344.53,0.0,0.747,Email,Chrome,46,System,-0.75167,427.0,6.0,303.0,Active,Yes,No,0.0,4.0,Unknown,Yes,No,No,Medium,9.0,6.0,Invalid Claim
CLM00270,Refrigerator,HomePro,24.0,No,Mechanical Failure,Electrical Failure,Yes,Yes,Yes,Yes,Yes,Not Applicable,No,0.0,Not Applicable,No,Not Applicable,Yes,Yes,No,No,No,0.0,561.72,0.0,0.772,Mobile App,Safari,29,System,0.05903,145.0,1.0,585.0,Active,Yes,Yes,0.0,5.0,Yes,Yes,No,No,Medium,3.0,1.0,Valid Claim
CLM00663,Television,Aster,12.0,No,Audio Failure,Misuse,Yes,Yes,Yes,Yes,No,Yes,Yes,1.0,Yes,No,Not Applicable,Yes,Yes,No,No,No,0.0,2030.73,638.79,0.92,Mobile App,Safari,56,Dark,-0.18968,50.0,5.0,315.0,Active,Yes,No,1.0,4.0,No,Yes,Yes,No,High,12.0,4.0,Invalid Claim
CLM01397,Laptop,ZenCore,12.0,No,Battery Problem,Internal Component Failure,Yes,Yes,Yes,No,,Not Applicable,No,0.0,Not Applicable,No,Not Applicable,Yes,Yes,No,No,Yes,0.0,1235.46,0.0,0.959,Web,Chrome,33,Dark,-0.50017,278.0,0.0,87.0,Active,Yes,Yes,1.0,3.0,Unknown,Yes,No,No,High,3.0,4.0,Manual Review
CLM01466,Laptop,Aster,36.0,No,Battery Problem,Electrical Failure,Yes,Yes,Yes,Yes,Yes,Not Applicable,No,0.0,Not Applicable,No,Not Applicable,Yes,Yes,No,No,No,1.0,146.04,0.0,0.878,Web,MobileWebView,38,Light,-1.05103,38.0,27.0,1058.0,Active,Yes,Yes,0.0,5.0,Yes,Yes,No,No,High,5.0,1.0,Valid Claim
CLM00658,Television,HomePro,36.0,No,Connectivity Issue,Electrical Failure,Yes,Yes,Yes,Yes,Yes,Not Applicable,No,0.0,Not Applicable,No,Not Applicable,Yes,Yes,No,No,No,0.0,470.2,0.0,0.75,Web,MobileWebView,10,Dark,0.50723,759.0,21.0,337.0,Active,Yes,Yes,0.0,5.0,Yes,Yes,No,No,Medium,3.0,4.0,Valid Claim
CLM00523,Smartphone,NovaTech,24.0,No,Battery Problem,Accidental Damage,Yes,Yes,Yes,Yes,Yes,Not Applicable,No,0.0,Not Applicable,No,Not Applicable,Yes,Yes,No,No,No,0.0,185.74,0.0,0.987,Web,Edge,51,Dark,1.20108,445.0,6.0,285.0,Active,Yes,No,0.0,5.0,Yes,Yes,No,No,High,9.0,1.0,Invalid Claim
CLM00978,Printer,HomePro,36.0,No,Paper Feed Failure,Misuse,Yes,Yes,Yes,Yes,Yes,,Yes,1.0,Yes,No,Not Applicable,Yes,Yes,No,No,No,0.0,268.03,247.18,0.728,Mobile App,Chrome,38,System,-0.09024,743.0,3.0,353.0,Active,Yes,No,0.0,5.0,Yes,Yes,Yes,No,Medium,6.0,3.0,Invalid Claim
CLM00477,Television,Aster,24.0,No,Display Failure,Electrical Failure,Yes,Yes,Yes,Yes,,Not Applicable,No,0.0,Not Applicable,No,Not Applicable,Yes,Yes,No,No,No,50.0,1007.75,0.0,0.882,Web,Firefox,2,Light,0.3792,278.0,23.0,452.0,Active,Yes,Yes,0.0,4.0,Unknown,Yes,No,No,High,6.0,1.0,Manual Review
CLM00911,Laptop,Aster,24.0,Yes,Display Failure,Manufacturing Defect,No,Yes,Yes,Yes,Yes,,No,0.0,Not Applicable,No,Not Applicable,Yes,Yes,No,No,No,0.0,1292.31,,0.931,Service Center,Firefox,29,Light,0.49341,552.0,46.0,544.0,Active,No,Yes,1.0,4.0,No,No,No,No,High,12.0,4.0,Invalid Claim
CLM00410,Refrigerator,Aster,24.0,No,Cooling Failure,Electrical Failure,Yes,,Yes,,Yes,Not Applicable,No,0.0,Not Applicable,No,Not Applicable,No,Yes,No,No,No,2.0,876.89,0.0,0.935,Service Center,MobileWebView,24,Light,-0.84388,135.0,22.0,595.0,Active,Yes,Yes,0.0,3.0,Unknown,Yes,No,No,High,8.0,4.0,Invalid Claim
CLM01219,Laptop,ZenCore,24.0,Yes,Connectivity Issue,Internal Component Failure,,Yes,Yes,Yes,Yes,Not Applicable,No,0.0,Not Applicable,No,Not Applicable,Yes,Yes,No,No,No,0.0,164.12,0.0,0.976,Service Center,Chrome,54,Light,-0.60524,95.0,5.0,1001.0,Active,Yes,Yes,0.0,4.0,Unknown,,No,No,High,6.0,5.0,Manual Review
CLM01458,Camera,NovaTech,24.0,No,Power Failure,Electrical Failure,Yes,Yes,Yes,Yes,Yes,Yes,Yes,1.0,Yes,No,Not Applicable,Yes,Yes,No,No,No,0.0,998.15,634.96,0.797,Mobile App,Chrome,36,System,-0.72068,19.0,6.0,711.0,Active,Yes,Yes,0.0,5.0,Yes,Yes,Yes,No,Medium,6.0,3.0,Valid Claim
CLM00999,Air Conditioner,ZenCore,36.0,No,Noise,Electrical Failure,Yes,Yes,Yes,Yes,Yes,Not Applicable,No,0.0,Not Applicable,No,Not Applicable,Yes,Yes,No,No,No,1.0,350.97,0.0,0.985,Web,Firefox,5,System,0.3326,499.0,2.0,597.0,Active,Yes,Yes,0.0,5.0,Yes,Yes,No,No,High,2.0,6.0,Valid Claim
CLM00001,Camera,PrimeView,24.0,No,Power Failure,Electrical Failure,Yes,Yes,Yes,Yes,Yes,Yes,Yes,2.0,Yes,No,Not Applicable,No,Yes,No,No,No,1.0,1687.26,464.53,0.828,Service Center,Firefox,56,Dark,-0.5547,341.0,8.0,389.0,Active,Yes,Yes,0.0,5.0,Yes,Yes,Yes,No,Medium,6.0,5.0,Invalid Claim
CLM00209,Smartphone,NovaTech,36.0,Yes,Connectivity Issue,Manufacturing Defect,Yes,Yes,Yes,Yes,Yes,Yes,Yes,3.0,Yes,No,Not Applicable,Yes,Yes,No,No,No,0.0,275.03,155.4,0.807,Mobile App,Firefox,31,System,-3.45312,59.0,6.0,1402.0,Active,Yes,Yes,0.0,5.0,Yes,Yes,Yes,No,Medium,5.0,2.0,Valid Claim
CLM00225,Camera,PrimeView,24.0,No,Power Failure,Electrical Failure,Yes,Yes,Yes,Yes,Yes,Not Applicable,No,0.0,Not Applicable,No,Not Applicable,Yes,Yes,No,No,No,1.0,873.12,0.0,,Web,Firefox,57,System,-0.14356,875.0,35.0,-144.0,Expired,No,Yes,0.0,5.0,Yes,Yes,No,No,Unknown,9.0,1.0,Invalid Claim
CLM01471,Smartphone,PrimeView,36.0,Yes,Battery Problem,Internal Component Failure,Yes,Yes,Yes,Yes,,,No,0.0,Not Applicable,No,Not Applicable,Yes,No,No,No,No,0.0,124.61,0.0,0.823,Mobile App,Safari,34,System,0.16787,305.0,9.0,1156.0,Active,Yes,Yes,0.0,4.0,Unknown,Yes,No,No,Medium,9.0,2.0,Manual Review
CLM00089,Television,PrimeView,24.0,No,Audio Failure,Manufacturing Defect,Yes,Yes,No,No,No,Yes,Yes,3.0,Unknown,No,Not Applicable,Yes,Yes,Yes,No,No,1.0,1346.99,,0.877,Web,Chrome,49,Dark,1.30427,371.0,7.0,359.0,Active,Yes,Yes,3.0,2.0,No,Yes,Yes,No,High,10.0,4.0,Invalid Claim
CLM00703,Laptop,NovaTech,12.0,Yes,Power Failure,Manufacturing Defect,Yes,Yes,Yes,Yes,Yes,Not Applicable,No,0.0,Not Applicable,No,Not Applicable,Yes,Yes,No,No,No,2.0,,0.0,0.981,Service Center,Safari,46,System,-0.72132,55.0,3.0,675.0,Active,Yes,Yes,0.0,5.0,Yes,Yes,No,No,High,3.0,2.0,Valid Claim
CLM00160,Washing Machine,ZenCore,24.0,No,Power Failure,Electrical Failure,Yes,Yes,Yes,Yes,Yes,Not Applicable,No,0.0,Not Applicable,No,Not Applicable,Yes,Yes,No,No,No,0.0,455.39,0.0,0.993,Web,MobileWebView,53,System,-0.16993,1109.0,17.0,-378.0,Expired,Yes,Yes,0.0,5.0,Yes,Yes,No,No,High,3.0,2.0,Invalid Claim
CLM00359,Refrigerator,HomePro,36.0,No,Mechanical Failure,Misuse,Yes,Yes,Yes,Yes,Yes,Not Applicable,No,0.0,Not Applicable,No,Not Applicable,Yes,Yes,No,No,No,1.0,1027.16,0.0,0.732,Service Center,Safari,57,System,-2.19545,303.0,3.0,793.0,Active,Yes,No,0.0,5.0,Yes,Yes,No,No,Medium,4.0,4.0,Invalid Claim
CLM01031,Washing Machine,HomePro,12.0,No,Power Failure,Electrical Failure,Yes,Yes,Yes,No,Yes,Not Applicable,No,0.0,Not Applicable,No,Not Applicable,Yes,No,No,Yes,No,0.0,259.36,,0.943,Service Center,Safari,11,Dark,2.72008,164.0,17.0,201.0,Active,Yes,Yes,1.0,4.0,No,Yes,No,No,High,10.0,1.0,Manual Review
CLM00731,Television,HomePro,24.0,No,Connectivity Issue,Accidental Damage,No,Yes,Yes,Yes,Yes,Not Applicable,No,0.0,Not Applicable,No,Not Applicable,Yes,Yes,No,No,No,0.0,1570.2,0.0,0.951,Mobile App,Chrome,36,System,0.36379,519.0,20.0,211.0,Active,Yes,No,1.0,4.0,No,No,No,No,High,6.0,2.0,Invalid Claim
CLM00378,Printer,,24.0,No,Power Failure,Electrical Failure,No,Yes,Yes,Yes,Yes,Not Applicable,No,0.0,Not Applicable,No,Not Applicable,Yes,Yes,No,No,No,2.0,100.65,0.0,0.739,Service Center,Edge,17,Light,0.18929,392.0,31.0,339.0,Active,No,Yes,1.0,4.0,No,No,No,No,Medium,12.0,1.0,Invalid Claim
CLM00905,Camera,PrimeView,12.0,Yes,Display Failure,Manufacturing Defect,Yes,Yes,Yes,Yes,Yes,Not Applicable,No,0.0,Not Applicable,Yes,No,Yes,Yes,No,Yes,Yes,0.0,567.3,0.0,0.918,Service Center,Chrome,26,System,-0.5731,208.0,12.0,523.0,Active,Yes,Yes,0.0,5.0,Yes,Yes,No,Yes,High,10.0,0.0,Manual Review
CLM01110,Printer,NovaTech,24.0,No,Mechanical Failure,Internal Component Failure,No,Yes,Yes,Yes,Yes,Yes,Yes,2.0,Yes,Yes,No,Yes,Yes,No,No,No,1.0,,634.58,,Web,MobileWebView,23,Light,1.39583,653.0,8.0,77.0,Active,Yes,Yes,1.0,4.0,No,No,Yes,Yes,Unknown,9.0,1.0,Manual Review
CLM01189,Printer,PrimeView,24.0,No,Connectivity Issue,Manufacturing Defect,Yes,No,Yes,Yes,Yes,Not Applicable,No,0.0,Not Applicable,No,Not Applicable,Yes,Yes,No,No,No,2.0,535.32,0.0,0.894,Service Center,Edge,18,System,0.35208,467.0,9.0,264.0,Active,Yes,Yes,1.0,4.0,Yes,Yes,No,No,High,3.0,3.0,Valid Claim
CLM00654,Camera,Aster,24.0,No,Display Failure,Manufacturing Defect,Yes,Yes,Yes,Yes,Yes,Not Applicable,No,0.0,Not Applicable,No,Not Applicable,No,Yes,No,No,No,1.0,833.85,0.0,0.732,Email,Safari,5,Dark,1.7447,678.0,15.0,53.0,Active,Yes,Yes,0.0,5.0,Yes,Yes,No,No,Medium,7.0,3.0,Invalid Claim
CLM01258,Washing Machine,PrimeView,12.0,No,Water Leakage,Manufacturing Defect,Yes,Yes,Yes,Yes,,Yes,Yes,1.0,Yes,No,Not Applicable,Yes,Yes,No,No,No,0.0,470.94,31.7,0.753,Email,Edge,4,System,-0.0468,186.0,27.0,180.0,Active,Yes,Yes,0.0,4.0,Unknown,Yes,Yes,No,Medium,11.0,2.0,Valid Claim
CLM00516,Camera,Aster,24.0,No,Display Failure,Electrical Failure,Yes,,No,Yes,Yes,Not Applicable,No,0.0,Not Applicable,No,Not Applicable,Yes,Yes,Yes,No,No,0.0,2522.91,0.0,,Service Center,MobileWebView,52,Dark,-0.07482,352.0,13.0,378.0,Active,Yes,Yes,1.0,3.0,No,Yes,No,No,Unknown,6.0,1.0,Invalid Claim
CLM00606,Camera,Aster,36.0,Yes,Battery Problem,Misuse,Yes,Yes,Yes,Yes,Yes,Not Applicable,No,0.0,Not Applicable,No,Not Applicable,Yes,Yes,No,No,No,1.0,143.52,0.0,0.727,Web,MobileWebView,21,System,-0.82682,81.0,10.0,1380.0,Active,Yes,No,0.0,5.0,Yes,Yes,No,No,Medium,11.0,0.0,Invalid Claim
CLM00317,Air Conditioner,HomePro,12.0,No,Noise,Electrical Failure,Yes,No,Yes,Yes,No,Not Applicable,No,0.0,Not Applicable,No,Not Applicable,Yes,Yes,No,No,No,0.0,656.53,0.0,0.862,Service Center,MobileWebView,11,System,-0.90454,313.0,5.0,53.0,Active,Yes,Yes,2.0,3.0,No,Yes,No,No,High,12.0,1.0,Manual Review
CLM00541,Camera,Aster,24.0,No,Battery Problem,Manufacturing Defect,No,Yes,Yes,Yes,Yes,Not Applicable,No,0.0,Not Applicable,Yes,Yes,Yes,Yes,No,No,No,0.0,591.78,0.0,0.984,Mobile App,Chrome,27,Light,-0.87675,228.0,32.0,502.0,Active,No,Yes,1.0,4.0,No,No,No,Yes,High,11.0,3.0,Invalid Claim
CLM00289,Laptop,ZenCore,24.0,No,Battery Problem,Electrical Failure,No,Yes,Yes,Yes,No,Not Applicable,No,0.0,Not Applicable,No,Not Applicable,Yes,No,No,No,No,0.0,233.2,0.0,0.95,Mobile App,Firefox,54,Dark,-0.48154,110.0,25.0,621.0,Active,Yes,Yes,2.0,3.0,No,No,No,No,High,12.0,0.0,Manual Review
CLM01168,Refrigerator,HomePro,12.0,No,Power Failure,Manufacturing Defect,No,Yes,Yes,Yes,Yes,,No,0.0,Not Applicable,Yes,Yes,Yes,Yes,No,No,No,3.0,2032.87,0.0,0.792,Email,Chrome,18,Light,0.67368,291.0,30.0,74.0,Active,Yes,Yes,1.0,4.0,No,No,No,Yes,Medium,1.0,1.0,Manual Review
CLM01053,Washing Machine,HomePro,12.0,No,Mechanical Failure,Manufacturing Defect,Yes,Yes,Yes,Yes,Yes,Yes,Yes,1.0,Yes,Yes,Yes,Yes,Yes,No,No,No,0.0,693.83,418.1,0.884,Web,Chrome,18,System,1.04762,17.0,12.0,348.0,Active,Yes,Yes,0.0,5.0,Yes,Yes,Yes,Yes,High,9.0,2.0,Valid Claim
CLM00480,Air Conditioner,Aster,36.0,No,Cooling Failure,Manufacturing Defect,Yes,Yes,No,Yes,Yes,Not Applicable,No,0.0,Not Applicable,No,Not Applicable,Yes,Yes,No,No,Yes,0.0,407.0,0.0,0.759,Email,Edge,31,Dark,-2.15156,754.0,16.0,342.0,Active,Yes,Yes,1.0,4.0,No,Yes,No,No,Medium,11.0,2.0,Manual Review
CLM01485,Camera,PrimeView,24.0,No,Battery Problem,Electrical Failure,Yes,Yes,Yes,Yes,Yes,Not Applicable,No,0.0,Not Applicable,No,Not Applicable,Yes,No,No,No,No,1.0,380.47,0.0,0.823,Mobile App,Edge,2,Light,-0.72459,492.0,4.0,238.0,Active,Yes,Yes,0.0,5.0,Yes,Yes,No,No,Medium,7.0,6.0,Manual Review
CLM01010,Laptop,ZenCore,24.0,No,Display Failure,Manufacturing Defect,Yes,Yes,Yes,Yes,Yes,Not Applicable,No,0.0,Not Applicable,No,Not Applicable,Yes,Yes,No,No,No,1.0,182.39,0.0,0.872,Service Center,Firefox,49,Light,2.06985,224.0,4.0,506.0,Active,Yes,Yes,0.0,5.0,Yes,Yes,No,No,High,8.0,3.0,Valid Claim
CLM00879,Camera,PrimeView,24.0,No,Display Failure,Misuse,Yes,No,Yes,Yes,Yes,,No,0.0,Not Applicable,No,Not Applicable,Yes,Yes,Yes,No,Yes,0.0,237.71,0.0,0.559,Service Center,Edge,2,System,0.41535,241.0,2.0,489.0,Active,Yes,No,1.0,4.0,Yes,Yes,No,No,Low,6.0,1.0,Invalid Claim
CLM01393,Laptop,Aster,24.0,No,Overheating,Manufacturing Defect,Yes,Yes,Yes,No,Yes,Not Applicable,No,0.0,Not Applicable,No,Not Applicable,Yes,Yes,No,No,No,2.0,916.9,0.0,,Web,Edge,28,Light,-1.61715,558.0,21.0,172.0,Active,Yes,Yes,1.0,4.0,No,Yes,No,No,Unknown,10.0,5.0,Manual Review
CLM00150,Television,HomePro,12.0,Yes,Connectivity Issue,Misuse,Yes,Yes,Yes,Yes,Yes,Not Applicable,No,0.0,Not Applicable,No,Not Applicable,Yes,No,No,No,No,1.0,2318.08,0.0,0.877,Web,MobileWebView,38,System,-1.5547,119.0,4.0,611.0,Active,Yes,No,0.0,5.0,Yes,Yes,No,No,High,11.0,2.0,Invalid Claim
CLM00451,Refrigerator,Aster,12.0,No,Power Failure,Normal Wear,Yes,Yes,Yes,Yes,No,No,Yes,2.0,Yes,No,Not Applicable,Yes,Yes,No,No,Yes,0.0,1470.04,445.23,,Mobile App,Firefox,55,Dark,2.50858,225.0,42.0,140.0,Active,No,No,1.0,4.0,No,Yes,Yes,No,Unknown,8.0,5.0,Invalid Claim
CLM00304,Refrigerator,Aster,24.0,No,Noise,Electrical Failure,Yes,Yes,Yes,Yes,Yes,No,Yes,1.0,Yes,No,Not Applicable,Yes,Yes,No,No,No,0.0,1494.11,550.64,0.826,Web,Firefox,10,System,0.35249,347.0,9.0,384.0,Active,Yes,Yes,0.0,5.0,Yes,Yes,Yes,No,Medium,10.0,6.0,Valid Claim
CLM00383,Television,Aster,24.0,No,Connectivity Issue,Manufacturing Defect,Yes,Yes,Yes,No,Yes,Not Applicable,No,0.0,Not Applicable,No,Not Applicable,Yes,Yes,No,No,No,0.0,359.08,0.0,0.994,Email,Chrome,1,Light,0.19113,674.0,29.0,57.0,Active,Yes,Yes,1.0,4.0,No,Yes,No,No,High,10.0,4.0,Manual Review
CLM00694,Television,Aster,36.0,No,Audio Failure,Internal Component Failure,Yes,Yes,Yes,Yes,Yes,Not Applicable,No,0.0,Not Applicable,No,Not Applicable,Yes,Yes,No,No,No,0.0,490.74,0.0,0.838,Service Center,Firefox,17,Light,-0.38098,1107.0,18.0,-11.0,Expired,Yes,Yes,0.0,5.0,Yes,Yes,No,No,Medium,6.0,2.0,Invalid Claim
CLM01108,Washing Machine,ZenCore,12.0,No,Power Failure,Internal Component Failure,Yes,Yes,Yes,No,Yes,Not Applicable,No,0.0,Not Applicable,No,Not Applicable,Yes,Yes,No,No,No,1.0,579.76,0.0,0.783,Mobile App,Safari,25,Dark,-0.26365,94.0,2.0,271.0,Active,Yes,Yes,1.0,4.0,No,Yes,No,No,Medium,10.0,3.0,Manual Review
CLM00347,Air Conditioner,HomePro,24.0,No,Noise,Electrical Failure,Yes,Yes,Yes,Yes,No,Not Applicable,No,0.0,Not Applicable,No,Not Applicable,Yes,Yes,No,No,No,1.0,1035.7,0.0,0.581,Service Center,Safari,36,Dark,0.80615,306.0,10.0,424.0,Active,Yes,Yes,1.0,4.0,No,Yes,No,No,Low,3.0,5.0,Manual Review
CLM00445,Television,Aster,12.0,No,Power Failure,Electrical Failure,Yes,Yes,Yes,Yes,Yes,Not Applicable,No,0.0,Not Applicable,No,Not Applicable,Yes,Yes,No,No,No,0.0,187.42,0.0,0.604,Mobile App,Edge,35,Light,-0.98481,41.0,5.0,324.0,Active,Yes,Yes,0.0,5.0,Yes,Yes,No,No,Low,6.0,5.0,Manual Review
CLM00095,Camera,PrimeView,36.0,No,Battery Problem,Internal Component Failure,Yes,Yes,No,Yes,No,Yes,Yes,2.0,Yes,No,Not Applicable,Yes,Yes,No,No,No,0.0,612.18,42.15,0.807,Mobile App,Firefox,26,Light,-0.38505,501.0,13.0,595.0,Active,Yes,Yes,2.0,3.0,No,Yes,Yes,No,Medium,7.0,0.0,Manual Review
CLM00221,Air Conditioner,Aster,24.0,No,Water Leakage,Manufacturing Defect,,Yes,Yes,No,Yes,Not Applicable,No,0.0,Not Applicable,No,Not Applicable,Yes,Yes,No,No,No,2.0,616.21,0.0,0.768,Mobile App,Safari,54,Light,0.97775,372.0,29.0,359.0,Active,Yes,Yes,1.0,3.0,Unknown,,No,No,Medium,12.0,1.0,Manual Review
CLM01255,Laptop,ZenCore,24.0,No,Power Failure,Manufacturing Defect,No,,Yes,Yes,Yes,Not Applicable,No,0.0,Not Applicable,No,Not Applicable,Yes,Yes,No,Yes,No,2.0,106.66,0.0,0.56,Mobile App,MobileWebView,31,System,0.77253,516.0,27.0,215.0,Active,Yes,Yes,1.0,3.0,No,No,No,No,Low,4.0,5.0,Manual Review
CLM00729,Refrigerator,ZenCore,24.0,No,Power Failure,Internal Component Failure,Yes,Yes,,Yes,Yes,Not Applicable,No,0.0,Not Applicable,No,Not Applicable,Yes,Yes,No,No,No,0.0,1075.82,0.0,0.911,Email,Chrome,38,Light,0.48863,662.0,14.0,69.0,Active,Yes,Yes,0.0,4.0,Unknown,Yes,No,No,High,11.0,0.0,Valid Claim
CLM01176,Printer,HomePro,24.0,No,Power Failure,Internal Component Failure,Yes,,Yes,Yes,Yes,No,Yes,1.0,Yes,No,Not Applicable,Yes,Yes,No,No,No,3.0,108.73,547.1,0.81,Service Center,Firefox,23,System,-0.7263,235.0,6.0,495.0,Active,Yes,Yes,0.0,4.0,Yes,Yes,Yes,No,Medium,11.0,3.0,Valid Claim
CLM00462,Refrigerator,HomePro,24.0,No,Cooling Failure,Electrical Failure,,Yes,Yes,Yes,,Not Applicable,No,0.0,Not Applicable,No,Not Applicable,Yes,Yes,No,No,No,0.0,93.13,0.0,0.826,Web,Firefox,16,Dark,0.65709,152.0,13.0,578.0,Active,Yes,Yes,0.0,3.0,Unknown,,No,No,Medium,8.0,4.0,Valid Claim
CLM01272,Refrigerator,HomePro,24.0,No,Power Failure,Manufacturing Defect,Yes,Yes,Yes,Yes,Yes,Not Applicable,No,0.0,Not Applicable,Yes,Yes,Yes,Yes,No,No,No,1.0,756.38,0.0,0.863,Web,Edge,48,Light,-0.91522,36.0,24.0,694.0,Active,Yes,Yes,0.0,5.0,Yes,Yes,No,Yes,High,7.0,1.0,Valid Claim
CLM00555,Refrigerator,Aster,36.0,No,Mechanical Failure,Manufacturing Defect,Yes,Yes,Yes,Yes,Yes,Not Applicable,No,0.0,Not Applicable,Yes,No,Yes,Yes,No,Yes,No,0.0,640.6,0.0,0.963,Mobile App,MobileWebView,8,Dark,-0.88558,162.0,25.0,934.0,Active,Yes,Yes,0.0,5.0,Yes,Yes,No,Yes,High,6.0,1.0,Valid Claim
CLM00821,Laptop,Aster,24.0,No,Overheating,Manufacturing Defect,Yes,Yes,Yes,Yes,Yes,Not Applicable,No,0.0,Not Applicable,No,Not Applicable,Yes,Yes,No,No,No,0.0,777.12,0.0,0.971,Service Center,Safari,58,System,0.48101,426.0,19.0,304.0,Active,Yes,Yes,0.0,5.0,Yes,Yes,No,No,High,5.0,4.0,Valid Claim
CLM00503,Camera,NovaTech,12.0,No,Display Failure,Internal Component Failure,Yes,No,Yes,Yes,Yes,Not Applicable,No,0.0,Not Applicable,No,Not Applicable,Yes,Yes,No,No,No,3.0,2271.4,,0.796,Web,Firefox,20,System,-0.35056,934.0,16.0,-568.0,Expired,Yes,Yes,1.0,4.0,Yes,Yes,No,No,Medium,10.0,2.0,Invalid Claim
CLM00121,Laptop,ZenCore,24.0,No,Battery Problem,Normal Wear,Yes,No,Yes,Yes,No,Not Applicable,No,0.0,Not Applicable,Yes,Yes,Yes,Yes,No,No,No,1.0,1168.9,0.0,0.984,Mobile App,Firefox,9,Light,-0.45369,441.0,527.0,289.0,Active,No,No,2.0,3.0,No,Yes,No,Yes,High,1.0,6.0,Invalid Claim
CLM00315,Air Conditioner,ZenCore,36.0,Yes,Cooling Failure,Manufacturing Defect,Yes,Yes,Yes,Yes,No,Not Applicable,No,0.0,Not Applicable,Yes,No,Yes,Yes,No,Yes,No,0.0,290.84,0.0,0.858,Service Center,Safari,8,System,-1.42475,210.0,23.0,1251.0,Active,Yes,Yes,1.0,4.0,No,Yes,No,Yes,High,4.0,0.0,Manual Review
CLM00517,Camera,PrimeView,24.0,No,Connectivity Issue,Internal Component Failure,Yes,,Yes,No,Yes,Yes,Yes,2.0,Yes,No,Not Applicable,Yes,Yes,No,No,No,1.0,909.12,597.81,0.876,Email,Safari,49,Light,-0.53684,316.0,16.0,414.0,Active,Yes,Yes,1.0,3.0,No,Yes,Yes,No,High,5.0,0.0,Manual Review
CLM00867,Television,HomePro,36.0,No,Display Failure,Internal Component Failure,Yes,,Yes,Yes,Yes,Yes,Yes,1.0,Yes,No,Not Applicable,Yes,Yes,No,No,No,0.0,169.96,378.55,0.462,Web,Chrome,5,Dark,0.03583,106.0,13.0,990.0,Active,Yes,Yes,0.0,4.0,Yes,Yes,Yes,No,Low,3.0,2.0,Manual Review
CLM00038,Smartphone,NovaTech,12.0,No,Overheating,Electrical Failure,Yes,Yes,Yes,Yes,Yes,Not Applicable,No,0.0,Not Applicable,No,Not Applicable,Yes,Yes,No,No,No,1.0,372.22,0.0,0.972,Email,Safari,10,Light,0.47911,436.0,9.0,-71.0,Expired,Yes,Yes,0.0,5.0,Yes,Yes,No,No,High,5.0,6.0,Invalid Claim
CLM01486,Refrigerator,ZenCore,36.0,No,Noise,Internal Component Failure,Yes,Yes,Yes,Yes,Yes,,No,0.0,Not Applicable,No,Not Applicable,Yes,Yes,No,No,No,1.0,1528.14,0.0,0.552,Email,Chrome,45,Dark,-0.32055,13.0,2.0,1083.0,Active,Yes,Yes,0.0,5.0,Yes,Yes,No,No,Low,1.0,2.0,Manual Review
CLM00216,Washing Machine,HomePro,24.0,Yes,Mechanical Failure,Accidental Damage,Yes,Yes,Yes,Yes,Yes,Not Applicable,No,0.0,Not Applicable,No,Not Applicable,Yes,Yes,No,No,No,0.0,911.36,0.0,0.922,Web,Edge,29,Dark,-0.28916,798.0,32.0,298.0,Active,No,No,0.0,5.0,Yes,Yes,No,No,High,5.0,4.0,Invalid Claim
CLM00921,Printer,,12.0,No,Paper Feed Failure,Internal Component Failure,Yes,Yes,Yes,Yes,Yes,Not Applicable,No,0.0,Not Applicable,No,Not Applicable,Yes,Yes,No,No,No,50.0,133.99,0.0,0.737,Web,Firefox,45,System,0.44154,77.0,7.0,288.0,Active,Yes,Yes,0.0,5.0,Yes,Yes,No,No,Medium,8.0,1.0,Valid Claim
CLM00037,Washing Machine,ZenCore,36.0,No,Power Failure,Electrical Failure,No,Yes,Yes,Yes,Yes,Not Applicable,No,0.0,Not Applicable,Yes,Yes,Yes,Yes,No,No,No,0.0,528.13,0.0,0.805,Service Center,MobileWebView,27,Dark,-0.51518,539.0,12.0,557.0,Active,Yes,Yes,1.0,4.0,No,No,No,Yes,Medium,12.0,2.0,Manual Review
CLM01422,Printer,HomePro,24.0,No,Mechanical Failure,Internal Component Failure,Yes,Yes,Yes,Yes,Yes,Yes,Yes,2.0,Yes,No,Not Applicable,Yes,Yes,No,No,No,1.0,375.15,434.85,0.894,Mobile App,Firefox,10,System,0.69125,217.0,19.0,513.0,Active,Yes,Yes,0.0,5.0,Yes,Yes,Yes,No,High,11.0,1.0,Valid Claim
CLM00273,Camera,PrimeView,12.0,No,Display Failure,Manufacturing Defect,Yes,Yes,Yes,Yes,Yes,,No,0.0,Not Applicable,No,Not Applicable,Yes,Yes,Yes,No,No,0.0,1405.91,0.0,0.905,Mobile App,Edge,35,System,1.78462,418.0,30.0,-53.0,Expired,Yes,Yes,0.0,5.0,Yes,Yes,No,No,High,1.0,4.0,Invalid Claim
CLM01202,Air Conditioner,Aster,24.0,No,Power Failure,Manufacturing Defect,Yes,Yes,Yes,Yes,Yes,Not Applicable,No,0.0,Not Applicable,No,Not Applicable,Yes,Yes,No,No,No,3.0,123.71,0.0,0.937,Web,Safari,34,Dark,0.34583,218.0,9.0,512.0,Active,Yes,Yes,0.0,5.0,Yes,Yes,No,No,High,12.0,0.0,Valid Claim
CLM01218,Laptop,ZenCore,12.0,No,Connectivity Issue,Internal Component Failure,Yes,Yes,Yes,Yes,Yes,,No,0.0,Not Applicable,No,Not Applicable,Yes,Yes,No,No,No,1.0,603.64,0.0,0.854,Web,Safari,32,Dark,0.44363,60.0,10.0,305.0,Active,Yes,Yes,0.0,5.0,Yes,Yes,No,No,High,12.0,5.0,Valid Claim
CLM00918,Printer,NovaTech,12.0,No,Paper Feed Failure,Manufacturing Defect,Yes,Yes,Yes,Yes,Yes,Yes,Yes,3.0,Yes,No,Not Applicable,Yes,Yes,No,No,No,2.0,287.29,293.0,0.817,Web,Firefox,33,System,0.41198,197.0,27.0,168.0,Active,Yes,Yes,0.0,5.0,Yes,Yes,Yes,No,Medium,4.0,1.0,Valid Claim
CLM00997,Printer,HomePro,24.0,No,Paper Feed Failure,Electrical Failure,No,Yes,Yes,Yes,Yes,Not Applicable,No,0.0,Not Applicable,Yes,Yes,Yes,Yes,No,No,No,0.0,268.11,0.0,,Email,MobileWebView,37,Light,-1.90012,276.0,19.0,455.0,Active,Yes,Yes,1.0,4.0,No,No,No,Yes,Unknown,1.0,0.0,Manual Review
CLM00779,Refrigerator,Aster,12.0,No,Water Leakage,Internal Component Failure,Yes,Yes,Yes,Yes,Yes,Not Applicable,No,0.0,Not Applicable,No,Not Applicable,Yes,Yes,No,No,No,1.0,1491.67,0.0,0.969,Service Center,Safari,53,System,-3.19805,86.0,20.0,279.0,Active,Yes,Yes,0.0,5.0,Yes,Yes,No,No,High,11.0,3.0,Valid Claim
CLM00065,Refrigerator,Aster,24.0,No,Mechanical Failure,Misuse,Yes,Yes,Yes,Yes,Yes,Not Applicable,No,0.0,Not Applicable,No,Not Applicable,Yes,Yes,No,No,No,2.0,100.0,0.0,0.947,Email,Safari,26,Dark,-0.53105,119.0,19.0,612.0,Active,Yes,No,0.0,5.0,Yes,Yes,No,No,High,6.0,1.0,Invalid Claim
CLM01454,Air Conditioner,ZenCore,24.0,No,Water Leakage,Electrical Failure,Yes,Yes,Yes,No,Yes,Yes,Yes,3.0,Yes,No,Not Applicable,Yes,Yes,No,No,No,1.0,761.04,413.75,0.87,Email,Safari,58,System,-1.04867,358.0,30.0,372.0,Active,Yes,Yes,1.0,4.0,No,Yes,Yes,No,High,9.0,2.0,Manual Review
CLM00487,Laptop,ZenCore,24.0,Yes,Connectivity Issue,Misuse,No,Yes,Yes,Yes,No,,No,0.0,Not Applicable,No,Not Applicable,Yes,Yes,No,No,No,0.0,1614.15,0.0,0.471,Web,Safari,20,System,-0.15654,138.0,23.0,958.0,Active,Yes,No,2.0,3.0,No,No,No,No,Low,4.0,0.0,Invalid Claim
CLM01282,Printer,HomePro,24.0,No,Mechanical Failure,Electrical Failure,Yes,No,,Yes,Yes,No,Yes,3.0,Yes,No,Not Applicable,Yes,Yes,No,No,No,1.0,55.11,475.42,0.891,Service Center,MobileWebView,20,System,-0.61357,395.0,13.0,336.0,Active,Yes,Yes,1.0,3.0,Unknown,Yes,Yes,No,High,6.0,4.0,Manual Review
CLM00589,Smartphone,PrimeView,12.0,No,Connectivity Issue,Internal Component Failure,No,Yes,Yes,Yes,Yes,Not Applicable,No,0.0,Not Applicable,No,Not Applicable,Yes,No,No,No,Yes,0.0,137.5,0.0,0.947,Service Center,Chrome,45,Light,-1.98003,655.0,11.0,-290.0,Expired,Yes,Yes,1.0,4.0,No,No,No,No,High,12.0,6.0,Invalid Claim
CLM01146,Refrigerator,HomePro,12.0,No,Power Failure,Manufacturing Defect,No,Yes,Yes,Yes,Yes,Not Applicable,No,0.0,Not Applicable,No,Not Applicable,Yes,Yes,No,No,No,0.0,524.3,0.0,0.93,Web,Edge,33,Light,2.99914,211.0,27.0,154.0,Active,Yes,Yes,1.0,4.0,No,No,No,No,High,11.0,5.0,Manual Review
CLM01227,Printer,HomePro,12.0,No,Connectivity Issue,Manufacturing Defect,No,No,Yes,Yes,Yes,Not Applicable,No,0.0,Not Applicable,No,Not Applicable,Yes,Yes,No,No,No,1.0,501.49,0.0,0.894,Mobile App,Safari,33,Dark,0.18951,86.0,5.0,279.0,Active,Yes,Yes,2.0,3.0,No,No,No,No,High,2.0,1.0,Manual Review
CLM01014,Refrigerator,ZenCore,12.0,No,Cooling Failure,Manufacturing Defect,No,Yes,Yes,Yes,Yes,Not Applicable,No,0.0,Not Applicable,No,Not Applicable,Yes,Yes,No,No,No,1.0,814.35,0.0,0.932,Mobile App,Firefox,5,System,-1.80242,220.0,6.0,145.0,Active,Yes,Yes,1.0,4.0,No,No,No,No,High,8.0,0.0,Manual Review
CLM00256,Laptop,Aster,24.0,No,Overheating,Manufacturing Defect,Yes,Yes,Yes,Yes,Yes,Not Applicable,No,0.0,Not Applicable,No,Not Applicable,Yes,Yes,No,No,No,0.0,516.53,0.0,0.884,Mobile App,Edge,13,Light,-1.0168,48.0,2.0,682.0,Active,Yes,Yes,0.0,5.0,Yes,Yes,No,No,High,8.0,4.0,Valid Claim
CLM00405,Smartphone,Aster,24.0,No,Overheating,Electrical Failure,Yes,No,No,Yes,Yes,Not Applicable,No,0.0,Not Applicable,No,Not Applicable,Yes,Yes,No,No,No,0.0,164.88,0.0,0.759,Service Center,MobileWebView,51,Light,-0.96387,291.0,10.0,439.0,Active,Yes,Yes,2.0,3.0,No,Yes,No,No,Medium,4.0,2.0,Manual Review
CLM00134,Television,PrimeView,24.0,No,Display Failure,Manufacturing Defect,Yes,Yes,Yes,Yes,Yes,Yes,Yes,2.0,Yes,No,Not Applicable,Yes,Yes,No,No,No,1.0,1557.47,154.65,0.672,Mobile App,Chrome,50,Light,-1.06474,132.0,26.0,598.0,Active,Yes,Yes,0.0,5.0,Yes,Yes,Yes,No,Low,2.0,4.0,Manual Review
CLM00673,Laptop,NovaTech,24.0,No,Battery Problem,Electrical Failure,Yes,Yes,Yes,Yes,Yes,Not Applicable,No,0.0,Not Applicable,No,Not Applicable,Yes,Yes,No,No,No,0.0,787.59,0.0,,Mobile App,Safari,10,Dark,0.16901,562.0,4.0,168.0,Active,Yes,Yes,0.0,5.0,Yes,Yes,No,No,Unknown,1.0,3.0,Valid Claim
CLM00312,Air Conditioner,HomePro,36.0,Yes,Water Leakage,Manufacturing Defect,Yes,Yes,Yes,Yes,Yes,Not Applicable,No,0.0,Not Applicable,No,Not Applicable,Yes,Yes,No,No,No,1.0,1545.81,0.0,0.95,Web,Chrome,33,System,1.67076,221.0,22.0,1240.0,Active,Yes,Yes,0.0,5.0,Yes,Yes,No,No,High,9.0,2.0,Valid Claim
CLM00570,Washing Machine,HomePro,24.0,No,Noise,Electrical Failure,,,Yes,Yes,Yes,Not Applicable,No,0.0,Not Applicable,No,Not Applicable,Yes,Yes,No,No,No,0.0,401.78,0.0,0.877,Service Center,MobileWebView,18,Light,0.46974,986.0,2.0,-255.0,Expired,Yes,Yes,0.0,3.0,Unknown,,No,No,High,1.0,0.0,Invalid Claim
CLM00715,Refrigerator,ZenCore,36.0,No,Power Failure,Internal Component Failure,,No,Yes,,Yes,Yes,Yes,2.0,Yes,No,Not Applicable,No,Yes,No,No,No,0.0,2308.86,548.25,0.977,Web,Chrome,0,Light,-0.70484,419.0,7.0,677.0,Active,Yes,Yes,1.0,2.0,Unknown,,Yes,No,High,8.0,2.0,Invalid Claim
CLM00083,Air Conditioner,ZenCore,24.0,No,Cooling Failure,Manufacturing Defect,Yes,Yes,Yes,Yes,Yes,Not Applicable,No,0.0,Not Applicable,No,Not Applicable,Yes,Yes,No,No,No,0.0,629.76,0.0,0.916,Web,Safari,28,System,0.54266,369.0,14.0,361.0,Active,Yes,Yes,0.0,5.0,Yes,Yes,No,No,High,8.0,6.0,Valid Claim
CLM00840,Laptop,Aster,36.0,Yes,Power Failure,Manufacturing Defect,Yes,Yes,Yes,Yes,Yes,Not Applicable,No,0.0,Not Applicable,No,Not Applicable,No,Yes,No,No,No,2.0,277.48,0.0,0.827,Mobile App,Edge,34,Dark,0.03102,955.0,7.0,506.0,Active,Yes,Yes,0.0,5.0,Yes,Yes,No,No,Medium,1.0,3.0,Invalid Claim
CLM00399,Air Conditioner,HomePro,36.0,No,Cooling Failure,Electrical Failure,Yes,Yes,Yes,Yes,Yes,Not Applicable,No,0.0,Not Applicable,No,Not Applicable,Unknown,Yes,No,No,No,1.0,741.5,0.0,0.878,Web,Safari,23,Light,0.05154,267.0,6.0,828.0,Active,Yes,Yes,0.0,5.0,Yes,Yes,No,No,High,9.0,3.0,Manual Review
CLM01067,Washing Machine,ZenCore,24.0,No,Power Failure,Internal Component Failure,Yes,,Yes,Yes,Yes,Not Applicable,No,0.0,Not Applicable,No,Not Applicable,Yes,Yes,No,No,No,0.0,1846.98,0.0,0.609,Web,Chrome,37,Dark,0.9299,523.0,5.0,207.0,Active,Yes,Yes,0.0,4.0,Yes,Yes,No,No,Low,9.0,3.0,Manual Review
CLM00817,Printer,HomePro,24.0,Yes,Connectivity Issue,Electrical Failure,No,Yes,No,Yes,Yes,No,Yes,2.0,Yes,No,Not Applicable,Yes,Yes,No,No,No,0.0,285.4,71.66,0.991,Service Center,Edge,36,Light,-1.23996,787.0,27.0,308.0,Active,Yes,Yes,2.0,3.0,No,No,Yes,No,High,5.0,5.0,Manual Review
CLM00647,Laptop,ZenCore,24.0,Yes,Power Failure,Manufacturing Defect,,Yes,Yes,Yes,Yes,Not Applicable,No,0.0,Not Applicable,No,Not Applicable,Yes,Yes,No,No,No,0.0,264.7,0.0,0.904,Email,Chrome,14,Light,1.03444,100.0,6.0,996.0,Active,Yes,Yes,0.0,4.0,Unknown,,No,No,High,1.0,6.0,Valid Claim
CLM01045,Smartphone,NovaTech,24.0,No,Overheating,Manufacturing Defect,No,Yes,Yes,Yes,Yes,Not Applicable,No,0.0,Not Applicable,No,Not Applicable,Yes,Yes,No,No,No,3.0,225.34,0.0,0.908,Web,Chrome,58,Light,-0.70654,456.0,25.0,275.0,Active,Yes,Yes,1.0,4.0,No,No,No,No,High,8.0,3.0,Manual Review
CLM00127,Air Conditioner,ZenCore,24.0,Yes,Water Leakage,Electrical Failure,No,Yes,Yes,,Yes,No,Yes,1.0,Yes,No,Not Applicable,Yes,Yes,No,No,No,0.0,1286.82,243.74,0.793,Web,Firefox,58,Dark,0.9622,350.0,5.0,746.0,Active,Yes,Yes,1.0,3.0,Unknown,No,Yes,No,Medium,8.0,6.0,Manual Review
CLM00164,Television,HomePro,12.0,No,Display Failure,Manufacturing Defect,Yes,Yes,,,No,Yes,Yes,3.0,Yes,No,Not Applicable,Yes,Yes,No,No,No,1.0,489.09,494.14,0.867,Service Center,Safari,17,Light,-0.41599,301.0,14.0,65.0,Active,Yes,Yes,1.0,2.0,Unknown,Yes,Yes,No,High,5.0,0.0,Manual Review
CLM00450,Air Conditioner,Aster,24.0,No,Cooling Failure,Electrical Failure,Yes,Yes,Yes,Yes,Yes,Not Applicable,No,0.0,Not Applicable,No,Not Applicable,Yes,Yes,No,No,No,0.0,1427.78,0.0,0.765,Email,Firefox,6,System,-1.17854,765.0,8.0,-35.0,Expired,Yes,Yes,0.0,5.0,Yes,Yes,No,No,Medium,9.0,1.0,Invalid Claim
CLM00538,Laptop,Aster,36.0,No,Connectivity Issue,Accidental Damage,Yes,Yes,Yes,Yes,Yes,Yes,Yes,1.0,Yes,No,Not Applicable,Yes,Yes,No,No,No,3.0,471.05,190.45,0.957,Service Center,Chrome,51,Dark,-0.10762,749.0,9.0,347.0,Active,Yes,No,0.0,5.0,Yes,Yes,Yes,No,High,7.0,3.0,Invalid Claim
CLM01308,Printer,PrimeView,24.0,No,Paper Feed Failure,Internal Component Failure,Yes,Yes,Yes,Yes,No,Not Applicable,No,0.0,Not Applicable,No,Not Applicable,Yes,No,No,No,No,0.0,486.3,0.0,0.818,Mobile App,Firefox,48,Dark,-0.25768,176.0,14.0,554.0,Active,Yes,Yes,1.0,4.0,No,Yes,No,No,Medium,5.0,6.0,Manual Review
CLM00500,Printer,HomePro,12.0,No,Connectivity Issue,Electrical Failure,Yes,No,Yes,Yes,Yes,Not Applicable,No,0.0,Not Applicable,No,Not Applicable,No,Yes,No,No,No,3.0,143.56,,0.9,Mobile App,Safari,33,Light,0.10549,102.0,9.0,263.0,Active,Yes,Yes,1.0,4.0,Yes,Yes,No,No,High,9.0,3.0,Invalid Claim
CLM00340,Printer,PrimeView,12.0,No,Mechanical Failure,Electrical Failure,,,Yes,Yes,Yes,Not Applicable,No,0.0,Not Applicable,No,Not Applicable,Unknown,Yes,No,No,No,0.0,85.3,0.0,0.78,Email,Edge,6,Dark,-1.07851,571.0,8.0,-206.0,Expired,Yes,Yes,0.0,3.0,Unknown,,No,No,Medium,1.0,4.0,Invalid Claim
CLM01451,Laptop,NovaTech,12.0,No,Display Failure,Internal Component Failure,Yes,Yes,Yes,Yes,Yes,Not Applicable,No,0.0,Not Applicable,No,Not Applicable,Yes,Yes,No,Yes,No,0.0,178.33,0.0,0.96,Web,Chrome,13,System,-3.35081,237.0,30.0,129.0,Active,Yes,Yes,0.0,5.0,Yes,Yes,No,No,High,5.0,2.0,Valid Claim
CLM01166,Television,PrimeView,24.0,Yes,Connectivity Issue,Manufacturing Defect,,No,Yes,Yes,Yes,Not Applicable,No,0.0,Not Applicable,No,Not Applicable,Yes,Yes,No,No,No,0.0,1249.46,0.0,0.942,Service Center,MobileWebView,0,Light,1.12563,100.0,2.0,996.0,Active,Yes,Yes,1.0,3.0,Unknown,,No,No,High,1.0,3.0,Valid Claim
CLM00168,Washing Machine,PrimeView,12.0,No,Water Leakage,Internal Component Failure,Yes,No,Yes,,Yes,Not Applicable,No,0.0,Not Applicable,No,Not Applicable,Yes,Yes,No,No,No,2.0,333.08,0.0,0.746,Mobile App,MobileWebView,43,Dark,-0.417,712.0,9.0,-347.0,Expired,Yes,Yes,1.0,3.0,Unknown,Yes,No,No,Medium,2.0,6.0,Invalid Claim
CLM00996,Washing Machine,HomePro,36.0,No,Noise,Internal Component Failure,Yes,Yes,Yes,Yes,Yes,Not Applicable,No,0.0,Not Applicable,No,Not Applicable,Yes,Yes,No,No,No,0.0,601.69,0.0,0.897,Mobile App,Chrome,37,System,-0.26417,829.0,13.0,267.0,Active,Yes,Yes,0.0,5.0,Yes,Yes,No,No,High,1.0,3.0,Valid Claim
CLM00802,Washing Machine,PrimeView,24.0,No,Mechanical Failure,Accidental Damage,Yes,,Yes,No,Yes,Not Applicable,No,0.0,Not Applicable,No,Not Applicable,Yes,Yes,No,No,No,0.0,150.73,0.0,0.707,Service Center,Chrome,50,Light,-0.87255,19.0,11.0,711.0,Active,Yes,No,1.0,3.0,No,Yes,No,No,Medium,4.0,1.0,Invalid Claim
CLM00368,Printer,PrimeView,24.0,No,Power Failure,Water Damage,Yes,Yes,Yes,Yes,Yes,Yes,Yes,3.0,Yes,No,Not Applicable,Yes,Yes,Yes,No,No,0.0,687.7,108.33,0.867,Service Center,Firefox,13,Dark,0.64478,269.0,38.0,461.0,Active,No,No,0.0,5.0,Yes,Yes,Yes,No,High,3.0,2.0,Invalid Claim
CLM00203,Air Conditioner,HomePro,12.0,No,Cooling Failure,Water Damage,No,Yes,Yes,Yes,Yes,Not Applicable,No,0.0,Not Applicable,No,Not Applicable,Yes,Yes,No,No,No,0.0,1164.88,0.0,0.833,Service Center,Edge,40,Dark,1.20176,392.0,19.0,-26.0,Expired,Yes,No,1.0,4.0,No,No,No,No,Medium,8.0,5.0,Invalid Claim
CLM00419,Printer,NovaTech,24.0,No,Connectivity Issue,Manufacturing Defect,Yes,Yes,Yes,Yes,Yes,Not Applicable,No,0.0,Not Applicable,No,Not Applicable,Yes,Yes,No,No,No,0.0,698.32,0.0,0.982,Web,MobileWebView,26,Dark,-1.71877,451.0,3.0,279.0,Active,Yes,Yes,0.0,5.0,Yes,Yes,No,No,High,7.0,6.0,Valid Claim
CLM00332,Refrigerator,Aster,24.0,Yes,Cooling Failure,Internal Component Failure,Yes,Yes,Yes,Yes,Yes,Not Applicable,No,0.0,Not Applicable,Yes,Yes,Yes,Yes,No,No,No,0.0,451.36,0.0,0.92,Email,MobileWebView,13,Light,-1.68713,65.0,6.0,1031.0,Active,Yes,Yes,0.0,5.0,Yes,Yes,No,Yes,High,12.0,3.0,Valid Claim
CLM00775,Refrigerator,Aster,12.0,No,Cooling Failure,Manufacturing Defect,Yes,Yes,Yes,No,Yes,Not Applicable,No,0.0,Not Applicable,No,Not Applicable,Yes,Yes,No,No,No,0.0,1292.49,0.0,0.952,Email,Safari,43,Light,1.24243,,27.0,,Unknown,Yes,Yes,1.0,4.0,No,Yes,No,No,High,11.0,0.0,Manual Review
CLM00217,Laptop,ZenCore,36.0,No,Display Failure,Manufacturing Defect,Yes,Yes,Yes,Yes,Yes,Not Applicable,No,0.0,Not Applicable,No,Not Applicable,Yes,Yes,No,No,No,1.0,724.85,,0.766,Mobile App,Safari,40,Light,1.08428,279.0,19.0,816.0,Active,Yes,Yes,0.0,5.0,Yes,Yes,No,No,Medium,7.0,5.0,Valid Claim
CLM00306,Air Conditioner,Aster,12.0,Yes,Water Leakage,Electrical Failure,No,Yes,Yes,Yes,No,Not Applicable,No,0.0,Not Applicable,No,Not Applicable,Yes,Yes,No,No,No,0.0,154.1,0.0,0.826,Web,Chrome,46,System,1.60541,294.0,25.0,436.0,Active,Yes,Yes,2.0,3.0,No,No,No,No,Medium,5.0,0.0,Manual Review
CLM00711,Smartphone,Aster,36.0,No,Connectivity Issue,Electrical Failure,Yes,No,No,Yes,Yes,Not Applicable,No,0.0,Not Applicable,No,Not Applicable,Yes,Yes,No,No,No,0.0,208.5,0.0,0.84,Service Center,Edge,45,Dark,0.50531,244.0,20.0,852.0,Active,Yes,Yes,2.0,3.0,No,Yes,No,No,Medium,9.0,3.0,Manual Review
CLM00198,Air Conditioner,ZenCore,12.0,No,Cooling Failure,Electrical Failure,Yes,Yes,,Yes,No,Not Applicable,No,0.0,Not Applicable,No,Not Applicable,Unknown,Yes,No,No,No,2.0,275.16,0.0,0.753,Web,Firefox,49,Light,-0.45761,33.0,18.0,332.0,Active,Yes,Yes,1.0,3.0,Unknown,Yes,No,No,Medium,10.0,1.0,Manual Review
CLM01138,Air Conditioner,Aster,12.0,No,Noise,Manufacturing Defect,Yes,Yes,Yes,Yes,Yes,Not Applicable,No,0.0,Not Applicable,No,Not Applicable,Yes,Yes,No,No,No,0.0,411.53,0.0,0.934,Web,Firefox,8,System,-0.72346,352.0,27.0,13.0,Active,Yes,Yes,0.0,5.0,Yes,Yes,No,No,High,11.0,4.0,Valid Claim
CLM00973,Air Conditioner,Aster,12.0,No,Power Failure,Electrical Failure,Yes,Yes,No,No,Yes,Not Applicable,No,0.0,Not Applicable,No,Not Applicable,Yes,Yes,No,No,No,0.0,,0.0,0.893,Mobile App,Safari,26,Dark,-0.82325,7.0,7.0,358.0,Active,Yes,Yes,2.0,3.0,No,Yes,No,No,High,12.0,1.0,Manual Review
CLM00119,Printer,NovaTech,12.0,No,Power Failure,Electrical Failure,Yes,Yes,Yes,Yes,Yes,,No,0.0,Not Applicable,No,Not Applicable,Yes,Yes,No,No,No,1.0,425.1,0.0,0.857,Mobile App,Firefox,11,System,0.96746,199.0,19.0,166.0,Active,Yes,Yes,0.0,5.0,Yes,Yes,No,No,High,11.0,3.0,Valid Claim
CLM01488,Air Conditioner,ZenCore,12.0,No,Noise,Electrical Failure,Yes,Yes,Yes,Yes,Yes,Not Applicable,No,0.0,Not Applicable,No,Not Applicable,Yes,No,No,No,No,0.0,1879.47,0.0,0.937,Web,Chrome,51,System,1.03521,122.0,16.0,243.0,Active,Yes,Yes,0.0,5.0,Yes,Yes,No,No,High,1.0,5.0,Manual Review
CLM01029,Air Conditioner,HomePro,36.0,No,Cooling Failure,Electrical Failure,Yes,No,Yes,Yes,No,Not Applicable,No,0.0,Not Applicable,No,Not Applicable,Yes,Yes,No,No,No,1.0,519.91,0.0,,Mobile App,Firefox,56,System,0.28001,127.0,11.0,969.0,Active,Yes,Yes,2.0,3.0,No,Yes,No,No,Unknown,5.0,4.0,Manual Review
CLM01343,Smartphone,PrimeView,24.0,No,Connectivity Issue,Electrical Failure,Yes,Yes,Yes,No,Yes,Yes,Yes,1.0,Yes,Yes,No,Yes,Yes,No,No,No,0.0,215.03,484.28,0.994,Service Center,MobileWebView,28,Light,1.66236,70.0,25.0,660.0,Active,Yes,Yes,1.0,4.0,No,Yes,Yes,Yes,High,3.0,0.0,Manual Review
CLM00536,Camera,PrimeView,12.0,No,Battery Problem,Electrical Failure,Yes,Yes,Yes,Yes,Yes,Yes,Yes,2.0,Yes,No,Not Applicable,Yes,Yes,No,No,No,2.0,,155.11,0.879,Mobile App,Safari,47,System,0.09626,706.0,34.0,-341.0,Expired,No,Yes,0.0,5.0,Yes,Yes,Yes,No,High,8.0,3.0,Invalid Claim
CLM00748,Printer,HomePro,36.0,No,Mechanical Failure,Water Damage,Yes,Yes,Yes,Yes,Yes,Not Applicable,No,0.0,Not Applicable,No,Not Applicable,Yes,Yes,No,No,No,0.0,420.47,0.0,0.761,Service Center,Safari,44,Light,0.13643,35.0,5.0,1061.0,Active,Yes,No,0.0,5.0,Yes,Yes,No,No,Medium,11.0,3.0,Invalid Claim
CLM00024,Printer,NovaTech,12.0,No,Connectivity Issue,Manufacturing Defect,Yes,Yes,,Yes,Yes,Yes,Yes,3.0,Yes,No,Not Applicable,Yes,Yes,No,No,No,1.0,287.86,,0.522,Service Center,Chrome,47,Dark,0.00142,174.0,24.0,191.0,Active,Yes,Yes,0.0,4.0,Unknown,Yes,Yes,No,Low,6.0,4.0,Manual Review
CLM00022,Laptop,Aster,12.0,No,Battery Problem,Electrical Failure,Yes,Yes,Yes,Yes,Yes,Not Applicable,No,0.0,Not Applicable,No,Not Applicable,Yes,Yes,No,No,No,0.0,801.03,0.0,0.768,Email,Edge,49,Light,0.16707,388.0,18.0,-22.0,Expired,Yes,Yes,0.0,5.0,Yes,Yes,No,No,Medium,7.0,1.0,Invalid Claim
CLM00983,Smartphone,PrimeView,36.0,No,Connectivity Issue,Internal Component Failure,,Yes,Yes,Yes,Yes,Not Applicable,No,0.0,Not Applicable,Yes,No,Yes,Yes,No,No,No,1.0,168.95,0.0,0.9,Mobile App,Edge,6,Dark,0.1957,851.0,5.0,245.0,Active,Yes,Yes,0.0,4.0,Unknown,,No,Yes,High,10.0,5.0,Valid Claim
CLM00102,Laptop,NovaTech,12.0,No,Connectivity Issue,Normal Wear,Yes,Yes,Yes,Yes,Yes,Not Applicable,No,0.0,Not Applicable,No,Not Applicable,Yes,Yes,No,No,No,0.0,271.26,0.0,0.724,Mobile App,Firefox,9,Light,0.48926,339.0,9.0,27.0,Active,Yes,No,0.0,5.0,Yes,Yes,No,No,Medium,8.0,1.0,Invalid Claim
CLM01448,Refrigerator,ZenCore,24.0,Yes,Water Leakage,Electrical Failure,Yes,,Yes,Yes,Yes,Not Applicable,No,0.0,Not Applicable,Yes,Yes,Yes,Yes,No,No,No,0.0,217.39,,0.94,Web,Safari,26,Light,-1.35663,43.0,19.0,1053.0,Active,Yes,Yes,0.0,4.0,Yes,Yes,No,Yes,High,2.0,6.0,Valid Claim
CLM00613,Laptop,Aster,24.0,No,Battery Problem,Electrical Failure,Yes,Yes,Yes,Yes,Yes,,No,0.0,Not Applicable,No,Not Applicable,Yes,Yes,No,No,No,2.0,1564.01,0.0,0.891,Web,Firefox,56,System,-0.50859,390.0,4.0,340.0,Active,Yes,Yes,0.0,5.0,Yes,Yes,No,No,High,8.0,6.0,Valid Claim
CLM00239,Television,Aster,24.0,No,Display Failure,Electrical Failure,Yes,Yes,Yes,Yes,Yes,Not Applicable,No,0.0,Not Applicable,No,Not Applicable,Yes,Yes,No,No,No,3.0,711.14,0.0,0.992,Mobile App,Chrome,33,System,-1.04742,673.0,24.0,57.0,Active,Yes,Yes,0.0,5.0,Yes,Yes,No,No,High,6.0,0.0,Valid Claim
CLM00421,Air Conditioner,Aster,24.0,No,Noise,Internal Component Failure,Yes,Yes,No,Yes,Yes,Not Applicable,No,99.0,Not Applicable,No,Not Applicable,Yes,Yes,No,No,No,0.0,723.88,0.0,0.961,Email,Firefox,23,Dark,-1.36321,32.0,15.0,699.0,Active,Yes,Yes,1.0,4.0,No,Yes,No,No,High,6.0,4.0,Manual Review
CLM01001,Printer,HomePro,24.0,Yes,Power Failure,Internal Component Failure,Yes,Yes,Yes,Yes,No,Not Applicable,No,0.0,Not Applicable,Yes,Yes,Yes,Yes,No,No,No,2.0,707.49,0.0,0.89,Mobile App,Firefox,8,Light,-1.08705,144.0,17.0,952.0,Active,Yes,Yes,1.0,4.0,No,Yes,No,Yes,High,1.0,5.0,Manual Review
CLM00472,Washing Machine,HomePro,24.0,No,Water Leakage,Manufacturing Defect,Yes,Yes,Yes,Yes,Yes,Not Applicable,No,0.0,Not Applicable,No,Not Applicable,Yes,Yes,No,No,No,0.0,728.89,0.0,0.885,Web,Chrome,16,Light,-0.69761,430.0,12.0,300.0,Active,Yes,Yes,0.0,5.0,Yes,Yes,No,No,High,4.0,1.0,Valid Claim
CLM01090,Refrigerator,HomePro,24.0,No,Power Failure,Internal Component Failure,Yes,Yes,Yes,Yes,Yes,No,Yes,3.0,Yes,No,Not Applicable,Unknown,Yes,No,No,No,1.0,387.59,40.64,0.883,Email,MobileWebView,20,System,-0.70365,231.0,8.0,499.0,Active,Yes,Yes,0.0,5.0,Yes,Yes,Yes,No,High,5.0,3.0,Manual Review
CLM01150,Printer,PrimeView,24.0,No,Paper Feed Failure,Electrical Failure,Yes,Yes,Yes,Yes,No,Not Applicable,No,0.0,Not Applicable,No,Not Applicable,Yes,No,No,No,No,0.0,227.8,0.0,0.965,Mobile App,Chrome,54,System,-0.2868,263.0,25.0,467.0,Active,Yes,Yes,1.0,4.0,No,Yes,No,No,High,2.0,6.0,Manual Review
CLM01474,Washing Machine,ZenCore,12.0,No,Water Leakage,Internal Component Failure,,Yes,Yes,No,Yes,Yes,Yes,3.0,Yes,No,Not Applicable,Yes,Yes,No,No,No,0.0,320.51,581.54,0.726,Service Center,Edge,0,Light,0.27902,176.0,19.0,189.0,Active,Yes,Yes,1.0,3.0,Unknown,,Yes,No,Medium,9.0,2.0,Manual Review
CLM00156,Washing Machine,ZenCore,12.0,No,Mechanical Failure,Internal Component Failure,Yes,Yes,,Yes,Yes,Not Applicable,No,0.0,Not Applicable,No,Not Applicable,Yes,Yes,No,No,No,1.0,1141.81,0.0,0.807,Web,Chrome,52,System,0.43372,545.0,6.0,-179.0,Expired,Yes,Yes,0.0,4.0,Unknown,Yes,No,No,Medium,12.0,2.0,Invalid Claim
CLM01078,Camera,Aster,36.0,No,Display Failure,Electrical Failure,No,Yes,Yes,Yes,Yes,Not Applicable,No,0.0,Not Applicable,No,Not Applicable,Yes,Yes,No,No,No,2.0,2841.82,0.0,0.845,Mobile App,MobileWebView,3,Dark,-0.10089,392.0,22.0,703.0,Active,Yes,Yes,1.0,4.0,No,No,No,No,Medium,1.0,0.0,Manual Review
CLM00418,Printer,NovaTech,24.0,Yes,Mechanical Failure,Internal Component Failure,,Yes,Yes,Yes,Yes,Not Applicable,No,0.0,Not Applicable,No,Not Applicable,Yes,Yes,No,No,No,1.0,266.98,0.0,0.916,Web,Chrome,11,Dark,0.64701,402.0,7.0,694.0,Active,Yes,Yes,0.0,4.0,Unknown,,No,No,High,7.0,2.0,Valid Claim
CLM01364,Television,PrimeView,36.0,No,Connectivity Issue,Manufacturing Defect,No,Yes,Yes,Yes,Yes,Yes,Yes,3.0,Yes,No,Not Applicable,Yes,Yes,No,No,No,3.0,1256.85,494.46,0.935,Web,MobileWebView,57,Dark,3.39323,68.0,5.0,1028.0,Active,Yes,Yes,1.0,4.0,No,No,Yes,No,High,11.0,1.0,Manual Review
CLM00617,Camera,Aster,24.0,No,Connectivity Issue,Electrical Failure,Yes,Yes,Yes,Yes,Yes,Not Applicable,No,0.0,Not Applicable,Yes,Yes,Yes,Yes,No,No,No,1.0,421.0,0.0,0.869,Email,Safari,10,Dark,1.46324,424.0,23.0,306.0,Active,Yes,Yes,0.0,5.0,Yes,Yes,No,Yes,High,12.0,5.0,Valid Claim
CLM00651,Washing Machine,ZenCore,24.0,No,Power Failure,Manufacturing Defect,Yes,Yes,Yes,Yes,Yes,Not Applicable,No,0.0,Not Applicable,No,Not Applicable,Yes,Yes,No,No,No,0.0,458.65,0.0,0.992,Service Center,Chrome,2,System,1.74908,361.0,4.0,370.0,Active,Yes,Yes,0.0,5.0,Yes,Yes,No,No,High,1.0,3.0,Valid Claim
CLM00509,Printer,PrimeView,24.0,No,Connectivity Issue,Internal Component Failure,Yes,,Yes,Yes,Yes,Not Applicable,No,0.0,Not Applicable,No,Not Applicable,Yes,Yes,No,No,No,1.0,286.47,0.0,0.922,Web,Firefox,12,System,-0.74662,1040.0,1.0,-309.0,Expired,Yes,Yes,0.0,4.0,Yes,Yes,No,No,High,12.0,1.0,Invalid Claim
CLM00353,Laptop,NovaTech,12.0,No,Battery Problem,Internal Component Failure,Yes,Yes,Yes,Yes,Yes,Not Applicable,No,0.0,Not Applicable,No,Not Applicable,Yes,Yes,No,No,No,1.0,548.37,0.0,0.768,Web,Edge,28,System,-0.43898,242.0,21.0,123.0,Active,Yes,Yes,0.0,5.0,Yes,Yes,No,No,Medium,12.0,3.0,Valid Claim
CLM00857,Laptop,NovaTech,24.0,No,Overheating,Physical Damage,Yes,Yes,Yes,Yes,Yes,Not Applicable,No,0.0,Not Applicable,No,Not Applicable,Yes,Yes,No,No,No,1.0,1189.74,,0.893,Mobile App,Firefox,6,Light,-0.55154,257.0,8.0,473.0,Active,Yes,No,0.0,5.0,Yes,Yes,No,No,High,12.0,4.0,Invalid Claim
CLM00163,Smartphone,Aster,24.0,No,Battery Problem,Manufacturing Defect,No,Yes,,No,Yes,Not Applicable,No,0.0,Not Applicable,No,Not Applicable,Yes,Yes,No,No,No,0.0,463.09,0.0,0.863,Service Center,Edge,40,System,1.28269,472.0,12.0,259.0,Active,Yes,Yes,2.0,2.0,Unknown,No,No,No,High,10.0,1.0,Manual Review
CLM01070,Laptop,Aster,36.0,No,Power Failure,Electrical Failure,,Yes,Yes,Yes,Yes,,No,0.0,Not Applicable,No,Not Applicable,Yes,Yes,No,No,No,0.0,129.92,0.0,0.782,Web,MobileWebView,39,Dark,-0.0032,49.0,28.0,1047.0,Active,Yes,Yes,0.0,4.0,Unknown,,No,No,Medium,12.0,6.0,Valid Claim
CLM00100,Air Conditioner,ZenCore,24.0,No,Water Leakage,Manufacturing Defect,Yes,Yes,Yes,Yes,Yes,Not Applicable,No,0.0,Not Applicable,No,Not Applicable,Yes,Yes,No,No,No,0.0,,0.0,0.754,Web,MobileWebView,46,Light,-2.59684,1091.0,16.0,-360.0,Expired,Yes,Yes,0.0,5.0,Yes,Yes,No,No,Medium,12.0,2.0,Invalid Claim
CLM00897,Washing Machine,PrimeView,12.0,No,Mechanical Failure,Internal Component Failure,Yes,Yes,Yes,Yes,No,Yes,Yes,1.0,Yes,No,Not Applicable,Yes,Yes,No,No,No,1.0,373.41,640.85,0.875,Mobile App,Safari,13,System,-1.09889,454.0,4.0,-89.0,Expired,Yes,Yes,1.0,4.0,No,Yes,Yes,No,High,2.0,2.0,Invalid Claim
CLM00372,Camera,Aster,12.0,No,Display Failure,Internal Component Failure,Yes,Yes,Yes,Yes,Yes,Yes,Yes,1.0,Yes,No,Not Applicable,Yes,Yes,Yes,No,No,0.0,1049.78,301.33,0.915,Mobile App,Edge,27,Dark,0.63444,369.0,46.0,-4.0,Expired,No,Yes,0.0,5.0,Yes,Yes,Yes,No,High,4.0,3.0,Invalid Claim
CLM00325,Laptop,NovaTech,12.0,Yes,Power Failure,Electrical Failure,Yes,Yes,Yes,No,Yes,Not Applicable,No,0.0,Not Applicable,No,Not Applicable,Yes,Yes,No,No,No,1.0,734.32,0.0,0.782,Mobile App,Firefox,44,System,-1.0571,161.0,34.0,570.0,Active,No,Yes,1.0,4.0,No,Yes,No,No,Medium,7.0,0.0,Invalid Claim
CLM01401,Refrigerator,ZenCore,24.0,No,Power Failure,Electrical Failure,Yes,Yes,Yes,Yes,,No,Yes,1.0,Unknown,No,Not Applicable,Yes,Yes,No,No,No,0.0,1412.29,,0.795,Service Center,MobileWebView,50,System,1.52889,583.0,11.0,147.0,Active,Yes,Yes,0.0,4.0,Unknown,Yes,Yes,No,Medium,6.0,6.0,Manual Review
CLM00050,Air Conditioner,Aster,12.0,No,Cooling Failure,Water Damage,Yes,Yes,Yes,,,Yes,Yes,2.0,Yes,No,Not Applicable,No,Yes,No,No,No,1.0,1260.52,599.98,0.932,Mobile App,Safari,51,Dark,1.49572,178.0,24.0,187.0,Active,Yes,No,0.0,3.0,Unknown,Yes,Yes,No,High,6.0,6.0,Invalid Claim
CLM01336,Camera,PrimeView,36.0,No,Connectivity Issue,Manufacturing Defect,Yes,Yes,Yes,Yes,Yes,Not Applicable,No,0.0,Not Applicable,Yes,Yes,Yes,Yes,No,No,No,2.0,1419.66,0.0,0.927,Web,Chrome,51,System,-0.00604,395.0,26.0,700.0,Active,Yes,Yes,0.0,5.0,Yes,Yes,No,Yes,High,12.0,2.0,Valid Claim
CLM00351,Laptop,NovaTech,12.0,Yes,Connectivity Issue,Manufacturing Defect,Yes,Yes,Yes,Yes,Yes,,No,0.0,Not Applicable,No,Not Applicable,Yes,Yes,No,No,No,1.0,1054.53,0.0,0.987,Web,MobileWebView,40,Dark,1.10698,75.0,6.0,655.0,Active,Yes,Yes,0.0,5.0,Yes,Yes,No,No,High,10.0,0.0,Valid Claim
CLM00822,Air Conditioner,HomePro,24.0,No,Power Failure,Internal Component Failure,Yes,Yes,Yes,Yes,Yes,Yes,Yes,2.0,Yes,No,Not Applicable,Yes,Yes,No,No,No,2.0,1117.04,,0.797,Web,MobileWebView,23,Light,0.88329,780.0,11.0,-50.0,Expired,Yes,Yes,0.0,5.0,Yes,Yes,Yes,No,Medium,4.0,0.0,Invalid Claim
CLM00573,Printer,PrimeView,24.0,No,Connectivity Issue,Electrical Failure,Yes,Yes,Yes,Yes,Yes,Not Applicable,No,0.0,Not Applicable,No,Not Applicable,Yes,Yes,No,No,No,2.0,233.36,0.0,0.948,Mobile App,Firefox,49,Dark,0.60366,250.0,6.0,481.0,Active,Yes,Yes,0.0,5.0,Yes,Yes,No,No,High,12.0,2.0,Valid Claim
CLM01391,Air Conditioner,HomePro,36.0,No,Noise,Electrical Failure,Yes,No,Yes,Yes,Yes,Not Applicable,No,0.0,Not Applicable,No,Not Applicable,Yes,Yes,No,No,No,1.0,1066.97,0.0,0.916,Mobile App,Chrome,41,Light,-0.7251,594.0,10.0,502.0,Active,Yes,Yes,1.0,4.0,Yes,Yes,No,No,High,3.0,6.0,Valid Claim
CLM00336,Camera,Aster,12.0,No,Battery Problem,Water Damage,Yes,Yes,Yes,Yes,Yes,Not Applicable,No,0.0,Not Applicable,No,Not Applicable,Yes,Yes,No,No,No,0.0,949.19,0.0,0.933,Mobile App,Safari,46,System,0.73377,717.0,18.0,-351.0,Expired,Yes,No,0.0,5.0,Yes,Yes,No,No,High,5.0,3.0,Invalid Claim
CLM00262,Television,HomePro,36.0,Yes,Power Failure,Water Damage,Yes,No,Yes,Yes,Yes,Not Applicable,No,0.0,Not Applicable,No,Not Applicable,Yes,Yes,No,No,No,1.0,555.23,0.0,0.789,Email,Edge,51,Dark,1.2962,975.0,9.0,486.0,Active,Yes,No,1.0,4.0,Yes,Yes,No,No,Medium,5.0,2.0,Invalid Claim
CLM01044,Laptop,ZenCore,24.0,No,Power Failure,Electrical Failure,Yes,Yes,Yes,Yes,Yes,,No,0.0,Not Applicable,No,Not Applicable,Yes,No,No,No,Yes,2.0,1488.45,0.0,0.774,Web,MobileWebView,53,System,0.9573,58.0,19.0,672.0,Active,Yes,Yes,0.0,5.0,Yes,Yes,No,No,Medium,3.0,2.0,Manual Review
CLM00447,Air Conditioner,ZenCore,24.0,Yes,Water Leakage,Physical Damage,Yes,Yes,,Yes,Yes,Yes,Yes,2.0,Yes,No,Not Applicable,Yes,Yes,No,No,No,1.0,404.41,221.51,0.818,Mobile App,Edge,15,Light,-1.3374,638.0,24.0,458.0,Active,Yes,No,0.0,4.0,Unknown,Yes,Yes,No,Medium,3.0,5.0,Invalid Claim
CLM00576,Printer,PrimeView,12.0,No,Power Failure,Electrical Failure,Yes,Yes,Yes,Yes,Yes,,No,0.0,Not Applicable,No,Not Applicable,Yes,Yes,No,No,No,0.0,865.28,,0.891,Mobile App,Edge,36,Dark,-0.92976,979.0,11.0,-613.0,Expired,Yes,Yes,0.0,5.0,Yes,Yes,No,No,High,4.0,3.0,Invalid Claim
CLM01313,Washing Machine,HomePro,24.0,Yes,Mechanical Failure,Internal Component Failure,Yes,Yes,Yes,Yes,Yes,Not Applicable,No,0.0,Not Applicable,No,Not Applicable,Yes,Yes,No,No,No,0.0,1471.95,0.0,0.844,Web,Firefox,12,Dark,1.05836,395.0,14.0,701.0,Active,Yes,Yes,0.0,5.0,Yes,Yes,No,No,Medium,11.0,0.0,Valid Claim
CLM00934,Air Conditioner,Aster,12.0,Yes,Cooling Failure,Manufacturing Defect,Yes,Yes,Yes,Yes,Yes,Not Applicable,No,0.0,Not Applicable,No,Not Applicable,Yes,Yes,No,No,No,1.0,1907.72,0.0,0.817,Web,Edge,18,System,0.86697,933.0,13.0,-202.0,Expired,Yes,Yes,0.0,5.0,Yes,Yes,No,No,Medium,12.0,4.0,Invalid Claim
CLM00685,Laptop,NovaTech,12.0,No,Battery Problem,Electrical Failure,No,No,Yes,No,Yes,Yes,Yes,3.0,Yes,No,Not Applicable,Yes,Yes,No,No,No,3.0,311.54,583.93,0.784,Mobile App,Firefox,3,Dark,-1.02223,145.0,14.0,220.0,Active,Yes,Yes,3.0,2.0,No,No,Yes,No,Medium,1.0,6.0,Manual Review
CLM01137,Television,HomePro,24.0,No,Connectivity Issue,Internal Component Failure,Yes,,Yes,Yes,Yes,Not Applicable,No,0.0,Not Applicable,Yes,Yes,Yes,No,No,No,No,1.0,258.48,0.0,,Mobile App,Chrome,22,System,0.85017,47.0,2.0,684.0,Active,Yes,Yes,0.0,4.0,Yes,Yes,No,Yes,Unknown,6.0,1.0,Manual Review
CLM00825,Printer,HomePro,12.0,Yes,Paper Feed Failure,Misuse,Yes,Yes,Yes,Yes,Yes,Yes,Yes,2.0,Yes,No,Not Applicable,Yes,Yes,No,No,No,1.0,294.43,345.35,0.909,Web,Chrome,51,System,0.02435,392.0,17.0,338.0,Active,Yes,No,0.0,5.0,Yes,Yes,Yes,No,High,1.0,4.0,Invalid Claim
CLM01281,Camera,NovaTech,24.0,No,Battery Problem,Internal Component Failure,Yes,Yes,Yes,Yes,Yes,Not Applicable,No,0.0,Not Applicable,No,Not Applicable,Yes,Yes,No,No,No,2.0,1400.1,0.0,0.988,Service Center,MobileWebView,56,Dark,-1.14985,250.0,29.0,480.0,Active,Yes,Yes,0.0,5.0,Yes,Yes,No,No,High,7.0,1.0,Valid Claim
CLM00123,Laptop,NovaTech,24.0,No,Power Failure,Manufacturing Defect,Yes,Yes,Yes,Yes,Yes,,No,0.0,Not Applicable,No,Not Applicable,Yes,Yes,No,No,No,2.0,1123.8,,0.906,Web,Edge,36,System,0.32587,238.0,50.0,493.0,Active,No,Yes,0.0,5.0,Yes,Yes,No,No,High,9.0,0.0,Invalid Claim
CLM00736,Laptop,Aster,24.0,Yes,Display Failure,Electrical Failure,Yes,Yes,Yes,,Yes,Not Applicable,No,0.0,Not Applicable,Yes,Yes,Yes,Yes,No,No,No,0.0,1960.09,0.0,0.97,Mobile App,Chrome,40,System,-0.15098,863.0,7.0,233.0,Active,Yes,Yes,0.0,4.0,Unknown,Yes,No,Yes,High,10.0,0.0,Valid Claim
CLM01481,Air Conditioner,ZenCore,12.0,No,Noise,Internal Component Failure,No,Yes,Yes,Yes,Yes,Not Applicable,No,0.0,Not Applicable,No,Not Applicable,Yes,Yes,No,No,No,0.0,1300.49,0.0,0.768,Web,Edge,17,System,-0.6115,149.0,16.0,216.0,Active,Yes,Yes,1.0,4.0,No,No,No,No,Medium,1.0,2.0,Manual Review
CLM01276,Refrigerator,HomePro,12.0,No,Mechanical Failure,Internal Component Failure,Yes,Yes,Yes,Yes,Yes,,Yes,3.0,Yes,No,Not Applicable,Yes,Yes,No,No,No,1.0,732.81,557.39,0.824,Service Center,Firefox,53,Light,-0.08928,156.0,10.0,209.0,Active,Yes,Yes,0.0,5.0,Yes,Yes,Yes,No,Medium,2.0,4.0,Valid Claim
CLM00146,Television,Aster,24.0,No,Power Failure,Normal Wear,No,Yes,Yes,Yes,Yes,,No,0.0,Not Applicable,No,Not Applicable,Yes,Yes,No,No,No,1.0,665.69,0.0,0.919,Mobile App,Safari,43,Light,0.00145,16.0,16.0,714.0,Active,Yes,No,1.0,4.0,No,No,No,No,High,11.0,0.0,Invalid Claim
CLM00923,Refrigerator,ZenCore,24.0,No,Power Failure,Internal Component Failure,Yes,Yes,Yes,Yes,Yes,Not Applicable,No,0.0,Not Applicable,Yes,Yes,Yes,Yes,No,No,Yes,1.0,1483.44,0.0,0.805,Web,Safari,4,System,-0.75743,86.0,4.0,644.0,Active,Yes,Yes,0.0,5.0,Yes,Yes,No,Yes,Medium,10.0,4.0,Manual Review
CLM01033,Camera,Aster,24.0,No,Battery Problem,Electrical Failure,Yes,Yes,Yes,Yes,Yes,Yes,Yes,2.0,Yes,No,Not Applicable,Yes,Yes,No,No,No,0.0,804.14,,0.758,Web,Chrome,6,System,0.4007,46.0,9.0,684.0,Active,Yes,Yes,0.0,5.0,Yes,Yes,Yes,No,Medium,11.0,1.0,Valid Claim
CLM00290,Television,PrimeView,12.0,No,Display Failure,Normal Wear,Yes,Yes,Yes,Yes,Yes,No,Yes,2.0,Yes,No,Not Applicable,Yes,Yes,No,No,No,1.0,463.89,460.37,0.751,Email,Chrome,26,System,-0.11761,558.0,20.0,-193.0,Expired,Yes,No,0.0,5.0,Yes,Yes,Yes,No,Medium,3.0,0.0,Invalid Claim
CLM01396,Washing Machine,HomePro,24.0,Yes,Mechanical Failure,Manufacturing Defect,Yes,Yes,,Yes,Yes,No,Yes,2.0,Yes,No,Not Applicable,Yes,Yes,No,No,No,1.0,679.3,52.5,0.74,Mobile App,Edge,11,System,-0.00721,299.0,22.0,797.0,Active,Yes,Yes,0.0,4.0,Unknown,Yes,Yes,No,Medium,7.0,0.0,Valid Claim
CLM00370,Laptop,Aster,24.0,No,Power Failure,Internal Component Failure,Yes,Yes,Yes,Yes,Yes,Not Applicable,No,0.0,Not Applicable,No,Not Applicable,Yes,Yes,No,No,No,1.0,353.52,0.0,0.946,Web,Firefox,44,Light,0.05147,36.0,11.0,694.0,Active,Yes,Yes,0.0,5.0,Yes,Yes,No,No,High,3.0,6.0,Valid Claim
CLM01361,Laptop,ZenCore,24.0,No,Display Failure,Manufacturing Defect,Yes,No,Yes,Yes,Yes,Not Applicable,No,0.0,Not Applicable,No,Not Applicable,Yes,Yes,No,No,No,0.0,891.5,0.0,0.99,Mobile App,Edge,35,Dark,-1.08532,472.0,3.0,259.0,Active,Yes,Yes,1.0,4.0,Yes,Yes,No,No,High,12.0,3.0,Valid Claim
CLM00551,Smartphone,NovaTech,24.0,Yes,Power Failure,Accidental Damage,Yes,No,Yes,Yes,Yes,No,Yes,2.0,Yes,No,Not Applicable,Yes,Yes,No,No,No,0.0,876.53,519.78,0.826,Web,Safari,24,System,1.09626,261.0,4.0,835.0,Active,Yes,No,1.0,4.0,Yes,Yes,Yes,No,Medium,8.0,4.0,Invalid Claim
CLM00049,Smartphone,PrimeView,24.0,No,Power Failure,Internal Component Failure,Yes,Yes,,Yes,,Yes,Yes,1.0,Yes,No,Not Applicable,Yes,Yes,No,No,Yes,1.0,1049.29,366.43,0.928,Email,MobileWebView,56,Light,-0.13069,902.0,11.0,-171.0,Expired,Yes,Yes,0.0,3.0,Unknown,Yes,Yes,No,High,2.0,2.0,Invalid Claim
CLM00320,Camera,Aster,24.0,No,Power Failure,Internal Component Failure,Yes,Yes,Yes,Yes,Yes,Not Applicable,No,0.0,Not Applicable,No,Not Applicable,Yes,Yes,No,No,No,0.0,1875.98,0.0,0.952,Email,Safari,26,Dark,1.30867,514.0,25.0,217.0,Active,Yes,Yes,0.0,5.0,Yes,Yes,No,No,High,3.0,0.0,Valid Claim
CLM01198,Refrigerator,HomePro,24.0,No,Noise,Internal Component Failure,Yes,Yes,Yes,Yes,Yes,Not Applicable,No,0.0,Not Applicable,No,Not Applicable,Unknown,Yes,No,No,No,0.0,1193.1,0.0,,Email,Firefox,25,System,0.35823,14.0,12.0,716.0,Active,Yes,Yes,0.0,5.0,Yes,Yes,No,No,Unknown,1.0,3.0,Manual Review
CLM00994,Smartphone,PrimeView,24.0,No,Overheating,Manufacturing Defect,Yes,Yes,Yes,Yes,Yes,Not Applicable,No,0.0,Not Applicable,No,Not Applicable,Yes,Yes,No,No,No,2.0,740.5,,0.784,Service Center,Safari,42,Dark,0.21127,214.0,15.0,517.0,Active,Yes,Yes,0.0,5.0,Yes,Yes,No,No,Medium,7.0,0.0,Valid Claim
CLM00402,Smartphone,Aster,36.0,No,Battery Problem,Manufacturing Defect,,Yes,Yes,Yes,Yes,Not Applicable,No,0.0,Not Applicable,No,Not Applicable,Yes,Yes,No,No,No,1.0,715.01,0.0,0.735,Web,MobileWebView,5,Dark,1.94641,254.0,53.0,842.0,Active,No,Yes,0.0,4.0,Unknown,,No,No,Medium,12.0,0.0,Invalid Claim
CLM00900,Laptop,ZenCore,12.0,No,Battery Problem,Internal Component Failure,Yes,Yes,Yes,Yes,Yes,Yes,Yes,2.0,Yes,No,Not Applicable,Yes,Yes,No,No,No,2.0,272.78,121.93,0.899,Web,Firefox,19,Dark,0.44635,528.0,21.0,-162.0,Expired,Yes,Yes,0.0,5.0,Yes,Yes,Yes,No,High,12.0,4.0,Invalid Claim
CLM01480,Laptop,NovaTech,24.0,No,Display Failure,Manufacturing Defect,Yes,Yes,Yes,Yes,No,Not Applicable,No,0.0,Not Applicable,No,Not Applicable,Yes,Yes,No,No,No,0.0,1197.39,0.0,0.947,Mobile App,Firefox,49,System,0.45593,239.0,16.0,491.0,Active,Yes,Yes,1.0,4.0,No,Yes,No,No,High,7.0,6.0,Manual Review
CLM01206,Television,PrimeView,24.0,No,Audio Failure,Electrical Failure,Yes,,Yes,Yes,Yes,Yes,Yes,3.0,Yes,No,Not Applicable,Yes,Yes,No,No,No,2.0,316.35,278.14,0.832,Mobile App,Chrome,26,Dark,1.62655,340.0,8.0,390.0,Active,Yes,Yes,0.0,4.0,Yes,Yes,Yes,No,Medium,5.0,3.0,Valid Claim
CLM00403,Smartphone,NovaTech,36.0,No,Battery Problem,Physical Damage,Yes,Yes,Yes,Yes,Yes,Not Applicable,No,0.0,Not Applicable,No,Not Applicable,Yes,No,No,No,No,1.0,231.06,0.0,0.605,Web,MobileWebView,2,Dark,-1.27106,906.0,13.0,190.0,Active,Yes,No,0.0,5.0,Yes,Yes,No,No,Low,4.0,4.0,Invalid Claim
CLM01024,Camera,NovaTech,24.0,No,Battery Problem,Manufacturing Defect,Yes,Yes,Yes,Yes,Yes,Yes,Yes,1.0,Yes,No,Not Applicable,Yes,Yes,No,No,No,0.0,638.95,252.56,0.838,Web,MobileWebView,58,Dark,1.27387,232.0,9.0,499.0,Active,Yes,Yes,0.0,5.0,Yes,Yes,Yes,No,Medium,7.0,5.0,Valid Claim
CLM00896,Refrigerator,Aster,24.0,No,Power Failure,Electrical Failure,Yes,Yes,Yes,,Yes,Not Applicable,No,0.0,Not Applicable,No,Not Applicable,No,Yes,No,No,No,2.0,923.6,0.0,0.826,Mobile App,Firefox,53,Dark,-0.56065,660.0,39.0,70.0,Active,No,Yes,0.0,4.0,Unknown,Yes,No,No,Medium,3.0,1.0,Invalid Claim
CLM00963,Air Conditioner,Aster,36.0,Yes,Water Leakage,Internal Component Failure,Yes,Yes,Yes,,Yes,Not Applicable,No,0.0,Not Applicable,No,Not Applicable,Yes,Yes,No,No,No,2.0,1403.46,0.0,0.763,Web,Edge,54,Dark,0.0213,130.0,23.0,1331.0,Active,Yes,Yes,0.0,4.0,Unknown,Yes,No,No,Medium,10.0,5.0,Valid Claim
CLM01112,Television,HomePro,12.0,No,Display Failure,Electrical Failure,Yes,Yes,Yes,Yes,Yes,Not Applicable,No,0.0,Not Applicable,No,Not Applicable,Yes,No,No,No,No,1.0,2274.37,0.0,0.551,Mobile App,Chrome,38,Light,0.22599,85.0,8.0,280.0,Active,Yes,Yes,0.0,5.0,Yes,Yes,No,No,Low,4.0,4.0,Manual Review
CLM00047,Laptop,Aster,12.0,No,Power Failure,Physical Damage,Yes,Yes,Yes,Yes,Yes,,No,0.0,Not Applicable,No,Not Applicable,Yes,Yes,No,No,No,0.0,611.42,,0.849,Web,MobileWebView,53,Light,-0.75022,164.0,7.0,201.0,Active,Yes,No,0.0,5.0,Yes,Yes,No,No,Medium,2.0,2.0,Invalid Claim
CLM00479,Camera,PrimeView,12.0,No,Connectivity Issue,Physical Damage,Yes,Yes,Yes,Yes,Yes,No,Yes,3.0,Yes,No,Not Applicable,Yes,Yes,No,No,No,0.0,3012.9,243.73,0.767,Email,Chrome,57,Dark,-0.33585,702.0,9.0,-337.0,Expired,Yes,No,0.0,5.0,Yes,Yes,Yes,No,Medium,1.0,6.0,Invalid Claim
CLM00178,Smartphone,PrimeView,12.0,No,Connectivity Issue,Internal Component Failure,Yes,No,Yes,Yes,Yes,Not Applicable,No,0.0,Not Applicable,No,Not Applicable,Yes,Yes,No,No,No,0.0,196.54,0.0,0.768,Web,Firefox,57,System,-0.31526,186.0,20.0,179.0,Active,Yes,Yes,1.0,4.0,Yes,Yes,No,No,Medium,6.0,4.0,Valid Claim
CLM00719,Television,PrimeView,12.0,No,Display Failure,Manufacturing Defect,Yes,Yes,No,Yes,Yes,Not Applicable,No,0.0,Not Applicable,No,Not Applicable,Yes,Yes,No,No,No,0.0,226.05,0.0,0.774,Service Center,Safari,12,Dark,-1.39492,259.0,16.0,106.0,Active,Yes,Yes,1.0,4.0,No,Yes,No,No,Medium,6.0,0.0,Manual Review
CLM00010,Printer,,24.0,Yes,Mechanical Failure,Accidental Damage,Yes,Yes,Yes,Yes,Yes,Not Applicable,No,99.0,Not Applicable,No,Not Applicable,Yes,Yes,No,No,No,4.0,91.38,0.0,0.929,Email,MobileWebView,35,Light,-0.42258,239.0,4.0,857.0,Active,Yes,No,0.0,5.0,Yes,Yes,No,No,High,5.0,4.0,Invalid Claim
CLM00357,Camera,NovaTech,24.0,No,Battery Problem,Water Damage,Yes,Yes,Yes,Yes,Yes,,No,0.0,Not Applicable,No,Not Applicable,Yes,Yes,No,No,No,1.0,,0.0,0.956,Service Center,MobileWebView,25,Dark,1.20654,94.0,9.0,636.0,Active,Yes,No,0.0,5.0,Yes,Yes,No,No,High,2.0,2.0,Invalid Claim
CLM01215,Laptop,NovaTech,36.0,No,Battery Problem,Internal Component Failure,Yes,Yes,Yes,Yes,Yes,Not Applicable,No,0.0,Not Applicable,No,Not Applicable,Yes,Yes,No,No,No,0.0,338.2,0.0,0.843,Service Center,MobileWebView,39,System,1.60969,286.0,9.0,810.0,Active,Yes,Yes,0.0,5.0,Yes,Yes,No,No,Medium,5.0,3.0,Valid Claim
CLM00793,Laptop,NovaTech,24.0,No,Power Failure,Electrical Failure,No,Yes,,Yes,Yes,Not Applicable,No,0.0,Not Applicable,No,Not Applicable,Yes,Yes,No,No,No,1.0,114.75,0.0,0.973,Web,Safari,15,System,-0.56751,202.0,38.0,528.0,Active,No,Yes,1.0,3.0,Unknown,No,No,No,High,4.0,4.0,Invalid Claim
CLM00439,Washing Machine,ZenCore,24.0,No,Mechanical Failure,Internal Component Failure,Yes,Yes,Yes,Yes,Yes,Not Applicable,No,0.0,Not Applicable,No,Not Applicable,Yes,Yes,No,No,No,0.0,567.19,0.0,0.99,Web,Chrome,12,Dark,-0.20453,398.0,18.0,333.0,Active,Yes,Yes,0.0,5.0,Yes,Yes,No,No,High,10.0,0.0,Valid Claim
CLM00307,Smartphone,NovaTech,36.0,No,Display Failure,Internal Component Failure,Yes,Yes,Yes,Yes,Yes,Yes,Yes,1.0,Yes,No,Not Applicable,Yes,Yes,No,No,No,0.0,285.77,,0.807,Service Center,Firefox,25,System,1.46911,260.0,23.0,836.0,Active,Yes,Yes,0.0,5.0,Yes,Yes,Yes,No,Medium,6.0,3.0,Valid Claim
CLM00880,Air Conditioner,Aster,24.0,No,Water Leakage,Misuse,Yes,Yes,Yes,Yes,,Not Applicable,No,0.0,Not Applicable,No,Not Applicable,Yes,Yes,No,No,No,3.0,1933.38,0.0,0.729,Web,Chrome,27,Light,-2.05662,152.0,2.0,578.0,Active,Yes,No,0.0,4.0,Unknown,Yes,No,No,Medium,2.0,5.0,Invalid Claim
CLM00769,Printer,PrimeView,24.0,No,Paper Feed Failure,Manufacturing Defect,,Yes,Yes,No,No,No,Yes,1.0,Yes,No,Not Applicable,Yes,Yes,No,No,No,0.0,825.7,,0.772,Web,MobileWebView,54,System,-0.25209,489.0,14.0,241.0,Active,Yes,Yes,2.0,2.0,Unknown,,Yes,No,Medium,11.0,2.0,Manual Review
CLM00071,Washing Machine,ZenCore,12.0,No,Noise,Internal Component Failure,Yes,Yes,Yes,Yes,Yes,Not Applicable,No,0.0,Not Applicable,No,Not Applicable,Yes,Yes,No,No,No,0.0,344.2,0.0,0.74,Mobile App,Edge,29,System,-0.50144,107.0,22.0,258.0,Active,Yes,Yes,0.0,5.0,Yes,Yes,No,No,Medium,10.0,0.0,Valid Claim
CLM01089,Camera,NovaTech,24.0,No,Lens Failure,Manufacturing Defect,Yes,Yes,Yes,No,Yes,No,Yes,3.0,Yes,No,Not Applicable,Yes,Yes,No,No,No,0.0,939.4,,0.744,Service Center,Firefox,55,System,-0.42066,384.0,13.0,346.0,Active,Yes,Yes,1.0,4.0,No,Yes,Yes,No,Medium,4.0,2.0,Manual Review
CLM00496,Camera,NovaTech,12.0,No,Display Failure,Internal Component Failure,Yes,Yes,Yes,Yes,Yes,Yes,Yes,3.0,Yes,No,Not Applicable,Yes,Yes,No,No,No,1.0,1155.69,147.18,0.831,Mobile App,Edge,46,Dark,0.07088,20.0,13.0,345.0,Active,Yes,Yes,0.0,5.0,Yes,Yes,Yes,No,Medium,3.0,3.0,Valid Claim
CLM01262,Smartphone,Aster,36.0,No,Power Failure,Manufacturing Defect,Yes,Yes,Yes,Yes,Yes,Not Applicable,No,0.0,Not Applicable,No,Not Applicable,Yes,Yes,No,No,No,1.0,99.21,,0.885,Web,Firefox,12,Dark,-0.13341,1027.0,11.0,69.0,Active,Yes,Yes,0.0,5.0,Yes,Yes,No,No,High,11.0,6.0,Valid Claim
CLM01209,Camera,Aster,24.0,No,Battery Problem,Internal Component Failure,Yes,Yes,Yes,Yes,Yes,Not Applicable,No,0.0,Not Applicable,No,Not Applicable,Yes,Yes,No,No,No,1.0,1880.76,0.0,0.765,Web,Edge,26,Dark,0.96153,352.0,29.0,378.0,Active,Yes,Yes,0.0,5.0,Yes,Yes,No,No,Medium,8.0,3.0,Valid Claim
CLM00455,Camera,NovaTech,12.0,No,Display Failure,Accidental Damage,Yes,Yes,Yes,Yes,Yes,Not Applicable,No,0.0,Not Applicable,No,Not Applicable,Yes,No,No,No,No,1.0,85.77,0.0,0.775,Email,MobileWebView,0,Dark,0.5933,24.0,23.0,342.0,Active,Yes,No,0.0,5.0,Yes,Yes,No,No,Medium,10.0,6.0,Invalid Claim
CLM01160,Smartphone,PrimeView,36.0,Yes,Display Failure,Electrical Failure,No,Yes,Yes,Yes,No,Not Applicable,No,0.0,Not Applicable,No,Not Applicable,Yes,Yes,No,No,No,2.0,70.73,0.0,0.853,Web,Chrome,6,System,-2.26391,474.0,9.0,987.0,Active,Yes,Yes,2.0,3.0,No,No,No,No,High,1.0,0.0,Manual Review
CLM00377,Camera,Aster,24.0,No,Battery Problem,Electrical Failure,Yes,Yes,Yes,Yes,No,Not Applicable,No,0.0,Not Applicable,No,Not Applicable,Yes,Yes,No,No,No,1.0,388.66,0.0,0.856,Mobile App,MobileWebView,19,System,-1.5317,195.0,22.0,536.0,Active,Yes,Yes,1.0,4.0,No,Yes,No,No,High,11.0,6.0,Manual Review
CLM01126,Air Conditioner,HomePro,24.0,No,Water Leakage,Internal Component Failure,Yes,Yes,Yes,Yes,Yes,,No,0.0,Not Applicable,No,Not Applicable,Yes,Yes,No,No,No,1.0,1385.52,0.0,0.932,Email,Firefox,50,Dark,-1.7927,322.0,5.0,408.0,Active,Yes,Yes,0.0,5.0,Yes,Yes,No,No,High,5.0,1.0,Valid Claim
CLM01252,Refrigerator,Aster,12.0,No,Power Failure,Manufacturing Defect,,Yes,Yes,Yes,Yes,Not Applicable,No,0.0,Not Applicable,No,Not Applicable,Yes,Yes,No,No,No,0.0,384.37,0.0,0.79,Service Center,Firefox,55,Dark,1.01763,304.0,9.0,62.0,Active,Yes,Yes,0.0,4.0,Unknown,,No,No,Medium,6.0,0.0,Valid Claim
CLM00645,Laptop,NovaTech,36.0,No,Connectivity Issue,Electrical Failure,Yes,Yes,Yes,Yes,Yes,Not Applicable,No,0.0,Not Applicable,No,Not Applicable,Yes,Yes,No,No,No,0.0,,0.0,0.981,Service Center,Safari,24,System,-0.36825,154.0,0.0,942.0,Active,Yes,Yes,0.0,5.0,Yes,Yes,No,No,High,8.0,1.0,Valid Claim
CLM00774,Laptop,Aster,12.0,No,Battery Problem,Internal Component Failure,Yes,No,Yes,Yes,No,Not Applicable,No,0.0,Not Applicable,Yes,Yes,Yes,Yes,No,No,No,0.0,809.14,0.0,0.854,Mobile App,Safari,53,System,0.73102,332.0,6.0,33.0,Active,Yes,Yes,2.0,3.0,No,Yes,No,Yes,High,9.0,5.0,Manual Review
CLM00189,Television,PrimeView,36.0,No,Power Failure,Internal Component Failure,Yes,Yes,Yes,Yes,Yes,Yes,Yes,2.0,Yes,No,Not Applicable,Yes,Yes,No,No,No,0.0,1164.38,180.65,0.765,Email,Firefox,35,Dark,-0.14962,151.0,24.0,945.0,Active,Yes,Yes,0.0,5.0,Yes,Yes,Yes,No,Medium,7.0,5.0,Valid Claim
CLM00448,Washing Machine,HomePro,36.0,No,Water Leakage,Manufacturing Defect,Yes,No,Yes,Yes,Yes,Not Applicable,No,0.0,Not Applicable,No,Not Applicable,Yes,Yes,No,Yes,No,4.0,1346.89,0.0,0.846,Service Center,Edge,13,Light,0.53277,623.0,13.0,473.0,Active,Yes,Yes,1.0,4.0,Yes,Yes,No,No,Medium,9.0,2.0,Valid Claim
CLM01309,Laptop,ZenCore,12.0,No,Overheating,Electrical Failure,Yes,Yes,Yes,Yes,Yes,,No,0.0,Not Applicable,No,Not Applicable,Yes,Yes,No,No,No,1.0,742.69,0.0,0.795,Mobile App,Edge,37,Light,1.10008,120.0,19.0,245.0,Active,Yes,Yes,0.0,5.0,Yes,Yes,No,No,Medium,1.0,4.0,Valid Claim
CLM00276,Camera,NovaTech,24.0,No,Battery Problem,Accidental Damage,Yes,Yes,Yes,Yes,Yes,Not Applicable,No,0.0,Not Applicable,No,Not Applicable,Yes,Yes,No,No,No,1.0,1046.94,0.0,0.883,Mobile App,MobileWebView,50,Light,0.31586,,16.0,,Unknown,Yes,No,0.0,5.0,Yes,Yes,No,No,High,7.0,1.0,Invalid Claim
CLM00396,Printer,NovaTech,36.0,No,Power Failure,Accidental Damage,Yes,Yes,Yes,,Yes,Not Applicable,No,0.0,Not Applicable,No,Not Applicable,Yes,Yes,No,No,No,2.0,565.29,0.0,0.928,Mobile App,MobileWebView,17,Light,0.68855,665.0,8.0,430.0,Active,Yes,No,0.0,4.0,Unknown,Yes,No,No,High,8.0,3.0,Invalid Claim
CLM00761,Camera,NovaTech,24.0,No,Lens Failure,Internal Component Failure,Yes,Yes,Yes,Yes,Yes,Yes,Yes,1.0,Yes,No,Not Applicable,Yes,Yes,No,No,No,1.0,848.18,232.35,0.755,Mobile App,Firefox,14,System,-0.34529,8.0,8.0,722.0,Active,Yes,Yes,0.0,5.0,Yes,Yes,Yes,No,Medium,2.0,6.0,Valid Claim
CLM01208,Smartphone,Aster,24.0,Yes,Connectivity Issue,Electrical Failure,Yes,Yes,Yes,Yes,Yes,Not Applicable,No,0.0,Not Applicable,No,Not Applicable,Yes,Yes,No,No,No,2.0,503.33,0.0,0.766,Service Center,Edge,54,System,-0.43185,773.0,19.0,322.0,Active,Yes,Yes,0.0,5.0,Yes,Yes,No,No,Medium,5.0,4.0,Valid Claim
CLM01279,Television,PrimeView,24.0,No,Display Failure,Internal Component Failure,Yes,,Yes,Yes,Yes,Not Applicable,No,0.0,Not Applicable,No,Not Applicable,Yes,Yes,No,No,No,0.0,1335.21,0.0,0.906,Web,MobileWebView,50,System,0.57451,311.0,3.0,420.0,Active,Yes,Yes,0.0,4.0,Yes,Yes,No,No,High,12.0,6.0,Valid Claim
CLM01376,Laptop,NovaTech,12.0,Yes,Battery Problem,Electrical Failure,Yes,Yes,Yes,No,Yes,Not Applicable,No,0.0,Not Applicable,No,Not Applicable,Yes,Yes,No,No,No,2.0,1198.48,0.0,,Service Center,MobileWebView,59,Light,1.27487,730.0,17.0,0.0,Active,Yes,Yes,1.0,4.0,No,Yes,No,No,Unknown,7.0,1.0,Manual Review
CLM01360,Printer,PrimeView,24.0,No,Connectivity Issue,Manufacturing Defect,Yes,Yes,Yes,No,No,Not Applicable,No,0.0,Not Applicable,No,Not Applicable,Yes,Yes,No,No,No,0.0,268.18,,0.504,Email,Safari,52,Dark,0.11633,48.0,4.0,682.0,Active,Yes,Yes,2.0,3.0,No,Yes,No,No,Low,11.0,3.0,Manual Review
CLM00185,Washing Machine,HomePro,12.0,Yes,Water Leakage,Manufacturing Defect,Yes,Yes,Yes,Yes,Yes,Not Applicable,No,0.0,Not Applicable,No,Not Applicable,Yes,Yes,No,No,No,0.0,355.33,0.0,0.984,Service Center,Firefox,40,Dark,-0.90013,342.0,19.0,389.0,Active,Yes,Yes,0.0,5.0,Yes,Yes,No,No,High,9.0,5.0,Valid Claim
CLM01331,Refrigerator,ZenCore,12.0,Yes,Power Failure,Manufacturing Defect,Yes,Yes,Yes,Yes,No,Not Applicable,No,0.0,Not Applicable,No,Not Applicable,Yes,No,No,No,No,0.0,223.94,0.0,0.942,Mobile App,Edge,3,Light,-0.70216,140.0,10.0,591.0,Active,Yes,Yes,1.0,4.0,No,Yes,No,No,High,7.0,2.0,Manual Review
CLM01363,Printer,PrimeView,36.0,No,Paper Feed Failure,Internal Component Failure,Yes,Yes,Yes,Yes,Yes,Not Applicable,No,0.0,Not Applicable,No,Not Applicable,Yes,Yes,No,No,No,0.0,563.27,0.0,0.858,Mobile App,Safari,24,System,0.78586,377.0,426.0,719.0,Active,No,Yes,0.0,5.0,Yes,Yes,No,No,High,7.0,4.0,Valid Claim
CLM01251,Washing Machine,PrimeView,36.0,No,Noise,Internal Component Failure,Yes,Yes,Yes,No,,No,Yes,1.0,Yes,No,Not Applicable,Yes,Yes,No,No,No,0.0,709.38,88.34,0.767,Web,Firefox,31,System,0.31872,272.0,7.0,824.0,Active,Yes,Yes,1.0,3.0,Unknown,Yes,Yes,No,Medium,10.0,4.0,Manual Review
CLM00498,Washing Machine,HomePro,24.0,No,Water Leakage,Manufacturing Defect,Yes,Yes,Yes,No,Yes,Not Applicable,No,0.0,Not Applicable,No,Not Applicable,Yes,Yes,No,No,No,1.0,812.77,0.0,0.828,Service Center,Edge,33,Dark,-1.18932,794.0,28.0,-63.0,Expired,Yes,Yes,1.0,4.0,No,Yes,No,No,Medium,7.0,2.0,Invalid Claim
CLM00586,Smartphone,NovaTech,24.0,No,Display Failure,Internal Component Failure,Yes,Yes,Yes,Yes,Yes,Not Applicable,No,0.0,Not Applicable,No,Not Applicable,Yes,Yes,No,No,No,0.0,911.97,0.0,0.51,Web,Firefox,3,Light,-0.22736,1106.0,15.0,-375.0,Expired,Yes,Yes,0.0,5.0,Yes,Yes,No,No,Low,4.0,1.0,Invalid Claim
CLM00305,Washing Machine,PrimeView,36.0,Yes,Power Failure,Internal Component Failure,Yes,Yes,Yes,Yes,Yes,Not Applicable,No,0.0,Not Applicable,No,Not Applicable,Yes,Yes,No,No,No,2.0,377.53,0.0,0.831,Web,Firefox,23,Light,-0.97137,513.0,8.0,948.0,Active,Yes,Yes,0.0,5.0,Yes,Yes,No,No,Medium,5.0,4.0,Valid Claim
CLM00600,Air Conditioner,HomePro,24.0,No,Water Leakage,Manufacturing Defect,Yes,Yes,Yes,Yes,,Not Applicable,No,0.0,Not Applicable,No,Not Applicable,Yes,Yes,No,No,No,2.0,393.81,0.0,0.994,Email,Chrome,56,Light,-0.11084,741.0,5.0,-10.0,Expired,Yes,Yes,0.0,4.0,Unknown,Yes,No,No,High,9.0,1.0,Invalid Claim
CLM00261,Smartphone,NovaTech,24.0,No,Display Failure,Internal Component Failure,Yes,Yes,Yes,Yes,Yes,Yes,Yes,2.0,Yes,No,Not Applicable,Yes,Yes,No,No,No,0.0,825.56,223.6,0.763,Mobile App,Firefox,10,System,-0.02755,20.0,6.0,711.0,Active,Yes,Yes,0.0,5.0,Yes,Yes,Yes,No,Medium,11.0,1.0,Valid Claim
CLM01416,Camera,NovaTech,36.0,No,Power Failure,Electrical Failure,Yes,Yes,No,Yes,Yes,Yes,Yes,1.0,Yes,Yes,Yes,Yes,Yes,No,No,No,0.0,885.94,55.22,0.963,Web,Chrome,49,System,0.15167,336.0,3.0,760.0,Active,Yes,Yes,1.0,4.0,No,Yes,Yes,Yes,High,8.0,2.0,Manual Review
CLM00850,Refrigerator,Aster,24.0,No,Noise,Internal Component Failure,Yes,Yes,Yes,Yes,No,Not Applicable,No,0.0,Not Applicable,No,Not Applicable,Yes,Yes,No,No,No,0.0,639.87,0.0,0.883,Service Center,Chrome,15,System,-1.96242,276.0,51.0,454.0,Active,No,Yes,1.0,4.0,No,Yes,No,No,High,7.0,4.0,Invalid Claim
CLM00080,Camera,NovaTech,24.0,No,Battery Problem,Electrical Failure,No,Yes,Yes,Yes,Yes,,Yes,3.0,Yes,No,Not Applicable,Yes,Yes,No,No,No,1.0,832.2,342.82,0.993,Web,Chrome,13,System,1.55516,911.0,14.0,-180.0,Expired,Yes,Yes,1.0,4.0,No,No,Yes,No,High,8.0,4.0,Invalid Claim
CLM00094,Laptop,Aster,24.0,No,Power Failure,Manufacturing Defect,Yes,Yes,Yes,Yes,Yes,Not Applicable,No,0.0,Not Applicable,No,Not Applicable,Yes,Yes,No,No,No,0.0,1365.2,0.0,0.838,Web,Edge,49,Dark,-1.31534,53.0,21.0,677.0,Active,Yes,Yes,0.0,5.0,Yes,Yes,No,No,Medium,10.0,6.0,Valid Claim
CLM01490,Camera,NovaTech,12.0,No,Connectivity Issue,Internal Component Failure,No,Yes,Yes,Yes,Yes,Not Applicable,No,0.0,Not Applicable,Yes,Yes,Yes,Yes,No,No,No,1.0,2756.5,0.0,0.869,Web,Safari,10,System,0.31272,,,,Unknown,Unknown,Yes,1.0,4.0,No,No,No,Yes,High,,,Manual Review
CLM01021,Television,HomePro,12.0,No,Connectivity Issue,Internal Component Failure,No,Yes,Yes,Yes,Yes,Not Applicable,No,0.0,Not Applicable,No,Not Applicable,Yes,Yes,No,No,No,0.0,611.1,0.0,0.793,Mobile App,Firefox,23,Light,-0.07316,342.0,17.0,23.0,Active,Yes,Yes,1.0,4.0,No,No,No,No,Medium,5.0,4.0,Manual Review
CLM00637,Television,PrimeView,36.0,No,Power Failure,Manufacturing Defect,Yes,No,Yes,Yes,Yes,Yes,Yes,1.0,Yes,No,Not Applicable,Yes,Yes,No,No,No,0.0,878.99,253.55,0.793,Mobile App,MobileWebView,39,Dark,1.88698,240.0,28.0,855.0,Active,Yes,Yes,1.0,4.0,Yes,Yes,Yes,No,Medium,1.0,6.0,Valid Claim
CLM00051,Refrigerator,HomePro,24.0,No,Cooling Failure,Internal Component Failure,Yes,No,Yes,Yes,,Yes,Yes,2.0,Unknown,No,Not Applicable,Yes,Yes,Yes,No,No,1.0,107.79,142.05,0.756,Mobile App,Safari,27,Dark,-0.10836,246.0,8.0,484.0,Active,Yes,Yes,1.0,3.0,Unknown,Yes,Yes,No,Medium,7.0,5.0,Invalid Claim
CLM00928,Camera,PrimeView,12.0,No,Display Failure,Manufacturing Defect,Yes,Yes,Yes,Yes,Yes,Not Applicable,No,0.0,Not Applicable,No,Not Applicable,Yes,Yes,No,No,No,0.0,1408.4,0.0,0.888,Email,Edge,53,Dark,-1.31461,186.0,8.0,179.0,Active,Yes,Yes,0.0,5.0,Yes,Yes,No,No,High,3.0,1.0,Valid Claim
CLM00145,Air Conditioner,HomePro,36.0,No,Power Failure,Physical Damage,Yes,No,Yes,No,Yes,Not Applicable,No,0.0,Not Applicable,Yes,Yes,Yes,Yes,No,No,No,0.0,835.69,0.0,0.781,Web,MobileWebView,44,Light,1.56531,214.0,19.0,881.0,Active,Yes,No,2.0,3.0,No,Yes,No,Yes,Medium,8.0,1.0,Invalid Claim
CLM00611,Camera,PrimeView,24.0,No,Connectivity Issue,Electrical Failure,,Yes,Yes,Yes,Yes,Not Applicable,No,0.0,Not Applicable,No,Not Applicable,Yes,Yes,No,No,No,0.0,446.9,0.0,0.94,Service Center,MobileWebView,33,System,1.10738,1017.0,2.0,-286.0,Expired,Yes,Yes,0.0,4.0,Unknown,,No,No,High,4.0,3.0,Invalid Claim
CLM01173,Laptop,Aster,12.0,No,Power Failure,Internal Component Failure,Yes,Yes,Yes,Yes,Yes,,Yes,1.0,Yes,No,Not Applicable,Yes,Yes,No,Yes,No,1.0,861.99,429.56,0.878,Web,Firefox,50,System,-0.06334,244.0,8.0,121.0,Active,Yes,Yes,0.0,5.0,Yes,Yes,Yes,No,High,12.0,2.0,Valid Claim
CLM01016,Printer,PrimeView,24.0,No,Power Failure,Manufacturing Defect,Yes,Yes,Yes,Yes,Yes,Not Applicable,No,0.0,Not Applicable,No,Not Applicable,Yes,Yes,No,No,No,1.0,190.4,,0.762,Mobile App,Firefox,12,Light,0.31114,413.0,16.0,318.0,Active,Yes,Yes,0.0,5.0,Yes,Yes,No,No,Medium,4.0,3.0,Valid Claim
CLM01319,Laptop,NovaTech,12.0,Yes,Power Failure,Internal Component Failure,Yes,No,Yes,Yes,Yes,Not Applicable,No,0.0,Not Applicable,No,Not Applicable,Yes,Yes,No,No,No,0.0,1431.37,0.0,0.721,Web,Edge,21,Dark,-0.71475,65.0,21.0,665.0,Active,Yes,Yes,1.0,4.0,Yes,Yes,No,No,Medium,2.0,5.0,Valid Claim
CLM01197,Printer,HomePro,36.0,No,Mechanical Failure,Manufacturing Defect,Yes,Yes,No,Yes,Yes,Not Applicable,No,0.0,Not Applicable,Yes,No,Yes,Yes,No,No,No,0.0,200.78,0.0,0.87,Service Center,MobileWebView,44,Light,0.09652,193.0,7.0,902.0,Active,Yes,Yes,1.0,4.0,No,Yes,No,Yes,High,2.0,1.0,Manual Review
CLM00488,Refrigerator,ZenCore,12.0,No,Water Leakage,Internal Component Failure,,No,Yes,Yes,Yes,Not Applicable,No,0.0,Not Applicable,No,Not Applicable,Yes,Yes,No,No,No,1.0,1024.53,0.0,0.792,Mobile App,Firefox,29,System,0.74465,361.0,25.0,4.0,Active,Yes,Yes,1.0,3.0,Unknown,,No,No,Medium,4.0,6.0,Valid Claim
CLM01101,Printer,HomePro,12.0,No,Power Failure,Manufacturing Defect,Yes,Yes,Yes,Yes,Yes,Not Applicable,No,0.0,Not Applicable,No,Not Applicable,Yes,Yes,No,No,No,1.0,186.12,0.0,0.727,Web,Chrome,21,Dark,0.79678,39.0,24.0,326.0,Active,Yes,Yes,0.0,5.0,Yes,Yes,No,No,Medium,8.0,2.0,Valid Claim
CLM00543,Printer,PrimeView,24.0,No,Mechanical Failure,Manufacturing Defect,Yes,Yes,Yes,No,Yes,Not Applicable,No,0.0,Not Applicable,No,Not Applicable,No,Yes,No,No,No,0.0,191.08,0.0,0.626,Mobile App,Chrome,18,Light,-1.96457,345.0,4.0,385.0,Active,Yes,Yes,1.0,4.0,No,Yes,No,No,Low,6.0,0.0,Invalid Claim
CLM00681,Air Conditioner,ZenCore,12.0,No,Water Leakage,Accidental Damage,Yes,No,Yes,Yes,Yes,Yes,Yes,3.0,Yes,Yes,Yes,Yes,No,No,No,No,0.0,259.97,640.98,0.866,Web,MobileWebView,14,Dark,1.27222,224.0,40.0,141.0,Active,No,No,1.0,4.0,Yes,Yes,Yes,Yes,High,11.0,6.0,Invalid Claim
CLM01048,Washing Machine,PrimeView,36.0,No,Water Leakage,Electrical Failure,No,,Yes,No,Yes,Not Applicable,No,0.0,Not Applicable,No,Not Applicable,Unknown,Yes,No,No,No,0.0,1439.63,0.0,0.886,Service Center,Firefox,31,Light,-0.99122,12.0,4.0,1084.0,Active,Yes,Yes,2.0,2.0,No,No,No,No,High,8.0,1.0,Manual Review
CLM00278,Camera,NovaTech,24.0,No,Connectivity Issue,Internal Component Failure,Yes,,Yes,Yes,Yes,No,Yes,3.0,Yes,No,Not Applicable,Yes,Yes,No,No,No,0.0,946.14,206.1,0.986,Web,MobileWebView,3,System,1.05647,46.0,19.0,684.0,Active,Yes,Yes,0.0,4.0,Yes,Yes,Yes,No,High,6.0,6.0,Valid Claim
CLM01386,Washing Machine,PrimeView,24.0,Yes,Mechanical Failure,Manufacturing Defect,Yes,Yes,Yes,No,Yes,No,Yes,3.0,Yes,No,Not Applicable,Unknown,Yes,No,No,No,1.0,807.23,468.52,0.822,Service Center,MobileWebView,7,System,0.9197,1008.0,20.0,88.0,Active,Yes,Yes,1.0,4.0,No,Yes,Yes,No,Medium,5.0,2.0,Manual Review
CLM00668,Refrigerator,ZenCore,36.0,No,Mechanical Failure,Internal Component Failure,No,Yes,Yes,Yes,Yes,Not Applicable,No,0.0,Not Applicable,No,Not Applicable,No,Yes,No,No,No,0.0,759.81,0.0,0.789,Web,Edge,57,System,-0.02014,281.0,35.0,815.0,Active,No,Yes,1.0,4.0,No,No,No,No,Medium,1.0,3.0,Invalid Claim
CLM00234,Printer,HomePro,24.0,Yes,Connectivity Issue,Physical Damage,Yes,Yes,Yes,Yes,Yes,Not Applicable,No,0.0,Not Applicable,Yes,Yes,Yes,No,No,No,No,2.0,176.36,0.0,0.607,Web,Firefox,8,System,-1.73773,265.0,11.0,831.0,Active,Yes,No,0.0,5.0,Yes,Yes,No,Yes,Low,1.0,1.0,Invalid Claim
CLM00356,Camera,PrimeView,24.0,No,Power Failure,Internal Component Failure,Yes,Yes,Yes,Yes,Yes,Not Applicable,No,0.0,Not Applicable,No,Not Applicable,Yes,Yes,No,No,No,1.0,726.28,0.0,0.73,Mobile App,Chrome,46,Dark,-1.21685,142.0,6.0,588.0,Active,Yes,Yes,0.0,5.0,Yes,Yes,No,No,Medium,9.0,0.0,Valid Claim
CLM00107,Smartphone,PrimeView,12.0,No,Battery Problem,Manufacturing Defect,Yes,,Yes,Yes,Yes,Yes,Yes,2.0,No,No,Not Applicable,Yes,Yes,Yes,No,No,0.0,170.44,382.92,0.852,Mobile App,Safari,31,Light,-1.49928,636.0,43.0,-271.0,Expired,No,Yes,0.0,4.0,Yes,Yes,Yes,No,High,7.0,2.0,Invalid Claim
CLM00823,Washing Machine,PrimeView,24.0,Yes,Mechanical Failure,Manufacturing Defect,Yes,Yes,Yes,,,Not Applicable,No,0.0,Not Applicable,No,Not Applicable,Yes,No,No,No,No,2.0,634.24,0.0,0.898,Mobile App,MobileWebView,41,Dark,0.39392,502.0,9.0,593.0,Active,Yes,Yes,0.0,3.0,Unknown,Yes,No,No,High,11.0,3.0,Manual Review
CLM01037,Laptop,Aster,36.0,No,Connectivity Issue,Electrical Failure,Yes,Yes,Yes,Yes,,Not Applicable,No,0.0,Not Applicable,No,Not Applicable,Yes,Yes,No,No,No,2.0,741.13,0.0,0.717,Mobile App,Edge,3,Light,-2.62951,66.0,13.0,1030.0,Active,Yes,Yes,0.0,4.0,Unknown,Yes,No,No,Medium,10.0,5.0,Valid Claim
CLM00561,Refrigerator,ZenCore,36.0,No,Cooling Failure,Misuse,No,Yes,Yes,Yes,No,No,Yes,3.0,Yes,No,Not Applicable,Yes,Yes,No,No,No,1.0,1091.07,596.42,0.817,Web,MobileWebView,9,Dark,0.93779,274.0,36.0,821.0,Active,No,No,2.0,3.0,No,No,Yes,No,Medium,5.0,6.0,Invalid Claim
CLM00243,Smartphone,NovaTech,24.0,No,Power Failure,Manufacturing Defect,Yes,Yes,Yes,Yes,Yes,Yes,Yes,1.0,Yes,No,Not Applicable,Yes,Yes,No,No,No,0.0,1073.65,,0.921,Web,Safari,38,System,0.56007,967.0,3.0,-236.0,Expired,Yes,Yes,0.0,5.0,Yes,Yes,Yes,No,High,3.0,2.0,Invalid Claim
CLM00757,Smartphone,Aster,36.0,No,Battery Problem,Internal Component Failure,Yes,No,Yes,Yes,Yes,,No,0.0,Not Applicable,No,Not Applicable,No,Yes,No,No,No,2.0,382.71,0.0,0.734,Mobile App,Chrome,43,System,-0.67078,180.0,22.0,916.0,Active,Yes,Yes,1.0,4.0,Yes,Yes,No,No,Medium,2.0,2.0,Invalid Claim
CLM00137,Camera,Aster,36.0,No,Display Failure,Internal Component Failure,Yes,Yes,No,No,Yes,Not Applicable,No,0.0,Not Applicable,No,Not Applicable,Yes,Yes,No,No,No,2.0,131.45,0.0,0.779,Web,Chrome,59,Light,-0.38003,119.0,49.0,977.0,Active,No,Yes,2.0,3.0,No,Yes,No,No,Medium,3.0,6.0,Invalid Claim
CLM01136,Washing Machine,HomePro,24.0,No,Water Leakage,Manufacturing Defect,Yes,Yes,Yes,Yes,Yes,Not Applicable,No,0.0,Not Applicable,No,Not Applicable,Yes,Yes,No,Yes,No,2.0,771.66,99999.0,0.757,Mobile App,Edge,6,Light,0.91076,13.0,12.0,717.0,Active,Yes,Yes,0.0,5.0,Yes,Yes,No,No,Medium,9.0,3.0,Valid Claim
CLM01117,Air Conditioner,Aster,36.0,No,Power Failure,Internal Component Failure,Yes,Yes,Yes,Yes,Yes,Not Applicable,No,0.0,Not Applicable,Yes,Yes,Yes,Yes,No,No,No,1.0,518.29,0.0,0.921,Service Center,Chrome,46,Dark,2.37759,86.0,27.0,1010.0,Active,Yes,Yes,0.0,5.0,Yes,Yes,No,Yes,High,11.0,1.0,Valid Claim
CLM00446,Laptop,Aster,12.0,No,Battery Problem,Electrical Failure,Yes,Yes,Yes,Yes,No,Not Applicable,No,0.0,Not Applicable,No,Not Applicable,Yes,Yes,No,No,No,0.0,280.48,0.0,0.907,Web,Safari,17,System,-0.84416,955.0,23.0,-589.0,Expired,Yes,Yes,1.0,4.0,No,Yes,No,No,High,12.0,2.0,Invalid Claim
CLM00931,Laptop,NovaTech,12.0,No,Connectivity Issue,Internal Component Failure,Yes,Yes,Yes,Yes,Yes,Not Applicable,No,0.0,Not Applicable,No,Not Applicable,Yes,Yes,No,No,No,1.0,443.02,,0.993,Mobile App,MobileWebView,47,Light,-1.19189,121.0,23.0,244.0,Active,Yes,Yes,0.0,5.0,Yes,Yes,No,No,High,5.0,5.0,Valid Claim
CLM00210,Smartphone,,24.0,No,Display Failure,Physical Damage,Yes,Yes,Yes,,,Not Applicable,No,0.0,Not Applicable,No,Not Applicable,Yes,Yes,No,No,No,0.0,1386.74,0.0,0.914,Service Center,Chrome,13,Light,1.38666,1211.0,3.0,-480.0,Expired,Yes,No,0.0,3.0,Unknown,Yes,No,No,High,5.0,4.0,Invalid Claim
CLM01153,Washing Machine,ZenCore,12.0,No,Noise,Internal Component Failure,Yes,Yes,,No,Yes,,No,0.0,Not Applicable,No,Not Applicable,Yes,Yes,No,No,No,0.0,,0.0,0.995,Mobile App,Chrome,38,Dark,0.03741,54.0,6.0,311.0,Active,Yes,Yes,1.0,3.0,Unknown,Yes,No,No,High,3.0,1.0,Manual Review
CLM00678,Air Conditioner,Aster,12.0,No,Cooling Failure,Water Damage,Yes,Yes,Yes,Yes,Yes,No,Yes,2.0,Yes,No,Not Applicable,Yes,Yes,No,No,No,0.0,645.13,,0.751,Email,Safari,18,System,-0.31407,160.0,4.0,205.0,Active,Yes,No,0.0,5.0,Yes,Yes,Yes,No,Medium,7.0,4.0,Invalid Claim
CLM00877,Refrigerator,Aster,12.0,No,Water Leakage,Accidental Damage,Yes,Yes,Yes,Yes,Yes,Not Applicable,No,0.0,Not Applicable,No,Not Applicable,Yes,Yes,No,No,No,0.0,1853.49,0.0,0.87,Mobile App,Edge,15,Dark,0.88258,53.0,26.0,312.0,Active,Yes,No,0.0,5.0,Yes,Yes,No,No,High,10.0,4.0,Invalid Claim
CLM00910,Television,HomePro,24.0,No,Connectivity Issue,Electrical Failure,Yes,Yes,Yes,No,Yes,Not Applicable,No,0.0,Not Applicable,No,Not Applicable,Yes,Yes,No,No,No,0.0,441.64,0.0,0.502,Web,MobileWebView,17,System,0.36141,666.0,29.0,65.0,Active,Yes,Yes,1.0,4.0,No,Yes,No,No,Low,10.0,6.0,Manual Review
CLM01081,Printer,HomePro,36.0,Yes,Paper Feed Failure,Internal Component Failure,No,Yes,,Yes,Yes,Not Applicable,No,0.0,Not Applicable,No,Not Applicable,Yes,Yes,No,No,No,1.0,344.79,0.0,0.935,Web,Firefox,57,System,-0.98129,400.0,16.0,1061.0,Active,Yes,Yes,1.0,3.0,Unknown,No,No,No,High,3.0,5.0,Manual Review
CLM01350,Television,Aster,24.0,No,Audio Failure,Internal Component Failure,No,No,Yes,No,No,Not Applicable,No,0.0,Not Applicable,No,Not Applicable,Yes,Yes,No,No,No,0.0,,0.0,0.96,Email,Edge,12,System,-0.89261,110.0,9.0,620.0,Active,Yes,Yes,4.0,1.0,No,No,No,No,High,11.0,5.0,Manual Review
CLM00804,Laptop,Aster,24.0,Yes,Battery Problem,Internal Component Failure,Yes,Yes,Yes,Yes,Yes,Not Applicable,No,0.0,Not Applicable,No,Not Applicable,Yes,Yes,No,No,No,0.0,999999.0,,0.726,Web,Chrome,15,Dark,-0.18809,1047.0,19.0,49.0,Active,Yes,Yes,0.0,5.0,Yes,Yes,No,No,Medium,12.0,1.0,Valid Claim
CLM01344,Camera,Aster,36.0,Yes,Battery Problem,Manufacturing Defect,Yes,Yes,Yes,No,Yes,Not Applicable,No,0.0,Not Applicable,No,Not Applicable,Yes,No,No,No,No,1.0,861.33,0.0,,Service Center,Firefox,49,Dark,-0.91103,245.0,5.0,1216.0,Active,Yes,Yes,1.0,4.0,No,Yes,No,No,Unknown,8.0,5.0,Manual Review
CLM00707,Washing Machine,HomePro,24.0,No,Noise,Physical Damage,Yes,Yes,Yes,No,Yes,Not Applicable,No,0.0,Not Applicable,No,Not Applicable,Yes,Yes,No,No,No,1.0,1116.61,0.0,0.729,Service Center,Safari,56,Dark,-0.56384,339.0,15.0,391.0,Active,Yes,No,1.0,4.0,No,Yes,No,No,Medium,4.0,6.0,Invalid Claim
CLM00339,Laptop,NovaTech,24.0,No,Battery Problem,Internal Component Failure,Yes,Yes,Yes,Yes,Yes,Not Applicable,No,0.0,Not Applicable,No,Not Applicable,Yes,Yes,No,No,No,1.0,1694.89,0.0,0.729,Web,Safari,1,Light,0.19174,363.0,4.0,367.0,Active,Yes,Yes,0.0,5.0,Yes,Yes,No,No,Medium,5.0,2.0,Valid Claim
CLM00836,Camera,Aster,36.0,No,Power Failure,Internal Component Failure,,Yes,Yes,Yes,Yes,Not Applicable,No,0.0,Not Applicable,No,Not Applicable,Yes,Yes,No,No,No,0.0,2081.83,0.0,0.797,Web,Edge,20,Light,-0.321,,14.0,,Unknown,Yes,Yes,0.0,4.0,Unknown,,No,No,Medium,10.0,2.0,Valid Claim
CLM00249,Refrigerator,ZenCore,24.0,No,Power Failure,Electrical Failure,Yes,Yes,Yes,Yes,Yes,,Yes,3.0,Yes,No,Not Applicable,Yes,Yes,No,No,No,1.0,323.36,331.11,0.839,Email,Firefox,19,System,-1.21744,652.0,37.0,79.0,Active,No,Yes,0.0,5.0,Yes,Yes,Yes,No,Medium,7.0,4.0,Invalid Claim
CLM01289,Printer,PrimeView,24.0,No,Mechanical Failure,Manufacturing Defect,Yes,Yes,Yes,Yes,Yes,,No,0.0,Not Applicable,No,Not Applicable,Yes,Yes,No,No,No,1.0,79.44,0.0,0.972,Web,Edge,48,Dark,0.43869,378.0,24.0,352.0,Active,Yes,Yes,0.0,5.0,Yes,Yes,No,No,High,8.0,5.0,Valid Claim
CLM00903,Refrigerator,Aster,12.0,Yes,Noise,Electrical Failure,No,Yes,Yes,Yes,Yes,Not Applicable,No,0.0,Not Applicable,Yes,No,Yes,Yes,No,No,No,0.0,385.59,0.0,0.899,Web,Safari,6,System,-0.89505,214.0,7.0,516.0,Active,Yes,Yes,1.0,4.0,No,No,No,Yes,High,1.0,3.0,Manual Review
CLM00138,Television,PrimeView,12.0,No,Connectivity Issue,Manufacturing Defect,Yes,Yes,Yes,Yes,Yes,No,Yes,1.0,Yes,No,Not Applicable,Yes,Yes,No,No,No,0.0,1135.96,544.11,0.835,Mobile App,MobileWebView,58,System,0.32308,192.0,35.0,173.0,Active,No,Yes,0.0,5.0,Yes,Yes,Yes,No,Medium,8.0,5.0,Invalid Claim
CLM00767,Camera,PrimeView,12.0,No,Lens Failure,Electrical Failure,Yes,Yes,Yes,Yes,Yes,Not Applicable,No,0.0,Not Applicable,No,Not Applicable,Yes,Yes,No,No,No,0.0,626.34,0.0,0.99,Mobile App,Safari,8,Light,1.46326,130.0,6.0,235.0,Active,Yes,Yes,0.0,5.0,Yes,Yes,No,No,High,4.0,5.0,Valid Claim
CLM00426,Smartphone,NovaTech,24.0,No,Power Failure,Physical Damage,No,Yes,Yes,Yes,Yes,Not Applicable,No,0.0,Not Applicable,No,Not Applicable,Yes,Yes,No,Yes,No,1.0,1240.4,0.0,0.858,Web,Edge,0,Dark,-0.33727,25.0,6.0,705.0,Active,Yes,No,1.0,4.0,No,No,No,No,High,2.0,5.0,Invalid Claim
CLM01123,Laptop,Aster,12.0,No,Overheating,Internal Component Failure,Yes,Yes,No,Yes,Yes,Not Applicable,No,0.0,Not Applicable,No,Not Applicable,Yes,Yes,No,No,No,2.0,1001.65,,0.793,Web,MobileWebView,13,Light,-0.46047,40.0,10.0,325.0,Active,Yes,Yes,1.0,4.0,No,Yes,No,No,Medium,10.0,1.0,Manual Review
CLM00082,Printer,NovaTech,12.0,No,Power Failure,Water Damage,Yes,,Yes,Yes,Yes,Yes,Yes,3.0,Yes,No,Not Applicable,Yes,Yes,No,No,No,0.0,416.85,314.52,0.818,Email,Safari,24,Light,0.4966,479.0,14.0,-114.0,Expired,Yes,No,0.0,4.0,Yes,Yes,Yes,No,Medium,5.0,6.0,Invalid Claim
CLM00467,Air Conditioner,HomePro,36.0,No,Noise,Electrical Failure,Yes,Yes,Yes,Yes,Yes,No,Yes,1.0,No,No,Not Applicable,Unknown,Yes,No,No,No,0.0,173.26,375.64,0.792,Web,Safari,43,Dark,0.22807,156.0,23.0,940.0,Active,Yes,Yes,0.0,5.0,Yes,Yes,Yes,No,Medium,6.0,6.0,Invalid Claim
CLM00810,Washing Machine,HomePro,36.0,No,Power Failure,Misuse,Yes,Yes,Yes,Yes,Yes,Yes,Yes,3.0,Yes,No,Not Applicable,Yes,Yes,No,No,No,0.0,937.35,260.33,0.952,Web,MobileWebView,41,System,-0.27743,548.0,3.0,547.0,Active,Yes,No,0.0,5.0,Yes,Yes,Yes,No,High,8.0,6.0,Invalid Claim
CLM00253,Printer,NovaTech,12.0,No,Connectivity Issue,Electrical Failure,Yes,Yes,Yes,Yes,Yes,Yes,Yes,3.0,Yes,No,Not Applicable,Yes,Yes,No,No,No,0.0,42.14,256.21,0.978,Mobile App,Chrome,56,System,-0.81077,186.0,26.0,179.0,Active,Yes,Yes,0.0,5.0,Yes,Yes,Yes,No,High,3.0,5.0,Valid Claim
CLM00375,Air Conditioner,Aster,12.0,No,Cooling Failure,Electrical Failure,Yes,Yes,Yes,Yes,Yes,Not Applicable,No,0.0,Not Applicable,No,Not Applicable,Yes,Yes,No,No,No,1.0,1434.73,0.0,0.942,Mobile App,Firefox,2,Dark,-0.06096,639.0,22.0,-273.0,Expired,Yes,Yes,0.0,5.0,Yes,Yes,No,No,High,6.0,4.0,Invalid Claim
CLM00575,Television,PrimeView,24.0,Yes,Power Failure,Electrical Failure,Yes,No,Yes,Yes,Yes,Yes,Yes,3.0,Yes,No,Not Applicable,Yes,No,No,No,No,2.0,768.48,111.69,0.873,Web,Edge,56,System,-0.93776,175.0,24.0,921.0,Active,Yes,Yes,1.0,4.0,Yes,Yes,Yes,No,High,4.0,3.0,Manual Review
CLM00007,Washing Machine,ZenCore,36.0,No,Noise,Water Damage,Yes,No,Yes,Yes,Yes,Not Applicable,No,0.0,Not Applicable,No,Not Applicable,Yes,Yes,No,No,No,1.0,184.14,0.0,0.92,Web,Edge,36,Light,0.32148,391.0,33.0,704.0,Active,No,No,1.0,4.0,Yes,Yes,No,No,High,12.0,6.0,Invalid Claim
CLM00469,Laptop,Aster,24.0,No,Battery Problem,Internal Component Failure,Yes,No,Yes,Yes,Yes,Not Applicable,No,0.0,Not Applicable,Yes,Yes,Yes,Yes,No,No,No,1.0,826.46,0.0,0.957,Email,Chrome,15,System,-0.80551,517.0,10.0,213.0,Active,Yes,Yes,1.0,4.0,Yes,Yes,No,Yes,High,4.0,0.0,Valid Claim
CLM01183,Refrigerator,Aster,24.0,Yes,Cooling Failure,Internal Component Failure,Yes,Yes,Yes,Yes,Yes,Not Applicable,No,0.0,Not Applicable,No,Not Applicable,Yes,Yes,No,No,No,1.0,246.39,0.0,0.97,Service Center,Edge,46,Light,-1.75863,627.0,22.0,469.0,Active,Yes,Yes,0.0,5.0,Yes,Yes,No,No,High,10.0,0.0,Valid Claim
CLM00622,Smartphone,PrimeView,24.0,No,Overheating,Internal Component Failure,,,Yes,Yes,Yes,Not Applicable,No,0.0,Not Applicable,No,Not Applicable,Unknown,Yes,No,No,No,1.0,203.41,0.0,0.734,Web,Chrome,31,System,-1.295,183.0,15.0,548.0,Active,Yes,Yes,0.0,3.0,Unknown,,No,No,Medium,8.0,4.0,Manual Review
CLM01264,Printer,HomePro,24.0,No,Power Failure,Internal Component Failure,Yes,,Yes,No,Yes,Yes,Yes,1.0,Yes,No,Not Applicable,Yes,Yes,No,No,No,2.0,821.11,535.51,0.483,Service Center,Safari,5,Dark,-0.58776,177.0,3.0,554.0,Active,Yes,Yes,1.0,3.0,No,Yes,Yes,No,Low,12.0,4.0,Manual Review
CLM00782,Refrigerator,Aster,24.0,No,Power Failure,Internal Component Failure,Yes,Yes,Yes,Yes,Yes,Not Applicable,No,0.0,Not Applicable,No,Not Applicable,Yes,Yes,No,No,No,0.0,955.32,0.0,0.96,Mobile App,MobileWebView,25,Light,-1.92329,19.0,4.0,712.0,Active,Yes,Yes,0.0,5.0,Yes,Yes,No,No,High,8.0,1.0,Valid Claim
CLM01429,Smartphone,NovaTech,12.0,No,Overheating,Manufacturing Defect,Yes,Yes,Yes,Yes,Yes,Not Applicable,No,0.0,Not Applicable,No,Not Applicable,Yes,Yes,No,No,No,0.0,212.72,,0.737,Web,Chrome,12,Dark,-1.02789,249.0,10.0,116.0,Active,Yes,Yes,0.0,5.0,Yes,Yes,No,No,Medium,7.0,6.0,Valid Claim
CLM01434,Printer,PrimeView,36.0,No,Mechanical Failure,Manufacturing Defect,Yes,No,Yes,Yes,Yes,Yes,Yes,2.0,Yes,No,Not Applicable,Yes,Yes,No,No,No,1.0,294.05,528.47,0.804,Service Center,MobileWebView,3,Dark,-0.42008,13.0,4.0,1082.0,Active,Yes,Yes,1.0,4.0,Yes,Yes,Yes,No,Medium,8.0,0.0,Valid Claim
CLM00801,Printer,NovaTech,36.0,No,Connectivity Issue,Manufacturing Defect,,No,Yes,Yes,No,Yes,Yes,2.0,Yes,No,Not Applicable,Yes,Yes,No,No,No,1.0,662.07,632.4,0.981,Mobile App,MobileWebView,31,Dark,1.17374,83.0,4.0,1013.0,Active,Yes,Yes,2.0,2.0,Unknown,,Yes,No,High,5.0,5.0,Manual Review
CLM00043,Camera,Aster,36.0,Yes,Connectivity Issue,Manufacturing Defect,Yes,Yes,Yes,Yes,Yes,Yes,Yes,1.0,No,No,Not Applicable,Yes,Yes,No,Yes,No,0.0,348.56,516.72,0.909,Mobile App,Firefox,0,System,-0.26457,465.0,13.0,996.0,Active,Yes,Yes,0.0,5.0,Yes,Yes,Yes,No,High,8.0,0.0,Invalid Claim
CLM00481,Air Conditioner,Aster,36.0,No,Water Leakage,Accidental Damage,Yes,Yes,Yes,Yes,Yes,Yes,Yes,1.0,Unknown,No,Not Applicable,Yes,Yes,No,No,No,2.0,786.47,605.26,0.776,Web,Firefox,44,Dark,0.33939,1102.0,37.0,-6.0,Expired,No,No,0.0,5.0,Yes,Yes,Yes,No,Medium,2.0,5.0,Invalid Claim
CLM01278,Refrigerator,HomePro,12.0,No,Power Failure,Manufacturing Defect,Yes,No,Yes,Yes,Yes,Not Applicable,No,0.0,Not Applicable,No,Not Applicable,Yes,Yes,No,No,No,1.0,1352.12,0.0,0.775,Web,Edge,9,Dark,0.76905,124.0,4.0,241.0,Active,Yes,Yes,1.0,4.0,Yes,Yes,No,No,Medium,11.0,3.0,Valid Claim
CLM00662,Printer,NovaTech,24.0,Yes,Connectivity Issue,Misuse,Yes,No,Yes,Yes,Yes,Yes,Yes,3.0,Yes,No,Not Applicable,Yes,Yes,No,No,No,0.0,734.26,334.25,0.967,Mobile App,Edge,51,Light,0.38909,356.0,2.0,739.0,Active,Yes,No,1.0,4.0,Yes,Yes,Yes,No,High,12.0,2.0,Invalid Claim
CLM00114,Camera,NovaTech,12.0,No,Connectivity Issue,Electrical Failure,Yes,Yes,Yes,No,Yes,Not Applicable,No,0.0,Not Applicable,No,Not Applicable,Yes,No,No,No,No,0.0,,0.0,0.921,Mobile App,MobileWebView,45,System,0.59428,511.0,25.0,-145.0,Expired,Yes,Yes,1.0,4.0,No,Yes,No,No,High,4.0,4.0,Invalid Claim
CLM00120,Air Conditioner,HomePro,24.0,No,Water Leakage,Manufacturing Defect,,Yes,Yes,Yes,Yes,Not Applicable,No,0.0,Not Applicable,No,Not Applicable,Yes,Yes,No,No,No,1.0,1227.99,0.0,0.76,Mobile App,Firefox,34,Light,-1.12678,193.0,15.0,538.0,Active,Yes,Yes,0.0,4.0,Unknown,,No,No,Medium,6.0,3.0,Valid Claim
CLM00753,Refrigerator,HomePro,36.0,No,Power Failure,Internal Component Failure,Yes,Yes,Yes,Yes,Yes,,No,0.0,Not Applicable,No,Not Applicable,Yes,Yes,No,No,No,1.0,423.05,,0.969,Web,Firefox,58,Light,-0.0893,89.0,9.0,1006.0,Active,Yes,Yes,0.0,5.0,Yes,Yes,No,No,High,1.0,6.0,Valid Claim
CLM01000,Air Conditioner,Aster,24.0,No,Cooling Failure,Internal Component Failure,Yes,Yes,Yes,Yes,Yes,Not Applicable,No,0.0,Not Applicable,No,Not Applicable,Yes,Yes,No,Yes,No,1.0,130.76,0.0,0.801,Mobile App,MobileWebView,30,System,0.2964,169.0,18.0,561.0,Active,Yes,Yes,0.0,5.0,Yes,Yes,No,No,Medium,10.0,6.0,Valid Claim
CLM01283,Laptop,NovaTech,24.0,No,Display Failure,Internal Component Failure,Yes,No,Yes,Yes,Yes,Not Applicable,No,0.0,Not Applicable,No,Not Applicable,Yes,Yes,No,No,No,2.0,836.88,0.0,0.97,Web,Chrome,13,Dark,1.26553,306.0,1.0,424.0,Active,Yes,Yes,1.0,4.0,Yes,Yes,No,No,High,6.0,0.0,Valid Claim
CLM01041,Washing Machine,HomePro,36.0,No,Power Failure,Electrical Failure,Yes,Yes,Yes,No,Yes,Not Applicable,No,0.0,Not Applicable,No,Not Applicable,Yes,Yes,No,No,No,0.0,751.38,0.0,0.839,Web,Chrome,53,Light,-1.26916,212.0,10.0,884.0,Active,Yes,Yes,1.0,4.0,No,Yes,No,No,Medium,6.0,4.0,Manual Review
CLM00938,Television,Aster,24.0,Yes,Display Failure,Electrical Failure,Yes,Yes,Yes,No,Yes,Not Applicable,No,0.0,Not Applicable,No,Not Applicable,Yes,Yes,No,No,No,0.0,342.67,0.0,0.826,Web,Chrome,56,Dark,-1.05973,522.0,16.0,573.0,Active,Yes,Yes,1.0,4.0,No,Yes,No,No,Medium,8.0,2.0,Manual Review
CLM00205,Laptop,NovaTech,24.0,No,Display Failure,Normal Wear,No,Yes,Yes,No,Yes,,No,0.0,Not Applicable,No,Not Applicable,Yes,Yes,No,No,No,0.0,593.33,0.0,0.897,Email,Firefox,25,Dark,0.35537,24.0,14.0,706.0,Active,Yes,No,2.0,3.0,No,No,No,No,High,12.0,5.0,Invalid Claim
CLM00060,Refrigerator,ZenCore,24.0,No,Cooling Failure,Internal Component Failure,Yes,Yes,Yes,Yes,Yes,Yes,Yes,1.0,Yes,Yes,Yes,Unknown,Yes,No,No,No,3.0,367.66,635.9,0.79,Mobile App,MobileWebView,5,Light,-0.87624,68.0,25.0,662.0,Active,Yes,Yes,0.0,5.0,Yes,Yes,Yes,Yes,Medium,11.0,1.0,Manual Review
CLM01267,Washing Machine,HomePro,24.0,No,Water Leakage,Electrical Failure,Yes,Yes,Yes,Yes,No,Not Applicable,No,0.0,Not Applicable,No,Not Applicable,Yes,Yes,No,No,No,1.0,427.26,0.0,0.78,Web,MobileWebView,55,Dark,1.30051,680.0,18.0,51.0,Active,Yes,Yes,1.0,4.0,No,Yes,No,No,Medium,2.0,1.0,Manual Review
CLM00930,Camera,PrimeView,12.0,No,Battery Problem,Internal Component Failure,Yes,Yes,Yes,Yes,Yes,Not Applicable,No,0.0,Not Applicable,No,Not Applicable,Yes,Yes,No,No,No,0.0,2748.99,0.0,0.878,Web,Chrome,54,Dark,0.37748,473.0,79.0,-108.0,Expired,No,Yes,0.0,5.0,Yes,Yes,No,No,High,12.0,1.0,Invalid Claim
CLM00515,Washing Machine,HomePro,12.0,No,Water Leakage,Internal Component Failure,Yes,Yes,Yes,Yes,Yes,Yes,Yes,2.0,Yes,Yes,Yes,Yes,Yes,No,No,Yes,1.0,559.83,351.55,0.916,Web,MobileWebView,5,System,-0.74434,18.0,11.0,347.0,Active,Yes,Yes,0.0,5.0,Yes,Yes,Yes,Yes,High,2.0,4.0,Manual Review
CLM00202,Smartphone,NovaTech,12.0,No,Connectivity Issue,Electrical Failure,Yes,Yes,Yes,,Yes,Yes,Yes,3.0,No,No,Not Applicable,Yes,Yes,No,No,No,1.0,491.12,,0.758,Web,Firefox,28,Dark,0.45162,451.0,5.0,-86.0,Expired,Yes,Yes,0.0,4.0,Unknown,Yes,Yes,No,Medium,12.0,6.0,Invalid Claim
CLM00803,Air Conditioner,ZenCore,24.0,Yes,Power Failure,Internal Component Failure,Yes,Yes,Yes,No,Yes,Yes,Yes,2.0,Yes,No,Not Applicable,Yes,Yes,No,No,No,1.0,451.83,608.46,0.869,Web,MobileWebView,51,System,1.28749,83.0,13.0,1013.0,Active,Yes,Yes,1.0,4.0,No,Yes,Yes,No,High,11.0,0.0,Manual Review
CLM00400,Television,PrimeView,24.0,No,Connectivity Issue,Electrical Failure,Yes,Yes,Yes,Yes,Yes,Yes,Yes,2.0,Yes,No,Not Applicable,Yes,Yes,No,No,No,0.0,567.63,478.4,0.803,Web,Edge,48,Dark,-0.43746,503.0,5.0,228.0,Active,Yes,Yes,0.0,5.0,Yes,Yes,Yes,No,Medium,10.0,6.0,Valid Claim
CLM00161,Smartphone,Aster,12.0,No,Display Failure,Internal Component Failure,Yes,Yes,Yes,Yes,Yes,Yes,Yes,3.0,Unknown,No,Not Applicable,Yes,Yes,No,No,No,0.0,109.62,343.33,0.732,Mobile App,Chrome,10,Light,0.47494,326.0,17.0,40.0,Active,Yes,Yes,0.0,5.0,Yes,Yes,Yes,No,Medium,4.0,6.0,Manual Review
CLM01346,Printer,NovaTech,24.0,No,Connectivity Issue,Manufacturing Defect,Yes,Yes,Yes,Yes,Yes,Yes,Yes,3.0,Yes,No,Not Applicable,Yes,Yes,No,No,No,1.0,371.4,70.83,0.986,Mobile App,Safari,51,Light,-0.8086,117.0,8.0,613.0,Active,Yes,Yes,0.0,5.0,Yes,Yes,Yes,No,High,1.0,1.0,Valid Claim
CLM01270,Refrigerator,ZenCore,36.0,Yes,Mechanical Failure,Internal Component Failure,No,Yes,Yes,Yes,Yes,,Yes,3.0,Yes,No,Not Applicable,Yes,Yes,No,No,No,0.0,224.62,55.48,0.748,Service Center,Chrome,44,System,0.48163,636.0,4.0,825.0,Active,Yes,Yes,1.0,4.0,No,No,Yes,No,Medium,2.0,6.0,Manual Review
CLM00346,Printer,PrimeView,12.0,No,Mechanical Failure,Misuse,Yes,Yes,Yes,Yes,Yes,Not Applicable,No,0.0,Not Applicable,No,Not Applicable,Yes,Yes,No,No,No,0.0,31.88,0.0,0.905,Mobile App,MobileWebView,51,Dark,2.24535,214.0,21.0,151.0,Active,Yes,No,0.0,5.0,Yes,Yes,No,No,High,8.0,2.0,Invalid Claim
CLM00625,Camera,PrimeView,12.0,No,Connectivity Issue,Electrical Failure,Yes,Yes,Yes,Yes,Yes,,No,0.0,Not Applicable,No,Not Applicable,Yes,Yes,No,No,No,0.0,468.49,0.0,0.78,Service Center,Chrome,1,Light,0.04694,566.0,11.0,-200.0,Expired,Yes,Yes,0.0,5.0,Yes,Yes,No,No,Medium,3.0,5.0,Invalid Claim
CLM00013,Laptop,NovaTech,24.0,Yes,Power Failure,Normal Wear,Yes,No,Yes,Yes,,Not Applicable,No,0.0,Not Applicable,No,Not Applicable,Yes,Yes,No,No,No,2.0,305.47,0.0,0.814,Web,Firefox,37,Dark,-1.02118,7.0,7.0,1088.0,Active,Yes,No,1.0,3.0,Unknown,Yes,No,No,Medium,1.0,3.0,Invalid Claim
CLM01023,Laptop,ZenCore,24.0,Yes,Power Failure,Electrical Failure,Yes,Yes,Yes,Yes,Yes,Not Applicable,No,0.0,Not Applicable,No,Not Applicable,Unknown,Yes,No,No,No,0.0,1242.49,0.0,0.764,Service Center,Firefox,49,Light,0.49394,201.0,13.0,895.0,Active,Yes,Yes,0.0,5.0,Yes,Yes,No,No,Medium,4.0,4.0,Manual Review
CLM00992,Air Conditioner,ZenCore,36.0,No,Noise,Electrical Failure,Yes,Yes,Yes,Yes,,Not Applicable,No,0.0,Not Applicable,No,Not Applicable,Yes,Yes,No,No,No,0.0,2078.66,0.0,0.787,Service Center,Edge,2,System,1.31474,174.0,1.0,922.0,Active,Yes,Yes,0.0,4.0,Unknown,Yes,No,No,Medium,7.0,3.0,Valid Claim
CLM01381,Washing Machine,PrimeView,24.0,No,Mechanical Failure,Internal Component Failure,Yes,Yes,Yes,Yes,Yes,Not Applicable,No,0.0,Not Applicable,No,Not Applicable,Unknown,Yes,No,No,No,1.0,,0.0,0.916,Web,Firefox,14,System,-0.6919,111.0,3.0,619.0,Active,Yes,Yes,0.0,5.0,Yes,Yes,No,No,High,8.0,5.0,Manual Review
CLM00518,Camera,NovaTech,36.0,No,Power Failure,Manufacturing Defect,Yes,Yes,Yes,No,Yes,Not Applicable,No,0.0,Not Applicable,Yes,Yes,Yes,Yes,No,No,No,1.0,1408.81,0.0,0.865,Mobile App,MobileWebView,55,System,0.43437,190.0,20.0,906.0,Active,Yes,Yes,1.0,4.0,No,Yes,No,Yes,High,6.0,0.0,Manual Review
CLM00380,Laptop,NovaTech,12.0,No,Power Failure,Water Damage,Yes,Yes,Yes,Yes,Yes,Not Applicable,No,0.0,Not Applicable,No,Not Applicable,Yes,Yes,No,No,No,0.0,,0.0,0.617,Web,Edge,12,System,0.60393,91.0,5.0,274.0,Active,Yes,No,0.0,5.0,Yes,Yes,No,No,Low,3.0,6.0,Invalid Claim
CLM00017,Laptop,Aster,36.0,No,Connectivity Issue,Manufacturing Defect,Yes,Yes,Yes,Yes,,Not Applicable,No,0.0,Not Applicable,No,Not Applicable,Yes,Yes,No,Yes,No,1.0,495.81,0.0,0.795,Web,Firefox,23,System,-0.00469,202.0,13.0,894.0,Active,Yes,Yes,0.0,4.0,Unknown,Yes,No,No,Medium,8.0,0.0,Valid Claim
CLM00800,Smartphone,PrimeView,12.0,No,Power Failure,Accidental Damage,Yes,,Yes,Yes,No,Not Applicable,No,0.0,Not Applicable,Yes,Yes,Yes,Yes,No,No,No,1.0,1080.27,0.0,0.782,Web,Firefox,21,Dark,0.66614,792.0,9.0,-427.0,Expired,Yes,No,1.0,3.0,No,Yes,No,Yes,Medium,5.0,6.0,Invalid Claim
CLM01477,Laptop,NovaTech,12.0,No,Connectivity Issue,Manufacturing Defect,Yes,No,No,No,Yes,Yes,Yes,3.0,Yes,Yes,Yes,Yes,Yes,No,No,No,1.0,1412.86,263.04,0.895,Mobile App,Safari,47,Light,-0.92536,300.0,15.0,65.0,Active,Yes,Yes,3.0,2.0,No,Yes,Yes,Yes,High,4.0,6.0,Manual Review
CLM00780,Printer,PrimeView,36.0,No,Mechanical Failure,Manufacturing Defect,Yes,Yes,Yes,Yes,Yes,Yes,Yes,1.0,Yes,No,Not Applicable,Yes,No,No,No,No,1.0,185.22,218.33,0.9,Web,Edge,33,Dark,-0.15973,339.0,27.0,756.0,Active,Yes,Yes,0.0,5.0,Yes,Yes,Yes,No,High,5.0,5.0,Manual Review
CLM01414,Television,Aster,24.0,Yes,Connectivity Issue,Internal Component Failure,No,No,Yes,Yes,Yes,Not Applicable,No,0.0,Not Applicable,No,Not Applicable,Yes,Yes,No,No,No,0.0,1780.42,0.0,0.555,Web,Chrome,57,Dark,0.28658,215.0,26.0,880.0,Active,Yes,Yes,2.0,3.0,No,No,No,No,Low,8.0,6.0,Manual Review
CLM00292,Washing Machine,ZenCore,24.0,Yes,Noise,Manufacturing Defect,Yes,Yes,Yes,Yes,Yes,Not Applicable,No,0.0,Not Applicable,No,Not Applicable,Yes,Yes,No,No,No,2.0,876.64,0.0,0.912,Service Center,Firefox,56,System,-1.18867,681.0,16.0,415.0,Active,Yes,Yes,0.0,5.0,Yes,Yes,No,No,High,12.0,3.0,Valid Claim
CLM01354,Refrigerator,Aster,36.0,Yes,Cooling Failure,Internal Component Failure,No,Yes,Yes,Yes,Yes,Not Applicable,No,0.0,Not Applicable,No,Not Applicable,Yes,Yes,No,No,No,0.0,86.82,0.0,0.892,Web,Edge,39,System,0.73899,1147.0,7.0,314.0,Active,Yes,Yes,1.0,4.0,No,No,No,No,High,4.0,3.0,Manual Review
CLM00569,Laptop,NovaTech,24.0,No,Overheating,Electrical Failure,No,Yes,Yes,Yes,Yes,Not Applicable,No,0.0,Not Applicable,No,Not Applicable,Yes,Yes,No,No,No,1.0,1670.53,0.0,0.943,Web,Edge,56,Light,-0.32957,50.0,7.0,680.0,Active,Yes,Yes,1.0,4.0,No,No,No,No,High,3.0,6.0,Manual Review
CLM00713,Refrigerator,HomePro,24.0,No,Water Leakage,Misuse,No,Yes,Yes,Yes,Yes,Yes,Yes,3.0,Yes,No,Not Applicable,Yes,Yes,No,No,No,0.0,912.9,450.22,0.833,Service Center,MobileWebView,1,Light,-0.53618,617.0,7.0,113.0,Active,Yes,No,1.0,4.0,No,No,Yes,No,Medium,2.0,1.0,Invalid Claim
CLM01367,Laptop,Aster,24.0,Yes,Display Failure,Manufacturing Defect,Yes,,Yes,Yes,No,,Yes,1.0,Yes,No,Not Applicable,Yes,Yes,No,No,No,1.0,1908.41,,0.722,Service Center,Chrome,39,System,0.44452,646.0,9.0,450.0,Active,Yes,Yes,1.0,3.0,No,Yes,Yes,No,Medium,6.0,2.0,Manual Review
CLM00035,Printer,PrimeView,12.0,Yes,Power Failure,Misuse,No,Yes,Yes,Yes,No,Not Applicable,No,0.0,Not Applicable,Yes,Yes,Yes,Yes,No,No,No,0.0,24.03,0.0,0.761,Web,Safari,52,Light,-0.42281,198.0,2.0,533.0,Active,Yes,No,2.0,3.0,No,No,No,Yes,Medium,2.0,1.0,Invalid Claim
CLM00950,Laptop,ZenCore,24.0,No,Overheating,Electrical Failure,Yes,No,Yes,Yes,Yes,Yes,Yes,3.0,Yes,No,Not Applicable,Yes,Yes,No,No,No,0.0,154.01,220.4,0.949,Web,Safari,49,System,0.96901,58.0,19.0,672.0,Active,Yes,Yes,1.0,4.0,Yes,Yes,Yes,No,High,2.0,1.0,Valid Claim
CLM00166,Camera,NovaTech,36.0,No,Power Failure,Water Damage,Yes,No,Yes,Yes,Yes,Yes,Yes,2.0,Yes,No,Not Applicable,Yes,Yes,No,No,No,0.0,819.61,393.11,0.788,Mobile App,Chrome,52,Dark,-0.9029,80.0,13.0,1015.0,Active,Yes,No,1.0,4.0,Yes,Yes,Yes,No,Medium,2.0,0.0,Invalid Claim
CLM00531,Air Conditioner,ZenCore,24.0,Yes,Power Failure,Electrical Failure,Yes,Yes,Yes,Yes,,Not Applicable,No,0.0,Not Applicable,No,Not Applicable,Yes,Yes,No,No,No,0.0,1188.12,0.0,0.98,Service Center,Edge,37,System,-0.00166,816.0,7.0,280.0,Active,Yes,Yes,0.0,4.0,Unknown,Yes,No,No,High,10.0,4.0,Valid Claim
CLM01003,Camera,NovaTech,36.0,No,Lens Failure,Internal Component Failure,Yes,No,Yes,Yes,Yes,Yes,Yes,3.0,Unknown,No,Not Applicable,Yes,No,No,No,No,0.0,623.37,314.94,0.843,Service Center,Safari,4,Light,0.14815,380.0,2.0,716.0,Active,Yes,Yes,1.0,4.0,Yes,Yes,Yes,No,Medium,8.0,5.0,Manual Review
CLM01358,Smartphone,PrimeView,24.0,Yes,Power Failure,Electrical Failure,Yes,Yes,,Yes,Yes,Not Applicable,No,0.0,Not Applicable,No,Not Applicable,Yes,Yes,No,No,No,3.0,512.42,0.0,0.873,Web,Chrome,34,Light,1.2347,182.0,15.0,913.0,Active,Yes,Yes,0.0,4.0,Unknown,Yes,No,No,High,2.0,5.0,Valid Claim
CLM00075,Laptop,ZenCore,36.0,No,Display Failure,Electrical Failure,Yes,No,Yes,Yes,,Yes,Yes,2.0,No,No,Not Applicable,No,Yes,No,No,No,2.0,917.89,104.5,0.792,Mobile App,MobileWebView,55,Light,-1.58352,384.0,17.0,712.0,Active,Yes,Yes,1.0,3.0,Unknown,Yes,Yes,No,Medium,11.0,3.0,Invalid Claim
CLM00740,Smartphone,NovaTech,12.0,No,Power Failure,Electrical Failure,Yes,Yes,Yes,Yes,Yes,Not Applicable,No,0.0,Not Applicable,Yes,No,Yes,Yes,No,No,No,1.0,773.93,0.0,0.945,Service Center,Chrome,36,Light,1.55409,871.0,5.0,-505.0,Expired,Yes,Yes,0.0,5.0,Yes,Yes,No,Yes,High,2.0,5.0,Invalid Claim
CLM00873,Camera,NovaTech,12.0,No,Battery Problem,Misuse,Yes,Yes,Yes,Yes,No,No,Yes,3.0,Yes,No,Not Applicable,Yes,Yes,No,No,No,0.0,299.46,420.86,0.767,Service Center,MobileWebView,26,Dark,0.4638,152.0,8.0,213.0,Active,Yes,No,1.0,4.0,No,Yes,Yes,No,Medium,6.0,1.0,Invalid Claim
CLM00829,Television,Aster,24.0,No,Display Failure,Electrical Failure,Yes,Yes,No,Yes,Yes,Yes,Yes,1.0,Yes,No,Not Applicable,Yes,Yes,No,No,No,1.0,1058.81,,0.584,Mobile App,Edge,24,System,-0.39236,415.0,10.0,315.0,Active,Yes,Yes,1.0,4.0,No,Yes,Yes,No,Low,7.0,4.0,Manual Review
CLM00504,Air Conditioner,ZenCore,24.0,No,Noise,Internal Component Failure,Yes,Yes,Yes,Yes,Yes,Not Applicable,No,0.0,Not Applicable,No,Not Applicable,Yes,No,No,No,No,2.0,750.59,0.0,0.809,Mobile App,Chrome,59,Dark,-1.36768,170.0,14.0,560.0,Active,Yes,Yes,0.0,5.0,Yes,Yes,No,No,Medium,1.0,3.0,Manual Review
CLM01378,Television,HomePro,36.0,No,Power Failure,Electrical Failure,Yes,Yes,Yes,Yes,Yes,Not Applicable,No,0.0,Not Applicable,No,Not Applicable,Yes,Yes,No,No,No,1.0,467.17,0.0,0.704,Email,Firefox,4,Light,0.10479,237.0,0.0,859.0,Active,Yes,Yes,0.0,5.0,Yes,Yes,No,No,Medium,7.0,2.0,Valid Claim
CLM00228,Smartphone,PrimeView,12.0,Yes,Overheating,Physical Damage,No,Yes,Yes,Yes,Yes,,Yes,1.0,Yes,No,Not Applicable,Yes,Yes,No,No,No,1.0,381.33,,0.969,Mobile App,Chrome,40,Light,0.91119,708.0,29.0,22.0,Active,Yes,No,1.0,4.0,No,No,Yes,No,High,4.0,6.0,Invalid Claim
CLM00350,Laptop,Aster,36.0,No,Battery Problem,Misuse,Yes,Yes,Yes,Yes,Yes,Not Applicable,No,0.0,Not Applicable,Yes,Yes,Yes,Yes,No,No,No,0.0,1338.5,0.0,0.865,Web,Firefox,3,Dark,0.9294,147.0,20.0,949.0,Active,Yes,No,0.0,5.0,Yes,Yes,No,Yes,High,6.0,6.0,Invalid Claim
CLM01450,Camera,NovaTech,12.0,No,Power Failure,Manufacturing Defect,Yes,Yes,Yes,Yes,Yes,Not Applicable,No,0.0,Not Applicable,No,Not Applicable,Yes,Yes,No,No,No,0.0,259.63,0.0,0.961,Mobile App,Safari,2,Dark,0.51729,163.0,10.0,202.0,Active,Yes,Yes,0.0,5.0,Yes,Yes,No,No,High,1.0,2.0,Valid Claim
CLM00425,Air Conditioner,Aster,12.0,No,Water Leakage,Electrical Failure,Yes,Yes,Yes,Yes,Yes,No,Yes,1.0,Yes,No,Not Applicable,Yes,Yes,No,No,No,3.0,1704.98,60.65,0.914,Web,MobileWebView,54,Light,-1.19437,188.0,8.0,177.0,Active,Yes,Yes,0.0,5.0,Yes,Yes,Yes,No,High,10.0,6.0,Valid Claim
CLM01318,Air Conditioner,ZenCore,24.0,No,Water Leakage,Electrical Failure,,No,,Yes,No,Yes,Yes,2.0,Yes,No,Not Applicable,Yes,Yes,No,Yes,No,1.0,533.61,371.28,0.874,Web,Firefox,44,Dark,-1.41319,610.0,11.0,121.0,Active,Yes,Yes,2.0,1.0,Unknown,,Yes,No,High,6.0,4.0,Manual Review
CLM01473,Refrigerator,ZenCore,12.0,Yes,Mechanical Failure,Manufacturing Defect,No,No,Yes,No,Yes,Not Applicable,No,0.0,Not Applicable,No,Not Applicable,Yes,Yes,No,No,No,1.0,88.13,,0.893,Web,Safari,45,System,0.26069,23.0,19.0,707.0,Active,Yes,Yes,3.0,2.0,No,No,No,No,High,9.0,5.0,Manual Review
CLM00062,Camera,Aster,24.0,Yes,Battery Problem,Manufacturing Defect,Yes,Yes,Yes,Yes,Yes,,Yes,3.0,Yes,No,Not Applicable,Unknown,Yes,No,No,No,0.0,2808.02,606.98,0.768,Email,MobileWebView,21,Light,1.25647,319.0,4.0,777.0,Active,Yes,Yes,0.0,5.0,Yes,Yes,Yes,No,Medium,4.0,1.0,Manual Review
CLM00901,Washing Machine,HomePro,24.0,No,Mechanical Failure,Electrical Failure,,,Yes,Yes,Yes,Yes,Yes,1.0,Yes,No,Not Applicable,Yes,Yes,No,No,No,0.0,173.42,362.78,0.87,Service Center,Firefox,5,System,0.74569,334.0,37.0,396.0,Active,No,Yes,0.0,3.0,Unknown,,Yes,No,High,2.0,3.0,Invalid Claim
CLM00742,Television,HomePro,12.0,Yes,Audio Failure,Electrical Failure,,No,Yes,Yes,Yes,Not Applicable,No,0.0,Not Applicable,No,Not Applicable,Yes,Yes,No,No,No,0.0,531.13,0.0,0.995,Email,Firefox,47,Light,0.2208,220.0,6.0,510.0,Active,Yes,Yes,1.0,3.0,Unknown,,No,No,High,4.0,6.0,Valid Claim
CLM00574,Refrigerator,Aster,24.0,No,Cooling Failure,Internal Component Failure,Yes,Yes,Yes,Yes,Yes,,No,0.0,Not Applicable,Yes,Yes,Yes,Yes,No,No,No,2.0,241.99,0.0,0.829,Service Center,Chrome,44,Dark,0.67541,425.0,12.0,305.0,Active,Yes,Yes,0.0,5.0,Yes,Yes,No,Yes,Medium,8.0,4.0,Valid Claim
CLM01452,Television,Aster,12.0,No,Display Failure,Internal Component Failure,Yes,,Yes,,Yes,Not Applicable,No,0.0,Not Applicable,No,Not Applicable,Yes,Yes,No,No,No,0.0,49.29,0.0,0.935,Service Center,Chrome,31,Light,1.24786,231.0,5.0,135.0,Active,Yes,Yes,0.0,3.0,Unknown,Yes,No,No,High,5.0,2.0,Valid Claim
CLM00797,Camera,NovaTech,24.0,No,Power Failure,Manufacturing Defect,Yes,Yes,No,Yes,Yes,Not Applicable,No,0.0,Not Applicable,No,Not Applicable,Yes,Yes,No,No,No,0.0,354.31,0.0,0.859,Mobile App,Chrome,2,System,-1.12409,183.0,11.0,548.0,Active,Yes,Yes,1.0,4.0,No,Yes,No,No,High,8.0,6.0,Manual Review
CLM00989,Television,PrimeView,12.0,No,Power Failure,Manufacturing Defect,Yes,Yes,Yes,Yes,No,,Yes,1.0,Yes,No,Not Applicable,Yes,Yes,No,No,No,1.0,230.7,158.41,0.747,Mobile App,Firefox,23,Light,0.40745,157.0,30.0,208.0,Active,Yes,Yes,1.0,4.0,No,Yes,Yes,No,Medium,9.0,3.0,Manual Review
CLM01046,Smartphone,Aster,24.0,No,Overheating,Manufacturing Defect,Yes,Yes,Yes,Yes,Yes,No,Yes,3.0,Yes,Yes,Yes,Yes,Yes,No,No,No,0.0,251.5,,0.77,Email,MobileWebView,24,Dark,0.02672,369.0,14.0,361.0,Active,Yes,Yes,0.0,5.0,Yes,Yes,Yes,Yes,Medium,4.0,0.0,Valid Claim
CLM00665,Camera,PrimeView,24.0,No,Connectivity Issue,Accidental Damage,Yes,Yes,Yes,Yes,Yes,Yes,Yes,1.0,Yes,No,Not Applicable,Yes,No,No,No,No,0.0,2374.34,388.37,0.981,Email,Edge,59,System,-1.00338,281.0,15.0,449.0,Active,Yes,No,0.0,5.0,Yes,Yes,Yes,No,High,12.0,0.0,Invalid Claim
CLM00008,Laptop,ZenCore,36.0,No,Connectivity Issue,Internal Component Failure,Yes,Yes,Yes,Yes,Yes,Not Applicable,No,0.0,Not Applicable,Yes,No,Yes,Yes,No,No,No,1.0,,0.0,0.819,Web,Firefox,29,System,-1.70423,556.0,20.0,539.0,Active,Yes,Yes,0.0,5.0,Yes,Yes,No,Yes,Medium,12.0,3.0,Valid Claim
CLM01193,Camera,PrimeView,36.0,No,Lens Failure,Electrical Failure,Yes,No,Yes,Yes,Yes,Yes,Yes,2.0,Yes,No,Not Applicable,Yes,Yes,No,No,No,1.0,1999.45,,0.736,Service Center,Chrome,37,Light,-0.33796,240.0,,855.0,Active,Unknown,Yes,1.0,4.0,Yes,Yes,Yes,No,Medium,11.0,2.0,Valid Claim
CLM00745,Laptop,ZenCore,24.0,Yes,Display Failure,Physical Damage,Yes,Yes,Yes,Yes,Yes,Not Applicable,No,0.0,Not Applicable,No,Not Applicable,Yes,Yes,No,No,No,1.0,949.15,0.0,0.932,Mobile App,Safari,21,Light,-0.73435,53.0,31.0,1043.0,Active,No,No,0.0,5.0,Yes,Yes,No,No,High,8.0,4.0,Invalid Claim
CLM00749,Air Conditioner,Aster,24.0,No,Cooling Failure,Misuse,Yes,Yes,Yes,Yes,Yes,Not Applicable,No,0.0,Not Applicable,No,Not Applicable,Yes,Yes,No,No,No,0.0,1169.44,0.0,0.956,Email,Firefox,3,Light,1.60185,575.0,23.0,155.0,Active,Yes,No,0.0,5.0,Yes,Yes,No,No,High,8.0,1.0,Invalid Claim
CLM00267,Smartphone,NovaTech,36.0,No,Battery Problem,Water Damage,Yes,Yes,Yes,Yes,No,,No,0.0,Not Applicable,No,Not Applicable,Yes,Yes,No,No,No,0.0,394.08,,0.877,Web,Safari,28,System,-1.24397,150.0,9.0,946.0,Active,Yes,No,1.0,4.0,No,Yes,No,No,High,5.0,1.0,Invalid Claim
CLM00433,Refrigerator,ZenCore,36.0,No,Mechanical Failure,Electrical Failure,Yes,Yes,Yes,Yes,,Yes,Yes,3.0,Yes,No,Not Applicable,Yes,Yes,No,No,No,0.0,1554.51,631.53,0.916,Email,Safari,27,System,0.64256,163.0,9.0,933.0,Active,Yes,Yes,0.0,4.0,Unknown,Yes,Yes,No,High,12.0,4.0,Valid Claim
CLM01353,Air Conditioner,Aster,24.0,No,Water Leakage,Internal Component Failure,Yes,No,Yes,Yes,Yes,No,Yes,3.0,Yes,No,Not Applicable,Yes,Yes,No,No,No,1.0,1670.29,550.33,0.782,Mobile App,Edge,59,Light,0.23396,120.0,5.0,610.0,Active,Yes,Yes,1.0,4.0,Yes,Yes,Yes,No,Medium,10.0,3.0,Valid Claim
CLM01362,Refrigerator,HomePro,24.0,No,Power Failure,Electrical Failure,Yes,Yes,Yes,Yes,Yes,Not Applicable,No,0.0,Not Applicable,No,Not Applicable,Yes,Yes,No,No,No,1.0,519.46,0.0,0.912,Mobile App,MobileWebView,29,System,1.77366,99.0,16.0,631.0,Active,Yes,Yes,0.0,5.0,Yes,Yes,No,No,High,9.0,6.0,Valid Claim
CLM00464,Laptop,Aster,12.0,No,Power Failure,Manufacturing Defect,Yes,Yes,Yes,Yes,Yes,Not Applicable,No,0.0,Not Applicable,Yes,Yes,Yes,Yes,No,Yes,No,1.0,1791.63,0.0,0.698,Mobile App,MobileWebView,51,System,-1.52152,962.0,21.0,-597.0,Expired,Yes,Yes,0.0,5.0,Yes,Yes,No,Yes,Low,9.0,3.0,Invalid Claim
CLM00755,Camera,Aster,24.0,No,Display Failure,Accidental Damage,Yes,Yes,Yes,Yes,Yes,,No,0.0,Not Applicable,No,Not Applicable,Yes,Yes,No,No,No,0.0,549.1,0.0,0.817,Web,Edge,58,Dark,0.47848,161.0,3.0,569.0,Active,Yes,No,0.0,5.0,Yes,Yes,No,No,Medium,10.0,3.0,Invalid Claim
CLM01083,Printer,PrimeView,36.0,No,Power Failure,Internal Component Failure,Yes,Yes,Yes,Yes,,Not Applicable,No,0.0,Not Applicable,No,Not Applicable,Yes,Yes,No,No,No,1.0,292.08,0.0,0.896,Service Center,Safari,37,System,-0.87337,103.0,24.0,993.0,Active,Yes,Yes,0.0,4.0,Unknown,Yes,No,No,High,4.0,6.0,Valid Claim
CLM00074,Camera,NovaTech,12.0,No,Power Failure,Electrical Failure,Yes,No,Yes,Yes,Yes,,Yes,1.0,Unknown,No,Not Applicable,Yes,Yes,No,No,Yes,2.0,672.25,52.23,0.905,Web,MobileWebView,59,System,-0.34476,513.0,15.0,-148.0,Expired,Yes,Yes,1.0,4.0,Yes,Yes,Yes,No,High,4.0,0.0,Invalid Claim
CLM01310,Smartphone,Aster,36.0,No,Overheating,Manufacturing Defect,Yes,Yes,Yes,Yes,Yes,Not Applicable,No,0.0,Not Applicable,No,Not Applicable,Unknown,Yes,No,No,No,0.0,228.66,0.0,0.772,Web,Edge,24,Light,0.38775,277.0,6.0,819.0,Active,Yes,Yes,0.0,5.0,Yes,Yes,No,No,Medium,10.0,6.0,Manual Review
CLM01034,Smartphone,NovaTech,36.0,No,Power Failure,Manufacturing Defect,Yes,Yes,Yes,Yes,Yes,Not Applicable,No,0.0,Not Applicable,Yes,No,Yes,Yes,No,No,No,0.0,978.94,0.0,0.971,Web,Safari,17,Dark,-1.22396,5.0,5.0,1091.0,Active,Yes,Yes,0.0,5.0,Yes,Yes,No,Yes,High,5.0,0.0,Valid Claim
CLM01052,Laptop,NovaTech,24.0,No,Connectivity Issue,Manufacturing Defect,Yes,Yes,Yes,Yes,Yes,Not Applicable,No,0.0,Not Applicable,No,Not Applicable,Yes,Yes,No,Yes,No,0.0,1123.25,0.0,0.795,Web,Safari,20,Dark,-0.22816,260.0,13.0,470.0,Active,Yes,Yes,0.0,5.0,Yes,Yes,No,No,Medium,5.0,2.0,Valid Claim
CLM00151,Laptop,Aster,12.0,No,Battery Problem,Physical Damage,Yes,Yes,Yes,Yes,No,Not Applicable,No,0.0,Not Applicable,No,Not Applicable,No,Yes,No,Yes,No,0.0,1506.88,0.0,0.689,Web,Firefox,10,System,-1.32801,631.0,18.0,-265.0,Expired,Yes,No,1.0,4.0,No,Yes,No,No,Low,2.0,3.0,Invalid Claim
CLM01128,Television,HomePro,36.0,No,Display Failure,Manufacturing Defect,Yes,Yes,Yes,Yes,Yes,Not Applicable,No,0.0,Not Applicable,No,Not Applicable,Yes,Yes,No,No,No,0.0,793.41,0.0,0.97,Web,MobileWebView,45,System,-0.75013,238.0,3.0,858.0,Active,Yes,Yes,0.0,5.0,Yes,Yes,No,No,High,8.0,5.0,Valid Claim
CLM00139,Laptop,ZenCore,24.0,Yes,Power Failure,Manufacturing Defect,Yes,Yes,Yes,Yes,Yes,Not Applicable,No,0.0,Not Applicable,Yes,Yes,Yes,Yes,No,No,No,2.0,449.76,0.0,0.79,Web,Edge,38,Dark,1.90478,141.0,18.0,955.0,Active,Yes,Yes,0.0,5.0,Yes,Yes,No,Yes,Medium,4.0,3.0,Valid Claim
CLM01098,Laptop,ZenCore,12.0,No,Battery Problem,Manufacturing Defect,Yes,Yes,No,Yes,No,Not Applicable,No,0.0,Not Applicable,No,Not Applicable,Unknown,Yes,No,No,No,0.0,1713.55,0.0,0.856,Web,Edge,27,Light,-0.2805,31.0,14.0,334.0,Active,Yes,Yes,2.0,3.0,No,Yes,No,No,High,12.0,3.0,Manual Review
CLM00759,Laptop,Aster,24.0,No,Connectivity Issue,Accidental Damage,,Yes,Yes,Yes,Yes,,Yes,3.0,Unknown,No,Not Applicable,Yes,Yes,No,No,No,1.0,110.05,,0.831,Service Center,Firefox,15,System,-0.53253,150.0,19.0,580.0,Active,Yes,No,0.0,4.0,Unknown,,Yes,No,Medium,10.0,2.0,Invalid Claim
CLM00826,Refrigerator,Aster,24.0,No,Cooling Failure,Water Damage,Yes,Yes,Yes,Yes,No,Not Applicable,No,0.0,Not Applicable,No,Not Applicable,Yes,Yes,No,No,No,1.0,348.43,0.0,0.91,Mobile App,Chrome,33,Dark,-0.91388,23.0,1.0,707.0,Active,Yes,No,1.0,4.0,No,Yes,No,No,High,4.0,2.0,Invalid Claim
CLM00655,Washing Machine,HomePro,24.0,No,Power Failure,Electrical Failure,Yes,,Yes,Yes,Yes,Not Applicable,No,0.0,Not Applicable,No,Not Applicable,Yes,Yes,No,No,No,0.0,730.58,0.0,0.86,Mobile App,Chrome,36,System,0.27349,926.0,10.0,-195.0,Expired,Yes,Yes,0.0,4.0,Yes,Yes,No,No,High,5.0,5.0,Invalid Claim
CLM00193,Air Conditioner,ZenCore,12.0,No,Water Leakage,Electrical Failure,Yes,Yes,Yes,Yes,Yes,Yes,Yes,2.0,Yes,Yes,Yes,Yes,Yes,No,No,No,1.0,608.45,326.87,0.776,Service Center,MobileWebView,17,Dark,-0.70066,429.0,4.0,-64.0,Expired,Yes,Yes,0.0,5.0,Yes,Yes,Yes,Yes,Medium,8.0,6.0,Invalid Claim
CLM00056,Air Conditioner,HomePro,12.0,Yes,Noise,Internal Component Failure,No,Yes,Yes,Yes,Yes,Not Applicable,No,0.0,Not Applicable,No,Not Applicable,Yes,Yes,No,No,No,0.0,427.72,0.0,0.837,Web,Safari,0,Dark,0.07387,314.0,8.0,416.0,Active,Yes,Yes,1.0,4.0,No,No,No,No,Medium,4.0,0.0,Manual Review
CLM01273,Television,PrimeView,36.0,No,Audio Failure,Manufacturing Defect,Yes,Yes,Yes,Yes,Yes,Not Applicable,No,0.0,Not Applicable,No,Not Applicable,Yes,Yes,No,No,No,0.0,602.46,0.0,0.956,Service Center,Edge,17,System,-0.53706,695.0,29.0,400.0,Active,Yes,Yes,0.0,5.0,Yes,Yes,No,No,High,1.0,4.0,Valid Claim
CLM01195,Smartphone,Aster,12.0,No,Connectivity Issue,Internal Component Failure,Yes,,Yes,Yes,No,Not Applicable,No,0.0,Not Applicable,No,Not Applicable,Yes,Yes,No,No,No,2.0,1441.2,0.0,0.865,Service Center,MobileWebView,17,Dark,-0.35985,188.0,14.0,177.0,Active,Yes,Yes,1.0,3.0,No,Yes,No,No,High,3.0,0.0,Manual Review
CLM00615,Television,HomePro,24.0,No,Audio Failure,Electrical Failure,Yes,Yes,Yes,Yes,No,Not Applicable,No,0.0,Not Applicable,No,Not Applicable,Yes,Yes,No,No,No,1.0,326.97,0.0,0.885,Email,Chrome,58,System,0.2793,171.0,42.0,559.0,Active,No,Yes,1.0,4.0,No,Yes,No,No,High,8.0,0.0,Invalid Claim
CLM00886,Washing Machine,PrimeView,24.0,No,Noise,Physical Damage,Yes,Yes,Yes,Yes,Yes,Not Applicable,No,0.0,Not Applicable,Yes,Yes,Yes,Yes,No,No,No,2.0,239.01,0.0,0.924,Mobile App,MobileWebView,15,System,0.5134,172.0,13.0,558.0,Active,Yes,No,0.0,5.0,Yes,Yes,No,Yes,High,4.0,1.0,Invalid Claim
CLM01444,Smartphone,Aster,12.0,No,Power Failure,Manufacturing Defect,Yes,Yes,No,Yes,No,Not Applicable,No,0.0,Not Applicable,No,Not Applicable,Yes,Yes,No,No,No,0.0,845.79,0.0,0.848,Email,MobileWebView,48,Dark,-0.76063,150.0,18.0,215.0,Active,Yes,Yes,2.0,3.0,No,Yes,No,No,Medium,10.0,3.0,Manual Review
CLM01383,Smartphone,NovaTech,24.0,No,Power Failure,Electrical Failure,Yes,Yes,Yes,Yes,,,Yes,2.0,Yes,No,Not Applicable,Yes,Yes,No,No,No,2.0,225.05,504.39,0.763,Email,Firefox,12,System,0.03813,138.0,4.0,593.0,Active,Yes,Yes,0.0,4.0,Unknown,Yes,Yes,No,Medium,1.0,6.0,Valid Claim
CLM01352,Printer,PrimeView,24.0,No,Mechanical Failure,Internal Component Failure,Yes,Yes,No,Yes,Yes,Not Applicable,No,0.0,Not Applicable,No,Not Applicable,Yes,Yes,No,No,No,0.0,52.68,0.0,0.737,Mobile App,Safari,13,System,-2.56111,143.0,26.0,588.0,Active,Yes,Yes,1.0,4.0,No,Yes,No,No,Medium,6.0,5.0,Manual Review
CLM00702,Camera,PrimeView,24.0,No,Lens Failure,Electrical Failure,Yes,Yes,Yes,Yes,Yes,Not Applicable,No,0.0,Not Applicable,No,Not Applicable,No,Yes,No,No,No,2.0,1368.96,0.0,0.572,Mobile App,Edge,35,Dark,-0.63731,419.0,33.0,312.0,Active,No,Yes,0.0,5.0,Yes,Yes,No,No,Low,8.0,2.0,Invalid Claim
CLM00386,Television,Aster,24.0,Yes,Audio Failure,Physical Damage,,Yes,Yes,Yes,Yes,Yes,Yes,2.0,Yes,No,Not Applicable,Yes,Yes,No,No,No,0.0,771.57,,0.817,Web,Firefox,59,Light,-0.82182,108.0,14.0,988.0,Active,Yes,No,0.0,4.0,Unknown,,Yes,No,Medium,3.0,2.0,Invalid Claim
CLM01390,Washing Machine,HomePro,24.0,Yes,Mechanical Failure,Internal Component Failure,Yes,Yes,Yes,Yes,Yes,Not Applicable,No,0.0,Not Applicable,No,Not Applicable,Unknown,Yes,No,No,No,1.0,213.03,0.0,0.73,Web,Chrome,52,Dark,0.73829,346.0,11.0,750.0,Active,Yes,Yes,0.0,5.0,Yes,Yes,No,No,Medium,2.0,0.0,Manual Review
CLM00174,Smartphone,NovaTech,12.0,Yes,Power Failure,Internal Component Failure,Yes,Yes,Yes,Yes,Yes,Not Applicable,No,0.0,Not Applicable,No,Not Applicable,Yes,Yes,No,No,No,1.0,93.45,0.0,,Web,MobileWebView,31,System,-0.64492,487.0,9.0,243.0,Active,Yes,Yes,0.0,5.0,Yes,Yes,No,No,Unknown,8.0,2.0,Valid Claim
CLM01295,Air Conditioner,HomePro,24.0,No,Power Failure,Internal Component Failure,Yes,Yes,,Yes,Yes,Not Applicable,No,0.0,Not Applicable,No,Not Applicable,Yes,Yes,No,No,No,2.0,560.99,0.0,0.852,Web,Firefox,48,System,-0.55649,122.0,4.0,608.0,Active,Yes,Yes,0.0,4.0,Unknown,Yes,No,No,High,12.0,4.0,Valid Claim
CLM00776,Camera,Aster,12.0,No,Connectivity Issue,Electrical Failure,Yes,Yes,Yes,Yes,No,Not Applicable,No,0.0,Not Applicable,No,Not Applicable,Yes,Yes,No,No,No,1.0,790.22,0.0,0.818,Web,Chrome,11,Dark,1.32803,308.0,5.0,57.0,Active,Yes,Yes,1.0,4.0,No,Yes,No,No,Medium,9.0,3.0,Manual Review
CLM00747,Camera,PrimeView,12.0,No,Battery Problem,Manufacturing Defect,Yes,Yes,Yes,Yes,No,Yes,Yes,3.0,Yes,No,Not Applicable,Yes,Yes,No,No,No,1.0,1509.23,,,Web,Chrome,16,Dark,0.01257,278.0,10.0,87.0,Active,Yes,Yes,1.0,4.0,No,Yes,Yes,No,Unknown,5.0,3.0,Manual Review
CLM00688,Television,HomePro,12.0,No,Power Failure,Electrical Failure,Yes,Yes,,Yes,Yes,Not Applicable,No,0.0,Not Applicable,No,Not Applicable,Yes,Yes,No,No,No,0.0,931.37,0.0,,Web,MobileWebView,7,Dark,0.87022,326.0,7.0,40.0,Active,Yes,Yes,0.0,4.0,Unknown,Yes,No,No,Unknown,8.0,3.0,Valid Claim
CLM01246,Printer,PrimeView,24.0,Yes,Power Failure,Internal Component Failure,Yes,Yes,Yes,Yes,Yes,No,Yes,2.0,Yes,No,Not Applicable,Yes,Yes,No,No,No,1.0,245.22,327.55,0.99,Mobile App,Safari,4,System,0.86908,76.0,4.0,1020.0,Active,Yes,Yes,0.0,5.0,Yes,Yes,Yes,No,High,6.0,5.0,Valid Claim
CLM00165,Smartphone,PrimeView,12.0,No,Connectivity Issue,Accidental Damage,Yes,Yes,Yes,Yes,Yes,Not Applicable,No,0.0,Not Applicable,No,Not Applicable,Yes,No,No,No,No,3.0,1418.83,0.0,0.796,Web,Chrome,52,System,0.32326,93.0,11.0,273.0,Active,Yes,No,0.0,5.0,Yes,Yes,No,No,Medium,12.0,3.0,Invalid Claim
CLM01426,Refrigerator,HomePro,12.0,Yes,Noise,Electrical Failure,Yes,Yes,Yes,Yes,Yes,,No,0.0,Not Applicable,No,Not Applicable,Yes,Yes,No,No,No,0.0,2451.55,0.0,0.914,Web,Firefox,36,Light,-1.19657,208.0,9.0,523.0,Active,Yes,Yes,0.0,5.0,Yes,Yes,No,No,High,10.0,6.0,Valid Claim
CLM00192,Air Conditioner,ZenCore,24.0,No,Cooling Failure,Internal Component Failure,Yes,Yes,Yes,Yes,Yes,Not Applicable,No,0.0,Not Applicable,No,Not Applicable,Unknown,Yes,No,No,No,0.0,601.57,0.0,0.889,Email,Safari,42,Light,-0.06385,336.0,16.0,395.0,Active,Yes,Yes,0.0,5.0,Yes,Yes,No,No,High,6.0,5.0,Manual Review
CLM00442,Laptop,NovaTech,12.0,No,Overheating,Manufacturing Defect,Yes,Yes,Yes,Yes,Yes,Yes,Yes,3.0,Yes,No,Not Applicable,Yes,Yes,No,No,No,1.0,812.27,,0.559,Email,Firefox,34,Dark,-0.57633,19.0,19.0,346.0,Active,Yes,Yes,0.0,5.0,Yes,Yes,Yes,No,Low,4.0,0.0,Manual Review
CLM00679,Printer,PrimeView,24.0,No,Connectivity Issue,Physical Damage,Yes,Yes,Yes,Yes,Yes,Yes,Yes,1.0,Yes,No,Not Applicable,Yes,Yes,No,No,No,0.0,1053.16,564.39,0.976,Service Center,Edge,28,Light,1.52262,496.0,12.0,235.0,Active,Yes,No,0.0,5.0,Yes,Yes,Yes,No,High,5.0,1.0,Invalid Claim
CLM00437,Washing Machine,ZenCore,36.0,No,Mechanical Failure,Misuse,Yes,No,Yes,Yes,Yes,Not Applicable,No,0.0,Not Applicable,No,Not Applicable,Yes,Yes,No,No,No,0.0,132.01,0.0,0.923,Service Center,MobileWebView,41,Light,0.93634,12.0,40.0,1084.0,Active,No,No,1.0,4.0,Yes,Yes,No,No,High,6.0,1.0,Invalid Claim
CLM01491,Refrigerator,HomePro,24.0,No,Power Failure,Manufacturing Defect,Yes,No,No,Yes,Yes,Not Applicable,No,0.0,Not Applicable,No,Not Applicable,Yes,Yes,No,No,Yes,2.0,515.59,0.0,0.755,Service Center,MobileWebView,3,Dark,0.35688,138.0,4.0,593.0,Active,Yes,Yes,2.0,3.0,No,Yes,No,No,Medium,9.0,2.0,Manual Review
CLM01079,Camera,NovaTech,24.0,No,Connectivity Issue,Manufacturing Defect,,Yes,Yes,Yes,Yes,Yes,Yes,1.0,Yes,No,Not Applicable,Yes,Yes,No,No,No,2.0,1615.4,458.38,0.8,Service Center,Safari,36,System,1.40163,305.0,5.0,425.0,Active,Yes,Yes,0.0,4.0,Unknown,,Yes,No,Medium,4.0,1.0,Valid Claim
CLM00671,Laptop,NovaTech,12.0,No,Connectivity Issue,Water Damage,Yes,,Yes,Yes,Yes,Not Applicable,No,0.0,Not Applicable,Yes,Yes,Yes,Yes,Yes,No,No,1.0,575.07,0.0,0.75,Service Center,Firefox,30,System,-1.9721,247.0,9.0,118.0,Active,Yes,No,0.0,4.0,Yes,Yes,No,Yes,Medium,11.0,5.0,Invalid Claim
CLM01478,Smartphone,Aster,12.0,No,Battery Problem,Internal Component Failure,Yes,Yes,Yes,No,Yes,Not Applicable,No,0.0,Not Applicable,Yes,Yes,Yes,Yes,No,No,No,0.0,1263.58,0.0,0.713,Service Center,Chrome,21,Dark,-0.73069,106.0,16.0,259.0,Active,Yes,Yes,1.0,4.0,No,Yes,No,Yes,Medium,1.0,3.0,Manual Review
CLM01240,Refrigerator,Aster,12.0,No,Noise,Electrical Failure,Yes,Yes,Yes,Yes,,Not Applicable,No,0.0,Not Applicable,No,Not Applicable,Yes,Yes,No,No,No,2.0,608.71,0.0,0.967,Service Center,Chrome,37,System,-0.42154,43.0,8.0,323.0,Active,Yes,Yes,0.0,4.0,Unknown,Yes,No,No,High,8.0,4.0,Valid Claim
CLM00881,Camera,NovaTech,,No,Battery Problem,Electrical Failure,Yes,Yes,Yes,,Yes,Not Applicable,No,0.0,Not Applicable,No,Not Applicable,Yes,Yes,No,No,No,2.0,262.8,0.0,0.939,Web,Firefox,18,Dark,-0.0461,209.0,0.0,,Unknown,Yes,Yes,0.0,4.0,Unknown,Yes,No,No,High,11.0,0.0,Valid Claim
CLM01427,Printer,HomePro,36.0,No,Connectivity Issue,Manufacturing Defect,No,Yes,Yes,Yes,Yes,,Yes,1.0,Yes,No,Not Applicable,Yes,Yes,No,No,No,2.0,581.48,257.37,0.635,Web,Firefox,42,Dark,-0.72086,975.0,11.0,121.0,Active,Yes,Yes,1.0,4.0,No,No,Yes,No,Low,11.0,5.0,Manual Review
CLM01020,Air Conditioner,HomePro,24.0,Yes,Noise,Internal Component Failure,Yes,Yes,Yes,Yes,Yes,Not Applicable,No,0.0,Not Applicable,No,Not Applicable,Yes,Yes,No,No,No,1.0,490.0,0.0,0.859,Service Center,Safari,31,System,2.98177,270.0,7.0,825.0,Active,Yes,Yes,0.0,5.0,Yes,Yes,No,No,High,12.0,0.0,Valid Claim
CLM00660,Smartphone,NovaTech,24.0,No,Display Failure,Manufacturing Defect,,Yes,No,Yes,Yes,No,Yes,1.0,No,No,Not Applicable,Yes,Yes,No,No,No,0.0,604.24,464.86,0.773,Mobile App,Chrome,13,Dark,0.63186,294.0,6.0,436.0,Active,Yes,Yes,1.0,3.0,Unknown,,Yes,No,Medium,3.0,0.0,Invalid Claim
CLM00129,Refrigerator,Aster,12.0,No,Water Leakage,Internal Component Failure,,Yes,Yes,Yes,Yes,Not Applicable,No,0.0,Not Applicable,Yes,Yes,Yes,Yes,No,No,No,1.0,841.16,0.0,0.726,Web,Chrome,48,Light,-0.20538,60.0,7.0,305.0,Active,Yes,Yes,0.0,4.0,Unknown,,No,Yes,Medium,7.0,0.0,Valid Claim
CLM00962,Printer,NovaTech,12.0,No,Power Failure,Internal Component Failure,,Yes,Yes,Yes,Yes,No,Yes,1.0,Yes,No,Not Applicable,Yes,Yes,No,No,No,3.0,220.84,185.88,0.904,Mobile App,Safari,55,Light,-0.77704,784.0,19.0,-418.0,Expired,Yes,Yes,0.0,4.0,Unknown,,Yes,No,High,4.0,0.0,Invalid Claim
CLM00440,Laptop,ZenCore,12.0,No,Connectivity Issue,Internal Component Failure,Yes,Yes,Yes,Yes,No,Yes,Yes,3.0,Yes,No,Not Applicable,Yes,Yes,No,No,No,2.0,468.61,473.26,0.886,Web,MobileWebView,10,Light,0.25068,825.0,21.0,-459.0,Expired,Yes,Yes,1.0,4.0,No,Yes,Yes,No,High,10.0,1.0,Invalid Claim
CLM00471,Camera,NovaTech,36.0,Yes,Power Failure,Manufacturing Defect,Yes,Yes,Yes,Yes,Yes,Not Applicable,No,0.0,Not Applicable,No,Not Applicable,Yes,Yes,No,Yes,No,1.0,479.07,0.0,0.827,Mobile App,Chrome,54,Dark,1.21815,1004.0,12.0,457.0,Active,Yes,Yes,0.0,5.0,Yes,Yes,No,No,Medium,3.0,5.0,Valid Claim
CLM00499,Washing Machine,HomePro,24.0,No,Power Failure,Water Damage,Yes,No,Yes,No,Yes,Not Applicable,No,0.0,Not Applicable,No,Not Applicable,Yes,No,No,No,No,0.0,,0.0,0.749,Service Center,Safari,11,System,1.79284,95.0,17.0,636.0,Active,Yes,No,2.0,3.0,No,Yes,No,No,Medium,2.0,5.0,Invalid Claim
CLM00768,Refrigerator,ZenCore,12.0,No,Cooling Failure,Manufacturing Defect,Yes,Yes,Yes,Yes,Yes,,No,0.0,Not Applicable,No,Not Applicable,Yes,Yes,No,No,No,0.0,287.49,0.0,0.806,Mobile App,Safari,33,Light,-0.60254,1107.0,7.0,-741.0,Expired,Yes,Yes,0.0,5.0,Yes,Yes,No,No,Medium,7.0,6.0,Invalid Claim
CLM00311,Television,PrimeView,12.0,No,Power Failure,Internal Component Failure,Yes,Yes,No,Yes,,Yes,Yes,1.0,Yes,No,Not Applicable,Yes,Yes,No,No,No,1.0,2494.95,476.83,0.888,Service Center,MobileWebView,10,System,0.288,265.0,17.0,100.0,Active,Yes,Yes,1.0,3.0,Unknown,Yes,Yes,No,High,4.0,6.0,Manual Review
CLM01433,Refrigerator,ZenCore,36.0,Yes,Power Failure,Electrical Failure,Yes,Yes,Yes,Yes,Yes,Not Applicable,No,0.0,Not Applicable,No,Not Applicable,Yes,Yes,No,No,No,1.0,619.93,0.0,0.743,Web,Chrome,12,System,1.37305,777.0,18.0,684.0,Active,Yes,Yes,0.0,5.0,Yes,Yes,No,No,Medium,7.0,2.0,Valid Claim
CLM00394,Washing Machine,,12.0,No,Noise,Physical Damage,Yes,Yes,Yes,Yes,,Not Applicable,No,0.0,Not Applicable,No,Not Applicable,Yes,Yes,No,No,No,0.0,86.1,0.0,0.804,Web,Firefox,13,Light,-0.16888,261.0,4.0,104.0,Active,Yes,No,0.0,4.0,Unknown,Yes,No,No,Medium,7.0,2.0,Invalid Claim
CLM00690,Washing Machine,PrimeView,24.0,No,Power Failure,Manufacturing Defect,Yes,Yes,Yes,Yes,Yes,Not Applicable,No,0.0,Not Applicable,No,Not Applicable,Yes,Yes,No,No,No,1.0,1135.56,0.0,0.89,Web,Safari,52,Light,0.1964,79.0,0.0,652.0,Active,Yes,Yes,0.0,5.0,Yes,Yes,No,No,High,11.0,6.0,Valid Claim
CLM00754,Television,PrimeView,24.0,No,Connectivity Issue,Electrical Failure,Yes,Yes,Yes,Yes,No,Not Applicable,No,0.0,Not Applicable,No,Not Applicable,Yes,Yes,No,Yes,No,1.0,1868.89,0.0,0.578,Service Center,Chrome,45,Dark,-0.80853,296.0,24.0,434.0,Active,Yes,Yes,1.0,4.0,No,Yes,No,No,Low,2.0,4.0,Manual Review
CLM00454,Washing Machine,ZenCore,36.0,No,Noise,Manufacturing Defect,Yes,Yes,No,Yes,Yes,Not Applicable,No,0.0,Not Applicable,No,Not Applicable,Yes,Yes,No,No,No,1.0,667.02,0.0,0.791,Mobile App,Edge,58,Dark,-2.63201,185.0,8.0,911.0,Active,Yes,Yes,1.0,4.0,No,Yes,No,No,Medium,6.0,3.0,Manual Review
CLM00424,Printer,PrimeView,24.0,No,Connectivity Issue,Water Damage,Yes,Yes,Yes,No,Yes,Not Applicable,No,0.0,Not Applicable,No,Not Applicable,Yes,Yes,No,No,No,0.0,508.62,0.0,0.79,Mobile App,Safari,17,System,-1.7413,271.0,3.0,459.0,Active,Yes,No,1.0,4.0,No,Yes,No,No,Medium,11.0,0.0,Invalid Claim
CLM00070,Air Conditioner,ZenCore,12.0,No,Cooling Failure,Manufacturing Defect,Yes,Yes,Yes,Yes,,Not Applicable,No,0.0,Not Applicable,No,Not Applicable,Yes,Yes,No,No,No,1.0,,0.0,0.761,Web,Chrome,21,System,-0.01353,214.0,6.0,151.0,Active,Yes,Yes,0.0,4.0,Unknown,Yes,No,No,Medium,12.0,1.0,Valid Claim
CLM01380,Washing Machine,HomePro,12.0,No,Water Leakage,Electrical Failure,Yes,Yes,Yes,Yes,No,Not Applicable,No,0.0,Not Applicable,No,Not Applicable,Yes,Yes,No,No,No,1.0,182.7,,,Web,Firefox,47,Dark,0.51322,352.0,3.0,14.0,Active,Yes,Yes,1.0,4.0,No,Yes,No,No,Unknown,10.0,3.0,Manual Review
CLM00495,Smartphone,PrimeView,12.0,Yes,Power Failure,Electrical Failure,No,Yes,Yes,Yes,Yes,Not Applicable,No,0.0,Not Applicable,No,Not Applicable,Yes,No,No,No,No,2.0,119.66,0.0,0.73,Web,Firefox,32,Light,-0.07061,626.0,10.0,104.0,Active,Yes,Yes,1.0,4.0,No,No,No,No,Medium,7.0,4.0,Manual Review
CLM00979,Television,HomePro,36.0,No,Connectivity Issue,Misuse,Yes,Yes,Yes,Yes,Yes,Not Applicable,No,0.0,Not Applicable,No,Not Applicable,Yes,Yes,No,No,No,1.0,1030.17,0.0,0.889,Web,Edge,7,System,-1.06761,1045.0,29.0,51.0,Active,Yes,No,0.0,5.0,Yes,Yes,No,No,High,2.0,1.0,Invalid Claim
CLM00661,Refrigerator,ZenCore,24.0,No,Cooling Failure,Electrical Failure,Yes,Yes,Yes,Yes,,Not Applicable,No,0.0,Not Applicable,No,Not Applicable,Yes,Yes,No,No,No,3.0,996.32,0.0,0.807,Service Center,MobileWebView,38,Dark,0.9012,605.0,9.0,126.0,Active,Yes,Yes,0.0,4.0,Unknown,Yes,No,No,Medium,9.0,5.0,Valid Claim
CLM00502,Laptop,ZenCore,24.0,Yes,Battery Problem,Internal Component Failure,Yes,Yes,Yes,,Yes,No,Yes,2.0,Yes,No,Not Applicable,Yes,Yes,No,No,No,1.0,123.77,120.21,0.707,Service Center,Chrome,14,System,-0.92135,855.0,13.0,241.0,Active,Yes,Yes,0.0,4.0,Unknown,Yes,Yes,No,Medium,1.0,1.0,Manual Review
CLM01315,Washing Machine,PrimeView,12.0,No,Power Failure,Internal Component Failure,Yes,Yes,Yes,Yes,Yes,Not Applicable,No,0.0,Not Applicable,No,Not Applicable,Yes,Yes,No,No,No,0.0,1135.39,0.0,0.759,Mobile App,Chrome,18,System,-1.03423,160.0,7.0,205.0,Active,Yes,Yes,0.0,5.0,Yes,Yes,No,No,Medium,4.0,3.0,Valid Claim
CLM01115,Camera,PrimeView,24.0,No,Connectivity Issue,Electrical Failure,Yes,Yes,Yes,Yes,Yes,Yes,Yes,2.0,Unknown,No,Not Applicable,Yes,Yes,No,No,No,1.0,1839.25,146.77,0.848,Service Center,Chrome,43,System,0.72185,594.0,5.0,136.0,Active,Yes,Yes,0.0,5.0,Yes,Yes,Yes,No,Medium,5.0,5.0,Manual Review
CLM00194,Camera,PrimeView,24.0,No,Lens Failure,Normal Wear,Yes,Yes,Yes,Yes,Yes,Yes,Yes,1.0,Yes,No,Not Applicable,Yes,No,No,No,No,1.0,1107.3,82.23,0.523,Web,MobileWebView,5,System,0.07751,100.0,9.0,630.0,Active,Yes,No,0.0,5.0,Yes,Yes,Yes,No,Low,11.0,0.0,Invalid Claim
CLM00565,Refrigerator,ZenCore,24.0,No,Mechanical Failure,Electrical Failure,Yes,No,Yes,Yes,Yes,Yes,Yes,2.0,Yes,No,Not Applicable,Yes,Yes,No,No,No,1.0,693.19,408.68,0.917,Mobile App,Firefox,29,System,1.72628,111.0,9.0,619.0,Active,Yes,Yes,1.0,4.0,Yes,Yes,Yes,No,High,10.0,5.0,Valid Claim
CLM00511,Printer,PrimeView,36.0,No,Connectivity Issue,Manufacturing Defect,Yes,Yes,Yes,Yes,Yes,Not Applicable,No,0.0,Not Applicable,No,Not Applicable,Yes,Yes,Yes,No,Yes,1.0,691.7,0.0,0.699,Web,Safari,44,Dark,-0.26697,259.0,9.0,837.0,Active,Yes,Yes,0.0,5.0,Yes,Yes,No,No,Low,8.0,5.0,Invalid Claim
CLM00895,Smartphone,PrimeView,24.0,No,Battery Problem,Water Damage,Yes,Yes,Yes,Yes,Yes,Not Applicable,No,0.0,Not Applicable,No,Not Applicable,Yes,Yes,No,No,No,1.0,866.95,0.0,0.801,Web,Edge,38,System,0.75795,524.0,11.0,207.0,Active,Yes,No,0.0,5.0,Yes,Yes,No,No,Medium,4.0,6.0,Invalid Claim
CLM01277,Television,PrimeView,36.0,No,Audio Failure,Manufacturing Defect,Yes,Yes,Yes,Yes,Yes,Yes,Yes,3.0,Yes,No,Not Applicable,Yes,Yes,No,No,No,0.0,651.05,329.42,0.786,Mobile App,Edge,18,System,0.5554,192.0,3.0,904.0,Active,Yes,Yes,0.0,5.0,Yes,Yes,Yes,No,Medium,7.0,5.0,Valid Claim
CLM00264,Television,HomePro,12.0,No,Connectivity Issue,Internal Component Failure,Yes,No,Yes,Yes,Yes,Not Applicable,No,0.0,Not Applicable,No,Not Applicable,Yes,Yes,No,No,No,1.0,1117.14,0.0,0.836,Web,Safari,19,Dark,-0.21056,214.0,5.0,151.0,Active,Yes,Yes,1.0,4.0,Yes,Yes,No,No,Medium,4.0,4.0,Valid Claim
CLM00723,Smartphone,PrimeView,12.0,No,Display Failure,Manufacturing Defect,Yes,,Yes,Yes,Yes,Not Applicable,No,0.0,Not Applicable,No,Not Applicable,Yes,Yes,No,No,No,0.0,289.62,0.0,0.888,Service Center,Edge,19,System,-0.41004,88.0,8.0,277.0,Active,Yes,Yes,0.0,4.0,Yes,Yes,No,No,High,9.0,3.0,Valid Claim
CLM00285,Laptop,Aster,24.0,No,Overheating,Physical Damage,Yes,Yes,Yes,Yes,Yes,No,Yes,3.0,Yes,No,Not Applicable,Yes,Yes,No,No,No,1.0,1258.92,313.8,0.861,Service Center,Edge,20,System,0.70924,55.0,0.0,676.0,Active,Yes,No,0.0,5.0,Yes,Yes,Yes,No,High,12.0,4.0,Invalid Claim
CLM00014,Printer,HomePro,12.0,No,Connectivity Issue,Internal Component Failure,Yes,Yes,Yes,Yes,Yes,Not Applicable,No,0.0,Not Applicable,No,Not Applicable,Yes,Yes,No,No,No,0.0,134.37,,0.91,Web,Firefox,18,System,1.32071,811.0,9.0,-445.0,Expired,Yes,Yes,0.0,5.0,Yes,Yes,No,No,High,6.0,0.0,Invalid Claim
CLM00338,Printer,NovaTech,24.0,No,Power Failure,Manufacturing Defect,Yes,Yes,Yes,Yes,Yes,Not Applicable,No,0.0,Not Applicable,No,Not Applicable,Yes,Yes,No,No,No,1.0,216.23,0.0,0.917,Web,Chrome,58,Light,0.81402,436.0,22.0,295.0,Active,Yes,Yes,0.0,5.0,Yes,Yes,No,No,High,9.0,5.0,Valid Claim
CLM01200,Washing Machine,HomePro,36.0,No,Power Failure,Internal Component Failure,Yes,Yes,Yes,Yes,Yes,Yes,Yes,2.0,Yes,No,Not Applicable,Yes,Yes,No,No,No,2.0,263.18,439.66,0.992,Mobile App,MobileWebView,29,System,-0.79384,282.0,19.0,814.0,Active,Yes,Yes,0.0,5.0,Yes,Yes,Yes,No,High,9.0,1.0,Valid Claim
CLM00099,Television,PrimeView,24.0,No,Display Failure,Manufacturing Defect,Yes,Yes,Yes,Yes,No,Not Applicable,No,0.0,Not Applicable,No,Not Applicable,Yes,Yes,No,No,No,2.0,1110.53,,0.743,Service Center,Chrome,26,System,0.64528,1138.0,11.0,-407.0,Expired,Yes,Yes,1.0,4.0,No,Yes,No,No,Medium,9.0,3.0,Invalid Claim
CLM00313,Air Conditioner,HomePro,36.0,No,Noise,Manufacturing Defect,Yes,Yes,Yes,Yes,Yes,Not Applicable,No,0.0,Not Applicable,No,Not Applicable,Yes,Yes,No,No,No,1.0,,0.0,0.908,Mobile App,Edge,11,System,0.19338,428.0,13.0,668.0,Active,Yes,Yes,0.0,5.0,Yes,Yes,No,No,High,8.0,4.0,Valid Claim
CLM01421,Laptop,NovaTech,12.0,Yes,Power Failure,Manufacturing Defect,,Yes,No,No,Yes,Not Applicable,No,0.0,Not Applicable,No,Not Applicable,Yes,Yes,No,No,No,0.0,399.94,0.0,0.846,Web,Firefox,42,System,0.2291,500.0,16.0,230.0,Active,Yes,Yes,2.0,2.0,Unknown,,No,No,Medium,9.0,3.0,Manual Review
CLM00465,Refrigerator,,24.0,No,Noise,Water Damage,Yes,Yes,Yes,Yes,Yes,Yes,Yes,2.0,Yes,No,Not Applicable,Yes,Yes,No,No,No,1.0,1539.29,252.8,0.597,Web,Safari,11,Light,-0.79484,1038.0,19.0,-307.0,Expired,Yes,No,0.0,5.0,Yes,Yes,Yes,No,Low,11.0,3.0,Invalid Claim
CLM00691,Smartphone,NovaTech,12.0,No,Overheating,Manufacturing Defect,Yes,Yes,Yes,Yes,Yes,Not Applicable,No,0.0,Not Applicable,No,Not Applicable,Yes,Yes,No,No,No,0.0,361.44,,0.793,Service Center,Safari,49,System,0.13428,218.0,13.0,147.0,Active,Yes,Yes,0.0,5.0,Yes,Yes,No,No,Medium,6.0,4.0,Valid Claim
CLM00184,Laptop,Aster,12.0,No,Display Failure,Manufacturing Defect,Yes,Yes,Yes,No,Yes,Not Applicable,No,0.0,Not Applicable,No,Not Applicable,Yes,Yes,No,No,No,2.0,,0.0,0.859,Email,Chrome,40,Dark,0.59587,384.0,3.0,-19.0,Expired,Yes,Yes,1.0,4.0,No,Yes,No,No,High,7.0,5.0,Invalid Claim
CLM00529,Air Conditioner,Aster,36.0,Yes,Cooling Failure,Internal Component Failure,,Yes,Yes,No,Yes,Yes,Yes,2.0,Yes,No,Not Applicable,Yes,No,No,No,No,0.0,,559.26,0.897,Web,Firefox,56,Dark,-0.90774,600.0,17.0,861.0,Active,Yes,Yes,1.0,3.0,Unknown,,Yes,No,High,9.0,4.0,Manual Review
CLM00331,Refrigerator,HomePro,24.0,No,Power Failure,Manufacturing Defect,Yes,Yes,Yes,Yes,Yes,Not Applicable,No,0.0,Not Applicable,No,Not Applicable,Yes,Yes,No,No,No,0.0,334.5,0.0,0.773,Web,Chrome,10,Dark,0.76723,237.0,19.0,493.0,Active,Yes,Yes,0.0,5.0,Yes,Yes,No,No,Medium,5.0,3.0,Valid Claim
CLM00545,Camera,PrimeView,24.0,No,Power Failure,Manufacturing Defect,Yes,Yes,Yes,Yes,No,Not Applicable,No,0.0,Not Applicable,No,Not Applicable,Unknown,Yes,No,No,No,1.0,2773.37,0.0,0.83,Service Center,Firefox,46,Light,0.1232,178.0,17.0,552.0,Active,Yes,Yes,1.0,4.0,No,Yes,No,No,Medium,6.0,0.0,Manual Review
CLM00141,Laptop,Aster,12.0,No,Overheating,Electrical Failure,Yes,Yes,Yes,Yes,No,Not Applicable,No,0.0,Not Applicable,No,Not Applicable,Yes,Yes,No,No,No,2.0,309.06,0.0,0.974,Web,Safari,14,Dark,1.61635,110.0,7.0,255.0,Active,Yes,Yes,1.0,4.0,No,Yes,No,No,High,8.0,2.0,Manual Review
CLM00298,Air Conditioner,ZenCore,24.0,No,Cooling Failure,Internal Component Failure,Yes,Yes,Yes,Yes,Yes,Not Applicable,No,0.0,Not Applicable,No,Not Applicable,Yes,Yes,No,No,No,1.0,899.95,0.0,0.831,Web,Safari,57,Light,-0.61457,97.0,11.0,633.0,Active,Yes,Yes,0.0,5.0,Yes,Yes,No,No,Medium,12.0,0.0,Valid Claim
CLM00459,Camera,Aster,36.0,No,Display Failure,Normal Wear,No,Yes,Yes,Yes,Yes,Not Applicable,No,0.0,Not Applicable,No,Not Applicable,Yes,Yes,No,No,No,0.0,412.08,0.0,0.817,Web,Chrome,54,Dark,1.24616,191.0,11.0,905.0,Active,Yes,No,1.0,4.0,No,No,No,No,Medium,12.0,4.0,Invalid Claim
CLM01424,Laptop,ZenCore,36.0,Yes,Display Failure,Manufacturing Defect,Yes,,Yes,Yes,No,Not Applicable,No,0.0,Not Applicable,Yes,Yes,Yes,Yes,No,No,No,0.0,712.27,0.0,0.796,Web,Chrome,47,Dark,-1.32612,147.0,16.0,1314.0,Active,Yes,Yes,1.0,3.0,No,Yes,No,Yes,Medium,3.0,5.0,Manual Review
CLM00995,Camera,PrimeView,24.0,No,Display Failure,Electrical Failure,Yes,No,Yes,Yes,Yes,Not Applicable,No,0.0,Not Applicable,Yes,Yes,Yes,Yes,No,No,No,1.0,339.46,0.0,0.841,Service Center,Safari,26,System,-1.28702,555.0,18.0,176.0,Active,Yes,Yes,1.0,4.0,Yes,Yes,No,Yes,Medium,8.0,6.0,Valid Claim
CLM00020,Air Conditioner,Aster,36.0,No,Noise,Physical Damage,Yes,Yes,Yes,Yes,No,Yes,Yes,3.0,Yes,No,Not Applicable,Yes,Yes,No,No,No,0.0,1038.0,610.46,0.741,Mobile App,Edge,12,Light,1.6624,1037.0,40.0,59.0,Active,No,No,1.0,4.0,No,Yes,Yes,No,Medium,5.0,4.0,Invalid Claim
CLM01368,Washing Machine,HomePro,24.0,No,Power Failure,Electrical Failure,Yes,Yes,Yes,Yes,,Not Applicable,No,0.0,Not Applicable,No,Not Applicable,Yes,Yes,No,No,No,2.0,1400.77,0.0,0.782,Web,Firefox,3,System,-1.62201,224.0,8.0,506.0,Active,Yes,Yes,0.0,4.0,Unknown,Yes,No,No,Medium,11.0,5.0,Manual Review
CLM00044,Laptop,NovaTech,12.0,No,Display Failure,Accidental Damage,Yes,Yes,Yes,Yes,Yes,Not Applicable,No,0.0,Not Applicable,No,Not Applicable,Yes,Yes,No,No,No,0.0,571.98,0.0,0.881,Web,Chrome,53,System,-0.76625,388.0,13.0,-23.0,Expired,Yes,No,0.0,5.0,Yes,Yes,No,No,High,12.0,2.0,Invalid Claim
CLM00819,Air Conditioner,Aster,12.0,No,Noise,Manufacturing Defect,Yes,Yes,Yes,Yes,Yes,Not Applicable,No,0.0,Not Applicable,No,Not Applicable,Yes,Yes,No,No,No,0.0,274.74,0.0,0.728,Mobile App,MobileWebView,42,Dark,-0.43384,305.0,23.0,61.0,Active,Yes,Yes,0.0,5.0,Yes,Yes,No,No,Medium,12.0,2.0,Valid Claim
CLM01119,Washing Machine,HomePro,12.0,No,Noise,Electrical Failure,Yes,Yes,Yes,Yes,Yes,Yes,Yes,1.0,Yes,No,Not Applicable,Yes,Yes,No,No,No,0.0,1439.56,570.39,0.909,Web,Edge,13,Light,-0.43474,187.0,0.0,178.0,Active,Yes,Yes,0.0,5.0,Yes,Yes,Yes,No,High,5.0,5.0,Valid Claim
CLM01306,Camera,Aster,24.0,No,Connectivity Issue,Internal Component Failure,No,Yes,Yes,Yes,Yes,Yes,Yes,1.0,Yes,No,Not Applicable,Yes,Yes,No,No,No,1.0,397.04,187.27,0.728,Mobile App,Firefox,37,System,-2.25552,11.0,11.0,719.0,Active,Yes,Yes,1.0,4.0,No,No,Yes,No,Medium,11.0,4.0,Manual Review
CLM01374,Printer,HomePro,12.0,No,Mechanical Failure,Internal Component Failure,Yes,No,Yes,,Yes,Yes,Yes,3.0,Yes,No,Not Applicable,Yes,Yes,No,No,No,1.0,911.0,303.68,0.937,Web,Safari,4,Light,0.21182,148.0,18.0,217.0,Active,Yes,Yes,1.0,3.0,Unknown,Yes,Yes,No,High,5.0,2.0,Valid Claim
CLM01268,Television,HomePro,24.0,No,Display Failure,Internal Component Failure,Yes,No,Yes,Yes,No,Not Applicable,No,0.0,Not Applicable,No,Not Applicable,Yes,Yes,No,No,No,0.0,2538.18,0.0,0.742,Web,Safari,25,System,-1.14274,320.0,6.0,410.0,Active,Yes,Yes,2.0,3.0,No,Yes,No,No,Medium,11.0,5.0,Manual Review
CLM00497,Washing Machine,PrimeView,24.0,No,Water Leakage,Manufacturing Defect,Yes,Yes,Yes,No,Yes,,No,0.0,Not Applicable,No,Not Applicable,Yes,No,No,No,No,0.0,823.47,0.0,0.892,Service Center,Chrome,6,Light,0.81247,319.0,25.0,411.0,Active,Yes,Yes,1.0,4.0,No,Yes,No,No,High,12.0,5.0,Manual Review
CLM01222,Television,PrimeView,24.0,No,Connectivity Issue,Internal Component Failure,Yes,Yes,Yes,Yes,Yes,Not Applicable,No,0.0,Not Applicable,No,Not Applicable,Unknown,Yes,No,No,No,0.0,407.95,0.0,0.743,Mobile App,Safari,17,Light,-0.03974,320.0,5.0,410.0,Active,Yes,Yes,0.0,5.0,Yes,Yes,No,No,Medium,7.0,4.0,Manual Review
CLM00842,Air Conditioner,HomePro,36.0,No,Water Leakage,Manufacturing Defect,Yes,Yes,Yes,Yes,No,Yes,Yes,2.0,Yes,No,Not Applicable,Yes,Yes,No,No,No,1.0,424.72,241.97,0.81,Web,Chrome,37,Light,1.03248,25.0,0.0,1071.0,Active,Yes,Yes,1.0,4.0,No,Yes,Yes,No,Medium,2.0,4.0,Manual Review
CLM01162,Printer,NovaTech,24.0,No,Power Failure,Internal Component Failure,Yes,Yes,Yes,Yes,Yes,Not Applicable,No,0.0,Not Applicable,No,Not Applicable,Yes,Yes,No,No,No,1.0,247.01,0.0,0.975,Web,Firefox,52,Light,0.98379,222.0,20.0,508.0,Active,Yes,Yes,0.0,5.0,Yes,Yes,No,No,High,5.0,3.0,Valid Claim
CLM00695,Smartphone,Aster,12.0,No,Connectivity Issue,Manufacturing Defect,Yes,No,No,Yes,Yes,No,Yes,3.0,Yes,No,Not Applicable,Yes,Yes,No,No,No,1.0,759.04,185.97,0.797,Mobile App,Edge,30,Dark,-2.07541,956.0,22.0,-590.0,Expired,Yes,Yes,2.0,3.0,No,Yes,Yes,No,Medium,8.0,5.0,Invalid Claim
CLM01072,Refrigerator,ZenCore,12.0,No,Cooling Failure,Electrical Failure,No,Yes,Yes,Yes,Yes,Not Applicable,No,0.0,Not Applicable,No,Not Applicable,Yes,Yes,No,No,No,2.0,1684.4,0.0,0.886,Web,Safari,2,System,-0.12248,267.0,22.0,99.0,Active,Yes,Yes,1.0,4.0,No,No,No,No,High,5.0,0.0,Manual Review
CLM01347,Laptop,NovaTech,12.0,No,Connectivity Issue,Manufacturing Defect,Yes,Yes,Yes,Yes,,,No,0.0,Not Applicable,No,Not Applicable,Yes,Yes,No,No,No,1.0,360.46,0.0,0.986,Web,Firefox,14,Light,-0.59596,194.0,10.0,171.0,Active,Yes,Yes,0.0,4.0,Unknown,Yes,No,No,High,5.0,6.0,Valid Claim
CLM00737,Air Conditioner,Aster,36.0,No,Noise,Manufacturing Defect,Yes,Yes,Yes,Yes,Yes,Not Applicable,No,,Not Applicable,No,Not Applicable,Yes,Yes,No,Yes,No,1.0,264.2,0.0,0.838,Mobile App,Firefox,55,Dark,0.00354,392.0,46.0,703.0,Active,No,Yes,0.0,5.0,Yes,Yes,No,No,Medium,2.0,5.0,Invalid Claim
CLM00147,Washing Machine,ZenCore,24.0,No,Water Leakage,Manufacturing Defect,Yes,Yes,Yes,Yes,Yes,,No,0.0,Not Applicable,No,Not Applicable,Yes,Yes,No,No,No,1.0,270.73,0.0,0.499,Service Center,MobileWebView,19,Dark,-0.63763,38.0,7.0,692.0,Active,Yes,Yes,0.0,5.0,Yes,Yes,No,No,Low,6.0,4.0,Manual Review
CLM00191,Television,HomePro,24.0,No,Display Failure,Manufacturing Defect,Yes,Yes,No,Yes,Yes,Not Applicable,No,0.0,Not Applicable,No,Not Applicable,Yes,Yes,No,No,No,1.0,140.4,0.0,0.83,Web,Safari,19,System,-0.98396,598.0,14.0,132.0,Active,Yes,Yes,1.0,4.0,No,Yes,No,No,Medium,11.0,3.0,Manual Review
CLM00182,Television,Aster,12.0,No,Display Failure,Electrical Failure,Yes,Yes,Yes,Yes,Yes,Not Applicable,No,0.0,Not Applicable,No,Not Applicable,Yes,Yes,No,No,No,2.0,1133.02,0.0,0.866,Service Center,Firefox,32,System,0.43304,197.0,33.0,169.0,Active,No,Yes,0.0,5.0,Yes,Yes,No,No,High,2.0,1.0,Invalid Claim
CLM00323,Smartphone,PrimeView,24.0,No,Display Failure,Electrical Failure,Yes,Yes,Yes,Yes,Yes,Not Applicable,No,0.0,Not Applicable,No,Not Applicable,Yes,Yes,No,No,No,1.0,252.28,0.0,0.721,Mobile App,Chrome,34,System,-0.51896,414.0,18.0,316.0,Active,Yes,Yes,0.0,5.0,Yes,Yes,No,No,Medium,3.0,2.0,Valid Claim
CLM00373,Air Conditioner,HomePro,12.0,No,Power Failure,Manufacturing Defect,Yes,Yes,Yes,Yes,Yes,Not Applicable,No,0.0,Not Applicable,Yes,Yes,Yes,Yes,No,No,No,1.0,219.92,0.0,0.725,Mobile App,Chrome,5,Dark,1.20466,22.0,9.0,343.0,Active,Yes,Yes,0.0,5.0,Yes,Yes,No,Yes,Medium,12.0,6.0,Valid Claim
CLM00314,Printer,NovaTech,36.0,No,Connectivity Issue,Internal Component Failure,,Yes,Yes,Yes,Yes,Not Applicable,No,0.0,Not Applicable,No,Not Applicable,Yes,Yes,No,No,Yes,0.0,110.0,0.0,0.58,Web,Safari,43,System,0.00931,148.0,13.0,948.0,Active,Yes,Yes,0.0,4.0,Unknown,,No,No,Low,4.0,2.0,Manual Review
CLM00181,Smartphone,Aster,12.0,No,Battery Problem,Internal Component Failure,Yes,,Yes,Yes,Yes,,No,0.0,Not Applicable,No,Not Applicable,Yes,Yes,No,No,No,1.0,441.34,,0.955,Mobile App,Chrome,34,Dark,2.79478,530.0,7.0,-164.0,Expired,Yes,Yes,0.0,4.0,Yes,Yes,No,No,High,12.0,5.0,Invalid Claim
CLM01387,Air Conditioner,ZenCore,24.0,No,Cooling Failure,Manufacturing Defect,Yes,Yes,Yes,Yes,Yes,Not Applicable,No,0.0,Not Applicable,No,Not Applicable,Yes,No,No,No,No,1.0,,,0.876,Service Center,Edge,7,Dark,-0.66336,454.0,5.0,276.0,Active,Yes,Yes,0.0,5.0,Yes,Yes,No,No,High,5.0,4.0,Manual Review
CLM01249,Air Conditioner,ZenCore,24.0,No,Cooling Failure,Electrical Failure,Yes,No,Yes,Yes,Yes,Not Applicable,No,0.0,Not Applicable,No,Not Applicable,Yes,Yes,No,No,No,1.0,653.76,99999.0,0.883,Service Center,Firefox,17,Light,-1.65939,396.0,4.0,334.0,Active,Yes,Yes,1.0,4.0,Yes,Yes,No,No,High,4.0,2.0,Valid Claim
CLM00587,Air Conditioner,ZenCore,36.0,No,Noise,Electrical Failure,Yes,Yes,Yes,,Yes,Yes,Yes,2.0,Yes,No,Not Applicable,Yes,Yes,No,No,No,0.0,339.91,361.84,0.612,Mobile App,Chrome,55,System,1.71575,94.0,27.0,1001.0,Active,Yes,Yes,0.0,4.0,Unknown,Yes,Yes,No,Low,6.0,3.0,Manual Review
CLM00201,Washing Machine,HomePro,24.0,Yes,Water Leakage,Manufacturing Defect,Yes,,Yes,Yes,,Not Applicable,No,0.0,Not Applicable,No,Not Applicable,Yes,Yes,No,No,No,1.0,220.04,0.0,0.957,Web,Edge,46,System,0.98279,739.0,10.0,356.0,Active,Yes,Yes,0.0,3.0,Unknown,Yes,No,No,High,7.0,2.0,Valid Claim
CLM00986,Printer,NovaTech,24.0,Yes,Mechanical Failure,Manufacturing Defect,Yes,,Yes,Yes,Yes,Not Applicable,No,0.0,Not Applicable,No,Not Applicable,Yes,Yes,No,No,No,1.0,,0.0,0.775,Service Center,Edge,13,System,1.85673,606.0,4.0,490.0,Active,Yes,Yes,0.0,4.0,Yes,Yes,No,No,Medium,5.0,5.0,Valid Claim
CLM01333,Washing Machine,ZenCore,24.0,Yes,Mechanical Failure,Internal Component Failure,Yes,Yes,No,No,No,Not Applicable,No,0.0,Not Applicable,No,Not Applicable,Yes,Yes,No,No,No,1.0,1061.68,0.0,0.806,Email,Safari,23,Light,0.56061,174.0,3.0,922.0,Active,Yes,Yes,3.0,2.0,No,Yes,No,No,Medium,8.0,6.0,Manual Review
CLM01382,Printer,HomePro,24.0,No,Paper Feed Failure,Internal Component Failure,Yes,No,Yes,Yes,Yes,Not Applicable,No,0.0,Not Applicable,No,Not Applicable,Unknown,Yes,No,Yes,No,0.0,405.79,0.0,0.895,Web,Chrome,19,System,0.19896,537.0,8.0,194.0,Active,Yes,Yes,1.0,4.0,Yes,Yes,No,No,High,7.0,1.0,Manual Review
CLM00231,Printer,HomePro,24.0,No,Paper Feed Failure,Misuse,Yes,Yes,Yes,Yes,Yes,Yes,Yes,2.0,Yes,No,Not Applicable,Yes,Yes,No,No,No,1.0,741.24,66.07,0.783,Web,Firefox,50,System,0.25363,198.0,24.0,532.0,Active,Yes,No,0.0,5.0,Yes,Yes,Yes,No,Medium,4.0,1.0,Invalid Claim
CLM00636,Refrigerator,ZenCore,24.0,No,Power Failure,Electrical Failure,Yes,Yes,Yes,Yes,Yes,Not Applicable,No,0.0,Not Applicable,No,Not Applicable,Yes,Yes,No,No,No,0.0,,0.0,,Service Center,Safari,16,System,0.65403,250.0,1.0,480.0,Active,Yes,Yes,0.0,5.0,Yes,Yes,No,No,Unknown,9.0,5.0,Valid Claim
CLM00227,Washing Machine,PrimeView,12.0,No,Water Leakage,Accidental Damage,Yes,Yes,Yes,Yes,Yes,Not Applicable,No,0.0,Not Applicable,No,Not Applicable,Yes,Yes,No,No,No,2.0,,0.0,0.866,Web,Firefox,9,Dark,0.96695,309.0,26.0,57.0,Active,Yes,No,0.0,5.0,Yes,Yes,No,No,High,10.0,6.0,Invalid Claim
CLM00627,Camera,Aster,,Yes,Battery Problem,Electrical Failure,Yes,Yes,Yes,Yes,Yes,Not Applicable,No,0.0,Not Applicable,No,Not Applicable,Yes,Yes,No,No,No,0.0,2863.8,0.0,0.512,Web,Chrome,14,Light,0.67187,130.0,15.0,,Unknown,Yes,Yes,0.0,5.0,Yes,Yes,No,No,Low,12.0,5.0,Manual Review
CLM00507,Air Conditioner,HomePro,12.0,No,Water Leakage,Electrical Failure,Yes,,Yes,Yes,Yes,Not Applicable,No,0.0,Not Applicable,No,Not Applicable,Yes,Yes,No,No,No,1.0,1970.9,0.0,0.993,Web,Firefox,17,System,-0.21549,467.0,23.0,-102.0,Expired,Yes,Yes,0.0,4.0,Yes,Yes,No,No,High,5.0,4.0,Invalid Claim
CLM00557,Laptop,Aster,12.0,Yes,Battery Problem,Water Damage,Yes,No,Yes,No,Yes,Not Applicable,No,0.0,Not Applicable,No,Not Applicable,Yes,Yes,No,No,No,3.0,1039.69,0.0,0.857,Web,Chrome,20,Dark,0.24191,309.0,6.0,421.0,Active,Yes,No,2.0,3.0,No,Yes,No,No,High,8.0,1.0,Invalid Claim
CLM00274,Laptop,Aster,24.0,Yes,Battery Problem,Internal Component Failure,Yes,Yes,Yes,,Yes,Not Applicable,No,0.0,Not Applicable,No,Not Applicable,Yes,Yes,No,No,No,1.0,364.71,0.0,0.78,Mobile App,Chrome,31,Dark,-1.13364,304.0,16.0,792.0,Active,Yes,Yes,0.0,4.0,Unknown,Yes,No,No,Medium,6.0,2.0,Valid Claim
CLM00431,Printer,NovaTech,24.0,No,Paper Feed Failure,Internal Component Failure,,No,Yes,Yes,Yes,Yes,Yes,3.0,No,No,Not Applicable,Yes,Yes,No,No,No,2.0,160.83,242.86,0.735,Email,MobileWebView,35,Light,1.527,504.0,26.0,226.0,Active,Yes,Yes,1.0,3.0,Unknown,,Yes,No,Medium,8.0,4.0,Invalid Claim
CLM00726,Laptop,NovaTech,24.0,No,Display Failure,Manufacturing Defect,Yes,Yes,Yes,Yes,Yes,Not Applicable,No,0.0,Not Applicable,No,Not Applicable,Yes,Yes,No,No,No,0.0,435.48,0.0,0.939,Web,Chrome,13,System,1.18524,1165.0,10.0,-434.0,Expired,Yes,Yes,0.0,5.0,Yes,Yes,No,No,High,7.0,4.0,Invalid Claim
CLM00833,Air Conditioner,Aster,36.0,No,Water Leakage,Internal Component Failure,No,Yes,No,Yes,,Not Applicable,No,0.0,Not Applicable,No,Not Applicable,Yes,Yes,No,No,No,0.0,1264.95,0.0,0.919,Mobile App,Safari,42,System,1.89598,95.0,18.0,1000.0,Active,Yes,Yes,2.0,2.0,Unknown,No,No,No,High,1.0,0.0,Manual Review
CLM00436,Air Conditioner,HomePro,36.0,No,Water Leakage,Internal Component Failure,Yes,Yes,,,Yes,Not Applicable,No,0.0,Not Applicable,Yes,No,Yes,Yes,No,No,No,1.0,1611.92,0.0,0.926,Email,Edge,51,System,-1.52012,41.0,15.0,1055.0,Active,Yes,Yes,0.0,3.0,Unknown,Yes,No,Yes,High,12.0,4.0,Valid Claim
CLM00609,Laptop,Aster,12.0,No,Connectivity Issue,Accidental Damage,Yes,Yes,No,Yes,Yes,Not Applicable,No,0.0,Not Applicable,No,Not Applicable,Yes,Yes,No,No,No,2.0,1071.56,0.0,0.995,Service Center,Edge,42,Dark,-0.22367,60.0,24.0,305.0,Active,Yes,No,1.0,4.0,No,Yes,No,No,High,4.0,6.0,Invalid Claim
CLM01026,Laptop,NovaTech,12.0,Yes,Connectivity Issue,Electrical Failure,Yes,Yes,Yes,Yes,Yes,Not Applicable,No,0.0,Not Applicable,No,Not Applicable,Yes,No,No,No,No,1.0,1544.87,0.0,0.846,Web,Safari,14,System,0.28946,312.0,5.0,418.0,Active,Yes,Yes,0.0,5.0,Yes,Yes,No,No,Medium,4.0,3.0,Manual Review
CLM00876,Washing Machine,HomePro,24.0,No,Mechanical Failure,Electrical Failure,Yes,Yes,Yes,No,Yes,Not Applicable,No,0.0,Not Applicable,No,Not Applicable,Yes,Yes,No,No,No,4.0,278.84,0.0,0.913,Mobile App,MobileWebView,27,System,1.24757,502.0,23.0,228.0,Active,Yes,Yes,1.0,4.0,No,Yes,No,No,High,7.0,0.0,Manual Review
CLM01373,Air Conditioner,Aster,24.0,No,Cooling Failure,Electrical Failure,Yes,Yes,Yes,No,Yes,Not Applicable,No,0.0,Not Applicable,No,Not Applicable,Yes,Yes,No,No,No,1.0,1188.05,0.0,0.945,Service Center,Edge,50,Light,-1.15167,284.0,29.0,446.0,Active,Yes,Yes,1.0,4.0,No,Yes,No,No,High,2.0,1.0,Manual Review
CLM00915,Refrigerator,Aster,24.0,No,Mechanical Failure,Internal Component Failure,Yes,Yes,Yes,Yes,Yes,Not Applicable,No,0.0,Not Applicable,No,Not Applicable,Yes,Yes,No,No,No,0.0,240.5,0.0,0.768,Service Center,MobileWebView,45,Dark,-0.1071,587.0,26.0,143.0,Active,Yes,Yes,0.0,5.0,Yes,Yes,No,No,Medium,7.0,0.0,Valid Claim
CLM00616,Air Conditioner,ZenCore,24.0,Yes,Power Failure,Internal Component Failure,Yes,Yes,Yes,Yes,Yes,Not Applicable,No,0.0,Not Applicable,No,Not Applicable,Yes,Yes,No,No,No,0.0,760.74,0.0,0.949,Email,Edge,57,System,0.58238,278.0,2.0,818.0,Active,Yes,Yes,0.0,5.0,Yes,Yes,No,No,High,2.0,5.0,Valid Claim
CLM01438,Camera,PrimeView,12.0,No,Battery Problem,Internal Component Failure,,Yes,Yes,Yes,Yes,Yes,Yes,2.0,Yes,No,Not Applicable,Yes,Yes,No,No,No,0.0,1140.8,166.5,0.783,Mobile App,Safari,59,Dark,-0.0671,108.0,16.0,258.0,Active,Yes,Yes,0.0,4.0,Unknown,,Yes,No,Medium,7.0,3.0,Valid Claim
CLM00015,Refrigerator,HomePro,12.0,No,Cooling Failure,Manufacturing Defect,Yes,,Yes,Yes,Yes,Not Applicable,No,0.0,Not Applicable,No,Not Applicable,Yes,Yes,No,No,No,1.0,2393.13,0.0,0.966,Mobile App,Firefox,44,Light,0.36586,31.0,9.0,334.0,Active,Yes,Yes,0.0,4.0,Yes,Yes,No,No,High,11.0,2.0,Valid Claim
CLM00790,Refrigerator,HomePro,24.0,Yes,Mechanical Failure,Accidental Damage,Yes,Yes,Yes,Yes,Yes,No,Yes,2.0,Yes,No,Not Applicable,Yes,Yes,No,No,No,1.0,1767.93,566.42,0.974,Web,Edge,0,Dark,0.25652,145.0,217.0,951.0,Active,No,No,0.0,5.0,Yes,Yes,Yes,No,High,7.0,3.0,Invalid Claim
CLM00987,Camera,PrimeView,24.0,No,Lens Failure,Electrical Failure,Yes,Yes,Yes,Yes,Yes,Not Applicable,No,0.0,Not Applicable,No,Not Applicable,Yes,Yes,No,No,No,0.0,612.73,0.0,0.968,Web,MobileWebView,35,Light,-0.48662,476.0,5.0,254.0,Active,Yes,Yes,0.0,5.0,Yes,Yes,No,No,High,5.0,3.0,Valid Claim
CLM00310,Washing Machine,HomePro,24.0,No,Water Leakage,Accidental Damage,Yes,Yes,Yes,Yes,Yes,Not Applicable,No,0.0,Not Applicable,No,Not Applicable,Yes,Yes,No,No,No,0.0,155.22,0.0,0.853,Service Center,Edge,36,System,0.09389,481.0,2.0,250.0,Active,Yes,No,0.0,5.0,Yes,Yes,No,No,High,5.0,4.0,Invalid Claim
CLM00133,Laptop,Aster,12.0,No,Connectivity Issue,Manufacturing Defect,Yes,No,Yes,Yes,Yes,No,Yes,1.0,Yes,No,Not Applicable,Yes,No,No,No,No,1.0,1556.76,45.39,0.858,Mobile App,Chrome,40,Dark,0.14987,408.0,25.0,-43.0,Expired,Yes,Yes,1.0,4.0,Yes,Yes,Yes,No,High,12.0,5.0,Invalid Claim
CLM00154,Laptop,Aster,12.0,No,Display Failure,Manufacturing Defect,Yes,Yes,Yes,Yes,No,Not Applicable,No,0.0,Not Applicable,No,Not Applicable,Yes,Yes,No,No,No,1.0,1496.16,0.0,0.862,Web,Safari,30,Light,0.45684,210.0,11.0,155.0,Active,Yes,Yes,1.0,4.0,No,Yes,No,No,High,10.0,2.0,Manual Review
CLM00907,Laptop,Aster,12.0,No,Connectivity Issue,Internal Component Failure,Yes,Yes,Yes,Yes,Yes,Not Applicable,No,0.0,Not Applicable,No,Not Applicable,Yes,Yes,No,No,No,2.0,802.06,,0.839,Email,Chrome,22,System,-0.06502,780.0,8.0,-414.0,Expired,Yes,Yes,0.0,5.0,Yes,Yes,No,No,Medium,4.0,3.0,Invalid Claim
CLM00271,Air Conditioner,HomePro,12.0,Yes,Noise,Internal Component Failure,Yes,Yes,Yes,Yes,Yes,Not Applicable,No,0.0,Not Applicable,No,Not Applicable,Yes,Yes,No,No,No,0.0,253.71,0.0,0.969,Service Center,Chrome,26,Dark,3.16674,217.0,1.0,514.0,Active,Yes,Yes,0.0,5.0,Yes,Yes,No,No,High,12.0,0.0,Valid Claim
CLM00344,Television,Aster,12.0,No,Audio Failure,Accidental Damage,Yes,Yes,Yes,Yes,Yes,Yes,Yes,2.0,Yes,No,Not Applicable,Yes,Yes,No,No,No,0.0,64.52,222.51,0.966,Service Center,Chrome,47,System,-1.10085,154.0,24.0,211.0,Active,Yes,No,0.0,5.0,Yes,Yes,Yes,No,High,4.0,4.0,Invalid Claim
CLM00643,Camera,NovaTech,12.0,No,Lens Failure,Physical Damage,Yes,Yes,Yes,Yes,Yes,Yes,Yes,1.0,Yes,Yes,Yes,Yes,Yes,No,No,No,0.0,49.23,77.65,0.56,Web,Edge,21,System,1.43375,33.0,9.0,333.0,Active,Yes,No,0.0,5.0,Yes,Yes,Yes,Yes,Low,3.0,6.0,Invalid Claim
CLM01342,Air Conditioner,HomePro,24.0,No,Power Failure,Manufacturing Defect,Yes,Yes,Yes,Yes,,Yes,Yes,3.0,Yes,No,Not Applicable,Yes,Yes,No,No,No,1.0,214.14,630.67,0.769,Web,Safari,52,System,-0.84921,341.0,26.0,389.0,Active,Yes,Yes,0.0,4.0,Unknown,Yes,Yes,No,Medium,4.0,2.0,Valid Claim
CLM00376,Printer,HomePro,24.0,No,Power Failure,Electrical Failure,No,Yes,Yes,Yes,Yes,,No,0.0,Not Applicable,No,Not Applicable,Yes,Yes,No,No,No,0.0,63.75,0.0,0.628,Web,Safari,3,System,2.79213,329.0,21.0,402.0,Active,Yes,Yes,1.0,4.0,No,No,No,No,Low,7.0,6.0,Manual Review
CLM00922,Printer,HomePro,12.0,Yes,Connectivity Issue,Normal Wear,Yes,Yes,Yes,No,Yes,Not Applicable,No,0.0,Not Applicable,No,Not Applicable,Yes,Yes,No,No,No,1.0,86.13,0.0,0.795,Web,Safari,50,System,0.19198,723.0,18.0,8.0,Active,Yes,No,1.0,4.0,No,Yes,No,No,Medium,12.0,5.0,Invalid Claim
CLM01221,Printer,NovaTech,24.0,No,Paper Feed Failure,Internal Component Failure,Yes,Yes,Yes,Yes,Yes,Not Applicable,No,0.0,Not Applicable,No,Not Applicable,Yes,Yes,No,No,No,0.0,1033.15,0.0,0.735,Web,Firefox,5,Dark,-1.21048,114.0,12.0,616.0,Active,Yes,Yes,0.0,5.0,Yes,Yes,No,No,Medium,6.0,0.0,Valid Claim
CLM01415,Refrigerator,ZenCore,12.0,No,Power Failure,Electrical Failure,Yes,Yes,Yes,Yes,Yes,Yes,Yes,2.0,Yes,No,Not Applicable,Yes,Yes,No,No,No,1.0,1929.48,158.61,0.757,Web,Firefox,16,Light,-0.92254,328.0,8.0,37.0,Active,Yes,Yes,0.0,5.0,Yes,Yes,Yes,No,Medium,5.0,5.0,Valid Claim
CLM01300,Camera,NovaTech,12.0,No,Power Failure,Internal Component Failure,Yes,Yes,Yes,Yes,Yes,Not Applicable,No,0.0,Not Applicable,Yes,Yes,Yes,Yes,No,No,No,2.0,342.38,,0.797,Web,MobileWebView,53,Light,-0.26735,22.0,22.0,343.0,Active,Yes,Yes,0.0,5.0,Yes,Yes,No,Yes,Medium,7.0,0.0,Valid Claim
CLM00236,Refrigerator,HomePro,24.0,No,Water Leakage,Internal Component Failure,Yes,,Yes,Yes,Yes,Not Applicable,No,0.0,Not Applicable,No,Not Applicable,Yes,Yes,No,No,No,2.0,1458.42,0.0,0.676,Web,Safari,2,Light,-0.37693,491.0,6.0,240.0,Active,Yes,Yes,0.0,4.0,Yes,Yes,No,No,Low,9.0,2.0,Manual Review
CLM01055,Laptop,NovaTech,36.0,No,Connectivity Issue,Internal Component Failure,Yes,Yes,Yes,Yes,Yes,,No,0.0,Not Applicable,No,Not Applicable,Yes,Yes,No,No,No,2.0,1805.32,0.0,0.815,Web,Safari,25,Dark,1.23722,240.0,23.0,855.0,Active,Yes,Yes,0.0,5.0,Yes,Yes,No,No,Medium,5.0,3.0,Valid Claim
CLM01307,Smartphone,Aster,24.0,No,Display Failure,Manufacturing Defect,No,Yes,Yes,Yes,Yes,,Yes,1.0,Yes,No,Not Applicable,Yes,Yes,No,No,No,0.0,882.45,203.4,0.794,Web,Safari,57,System,-0.46809,90.0,6.0,640.0,Active,Yes,Yes,1.0,4.0,No,No,Yes,No,Medium,4.0,1.0,Manual Review
CLM00854,Television,HomePro,12.0,No,Audio Failure,Manufacturing Defect,Yes,Yes,Yes,Yes,,Not Applicable,No,0.0,Not Applicable,No,Not Applicable,Yes,Yes,No,No,No,2.0,339.87,0.0,0.774,Service Center,Chrome,22,Dark,-0.79851,952.0,10.0,-586.0,Expired,Yes,Yes,0.0,4.0,Unknown,Yes,No,No,Medium,11.0,6.0,Invalid Claim
CLM01192,Television,PrimeView,24.0,Yes,Power Failure,Internal Component Failure,Yes,Yes,Yes,Yes,Yes,,No,0.0,Not Applicable,No,Not Applicable,Yes,Yes,No,No,No,0.0,570.88,0.0,0.956,Email,Chrome,20,System,0.08127,268.0,21.0,827.0,Active,Yes,Yes,0.0,5.0,Yes,Yes,No,No,High,10.0,2.0,Valid Claim
CLM00811,Camera,NovaTech,24.0,No,Lens Failure,Manufacturing Defect,Yes,No,Yes,Yes,Yes,Not Applicable,No,0.0,Not Applicable,No,Not Applicable,Yes,Yes,No,No,No,1.0,2080.0,0.0,0.894,Service Center,MobileWebView,24,Light,0.77639,417.0,28.0,314.0,Active,Yes,Yes,1.0,4.0,Yes,Yes,No,No,High,4.0,6.0,Valid Claim
CLM00112,Refrigerator,Aster,36.0,No,Water Leakage,Electrical Failure,Yes,Yes,Yes,Yes,Yes,Not Applicable,No,0.0,Not Applicable,Yes,Yes,Yes,Yes,No,No,No,0.0,163.93,0.0,0.923,Service Center,MobileWebView,16,Dark,-0.67494,287.0,,809.0,Active,Unknown,Yes,0.0,5.0,Yes,Yes,No,Yes,High,11.0,1.0,Invalid Claim
CLM00594,Printer,HomePro,36.0,No,Power Failure,Electrical Failure,Yes,Yes,Yes,Yes,Yes,Not Applicable,No,0.0,Not Applicable,No,Not Applicable,Yes,Yes,No,No,No,0.0,56.57,,0.82,Mobile App,Edge,52,Dark,-1.84244,642.0,24.0,453.0,Active,Yes,Yes,0.0,5.0,Yes,Yes,No,No,Medium,12.0,0.0,Valid Claim
CLM01469,Printer,PrimeView,24.0,Yes,Connectivity Issue,Internal Component Failure,Yes,Yes,Yes,Yes,No,Yes,Yes,3.0,Yes,Yes,Yes,Yes,Yes,No,No,No,0.0,,154.75,0.87,Web,Firefox,37,Light,-0.31344,613.0,18.0,483.0,Active,Yes,Yes,1.0,4.0,No,Yes,Yes,Yes,High,6.0,3.0,Manual Review
CLM00076,Printer,PrimeView,12.0,No,Mechanical Failure,Accidental Damage,Yes,Yes,Yes,Yes,Yes,,No,0.0,Not Applicable,No,Not Applicable,Yes,Yes,Yes,No,No,0.0,44.84,0.0,0.735,Web,Safari,50,Light,0.5279,94.0,9.0,271.0,Active,Yes,No,0.0,5.0,Yes,Yes,No,No,Medium,8.0,0.0,Invalid Claim
CLM00644,Smartphone,Aster,24.0,No,Display Failure,Normal Wear,Yes,Yes,Yes,Yes,Yes,Not Applicable,No,0.0,Not Applicable,No,Not Applicable,Yes,Yes,No,No,No,0.0,583.24,0.0,,Email,Chrome,43,Dark,0.93477,148.0,4.0,582.0,Active,Yes,No,0.0,5.0,Yes,Yes,No,No,Unknown,7.0,0.0,Invalid Claim
CLM01030,Printer,NovaTech,24.0,No,Mechanical Failure,Manufacturing Defect,Yes,Yes,Yes,Yes,Yes,Not Applicable,No,0.0,Not Applicable,Yes,No,Yes,Yes,No,No,No,1.0,269.24,,0.639,Web,Chrome,34,Dark,-0.03913,510.0,7.0,220.0,Active,Yes,Yes,0.0,5.0,Yes,Yes,No,Yes,Low,6.0,5.0,Manual Review
CLM00493,Washing Machine,HomePro,24.0,No,Power Failure,Internal Component Failure,No,Yes,Yes,Yes,Yes,Not Applicable,No,0.0,Not Applicable,No,Not Applicable,Yes,Yes,No,No,No,1.0,634.91,0.0,0.838,Web,Chrome,42,System,0.98018,507.0,18.0,223.0,Active,Yes,Yes,1.0,4.0,No,No,No,No,Medium,8.0,0.0,Manual Review
CLM00105,Camera,NovaTech,12.0,No,Connectivity Issue,Electrical Failure,Yes,Yes,Yes,Yes,Yes,,No,0.0,Not Applicable,No,Not Applicable,Yes,Yes,No,No,No,1.0,326.24,0.0,0.97,Service Center,MobileWebView,6,Dark,1.62643,461.0,14.0,-96.0,Expired,Yes,Yes,0.0,5.0,Yes,Yes,No,No,High,9.0,6.0,Invalid Claim
CLM01463,Laptop,ZenCore,36.0,No,Power Failure,Manufacturing Defect,Yes,Yes,Yes,No,No,Not Applicable,No,0.0,Not Applicable,No,Not Applicable,Yes,Yes,No,No,No,0.0,110.17,0.0,0.98,Service Center,MobileWebView,11,Light,1.12961,128.0,13.0,968.0,Active,Yes,Yes,2.0,3.0,No,Yes,No,No,High,6.0,1.0,Manual Review
CLM00293,Printer,PrimeView,24.0,No,Power Failure,Internal Component Failure,Yes,Yes,Yes,Yes,Yes,Not Applicable,No,0.0,Not Applicable,No,Not Applicable,Yes,Yes,No,No,No,0.0,576.47,0.0,0.752,Mobile App,Edge,47,Dark,0.9372,709.0,31.0,22.0,Active,No,Yes,0.0,5.0,Yes,Yes,No,No,Medium,4.0,6.0,Invalid Claim
CLM00269,Washing Machine,ZenCore,24.0,No,Power Failure,Electrical Failure,Yes,,Yes,Yes,Yes,Not Applicable,No,0.0,Not Applicable,No,Not Applicable,Yes,Yes,No,No,No,2.0,882.84,0.0,0.483,Web,MobileWebView,17,Dark,-0.26546,374.0,11.0,357.0,Active,Yes,Yes,0.0,4.0,Yes,Yes,No,No,Low,2.0,0.0,Manual Review
CLM01118,Television,PrimeView,24.0,No,Connectivity Issue,Manufacturing Defect,Yes,Yes,Yes,No,Yes,Not Applicable,No,0.0,Not Applicable,No,Not Applicable,Yes,Yes,No,No,No,0.0,1591.17,0.0,0.912,Mobile App,Chrome,51,Light,1.2242,19.0,13.0,711.0,Active,Yes,Yes,1.0,4.0,No,Yes,No,No,High,9.0,2.0,Manual Review
CLM00641,Refrigerator,HomePro,36.0,No,Noise,Electrical Failure,Yes,No,Yes,Yes,Yes,Not Applicable,No,0.0,Not Applicable,No,Not Applicable,Yes,Yes,No,No,No,3.0,1103.22,0.0,0.778,Service Center,Chrome,1,Dark,-0.76985,159.0,3.0,937.0,Active,Yes,Yes,1.0,4.0,Yes,Yes,No,No,Medium,1.0,3.0,Valid Claim
CLM00299,Refrigerator,HomePro,24.0,No,Noise,Electrical Failure,Yes,Yes,Yes,Yes,No,,No,0.0,Not Applicable,No,Not Applicable,Yes,Yes,No,No,No,1.0,1430.43,0.0,0.973,Email,Firefox,7,System,-0.93143,,,,Unknown,Unknown,Yes,1.0,4.0,No,Yes,No,No,High,,,Manual Review
CLM00422,Refrigerator,ZenCore,36.0,No,Water Leakage,Accidental Damage,Yes,Yes,Yes,Yes,Yes,Yes,Yes,1.0,Yes,No,Not Applicable,Yes,Yes,No,No,No,0.0,,278.89,0.684,Service Center,Chrome,44,System,0.44405,159.0,14.0,936.0,Active,Yes,No,0.0,5.0,Yes,Yes,Yes,No,Low,4.0,3.0,Invalid Claim
CLM00720,Air Conditioner,HomePro,24.0,No,Cooling Failure,Electrical Failure,Yes,No,Yes,Yes,Yes,Not Applicable,No,0.0,Not Applicable,No,Not Applicable,Yes,Yes,No,No,No,0.0,1540.26,0.0,0.581,Mobile App,MobileWebView,48,System,0.80467,113.0,15.0,617.0,Active,Yes,Yes,1.0,4.0,Yes,Yes,No,No,Low,5.0,5.0,Manual Review
CLM01325,Television,HomePro,24.0,No,Power Failure,Electrical Failure,Yes,Yes,Yes,Yes,Yes,Not Applicable,No,0.0,Not Applicable,No,Not Applicable,Yes,Yes,No,No,No,0.0,317.57,0.0,0.868,Email,Firefox,22,System,-1.25376,219.0,4.0,511.0,Active,Yes,Yes,0.0,5.0,Yes,Yes,No,No,High,4.0,1.0,Valid Claim
CLM01271,Laptop,Aster,24.0,No,Battery Problem,Internal Component Failure,Yes,No,Yes,Yes,Yes,No,Yes,2.0,Yes,No,Not Applicable,Yes,Yes,No,No,Yes,1.0,209.24,491.98,0.818,Web,Safari,19,Dark,-0.60219,63.0,7.0,667.0,Active,Yes,Yes,1.0,4.0,Yes,Yes,Yes,No,Medium,12.0,3.0,Manual Review
CLM01372,Camera,NovaTech,24.0,No,Power Failure,Internal Component Failure,Yes,Yes,Yes,Yes,Yes,Not Applicable,No,0.0,Not Applicable,No,Not Applicable,Yes,Yes,No,No,No,0.0,1821.63,0.0,0.906,Email,Firefox,17,Light,-0.05052,146.0,10.0,584.0,Active,Yes,Yes,0.0,5.0,Yes,Yes,No,No,High,1.0,1.0,Valid Claim
CLM01082,Television,PrimeView,36.0,No,Audio Failure,Internal Component Failure,Yes,No,Yes,Yes,Yes,Not Applicable,No,0.0,Not Applicable,No,Not Applicable,Yes,Yes,No,No,No,0.0,369.37,0.0,0.913,Web,Safari,11,Dark,-0.23659,443.0,12.0,653.0,Active,Yes,Yes,1.0,4.0,Yes,Yes,No,No,High,7.0,4.0,Valid Claim
CLM00352,Printer,PrimeView,12.0,No,Paper Feed Failure,Accidental Damage,Yes,No,Yes,Yes,Yes,Not Applicable,No,0.0,Not Applicable,No,Not Applicable,Yes,Yes,No,No,No,0.0,965.12,0.0,0.872,Web,Firefox,53,System,0.52526,215.0,27.0,150.0,Active,Yes,No,1.0,4.0,Yes,Yes,No,No,High,2.0,5.0,Invalid Claim
CLM00677,Refrigerator,HomePro,36.0,No,Power Failure,Manufacturing Defect,Yes,Yes,Yes,Yes,Yes,Not Applicable,No,0.0,Not Applicable,No,Not Applicable,Yes,Yes,No,No,No,2.0,1660.45,0.0,0.91,Email,Safari,24,Light,-1.65532,577.0,9.0,519.0,Active,Yes,Yes,0.0,5.0,Yes,Yes,No,No,High,5.0,2.0,Valid Claim
CLM01419,Smartphone,Aster,24.0,No,Display Failure,Electrical Failure,,Yes,Yes,Yes,Yes,Not Applicable,No,99.0,Not Applicable,No,Not Applicable,Yes,Yes,No,No,Yes,1.0,1045.02,0.0,0.907,Web,Firefox,8,Dark,-0.94153,509.0,4.0,222.0,Active,Yes,Yes,0.0,4.0,Unknown,,No,No,High,3.0,5.0,Manual Review
CLM00721,Washing Machine,HomePro,24.0,No,Mechanical Failure,Water Damage,Yes,Yes,Yes,Yes,Yes,No,Yes,1.0,Yes,No,Not Applicable,Yes,Yes,No,No,No,2.0,511.98,374.38,0.989,Email,Firefox,15,System,-0.68324,280.0,1.0,450.0,Active,Yes,No,0.0,5.0,Yes,Yes,Yes,No,High,1.0,3.0,Invalid Claim
CLM00618,Laptop,Aster,12.0,No,Power Failure,Internal Component Failure,Yes,Yes,Yes,Yes,Yes,Yes,Yes,2.0,Yes,No,Not Applicable,Yes,Yes,No,No,No,0.0,450.49,,0.732,Web,Firefox,11,System,1.32582,140.0,9.0,226.0,Active,Yes,Yes,0.0,5.0,Yes,Yes,Yes,No,Medium,3.0,3.0,Valid Claim
CLM01039,Camera,PrimeView,12.0,No,Display Failure,Internal Component Failure,No,Yes,Yes,Yes,Yes,Not Applicable,No,0.0,Not Applicable,No,Not Applicable,Yes,No,No,No,No,0.0,272.38,0.0,0.58,Service Center,Chrome,47,Dark,0.05129,141.0,3.0,225.0,Active,Yes,Yes,1.0,4.0,No,No,No,No,Low,1.0,1.0,Manual Review
CLM00415,Air Conditioner,HomePro,24.0,No,Noise,Normal Wear,Yes,Yes,Yes,Yes,Yes,Yes,Yes,3.0,Yes,No,Not Applicable,Yes,Yes,No,No,No,0.0,97.11,,0.907,Service Center,Firefox,21,System,0.36827,329.0,341.0,402.0,Active,No,No,0.0,5.0,Yes,Yes,Yes,No,High,2.0,6.0,Invalid Claim
CLM00875,Camera,Aster,36.0,No,Connectivity Issue,Internal Component Failure,Yes,Yes,No,No,Yes,No,Yes,3.0,Yes,No,Not Applicable,Yes,Yes,No,No,No,0.0,263.01,260.33,0.823,Mobile App,Chrome,14,Light,1.06083,134.0,6.0,961.0,Active,Yes,Yes,2.0,3.0,No,Yes,Yes,No,Medium,1.0,2.0,Manual Review
CLM01274,Refrigerator,HomePro,12.0,No,Cooling Failure,Internal Component Failure,Yes,Yes,Yes,No,Yes,Not Applicable,No,0.0,Not Applicable,No,Not Applicable,Yes,Yes,No,No,No,0.0,1868.17,,0.754,Web,Safari,19,System,2.57629,37.0,6.0,328.0,Active,Yes,Yes,1.0,4.0,No,Yes,No,No,Medium,8.0,1.0,Manual Review
CLM00291,Printer,HomePro,24.0,No,Mechanical Failure,Internal Component Failure,Yes,Yes,Yes,Yes,Yes,Not Applicable,No,0.0,Not Applicable,No,Not Applicable,Yes,Yes,No,No,No,0.0,475.15,0.0,0.84,Mobile App,Safari,21,Light,-2.77317,164.0,16.0,567.0,Active,Yes,Yes,0.0,5.0,Yes,Yes,No,No,Medium,4.0,4.0,Valid Claim
CLM00818,Smartphone,NovaTech,12.0,No,Battery Problem,Misuse,Yes,Yes,Yes,Yes,Yes,,No,0.0,Not Applicable,No,Not Applicable,Unknown,Yes,No,No,No,1.0,319.34,0.0,0.834,Mobile App,Edge,12,Light,-0.67076,209.0,5.0,156.0,Active,Yes,No,0.0,5.0,Yes,Yes,No,No,Medium,6.0,6.0,Invalid Claim
CLM00951,Smartphone,NovaTech,24.0,No,Battery Problem,Electrical Failure,Yes,,Yes,Yes,Yes,Yes,Yes,2.0,Unknown,No,Not Applicable,Yes,Yes,No,No,No,1.0,995.16,512.13,0.795,Service Center,Firefox,8,System,-0.42432,246.0,9.0,484.0,Active,Yes,Yes,0.0,4.0,Yes,Yes,Yes,No,Medium,8.0,0.0,Manual Review
CLM01412,Smartphone,NovaTech,24.0,No,Battery Problem,Manufacturing Defect,No,Yes,Yes,Yes,Yes,Not Applicable,No,0.0,Not Applicable,No,Not Applicable,Yes,Yes,No,No,No,1.0,444.98,,0.946,Email,Firefox,19,System,-1.45048,395.0,0.0,335.0,Active,Yes,Yes,1.0,4.0,No,No,No,No,High,8.0,1.0,Manual Review
CLM00633,Television,PrimeView,12.0,No,Audio Failure,Internal Component Failure,Yes,Yes,,Yes,Yes,Not Applicable,No,0.0,Not Applicable,No,Not Applicable,Yes,Yes,No,No,No,1.0,816.57,0.0,0.979,Mobile App,Firefox,0,Dark,1.04895,249.0,31.0,116.0,Active,No,Yes,0.0,4.0,Unknown,Yes,No,No,High,5.0,3.0,Invalid Claim
CLM01275,Printer,NovaTech,24.0,No,Power Failure,Manufacturing Defect,Yes,Yes,Yes,Yes,,Yes,Yes,3.0,Yes,No,Not Applicable,Yes,Yes,No,No,No,1.0,360.85,250.48,0.612,Service Center,Firefox,51,Light,-0.70936,352.0,4.0,379.0,Active,Yes,Yes,0.0,4.0,Unknown,Yes,Yes,No,Low,12.0,5.0,Manual Review
CLM01430,Camera,PrimeView,24.0,No,Display Failure,Internal Component Failure,No,Yes,Yes,Yes,Yes,Yes,Yes,1.0,Yes,No,Not Applicable,Yes,Yes,No,No,No,3.0,1553.22,179.54,0.807,Web,Edge,35,Light,1.45634,550.0,22.0,181.0,Active,Yes,Yes,1.0,4.0,No,No,Yes,No,Medium,12.0,1.0,Manual Review
CLM00039,Air Conditioner,ZenCore,12.0,No,Water Leakage,Internal Component Failure,No,,Yes,,Yes,Not Applicable,No,0.0,Not Applicable,No,Not Applicable,Yes,Yes,No,No,No,1.0,1021.35,0.0,0.912,Service Center,Edge,56,Light,-2.06105,324.0,16.0,42.0,Active,Yes,Yes,1.0,2.0,Unknown,No,No,No,High,11.0,2.0,Manual Review
CLM00241,Smartphone,Aster,24.0,No,Connectivity Issue,Manufacturing Defect,Yes,Yes,Yes,Yes,No,Not Applicable,No,0.0,Not Applicable,No,Not Applicable,No,Yes,No,No,No,0.0,500.09,,0.966,Web,Edge,30,Dark,-0.76931,133.0,5.0,597.0,Active,Yes,Yes,1.0,4.0,No,Yes,No,No,High,10.0,1.0,Invalid Claim
CLM00021,Refrigerator,Aster,24.0,No,Mechanical Failure,Manufacturing Defect,No,Yes,Yes,Yes,Yes,Not Applicable,No,0.0,Not Applicable,No,Not Applicable,Unknown,Yes,No,No,No,2.0,1351.53,0.0,0.758,Mobile App,Chrome,39,Dark,0.81288,738.0,5.0,-8.0,Expired,Yes,Yes,1.0,4.0,No,No,No,No,Medium,6.0,6.0,Invalid Claim
CLM01329,Refrigerator,ZenCore,36.0,No,Noise,Manufacturing Defect,Yes,,Yes,Yes,Yes,No,Yes,1.0,Yes,No,Not Applicable,Yes,Yes,No,No,No,1.0,,531.52,0.562,Web,Safari,52,System,-0.5741,784.0,27.0,312.0,Active,Yes,Yes,0.0,4.0,Yes,Yes,Yes,No,Low,4.0,2.0,Manual Review
CLM00599,Refrigerator,HomePro,12.0,No,Noise,Water Damage,Yes,No,Yes,Yes,Yes,Not Applicable,No,0.0,Not Applicable,No,Not Applicable,Yes,Yes,No,No,No,0.0,388.21,0.0,0.753,Web,Safari,12,Dark,-0.86487,361.0,9.0,4.0,Active,Yes,No,1.0,4.0,Yes,Yes,No,No,Medium,1.0,1.0,Invalid Claim
CLM00628,Printer,HomePro,24.0,No,Power Failure,Manufacturing Defect,Yes,Yes,Yes,Yes,Yes,Not Applicable,No,0.0,Not Applicable,No,Not Applicable,Yes,Yes,No,No,No,0.0,129.87,0.0,0.893,Email,Firefox,47,Dark,0.54271,198.0,14.0,532.0,Active,Yes,Yes,0.0,5.0,Yes,Yes,No,No,High,9.0,2.0,Valid Claim
CLM00300,Air Conditioner,ZenCore,24.0,No,Cooling Failure,Manufacturing Defect,Yes,Yes,Yes,Yes,Yes,Yes,Yes,2.0,Yes,No,Not Applicable,Yes,Yes,No,No,No,1.0,312.01,642.31,0.819,Mobile App,MobileWebView,49,System,1.06528,376.0,9.0,355.0,Active,Yes,Yes,0.0,5.0,Yes,Yes,Yes,No,Medium,6.0,4.0,Valid Claim
CLM01301,Air Conditioner,HomePro,12.0,No,Noise,Internal Component Failure,Yes,Yes,Yes,Yes,Yes,Yes,Yes,1.0,Yes,No,Not Applicable,Yes,Yes,No,No,No,1.0,270.26,501.73,0.748,Service Center,Firefox,12,Dark,0.1073,277.0,27.0,89.0,Active,Yes,Yes,0.0,5.0,Yes,Yes,Yes,No,Medium,10.0,3.0,Valid Claim
CLM00093,Television,HomePro,12.0,No,Power Failure,Water Damage,,Yes,Yes,Yes,Yes,Not Applicable,No,0.0,Not Applicable,No,Not Applicable,Yes,Yes,No,No,No,2.0,2062.87,0.0,0.923,Web,Safari,26,Light,1.28391,235.0,9.0,130.0,Active,Yes,No,0.0,4.0,Unknown,,No,No,High,2.0,2.0,Invalid Claim
CLM00519,Air Conditioner,HomePro,12.0,No,Power Failure,Normal Wear,Yes,No,Yes,Yes,Yes,Yes,Yes,2.0,Yes,No,Not Applicable,Yes,Yes,No,No,No,0.0,497.84,615.85,0.964,Mobile App,Firefox,44,Dark,-0.29749,109.0,16.0,256.0,Active,Yes,No,1.0,4.0,Yes,Yes,Yes,No,High,5.0,5.0,Invalid Claim
CLM00924,Refrigerator,ZenCore,36.0,No,Cooling Failure,Misuse,Yes,Yes,Yes,,No,Not Applicable,No,0.0,Not Applicable,No,Not Applicable,Yes,Yes,No,No,No,0.0,1001.13,0.0,0.946,Mobile App,Firefox,50,Light,-0.33007,187.0,20.0,909.0,Active,Yes,No,1.0,3.0,Unknown,Yes,No,No,High,8.0,0.0,Invalid Claim
CLM00794,Air Conditioner,Aster,24.0,No,Cooling Failure,Physical Damage,Yes,Yes,,Yes,Yes,Not Applicable,No,0.0,Not Applicable,No,Not Applicable,Yes,Yes,No,No,No,1.0,1327.99,0.0,0.772,Web,Firefox,44,Light,0.34834,180.0,11.0,550.0,Active,Yes,No,0.0,4.0,Unknown,Yes,No,No,Medium,1.0,1.0,Invalid Claim
CLM00943,Camera,PrimeView,12.0,No,Power Failure,Manufacturing Defect,Yes,Yes,Yes,Yes,Yes,Not Applicable,No,0.0,Not Applicable,No,Not Applicable,Yes,Yes,No,Yes,No,0.0,1440.15,0.0,0.988,Email,Edge,5,System,-0.86551,63.0,39.0,302.0,Active,No,Yes,0.0,5.0,Yes,Yes,No,No,High,10.0,3.0,Invalid Claim
CLM00268,Smartphone,NovaTech,36.0,Yes,Battery Problem,Electrical Failure,Yes,No,Yes,Yes,No,Not Applicable,No,0.0,Not Applicable,No,Not Applicable,Yes,Yes,No,No,No,0.0,274.72,0.0,0.832,Web,Chrome,32,System,0.63753,222.0,12.0,1239.0,Active,Yes,Yes,2.0,3.0,No,Yes,No,No,Medium,7.0,5.0,Manual Review
CLM00101,Refrigerator,Aster,12.0,Yes,Noise,Electrical Failure,Yes,Yes,Yes,Yes,Yes,Not Applicable,No,0.0,Not Applicable,No,Not Applicable,Yes,Yes,No,No,No,1.0,878.62,0.0,0.974,Web,Safari,50,System,0.53854,284.0,4.0,447.0,Active,Yes,Yes,0.0,5.0,Yes,Yes,No,No,High,1.0,3.0,Valid Claim
CLM00482,Air Conditioner,,24.0,No,Cooling Failure,Internal Component Failure,Yes,,Yes,Yes,Yes,Not Applicable,No,0.0,Not Applicable,No,Not Applicable,Yes,Yes,No,No,No,1.0,2041.21,0.0,0.964,Web,Safari,33,System,-0.24346,114.0,11.0,616.0,Active,Yes,Yes,0.0,4.0,Yes,Yes,No,No,High,4.0,3.0,Valid Claim
CLM01499,Television,PrimeView,24.0,No,Audio Failure,Manufacturing Defect,Yes,Yes,Yes,No,Yes,No,Yes,1.0,Yes,No,Not Applicable,Yes,Yes,No,No,No,1.0,405.49,260.47,0.916,Web,Chrome,42,Light,-0.11173,211.0,10.0,519.0,Active,Yes,Yes,1.0,4.0,No,Yes,Yes,No,High,1.0,3.0,Manual Review
CLM00235,Camera,PrimeView,12.0,No,Display Failure,Internal Component Failure,Yes,Yes,Yes,Yes,Yes,Yes,Yes,2.0,Yes,No,Not Applicable,Yes,Yes,No,No,No,1.0,2008.72,431.14,,Mobile App,MobileWebView,13,System,-0.34161,169.0,17.0,196.0,Active,Yes,Yes,0.0,5.0,Yes,Yes,Yes,No,Unknown,4.0,4.0,Valid Claim
CLM00387,Printer,NovaTech,24.0,No,Power Failure,Electrical Failure,Yes,Yes,Yes,Yes,Yes,Not Applicable,No,0.0,Not Applicable,No,Not Applicable,Yes,Yes,No,No,No,0.0,702.82,0.0,0.804,Web,Safari,4,Dark,1.07614,,,,Unknown,Unknown,Yes,0.0,5.0,Yes,Yes,No,No,Medium,,,Valid Claim
CLM00710,Camera,PrimeView,36.0,No,Connectivity Issue,Manufacturing Defect,Yes,Yes,Yes,No,Yes,,No,0.0,Not Applicable,No,Not Applicable,Yes,Yes,No,No,No,0.0,252.68,0.0,0.746,Web,Safari,23,System,1.24131,77.0,24.0,1019.0,Active,Yes,Yes,1.0,4.0,No,Yes,No,No,Medium,8.0,4.0,Manual Review
CLM00521,Printer,NovaTech,24.0,No,Paper Feed Failure,Electrical Failure,Yes,Yes,Yes,Yes,Yes,Not Applicable,No,0.0,Not Applicable,No,Not Applicable,Yes,Yes,No,No,No,0.0,184.7,0.0,0.938,Web,Chrome,32,Dark,-0.74985,130.0,20.0,600.0,Active,Yes,Yes,0.0,5.0,Yes,Yes,No,No,High,10.0,0.0,Valid Claim
CLM01017,Printer,NovaTech,12.0,No,Connectivity Issue,Electrical Failure,Yes,Yes,Yes,Yes,Yes,Not Applicable,No,0.0,Not Applicable,No,Not Applicable,Yes,Yes,No,No,No,0.0,216.14,0.0,0.768,Service Center,Safari,20,Light,0.16894,166.0,7.0,199.0,Active,Yes,Yes,0.0,5.0,Yes,Yes,No,No,Medium,7.0,3.0,Valid Claim
CLM01056,Refrigerator,Aster,24.0,No,Noise,Electrical Failure,Yes,Yes,Yes,No,Yes,Not Applicable,No,0.0,Not Applicable,No,Not Applicable,Yes,Yes,No,No,No,0.0,636.31,0.0,0.788,Web,Firefox,21,System,2.14376,8.0,5.0,722.0,Active,Yes,Yes,1.0,4.0,No,Yes,No,No,Medium,10.0,5.0,Manual Review
CLM00559,Washing Machine,ZenCore,12.0,Yes,Noise,Manufacturing Defect,Yes,Yes,Yes,Yes,No,Not Applicable,No,0.0,Not Applicable,No,Not Applicable,Yes,Yes,No,No,No,0.0,525.74,0.0,,Service Center,Chrome,12,Dark,2.27905,916.0,15.0,-185.0,Expired,Yes,Yes,1.0,4.0,No,Yes,No,No,Unknown,4.0,1.0,Invalid Claim
CLM01107,Refrigerator,ZenCore,12.0,No,Water Leakage,Electrical Failure,Yes,,Yes,Yes,Yes,Yes,Yes,3.0,Yes,No,Not Applicable,Yes,Yes,No,No,No,0.0,1041.19,299.29,,Mobile App,Edge,1,Dark,-1.13913,239.0,17.0,126.0,Active,Yes,Yes,0.0,4.0,Yes,Yes,Yes,No,Unknown,11.0,0.0,Valid Claim
CLM00970,Air Conditioner,Aster,36.0,Yes,Water Leakage,Internal Component Failure,Yes,Yes,Yes,Yes,Yes,Not Applicable,No,0.0,Not Applicable,No,Not Applicable,Yes,Yes,No,No,No,0.0,410.72,0.0,0.838,Mobile App,Safari,32,Dark,1.37551,83.0,4.0,1378.0,Active,Yes,Yes,0.0,5.0,Yes,Yes,No,No,Medium,11.0,4.0,Valid Claim
CLM00208,Air Conditioner,HomePro,24.0,No,Noise,Internal Component Failure,Yes,Yes,Yes,Yes,Yes,Yes,Yes,2.0,No,No,Not Applicable,Yes,Yes,No,Yes,No,0.0,313.23,187.5,0.579,Web,Chrome,13,Dark,0.56416,299.0,3.0,431.0,Active,Yes,Yes,0.0,5.0,Yes,Yes,Yes,No,Low,9.0,2.0,Invalid Claim
CLM01487,Refrigerator,ZenCore,24.0,No,Noise,Internal Component Failure,No,No,Yes,Yes,,,No,0.0,Not Applicable,No,Not Applicable,Yes,Yes,No,No,No,1.0,1122.66,,0.985,Email,Edge,31,Dark,0.12151,341.0,7.0,390.0,Active,Yes,Yes,2.0,2.0,Unknown,No,No,No,High,9.0,1.0,Manual Review
CLM00893,Refrigerator,HomePro,24.0,No,Noise,Internal Component Failure,,Yes,Yes,Yes,No,,No,0.0,Not Applicable,No,Not Applicable,Yes,Yes,No,No,No,1.0,2105.92,0.0,0.842,Web,MobileWebView,33,Dark,-0.14762,152.0,22.0,579.0,Active,Yes,Yes,1.0,3.0,Unknown,,No,No,Medium,6.0,4.0,Manual Review
CLM00456,Refrigerator,Aster,12.0,No,Mechanical Failure,Electrical Failure,Yes,Yes,Yes,No,Yes,,No,0.0,Not Applicable,No,Not Applicable,Yes,Yes,No,No,No,2.0,1029.11,0.0,0.731,Mobile App,Firefox,26,System,0.97391,831.0,26.0,-466.0,Expired,Yes,Yes,1.0,4.0,No,Yes,No,No,Medium,7.0,1.0,Invalid Claim
CLM01071,Printer,NovaTech,24.0,No,Mechanical Failure,Manufacturing Defect,Yes,Yes,,Yes,No,Not Applicable,No,0.0,Not Applicable,No,Not Applicable,Unknown,Yes,No,No,No,999.0,340.26,0.0,0.955,Service Center,Chrome,8,Dark,0.06367,81.0,9.0,649.0,Active,Yes,Yes,1.0,3.0,Unknown,Yes,No,No,High,10.0,4.0,Manual Review
CLM00583,Smartphone,NovaTech,24.0,No,Battery Problem,Electrical Failure,Yes,No,Yes,Yes,No,Not Applicable,No,0.0,Not Applicable,No,Not Applicable,Yes,Yes,No,No,No,0.0,1032.17,,0.745,Web,Edge,52,Light,0.48064,404.0,13.0,326.0,Active,Yes,Yes,2.0,3.0,No,Yes,No,No,Medium,4.0,1.0,Manual Review
CLM01349,Camera,NovaTech,24.0,No,Connectivity Issue,Manufacturing Defect,Yes,Yes,Yes,Yes,Yes,Not Applicable,No,0.0,Not Applicable,No,Not Applicable,Yes,Yes,No,No,No,0.0,167.29,,0.853,Service Center,Safari,29,Dark,0.10573,190.0,12.0,540.0,Active,Yes,Yes,0.0,5.0,Yes,Yes,No,No,High,6.0,2.0,Valid Claim
CLM00621,Television,Aster,12.0,No,Connectivity Issue,Normal Wear,Yes,Yes,Yes,Yes,No,Not Applicable,No,0.0,Not Applicable,No,Not Applicable,Yes,Yes,Yes,No,No,0.0,562.93,0.0,0.723,Web,Chrome,21,System,0.45428,120.0,21.0,246.0,Active,Yes,No,1.0,4.0,No,Yes,No,No,Medium,8.0,5.0,Invalid Claim
CLM00385,Camera,NovaTech,12.0,No,Power Failure,Manufacturing Defect,Yes,Yes,Yes,Yes,Yes,Not Applicable,No,0.0,Not Applicable,No,Not Applicable,Yes,Yes,No,No,No,3.0,80.66,0.0,0.96,Service Center,Firefox,22,System,0.23037,937.0,27.0,-572.0,Expired,Yes,Yes,0.0,5.0,Yes,Yes,No,No,High,7.0,0.0,Invalid Claim
CLM00909,Refrigerator,HomePro,36.0,No,Power Failure,Manufacturing Defect,Yes,Yes,No,Yes,Yes,Yes,Yes,1.0,Yes,No,Not Applicable,Yes,Yes,No,No,No,2.0,403.16,78.52,0.663,Mobile App,Safari,5,Light,-0.10571,92.0,8.0,1003.0,Active,Yes,Yes,1.0,4.0,No,Yes,Yes,No,Low,3.0,5.0,Manual Review
CLM00025,Printer,HomePro,24.0,Yes,Connectivity Issue,Internal Component Failure,Yes,Yes,Yes,Yes,Yes,Yes,Yes,3.0,Yes,No,Not Applicable,Yes,Yes,No,No,No,0.0,,276.17,0.495,Email,Safari,1,System,-0.85134,897.0,32.0,198.0,Active,No,Yes,0.0,5.0,Yes,Yes,Yes,No,Low,9.0,4.0,Invalid Claim
CLM01054,Smartphone,Aster,36.0,Yes,Battery Problem,Electrical Failure,Yes,No,Yes,Yes,Yes,Not Applicable,No,0.0,Not Applicable,No,Not Applicable,Yes,Yes,No,No,No,,436.93,0.0,0.805,Service Center,Safari,16,Light,1.82685,235.0,21.0,1226.0,Active,Yes,Yes,1.0,4.0,Yes,Yes,No,No,Medium,10.0,4.0,Valid Claim
CLM01167,Washing Machine,HomePro,24.0,Yes,Power Failure,Electrical Failure,Yes,No,Yes,Yes,Yes,Yes,Yes,1.0,Yes,No,Not Applicable,Yes,Yes,No,No,No,0.0,191.65,353.52,0.728,Web,Chrome,10,System,1.84376,90.0,12.0,1006.0,Active,Yes,Yes,1.0,4.0,Yes,Yes,Yes,No,Medium,7.0,4.0,Valid Claim
CLM01285,Camera,PrimeView,24.0,No,Battery Problem,Electrical Failure,Yes,No,Yes,Yes,Yes,Yes,Yes,1.0,Yes,No,Not Applicable,Yes,Yes,No,No,No,1.0,1029.74,529.26,0.952,Service Center,Chrome,12,Light,-0.45043,602.0,11.0,129.0,Active,Yes,Yes,1.0,4.0,Yes,Yes,Yes,No,High,8.0,5.0,Valid Claim
CLM01324,Smartphone,Aster,12.0,No,Overheating,Electrical Failure,Yes,Yes,Yes,Yes,Yes,Not Applicable,No,0.0,Not Applicable,No,Not Applicable,Yes,Yes,No,No,No,1.0,944.15,0.0,0.816,Web,Safari,18,Dark,-1.17026,320.0,9.0,45.0,Active,Yes,Yes,0.0,5.0,Yes,Yes,No,No,Medium,6.0,6.0,Valid Claim
CLM01057,Television,PrimeView,36.0,No,Power Failure,Electrical Failure,Yes,Yes,Yes,Yes,,,No,0.0,Not Applicable,No,Not Applicable,Yes,Yes,No,No,No,1.0,642.55,0.0,0.752,Web,MobileWebView,31,System,-1.43912,627.0,11.0,468.0,Active,Yes,Yes,0.0,4.0,Unknown,Yes,No,No,Medium,2.0,1.0,Valid Claim
CLM00277,Television,PrimeView,24.0,Yes,Power Failure,Normal Wear,Yes,Yes,Yes,Yes,Yes,Not Applicable,No,0.0,Not Applicable,No,Not Applicable,Yes,Yes,No,No,No,1.0,390.1,0.0,0.96,Web,MobileWebView,40,Light,1.13652,526.0,11.0,570.0,Active,Yes,No,0.0,5.0,Yes,Yes,No,No,High,7.0,0.0,Invalid Claim
CLM00036,Laptop,NovaTech,24.0,No,Display Failure,Internal Component Failure,Yes,Yes,Yes,Yes,Yes,Not Applicable,No,0.0,Not Applicable,No,Not Applicable,Yes,Yes,No,Yes,No,1.0,1449.07,0.0,0.941,Mobile App,Firefox,47,Dark,0.15253,423.0,27.0,307.0,Active,Yes,Yes,0.0,5.0,Yes,Yes,No,No,High,11.0,4.0,Valid Claim
CLM00870,Laptop,Aster,12.0,No,Display Failure,Internal Component Failure,Yes,Yes,Yes,Yes,Yes,Not Applicable,No,0.0,Not Applicable,No,Not Applicable,Yes,Yes,No,No,No,0.0,,0.0,0.932,Web,Edge,7,Dark,-1.46656,451.0,11.0,-85.0,Expired,Yes,Yes,0.0,5.0,Yes,Yes,No,No,High,11.0,1.0,Invalid Claim
CLM01250,Camera,PrimeView,24.0,No,Connectivity Issue,Internal Component Failure,Yes,No,Yes,Yes,Yes,Yes,Yes,3.0,Yes,No,Not Applicable,Yes,Yes,No,No,No,1.0,476.05,632.1,0.812,Email,Safari,38,Light,0.55085,389.0,19.0,342.0,Active,Yes,Yes,1.0,4.0,Yes,Yes,Yes,No,Medium,2.0,4.0,Valid Claim
CLM01440,Printer,PrimeView,24.0,No,Paper Feed Failure,Electrical Failure,Yes,Yes,No,Yes,Yes,Not Applicable,No,0.0,Not Applicable,No,Not Applicable,Yes,Yes,No,No,No,1.0,573.95,0.0,0.814,Service Center,Edge,9,Dark,0.52014,621.0,11.0,109.0,Active,Yes,Yes,1.0,4.0,No,Yes,No,No,Medium,9.0,4.0,Manual Review
CLM01102,Camera,PrimeView,24.0,No,Connectivity Issue,Manufacturing Defect,Yes,Yes,Yes,Yes,Yes,,No,0.0,Not Applicable,No,Not Applicable,Yes,Yes,No,No,No,0.0,474.21,0.0,0.818,Web,Firefox,3,Light,-0.97097,217.0,28.0,513.0,Active,Yes,Yes,0.0,5.0,Yes,Yes,No,No,Medium,8.0,6.0,Valid Claim
CLM00032,Television,PrimeView,24.0,No,Power Failure,Manufacturing Defect,Yes,Yes,Yes,No,Yes,Not Applicable,No,0.0,Not Applicable,No,Not Applicable,No,Yes,No,No,No,1.0,324.3,0.0,0.909,Mobile App,Firefox,36,Light,-1.28833,127.0,3.0,603.0,Active,Yes,Yes,1.0,4.0,No,Yes,No,No,High,2.0,0.0,Invalid Claim
CLM00772,Printer,NovaTech,24.0,No,Paper Feed Failure,Misuse,Yes,Yes,Yes,Yes,Yes,No,Yes,2.0,Yes,No,Not Applicable,Yes,Yes,No,No,No,0.0,654.99,,0.594,Mobile App,MobileWebView,41,Dark,-1.39966,231.0,11.0,499.0,Active,Yes,No,0.0,5.0,Yes,Yes,Yes,No,Low,9.0,4.0,Invalid Claim
CLM01432,Laptop,ZenCore,24.0,No,Battery Problem,Manufacturing Defect,Yes,Yes,Yes,Yes,Yes,Not Applicable,No,0.0,Not Applicable,No,Not Applicable,Yes,Yes,No,No,No,0.0,210.64,0.0,0.967,Service Center,Edge,45,Dark,-0.64778,149.0,20.0,582.0,Active,Yes,Yes,0.0,5.0,Yes,Yes,No,No,High,6.0,0.0,Valid Claim
CLM00534,Washing Machine,,12.0,No,Mechanical Failure,Manufacturing Defect,No,Yes,Yes,Yes,Yes,,Yes,2.0,Yes,Yes,Yes,Yes,Yes,No,No,No,0.0,1514.42,97.62,0.826,Email,MobileWebView,52,Dark,0.89028,161.0,26.0,205.0,Active,Yes,Yes,1.0,4.0,No,No,Yes,Yes,Medium,7.0,3.0,Manual Review
CLM00257,Printer,PrimeView,24.0,Yes,Mechanical Failure,Electrical Failure,Yes,Yes,Yes,Yes,Yes,,No,99.0,Not Applicable,No,Not Applicable,Yes,Yes,No,No,No,0.0,286.1,0.0,0.887,Web,MobileWebView,39,Light,1.49071,62.0,12.0,1034.0,Active,Yes,Yes,0.0,5.0,Yes,Yes,No,No,High,3.0,4.0,Valid Claim
CLM00195,Laptop,NovaTech,12.0,No,Overheating,Internal Component Failure,Yes,Yes,Yes,Yes,Yes,Not Applicable,No,0.0,Not Applicable,No,Not Applicable,Yes,Yes,No,No,No,1.0,407.39,0.0,0.823,Web,MobileWebView,29,Light,-0.47222,260.0,29.0,105.0,Active,Yes,Yes,0.0,5.0,Yes,Yes,No,No,Medium,10.0,4.0,Valid Claim
CLM01120,Television,Aster,36.0,No,Display Failure,Internal Component Failure,,Yes,Yes,Yes,Yes,Not Applicable,No,0.0,Not Applicable,No,Not Applicable,Yes,Yes,No,No,No,0.0,1419.88,0.0,0.967,Web,Safari,30,System,-2.36881,123.0,163.0,973.0,Active,No,Yes,0.0,4.0,Unknown,,No,No,High,11.0,2.0,Valid Claim
CLM00762,Camera,NovaTech,36.0,No,Connectivity Issue,Internal Component Failure,Yes,Yes,Yes,Yes,Yes,Not Applicable,No,0.0,Not Applicable,No,Not Applicable,Yes,Yes,No,No,No,1.0,438.1,0.0,0.782,Web,MobileWebView,3,Dark,-0.66807,217.0,17.0,878.0,Active,Yes,Yes,0.0,5.0,Yes,Yes,No,No,Medium,7.0,1.0,Valid Claim
CLM00579,Refrigerator,HomePro,36.0,No,Noise,Internal Component Failure,Yes,Yes,Yes,Yes,Yes,Not Applicable,No,0.0,Not Applicable,No,Not Applicable,Yes,Yes,No,No,No,0.0,1009.51,0.0,0.896,Service Center,Safari,58,System,-0.40101,473.0,4.0,622.0,Active,Yes,Yes,0.0,5.0,Yes,Yes,No,No,High,4.0,3.0,Valid Claim
CLM01151,Air Conditioner,ZenCore,24.0,No,Noise,Internal Component Failure,Yes,Yes,Yes,Yes,Yes,Not Applicable,No,0.0,Not Applicable,No,Not Applicable,Yes,Yes,No,No,Yes,1.0,578.3,0.0,0.747,Email,Chrome,2,System,-0.61413,656.0,6.0,75.0,Active,Yes,Yes,0.0,5.0,Yes,Yes,No,No,Medium,4.0,5.0,Manual Review
CLM00358,Washing Machine,HomePro,12.0,No,Mechanical Failure,Manufacturing Defect,No,No,Yes,,,Yes,Yes,3.0,Yes,Yes,Yes,Yes,Yes,No,No,No,1.0,331.82,609.43,0.817,Email,MobileWebView,59,Light,-0.11305,792.0,11.0,-426.0,Expired,Yes,Yes,2.0,1.0,Unknown,No,Yes,Yes,Medium,3.0,0.0,Invalid Claim
CLM00343,Air Conditioner,HomePro,36.0,No,Water Leakage,Electrical Failure,Yes,Yes,Yes,Yes,,,Yes,3.0,Unknown,No,Not Applicable,Yes,Yes,No,No,No,0.0,1538.41,99999.0,0.79,Mobile App,Safari,40,System,0.61044,928.0,2.0,168.0,Active,Yes,Yes,0.0,4.0,Unknown,Yes,Yes,No,Medium,2.0,3.0,Manual Review
CLM01095,Washing Machine,ZenCore,36.0,Yes,Power Failure,Manufacturing Defect,Yes,Yes,Yes,Yes,Yes,Not Applicable,No,0.0,Not Applicable,No,Not Applicable,Yes,Yes,No,No,No,0.0,353.16,,0.74,Web,Chrome,12,Light,-0.70564,674.0,3.0,787.0,Active,Yes,Yes,0.0,5.0,Yes,Yes,No,No,Medium,7.0,0.0,Valid Claim
CLM00547,Refrigerator,Aster,12.0,No,Cooling Failure,Manufacturing Defect,Yes,No,Yes,No,Yes,Not Applicable,No,0.0,Not Applicable,No,Not Applicable,Yes,Yes,No,No,No,2.0,188.39,0.0,0.769,Web,MobileWebView,1,Light,0.59161,776.0,20.0,-410.0,Expired,Yes,Yes,2.0,3.0,No,Yes,No,No,Medium,1.0,5.0,Invalid Claim
CLM00847,Camera,NovaTech,24.0,No,Connectivity Issue,Electrical Failure,Yes,Yes,Yes,Yes,Yes,No,Yes,3.0,Yes,No,Not Applicable,Yes,Yes,No,No,No,0.0,96.26,257.83,0.538,Service Center,Firefox,33,System,-0.26247,716.0,13.0,15.0,Active,Yes,Yes,0.0,5.0,Yes,Yes,Yes,No,Low,9.0,2.0,Manual Review
CLM01064,Air Conditioner,Aster,24.0,No,Cooling Failure,Manufacturing Defect,No,Yes,Yes,Yes,,Yes,Yes,3.0,Unknown,No,Not Applicable,Yes,Yes,No,No,No,1.0,2047.52,222.56,0.782,Mobile App,MobileWebView,44,Dark,-2.59521,413.0,14.0,317.0,Active,Yes,Yes,1.0,3.0,Unknown,No,Yes,No,Medium,8.0,6.0,Manual Review
CLM01398,Television,PrimeView,24.0,No,Connectivity Issue,Manufacturing Defect,No,Yes,Yes,Yes,Yes,Not Applicable,No,0.0,Not Applicable,No,Not Applicable,Yes,Yes,No,No,No,0.0,290.08,0.0,0.961,Service Center,MobileWebView,42,System,-1.46244,,19.0,,Unknown,Yes,Yes,1.0,4.0,No,No,No,No,High,3.0,6.0,Manual Review
CLM00140,Air Conditioner,ZenCore,12.0,No,Cooling Failure,Manufacturing Defect,Yes,Yes,Yes,Yes,Yes,Not Applicable,No,,Not Applicable,No,Not Applicable,Yes,Yes,No,No,No,0.0,1551.13,0.0,,Service Center,Firefox,31,System,0.53467,628.0,4.0,-263.0,Expired,Yes,Yes,0.0,5.0,Yes,Yes,No,No,Unknown,8.0,6.0,Invalid Claim
CLM00218,Camera,PrimeView,24.0,No,Connectivity Issue,Internal Component Failure,No,No,Yes,Yes,Yes,,No,0.0,Not Applicable,No,Not Applicable,Yes,Yes,No,No,No,0.0,518.7,0.0,0.855,Web,Firefox,12,Dark,1.79465,337.0,21.0,393.0,Active,Yes,Yes,2.0,3.0,No,No,No,No,High,8.0,3.0,Manual Review
CLM00619,Refrigerator,HomePro,12.0,No,Cooling Failure,Internal Component Failure,Yes,Yes,,Yes,Yes,Not Applicable,No,0.0,Not Applicable,No,Not Applicable,Yes,Yes,No,No,No,1.0,1129.61,0.0,0.742,Service Center,Chrome,27,System,0.1533,82.0,12.0,284.0,Active,Yes,Yes,0.0,4.0,Unknown,Yes,No,No,Medium,9.0,3.0,Valid Claim
CLM01214,Air Conditioner,HomePro,12.0,No,Water Leakage,Internal Component Failure,Yes,Yes,Yes,,Yes,Not Applicable,No,0.0,Not Applicable,No,Not Applicable,Yes,Yes,No,No,No,1.0,729.83,,0.957,Service Center,Safari,49,Dark,0.27314,93.0,6.0,272.0,Active,Yes,Yes,0.0,4.0,Unknown,Yes,No,No,High,2.0,4.0,Valid Claim
CLM00871,Printer,NovaTech,24.0,No,Power Failure,Electrical Failure,No,Yes,Yes,Yes,Yes,Yes,Yes,2.0,Yes,No,Not Applicable,Yes,Yes,No,Yes,No,0.0,102.42,422.16,0.797,Email,Firefox,14,Dark,0.2657,186.0,25.0,544.0,Active,Yes,Yes,1.0,4.0,No,No,Yes,No,Medium,12.0,3.0,Manual Review
CLM00560,Refrigerator,ZenCore,12.0,No,Power Failure,Manufacturing Defect,Yes,Yes,Yes,Yes,,Not Applicable,No,0.0,Not Applicable,No,Not Applicable,Yes,Yes,No,No,No,1.0,695.68,0.0,0.8,Mobile App,MobileWebView,21,Dark,0.26505,648.0,45.0,-283.0,Expired,No,Yes,0.0,4.0,Unknown,Yes,No,No,Medium,10.0,4.0,Invalid Claim
CLM01004,Air Conditioner,HomePro,24.0,No,Power Failure,Internal Component Failure,Yes,Yes,Yes,Yes,Yes,Yes,Yes,3.0,Yes,No,Not Applicable,Yes,Yes,No,No,No,2.0,,267.15,0.753,Web,MobileWebView,30,Dark,0.0614,57.0,3.0,674.0,Active,Yes,Yes,0.0,5.0,Yes,Yes,Yes,No,Medium,11.0,1.0,Valid Claim
CLM01185,Laptop,Aster,24.0,No,Battery Problem,Electrical Failure,Yes,Yes,Yes,Yes,No,Not Applicable,No,0.0,Not Applicable,No,Not Applicable,Yes,Yes,No,No,No,1.0,729.78,0.0,0.909,Mobile App,Safari,12,Dark,0.08457,508.0,6.0,222.0,Active,Yes,Yes,1.0,4.0,No,Yes,No,No,High,7.0,0.0,Manual Review
CLM01032,Air Conditioner,Aster,24.0,No,Water Leakage,Internal Component Failure,Yes,Yes,Yes,Yes,Yes,Not Applicable,No,0.0,Not Applicable,No,Not Applicable,Yes,Yes,No,No,No,0.0,1091.04,0.0,0.583,Web,Chrome,13,Light,2.33741,570.0,25.0,160.0,Active,Yes,Yes,0.0,5.0,Yes,Yes,No,No,Low,10.0,4.0,Manual Review
CLM01086,Refrigerator,HomePro,24.0,No,Power Failure,Internal Component Failure,Yes,Yes,Yes,Yes,Yes,Yes,Yes,1.0,Yes,No,Not Applicable,Yes,Yes,No,No,No,1.0,264.09,329.84,0.792,Email,MobileWebView,20,Light,-0.10134,8.0,8.0,722.0,Active,Yes,Yes,0.0,5.0,Yes,Yes,Yes,No,Medium,1.0,5.0,Valid Claim
CLM00976,Refrigerator,ZenCore,12.0,No,Cooling Failure,Manufacturing Defect,Yes,Yes,Yes,Yes,Yes,,No,0.0,Not Applicable,No,Not Applicable,Yes,Yes,No,No,No,1.0,454.48,0.0,0.97,Web,Safari,4,Light,0.4958,712.0,3.0,-346.0,Expired,Yes,Yes,0.0,5.0,Yes,Yes,No,No,High,7.0,2.0,Invalid Claim
CLM01061,Washing Machine,PrimeView,12.0,No,Water Leakage,Manufacturing Defect,Yes,No,Yes,Yes,Yes,Yes,Yes,,Yes,No,Not Applicable,Yes,Yes,No,No,No,0.0,252.78,454.55,0.984,Web,MobileWebView,39,Light,0.56755,82.0,14.0,284.0,Active,Yes,Yes,1.0,4.0,Yes,Yes,Yes,No,High,2.0,6.0,Valid Claim
CLM01410,Printer,HomePro,24.0,Yes,Mechanical Failure,Electrical Failure,Yes,Yes,Yes,,Yes,Yes,Yes,2.0,Yes,No,Not Applicable,Yes,Yes,No,No,No,1.0,,262.0,0.961,Service Center,Firefox,3,Light,-0.23858,31.0,12.0,1065.0,Active,Yes,Yes,0.0,4.0,Unknown,Yes,Yes,No,High,3.0,3.0,Manual Review
CLM01257,Laptop,NovaTech,36.0,No,Power Failure,Manufacturing Defect,Yes,No,No,Yes,,Not Applicable,No,0.0,Not Applicable,No,Not Applicable,Yes,Yes,No,No,No,0.0,843.67,0.0,0.757,Email,Firefox,43,Dark,-1.04896,354.0,4.0,741.0,Active,Yes,Yes,2.0,2.0,Unknown,Yes,No,No,Medium,10.0,1.0,Manual Review
CLM00942,Printer,NovaTech,12.0,No,Mechanical Failure,Manufacturing Defect,Yes,No,Yes,No,Yes,Not Applicable,No,0.0,Not Applicable,No,Not Applicable,Yes,Yes,No,No,No,0.0,583.97,0.0,0.811,Email,MobileWebView,54,System,0.26171,245.0,35.0,120.0,Active,No,Yes,2.0,3.0,No,Yes,No,No,Medium,2.0,5.0,Invalid Claim
CLM00016,Washing Machine,HomePro,24.0,No,Noise,Electrical Failure,Yes,No,Yes,Yes,Yes,Not Applicable,No,0.0,Not Applicable,No,Not Applicable,Unknown,Yes,No,No,No,3.0,367.25,0.0,0.824,Web,MobileWebView,11,Light,-0.06227,95.0,18.0,636.0,Active,Yes,Yes,1.0,4.0,Yes,Yes,No,No,Medium,4.0,6.0,Manual Review
CLM00959,Television,PrimeView,24.0,Yes,Display Failure,Electrical Failure,Yes,Yes,No,,Yes,Not Applicable,No,0.0,Not Applicable,No,Not Applicable,Yes,Yes,No,No,No,2.0,1165.78,0.0,0.744,Service Center,Firefox,56,Dark,0.54976,427.0,16.0,668.0,Active,Yes,Yes,1.0,3.0,Unknown,Yes,No,No,Medium,12.0,0.0,Manual Review
CLM00090,Camera,NovaTech,12.0,No,Power Failure,Manufacturing Defect,Yes,,Yes,Yes,Yes,No,Yes,2.0,Yes,No,Not Applicable,Yes,Yes,No,No,No,1.0,503.95,608.12,0.794,Service Center,Safari,45,Dark,1.00695,526.0,13.0,-161.0,Expired,Yes,Yes,0.0,4.0,Yes,Yes,Yes,No,Medium,7.0,2.0,Invalid Claim
CLM00220,Refrigerator,HomePro,24.0,No,Cooling Failure,Physical Damage,Yes,,No,No,Yes,Yes,Yes,3.0,Unknown,No,Not Applicable,Yes,Yes,No,No,Yes,2.0,423.81,169.9,,Mobile App,Firefox,15,System,0.75418,742.0,7.0,-12.0,Expired,Yes,No,2.0,2.0,No,Yes,Yes,No,Unknown,4.0,5.0,Invalid Claim
CLM00149,Refrigerator,Aster,12.0,No,Mechanical Failure,Electrical Failure,Yes,Yes,Yes,Yes,Yes,Not Applicable,No,0.0,Not Applicable,No,Not Applicable,Yes,Yes,No,No,No,3.0,349.61,0.0,0.971,Web,Edge,56,Light,-1.74825,828.0,15.0,-462.0,Expired,Yes,Yes,0.0,5.0,Yes,Yes,No,No,High,2.0,1.0,Invalid Claim
CLM00045,Laptop,Aster,12.0,No,Overheating,Internal Component Failure,Yes,Yes,Yes,Yes,No,Yes,Yes,2.0,Yes,No,Not Applicable,Yes,Yes,No,No,No,999.0,343.99,53.98,0.968,Web,MobileWebView,20,Dark,-0.58703,353.0,24.0,12.0,Active,Yes,Yes,1.0,4.0,No,Yes,Yes,No,High,4.0,3.0,Manual Review
CLM01069,Laptop,NovaTech,36.0,No,Connectivity Issue,Manufacturing Defect,Yes,Yes,Yes,,Yes,Not Applicable,No,0.0,Not Applicable,Yes,Yes,Yes,Yes,No,No,No,0.0,784.23,0.0,0.934,Service Center,Safari,32,Dark,0.11697,424.0,4.0,671.0,Active,Yes,Yes,0.0,4.0,Unknown,Yes,No,Yes,High,10.0,3.0,Valid Claim
CLM00430,Laptop,NovaTech,12.0,No,Display Failure,Internal Component Failure,Yes,No,Yes,Yes,Yes,Not Applicable,No,0.0,Not Applicable,No,Not Applicable,Yes,Yes,No,No,Yes,0.0,921.46,0.0,0.76,Web,Chrome,45,System,0.34039,360.0,9.0,5.0,Active,Yes,Yes,1.0,4.0,Yes,Yes,No,No,Medium,7.0,5.0,Manual Review
CLM00052,Refrigerator,HomePro,12.0,No,Power Failure,Internal Component Failure,Yes,Yes,Yes,Yes,Yes,Not Applicable,No,0.0,Not Applicable,No,Not Applicable,Unknown,Yes,No,No,No,2.0,480.28,0.0,0.973,Web,Edge,57,Dark,-0.68402,238.0,10.0,127.0,Active,Yes,Yes,0.0,5.0,Yes,Yes,No,No,High,12.0,3.0,Manual Review
CLM01316,Air Conditioner,ZenCore,24.0,Yes,Water Leakage,Internal Component Failure,Yes,Yes,Yes,Yes,Yes,Not Applicable,No,,Not Applicable,No,Not Applicable,Yes,Yes,No,No,No,0.0,563.0,0.0,0.887,Web,MobileWebView,51,System,-0.03324,93.0,21.0,1003.0,Active,Yes,Yes,0.0,5.0,Yes,Yes,No,No,High,7.0,4.0,Valid Claim
CLM00853,Printer,HomePro,24.0,No,Connectivity Issue,Internal Component Failure,Yes,Yes,No,Yes,Yes,Yes,Yes,1.0,Yes,No,Not Applicable,Yes,Yes,No,No,No,0.0,85.43,153.81,0.983,Mobile App,Safari,0,Dark,0.54446,154.0,17.0,576.0,Active,Yes,Yes,1.0,4.0,No,Yes,Yes,No,High,4.0,2.0,Manual Review
CLM00492,Camera,PrimeView,24.0,No,Display Failure,Electrical Failure,Yes,Yes,Yes,No,Yes,Not Applicable,No,0.0,Not Applicable,No,Not Applicable,Yes,Yes,No,No,No,1.0,266.53,0.0,0.861,Mobile App,Safari,21,System,-1.63722,1246.0,11.0,-515.0,Expired,Yes,Yes,1.0,4.0,No,Yes,No,No,High,8.0,1.0,Invalid Claim
CLM00844,Television,Aster,24.0,No,Connectivity Issue,Internal Component Failure,Yes,Yes,Yes,Yes,Yes,Not Applicable,No,0.0,Not Applicable,No,Not Applicable,Yes,Yes,No,No,No,3.0,1150.54,0.0,,Web,Chrome,8,Light,0.08168,118.0,10.0,612.0,Active,Yes,Yes,0.0,5.0,Yes,Yes,No,No,Unknown,2.0,6.0,Manual Review
CLM00640,Refrigerator,HomePro,12.0,No,Power Failure,Internal Component Failure,Yes,Yes,No,No,Yes,Not Applicable,No,0.0,Not Applicable,No,Not Applicable,Yes,Yes,No,No,No,1.0,1357.28,0.0,0.986,Mobile App,Firefox,41,Light,0.2538,242.0,13.0,123.0,Active,Yes,Yes,2.0,3.0,No,Yes,No,No,High,6.0,5.0,Manual Review
CLM00914,Air Conditioner,Aster,36.0,No,Water Leakage,Electrical Failure,Yes,Yes,Yes,Yes,Yes,,No,0.0,Not Applicable,No,Not Applicable,Yes,Yes,No,No,No,1.0,1469.69,0.0,0.836,Web,Firefox,35,System,0.77255,914.0,4.0,182.0,Active,Yes,Yes,0.0,5.0,Yes,Yes,No,No,Medium,12.0,6.0,Valid Claim
CLM00031,Television,Aster,36.0,Yes,Connectivity Issue,Manufacturing Defect,Yes,Yes,Yes,Yes,Yes,Not Applicable,No,0.0,Not Applicable,No,Not Applicable,No,Yes,No,No,No,1.0,272.05,0.0,0.906,Mobile App,Chrome,17,Light,-0.81632,504.0,13.0,957.0,Active,Yes,Yes,0.0,5.0,Yes,Yes,No,No,High,10.0,0.0,Invalid Claim
CLM00473,Laptop,ZenCore,12.0,No,Overheating,Manufacturing Defect,Yes,Yes,Yes,Yes,Yes,Yes,Yes,3.0,Yes,No,Not Applicable,Yes,Yes,No,No,No,5.0,478.46,121.25,0.804,Mobile App,Edge,21,Dark,1.17327,323.0,27.0,43.0,Active,Yes,Yes,0.0,5.0,Yes,Yes,Yes,No,Medium,4.0,3.0,Valid Claim
CLM01460,Laptop,Aster,36.0,Yes,Connectivity Issue,Internal Component Failure,Yes,Yes,,Yes,Yes,Not Applicable,No,0.0,Not Applicable,No,Not Applicable,Yes,Yes,No,No,No,1.0,800.06,,0.732,Service Center,Chrome,0,Light,0.52621,114.0,8.0,1347.0,Active,Yes,Yes,0.0,4.0,Unknown,Yes,No,No,Medium,8.0,2.0,Valid Claim
CLM00758,Washing Machine,HomePro,24.0,No,Water Leakage,Internal Component Failure,Yes,Yes,Yes,Yes,Yes,Yes,Yes,3.0,Yes,No,Not Applicable,Unknown,Yes,No,No,No,0.0,1175.84,434.73,0.782,Mobile App,Safari,53,Dark,-0.88379,243.0,20.0,487.0,Active,Yes,Yes,0.0,5.0,Yes,Yes,Yes,No,Medium,11.0,1.0,Manual Review
CLM01141,Printer,PrimeView,36.0,No,Power Failure,Manufacturing Defect,Yes,Yes,Yes,Yes,Yes,Yes,Yes,2.0,Yes,No,Not Applicable,Unknown,Yes,No,No,No,0.0,432.4,156.12,0.806,Mobile App,Firefox,52,Light,-1.29835,13.0,8.0,1083.0,Active,Yes,Yes,0.0,5.0,Yes,Yes,Yes,No,Medium,10.0,3.0,Manual Review
CLM00952,Television,Aster,36.0,No,Connectivity Issue,Internal Component Failure,Yes,Yes,Yes,Yes,Yes,Not Applicable,No,0.0,Not Applicable,No,Not Applicable,Yes,Yes,No,No,No,0.0,1156.8,0.0,0.902,Mobile App,Safari,45,Light,-1.35713,601.0,31.0,495.0,Active,No,Yes,0.0,5.0,Yes,Yes,No,No,High,11.0,0.0,Invalid Claim
CLM00135,Camera,PrimeView,36.0,No,Power Failure,Manufacturing Defect,Yes,Yes,Yes,Yes,Yes,Not Applicable,No,0.0,Not Applicable,No,Not Applicable,Yes,Yes,No,No,No,2.0,435.95,0.0,0.99,Web,Firefox,23,Dark,-1.57425,450.0,3.0,646.0,Active,Yes,Yes,0.0,5.0,Yes,Yes,No,No,High,6.0,1.0,Valid Claim
CLM01328,Printer,NovaTech,24.0,No,Connectivity Issue,Electrical Failure,Yes,Yes,Yes,No,Yes,Not Applicable,No,0.0,Not Applicable,No,Not Applicable,Yes,Yes,No,No,No,0.0,301.12,0.0,0.894,Web,Chrome,5,Light,2.60142,465.0,14.0,265.0,Active,Yes,Yes,1.0,4.0,No,Yes,No,No,High,4.0,5.0,Manual Review
CLM00109,Camera,PrimeView,36.0,No,Power Failure,Manufacturing Defect,Yes,Yes,Yes,No,Yes,Not Applicable,No,0.0,Not Applicable,Yes,Yes,Yes,Yes,No,No,No,2.0,144.22,0.0,0.732,Service Center,Firefox,34,Dark,0.26292,238.0,12.0,858.0,Active,Yes,Yes,1.0,4.0,No,Yes,No,Yes,Medium,10.0,1.0,Manual Review
CLM01049,Printer,HomePro,36.0,No,Mechanical Failure,Internal Component Failure,Yes,No,Yes,Yes,Yes,Not Applicable,No,0.0,Not Applicable,Yes,Yes,Yes,Yes,No,No,No,2.0,862.64,0.0,0.864,Web,MobileWebView,57,Light,-1.54805,245.0,14.0,851.0,Active,Yes,Yes,1.0,4.0,Yes,Yes,No,Yes,High,11.0,1.0,Valid Claim
CLM00381,Television,PrimeView,24.0,No,Display Failure,Manufacturing Defect,No,Yes,Yes,Yes,Yes,Not Applicable,No,0.0,Not Applicable,No,Not Applicable,Yes,Yes,No,No,No,0.0,1490.71,0.0,0.772,Web,Edge,16,Dark,-1.48093,133.0,26.0,597.0,Active,Yes,Yes,1.0,4.0,No,No,No,No,Medium,7.0,1.0,Manual Review
CLM01201,Refrigerator,ZenCore,24.0,No,Water Leakage,Electrical Failure,Yes,Yes,Yes,Yes,Yes,Not Applicable,No,0.0,Not Applicable,No,Not Applicable,Yes,Yes,No,No,No,0.0,1265.32,0.0,0.933,Mobile App,Chrome,38,Dark,0.32571,132.0,24.0,598.0,Active,Yes,Yes,0.0,5.0,Yes,Yes,No,No,High,9.0,6.0,Valid Claim
CLM00162,Refrigerator,Aster,12.0,No,Water Leakage,Internal Component Failure,,Yes,No,Yes,Yes,Not Applicable,No,0.0,Not Applicable,No,Not Applicable,Yes,No,No,No,No,0.0,1047.26,0.0,0.772,Web,Firefox,32,System,-0.81041,496.0,47.0,-130.0,Expired,No,Yes,1.0,3.0,Unknown,,No,No,Medium,4.0,0.0,Invalid Claim
CLM01013,Printer,NovaTech,36.0,No,Power Failure,Manufacturing Defect,Yes,Yes,Yes,Yes,Yes,Not Applicable,No,0.0,Not Applicable,Yes,Yes,Yes,Yes,No,No,No,1.0,160.74,0.0,0.768,Web,Firefox,13,System,0.64063,404.0,17.0,691.0,Active,Yes,Yes,0.0,5.0,Yes,Yes,No,Yes,Medium,2.0,6.0,Valid Claim
CLM00355,Air Conditioner,HomePro,24.0,No,Water Leakage,Normal Wear,Yes,Yes,Yes,Yes,Yes,Not Applicable,No,0.0,Not Applicable,No,Not Applicable,Yes,Yes,No,No,No,0.0,1903.73,0.0,0.939,Mobile App,Safari,19,System,-0.18959,175.0,44.0,555.0,Active,No,No,0.0,5.0,Yes,Yes,No,No,High,1.0,3.0,Invalid Claim
CLM00792,Camera,PrimeView,24.0,Yes,Lens Failure,Electrical Failure,Yes,Yes,Yes,Yes,,Not Applicable,No,0.0,Not Applicable,No,Not Applicable,Yes,Yes,No,No,No,1.0,128.08,0.0,0.863,Web,MobileWebView,17,System,-0.90607,360.0,25.0,735.0,Active,Yes,Yes,0.0,4.0,Unknown,Yes,No,No,High,5.0,3.0,Valid Claim
CLM00211,Refrigerator,ZenCore,24.0,No,Mechanical Failure,Manufacturing Defect,Yes,Yes,Yes,Yes,Yes,Yes,Yes,1.0,Yes,No,Not Applicable,Yes,Yes,No,No,No,0.0,2378.99,503.56,0.843,Web,Firefox,7,Dark,1.30683,372.0,14.0,358.0,Active,Yes,Yes,0.0,5.0,Yes,Yes,Yes,No,Medium,8.0,2.0,Valid Claim
CLM01165,Washing Machine,ZenCore,36.0,No,Power Failure,Internal Component Failure,Yes,Yes,Yes,Yes,Yes,Not Applicable,No,0.0,Not Applicable,No,Not Applicable,Yes,Yes,No,No,No,0.0,1093.47,0.0,0.947,Mobile App,Chrome,26,Light,-2.25899,586.0,9.0,509.0,Active,Yes,Yes,0.0,5.0,Yes,Yes,No,No,High,12.0,0.0,Valid Claim
CLM01175,Camera,PrimeView,36.0,No,Connectivity Issue,Internal Component Failure,Yes,Yes,Yes,Yes,,,No,0.0,Not Applicable,No,Not Applicable,Yes,Yes,No,No,No,0.0,,0.0,0.922,Mobile App,Chrome,23,System,-0.39978,293.0,12.0,803.0,Active,Yes,Yes,0.0,4.0,Unknown,Yes,No,No,High,4.0,5.0,Valid Claim
CLM00568,Camera,PrimeView,12.0,No,Display Failure,Electrical Failure,Yes,Yes,Yes,Yes,Yes,Not Applicable,No,0.0,Not Applicable,No,Not Applicable,Yes,Yes,No,No,No,0.0,312.52,0.0,0.832,Mobile App,Edge,42,System,0.02942,293.0,8.0,72.0,Active,Yes,Yes,0.0,5.0,Yes,Yes,No,No,Medium,1.0,4.0,Valid Claim
CLM01145,Camera,PrimeView,24.0,Yes,Power Failure,Manufacturing Defect,Yes,Yes,Yes,Yes,Yes,Yes,Yes,2.0,Yes,No,Not Applicable,Yes,Yes,No,No,Yes,0.0,1422.54,593.57,0.88,Email,MobileWebView,37,System,-0.11952,239.0,9.0,856.0,Active,Yes,Yes,0.0,5.0,Yes,Yes,Yes,No,High,12.0,3.0,Manual Review
CLM00023,Smartphone,NovaTech,12.0,No,Display Failure,Manufacturing Defect,Yes,Yes,Yes,Yes,Yes,,No,,Not Applicable,No,Not Applicable,Yes,Yes,No,No,No,0.0,937.21,,0.899,Mobile App,Edge,41,Light,-0.08842,276.0,2.0,89.0,Active,Yes,Yes,0.0,5.0,Yes,Yes,No,No,High,5.0,3.0,Valid Claim
CLM00110,Washing Machine,HomePro,24.0,No,Power Failure,Manufacturing Defect,Yes,Yes,Yes,No,Yes,Not Applicable,No,0.0,Not Applicable,No,Not Applicable,Yes,Yes,Yes,No,No,1.0,322.6,0.0,0.851,Web,Safari,51,Dark,0.65234,309.0,11.0,422.0,Active,Yes,Yes,1.0,4.0,No,Yes,No,No,High,5.0,5.0,Invalid Claim
CLM01472,Television,Aster,36.0,No,Audio Failure,Manufacturing Defect,Yes,No,Yes,No,Yes,Not Applicable,No,0.0,Not Applicable,Yes,Yes,Yes,Yes,No,No,No,0.0,1499.05,0.0,,Mobile App,Safari,17,System,1.43242,751.0,6.0,345.0,Active,Yes,Yes,2.0,3.0,No,Yes,No,Yes,Unknown,2.0,1.0,Manual Review
CLM00468,Laptop,NovaTech,36.0,No,Power Failure,Accidental Damage,No,Yes,Yes,Yes,Yes,No,Yes,1.0,No,No,Not Applicable,Yes,Yes,No,No,No,0.0,335.78,372.65,0.76,Web,Edge,15,Light,-1.97712,522.0,17.0,574.0,Active,Yes,No,1.0,4.0,No,No,Yes,No,Medium,2.0,6.0,Invalid Claim
CLM00283,Camera,Aster,24.0,No,Lens Failure,Water Damage,Yes,No,No,,Yes,Not Applicable,No,0.0,Not Applicable,No,Not Applicable,Yes,Yes,No,No,No,1.0,1180.26,,0.862,Mobile App,MobileWebView,42,Light,-0.51929,131.0,17.0,599.0,Active,Yes,No,2.0,2.0,Unknown,Yes,No,No,High,6.0,1.0,Invalid Claim
CLM01230,Smartphone,PrimeView,24.0,No,Battery Problem,Internal Component Failure,Yes,Yes,Yes,No,Yes,Not Applicable,No,0.0,Not Applicable,No,Not Applicable,Yes,Yes,No,No,No,0.0,239.67,0.0,0.779,Email,Edge,23,Light,-0.23533,702.0,26.0,29.0,Active,Yes,Yes,1.0,4.0,No,Yes,No,No,Medium,6.0,5.0,Manual Review
CLM00624,Camera,Aster,24.0,Yes,Battery Problem,Accidental Damage,Yes,Yes,Yes,,Yes,Not Applicable,No,0.0,Not Applicable,No,Not Applicable,Yes,Yes,No,No,Yes,0.0,793.35,0.0,0.776,Web,Chrome,18,Light,-1.11576,285.0,10.0,811.0,Active,Yes,No,0.0,4.0,Unknown,Yes,No,No,Medium,6.0,5.0,Invalid Claim
CLM00598,Smartphone,Aster,12.0,No,Battery Problem,Manufacturing Defect,Yes,,Yes,Yes,Yes,Not Applicable,No,0.0,Not Applicable,No,Not Applicable,Yes,Yes,No,No,No,0.0,327.82,0.0,,Email,Chrome,5,Dark,0.13619,712.0,12.0,-346.0,Expired,Yes,Yes,0.0,4.0,Yes,Yes,No,No,Unknown,7.0,0.0,Invalid Claim
CLM00961,Air Conditioner,ZenCore,24.0,No,Power Failure,Water Damage,Yes,Yes,Yes,No,Yes,Not Applicable,No,0.0,Not Applicable,No,Not Applicable,Yes,Yes,No,No,No,999.0,170.49,0.0,0.876,Web,Firefox,13,System,-0.36762,657.0,3.0,73.0,Active,Yes,No,1.0,4.0,No,Yes,No,No,High,1.0,6.0,Invalid Claim
CLM00556,Laptop,NovaTech,24.0,No,Overheating,Internal Component Failure,Yes,Yes,No,Yes,Yes,Not Applicable,No,0.0,Not Applicable,No,Not Applicable,Yes,Yes,No,No,No,0.0,119.48,0.0,0.747,Web,Safari,41,Dark,0.09729,423.0,22.0,307.0,Active,Yes,Yes,1.0,4.0,No,Yes,No,No,Medium,8.0,1.0,Manual Review
CLM00111,Refrigerator,ZenCore,24.0,No,Mechanical Failure,Internal Component Failure,Yes,Yes,No,Yes,No,Not Applicable,No,0.0,Not Applicable,No,Not Applicable,Yes,Yes,No,No,No,1.0,844.02,0.0,0.992,Web,Chrome,35,System,1.06095,364.0,37.0,366.0,Active,No,Yes,2.0,3.0,No,Yes,No,No,High,5.0,5.0,Invalid Claim
CLM00981,Smartphone,NovaTech,36.0,No,Overheating,Physical Damage,Yes,Yes,Yes,Yes,No,,No,0.0,Not Applicable,No,Not Applicable,Yes,Yes,No,No,No,0.0,714.99,0.0,0.929,Web,Edge,47,Dark,0.16319,107.0,26.0,988.0,Active,Yes,No,1.0,4.0,No,Yes,No,No,High,6.0,5.0,Invalid Claim
CLM01121,Washing Machine,ZenCore,12.0,No,Water Leakage,Internal Component Failure,Yes,Yes,Yes,Yes,Yes,Not Applicable,No,0.0,Not Applicable,No,Not Applicable,Yes,Yes,No,No,No,1.0,522.87,0.0,0.938,Web,Edge,26,System,-1.02824,192.0,3.0,173.0,Active,Yes,Yes,0.0,5.0,Yes,Yes,No,No,High,9.0,2.0,Valid Claim
CLM00730,Refrigerator,Aster,12.0,No,Water Leakage,Accidental Damage,Yes,Yes,Yes,Yes,,Not Applicable,No,0.0,Not Applicable,No,Not Applicable,Yes,Yes,No,No,Yes,0.0,2165.62,0.0,0.794,Email,Safari,31,System,-0.94015,276.0,10.0,89.0,Active,Yes,No,0.0,4.0,Unknown,Yes,No,No,Medium,8.0,1.0,Invalid Claim
CLM00639,Smartphone,Aster,24.0,Yes,Overheating,Manufacturing Defect,Yes,Yes,Yes,Yes,Yes,Not Applicable,No,0.0,Not Applicable,No,Not Applicable,Yes,Yes,No,Yes,No,0.0,198.79,0.0,0.595,Service Center,Firefox,12,Dark,-0.21202,670.0,20.0,425.0,Active,Yes,Yes,0.0,5.0,Yes,Yes,No,No,Low,6.0,6.0,Manual Review
CLM01428,Printer,NovaTech,24.0,No,Power Failure,Electrical Failure,Yes,No,Yes,Yes,Yes,Not Applicable,No,0.0,Not Applicable,Yes,Yes,Yes,Yes,No,No,No,0.0,810.97,0.0,0.918,Service Center,Edge,49,System,-0.28567,471.0,15.0,259.0,Active,Yes,Yes,1.0,4.0,Yes,Yes,No,Yes,High,3.0,5.0,Valid Claim
CLM01296,Refrigerator,ZenCore,24.0,No,Water Leakage,Internal Component Failure,No,Yes,Yes,Yes,No,,No,0.0,Not Applicable,No,Not Applicable,Yes,Yes,No,No,No,2.0,1271.26,0.0,,Web,MobileWebView,10,System,-0.54595,556.0,18.0,174.0,Active,Yes,Yes,2.0,3.0,No,No,No,No,Unknown,8.0,0.0,Manual Review
CLM01188,Camera,PrimeView,24.0,No,Battery Problem,Manufacturing Defect,Yes,Yes,Yes,Yes,Yes,,No,0.0,Not Applicable,No,Not Applicable,Yes,Yes,No,No,No,1.0,386.32,0.0,0.814,Web,Edge,16,System,1.85435,313.0,27.0,417.0,Active,Yes,Yes,0.0,5.0,Yes,Yes,No,No,Medium,7.0,2.0,Valid Claim
CLM01204,Printer,NovaTech,36.0,No,Paper Feed Failure,Electrical Failure,Yes,Yes,Yes,Yes,No,No,Yes,99.0,Yes,No,Not Applicable,Yes,Yes,No,No,No,2.0,206.24,410.83,0.74,Web,Chrome,36,System,0.1264,466.0,19.0,629.0,Active,Yes,Yes,1.0,4.0,No,Yes,Yes,No,Medium,3.0,2.0,Manual Review
CLM00669,Television,HomePro,24.0,No,Display Failure,Electrical Failure,Yes,Yes,Yes,Yes,Yes,,No,0.0,Not Applicable,No,Not Applicable,Yes,Yes,No,No,No,0.0,2198.86,99999.0,0.605,Web,Firefox,3,System,-1.07507,133.0,16.0,597.0,Active,Yes,Yes,0.0,5.0,Yes,Yes,No,No,Low,6.0,4.0,Manual Review
CLM00739,Printer,NovaTech,12.0,Yes,Connectivity Issue,Water Damage,Yes,Yes,Yes,Yes,Yes,Yes,Yes,2.0,Yes,No,Not Applicable,Yes,No,No,No,No,0.0,108.59,640.1,0.783,Mobile App,Firefox,58,Dark,-0.02107,271.0,42.0,459.0,Active,No,No,0.0,5.0,Yes,Yes,Yes,No,Medium,5.0,1.0,Invalid Claim
CLM00781,Smartphone,Aster,12.0,Yes,Power Failure,Electrical Failure,Yes,Yes,Yes,Yes,Yes,Not Applicable,No,0.0,Not Applicable,Yes,Yes,Yes,Yes,No,No,No,0.0,100.96,0.0,0.772,Mobile App,Edge,6,Light,0.70292,147.0,20.0,583.0,Active,Yes,Yes,0.0,5.0,Yes,Yes,No,Yes,Medium,5.0,2.0,Valid Claim
CLM00115,Washing Machine,PrimeView,24.0,No,Power Failure,Electrical Failure,Yes,No,Yes,Yes,Yes,Yes,Yes,2.0,Yes,No,Not Applicable,Yes,Yes,Yes,No,No,0.0,287.03,281.55,0.76,Web,Firefox,3,Light,0.9172,286.0,13.0,444.0,Active,Yes,Yes,1.0,4.0,Yes,Yes,Yes,No,Medium,2.0,1.0,Invalid Claim
CLM00889,Smartphone,PrimeView,24.0,No,Power Failure,Internal Component Failure,Yes,Yes,Yes,Yes,Yes,Not Applicable,No,0.0,Not Applicable,Yes,Yes,Yes,No,No,No,No,1.0,642.28,0.0,0.994,Service Center,MobileWebView,38,Light,-0.84291,245.0,21.0,486.0,Active,Yes,Yes,0.0,5.0,Yes,Yes,No,Yes,High,10.0,1.0,Manual Review
CLM01436,Washing Machine,HomePro,24.0,No,Noise,Internal Component Failure,,Yes,Yes,Yes,Yes,Not Applicable,No,0.0,Not Applicable,No,Not Applicable,Yes,Yes,No,No,No,1.0,277.57,0.0,0.88,Mobile App,Chrome,11,Light,-2.47241,687.0,25.0,44.0,Active,Yes,Yes,0.0,4.0,Unknown,,No,No,High,9.0,1.0,Valid Claim
CLM00733,Television,PrimeView,24.0,No,Power Failure,Internal Component Failure,Yes,Yes,Yes,Yes,No,Not Applicable,No,0.0,Not Applicable,No,Not Applicable,Yes,Yes,No,No,No,1.0,601.07,0.0,0.776,Service Center,MobileWebView,49,Dark,0.41701,361.0,40.0,369.0,Active,No,Yes,1.0,4.0,No,Yes,No,No,Medium,3.0,5.0,Invalid Claim
CLM00548,Air Conditioner,Aster,36.0,No,Noise,Water Damage,Yes,,No,Yes,No,Not Applicable,No,0.0,Not Applicable,No,Not Applicable,Yes,Yes,No,No,Yes,0.0,1707.48,0.0,0.919,Email,Chrome,20,Dark,0.53094,62.0,46.0,1033.0,Active,No,No,2.0,2.0,No,Yes,No,No,High,1.0,6.0,Invalid Claim
CLM00577,Camera,NovaTech,24.0,No,Display Failure,Misuse,Yes,Yes,Yes,Yes,Yes,Not Applicable,No,0.0,Not Applicable,Yes,Yes,Yes,Yes,No,No,No,1.0,418.36,0.0,0.572,Service Center,Edge,4,System,-0.20687,62.0,12.0,668.0,Active,Yes,No,0.0,5.0,Yes,Yes,No,Yes,Low,11.0,6.0,Invalid Claim
CLM00524,Air Conditioner,ZenCore,24.0,No,Noise,Physical Damage,Yes,,Yes,Yes,Yes,Not Applicable,No,0.0,Not Applicable,No,Not Applicable,Yes,Yes,No,No,Yes,1.0,725.2,0.0,0.96,Email,Firefox,8,System,-1.31592,105.0,20.0,626.0,Active,Yes,No,0.0,4.0,Yes,Yes,No,No,High,11.0,2.0,Invalid Claim
CLM00546,Printer,HomePro,36.0,No,Paper Feed Failure,Internal Component Failure,Yes,No,Yes,Yes,,Not Applicable,No,0.0,Not Applicable,No,Not Applicable,Yes,Yes,No,No,No,1.0,355.97,,0.908,Email,Chrome,27,Light,0.59595,591.0,21.0,504.0,Active,Yes,Yes,1.0,3.0,Unknown,Yes,No,No,High,6.0,1.0,Manual Review
CLM01305,Air Conditioner,Aster,12.0,No,Water Leakage,Internal Component Failure,Yes,Yes,Yes,Yes,Yes,Not Applicable,No,0.0,Not Applicable,No,Not Applicable,Yes,Yes,No,No,No,0.0,487.43,0.0,0.797,Web,Firefox,20,System,0.23755,145.0,5.0,220.0,Active,Yes,Yes,0.0,5.0,Yes,Yes,No,No,Medium,3.0,0.0,Valid Claim
CLM00177,Laptop,NovaTech,12.0,No,Battery Problem,Electrical Failure,Yes,Yes,Yes,Yes,Yes,Not Applicable,No,0.0,Not Applicable,No,Not Applicable,Yes,Yes,No,No,No,1.0,191.74,0.0,0.986,Mobile App,Edge,12,Light,-0.1457,249.0,10.0,116.0,Active,Yes,Yes,0.0,5.0,Yes,Yes,No,No,High,2.0,3.0,Valid Claim
CLM01111,Smartphone,NovaTech,36.0,No,Connectivity Issue,Electrical Failure,Yes,Yes,Yes,Yes,Yes,Not Applicable,No,0.0,Not Applicable,No,Not Applicable,Yes,Yes,No,No,No,2.0,235.91,0.0,0.814,Email,Chrome,6,Dark,1.57769,252.0,14.0,844.0,Active,Yes,Yes,0.0,5.0,Yes,Yes,No,No,Medium,8.0,2.0,Valid Claim
CLM00407,Laptop,Aster,36.0,No,Overheating,Manufacturing Defect,Yes,Yes,Yes,Yes,Yes,Not Applicable,No,0.0,Not Applicable,No,Not Applicable,Yes,Yes,Yes,No,No,1.0,577.59,0.0,0.461,Mobile App,MobileWebView,44,Light,0.16534,321.0,19.0,775.0,Active,Yes,Yes,0.0,5.0,Yes,Yes,No,No,Low,10.0,5.0,Invalid Claim
CLM00321,Printer,NovaTech,12.0,Yes,Connectivity Issue,Water Damage,Yes,Yes,Yes,Yes,Yes,Not Applicable,No,0.0,Not Applicable,No,Not Applicable,Yes,Yes,No,No,No,2.0,251.0,0.0,0.852,Email,Chrome,53,System,1.1448,56.0,26.0,674.0,Active,Yes,No,0.0,5.0,Yes,Yes,No,No,High,8.0,1.0,Invalid Claim
CLM00374,Printer,HomePro,24.0,No,Connectivity Issue,Misuse,Yes,No,Yes,Yes,Yes,Not Applicable,No,0.0,Not Applicable,No,Not Applicable,Yes,Yes,No,No,No,2.0,147.95,0.0,0.843,Mobile App,MobileWebView,43,System,-0.6238,325.0,61.0,405.0,Active,No,No,1.0,4.0,Yes,Yes,No,No,Medium,2.0,5.0,Invalid Claim
CLM00572,Washing Machine,HomePro,24.0,No,Noise,Manufacturing Defect,Yes,Yes,Yes,Yes,No,Not Applicable,No,0.0,Not Applicable,No,Not Applicable,Yes,Yes,No,No,No,1.0,850.07,0.0,0.864,Service Center,MobileWebView,11,System,0.02705,786.0,25.0,-55.0,Expired,Yes,Yes,1.0,4.0,No,Yes,No,No,High,1.0,6.0,Invalid Claim
CLM01435,Laptop,NovaTech,24.0,No,Overheating,Electrical Failure,Yes,Yes,Yes,Yes,,Yes,Yes,3.0,Yes,No,Not Applicable,Yes,Yes,No,No,No,0.0,1115.12,31.47,0.86,Web,Firefox,38,System,0.45105,147.0,25.0,584.0,Active,Yes,Yes,0.0,4.0,Unknown,Yes,Yes,No,High,10.0,1.0,Valid Claim
CLM01317,Camera,Aster,24.0,No,Battery Problem,Manufacturing Defect,Yes,Yes,Yes,Yes,Yes,Not Applicable,No,0.0,Not Applicable,No,Not Applicable,Unknown,Yes,No,No,No,1.0,2375.85,0.0,0.721,Web,MobileWebView,31,System,-0.9062,186.0,3.0,545.0,Active,Yes,Yes,0.0,5.0,Yes,Yes,No,No,Medium,12.0,3.0,Manual Review
CLM00361,Television,HomePro,12.0,Yes,Connectivity Issue,Manufacturing Defect,No,No,Yes,Yes,No,Yes,Yes,3.0,Yes,No,Not Applicable,Yes,Yes,No,No,No,2.0,258.18,465.57,0.98,Web,Safari,28,Dark,-0.42076,101.0,19.0,630.0,Active,Yes,Yes,3.0,2.0,No,No,Yes,No,High,1.0,3.0,Manual Review
CLM00250,Television,PrimeView,12.0,No,Display Failure,Internal Component Failure,Yes,No,,Yes,Yes,,No,0.0,Not Applicable,No,Not Applicable,Yes,Yes,No,No,No,1.0,459.3,0.0,0.938,Web,Chrome,9,Light,0.8178,225.0,15.0,140.0,Active,Yes,Yes,1.0,3.0,Unknown,Yes,No,No,High,11.0,1.0,Valid Claim
CLM00103,Television,HomePro,24.0,No,Connectivity Issue,Electrical Failure,Yes,No,Yes,Yes,Yes,Yes,Yes,1.0,Yes,No,Not Applicable,Yes,Yes,No,No,No,2.0,656.24,220.37,0.777,Mobile App,Safari,24,Dark,-0.15892,801.0,840.0,-70.0,Expired,No,Yes,1.0,4.0,Yes,Yes,Yes,No,Medium,12.0,4.0,Invalid Claim
CLM00980,Laptop,Aster,24.0,No,Display Failure,Physical Damage,Yes,Yes,Yes,Yes,,Yes,Yes,1.0,Yes,No,Not Applicable,Yes,Yes,No,No,No,0.0,1534.38,,0.872,Email,Edge,33,System,0.96763,229.0,10.0,501.0,Active,Yes,No,0.0,4.0,Unknown,Yes,Yes,No,High,8.0,1.0,Invalid Claim
CLM00427,Television,Aster,36.0,No,Power Failure,Internal Component Failure,Yes,No,No,Yes,Yes,Not Applicable,No,0.0,Not Applicable,No,Not Applicable,Yes,No,No,No,No,0.0,916.6,0.0,0.976,Mobile App,Safari,53,System,0.27575,604.0,3.0,492.0,Active,Yes,Yes,2.0,3.0,No,Yes,No,No,High,2.0,4.0,Manual Review
CLM00937,Television,Aster,24.0,No,Audio Failure,Electrical Failure,No,Yes,Yes,,Yes,Not Applicable,No,0.0,Not Applicable,No,Not Applicable,Yes,Yes,No,No,No,0.0,544.49,0.0,0.783,Web,MobileWebView,6,System,-1.63253,595.0,17.0,136.0,Active,Yes,Yes,1.0,3.0,Unknown,No,No,No,Medium,9.0,6.0,Manual Review
CLM01058,Television,PrimeView,12.0,No,Audio Failure,Manufacturing Defect,Yes,Yes,Yes,Yes,Yes,Not Applicable,No,0.0,Not Applicable,No,Not Applicable,Yes,Yes,No,No,No,0.0,1903.42,0.0,0.995,Mobile App,Firefox,9,Dark,0.53356,115.0,10.0,251.0,Active,Yes,Yes,0.0,5.0,Yes,Yes,No,No,High,12.0,6.0,Valid Claim
CLM00567,Smartphone,PrimeView,24.0,No,Power Failure,Manufacturing Defect,Yes,Yes,Yes,Yes,Yes,Not Applicable,No,0.0,Not Applicable,No,Not Applicable,Unknown,Yes,No,No,No,0.0,613.92,0.0,0.833,Mobile App,MobileWebView,26,Dark,0.82933,202.0,10.0,528.0,Active,Yes,Yes,0.0,5.0,Yes,Yes,No,No,Medium,6.0,0.0,Manual Review
CLM00326,Printer,HomePro,36.0,No,Mechanical Failure,Normal Wear,Yes,No,Yes,Yes,Yes,Not Applicable,No,0.0,Not Applicable,Yes,No,Yes,Yes,No,No,No,0.0,64.92,0.0,0.823,Service Center,Edge,25,Dark,0.48949,54.0,12.0,1042.0,Active,Yes,No,1.0,4.0,Yes,Yes,No,Yes,Medium,5.0,2.0,Invalid Claim
CLM00868,Camera,Aster,12.0,Yes,Battery Problem,Water Damage,Yes,Yes,Yes,Yes,Yes,Not Applicable,No,0.0,Not Applicable,No,Not Applicable,Unknown,Yes,No,No,No,2.0,1985.0,0.0,0.813,Service Center,Chrome,49,Dark,-0.36611,9.0,1.0,722.0,Active,Yes,No,0.0,5.0,Yes,Yes,No,No,Medium,6.0,2.0,Invalid Claim
CLM00816,Smartphone,NovaTech,36.0,No,Battery Problem,Water Damage,Yes,Yes,Yes,Yes,,Not Applicable,No,0.0,Not Applicable,No,Not Applicable,Yes,Yes,No,No,No,0.0,1278.83,0.0,0.764,Web,Edge,52,System,0.71337,206.0,4.0,890.0,Active,Yes,No,0.0,4.0,Unknown,Yes,No,No,Medium,9.0,4.0,Invalid Claim
CLM01403,Washing Machine,HomePro,36.0,No,Mechanical Failure,Internal Component Failure,Yes,Yes,Yes,Yes,No,Not Applicable,No,0.0,Not Applicable,No,Not Applicable,Unknown,Yes,No,No,No,1.0,196.89,0.0,0.748,Web,Edge,15,System,-0.77962,491.0,25.0,605.0,Active,Yes,Yes,1.0,4.0,No,Yes,No,No,Medium,12.0,6.0,Manual Review
CLM00254,Camera,NovaTech,12.0,No,Power Failure,Manufacturing Defect,Yes,Yes,Yes,Yes,Yes,Not Applicable,No,0.0,Not Applicable,No,Not Applicable,Yes,Yes,No,No,No,3.0,568.78,0.0,0.871,Web,Edge,44,Light,1.13318,296.0,4.0,69.0,Active,Yes,Yes,0.0,5.0,Yes,Yes,No,No,High,11.0,4.0,Valid Claim
CLM00042,Washing Machine,HomePro,12.0,Yes,Water Leakage,Normal Wear,Yes,Yes,Yes,Yes,Yes,Not Applicable,No,0.0,Not Applicable,No,Not Applicable,Yes,Yes,No,No,No,1.0,912.51,0.0,0.745,Mobile App,Safari,11,Dark,-0.71498,478.0,8.0,253.0,Active,Yes,No,0.0,5.0,Yes,Yes,No,No,Medium,4.0,5.0,Invalid Claim
CLM01298,Television,HomePro,36.0,No,Power Failure,Electrical Failure,Yes,Yes,Yes,Yes,Yes,Not Applicable,No,0.0,Not Applicable,No,Not Applicable,Yes,Yes,No,No,No,0.0,935.87,,0.941,Web,MobileWebView,28,System,-1.88766,1079.0,3.0,17.0,Active,Yes,Yes,0.0,5.0,Yes,Yes,No,No,High,6.0,6.0,Valid Claim
CLM01132,Laptop,Aster,36.0,No,Connectivity Issue,Internal Component Failure,Yes,Yes,,Yes,Yes,Not Applicable,No,0.0,Not Applicable,No,Not Applicable,Yes,Yes,No,No,No,1.0,246.78,0.0,0.769,Web,Firefox,45,System,1.2046,859.0,7.0,237.0,Active,Yes,Yes,0.0,4.0,Unknown,Yes,No,No,Medium,6.0,4.0,Valid Claim
CLM00968,Television,HomePro,24.0,Yes,Power Failure,Manufacturing Defect,Yes,Yes,Yes,Yes,Yes,Yes,Yes,3.0,No,No,Not Applicable,Yes,Yes,No,No,No,1.0,211.85,222.16,0.731,Service Center,MobileWebView,25,Light,-0.72821,282.0,21.0,813.0,Active,Yes,Yes,0.0,5.0,Yes,Yes,Yes,No,Medium,10.0,5.0,Invalid Claim
CLM01140,Washing Machine,HomePro,36.0,Yes,Noise,Manufacturing Defect,Yes,Yes,Yes,Yes,No,Not Applicable,No,0.0,Not Applicable,No,Not Applicable,Yes,Yes,No,No,No,0.0,181.47,0.0,0.936,Email,Safari,51,Light,-0.60849,422.0,7.0,1039.0,Active,Yes,Yes,1.0,4.0,No,Yes,No,No,High,4.0,0.0,Manual Review
CLM00196,Washing Machine,PrimeView,24.0,No,Water Leakage,Normal Wear,Yes,Yes,Yes,Yes,Yes,Not Applicable,No,0.0,Not Applicable,Yes,Yes,Yes,Yes,No,No,No,1.0,217.98,0.0,0.468,Web,Chrome,7,Dark,-0.0313,67.0,18.0,663.0,Active,Yes,No,0.0,5.0,Yes,Yes,No,Yes,Low,12.0,6.0,Invalid Claim
CLM01357,Washing Machine,PrimeView,12.0,No,Water Leakage,Internal Component Failure,No,,Yes,Yes,Yes,Not Applicable,No,0.0,Not Applicable,No,Not Applicable,Yes,Yes,No,No,No,1.0,192.77,0.0,0.758,Mobile App,Chrome,26,Light,1.80214,321.0,5.0,44.0,Active,Yes,Yes,1.0,3.0,No,No,No,No,Medium,8.0,2.0,Manual Review
CLM01243,Smartphone,Aster,24.0,No,Display Failure,Internal Component Failure,Yes,Yes,Yes,Yes,Yes,Not Applicable,No,0.0,Not Applicable,No,Not Applicable,Yes,Yes,No,No,No,1.0,203.78,0.0,0.865,Web,Edge,7,System,-0.0123,42.0,9.0,688.0,Active,Yes,Yes,0.0,5.0,Yes,Yes,No,No,High,10.0,6.0,Valid Claim
CLM00778,Refrigerator,HomePro,12.0,Yes,Mechanical Failure,Internal Component Failure,Yes,Yes,Yes,Yes,,Not Applicable,No,0.0,Not Applicable,No,Not Applicable,Yes,Yes,No,No,No,2.0,1292.68,0.0,0.881,Service Center,MobileWebView,22,Dark,1.68192,23.0,11.0,707.0,Active,Yes,Yes,0.0,4.0,Unknown,Yes,No,No,High,4.0,0.0,Valid Claim
CLM00535,Refrigerator,Aster,24.0,Yes,Noise,Electrical Failure,No,Yes,Yes,Yes,Yes,Not Applicable,No,0.0,Not Applicable,No,Not Applicable,Yes,Yes,No,No,No,1.0,136.61,0.0,0.827,Email,MobileWebView,36,Dark,-0.93882,35.0,7.0,1061.0,Active,Yes,Yes,1.0,4.0,No,No,No,No,Medium,4.0,6.0,Manual Review
CLM00199,Smartphone,NovaTech,24.0,No,Display Failure,Manufacturing Defect,Yes,Yes,Yes,Yes,Yes,Not Applicable,No,0.0,Not Applicable,No,Not Applicable,Yes,Yes,No,No,No,2.0,224.73,0.0,0.811,Service Center,MobileWebView,33,Light,1.49681,30.0,9.0,700.0,Active,Yes,Yes,0.0,5.0,Yes,Yes,No,No,Medium,5.0,1.0,Valid Claim
CLM00926,Washing Machine,PrimeView,24.0,No,Water Leakage,Electrical Failure,Yes,No,Yes,Yes,Yes,Not Applicable,No,0.0,Not Applicable,No,Not Applicable,Yes,Yes,No,No,No,2.0,873.33,0.0,0.792,Web,MobileWebView,19,System,1.23428,746.0,23.0,-15.0,Expired,Yes,Yes,1.0,4.0,Yes,Yes,No,No,Medium,1.0,6.0,Invalid Claim
CLM00510,Washing Machine,PrimeView,24.0,No,Water Leakage,Accidental Damage,Yes,No,Yes,Yes,Yes,Yes,Yes,2.0,Yes,No,Not Applicable,Yes,Yes,No,No,No,2.0,640.6,225.57,0.745,Mobile App,Firefox,42,System,-3.24113,314.0,11.0,416.0,Active,Yes,No,1.0,4.0,Yes,Yes,Yes,No,Medium,8.0,1.0,Invalid Claim
CLM00998,Television,PrimeView,12.0,No,Connectivity Issue,Internal Component Failure,,Yes,Yes,Yes,Yes,Not Applicable,No,0.0,Not Applicable,No,Not Applicable,Yes,Yes,No,No,No,0.0,898.19,0.0,0.795,Web,MobileWebView,41,Dark,-0.99924,153.0,20.0,212.0,Active,Yes,Yes,0.0,4.0,Unknown,,No,No,Medium,9.0,6.0,Valid Claim
CLM00409,Printer,PrimeView,36.0,No,Mechanical Failure,Internal Component Failure,Yes,Yes,Yes,Yes,Yes,Yes,Yes,3.0,Yes,No,Not Applicable,No,Yes,No,No,No,0.0,57.04,519.43,0.925,Web,MobileWebView,58,Dark,-1.3335,199.0,8.0,896.0,Active,Yes,Yes,0.0,5.0,Yes,Yes,Yes,No,High,11.0,2.0,Invalid Claim
CLM01280,Smartphone,PrimeView,36.0,No,Battery Problem,Internal Component Failure,Yes,Yes,Yes,Yes,Yes,No,Yes,2.0,Yes,No,Not Applicable,Yes,Yes,No,No,No,1.0,785.23,559.68,0.849,Mobile App,Firefox,39,Dark,0.23034,1032.0,17.0,64.0,Active,Yes,Yes,0.0,5.0,Yes,Yes,Yes,No,Medium,5.0,3.0,Valid Claim
CLM01091,Printer,HomePro,12.0,No,Connectivity Issue,Electrical Failure,Yes,No,Yes,Yes,Yes,Not Applicable,No,0.0,Not Applicable,No,Not Applicable,Yes,Yes,No,No,No,0.0,222.84,0.0,0.964,Mobile App,Firefox,15,Dark,-2.01273,175.0,19.0,190.0,Active,Yes,Yes,1.0,4.0,Yes,Yes,No,No,High,3.0,4.0,Valid Claim
CLM01035,Television,HomePro,36.0,No,Connectivity Issue,Electrical Failure,Yes,Yes,Yes,Yes,Yes,,No,0.0,Not Applicable,No,Not Applicable,Yes,Yes,No,No,No,2.0,458.38,0.0,0.992,Web,Safari,44,Dark,0.17858,862.0,14.0,234.0,Active,Yes,Yes,0.0,5.0,Yes,Yes,No,No,High,10.0,4.0,Valid Claim
CLM00371,Smartphone,Aster,24.0,No,Power Failure,Misuse,No,Yes,,Yes,Yes,Yes,Yes,2.0,Yes,No,Not Applicable,Yes,Yes,No,No,No,1.0,114.34,464.09,0.767,Service Center,MobileWebView,36,Dark,-1.71639,176.0,4.0,554.0,Active,Yes,No,1.0,3.0,Unknown,No,Yes,No,Medium,12.0,1.0,Invalid Claim
CLM01395,Smartphone,PrimeView,24.0,No,Power Failure,Manufacturing Defect,Yes,Yes,Yes,Yes,Yes,Yes,Yes,3.0,Yes,No,Not Applicable,Yes,Yes,No,No,No,0.0,206.19,175.07,0.877,Mobile App,Edge,13,Light,1.5002,51.0,4.0,679.0,Active,Yes,Yes,0.0,5.0,Yes,Yes,Yes,No,High,2.0,3.0,Valid Claim
CLM01461,Smartphone,NovaTech,24.0,No,Battery Problem,Manufacturing Defect,Yes,No,Yes,No,Yes,Not Applicable,No,0.0,Not Applicable,No,Not Applicable,Yes,Yes,No,No,No,1.0,115.05,0.0,0.825,Web,Chrome,54,Light,0.15318,181.0,15.0,549.0,Active,Yes,Yes,2.0,3.0,No,Yes,No,No,Medium,5.0,5.0,Manual Review
CLM01365,Air Conditioner,HomePro,24.0,No,Power Failure,Electrical Failure,Yes,Yes,No,Yes,Yes,Yes,Yes,3.0,Yes,No,Not Applicable,Yes,Yes,No,No,No,0.0,1014.22,,0.831,Service Center,Chrome,16,System,0.13863,411.0,20.0,319.0,Active,Yes,Yes,1.0,4.0,No,Yes,Yes,No,Medium,6.0,4.0,Manual Review
CLM00483,Smartphone,NovaTech,12.0,No,Battery Problem,Internal Component Failure,Yes,Yes,Yes,Yes,Yes,Not Applicable,No,0.0,Not Applicable,No,Not Applicable,Yes,Yes,No,No,No,0.0,512.15,0.0,0.848,Web,MobileWebView,34,Light,0.99848,207.0,11.0,158.0,Active,Yes,Yes,0.0,5.0,Yes,Yes,No,No,Medium,9.0,5.0,Valid Claim
CLM01288,Laptop,NovaTech,24.0,No,Display Failure,Internal Component Failure,Yes,,Yes,Yes,Yes,,No,0.0,Not Applicable,No,Not Applicable,Yes,Yes,No,No,No,1.0,556.55,,0.994,Service Center,MobileWebView,9,System,0.66351,90.0,13.0,640.0,Active,Yes,Yes,0.0,4.0,Yes,Yes,No,No,High,4.0,2.0,Valid Claim
CLM00977,Refrigerator,ZenCore,24.0,No,Cooling Failure,Misuse,Yes,Yes,Yes,Yes,Yes,Not Applicable,No,0.0,Not Applicable,No,Not Applicable,Yes,Yes,No,No,No,1.0,755.67,0.0,0.915,Service Center,Chrome,31,Light,0.66194,484.0,8.0,247.0,Active,Yes,No,0.0,5.0,Yes,Yes,No,No,High,5.0,4.0,Invalid Claim
CLM00580,Air Conditioner,Aster,24.0,No,Cooling Failure,Internal Component Failure,Yes,Yes,Yes,Yes,Yes,Not Applicable,No,0.0,Not Applicable,No,Not Applicable,Yes,Yes,No,No,No,1.0,1244.76,0.0,0.774,Mobile App,MobileWebView,44,Light,0.19462,257.0,21.0,474.0,Active,Yes,Yes,0.0,5.0,Yes,Yes,No,No,Medium,2.0,0.0,Valid Claim
CLM00084,Air Conditioner,ZenCore,24.0,No,Water Leakage,Electrical Failure,Yes,Yes,Yes,Yes,No,Not Applicable,No,0.0,Not Applicable,No,Not Applicable,Yes,Yes,No,No,No,2.0,734.45,0.0,0.784,Web,MobileWebView,1,Dark,0.35015,221.0,24.0,509.0,Active,Yes,Yes,1.0,4.0,No,Yes,No,No,Medium,11.0,4.0,Manual Review
CLM00566,Television,PrimeView,12.0,No,Display Failure,Electrical Failure,Yes,Yes,Yes,Yes,Yes,Yes,Yes,2.0,Yes,No,Not Applicable,Yes,No,No,No,No,0.0,480.76,355.5,0.778,Mobile App,Edge,43,Dark,-0.04858,726.0,7.0,-360.0,Expired,Yes,Yes,0.0,5.0,Yes,Yes,Yes,No,Medium,2.0,1.0,Invalid Claim
CLM00608,Refrigerator,Aster,24.0,No,Cooling Failure,Misuse,Yes,Yes,Yes,No,Yes,Not Applicable,No,0.0,Not Applicable,Yes,No,Yes,Yes,No,No,No,0.0,1151.19,0.0,0.928,Web,MobileWebView,55,System,-1.26821,137.0,7.0,593.0,Active,Yes,No,1.0,4.0,No,Yes,No,Yes,High,8.0,2.0,Invalid Claim
CLM00809,Refrigerator,ZenCore,24.0,No,Cooling Failure,Manufacturing Defect,Yes,No,No,Yes,,Not Applicable,No,0.0,Not Applicable,No,Not Applicable,Yes,Yes,No,No,No,2.0,897.28,0.0,0.86,Service Center,MobileWebView,24,System,2.06083,803.0,3.0,-72.0,Expired,Yes,Yes,2.0,2.0,Unknown,Yes,No,No,High,8.0,1.0,Invalid Claim
CLM00048,Camera,NovaTech,24.0,No,Lens Failure,Electrical Failure,Yes,No,Yes,Yes,No,Not Applicable,No,0.0,Not Applicable,No,Not Applicable,Yes,Yes,No,No,No,3.0,300.39,,0.93,Service Center,MobileWebView,12,Dark,0.40633,17.0,14.0,714.0,Active,Yes,Yes,2.0,3.0,No,Yes,No,No,High,2.0,0.0,Manual Review
CLM01205,Camera,NovaTech,24.0,Yes,Connectivity Issue,Internal Component Failure,Yes,Yes,Yes,Yes,Yes,Not Applicable,No,0.0,Not Applicable,No,Not Applicable,Yes,Yes,No,No,No,0.0,3190.05,0.0,0.878,Mobile App,MobileWebView,35,System,-0.28987,64.0,17.0,1032.0,Active,Yes,Yes,0.0,5.0,Yes,Yes,No,No,High,5.0,1.0,Valid Claim
CLM01266,Laptop,NovaTech,24.0,No,Power Failure,Manufacturing Defect,Yes,Yes,Yes,Yes,Yes,Not Applicable,No,0.0,Not Applicable,No,Not Applicable,Yes,Yes,No,No,No,0.0,680.7,0.0,0.499,Web,Chrome,56,Dark,-0.35031,174.0,9.0,556.0,Active,Yes,Yes,0.0,5.0,Yes,Yes,No,No,Low,1.0,0.0,Manual Review
CLM00969,Air Conditioner,HomePro,24.0,No,Water Leakage,Manufacturing Defect,,Yes,Yes,Yes,Yes,No,Yes,3.0,Yes,No,Not Applicable,Yes,Yes,No,No,No,1.0,919.31,472.47,0.963,Web,Safari,46,Dark,0.65806,78.0,11.0,652.0,Active,Yes,Yes,0.0,4.0,Unknown,,Yes,No,High,11.0,0.0,Valid Claim
CLM00388,Smartphone,PrimeView,24.0,No,Battery Problem,Internal Component Failure,Yes,Yes,Yes,Yes,,Yes,Yes,3.0,Yes,No,Not Applicable,Yes,Yes,No,No,No,0.0,,182.82,0.787,Web,Edge,17,Light,-1.65446,137.0,10.0,593.0,Active,Yes,Yes,0.0,4.0,Unknown,Yes,Yes,No,Medium,3.0,3.0,Valid Claim
CLM01402,Printer,HomePro,12.0,Yes,Connectivity Issue,Manufacturing Defect,No,Yes,Yes,Yes,No,Yes,Yes,3.0,Yes,No,Not Applicable,Yes,Yes,No,No,No,1.0,622.84,372.58,0.966,Service Center,Chrome,20,Dark,0.11867,131.0,11.0,599.0,Active,Yes,Yes,2.0,3.0,No,No,Yes,No,High,8.0,5.0,Manual Review
CLM00948,Television,Aster,12.0,No,Display Failure,Electrical Failure,Yes,Yes,Yes,Yes,Yes,Not Applicable,No,0.0,Not Applicable,No,Not Applicable,No,Yes,No,No,No,0.0,1661.84,0.0,0.934,Mobile App,Chrome,30,Dark,0.61501,231.0,14.0,134.0,Active,Yes,Yes,0.0,5.0,Yes,Yes,No,No,High,11.0,5.0,Invalid Claim
CLM00183,Smartphone,PrimeView,24.0,Yes,Power Failure,Accidental Damage,Yes,No,Yes,Yes,Yes,Not Applicable,No,0.0,Not Applicable,Yes,Yes,Yes,Yes,No,Yes,No,0.0,110.6,0.0,0.573,Web,Firefox,55,System,-0.19678,483.0,28.0,613.0,Active,Yes,No,1.0,4.0,Yes,Yes,No,Yes,Low,6.0,2.0,Invalid Claim
CLM00179,Printer,NovaTech,12.0,No,Mechanical Failure,Electrical Failure,Yes,Yes,Yes,Yes,Yes,Not Applicable,No,0.0,Not Applicable,No,Not Applicable,Yes,Yes,No,No,No,1.0,850.15,0.0,0.745,Web,MobileWebView,59,Dark,0.55743,56.0,16.0,309.0,Active,Yes,Yes,0.0,5.0,Yes,Yes,No,No,Medium,1.0,0.0,Valid Claim
CLM00412,Camera,PrimeView,36.0,No,Display Failure,Manufacturing Defect,Yes,No,Yes,No,Yes,,Yes,2.0,Yes,No,Not Applicable,Yes,Yes,No,No,No,1.0,373.94,229.38,0.838,Web,Firefox,30,Dark,-0.08516,9.0,5.0,1087.0,Active,Yes,Yes,2.0,3.0,No,Yes,Yes,No,Medium,3.0,1.0,Manual Review
CLM01174,Washing Machine,ZenCore,36.0,No,Mechanical Failure,Electrical Failure,Yes,Yes,Yes,Yes,Yes,,No,0.0,Not Applicable,No,Not Applicable,Yes,Yes,No,No,No,0.0,298.25,0.0,0.836,Mobile App,Firefox,48,Dark,-0.48914,463.0,14.0,633.0,Active,Yes,Yes,0.0,5.0,Yes,Yes,No,No,Medium,6.0,5.0,Valid Claim
CLM01019,Refrigerator,ZenCore,36.0,Yes,Mechanical Failure,Electrical Failure,Yes,Yes,Yes,No,Yes,,Yes,3.0,Yes,No,Not Applicable,Yes,Yes,No,No,No,1.0,937.83,469.08,0.784,Email,Chrome,28,Light,-0.99339,612.0,10.0,849.0,Active,Yes,Yes,1.0,4.0,No,Yes,Yes,No,Medium,2.0,2.0,Manual Review
CLM01441,Washing Machine,HomePro,24.0,No,Noise,Electrical Failure,Yes,Yes,Yes,Yes,No,Not Applicable,No,0.0,Not Applicable,Yes,No,Yes,Yes,No,Yes,No,2.0,122.55,0.0,0.856,Web,Chrome,24,Light,1.13771,341.0,1.0,389.0,Active,Yes,Yes,1.0,4.0,No,Yes,No,Yes,High,7.0,3.0,Manual Review
CLM00003,Television,PrimeView,24.0,Yes,Power Failure,Internal Component Failure,Yes,,Yes,Yes,,Yes,Yes,1.0,Yes,Yes,Yes,Yes,Yes,No,No,No,999.0,397.51,450.85,0.945,Mobile App,Safari,35,Light,-0.25568,912.0,33.0,184.0,Active,No,Yes,0.0,3.0,Unknown,Yes,Yes,Yes,High,11.0,6.0,Invalid Claim
CLM00514,Printer,PrimeView,24.0,No,Power Failure,Internal Component Failure,Yes,,Yes,,Yes,Not Applicable,No,0.0,Not Applicable,Yes,Yes,Yes,No,No,No,No,1.0,441.79,0.0,0.554,Service Center,Firefox,32,Dark,2.49732,395.0,20.0,335.0,Active,Yes,Yes,0.0,3.0,Unknown,Yes,No,Yes,Low,12.0,2.0,Manual Review
CLM01036,Laptop,,24.0,Yes,Overheating,Internal Component Failure,Yes,Yes,Yes,Yes,Yes,Yes,Yes,3.0,Yes,No,Not Applicable,Yes,Yes,No,No,No,1.0,143.92,82.84,0.928,Mobile App,MobileWebView,29,Light,0.31048,55.0,10.0,1041.0,Active,Yes,Yes,0.0,5.0,Yes,Yes,Yes,No,High,2.0,1.0,Valid Claim
CLM00214,Camera,Aster,12.0,No,Power Failure,Internal Component Failure,Yes,Yes,Yes,No,Yes,Not Applicable,No,0.0,Not Applicable,No,Not Applicable,Yes,Yes,No,No,No,1.0,2609.46,0.0,0.835,Mobile App,MobileWebView,15,Light,-0.87856,254.0,20.0,111.0,Active,Yes,Yes,1.0,4.0,No,Yes,No,No,Medium,11.0,1.0,Manual Review
CLM01445,Laptop,NovaTech,24.0,No,Connectivity Issue,Internal Component Failure,Yes,Yes,Yes,No,Yes,No,Yes,2.0,Yes,No,Not Applicable,Yes,Yes,No,No,No,1.0,1298.08,372.41,0.894,Web,MobileWebView,1,Dark,-1.08376,317.0,23.0,413.0,Active,Yes,Yes,1.0,4.0,No,Yes,Yes,No,High,4.0,2.0,Manual Review
CLM00904,Television,Aster,12.0,No,Power Failure,Manufacturing Defect,Yes,Yes,Yes,Yes,Yes,Yes,Yes,1.0,Unknown,No,Not Applicable,Yes,Yes,No,No,No,1.0,1507.74,290.65,0.788,Web,Firefox,4,Dark,1.30532,474.0,2.0,-109.0,Expired,Yes,Yes,0.0,5.0,Yes,Yes,Yes,No,Medium,2.0,1.0,Invalid Claim
CLM00940,Air Conditioner,Aster,12.0,No,Cooling Failure,Physical Damage,Yes,Yes,Yes,Yes,Yes,Not Applicable,No,0.0,Not Applicable,No,Not Applicable,Yes,No,No,No,No,1.0,1275.38,0.0,0.852,Service Center,Safari,42,System,1.0705,661.0,15.0,-295.0,Expired,Yes,No,0.0,5.0,Yes,Yes,No,No,High,1.0,4.0,Invalid Claim
CLM00528,Air Conditioner,Aster,12.0,No,Power Failure,Misuse,Yes,Yes,,Yes,Yes,Not Applicable,No,0.0,Not Applicable,No,Not Applicable,Yes,Yes,No,No,No,0.0,705.63,0.0,0.864,Web,MobileWebView,42,Dark,-0.53441,67.0,21.0,298.0,Active,Yes,No,0.0,4.0,Unknown,Yes,No,No,High,8.0,3.0,Invalid Claim
CLM01241,Camera,NovaTech,24.0,No,Battery Problem,Manufacturing Defect,No,Yes,Yes,Yes,Yes,Not Applicable,No,0.0,Not Applicable,No,Not Applicable,Yes,Yes,No,No,No,1.0,,0.0,,Service Center,Edge,29,Dark,0.35028,177.0,5.0,553.0,Active,Yes,Yes,1.0,4.0,No,No,No,No,Unknown,10.0,2.0,Manual Review
CLM01495,Television,Aster,12.0,No,Audio Failure,Manufacturing Defect,No,No,Yes,Yes,Yes,Yes,Yes,3.0,Yes,No,Not Applicable,Yes,Yes,No,No,No,1.0,1949.63,,0.923,Web,Safari,40,Light,0.93522,112.0,6.0,253.0,Active,Yes,Yes,2.0,3.0,No,No,Yes,No,High,4.0,2.0,Manual Review
CLM00159,Television,HomePro,24.0,No,Display Failure,Water Damage,Yes,Yes,Yes,Yes,Yes,Yes,Yes,1.0,No,No,Not Applicable,Unknown,Yes,No,No,No,1.0,490.33,623.19,0.991,Service Center,Chrome,7,Dark,0.69655,169.0,5.0,561.0,Active,Yes,No,0.0,5.0,Yes,Yes,Yes,No,High,5.0,1.0,Invalid Claim
CLM00834,Refrigerator,ZenCore,24.0,No,Cooling Failure,Misuse,Yes,Yes,Yes,Yes,Yes,Not Applicable,No,0.0,Not Applicable,Yes,Yes,Yes,Yes,No,No,No,1.0,588.56,0.0,0.91,Web,Edge,26,Light,-1.56382,851.0,30.0,-120.0,Expired,Yes,No,0.0,5.0,Yes,Yes,No,Yes,High,4.0,2.0,Invalid Claim
CLM01005,Smartphone,PrimeView,24.0,No,Battery Problem,Manufacturing Defect,Yes,Yes,Yes,Yes,Yes,Not Applicable,No,0.0,Not Applicable,No,Not Applicable,Yes,Yes,No,No,No,1.0,613.45,0.0,0.656,Web,Edge,32,Dark,2.17552,56.0,17.0,674.0,Active,Yes,Yes,0.0,5.0,Yes,Yes,No,No,Low,11.0,0.0,Manual Review
CLM01130,Camera,PrimeView,24.0,Yes,Connectivity Issue,Internal Component Failure,Yes,Yes,,No,Yes,Not Applicable,No,0.0,Not Applicable,No,Not Applicable,Yes,Yes,No,No,No,1.0,1005.57,0.0,0.888,Web,MobileWebView,29,System,1.71408,24.0,13.0,1072.0,Active,Yes,Yes,1.0,3.0,Unknown,Yes,No,No,High,3.0,5.0,Manual Review
CLM00945,Printer,HomePro,12.0,No,Mechanical Failure,Manufacturing Defect,Yes,Yes,Yes,Yes,Yes,Not Applicable,No,0.0,Not Applicable,No,Not Applicable,Yes,Yes,No,No,No,1.0,22.62,0.0,0.795,Service Center,Edge,21,Light,-0.52032,51.0,14.0,314.0,Active,Yes,Yes,0.0,5.0,Yes,Yes,No,No,Medium,1.0,4.0,Valid Claim
CLM01453,Washing Machine,PrimeView,12.0,No,Water Leakage,Internal Component Failure,Yes,No,Yes,Yes,Yes,Yes,Yes,3.0,Yes,No,Not Applicable,Yes,Yes,No,No,No,0.0,1201.12,360.61,0.825,Mobile App,Safari,45,Dark,-0.0017,105.0,4.0,260.0,Active,Yes,Yes,1.0,4.0,Yes,Yes,Yes,No,Medium,1.0,4.0,Valid Claim
CLM00629,Smartphone,Aster,12.0,No,Connectivity Issue,Electrical Failure,Yes,Yes,Yes,Yes,Yes,Not Applicable,No,0.0,Not Applicable,No,Not Applicable,Yes,Yes,No,No,No,1.0,126.59,0.0,0.881,Web,Chrome,16,Dark,0.37317,225.0,11.0,141.0,Active,Yes,Yes,0.0,5.0,Yes,Yes,No,No,High,9.0,2.0,Valid Claim
CLM01148,Refrigerator,ZenCore,24.0,No,Noise,Manufacturing Defect,Yes,Yes,Yes,No,Yes,Not Applicable,No,0.0,Not Applicable,No,Not Applicable,Yes,Yes,No,No,No,1.0,863.66,0.0,0.986,Web,MobileWebView,10,Light,0.594,201.0,12.0,529.0,Active,Yes,Yes,1.0,4.0,No,Yes,No,No,High,12.0,1.0,Manual Review
CLM00648,Smartphone,PrimeView,36.0,Yes,Display Failure,Manufacturing Defect,Yes,Yes,Yes,Yes,Yes,,No,0.0,Not Applicable,No,Not Applicable,Yes,Yes,No,No,No,0.0,146.07,0.0,0.969,Web,Chrome,5,Dark,-0.18253,273.0,13.0,1188.0,Active,Yes,Yes,0.0,5.0,Yes,Yes,No,No,High,11.0,3.0,Valid Claim
CLM00005,Washing Machine,ZenCore,24.0,No,Power Failure,Internal Component Failure,Yes,No,Yes,Yes,Yes,,No,0.0,Not Applicable,No,Not Applicable,Yes,Yes,No,No,No,4.0,286.16,0.0,0.834,Email,MobileWebView,10,System,0.95471,606.0,6.0,124.0,Active,Yes,Yes,1.0,4.0,Yes,Yes,No,No,Medium,7.0,0.0,Valid Claim
CLM00626,Air Conditioner,ZenCore,24.0,No,Noise,Physical Damage,Yes,Yes,Yes,No,Yes,,No,0.0,Not Applicable,No,Not Applicable,Yes,Yes,No,No,No,1.0,207.14,0.0,0.534,Web,Chrome,42,Light,-1.35836,49.0,16.0,681.0,Active,Yes,No,1.0,4.0,No,Yes,No,No,Low,3.0,5.0,Invalid Claim
CLM00255,Refrigerator,ZenCore,12.0,No,Water Leakage,Electrical Failure,Yes,,Yes,Yes,Yes,Yes,Yes,3.0,Yes,No,Not Applicable,Yes,Yes,No,No,No,1.0,1504.75,,0.82,Mobile App,MobileWebView,0,System,0.74213,587.0,47.0,-221.0,Expired,No,Yes,0.0,4.0,Yes,Yes,Yes,No,Medium,4.0,1.0,Invalid Claim
CLM01050,Television,HomePro,36.0,No,Audio Failure,Manufacturing Defect,Yes,Yes,Yes,Yes,Yes,Not Applicable,No,0.0,Not Applicable,No,Not Applicable,Unknown,No,No,No,No,0.0,1611.5,0.0,0.907,Mobile App,Chrome,25,Light,0.08659,1069.0,15.0,27.0,Active,Yes,Yes,0.0,5.0,Yes,Yes,No,No,High,8.0,1.0,Manual Review
CLM00632,Laptop,Aster,36.0,Yes,Power Failure,Manufacturing Defect,Yes,Yes,Yes,Yes,Yes,Not Applicable,No,0.0,Not Applicable,No,Not Applicable,Yes,Yes,No,No,No,2.0,507.1,0.0,0.565,Mobile App,Firefox,2,System,0.55704,271.0,7.0,1190.0,Active,Yes,Yes,0.0,5.0,Yes,Yes,No,No,Low,12.0,4.0,Manual Review
CLM00341,Television,Aster,24.0,Yes,Connectivity Issue,Electrical Failure,Yes,Yes,Yes,Yes,Yes,Not Applicable,No,0.0,Not Applicable,No,Not Applicable,Yes,Yes,No,No,No,0.0,1455.24,0.0,0.765,Service Center,Edge,55,Light,1.37673,723.0,7.0,373.0,Active,Yes,Yes,0.0,5.0,Yes,Yes,No,No,Medium,5.0,5.0,Valid Claim
CLM00240,Printer,NovaTech,12.0,No,Mechanical Failure,Internal Component Failure,Yes,,Yes,Yes,,Not Applicable,No,0.0,Not Applicable,No,Not Applicable,Unknown,Yes,No,Yes,No,0.0,107.27,0.0,0.993,Web,MobileWebView,46,System,0.79151,879.0,4.0,-514.0,Expired,Yes,Yes,0.0,3.0,Unknown,Yes,No,No,High,6.0,5.0,Invalid Claim
CLM00342,Smartphone,NovaTech,36.0,No,Display Failure,Internal Component Failure,Yes,Yes,Yes,No,Yes,Not Applicable,No,0.0,Not Applicable,No,Not Applicable,Yes,No,No,No,No,0.0,779.43,0.0,0.793,Web,Edge,41,Light,0.9579,1021.0,15.0,75.0,Active,Yes,Yes,1.0,4.0,No,Yes,No,No,Medium,9.0,5.0,Manual Review
CLM00584,Laptop,NovaTech,36.0,No,Power Failure,Normal Wear,Yes,Yes,Yes,Yes,Yes,No,Yes,1.0,Yes,No,Not Applicable,Yes,Yes,No,No,No,0.0,420.68,570.97,0.725,Mobile App,Edge,23,System,-0.07384,15.0,14.0,1080.0,Active,Yes,No,0.0,5.0,Yes,Yes,Yes,No,Medium,5.0,0.0,Invalid Claim
CLM00484,Refrigerator,HomePro,36.0,No,Power Failure,Internal Component Failure,Yes,Yes,Yes,Yes,Yes,Yes,Yes,1.0,Yes,No,Not Applicable,Yes,Yes,No,No,No,0.0,916.52,459.84,0.918,Web,Firefox,18,Light,1.34345,303.0,7.0,792.0,Active,Yes,Yes,0.0,5.0,Yes,Yes,Yes,No,High,9.0,6.0,Valid Claim
CLM00544,Television,HomePro,24.0,No,Power Failure,Electrical Failure,No,Yes,Yes,Yes,Yes,Not Applicable,No,0.0,Not Applicable,No,Not Applicable,Yes,Yes,No,No,No,0.0,2317.27,0.0,0.904,Web,MobileWebView,46,Light,-1.35562,393.0,25.0,337.0,Active,Yes,Yes,1.0,4.0,No,No,No,No,High,2.0,0.0,Manual Review
CLM00009,Camera,NovaTech,36.0,No,Connectivity Issue,Manufacturing Defect,Yes,Yes,Yes,Yes,Yes,Not Applicable,No,0.0,Not Applicable,No,Not Applicable,Yes,Yes,No,No,No,0.0,1537.48,0.0,0.542,Service Center,MobileWebView,53,Dark,-0.1747,288.0,20.0,807.0,Active,Yes,Yes,0.0,5.0,Yes,Yes,No,No,Low,11.0,3.0,Manual Review
CLM01025,Laptop,Aster,36.0,No,Display Failure,Manufacturing Defect,Yes,Yes,Yes,Yes,Yes,Not Applicable,No,0.0,Not Applicable,No,Not Applicable,Yes,Yes,No,No,No,1.0,478.07,,0.866,Mobile App,Chrome,44,System,-1.84209,600.0,8.0,495.0,Active,Yes,Yes,0.0,5.0,Yes,Yes,No,No,High,5.0,2.0,Valid Claim
CLM00086,Camera,Aster,24.0,Yes,Connectivity Issue,Electrical Failure,Yes,Yes,Yes,Yes,,Yes,Yes,3.0,Yes,No,Not Applicable,Yes,Yes,No,No,No,0.0,240.58,487.91,0.805,Mobile App,Firefox,26,Dark,-1.53922,786.0,34.0,309.0,Active,No,Yes,0.0,4.0,Unknown,Yes,Yes,No,Medium,5.0,5.0,Invalid Claim
CLM00683,Camera,Aster,24.0,No,Connectivity Issue,Electrical Failure,Yes,Yes,Yes,Yes,Yes,Not Applicable,No,0.0,Not Applicable,No,Not Applicable,Yes,Yes,No,No,No,0.0,1184.85,0.0,0.893,Mobile App,Safari,44,System,0.92219,762.0,4.0,-31.0,Expired,Yes,Yes,0.0,5.0,Yes,Yes,No,No,High,1.0,5.0,Invalid Claim
CLM00136,Air Conditioner,ZenCore,12.0,No,Water Leakage,Electrical Failure,Yes,Yes,Yes,Yes,Yes,Not Applicable,No,0.0,Not Applicable,No,Not Applicable,Yes,Yes,No,No,No,0.0,502.62,0.0,0.823,Email,Edge,8,System,0.42417,21.0,21.0,344.0,Active,Yes,Yes,0.0,5.0,Yes,Yes,No,No,Medium,5.0,1.0,Valid Claim
CLM01369,Printer,HomePro,24.0,No,Paper Feed Failure,Electrical Failure,Yes,Yes,Yes,Yes,Yes,No,Yes,3.0,Yes,No,Not Applicable,Yes,Yes,No,No,No,0.0,269.89,502.67,0.884,Service Center,MobileWebView,51,System,-2.23828,67.0,12.0,664.0,Active,Yes,Yes,0.0,5.0,Yes,Yes,Yes,No,High,12.0,2.0,Valid Claim
CLM00392,Washing Machine,HomePro,12.0,No,Power Failure,Manufacturing Defect,Yes,,Yes,Yes,Yes,Yes,Yes,1.0,Yes,No,Not Applicable,Yes,Yes,No,No,No,1.0,663.11,263.36,0.722,Mobile App,Safari,15,System,0.44112,569.0,19.0,-204.0,Expired,Yes,Yes,0.0,4.0,Yes,Yes,Yes,No,Medium,5.0,0.0,Invalid Claim
CLM01008,Laptop,ZenCore,24.0,No,Battery Problem,Electrical Failure,Yes,Yes,Yes,Yes,,Not Applicable,No,0.0,Not Applicable,No,Not Applicable,Yes,Yes,No,No,Yes,2.0,759.32,0.0,0.921,Mobile App,Chrome,59,System,0.7116,516.0,7.0,215.0,Active,Yes,Yes,0.0,4.0,Unknown,Yes,No,No,High,8.0,1.0,Manual Review
CLM01459,Refrigerator,ZenCore,36.0,Yes,Cooling Failure,Electrical Failure,Yes,Yes,Yes,Yes,No,Yes,Yes,3.0,Yes,No,Not Applicable,Yes,Yes,No,No,No,1.0,702.53,200.21,0.853,Email,Chrome,47,Light,-0.33183,422.0,16.0,1039.0,Active,Yes,Yes,1.0,4.0,No,Yes,Yes,No,High,10.0,5.0,Manual Review
CLM00223,Printer,NovaTech,24.0,No,Mechanical Failure,Internal Component Failure,Yes,Yes,Yes,Yes,Yes,Not Applicable,No,0.0,Not Applicable,No,Not Applicable,Yes,Yes,No,No,No,0.0,73.74,0.0,0.771,Email,Firefox,30,Dark,0.45267,739.0,10.0,-9.0,Expired,Yes,Yes,0.0,5.0,Yes,Yes,No,No,Medium,4.0,4.0,Invalid Claim
CLM00965,Smartphone,Aster,24.0,No,Battery Problem,Manufacturing Defect,Yes,Yes,Yes,No,Yes,Yes,Yes,1.0,Yes,Yes,Yes,Yes,Yes,No,No,No,1.0,290.11,259.65,0.936,Mobile App,Edge,52,System,-0.15801,643.0,16.0,88.0,Active,Yes,Yes,1.0,4.0,No,Yes,Yes,Yes,High,2.0,1.0,Manual Review
CLM00384,Smartphone,NovaTech,36.0,No,Power Failure,Normal Wear,Yes,No,Yes,No,No,Yes,Yes,2.0,Yes,No,Not Applicable,Yes,Yes,No,No,No,0.0,331.13,244.48,,Web,Safari,56,Dark,-0.01963,,,,Unknown,Unknown,No,3.0,2.0,No,Yes,Yes,No,Unknown,,,Invalid Claim
CLM01006,Washing Machine,PrimeView,12.0,Yes,Water Leakage,Electrical Failure,Yes,Yes,Yes,Yes,,Not Applicable,No,0.0,Not Applicable,No,Not Applicable,Yes,Yes,No,No,No,0.0,677.96,0.0,0.805,Mobile App,Firefox,4,Light,0.94679,507.0,9.0,224.0,Active,Yes,Yes,0.0,4.0,Unknown,Yes,No,No,Medium,7.0,2.0,Manual Review
CLM00027,Printer,PrimeView,12.0,Yes,Mechanical Failure,Internal Component Failure,,Yes,Yes,Yes,Yes,Not Applicable,No,0.0,Not Applicable,No,Not Applicable,Yes,Yes,No,No,No,2.0,358.2,0.0,0.852,Web,MobileWebView,0,Light,-1.34064,303.0,39.0,427.0,Active,No,Yes,0.0,4.0,Unknown,,No,No,High,9.0,5.0,Invalid Claim
CLM01497,Printer,PrimeView,24.0,No,Power Failure,Internal Component Failure,Yes,Yes,Yes,Yes,No,Yes,Yes,3.0,Yes,No,Not Applicable,Yes,Yes,No,No,No,2.0,472.47,373.48,0.806,Web,Safari,30,System,0.17685,56.0,15.0,674.0,Active,Yes,Yes,1.0,4.0,No,Yes,Yes,No,Medium,2.0,0.0,Manual Review
CLM01399,Air Conditioner,Aster,12.0,No,Noise,Internal Component Failure,Yes,Yes,Yes,Yes,Yes,Not Applicable,No,0.0,Not Applicable,No,Not Applicable,Yes,Yes,No,No,No,2.0,447.6,0.0,0.558,Web,Chrome,14,Dark,1.14483,278.0,10.0,87.0,Active,Yes,Yes,0.0,5.0,Yes,Yes,No,No,Low,12.0,4.0,Manual Review
CLM00188,Refrigerator,ZenCore,36.0,No,Cooling Failure,Manufacturing Defect,Yes,Yes,Yes,Yes,No,Not Applicable,No,0.0,Not Applicable,Yes,Yes,Yes,Yes,No,No,No,5.0,454.16,0.0,0.89,Web,MobileWebView,55,Light,-0.27728,753.0,17.0,342.0,Active,Yes,Yes,1.0,4.0,No,Yes,No,Yes,High,4.0,2.0,Manual Review
CLM00438,Printer,PrimeView,24.0,No,Paper Feed Failure,Manufacturing Defect,Yes,Yes,Yes,Yes,Yes,Not Applicable,No,0.0,Not Applicable,No,Not Applicable,Yes,Yes,No,No,No,0.0,156.81,0.0,0.593,Web,Firefox,41,System,-0.49144,34.0,34.0,697.0,Active,No,Yes,0.0,5.0,Yes,Yes,No,No,Low,10.0,5.0,Invalid Claim
CLM00429,Refrigerator,ZenCore,12.0,No,Water Leakage,Electrical Failure,Yes,No,Yes,No,Yes,Not Applicable,No,0.0,Not Applicable,No,Not Applicable,Yes,Yes,No,No,No,1.0,1145.84,0.0,0.916,Web,Firefox,59,System,1.38448,274.0,18.0,91.0,Active,Yes,Yes,2.0,3.0,No,Yes,No,No,High,4.0,6.0,Manual Review
CLM01405,Printer,HomePro,24.0,No,Paper Feed Failure,Internal Component Failure,Yes,Yes,Yes,Yes,Yes,Not Applicable,No,0.0,Not Applicable,No,Not Applicable,Yes,Yes,No,No,No,0.0,234.91,,0.876,Service Center,Chrome,34,Dark,-0.33434,277.0,11.0,453.0,Active,Yes,Yes,0.0,5.0,Yes,Yes,No,No,High,5.0,4.0,Valid Claim
CLM01075,Washing Machine,ZenCore,12.0,No,Power Failure,Manufacturing Defect,Yes,Yes,Yes,Yes,Yes,No,Yes,1.0,Yes,No,Not Applicable,Unknown,Yes,No,No,No,1.0,380.39,77.47,0.81,Mobile App,Safari,38,Light,2.00555,116.0,16.0,249.0,Active,Yes,Yes,0.0,5.0,Yes,Yes,Yes,No,Medium,5.0,2.0,Manual Review
CLM00602,Smartphone,Aster,12.0,No,Battery Problem,Electrical Failure,Yes,Yes,Yes,Yes,Yes,Not Applicable,No,0.0,Not Applicable,No,Not Applicable,Yes,Yes,No,No,No,0.0,408.02,0.0,0.495,Web,Edge,18,Dark,0.08795,295.0,4.0,70.0,Active,Yes,Yes,0.0,5.0,Yes,Yes,No,No,Low,2.0,2.0,Manual Review
CLM00752,Laptop,ZenCore,36.0,Yes,Overheating,Internal Component Failure,Yes,Yes,Yes,No,Yes,Not Applicable,No,0.0,Not Applicable,No,Not Applicable,Yes,Yes,No,No,No,1.0,880.63,0.0,0.908,Web,Chrome,18,Dark,-0.80985,222.0,23.0,1239.0,Active,Yes,Yes,1.0,4.0,No,Yes,No,No,High,8.0,5.0,Manual Review
CLM00785,Laptop,NovaTech,24.0,No,Connectivity Issue,Manufacturing Defect,Yes,Yes,Yes,Yes,Yes,,Yes,2.0,Yes,No,Not Applicable,Yes,Yes,No,No,No,0.0,450.54,290.0,0.5,Mobile App,Safari,20,System,-1.23114,136.0,19.0,594.0,Active,Yes,Yes,0.0,5.0,Yes,Yes,Yes,No,Low,1.0,0.0,Manual Review
CLM01144,Laptop,ZenCore,12.0,Yes,Connectivity Issue,Internal Component Failure,Yes,Yes,Yes,Yes,No,Not Applicable,No,0.0,Not Applicable,No,Not Applicable,Yes,Yes,No,No,No,0.0,394.1,,0.961,Email,Edge,10,System,-0.64626,636.0,20.0,95.0,Active,Yes,Yes,1.0,4.0,No,Yes,No,No,High,2.0,4.0,Manual Review
CLM01431,Television,HomePro,12.0,No,Connectivity Issue,Internal Component Failure,Yes,,Yes,No,Yes,Yes,Yes,1.0,Unknown,No,Not Applicable,Yes,Yes,No,No,No,0.0,1076.2,372.44,0.535,Mobile App,Edge,34,Light,0.08183,350.0,18.0,15.0,Active,Yes,Yes,1.0,3.0,No,Yes,Yes,No,Low,5.0,2.0,Manual Review
CLM01248,Refrigerator,ZenCore,12.0,No,Cooling Failure,Manufacturing Defect,Yes,Yes,Yes,Yes,Yes,Yes,Yes,1.0,Yes,No,Not Applicable,Yes,Yes,No,No,No,3.0,936.34,265.56,0.781,Service Center,Edge,55,System,-0.01907,276.0,13.0,90.0,Active,Yes,Yes,0.0,5.0,Yes,Yes,Yes,No,Medium,9.0,3.0,Valid Claim
CLM01457,Camera,PrimeView,24.0,Yes,Battery Problem,Manufacturing Defect,Yes,Yes,Yes,No,Yes,Not Applicable,No,0.0,Not Applicable,No,Not Applicable,Yes,Yes,No,No,No,0.0,186.54,0.0,0.805,Service Center,MobileWebView,5,Light,-1.46436,108.0,6.0,988.0,Active,Yes,Yes,1.0,4.0,No,Yes,No,No,Medium,11.0,4.0,Manual Review
CLM00827,Air Conditioner,ZenCore,24.0,No,Cooling Failure,Manufacturing Defect,Yes,Yes,Yes,Yes,Yes,Not Applicable,No,0.0,Not Applicable,No,Not Applicable,Yes,Yes,No,No,No,0.0,1150.29,0.0,0.792,Web,Firefox,58,Dark,-2.10988,110.0,6.0,620.0,Active,Yes,Yes,0.0,5.0,Yes,Yes,No,No,Medium,2.0,3.0,Valid Claim
CLM00841,Air Conditioner,ZenCore,24.0,No,Power Failure,Normal Wear,Yes,Yes,Yes,Yes,Yes,Not Applicable,No,0.0,Not Applicable,No,Not Applicable,Yes,Yes,No,No,No,1.0,455.22,0.0,0.952,Web,MobileWebView,19,System,-1.51316,,,,Unknown,Unknown,No,0.0,5.0,Yes,Yes,No,No,High,,,Invalid Claim
CLM00705,Printer,PrimeView,24.0,No,Mechanical Failure,Electrical Failure,Yes,Yes,Yes,Yes,Yes,Yes,Yes,1.0,Yes,No,Not Applicable,Yes,Yes,No,No,No,3.0,77.81,591.13,0.566,Service Center,Safari,36,Dark,-0.31206,22.0,5.0,708.0,Active,Yes,Yes,0.0,5.0,Yes,Yes,Yes,No,Low,12.0,5.0,Manual Review
CLM00301,Camera,NovaTech,36.0,No,Connectivity Issue,Water Damage,Yes,Yes,Yes,Yes,Yes,Not Applicable,No,0.0,Not Applicable,Yes,Yes,Yes,Yes,No,No,No,1.0,1328.25,0.0,0.869,Web,MobileWebView,19,Dark,0.48162,35.0,25.0,1061.0,Active,Yes,No,0.0,5.0,Yes,Yes,No,Yes,High,1.0,3.0,Invalid Claim
CLM01247,Printer,HomePro,24.0,Yes,Connectivity Issue,Manufacturing Defect,Yes,Yes,Yes,Yes,No,No,Yes,2.0,Yes,No,Not Applicable,Unknown,Yes,No,No,No,0.0,100.07,337.99,0.912,Mobile App,Firefox,35,System,-0.16846,56.0,13.0,1039.0,Active,Yes,Yes,1.0,4.0,No,Yes,Yes,No,High,8.0,5.0,Manual Review
CLM01439,Camera,Aster,12.0,Yes,Battery Problem,Electrical Failure,Yes,Yes,Yes,No,Yes,Yes,Yes,2.0,Yes,No,Not Applicable,Yes,Yes,No,No,No,0.0,2418.37,352.28,0.8,Mobile App,MobileWebView,39,Light,1.07308,158.0,16.0,572.0,Active,Yes,Yes,1.0,4.0,No,Yes,Yes,No,Medium,7.0,1.0,Manual Review
CLM00128,Washing Machine,HomePro,24.0,No,Water Leakage,Electrical Failure,Yes,Yes,Yes,Yes,Yes,,No,0.0,Not Applicable,No,Not Applicable,Yes,Yes,No,No,No,0.0,917.04,0.0,0.793,Service Center,MobileWebView,55,Light,-0.16947,190.0,19.0,540.0,Active,Yes,Yes,0.0,5.0,Yes,Yes,No,No,Medium,1.0,6.0,Valid Claim
CLM00458,Refrigerator,Aster,12.0,No,Water Leakage,Normal Wear,Yes,No,Yes,No,Yes,Not Applicable,No,0.0,Not Applicable,No,Not Applicable,Yes,Yes,No,No,No,0.0,1003.84,0.0,0.831,Email,Chrome,59,Dark,-0.9745,75.0,48.0,290.0,Active,No,No,2.0,3.0,No,Yes,No,No,Medium,10.0,5.0,Invalid Claim
CLM00167,Smartphone,Aster,24.0,No,Battery Problem,Misuse,,Yes,Yes,No,No,Yes,Yes,1.0,Yes,No,Not Applicable,Yes,Yes,No,No,No,0.0,502.93,627.33,0.853,Mobile App,MobileWebView,23,Dark,-0.95744,164.0,4.0,566.0,Active,Yes,No,2.0,2.0,Unknown,,Yes,No,High,8.0,0.0,Invalid Claim
CLM00697,Smartphone,NovaTech,12.0,No,Power Failure,Internal Component Failure,Yes,Yes,,Yes,Yes,Yes,Yes,2.0,Yes,Yes,Yes,Yes,Yes,No,No,No,0.0,862.94,552.03,0.91,Email,Safari,28,Light,-0.2633,121.0,6.0,244.0,Active,Yes,Yes,0.0,4.0,Unknown,Yes,Yes,Yes,High,12.0,4.0,Valid Claim
CLM00002,Camera,PrimeView,24.0,No,Battery Problem,Electrical Failure,Yes,Yes,Yes,Yes,Yes,Not Applicable,No,0.0,Not Applicable,No,Not Applicable,Yes,Yes,No,No,No,0.0,2115.78,0.0,0.992,Web,MobileWebView,23,System,1.94084,171.0,16.0,560.0,Active,Yes,Yes,0.0,5.0,Yes,Yes,No,No,High,5.0,6.0,Valid Claim
CLM00055,Smartphone,Aster,12.0,No,Connectivity Issue,Electrical Failure,Yes,Yes,Yes,Yes,Yes,Not Applicable,No,0.0,Not Applicable,No,Not Applicable,Yes,Yes,No,No,No,0.0,96.79,0.0,0.724,Web,Safari,44,Light,-1.10463,411.0,12.0,-46.0,Expired,Yes,Yes,0.0,5.0,Yes,Yes,No,No,Medium,7.0,2.0,Invalid Claim
CLM00494,Smartphone,Aster,24.0,No,Battery Problem,Normal Wear,Yes,Yes,Yes,Yes,Yes,Not Applicable,No,0.0,Not Applicable,No,Not Applicable,Yes,Yes,No,No,No,2.0,701.92,0.0,0.982,Web,Chrome,1,System,-1.90535,279.0,42.0,451.0,Active,No,No,0.0,5.0,Yes,Yes,No,No,High,5.0,1.0,Invalid Claim
CLM00795,Laptop,NovaTech,36.0,No,Connectivity Issue,Manufacturing Defect,Yes,Yes,Yes,Yes,Yes,Yes,Yes,2.0,No,No,Not Applicable,Yes,Yes,No,No,No,1.0,796.69,385.67,0.862,Web,MobileWebView,2,Dark,-0.22805,719.0,11.0,376.0,Active,Yes,Yes,0.0,5.0,Yes,Yes,Yes,No,High,6.0,3.0,Invalid Claim
CLM00935,Smartphone,Aster,36.0,No,Display Failure,Manufacturing Defect,Yes,Yes,Yes,Yes,Yes,Not Applicable,No,0.0,Not Applicable,No,Not Applicable,Yes,Yes,No,No,No,2.0,509.81,,0.969,Mobile App,Safari,43,System,0.4078,125.0,12.0,970.0,Active,Yes,Yes,0.0,5.0,Yes,Yes,No,No,High,2.0,2.0,Valid Claim
CLM00213,Laptop,ZenCore,24.0,No,Connectivity Issue,Internal Component Failure,Yes,Yes,Yes,Yes,Yes,Not Applicable,No,0.0,Not Applicable,No,Not Applicable,Yes,Yes,No,No,No,1.0,61.14,0.0,,Mobile App,Chrome,25,Light,-0.35949,441.0,14.0,289.0,Active,Yes,Yes,0.0,5.0,Yes,Yes,No,No,Unknown,11.0,0.0,Valid Claim
CLM01442,Printer,PrimeView,36.0,No,Power Failure,Electrical Failure,Yes,Yes,Yes,Yes,Yes,Not Applicable,No,0.0,Not Applicable,No,Not Applicable,Yes,Yes,No,No,No,0.0,176.01,0.0,0.975,Web,Chrome,27,Light,-0.00765,221.0,5.0,875.0,Active,Yes,Yes,0.0,5.0,Yes,Yes,No,No,High,8.0,5.0,Valid Claim
CLM01323,Washing Machine,PrimeView,12.0,No,Power Failure,Electrical Failure,Yes,Yes,Yes,Yes,Yes,Not Applicable,No,0.0,Not Applicable,No,Not Applicable,Yes,Yes,No,No,Yes,0.0,382.15,0.0,0.983,Service Center,Safari,46,Dark,0.41468,6.0,6.0,359.0,Active,Yes,Yes,0.0,5.0,Yes,Yes,No,No,High,5.0,1.0,Manual Review
CLM00092,Washing Machine,HomePro,12.0,No,Mechanical Failure,Internal Component Failure,Yes,Yes,Yes,Yes,Yes,Not Applicable,No,0.0,Not Applicable,No,Not Applicable,Yes,Yes,No,No,No,0.0,359.47,,0.886,Service Center,Edge,4,Light,1.65233,490.0,16.0,-125.0,Expired,Yes,Yes,0.0,5.0,Yes,Yes,No,No,High,5.0,5.0,Invalid Claim
CLM01027,Air Conditioner,HomePro,12.0,No,Cooling Failure,Internal Component Failure,Yes,Yes,Yes,Yes,Yes,Not Applicable,No,0.0,Not Applicable,No,Not Applicable,Yes,Yes,No,No,No,2.0,803.08,0.0,0.809,Service Center,Safari,25,System,1.00491,195.0,3.0,170.0,Active,Yes,Yes,0.0,5.0,Yes,Yes,No,No,Medium,7.0,4.0,Valid Claim
CLM01259,Camera,Aster,24.0,Yes,Battery Problem,Manufacturing Defect,Yes,Yes,Yes,No,No,,Yes,1.0,Yes,No,Not Applicable,Yes,Yes,No,No,No,1.0,1011.95,375.41,0.963,Service Center,Edge,52,Dark,-2.30223,320.0,15.0,775.0,Active,Yes,Yes,2.0,3.0,No,Yes,Yes,No,High,2.0,5.0,Manual Review
CLM01180,Camera,PrimeView,24.0,No,Lens Failure,Manufacturing Defect,Yes,,Yes,Yes,Yes,Yes,Yes,1.0,Yes,No,Not Applicable,Yes,Yes,No,No,No,1.0,273.97,561.81,0.806,Mobile App,Chrome,21,System,1.20684,172.0,29.0,558.0,Active,Yes,Yes,0.0,4.0,Yes,Yes,Yes,No,Medium,8.0,2.0,Valid Claim
CLM01096,Smartphone,PrimeView,36.0,No,Connectivity Issue,Manufacturing Defect,,Yes,Yes,Yes,Yes,Not Applicable,No,0.0,Not Applicable,No,Not Applicable,Yes,Yes,No,No,No,0.0,257.42,0.0,0.817,Web,Safari,44,Light,1.89434,559.0,25.0,537.0,Active,Yes,Yes,0.0,4.0,Unknown,,No,No,Medium,4.0,4.0,Valid Claim
CLM01187,Printer,HomePro,36.0,No,Connectivity Issue,Internal Component Failure,No,Yes,Yes,Yes,Yes,Not Applicable,No,0.0,Not Applicable,No,Not Applicable,Yes,No,No,No,No,1.0,83.92,0.0,0.914,Mobile App,MobileWebView,54,System,-0.02849,83.0,9.0,1013.0,Active,Yes,Yes,1.0,4.0,No,No,No,No,High,5.0,0.0,Manual Review
CLM01322,Printer,HomePro,36.0,No,Connectivity Issue,Manufacturing Defect,No,No,Yes,Yes,Yes,Not Applicable,No,0.0,Not Applicable,No,Not Applicable,Yes,Yes,No,No,No,0.0,373.21,0.0,0.819,Service Center,Firefox,24,Dark,0.3495,610.0,14.0,485.0,Active,Yes,Yes,2.0,3.0,No,No,No,No,Medium,5.0,2.0,Manual Review
CLM00590,Refrigerator,Aster,12.0,No,Noise,Accidental Damage,Yes,Yes,Yes,Yes,Yes,Not Applicable,No,0.0,Not Applicable,No,Not Applicable,Yes,Yes,No,No,No,1.0,957.91,0.0,0.844,Web,Chrome,8,Light,0.16502,379.0,3.0,-14.0,Expired,Yes,No,0.0,5.0,Yes,Yes,No,No,Medium,6.0,0.0,Invalid Claim
CLM00432,Air Conditioner,ZenCore,12.0,No,Cooling Failure,Water Damage,Yes,Yes,Yes,No,Yes,Not Applicable,No,0.0,Not Applicable,No,Not Applicable,Yes,Yes,No,No,No,1.0,1744.52,0.0,,Mobile App,Chrome,13,System,0.90673,597.0,25.0,-232.0,Expired,Yes,No,1.0,4.0,No,Yes,No,No,Unknown,4.0,2.0,Invalid Claim
CLM00061,Washing Machine,PrimeView,24.0,No,Water Leakage,Misuse,Yes,Yes,Yes,No,,Yes,Yes,3.0,Yes,Yes,Yes,Yes,Yes,No,No,No,1.0,1704.17,367.33,0.886,Web,Firefox,55,System,0.18261,44.0,12.0,686.0,Active,Yes,No,1.0,3.0,Unknown,Yes,Yes,Yes,High,1.0,6.0,Invalid Claim
CLM00820,Printer,HomePro,24.0,No,Mechanical Failure,Water Damage,Yes,Yes,Yes,Yes,No,Not Applicable,No,0.0,Not Applicable,No,Not Applicable,Unknown,Yes,No,No,No,2.0,799.78,,0.746,Web,Safari,49,Dark,1.84066,722.0,7.0,9.0,Active,Yes,No,1.0,4.0,No,Yes,No,No,Medium,8.0,5.0,Invalid Claim
CLM00852,Laptop,Aster,24.0,No,Display Failure,Manufacturing Defect,Yes,Yes,Yes,Yes,Yes,Yes,Yes,1.0,Yes,No,Not Applicable,Yes,Yes,No,No,No,999.0,250.0,,0.766,Service Center,MobileWebView,40,System,0.2411,133.0,1.0,597.0,Active,Yes,Yes,0.0,5.0,Yes,Yes,Yes,No,Medium,3.0,3.0,Valid Claim
CLM00126,Washing Machine,PrimeView,24.0,No,Mechanical Failure,Electrical Failure,Yes,Yes,Yes,Yes,Yes,Not Applicable,No,0.0,Not Applicable,No,Not Applicable,Yes,Yes,No,No,No,0.0,1809.04,,0.974,Web,Firefox,4,Light,0.28713,751.0,4.0,-21.0,Expired,Yes,Yes,0.0,5.0,Yes,Yes,No,No,High,4.0,6.0,Invalid Claim
CLM00428,Camera,Aster,12.0,No,Battery Problem,Internal Component Failure,Yes,Yes,Yes,Yes,Yes,Not Applicable,No,0.0,Not Applicable,No,Not Applicable,Yes,Yes,No,No,No,0.0,814.97,,0.687,Service Center,Edge,44,Dark,-1.45769,312.0,21.0,53.0,Active,Yes,Yes,0.0,5.0,Yes,Yes,No,No,Low,5.0,0.0,Manual Review
CLM00635,Smartphone,PrimeView,12.0,No,Connectivity Issue,Internal Component Failure,Yes,Yes,Yes,Yes,Yes,Yes,Yes,3.0,Unknown,No,Not Applicable,Yes,Yes,No,No,No,0.0,102.53,,0.794,Mobile App,Safari,50,Light,-0.32941,201.0,24.0,164.0,Active,Yes,Yes,0.0,5.0,Yes,Yes,Yes,No,Medium,12.0,0.0,Manual Review
CLM00891,Camera,PrimeView,12.0,No,Lens Failure,Misuse,Yes,Yes,Yes,Yes,Yes,,No,0.0,Not Applicable,No,Not Applicable,Yes,Yes,No,No,No,0.0,952.37,0.0,0.86,Web,Edge,2,Dark,-0.27678,107.0,16.0,258.0,Active,Yes,No,0.0,5.0,Yes,Yes,No,No,High,2.0,1.0,Invalid Claim
CLM00319,Smartphone,NovaTech,36.0,No,Battery Problem,Accidental Damage,Yes,Yes,Yes,Yes,Yes,Not Applicable,No,0.0,Not Applicable,No,Not Applicable,Yes,Yes,No,No,No,2.0,1239.96,0.0,0.806,Email,MobileWebView,34,Dark,0.7017,134.0,42.0,961.0,Active,No,No,0.0,5.0,Yes,Yes,No,No,Medium,8.0,3.0,Invalid Claim
CLM00746,Printer,NovaTech,24.0,No,Mechanical Failure,Manufacturing Defect,Yes,Yes,Yes,Yes,Yes,Yes,Yes,1.0,Yes,No,Not Applicable,Yes,Yes,No,No,No,1.0,490.25,549.7,0.879,Web,Firefox,27,Light,-0.71272,698.0,1.0,33.0,Active,Yes,Yes,0.0,5.0,Yes,Yes,Yes,No,High,1.0,0.0,Valid Claim
CLM01158,Refrigerator,HomePro,24.0,No,Water Leakage,Internal Component Failure,Yes,Yes,Yes,Yes,No,Not Applicable,No,0.0,Not Applicable,No,Not Applicable,Yes,Yes,No,No,No,1.0,1828.46,0.0,0.934,Web,MobileWebView,17,Dark,-0.14043,518.0,3.0,213.0,Active,Yes,Yes,1.0,4.0,No,Yes,No,No,High,6.0,4.0,Manual Review
CLM01388,Camera,Aster,24.0,Yes,Battery Problem,Manufacturing Defect,,Yes,Yes,No,Yes,No,Yes,2.0,Yes,No,Not Applicable,Yes,Yes,No,No,No,0.0,518.52,251.02,0.834,Web,Safari,17,Dark,-0.40322,76.0,6.0,1019.0,Active,Yes,Yes,1.0,3.0,Unknown,,Yes,No,Medium,5.0,6.0,Manual Review
CLM01073,Washing Machine,PrimeView,36.0,No,Power Failure,Internal Component Failure,Yes,Yes,Yes,Yes,,Not Applicable,No,0.0,Not Applicable,No,Not Applicable,Yes,Yes,No,No,No,1.0,630.61,0.0,0.913,Web,Edge,47,Dark,0.42732,681.0,21.0,415.0,Active,Yes,Yes,0.0,4.0,Unknown,Yes,No,No,High,9.0,5.0,Valid Claim
CLM00756,Camera,NovaTech,24.0,No,Battery Problem,Electrical Failure,,Yes,Yes,No,Yes,Yes,Yes,2.0,Yes,No,Not Applicable,Yes,Yes,No,No,No,0.0,1731.43,,0.657,Web,Safari,14,Light,0.72393,97.0,7.0,633.0,Active,Yes,Yes,1.0,3.0,Unknown,,Yes,No,Low,10.0,4.0,Manual Review
CLM01320,Smartphone,PrimeView,24.0,No,Display Failure,Electrical Failure,Yes,Yes,Yes,Yes,No,Not Applicable,No,0.0,Not Applicable,Yes,Yes,Yes,Yes,No,No,No,0.0,230.76,0.0,0.743,Service Center,Safari,30,System,-1.08804,192.0,16.0,539.0,Active,Yes,Yes,1.0,4.0,No,Yes,No,Yes,Medium,1.0,5.0,Manual Review
CLM00837,Smartphone,NovaTech,36.0,No,Battery Problem,Electrical Failure,Yes,No,Yes,Yes,No,Not Applicable,No,0.0,Not Applicable,No,Not Applicable,Yes,Yes,No,No,No,1.0,1535.84,0.0,0.723,Web,Edge,19,Dark,-0.69904,45.0,11.0,1050.0,Active,Yes,Yes,2.0,3.0,No,Yes,No,No,Medium,8.0,1.0,Manual Review
CLM01087,Washing Machine,ZenCore,36.0,No,Power Failure,Manufacturing Defect,Yes,Yes,Yes,Yes,Yes,Not Applicable,No,0.0,Not Applicable,No,Not Applicable,Yes,Yes,No,No,No,0.0,577.06,,0.958,Web,Firefox,1,Light,-0.29124,227.0,23.0,869.0,Active,Yes,Yes,0.0,5.0,Yes,Yes,No,No,High,8.0,2.0,Valid Claim
CLM00077,Laptop,ZenCore,24.0,No,Power Failure,Electrical Failure,Yes,Yes,Yes,Yes,Yes,Not Applicable,No,0.0,Not Applicable,No,Not Applicable,Yes,Yes,No,No,No,1.0,1235.19,0.0,0.813,Service Center,Safari,26,System,-1.61827,715.0,3.0,15.0,Active,Yes,Yes,0.0,5.0,Yes,Yes,No,No,Medium,8.0,1.0,Valid Claim
CLM01155,Smartphone,Aster,24.0,Yes,Battery Problem,Electrical Failure,Yes,Yes,Yes,Yes,Yes,Not Applicable,No,0.0,Not Applicable,Yes,Yes,Yes,Yes,No,No,No,1.0,141.17,0.0,0.863,Mobile App,Firefox,0,Dark,0.32799,139.0,12.0,957.0,Active,Yes,Yes,0.0,5.0,Yes,Yes,No,Yes,High,8.0,3.0,Valid Claim
CLM00777,Washing Machine,,12.0,No,Mechanical Failure,Manufacturing Defect,Yes,Yes,Yes,Yes,Yes,Not Applicable,No,0.0,Not Applicable,No,Not Applicable,Yes,Yes,No,No,No,1.0,419.97,0.0,0.808,Web,Firefox,17,Dark,1.53389,330.0,5.0,35.0,Active,Yes,Yes,0.0,5.0,Yes,Yes,No,No,Medium,4.0,1.0,Valid Claim
CLM01060,Television,Aster,12.0,No,Audio Failure,Manufacturing Defect,Yes,Yes,Yes,Yes,Yes,,No,0.0,Not Applicable,Yes,Yes,Yes,Yes,No,No,No,0.0,1191.25,0.0,0.936,Mobile App,Safari,43,Light,0.47288,141.0,10.0,224.0,Active,Yes,Yes,0.0,5.0,Yes,Yes,No,Yes,High,11.0,0.0,Valid Claim
CLM00130,Refrigerator,Aster,12.0,No,Noise,Misuse,Yes,Yes,Yes,Yes,Yes,Not Applicable,No,0.0,Not Applicable,No,Not Applicable,Yes,Yes,No,No,No,1.0,229.67,0.0,0.92,Mobile App,Safari,20,Dark,2.06231,159.0,21.0,206.0,Active,Yes,No,0.0,5.0,Yes,Yes,No,No,High,2.0,6.0,Invalid Claim
CLM00620,Printer,PrimeView,24.0,No,Mechanical Failure,Electrical Failure,Yes,Yes,Yes,No,Yes,,No,0.0,Not Applicable,No,Not Applicable,Yes,Yes,No,No,No,0.0,187.17,0.0,0.944,Service Center,MobileWebView,35,System,-1.20879,265.0,13.0,465.0,Active,Yes,Yes,1.0,4.0,No,Yes,No,No,High,11.0,3.0,Manual Review
CLM00815,Television,HomePro,36.0,No,Audio Failure,Manufacturing Defect,Yes,Yes,Yes,Yes,No,Not Applicable,No,0.0,Not Applicable,Yes,No,Yes,Yes,No,No,No,2.0,1981.17,0.0,,Web,MobileWebView,57,System,-0.37824,524.0,22.0,571.0,Active,Yes,Yes,1.0,4.0,No,Yes,No,Yes,Unknown,12.0,5.0,Manual Review
CLM00316,Smartphone,Aster,12.0,No,Battery Problem,Electrical Failure,Yes,No,Yes,Yes,Yes,Not Applicable,No,0.0,Not Applicable,No,Not Applicable,Yes,Yes,No,No,No,1.0,857.22,0.0,0.802,Mobile App,Firefox,42,System,1.21423,240.0,13.0,125.0,Active,Yes,Yes,1.0,4.0,Yes,Yes,No,No,Medium,5.0,6.0,Valid Claim
CLM00578,Camera,NovaTech,24.0,No,Power Failure,Physical Damage,Yes,No,Yes,Yes,Yes,Not Applicable,No,0.0,Not Applicable,No,Not Applicable,Yes,No,No,No,No,1.0,2002.97,0.0,0.94,Mobile App,Safari,49,System,-0.34108,204.0,19.0,526.0,Active,Yes,No,1.0,4.0,Yes,Yes,No,No,High,1.0,1.0,Invalid Claim
CLM01099,Television,PrimeView,24.0,No,Audio Failure,Manufacturing Defect,Yes,Yes,Yes,Yes,,Not Applicable,No,0.0,Not Applicable,No,Not Applicable,Yes,Yes,No,No,No,0.0,384.1,0.0,0.701,Web,MobileWebView,15,System,0.29702,56.0,18.0,675.0,Active,Yes,Yes,0.0,4.0,Unknown,Yes,No,No,Medium,3.0,2.0,Valid Claim
CLM00861,Refrigerator,HomePro,36.0,No,Water Leakage,Internal Component Failure,,No,Yes,Yes,Yes,Not Applicable,No,0.0,Not Applicable,No,Not Applicable,Yes,Yes,No,No,No,1.0,1792.74,0.0,0.943,Web,MobileWebView,19,Dark,0.01965,271.0,11.0,825.0,Active,Yes,Yes,1.0,3.0,Unknown,,No,No,High,9.0,5.0,Manual Review
CLM01157,Laptop,ZenCore,24.0,No,Connectivity Issue,Internal Component Failure,No,No,Yes,Yes,Yes,Yes,Yes,2.0,Yes,No,Not Applicable,Unknown,Yes,No,No,No,0.0,374.41,648.65,0.865,Service Center,Edge,13,System,1.17831,46.0,94.0,684.0,Active,No,Yes,2.0,3.0,No,No,Yes,No,High,11.0,4.0,Manual Review
CLM00461,Laptop,ZenCore,24.0,No,Display Failure,Electrical Failure,Yes,Yes,Yes,Yes,Yes,Not Applicable,No,0.0,Not Applicable,Yes,Yes,No,Yes,No,No,No,0.0,289.08,0.0,0.761,Service Center,MobileWebView,51,Light,-1.25208,496.0,8.0,234.0,Active,Yes,Yes,0.0,5.0,Yes,Yes,No,Yes,Medium,12.0,3.0,Invalid Claim
CLM00197,Laptop,NovaTech,24.0,No,Display Failure,Internal Component Failure,Yes,,Yes,Yes,Yes,Not Applicable,No,0.0,Not Applicable,Yes,Yes,Yes,Yes,No,No,No,0.0,508.27,0.0,0.968,Web,Safari,13,System,-1.38448,357.0,14.0,373.0,Active,Yes,Yes,0.0,4.0,Yes,Yes,No,Yes,High,8.0,1.0,Valid Claim
CLM00564,Television,Aster,36.0,No,Display Failure,Electrical Failure,Yes,Yes,Yes,No,Yes,Not Applicable,No,0.0,Not Applicable,No,Not Applicable,Yes,Yes,No,No,No,1.0,96.44,0.0,0.83,Web,MobileWebView,43,Light,-0.78194,973.0,23.0,123.0,Active,Yes,Yes,1.0,4.0,No,Yes,No,No,Medium,8.0,6.0,Manual Review
CLM00252,Camera,Aster,12.0,No,Battery Problem,Electrical Failure,Yes,,Yes,Yes,Yes,Yes,Yes,3.0,Yes,No,Not Applicable,Unknown,Yes,Yes,No,No,0.0,162.97,484.87,0.729,Service Center,Edge,3,System,-0.80346,652.0,34.0,-287.0,Expired,No,Yes,0.0,4.0,Yes,Yes,Yes,No,Medium,2.0,3.0,Invalid Claim
CLM00783,Washing Machine,PrimeView,12.0,Yes,Noise,Electrical Failure,Yes,Yes,Yes,Yes,Yes,,No,0.0,Not Applicable,No,Not Applicable,Unknown,Yes,No,No,No,1.0,1212.78,,0.907,Web,Chrome,57,Light,0.1931,661.0,5.0,70.0,Active,Yes,Yes,0.0,5.0,Yes,Yes,No,No,High,3.0,0.0,Manual Review
CLM01286,Printer,PrimeView,24.0,No,Power Failure,Manufacturing Defect,Yes,Yes,Yes,No,Yes,Not Applicable,No,0.0,Not Applicable,No,Not Applicable,Yes,Yes,No,No,No,0.0,26.49,0.0,,Mobile App,Edge,16,Dark,-0.24034,519.0,15.0,212.0,Active,Yes,Yes,1.0,4.0,No,Yes,No,No,Unknown,4.0,5.0,Manual Review
CLM00272,Refrigerator,Aster,24.0,Yes,Power Failure,Manufacturing Defect,Yes,Yes,Yes,Yes,Yes,Not Applicable,No,0.0,Not Applicable,No,Not Applicable,Yes,Yes,No,No,No,0.0,849.81,0.0,0.904,Service Center,Chrome,58,Light,-1.21753,348.0,19.0,748.0,Active,Yes,Yes,0.0,5.0,Yes,Yes,No,No,High,8.0,5.0,Valid Claim
CLM01413,Laptop,NovaTech,24.0,Yes,Display Failure,Internal Component Failure,Yes,Yes,Yes,Yes,Yes,Not Applicable,No,0.0,Not Applicable,No,Not Applicable,Yes,Yes,No,No,No,0.0,1386.27,0.0,0.828,Web,MobileWebView,13,Light,0.36721,498.0,14.0,597.0,Active,Yes,Yes,0.0,5.0,Yes,Yes,No,No,Medium,10.0,0.0,Valid Claim
CLM01326,Smartphone,PrimeView,12.0,No,Connectivity Issue,Internal Component Failure,,Yes,Yes,Yes,Yes,Not Applicable,No,0.0,Not Applicable,No,Not Applicable,Yes,Yes,No,No,No,1.0,817.52,,0.813,Mobile App,MobileWebView,49,Dark,0.83451,199.0,7.0,166.0,Active,Yes,Yes,0.0,4.0,Unknown,,No,No,Medium,11.0,0.0,Valid Claim
CLM01476,Refrigerator,ZenCore,24.0,No,Noise,Manufacturing Defect,Yes,Yes,Yes,No,Yes,Yes,Yes,2.0,Yes,No,Not Applicable,Yes,Yes,No,No,No,0.0,1151.11,208.74,0.912,Service Center,Chrome,37,System,-0.54921,5.0,2.0,725.0,Active,Yes,Yes,1.0,4.0,No,Yes,Yes,No,High,2.0,0.0,Manual Review
CLM00284,Refrigerator,HomePro,12.0,No,Cooling Failure,Normal Wear,Yes,Yes,Yes,Yes,Yes,Not Applicable,No,0.0,Not Applicable,No,Not Applicable,Yes,Yes,No,No,No,1.0,385.32,0.0,0.948,Web,Chrome,45,Light,0.63118,29.0,6.0,336.0,Active,Yes,No,0.0,5.0,Yes,Yes,No,No,High,3.0,5.0,Invalid Claim
