RecordID,ClaimID,CustomerID,ProductID,ProductCategory,ProductSubtype,CustomerIssueArea,ClaimedComponent,Brand,ModelNumber,SerialNumber,PurchaseDate,ClaimDate,FaultDate,WarrantyDurationMonths,ExtendedWarranty,FaultType,DamageType,FaultDescription,PhysicalDamageReported,LiquidExposureReported,BatterySymptomReported,UsageType,ErrorCodeAvailable,IntermittentIssueReported,ForeignObjectIncidentReported,RecentReinstallationReported,AffectedUnit,ConsumableTypeUsed,ReceiptAvailable,WarrantyCardAvailable,ElectronicWarrantyAvailable,ProductImageAvailable,SerialEvidenceAvailable,FaultEvidenceAvailable,InstallationEvidenceAvailable,BatteryDiagnosticAvailable,ScreenFaultImageAvailable,ServiceDiagnosticAvailable,ComponentIdentityEvidenceAvailable,UsageMeterEvidenceAvailable,RepairReportAvailable,PreviousRepair,RepairCount,RepairAuthorized,PreviousReplacement,ReplacementWithinWarranty,SerialNumberMatch,ProductModelConsistent,DuplicateClaimIndicator,DocumentDuplicateIndicator,ContradictionIndicator,PriorClaimCount,ProductPurchasePrice,ClaimAmount,PreviousRepairCost,OCRConfidence,ClaimSubmissionChannel,ClaimClass,BrowserFamily,SubmissionMinute,UiTheme,RandomScore,InternalBatchCode
REC01254,CLM01259,CUS00586,PRD00459,Refrigerator,French Door,Power,Compressor,Aster,AST-REF-794,SN-93888138,2016-07-30,2026-02-22,2026-01-31,120,No,Power Failure,Internal Component Failure,Customer reports power failure affecting power.,Not Applicable,Not Applicable,Not Applicable,Household,Yes,Not Applicable,Not Applicable,Not Applicable,Not Applicable,Not Applicable,Yes,,No,Yes,Yes,Yes,Not Applicable,Not Applicable,Not Applicable,Yes,Not Applicable,Not Applicable,Not Applicable,No,0,Not Applicable,No,Not Applicable,Yes,Yes,No,No,No,0,2805.84,1834.83,0.0,0.941,Service Center,Valid Claim,MobileWebView,40,System,-0.24927,B0567
REC01412,CLM00439,CUS00512,PRD00205,Refrigerator,Single Door,Other,Main Unit,ZenCore,ZEN-REF-877,SN-68273659,2023-01-18,2024-08-22,2024-08-06,24,No,Mechanical Failure,Manufacturing Defect,Customer reports mechanical failure affecting other.,Not Applicable,Not Applicable,Not Applicable,Household,No,Not Applicable,Not Applicable,Not Applicable,Not Applicable,Not Applicable,Yes,No,No,Yes,Yes,No,Not Applicable,Not Applicable,Not Applicable,Not Applicable,Not Applicable,Not Applicable,Not Applicable,No,0,Not Applicable,Yes,Yes,Yes,Yes,No,No,No,2,2887.11,2026.72,0.0,0.745,Web,Manual Review,Chrome,22,System,-1.21887,B0101
REC01304,CLM01257,CUS00237,PRD00689,Camera,Mirrorless,Battery,Battery,Aster,,SN-17115244,2024-11-05,2025-01-07,2025-01-03,6,No,Battery Problem,Electrical Failure,Customer reports battery problem affecting battery.,No,No,Yes,Not Applicable,Not Applicable,Not Applicable,Not Applicable,Not Applicable,Not Applicable,Not Applicable,Yes,Y,Yes,Yes,Yes,Yes,Not Applicable,Not Applicable,Not Applicable,Not Applicable,Not Applicable,Not Applicable,Not Applicable,No,0,Not Applicable,No,Not Applicable,Yes,Yes,No,No,No,2,2717.05,2203.53,0.0,0.936,Service Center,Valid Claim,Chrome,31,Dark,0.09706,B0122
REC01071,CLM01299,CUS00399,PRD00343,Laptop,Business Laptop,Device,Main Unit,NovaTech,NOV-LAP-862,SN-84666782,2022-07-02,2024-02-13,2024-02-03,24,No,Battery Problem,Internal Component Failure,Customer reports battery problem affecting device.,No,No,Yes,Not Applicable,Not Applicable,Not Applicable,Not Applicable,Not Applicable,Not Applicable,Not Applicable,Yes,No,Yes,Yes,Yes,Yes,Not Applicable,Not Applicable,Not Applicable,Not Applicable,Not Applicable,Not Applicable,Not Applicable,No,0,Not Applicable,Yes,Yes,Yes,Yes,No,No,No,2,836.01,76.37,0.0,0.718,Email,Valid Claim,Chrome,39,Dark,-1.26364,B0905
REC00945,CLM01462,CUS00251,PRD00607,Refrigerator,Side-by-Side,Noise,Main Unit,,AST-REF-908,SN-36874101,2023-07-05,2025-05-23,2025-05-04,24,No,Noise,Electrical Failure,Customer reports noise affecting noise.,Not Applicable,Not Applicable,Not Applicable,Household,Yes,Not Applicable,Not Applicable,Not Applicable,Not Applicable,Not Applicable,Yes,Yes,Yes,Yes,Yes,Yes,Not Applicable,Not Applicable,Not Applicable,Not Applicable,Not Applicable,Not Applicable,Yes,Yes,3,Unknown,No,Not Applicable,Yes,Yes,No,No,No,0,1566.12,255.13,76.3,0.959,Service Center,Manual Review,Firefox,23,Dark,-1.91723,B0712
REC01194,CLM01255,CUS00579,PRD00474,Air Conditioner,Portable,Both,Main Unit,Aster,AST-AIR-278,SN-51269739,2023-03-04,2025-03-19,2025-03-17,24,Yes,Noise,Internal Component Failure,Customer reports noise affecting both.,Not Applicable,Not Applicable,Not Applicable,Not Applicable,Yes,Not Applicable,Not Applicable,Unknown,Both,Not Applicable,Yes,No,Yes,Yes,Yes,Yes,Yes,Not Applicable,Not Applicable,Not Applicable,Not Applicable,Not Applicable,Not Applicable,No,0,Not Applicable,No,Not Applicable,Yes,Yes,No,No,No,2,2714.41,,0.0,0.776,Web,Valid Claim,Edge,24,Light,-1.03887,B0018
REC00971,CLM00080,CUS00334,PRD00127,Smartphone,Foldable Smartphone,Not Sure,Charger,PrimeView,PRI-SMA-349,SN-81719851,2026-03-22,2026-07-19,2026-07-12,0,No,Battery Problem,Internal Component Failure,Customer reports battery problem affecting not sure.,No,No,No,Not Applicable,Not Applicable,Not Applicable,Not Applicable,Not Applicable,Not Applicable,Not Applicable,Yes,Yes,Yes,No,Yes,Yes,Not Applicable,Not Applicable,Not Applicable,Not Applicable,Not Applicable,Not Applicable,Not Applicable,No,0,Not Applicable,No,Not Applicable,Yes,Yes,No,No,No,3,1324.74,1029.22,0.0,0.824,Service Center,Valid Claim,Firefox,22,Dark,-0.39405,B0308
REC00234,CLM01360,CUS00608,PRD00677,Air Conditioner,Window,Indoor Unit,Main Unit,ZenCore,ZEN-AIR-501,SN-40985631,2024-08-26,2026-03-12,2026-02-25,24,No,Power Failure,Manufacturing Defect,Customer reports power failure affecting indoor unit.,Not Applicable,Not Applicable,Not Applicable,Not Applicable,Yes,Not Applicable,Not Applicable,No,Indoor Unit,Not Applicable,Yes,Yes,Yes,Yes,Yes,Yes,Yes,Not Applicable,Not Applicable,Not Applicable,Not Applicable,Not Applicable,Yes,Yes,2,Yes,No,Not Applicable,Yes,Yes,No,No,No,1,2408.35,1829.31,562.43,0.89,Web,Valid Claim,MobileWebView,11,Light,-0.46634,B0010
REC00218,CLM01020,CUS00570,PRD00155,Printer,Laser,Printing,Main Unit,PrimeView,PRI-PRI-736,SN-50303758,2023-07-18,2024-05-13,2024-04-28,12,No,Mechanical Failure,Internal Component Failure,Customer reports mechanical failure affecting printing.,Not Applicable,Not Applicable,Not Applicable,Not Applicable,No,Not Applicable,No,Not Applicable,Not Applicable,Original,Yes,,Yes,Yes,Yes,Yes,Not Applicable,Not Applicable,Not Applicable,Not Applicable,Not Applicable,Yes,Not Applicable,No,0,Not Applicable,No,Not Applicable,Yes,Yes,No,No,No,0,346.29,199.68,0.0,0.745,Email,Valid Claim,Chrome,0,Light,0.32196,B0979
REC01397,CLM00054,CUS00090,PRD00271,Television,Mini-LED,Not Sure,Display Panel,Aster,AST-TEL-223,SN-66901088,2023-06-19,2024-06-21,2024-05-24,24,No,Audio Failure,Improper Wall Mounting,Customer reports audio failure affecting not sure.,No,Not Applicable,Not Applicable,Not Applicable,Not Applicable,No,Not Applicable,Not Applicable,Not Applicable,Not Applicable,Yes,Yes,Yes,Yes,Yes,Yes,Not Applicable,Not Applicable,Yes,Not Applicable,Not Applicable,Not Applicable,Yes,Yes,3,Yes,No,Not Applicable,No,Yes,No,No,No,0,2973.8,2662.44,594.67,0.821,Web,Invalid Claim,Safari,42,System,2.05593,B0885
REC00555,CLM00188,CUS00657,PRD00720,Smartphone,Rugged Smartphone,Phone,Main Unit,Aster,AST-SMA-724,SN-14088834,2025-03-23,2026-03-29,2026-03-23,12,No,Power Failure,Manufacturing Defect,Customer reports power failure affecting phone.,No,No,Not Applicable,Not Applicable,Not Applicable,Not Applicable,Not Applicable,Not Applicable,Not Applicable,Not Applicable,Yes,Yes,No,Yes,Yes,Yes,Not Applicable,Not Applicable,Not Applicable,Not Applicable,Not Applicable,Not Applicable,Not Applicable,No,0,Not Applicable,No,Not Applicable,Yes,Yes,No,No,No,3,1406.04,-1.0,0.0,0.797,Service Center,Invalid Claim,Safari,8,Light,-1.02548,B0115
REC00789,CLM00917,CUS00229,PRD00414,Washing Machine,Front Load,Water Leakage,Main Unit,HomePro,HOM-WAS-227,SN-13872115,2023-05-23,2025-05-01,2025-04-18,24,No,Water Leakage,Normal Wear,Customer reports water leakage affecting water leakage.,Not Applicable,Not Applicable,Not Applicable,Household,No,Not Applicable,No,Not Applicable,Not Applicable,Not Applicable,Yes,Yes,Yes,Yes,No,Yes,Not Applicable,Not Applicable,Not Applicable,Not Applicable,Not Applicable,Not Applicable,Not Applicable,No,0,Not Applicable,No,Not Applicable,Yes,Yes,No,No,No,3,1422.95,313.08,0.0,0.934,Web,Invalid Claim,Safari,16,System,-0.40341,B0293
REC00405,CLM00360,CUS00480,PRD00615,Refrigerator,Double Door,Not Sure,Main Unit,ZenCore,ZEN-REF-238,SN-24894591,2023-05-06,2024-05-21,2024-05-15,24,No,Noise,Electrical Failure,Customer reports noise affecting not sure.,Not Applicable,Not Applicable,Not Applicable,Household,Yes,Not Applicable,Not Applicable,Not Applicable,Not Applicable,Not Applicable,Yes,No,No,Yes,Yes,Yes,Not Applicable,Not Applicable,Not Applicable,Not Applicable,Not Applicable,Not Applicable,Not Applicable,No,0,Not Applicable,No,Not Applicable,Yes,Yes,No,No,No,1,2835.36,518.76,0.0,0.751,Mobile App,Valid Claim,Chrome,55,Dark,-0.68233,B0728
REC00248,CLM00873,CUS00218,PRD00703,Camera,Action Camera,Battery,Battery,NovaTech,NOV-CAM-980,SN-35202298,2023-12-16,2024-03-04,2024-02-24,6,No,Display Failure,Internal Component Failure,Customer reports display failure affecting battery.,No,No,Yes,Not Applicable,Not Applicable,Not Applicable,Not Applicable,Not Applicable,Not Applicable,Not Applicable,Yes,Yes,No,Yes,Yes,Yes,Not Applicable,Not Applicable,Not Applicable,Not Applicable,Not Applicable,Not Applicable,Not Applicable,No,0,Not Applicable,No,Not Applicable,Yes,Yes,No,No,No,0,3059.02,1245.83,0.0,0.502,Mobile App,Manual Review,Edge,29,Dark,-0.81672,B0790
REC-DUP-0016,CLM00428,CUS00017,PRD00115,Printer,Inkjet,Paper Feed,Main Unit,HomePro,HOM-PRI-215,SN-26495088,2025-09-22,2026-05-22,2026-05-08,12,No,Paper Feed Failure,Electrical Failure,Customer reports paper feed failure affecting paper feed.,Not Applicable,Not Applicable,Not Applicable,Not Applicable,Yes,Not Applicable,No,Not Applicable,Not Applicable,Original,Yes,Yes,Yes,Yes,Yes,Yes,Not Applicable,Not Applicable,Not Applicable,Not Applicable,Not Applicable,Yes,Not Applicable,No,0,Not Applicable,Yes,Yes,Yes,No,No,No,No,1,478.1,441.79,,0.554,Service Center,Manual Review,MobileWebView,27,Dark,-1.89144,B0510
REC01087,CLM00592,CUS00672,PRD00962,Printer,Inkjet,Connection,Main Unit,NovaTech,NOV-PRI-510,SN-24024827,2024-05-08,2024-11-19,2024-10-29,12,No,Connectivity Issue,Foreign Object Damage,Customer reports connectivity issue affecting connection.,Not Applicable,Not Applicable,Not Applicable,Not Applicable,Yes,Not Applicable,No,Not Applicable,Not Applicable,Compatible,Yes,No,No,Yes,Yes,Yes,Not Applicable,Not Applicable,Not Applicable,Not Applicable,Not Applicable,Yes,Yes,Yes,3,Yes,No,Not Applicable,Yes,Yes,No,No,No,0,928.5,790.08,39.1,0.875,Service Center,Invalid Claim,Edge,16,System,0.98515,B0100
REC00813,CLM00757,CUS00474,PRD00205,Television,LED,Sound,Main Unit,HomePro,HOM-TEL-188,SN-95710791,2022-08-08,2024-08-01,2024-07-03,24,No,Audio Failure,Internal Component Failure,Customer reports audio failure affecting sound.,No,Not Applicable,Not Applicable,Not Applicable,Not Applicable,Yes,Not Applicable,Not Applicable,Not Applicable,Not Applicable,Yes,Yes,No,Yes,No,Yes,Not Applicable,Not Applicable,Not Applicable,Not Applicable,Not Applicable,Not Applicable,Not Applicable,No,0,Not Applicable,No,Not Applicable,Yes,Yes,No,No,No,0,410.78,286.57,0.0,0.858,Email,Manual Review,MobileWebView,43,Light,-1.01511,B0229
REC00458,CLM01009,CUS00013,PRD00139,Laptop,Gaming Laptop,Device,Main Unit,NovaTech,NOV-LAP-659,SN-88444279,2023-11-27,2025-08-03,2025-07-20,24,No,Connectivity Issue,Internal Component Failure,Customer reports connectivity issue affecting device.,No,No,Not Applicable,Not Applicable,Not Applicable,Not Applicable,Not Applicable,Not Applicable,Not Applicable,Not Applicable,,Yes,Yes,Yes,Yes,No,Not Applicable,Not Applicable,Not Applicable,Not Applicable,Not Applicable,Not Applicable,,No,0,Not Applicable,No,Not Applicable,Y,Yes,No,No,No,1,681.22,572.91,0.0,0.81,Mobile App,Manual Review,Firefox,33,Light,1.34479,B0560
REC01459,CLM00444,CUS00328,PRD00269,Television,Mini-LED,Not Sure,Main Unit,PrimeView,PRI-TEL-677,SN-42510278,2023-12-09,2026-03-12,2026-02-05,24,No,Connectivity Issue,Panel Impact Damage,Customer reports connectivity issue affecting not sure.,Yes,Not Applicable,Not Applicable,Not Applicable,Not Applicable,Yes,Not Applicable,Not Applicable,Not Applicable,Not Applicable,Yes,Yes,Yes,Yes,Yes,Yes,Not Applicable,Not Applicable,Not Applicable,Not Applicable,Not Applicable,Not Applicable,Not Applicable,No,0,Not Applicable,No,Not Applicable,Yes,Yes,No,No,No,0,848.84,346.76,,0.762,Web,Invalid Claim,Safari,6,Dark,-0.23258,B0844
REC00065,CLM00857,CUS00272,PRD00937,Printer,Laser,Printing,Main Unit,PrimeView,PRI-PRI-468,SN-26823559,2025-09-14,2026-01-17,2026-01-12,12,No,Mechanical Failure,Electrical Failure,Customer reports mechanical failure affecting printing.,Not Applicable,Not Applicable,Not Applicable,Not Applicable,No,Not Applicable,No,Not Applicable,Not Applicable,Original,Yes,Yes,No,Yes,Yes,Yes,Not Applicable,Not Applicable,Not Applicable,Not Applicable,Not Applicable,Yes,Not Applicable,No,0,Not Applicable,No,Not Applicable,Yes,Yes,No,No,No,0,356.72,,0.0,0.986,Web,Valid Claim,Chrome,16,System,1.73035,B0628
REC00514,CLM00987,CUS00460,PRD00462,Air Conditioner,Portable,Indoor Unit,Main Unit,ZenCore,ZEN-AIR-399,SN-57068882,2023-07-26,2024-12-05,2024-11-30,24,No,Water Leakage,Electrical Failure,Customer reports water leakage affecting indoor unit.,Not Applicable,Not Applicable,Not Applicable,Not Applicable,Yes,Not Applicable,Not Applicable,Unknown,Indoor Unit,Not Applicable,No,Yes,Yes,Yes,Yes,No,Yes,Not Applicable,Not Applicable,Not Applicable,Not Applicable,Not Applicable,Yes,Yes,3,Yes,No,Not Applicable,Yes,Yes,No,No,No,1,888.11,659.08,125.63,0.903,Mobile App,Manual Review,Edge,18,Light,-0.72332,B0066
REC00632,CLM00664,CUS00614,PRD00794,Smartphone,Foldable Smartphone,Phone,Main Unit,PrimeView,PRI-SMA-705,SN-64688884,2025-11-01,2026-05-08,2026-05-03,12,No,Display Failure,Physical Damage,Customer reports display failure affecting phone.,Yes,No,Not Applicable,Not Applicable,Not Applicable,Not Applicable,Not Applicable,Not Applicable,Not Applicable,Not Applicable,Yes,Yes,Yes,Yes,Yes,Yes,Not Applicable,Not Applicable,Not Applicable,Not Applicable,Not Applicable,Not Applicable,Not Applicable,No,0,Not Applicable,No,Not Applicable,Yes,Yes,No,No,No,1,1306.26,244.62,0.0,0.822,Mobile App,Invalid Claim,Chrome,30,Dark,1.68203,B0803
REC01421,CLM00339,CUS00137,PRD00970,Air Conditioner,Split,Both,Compressor,Aster,AST-AIR-246,SN-28112457,2020-09-24,2025-09-13,2025-08-28,60,No,Power Failure,Internal Component Failure,Customer reports power failure affecting both.,Not Applicable,Not Applicable,Not Applicable,Not Applicable,No,Not Applicable,Not Applicable,Unknown,Both,Not Applicable,Yes,Yes,No,Yes,Yes,Yes,No,Not Applicable,Not Applicable,No,Not Applicable,Not Applicable,Not Applicable,No,0,Not Applicable,No,Not Applicable,Yes,Yes,No,No,No,0,514.26,168.62,0.0,0.879,Service Center,Manual Review,Firefox,7,System,-0.09976,B0658
REC01155,CLM00569,CUS00562,PRD00032,Laptop,Gaming Laptop,Device,Main Unit,Aster,AST-LAP-399,SN-10938630,2023-12-14,2025-06-22,2025-05-20,24,No,Connectivity Issue,Accidental Damage,Customer reports connectivity issue affecting device.,Unknown,No,Not Applicable,Not Applicable,Not Applicable,Not Applicable,Not Applicable,Not Applicable,Not Applicable,Not Applicable,Yes,No,No,Yes,Yes,Yes,Not Applicable,Not Applicable,Not Applicable,Not Applicable,Not Applicable,Not Applicable,Not Applicable,No,0,Not Applicable,No,Not Applicable,Yes,Yes,No,No,No,3,952.05,311.54,0.0,0.784,Mobile App,Invalid Claim,Firefox,28,System,-0.66144,B0277
REC01480,CLM01117,CUS00638,PRD00661,Refrigerator,Side-by-Side,Cooling,Compressor,Aster,AST-REF-199,SN-25856836,2016-01-28,2025-09-27,2025-09-06,120,No,Cooling Failure,Internal Component Failure,Customer reports cooling failure affecting cooling.,Not Applicable,Not Applicable,Not Applicable,Household,No,Not Applicable,Not Applicable,Not Applicable,Not Applicable,Not Applicable,No,Yes,Yes,Yes,No,Yes,Not Applicable,Not Applicable,Not Applicable,No,Not Applicable,Not Applicable,Not Applicable,No,0,Not Applicable,No,Not Applicable,Yes,Yes,No,No,No,1,856.42,602.82,0.0,0.746,Mobile App,Manual Review,MobileWebView,28,Dark,0.03497,B0856
REC01497,CLM00085,CUS00066,PRD00643,Smartphone,Rugged Smartphone,Phone,Main Unit,NovaTech,NOV-SMA-225,SN-77748345,2025-06-14,2025-12-11,2025-12-02,12,No,Power Failure,Internal Component Failure,Customer reports power failure affecting phone.,No,No,Not Applicable,Not Applicable,Not Applicable,Not Applicable,Not Applicable,Not Applicable,Not Applicable,Not Applicable,Yes,Yes,No,Yes,Yes,Yes,Not Applicable,Not Applicable,Not Applicable,Not Applicable,Not Applicable,Not Applicable,Not Applicable,No,0,Not Applicable,No,Not Applicable,Yes,Yes,No,No,No,1,956.06,384.65,0.0,0.867,Service Center,Valid Claim,Chrome,45,Dark,1.07746,B0732
REC00316,CLM01209,CUS00332,PRD00485,Laptop,Business Laptop,Device,Main Unit,ZenCore,ZEN-LAP-704,SN-39232704,2024-06-28,2026-09-06,2026-08-26,24,Yes,Overheating,Manufacturing Defect,Customer reports overheating affecting device.,No,No,Not Applicable,Not Applicable,Not Applicable,Not Applicable,Not Applicable,Not Applicable,Not Applicable,Not Applicable,Yes,Yes,No,Yes,Yes,No,Not Applicable,Not Applicable,Not Applicable,Not Applicable,Not Applicable,Not Applicable,Not Applicable,No,0,Not Applicable,No,Not Applicable,Yes,Yes,No,No,No,0,2159.47,965.49,0.0,0.932,Web,Manual Review,Edge,49,Light,0.67494,B0670
REC00732,CLM00609,CUS00600,PRD00143,Washing Machine,Washer Dryer,Spinning,Main Unit,ZenCore,ZEN-WAS-370,SN-12662856,2023-02-15,2025-12-21,2025-12-12,24,Yes,Mechanical Failure,Internal Component Failure,Customer reports mechanical failure affecting spinning.,Not Applicable,Not Applicable,Not Applicable,Household,Unknown,Not Applicable,No,Not Applicable,Not Applicable,Not Applicable,Yes,Yes,Yes,Yes,No,Yes,Not Applicable,Not Applicable,Not Applicable,Not Applicable,Not Applicable,Not Applicable,Not Applicable,No,0,Not Applicable,No,Not Applicable,No,Yes,No,No,No,0,728.83,469.23,,0.776,Service Center,Invalid Claim,Safari,24,Light,-0.68549,B0488
REC00058,CLM00489,CUS00508,PRD00839,Refrigerator,Side-by-Side,Power,Main Unit,HomePro,,SN-82430925,2023-08-11,2024-10-02,2024-09-11,24,No,Power Failure,Manufacturing Defect,Customer reports power failure affecting power.,Not Applicable,Not Applicable,Not Applicable,Household,Yes,Not Applicable,Not Applicable,Not Applicable,Not Applicable,Not Applicable,Yes,Yes,Yes,Yes,Yes,Yes,Not Applicable,Not Applicable,Not Applicable,Not Applicable,Not Applicable,Not Applicable,,No,0,Not Applicable,No,Not Applicable,Yes,Yes,No,No,No,2,1868.08,1016.16,0.0,0.856,Mobile App,Valid Claim,Edge,6,Light,1.63635,B0517
REC00637,CLM00097,CUS00174,PRD00410,Television,LED,Connection,Main Unit,PrimeView,PRI-TEL-590,SN-48389991,2023-08-12,2025-12-01,2025-11-18,24,No,Connectivity Issue,Internal Component Failure,Customer reports connectivity issue affecting connection.,Unknown,Not Applicable,Not Applicable,Not Applicable,Not Applicable,No,Not Applicable,Not Applicable,Not Applicable,Not Applicable,Yes,Yes,Yes,Yes,Yes,Yes,Not Applicable,Not Applicable,Not Applicable,Not Applicable,Not Applicable,Not Applicable,Yes,Yes,2,Yes,No,Not Applicable,Unknown,Yes,No,No,No,0,2530.72,307.43,582.02,0.476,Web,Invalid Claim,Edge,50,Light,-0.05891,B0303
REC00360,CLM01019,CUS00365,PRD00393,Smartphone,Foldable Smartphone,Phone,Main Unit,NovaTech,NOV-SMA-398,SN-98082049,2022-08-07,2024-04-25,2024-03-31,12,Yes,Connectivity Issue,Electrical Failure,Customer reports connectivity issue affecting phone.,Unknown,Unknown,Not Applicable,Not Applicable,Not Applicable,Not Applicable,Not Applicable,Not Applicable,Not Applicable,Not Applicable,No,Yes,Yes,Yes,Yes,Yes,Not Applicable,Not Applicable,Not Applicable,Not Applicable,Not Applicable,Not Applicable,Not Applicable,No,0,Not Applicable,No,Not Applicable,Yes,Yes,No,No,No,3,550.47,188.64,0.0,0.752,Web,Valid Claim,Chrome,11,Light,0.38605,B0240
REC00423,CLM00548,CUS00390,PRD00431,Television,QLED,Sound,Main Unit,PrimeView,PRI-TEL-799,SN-22497101,2020-05-16,2024-02-18,2024-02-15,24,Yes,Audio Failure,Internal Component Failure,Customer reports audio failure affecting sound.,Yes,Not Applicable,Not Applicable,Not Applicable,Not Applicable,Yes,Not Applicable,Not Applicable,Not Applicable,Not Applicable,,No,Yes,Yes,Yes,Yes,Not Applicable,Not Applicable,Not Applicable,Not Applicable,Not Applicable,Not Applicable,Not Applicable,No,0,Not Applicable,No,Not Applicable,Yes,Yes,No,No, No ,0,1619.15,737.63,0.0,0.806,Mobile App,Invalid Claim,Chrome,28,Light,-1.34071,B0030
REC01147,CLM00425,CUS00351,PRD00287,Printer,Thermal,Printing,Print Head,NovaTech,NOV-PRI-668,SN-79517309,2024-01-20,2024-06-30,2024-06-22,12,No,Mechanical Failure,Electrical Failure,Customer reports mechanical failure affecting printing.,Not Applicable,Not Applicable,Not Applicable,Not Applicable,Yes,Not Applicable,No,Not Applicable,Not Applicable,Compatible,Yes,Yes,Yes,,Yes,No,Not Applicable,Not Applicable,Not Applicable,Not Applicable,Not Applicable,Yes,Not Applicable,No,0,Not Applicable,No,Not Applicable,Yes,Yes,No,No,No,1,394.32,323.38,0.0,0.867,Web,Manual Review,Chrome,5,Dark,0.0421,B0302
REC00376,CLM00414,CUS00316,PRD00669,Air Conditioner,Portable,Indoor Unit,Main Unit,HomePro,HOM-AIR-589,SN-92833842,2024-04-21,2025-10-09,2025-10-03,24,No,Cooling Failure,Internal Component Failure,Customer reports cooling failure affecting indoor unit.,Not Applicable,Not Applicable,Not Applicable,Not Applicable,Unknown,Not Applicable,Not Applicable,No,Indoor Unit,Not Applicable,Yes,Yes,Yes,No,Yes,Yes,Yes,Not Applicable,Not Applicable,Not Applicable,Not Applicable,Not Applicable,,No,0,Not Applicable,No,Not Applicable,Yes,Yes,No,No,No,2,2150.93,1817.5,0.0,0.984,Web,Valid Claim,Safari,53,Dark,-0.65255,B0336
REC01212,CLM01355,CUS00142,PRD00832,Television,OLED,Power,Main Unit,PrimeView,PRI-TEL-826,SN-30716850,2024-01-30,2025-05-29,2025-05-20,24,No,Power Failure,Manufacturing Defect,Customer reports power failure affecting power.,No,Not Applicable,Not Applicable,Not Applicable,Not Applicable,No,Not Applicable,Not Applicable,Not Applicable,Not Applicable,Yes,Yes,Yes,Yes,No,Yes,Not Applicable,Not Applicable,Not Applicable,Not Applicable,Not Applicable,Not Applicable,,No,0,Not Applicable,No,Not Applicable,Yes,Yes,No,No,No,1,1364.08,910.46,0.0,0.542,Web,Manual Review,Edge,5,System,-1.02483,B0568
REC01386,CLM00107,CUS00347,PRD00849,Smartphone,Foldable Smartphone,Battery,Battery,PrimeView,PRI-SMA-483,SN-74999223,2024-08-28,2025-04-07,2025-03-29,12,No,Power Failure,Manufacturing Defect,Customer reports power failure affecting battery.,No,No,Yes,Not Applicable,Not Applicable,Not Applicable,Not Applicable,Not Applicable,Not Applicable,Not Applicable,Yes,Yes,No,Yes,Yes,Yes,Not Applicable,Yes,Not Applicable,Not Applicable,Not Applicable,Not Applicable,Yes,Yes,1,Yes,No,Not Applicable,Yes,Yes,Yes,No,No,0,1084.03,,629.87,0.954,Web,Invalid Claim,Firefox,11,System,-0.60273,B0213
REC00727,CLM00487,CUS00678,PRD00405,Air Conditioner,Portable,Both,Main Unit,HomePro,HOM-AIR-696,SN-47555459,2022-07-16,2024-04-03,2024-03-16,24,No,Water Leakage,Electrical Failure,Customer reports water leakage affecting both.,Not Applicable,Not Applicable,Not Applicable,Not Applicable,Unknown,Not Applicable,Not Applicable,No,Both,Not Applicable,Yes,Yes,Yes,Yes,Yes,Yes,Yes,Not Applicable,Not Applicable,Not Applicable,Not Applicable,Not Applicable,,Yes,1,Yes,No,Not Applicable,Yes,Yes,No,No,No,0,2077.34,264.49,575.08,0.97,Service Center,Valid Claim,Firefox,32,System,0.31999,B0152
REC00921,CLM00466,CUS00391,PRD00590,Printer,Thermal,Paper Feed,Print Head,PrimeView,PRI-PRI-891,SN-11650527,2023-07-19,2024-01-24,2023-12-28,12,No,Paper Feed Failure,Internal Component Failure,Customer reports paper feed failure affecting paper feed.,Not Applicable,Not Applicable,Not Applicable,Not Applicable,Unknown,Not Applicable,No,Not Applicable,Not Applicable,Original,,Yes,Yes,Yes,Yes,No,Not Applicable,Not Applicable,Not Applicable,Not Applicable,Not Applicable,Yes,Yes,Yes,3,Yes,No,Not Applicable,Yes,Yes,No,No,No,4,708.44,172.85,,0.721,Web,Manual Review,Chrome,0,Light,0.82705,B0149
REC00156,CLM01233,CUS00292,PRD00320,Air Conditioner,Window,Indoor Unit,Main Unit,ZenCore,ZEN-AIR-174,SN-46770831,2023-10-27,2025-07-28,2025-07-21,24,No,Power Failure,Internal Component Failure,Customer reports power failure affecting indoor unit.,Not Applicable,Not Applicable,Not Applicable,Not Applicable,Yes,Not Applicable,Not Applicable,Unknown,Indoor Unit,Not Applicable,Yes,Yes,Yes,Yes,Yes,Yes,Yes,Not Applicable,Not Applicable,Not Applicable,Not Applicable,Not Applicable,Not Applicable,No,0,Not Applicable,No,Not Applicable,Unknown,Yes,No,No,No,3,2644.31,,0.0,0.903,Web,Manual Review,Edge,21,Light,0.03525,B0994
REC01237,CLM00829,CUS00637,PRD00348,Laptop,2-in-1,Device,Main Unit,Aster,AST-LAP-944,SN-44651330,2022-08-23,2024-11-18,2024-11-06,24,Yes,Overheating,Normal Wear,Customer reports overheating affecting device.,No,No,Not Applicable,Not Applicable,Not Applicable,Not Applicable,Not Applicable,Not Applicable,Not Applicable,Not Applicable,Yes,No,Yes,Yes,Yes,No,Not Applicable,Not Applicable,Not Applicable,Not Applicable,Not Applicable,Not Applicable,Not Applicable,No,0,Not Applicable,No,Not Applicable,Yes,Yes,No,No,No,0,2541.63,707.25,0.0,0.728,Web,Invalid Claim,Chrome,44,System,0.59372,B0397
REC00685,CLM00647,CUS00574,PRD00663,Camera,Compact,Camera Body,Camera Body,Aster,AST-CAM-162,SN-86999845,2022-06-18,2024-05-29,2024-05-23,24,No,Display Failure,Electrical Failure,Customer reports display failure affecting camera body.,No,No,Not Applicable,Not Applicable,Not Applicable,Not Applicable,Not Applicable,Not Applicable,Not Applicable,Not Applicable,No,No,Yes,Yes,Yes,Yes,Not Applicable,Not Applicable,Not Applicable,Not Applicable,Not Applicable,Not Applicable,Not Applicable,No,0,Not Applicable,No,Not Applicable,Unknown,Yes,No,No,No,1,1002.31,880.17,0.0,0.813,Web,Manual Review,Edge,36,Light,-2.49818,B0780
REC00668,CLM00902,CUS00119,PRD00915,Refrigerator,French Door,Other,Main Unit,Aster,AST-REF-155,SN-49955204,2023-09-13,2025-07-10,2025-06-28,24,No,Mechanical Failure,Manufacturing Defect,Customer reports mechanical failure affecting other.,Not Applicable,Not Applicable,Not Applicable,Household,No,Not Applicable,Not Applicable,Not Applicable,Not Applicable,Not Applicable,Yes,Yes,No,Yes,Yes,Yes,Not Applicable,Not Applicable,Not Applicable,Not Applicable,Not Applicable,Not Applicable,Not Applicable,No,0,Not Applicable,No,Not Applicable,Unknown,Yes,No,No,No,0,2006.42,,0.0,0.863,Web,Manual Review,Chrome,32,Dark,-0.24597,B0722
REC01039,CLM00542,CUS00348,PRD00702,Washing Machine,Washer Dryer,Water Leakage,Main Unit,ZenCore,ZEN-WAS-909,SN-79633369,2025-01-26,2026-09-01,2026-08-24,24,No,Water Leakage,Internal Component Failure,Customer reports water leakage affecting water leakage.,Not Applicable,Not Applicable,Not Applicable,Household,No,Not Applicable,No,Not Applicable,Not Applicable,Not Applicable,Yes,Yes,Yes,Yes,Yes,Yes,Not Applicable,Not Applicable,Not Applicable,Not Applicable,Not Applicable,Not Applicable,Not Applicable,No,0,Not Applicable,Yes,Yes,No,Yes,No,No,No,1,2029.59,1292.56,0.0,0.819,Service Center,Invalid Claim,Edge,23,Light,-0.07101,B0252
REC-DUP-0030,CLM01277,CUS00605,PRD00903,Smartphone,Foldable Smartphone,Phone,Main Unit,PrimeView,PRI-SMA-385,SN-24776406,2024-01-21,2024-10-23,2024-10-15,12,No,Display Failure,Manufacturing Defect,Customer reports display failure affecting phone.,No,No,Not Applicable,Not Applicable,Not Applicable,Not Applicable,Not Applicable,Not Applicable,Not Applicable,Not Applicable,Yes,No,Yes,Yes,Yes,,Not Applicable,Not Applicable,Not Applicable,Not Applicable,Not Applicable,Not Applicable,Not Applicable,No,0,Not Applicable,No,Not Applicable,Yes,Yes,No,No,No,0,1166.51,375.51,0.0,0.953,Service Center,Valid Claim,Safari,39,Light,0.57488,B0623
REC00540,CLM00370,CUS00027,PRD00161,Air Conditioner,Cassette,Outdoor Unit,Main Unit,,AST-AIR-566,SN-48026387,2024-05-29,2025-10-30,2025-10-19,24,No,Water Leakage,Misuse,Customer reports water leakage affecting outdoor unit.,Not Applicable,Not Applicable,Not Applicable,Not Applicable,No,Not Applicable,Not Applicable,No,Outdoor Unit,Not Applicable,Yes,No,No,Yes,Yes,Yes,Yes,Not Applicable,Not Applicable,Not Applicable,Not Applicable,Not Applicable,Not Applicable,No,0,Not Applicable,No,Not Applicable,Yes,Yes,No,No,No,1,926.68,548.43,0.0,,Web,Invalid Claim,Chrome,13,Dark,0.00086,B0794
REC00591,CLM00169,CUS00218,PRD00265,Television,LED,Sound,Display Panel,Aster,AST-TEL-327,SN-25140589,2023-04-21,2025-04-02,2025-03-12,24,No,Audio Failure,Normal Wear,Customer reports audio failure affecting sound.,No,Not Applicable,Not Applicable,Not Applicable,Not Applicable,No,Not Applicable,Not Applicable,Not Applicable,Not Applicable,Yes,,Yes,YES,Yes,Yes,Not Applicable,Not Applicable,Yes,Not Applicable,Not Applicable,Not Applicable,Not Applicable,No,0,Not Applicable,No,Not Applicable,Yes,Yes,No,No,No,1,2134.24,508.46,0.0,0.786,Web,Invalid Claim,Edge,5,System,0.15405,B0688
REC-DUP-0017,CLM01455,CUS00102,PRD00326,Laptop,2-in-1,Not Sure,Main Unit,NovaTech,NOV-LAP-774,SN-27083724,2022-09-11,2024-02-24,2024-02-08,24,No,Overheating,Internal Component Failure,Customer reports overheating affecting not sure.,No,No,Not Applicable,Not Applicable,Not Applicable,Not Applicable,Not Applicable,Not Applicable,Not Applicable,Not Applicable,Yes,Yes,Yes,Yes,Yes,Yes,Not Applicable,Not Applicable,Not Applicable,Not Applicable,Not Applicable,Not Applicable,Not Applicable,No,0,Not Applicable,No,Not Applicable,Yes,Yes,No,No,No,1,973.53,424.64,0.0,0.694,Web,Manual Review,MobileWebView,12,Light,-2.53892,B0257
REC00166,CLM01424,CUS00106,PRD00599,Camera,Mirrorless,Camera Body,Camera Body,PrimeView,PRI-CAM-214,SN-71865131,2022-07-18,2025-06-27,2025-06-07,24,Yes,Connectivity Issue,Manufacturing Defect,Customer reports connectivity issue affecting camera body.,No,No,Not Applicable,Not Applicable,Not Applicable,Not Applicable,Not Applicable,Not Applicable,Not Applicable,Not Applicable,Yes,,No,Yes,No,Yes,Not Applicable,Not Applicable,Not Applicable,Not Applicable,Not Applicable,Not Applicable,Not Applicable,No,0,Not Applicable,No,Not Applicable,Yes,Yes,No,No,No,0,1838.71,775.31,0.0,0.9,Mobile App,Manual Review,Chrome,24,System,0.60536,B0207
REC01307,CLM01086,CUS00026,PRD00645,Television,OLED,Picture,Main Unit,HomePro,HOM-TEL-772,SN-58321163,2023-11-21,2025-08-30,2025-08-16,24,No,Display Failure,Internal Component Failure,Customer reports display failure affecting picture.,Unknown,Not Applicable,Not Applicable,Not Applicable,Not Applicable,No,Not Applicable,Not Applicable,Not Applicable,Not Applicable,Yes,Yes,Yes,Yes,No,Yes,Not Applicable,Not Applicable,Not Applicable,Not Applicable,Not Applicable,Not Applicable,Not Applicable,No,0,Not Applicable,No,Not Applicable,Yes,Yes,No,No,No,0,2678.34,2180.97,,0.751,Service Center,Manual Review,Edge,43,Dark,-1.7887,B0096
REC00810,CLM00893,CUS00385,PRD00946,Television,OLED,Picture,Main Unit,Aster,AST-TEL-270,SN-92109558,2024-07-16,2026-06-27,2026-06-17,24,No,Display Failure,Manufacturing Defect,Customer reports display failure affecting picture.,No,Not Applicable,Not Applicable,Not Applicable,Not Applicable,No,Not Applicable,Not Applicable,Not Applicable,Not Applicable,,Yes,Yes,Yes,Yes,Yes,Not Applicable,Not Applicable,Not Applicable,Not Applicable,Not Applicable,Not Applicable,Yes,Yes,3,Yes,No,Not Applicable,Yes,Yes,No,No,No,0,1918.82,1007.35,41.6,0.856,Web,Valid Claim,Edge,3,Dark,-0.74706,B0932
REC00857,CLM00440,CUS00217,PRD00508,Laptop,2-in-1,Device,Main Unit,Aster,AST-LAP-434,SN-20565867,2022-12-21,2024-12-16,2024-11-30,24,No,Power Failure,Liquid Damage,Customer reports power failure affecting device.,No,Yes,Not Applicable,Not Applicable,Not Applicable,Not Applicable,Not Applicable,Not Applicable,Not Applicable,Not Applicable,Yes,Yes,Yes,No,No,Yes,Not Applicable,Not Applicable,Not Applicable,Not Applicable,Not Applicable,Not Applicable,Not Applicable,No,0,Not Applicable,No,Not Applicable,Yes,Yes,No,No,No,0,1599.72,501.45,0.0,0.952,Web,Invalid Claim,Edge,13,Light,-2.55707,B0853
REC01435,CLM00743,CUS00359,PRD00637,Printer,Laser,Power,Main Unit,HomePro,HOM-PRI-816,SN-89313364,2023-05-15,2024-01-13,2023-12-02,12,No,Power Failure,Electrical Failure,Customer reports power failure affecting power.,Not Applicable,Not Applicable,Not Applicable,Not Applicable,No,Not Applicable,No,Not Applicable,Not Applicable,Original,Yes,Y,Yes,Yes,Yes,Yes,Not Applicable,Not Applicable,Not Applicable,Not Applicable,Not Applicable,Yes,Not Applicable,No,0,Not Applicable,No,Not Applicable,Yes,Yes,Yes,No,No,1,628.52,350.23,0.0,0.799,Service Center,Invalid Claim,Chrome,22,Light,-0.91945,B0064
REC00516,CLM00477,CUS00093,PRD00481,Camera,DSLR,Camera Body,Camera Body,Aster,AST-CAM-767,SN-17997909,2022-10-09,2024-05-16,2024-04-29,24,No,Lens Failure,Sensor Contamination Due To Misuse,Customer reports lens failure affecting camera body.,No,No,Not Applicable,Not Applicable,Not Applicable,Not Applicable,Not Applicable,Not Applicable,Not Applicable,Not Applicable,Yes,Yes,Yes,Yes,Yes,Yes,Not Applicable,Not Applicable,Not Applicable,Not Applicable,Not Applicable,Not Applicable,Not Applicable,No,0,Not Applicable,No,Not Applicable,Yes,Yes,No,No,No,1,2961.18,2127.25,,0.896,Mobile App,Invalid Claim,Safari,38,Light,0.71294,B0906
REC01310,CLM01043,CUS00436,PRD00241,Laptop,2-in-1,Not Sure,Main Unit,Aster,AST-LAP-843,SN-65818672,2024-07-27,2026-08-06,2026-08-02,24,Yes,Overheating,Electrical Failure,Customer reports overheating affecting not sure.,No,No,Not Applicable,Not Applicable,Not Applicable,Not Applicable,Not Applicable,Not Applicable,Not Applicable,Not Applicable,Yes,Yes,Yes,Yes,Yes,Yes,Not Applicable,Not Applicable,Not Applicable,Not Applicable,Not Applicable,Not Applicable,Not Applicable, No ,0,Not Applicable,Yes,Yes,Yes,Yes,No,No,No,1,1398.66,1306.5,0.0,0.85,Web,Valid Claim,Firefox,17,Light,-1.78246,B0681
REC01413,CLM00133,CUS00029,PRD00609,Television,OLED,Power,Main Unit,HomePro,HOM-TEL-149,SN-25559780,2022-10-18,2024-05-23,2024-05-15,24,No,Power Failure,Improper Wall Mounting,Customer reports power failure affecting power.,No,Not Applicable,Not Applicable,Not Applicable,Not Applicable,No,Not Applicable,Not Applicable,Not Applicable,Not Applicable,Yes,No,Yes,Yes,Yes,Yes,Not Applicable,Not Applicable,Not Applicable,Not Applicable,Not Applicable,Not Applicable,Not Applicable,No,0,Not Applicable,No,Not Applicable,Yes,Yes,No,No,No,1,3139.3,2238.47,,0.817,Web,Invalid Claim,Edge,17,Light,0.41774,B0211
REC01331,CLM01334,CUS00263,PRD00656,Camera,Mirrorless,Camera Body,Camera Body,Aster,AST-CAM-435,SN-88516676,2024-06-19,2026-02-15,2026-02-12,24,No,Lens Failure,Manufacturing Defect,Customer reports lens failure affecting camera body.,No,No,Not Applicable,Not Applicable,Not Applicable,Not Applicable,Not Applicable,Not Applicable,Not Applicable,Not Applicable,Yes,Yes,No,Yes,Yes,Yes,Not Applicable,Not Applicable,Not Applicable,Not Applicable,Not Applicable,Not Applicable,Yes,Yes,1,Yes,No,Not Applicable,Yes,Yes,No,No,No,2,2774.36,1767.3,111.26,0.861,Service Center,Valid Claim,MobileWebView,55,System,0.01387,B0112
REC00660,CLM00772,CUS00692,PRD00594,Air Conditioner,Window,Indoor Unit,Main Unit,Aster,AST-AIR-750,SN-79814478,2022-04-06,2025-02-27,2025-02-25,24,Yes,Cooling Failure,Electrical Failure,Customer reports cooling failure affecting indoor unit.,Not Applicable,Not Applicable,Not Applicable,Not Applicable,Unknown,Not Applicable,Not Applicable,No,Indoor Unit,Not Applicable,Yes,YES,No,Yes,Yes,Yes,Yes,Not Applicable,Not Applicable,Not Applicable,Not Applicable,Not Applicable,,No,0,Not Applicable,No,Not Applicable,Yes,Yes,No,No,No,0,978.29,430.67,0.0,0.8,Service Center,Valid Claim,MobileWebView,49,System,-0.28853,B0410
REC01061,CLM00115,CUS00333,PRD00214,Television,Mini-LED,Connection,Main Unit,PrimeView,PRI-TEL-316,SN-11104065,2023-10-12,2024-10-23,2024-10-16,24,No,Connectivity Issue,Internal Component Failure,Customer reports connectivity issue affecting connection.,No,Not Applicable,Not Applicable,Not Applicable,Not Applicable,Yes,Not Applicable,Not Applicable,Not Applicable,Not Applicable,Yes,Yes,Yes,Yes,Yes,Yes,Not Applicable,Not Applicable,Not Applicable,Not Applicable,Not Applicable,Not Applicable,Not Applicable,No,0,Not Applicable,No,Not Applicable,Yes,Yes,Yes,No,No,0,1388.68,732.76,0.0,0.88,Mobile App,Invalid Claim,Firefox,22,Light,-1.07954,B0135
REC00604,CLM00788,CUS00125,PRD00141,Washing Machine,Washer Dryer,Noise,Main Unit,HomePro,HOM-WAS-410,SN-30502468,2022-02-16,2024-01-29,2024-01-29,24,No,Noise,Electrical Failure,Customer reports noise affecting noise.,Not Applicable,Not Applicable,Not Applicable,Household,No,Not Applicable,No,Not Applicable,Not Applicable,Not Applicable,Yes,Yes,No,,Yes,,Not Applicable,Not Applicable,Not Applicable,Not Applicable,Not Applicable,Not Applicable,Yes,Yes,3,Yes,No,Not Applicable,Yes,Yes,No,No,No,1,1999.5,915.26,482.56,0.762,Service Center,Valid Claim,Firefox,16,Dark,0.08797,B0290
REC00894,CLM00190,CUS00251,PRD00706,Laptop,Consumer Laptop,Device,Main Unit,Aster,AST-LAP-287,SN-45680074,2024-05-15,2026-04-06,2026-03-29,24,No,Connectivity Issue,Internal Component Failure,Customer reports connectivity issue affecting device.,No,No,Not Applicable,Not Applicable,Not Applicable,Not Applicable,Not Applicable,Not Applicable,Not Applicable,Not Applicable,Yes,No,No,Yes,Yes,No,Not Applicable,Not Applicable,Not Applicable,Not Applicable,Not Applicable,Not Applicable,Not Applicable,No,0,Not Applicable,No,Not Applicable,Yes,Yes,No,No,No,1,709.52,113.79,0.0,0.952,Service Center,Manual Review,MobileWebView,16,Dark,0.09114,B0862
REC00259,CLM00197,CUS00321,PRD00784,Television,Mini-LED,Remote Control,Remote Control,Aster,AST-TEL-314,SN-29228109,2025-11-29,2026-02-06,2026-01-23,6,No,Audio Failure,Electrical Failure,Customer reports audio failure affecting remote control.,No,Not Applicable,Not Applicable,Not Applicable,Not Applicable,Yes,Not Applicable,Not Applicable,Not Applicable,Not Applicable,Yes,Yes,Yes,Yes,Yes,Yes,Not Applicable,Not Applicable,Not Applicable,Not Applicable,Not Applicable,Not Applicable,Yes,Yes,3,No,No,Not Applicable,Yes,Yes,No,No,No,0,1350.83,411.0,415.2,0.74,Mobile App,Invalid Claim,MobileWebView,34,System,-1.11439,B0195
REC00414,CLM00302,CUS00520,PRD00992,Laptop,Gaming Laptop,Battery,Battery,ZenCore,ZEN-LAP-907,SN-61092702,2023-11-18,2024-03-30,2024-03-18,12,No,Battery Problem,Internal Component Failure,Customer reports battery problem affecting battery.,No,No,No,Not Applicable,Not Applicable,Not Applicable,Not Applicable,Not Applicable,Not Applicable,Not Applicable,Yes,Yes,No,Yes,Yes,Yes,Not Applicable,No,Not Applicable,Not Applicable,Not Applicable,Not Applicable,Yes,Yes,1,Yes,NO,Not Applicable,Yes,Yes,No,No,No,1,2476.41,2165.44,570.96,0.768,Service Center,Manual Review,Firefox,18,Light,-0.85214,B0783
REC00239,CLM00726,CUS00119,PRD00599,Printer,Inkjet,Printing,Main Unit,NovaTech,NOV-PRI-413,SN-93804147,2025-07-20,2026-03-02,2026-02-23,12,No,Mechanical Failure,Normal Wear,Customer reports mechanical failure affecting printing.,Not Applicable,Not Applicable,Not Applicable,Not Applicable,Yes,Not Applicable,No,Not Applicable,Not Applicable,Compatible,Yes,No,Yes,No,No,Yes,Not Applicable,Not Applicable,Not Applicable,Not Applicable,Not Applicable,Yes,,Yes,1,Yes,No,Not Applicable,Yes,Yes,No,No,No,3,1195.3,344.22,409.05,0.755,Email,Invalid Claim,Firefox,18,Light,0.74682,B0961
REC01143,CLM00462,CUS00290,PRD00272,Printer,Laser,Ink or Toner,Ink Or Toner,NovaTech,NOV-PRI-860,SN-41893460,2024-03-27,2025-01-23,2024-12-10,0,No,Power Failure,Electrical Failure,Customer reports power failure affecting ink or toner.,Not Applicable,Not Applicable,Not Applicable,Not Applicable,Yes,Not Applicable,Yes,Not Applicable,Not Applicable,Original,Yes,Yes,No,Yes,,Yes,Not Applicable,Not Applicable,Not Applicable,Not Applicable,Not Applicable,Yes,Not Applicable,No,0,Not Applicable,No,Not Applicable,Yes,Yes,No,No,No,0,145.05,86.04,0.0,0.756,Web,Invalid Claim,Firefox,40,Dark,-0.70227,B0815
REC01172,CLM01109,CUS00596,PRD00304,Smartphone,Standard Smartphone,Charger,Charger,PrimeView,PRI-SMA-342,SN-74337145,2026-04-21,2026-06-23,2026-06-16,6,No,Connectivity Issue,Manufacturing Defect,Customer reports connectivity issue affecting charger.,No,No,Not Applicable,Not Applicable,Not Applicable,Not Applicable,Not Applicable,Not Applicable,Not Applicable,Not Applicable,Yes,Yes,No,Yes,Yes,Yes,Not Applicable,Not Applicable,Not Applicable,Not Applicable,Not Applicable,Not Applicable,,Yes,3,Yes,No,Not Applicable,Yes,Yes,No,No,No,1,1687.25,903.71,410.88,0.709,Web,Valid Claim,MobileWebView,0,Dark,-1.90203,B0529
REC00929,CLM01210,CUS00621,PRD00254,Washing Machine,Washer Dryer,Power,Main Unit,HomePro,HOM-WAS-565,SN-95213360,2023-04-20,2025-04-12,2025-04-04,24,No,Power Failure,Manufacturing Defect,Customer reports power failure affecting power.,Not Applicable,Not Applicable,Not Applicable,Household,Unknown,Not Applicable,No,Not Applicable,Not Applicable,Not Applicable,Yes,Yes,Yes,Yes,Yes,No,Not Applicable,Not Applicable,Not Applicable,Not Applicable,Not Applicable,Not Applicable,,No,0,Not Applicable,No,Not Applicable,Yes,No,No,No,No,1,1474.87,404.55,0.0,0.667,Mobile App,Manual Review,MobileWebView,31,Dark,1.50498,B0546
REC01185,CLM00714,CUS00597,PRD00424,Refrigerator,Side-by-Side,Water Leakage,Compressor,ZenCore,ZEN-REF-500,SN-59256850,2017-03-26,2026-07-25,2026-07-11,120,No,Water Leakage,Manufacturing Defect,Customer reports water leakage affecting water leakage.,Not Applicable,Not Applicable,Not Applicable,Household,Yes,Not Applicable,Not Applicable,Not Applicable,Not Applicable,Not Applicable,No,Yes,Yes,Yes,Yes,Yes,Not Applicable,Not Applicable,Not Applicable,Yes,Not Applicable,Not Applicable,Yes,Yes,2,No,No,Not Applicable,Yes,Yes,No,No,No,2,2370.05,1717.85,509.54,0.746,Service Center,Invalid Claim,Safari,49,System,0.05902,B0609
REC00569,CLM01051,CUS00221,PRD00547,Smartphone,Foldable Smartphone,Phone,Main Unit,PrimeView,PRI-SMA-168,SN-95025437,2024-07-23,2025-01-25,2025-01-14,12,No,Battery Problem,Electrical Failure,Customer reports battery problem affecting phone.,No,No,No,Not Applicable,Not Applicable,Not Applicable,Not Applicable,Not Applicable,Not Applicable,Not Applicable,Yes,,Yes,Yes,Yes,Yes,Not Applicable,Not Applicable,Not Applicable,Not Applicable,Not Applicable,Not Applicable,Yes,Yes,2,Yes,No,Not Applicable,Yes,Yes,No,No,No,1,964.36,915.45,,0.767,Email,Valid Claim,Firefox,59,Dark,1.69465,B0185
REC00926,CLM00545,CUS00611,PRD00545,Television,Mini-LED,Power,Main Unit,Aster,AST-TEL-125,SN-44309969,2022-12-24,2024-01-06,2023-12-26,24,No,Power Failure,Electrical Failure,Customer reports power failure affecting power.,No,Not Applicable,Not Applicable,Not Applicable,Not Applicable,No,Not Applicable,Not Applicable,Not Applicable,Not Applicable,Yes,Yes,Yes,Yes,Yes,Yes,Not Applicable,Not Applicable,Not Applicable,Not Applicable,Not Applicable,Not Applicable,Not Applicable,No,0,Not Applicable,No,Not Applicable,Yes,Yes,No,No,No,0,729.25,132.73,0.0,,Web,Valid Claim,Firefox,16,Dark,2.25222,B0755
REC00621,CLM00616,CUS00668,PRD00861,Washing Machine,Top Load,Not Sure,Main Unit,HomePro,HOM-WAS-570,SN-70668689,2024-03-01,2025-03-23,2025-03-14,24,No,Noise,Overloading,Customer reports noise affecting not sure.,Not Applicable,Not Applicable,Not Applicable,Household,No,Not Applicable,No,Not Applicable,Not Applicable,Not Applicable,Yes,Yes,Yes,Yes,Yes,Yes,Not Applicable,Not Applicable,Not Applicable,Not Applicable,Not Applicable,Not Applicable,Not Applicable,No,0,Not Applicable,No,Not Applicable,Yes,Yes,No,No,Yes,0,1363.57,899.72,0.0,0.765,Email,Invalid Claim,Chrome,18,Dark,0.7782,B0969
REC00005,CLM00119,CUS00217,PRD00602,Smartphone,Rugged Smartphone,Charger,Charger,PrimeView,PRI-SMA-234,SN-53937119,2025-07-11,2026-01-16,2025-12-06,6,No,Connectivity Issue,Internal Component Failure,Customer reports connectivity issue affecting charger.,No,No,Not Applicable,Not Applicable,Not Applicable,Not Applicable,Not Applicable,Not Applicable,Not Applicable,Not Applicable,Yes,Yes,Yes,Yes,Yes,Yes,Not Applicable,Not Applicable,Not Applicable,Not Applicable,Not Applicable,Not Applicable,Not Applicable,No,0,Not Applicable,No,Not Applicable,Yes,Yes,No,No,No,2,1521.26,806.15,0.0,0.477,Web,Invalid Claim,Firefox,3,System,0.08399,B0753
REC01208,CLM01481,CUS00421,PRD00105,Smartphone,Standard Smartphone,Phone,Main Unit,PrimeView,PRI-SMA-301,SN-19816390,2023-08-24,2024-05-26,2024-05-20,12,No,Power Failure,Internal Component Failure,Customer reports power failure affecting phone.,Unknown,No,Not Applicable,Not Applicable,Not Applicable,Not Applicable,Not Applicable,Not Applicable,Not Applicable,Not Applicable,Yes,Yes,Yes,Yes,Yes,No,Not Applicable,Not Applicable,Not Applicable,Not Applicable,Not Applicable,Not Applicable,Not Applicable,No,0,Not Applicable,No,Not Applicable,Yes,Yes,No,No,No,0,286.08,246.13,0.0,0.885,Service Center,Manual Review,Edge,23,Dark,0.62527,B0249
REC01496,CLM01011,CUS00319,PRD00740,Air Conditioner,Portable,Indoor Unit,Compressor,HomePro,HOM-AIR-242,SN-62285056,2021-08-10,2026-03-18,2026-02-23,60,No,Noise,Electrical Failure,Customer reports noise affecting indoor unit.,Not Applicable,Not Applicable,Not Applicable,Not Applicable,No,Not Applicable,Not Applicable,Yes,Indoor Unit,Not Applicable,Yes,No,No,Yes,Yes,Yes,Yes,Not Applicable,Not Applicable,Yes,Not Applicable,Not Applicable,No,Yes,2,Yes,No,Not Applicable,Unknown,Yes,No,No,No,1,2077.58,861.22,,0.957,Service Center,Manual Review,Safari,25,System,-0.50545,B0026
REC01416,CLM00289,CUS00315,PRD00147,Laptop,Business Laptop,Not Sure,Main Unit,Aster,AST-LAP-156,SN-72113876,2024-05-27,2026-06-07,2026-06-04,24,Yes,Overheating,Misuse,Customer reports overheating affecting not sure.,No,No,Not Applicable,Not Applicable,Not Applicable,Not Applicable,Not Applicable,Not Applicable,Not Applicable,Not Applicable,Yes,Yes,Yes,Yes,,Yes,Not Applicable,Not Applicable,Not Applicable,Not Applicable,Not Applicable,Not Applicable,Yes,Yes,1,Yes,N,NA,Yes,Yes,No,No,No,1,2382.99,1544.95,446.27,0.834,Web,Invalid Claim,Safari,6,System,-1.56292,B0442
REC00891,CLM00022,CUS00584,PRD00548,Smartphone,Foldable Smartphone,Phone,Main Unit,Aster,AST-SMA-123,SN-81909190,2025-07-07,2025-12-26,2025-12-23,12,No,Power Failure,Internal Component Failure,Customer reports power failure affecting phone.,No,No,Not Applicable,Not Applicable,Not Applicable,Not Applicable,Not Applicable,Not Applicable,Not Applicable,Not Applicable,no,Yes,Yes,No,Yes,,Not Applicable,Not Applicable,Not Applicable,Not Applicable,Not Applicable,Not Applicable,Not Applicable,No,0,Not Applicable,No,Not Applicable,Yes,Yes,No,No,No,0,1024.2,972.1,0.0,0.725,Web,Valid Claim,Chrome,41,System,0.04499,B0459
REC01366,CLM00155,CUS00431,PRD00341,Washing Machine,Front Load,Noise,Main Unit,ZenCore,ZEN-WAS-779,SN-69156626,2024-09-08,2026-08-06,2026-08-02,24,No,Noise,Manufacturing Defect,Customer reports noise affecting noise.,Not Applicable,Not Applicable,Not Applicable,Household,Yes,Not Applicable,Yes,Not Applicable,Not Applicable,Not Applicable,No,Yes,Yes,Yes,Yes,Yes,Not Applicable,Not Applicable,Not Applicable,Not Applicable,Not Applicable,Not Applicable,Not Applicable,No,0,Not Applicable,No,Not Applicable,No,Yes,No,No,No,1,2074.65,266.5,0.0,0.947,Mobile App,Invalid Claim,Firefox,40,Dark,0.32565,B0692
REC01166,CLM00908,CUS00645,PRD00298,Washing Machine,Washer Dryer,Water Leakage,Motor,ZenCore,ZEN-WAS-517,SN-78718665,2016-04-23,2026-04-14,2026-03-26,120,No,Water Leakage,Commercial Misuse,Customer reports water leakage affecting water leakage.,Not Applicable,Not Applicable,Not Applicable,Other,No,Not Applicable,No,Not Applicable,Not Applicable,Not Applicable,Yes,Yes,Yes,Yes,Yes,Yes,Not Applicable,Not Applicable,Not Applicable,Yes,Not Applicable,Not Applicable,Not Applicable,No,0,Not Applicable,No,Not Applicable,Yes,Yes,No,No,No,2,1087.76,483.16,0.0,0.831,Web,Invalid Claim,Safari,10,Light,-2.47852,B0813
REC01284,CLM00771,CUS00355,PRD00275,Laptop,Consumer Laptop,Device,Main Unit,Aster,AST-LAP-561,SN-49206170,2023-04-25,2025-03-31,2025-03-23,24,No,Battery Problem,Electrical Failure,Customer reports battery problem affecting device.,No,No,Yes,Not Applicable,Not Applicable,Not Applicable,Not Applicable,Not Applicable,Not Applicable,Not Applicable,Yes,,Yes,Yes,No,Yes,Not Applicable,Not Applicable,Not Applicable,Not Applicable,Not Applicable,Not Applicable,Not Applicable,No,0,Not Applicable,No,Not Applicable,Yes,Yes,No,No,No,2,1403.82,833.87,0.0,0.87,Web,Manual Review,MobileWebView,22,Dark,-0.70047,B0841
REC00529,CLM00284,CUS00659,PRD00948,Camera,Compact,Camera Body,Camera Body,PrimeView,PRI-CAM-757,SN-69184121,2023-06-28,2024-10-09,2024-10-05,24,No,Battery Problem,Internal Component Failure,Customer reports battery problem affecting camera body.,No,No,Yes,Not Applicable,Not Applicable,Not Applicable,Not Applicable,Not Applicable,Not Applicable,Not Applicable,,Yes,Yes,Yes,Yes,Yes,Not Applicable,Not Applicable,Not Applicable,Not Applicable,Not Applicable,Not Applicable,Not Applicable,No,0,Not Applicable,No,Not Applicable,Yes,Yes,No,Yes,No,0,784.0,137.55,0.0,0.822,Service Center,Valid Claim,Edge,36,Dark,1.0948,B0811
REC00410,CLM00808,CUS00222,PRD00098,Camera,Action Camera,Camera Body,Camera Body,Aster,AST-CAM-923,SN-67882171,2024-10-02,2026-07-29,2026-07-13,24,No,Display Failure,Internal Component Failure,Customer reports display failure affecting camera body.,No,No,Not Applicable,Not Applicable,Not Applicable,Not Applicable,Not Applicable,Not Applicable,Not Applicable,Not Applicable,Yes,No,Yes,Yes,Yes,Yes,Not Applicable,Not Applicable,Not Applicable,Not Applicable,Not Applicable,Not Applicable,Yes,Yes,3,Unknown,Yes,Yes,Yes,Yes,No,No,No,2,3091.78,429.24,411.84,0.967,Service Center,Manual Review,Firefox,36,System,-0.6368,B0801
REC00437,CLM00779,CUS00498,PRD00649,Television,QLED,Connection,Main Unit,PrimeView,PRI-TEL-244,SN-11329328,2022-12-02,2024-08-31,2024-08-19,24,No,Connectivity Issue,Internal Component Failure,Customer reports connectivity issue affecting connection.,No,Not Applicable,Not Applicable,Not Applicable,Not Applicable,No,Not Applicable,Not Applicable,Not Applicable,Not Applicable,Yes,,Yes, Yes ,No,Yes,Not Applicable,Not Applicable,Not Applicable,Not Applicable,Not Applicable,Not Applicable,,No,0,Not Applicable,No,Not Applicable,Yes,Yes,No,No,No,1,2713.52,2523.71,0.0,0.827,Mobile App,Manual Review,MobileWebView,56,System,1.55895,B0681
REC01275,CLM01179,CUS00302,PRD00130,Refrigerator,French Door,Noise,Main Unit,ZenCore,ZEN-REF-267,SN-88055370,2022-12-04,2024-05-02,2024-04-07,24,No,Noise,Internal Component Failure,Customer reports noise affecting noise.,Not Applicable,Not Applicable,Not Applicable,Business,Yes,Not Applicable,Not Applicable,Not Applicable,Not Applicable,Not Applicable,Yes,Yes,No,Yes,Yes,Yes,Not Applicable,Not Applicable,Not Applicable,Not Applicable,Not Applicable,Not Applicable,Not Applicable,No,0,Not Applicable,No,Not Applicable,Yes,Y,No,No,No,1,2429.33,1817.79,0.0,0.858,Email,Valid Claim,MobileWebView,35,Light,-1.03004,B0224
REC00499,CLM00602,CUS00437,PRD00725,Television,Mini-LED,Power,Main Unit,HomePro,HOM-TEL-501,SN-94444476,2024-10-14,2026-06-24,2026-06-13,24,No,Power Failure,Internal Component Failure,Customer reports power failure affecting power.,No,Not Applicable,Not Applicable,Not Applicable,Not Applicable,No,Not Applicable,Not Applicable,Not Applicable,Not Applicable,Yes,Yes,No,Yes,Yes,Yes,Not Applicable,Not Applicable,Not Applicable,Not Applicable,Not Applicable,Not Applicable,Yes,Yes,3,No,No,Not Applicable,Yes,Yes,No,No,No,0,2716.38,595.96,594.92,0.85,Email,Invalid Claim,Chrome,45,Dark,-0.03547,B0525
REC01080,CLM01405,CUS00311,PRD00053,Smartphone,Foldable Smartphone,Phone,Main Unit,Aster,AST-SMA-320,SN-80462713,2024-04-01,2024-07-27,2024-07-22,12,No,Connectivity Issue,Electrical Failure,Customer reports connectivity issue affecting phone.,No,No,Not Applicable,Not Applicable,Not Applicable,Not Applicable,Not Applicable,Not Applicable,Not Applicable,Not Applicable,Yes,Yes,Yes,Yes,Yes,Yes,Not Applicable,Not Applicable,Not Applicable,Not Applicable,Not Applicable,Not Applicable,Not Applicable,No,0,Not Applicable,No,Not Applicable,YES,Yes,No,No,No,1,1384.91,476.5,,0.99,Service Center,Valid Claim,Firefox,31,Dark,-0.96776,B0106
REC01343,CLM00831,CUS00331,PRD00422,Refrigerator,Single Door,Noise,Compressor,HomePro,HOM-REF-869,SN-29322994,2014-07-05,2024-03-09,2024-01-27,120,No,Noise,Internal Component Failure,Customer reports noise affecting noise.,Not Applicable,Not Applicable,Not Applicable,Household,Yes,Not Applicable,Not Applicable,Not Applicable,Not Applicable,Not Applicable,Yes,No,Yes,Yes,Yes,Yes,Not Applicable,Not Applicable,Not Applicable,Yes,Not Applicable,Not Applicable,,No,0,Not Applicable,No,Not Applicable,Unknown,Yes,No,No,No,2,1875.09,198.87,0.0,0.735,Mobile App,Invalid Claim,MobileWebView,50,Dark,1.1822,B0601
REC-DUP-0033,CLM00531,CUS00667,PRD00071,Washing Machine,Front Load,Noise,Main Unit,ZenCore,ZEN-WAS-444,SN-52273245,2023-10-09,2025-07-23,2025-07-18,24,No,Noise,Internal Component Failure,Customer reports noise affecting noise.,Not Applicable,Not Applicable,Not Applicable,Household,No,Not Applicable,No,Not Applicable,Not Applicable,Not Applicable,Yes,Yes,No,Yes,No,Yes,Not Applicable,Not Applicable,Not Applicable,Not Applicable,Not Applicable,Not Applicable,Yes,Yes,2,Yes,Yes,Yes,Yes,Yes,No,N,No,0,1917.88,,649.57,0.942,Mobile App,Manual Review,Chrome,59,Dark,0.81309,B0523
REC00725,CLM00791,CUS00610,PRD00059,Camera,Action Camera,Camera Body,Camera Body,NovaTech,NOV-CAM-308,SN-72671701,2024-11-05,2026-03-15,2026-03-08,24,No,Display Failure,Physical Damage,Customer reports display failure affecting camera body.,Unknown,No,Not Applicable,Not Applicable,Not Applicable,Not Applicable,Not Applicable,Not Applicable,Not Applicable,Not Applicable,Yes,Yes,No,Yes,Yes,Yes,Not Applicable,Not Applicable,Not Applicable,Not Applicable,Not Applicable,Not Applicable,Yes,Yes,3,Yes,No,Not Applicable,Yes,Yes,No,NO,No,0,2693.61,510.14,,0.883,Mobile App,Invalid Claim,Chrome,9,Light,-0.37346,B0643
REC01241,CLM01087,CUS00158,PRD00599,Laptop,Business Laptop,Device,Main Unit,Aster,AST-LAP-360,SN-86038961,2021-05-25,2024-04-13,2024-04-09,24,Yes,Connectivity Issue,Electrical Failure,Customer reports connectivity issue affecting device.,Yes,No,Not Applicable,Not Applicable,Not Applicable,Not Applicable,Not Applicable,Not Applicable,Not Applicable,Not Applicable,Yes,Yes,No,Yes,Yes,Yes,Not Applicable,Not Applicable,Not Applicable,Not Applicable,Not Applicable,Not Applicable,Not Applicable,No,0,Not Applicable,No,Not Applicable,Yes,Yes,No,No,No,1,1301.54,464.55,0.0,0.843,Service Center,Valid Claim,Firefox,24,Light,-0.08067,B0035
REC01169,CLM00145,CUS00649,PRD00655,Refrigerator,French Door,Other,Main Unit,ZenCore,ZEN-REF-844,SN-34250038,2022-06-03,2024-04-25,2024-04-12,24,No,Mechanical Failure,Electrical Failure,Customer reports mechanical failure affecting other.,Not Applicable,Not Applicable,Not Applicable,Other,No,Not Applicable,Not Applicable,Not Applicable,Not Applicable,Not Applicable,Yes,Yes,Yes,Yes,Yes,Yes,Not Applicable,Not Applicable,Not Applicable,Not Applicable,Not Applicable,Not Applicable,Not Applicable,No,0,Not Applicable,No,Not Applicable,Yes,Yes,No,No,No,1,1813.78,1373.82,,0.835,Service Center,Valid Claim,Safari,43,System,0.50985,B0243
REC00378,CLM01289,CUS00148,PRD00638,Refrigerator,Single Door,Other,Main Unit,Aster,AST-REF-259,SN-73540131,2023-06-07,2024-08-09,2024-07-31,24,No,Mechanical Failure,Internal Component Failure,Customer reports mechanical failure affecting other.,Not Applicable,Not Applicable,Not Applicable,Household,No,Not Applicable,Not Applicable,Not Applicable,Not Applicable,Not Applicable,Yes,Yes,No,Yes,Yes,Yes,Not Applicable,Not Applicable,Not Applicable,Not Applicable,Not Applicable,Not Applicable,Not Applicable,No,0,Not Applicable,No,Not Applicable,Yes,Yes,No,No,No,0,2484.54,2297.39,0.0,0.744,Web,Valid Claim,Edge,13,Light,0.38362,B0102
REC01130,CLM01223,CUS00052,PRD00493,Smartphone,Rugged Smartphone,Phone,Main Unit,Aster,AST-SMA-437,SN-74198295,2024-07-05,2024-11-29,2024-11-12,12,No,Power Failure,Manufacturing Defect,Customer reports power failure affecting phone.,No,No,Not Applicable,Not Applicable,Not Applicable,Not Applicable,Not Applicable,Not Applicable,Not Applicable,Not Applicable,Yes,Yes,Yes,Yes,Yes,Yes,Not Applicable,Not Applicable,Not Applicable,Not Applicable,Not Applicable,Not Applicable,,No,0,Not Applicable,No,Not Applicable,Yes,Yes,No,No,N,0,550.29,87.48,0.0,,Mobile App,Manual Review,MobileWebView,51,Dark,0.36655,B0870
REC00667,CLM00690,CUS00030,PRD00613,Printer,Thermal,Ink or Toner,Ink Or Toner,PrimeView,PRI-PRI-459,SN-79084060,2025-09-25,2026-05-25,2026-05-04,0,No,Paper Feed Failure,Internal Component Failure,Customer reports paper feed failure affecting ink or toner.,Not Applicable,Not Applicable,Not Applicable,Not Applicable,No,Not Applicable,No,Not Applicable,Not Applicable,Compatible,Yes,No,Yes,,Yes,Yes,Not Applicable,Not Applicable,Not Applicable,Not Applicable,Not Applicable,Yes,Not Applicable,No,0,Not Applicable,No,Not Applicable,Yes,Yes,No,No,No,0,863.95,723.14,0.0,0.98,Service Center,Invalid Claim,Safari,46,Dark,1.47598,B0739
REC00905,CLM00705,CUS00096,PRD00583,Refrigerator,Side-by-Side,Cooling,Main Unit,Aster,AST-REF-464,SN-29605499,2023-01-28,2024-12-12,2024-12-05,24,No,Cooling Failure,Electrical Failure,Customer reports cooling failure affecting cooling.,Not Applicable,Not Applicable,Not Applicable,Business,Yes,Not Applicable,Not Applicable,Not Applicable,Not Applicable,Not Applicable,,Yes,Yes,Yes,Yes,,Not Applicable,Not Applicable,Not Applicable,Not Applicable,Not Applicable,Not Applicable,Not Applicable,No,0,Not Applicable,No,Not Applicable,Yes,Yes,No,No,No,0,1225.53,595.36,0.0,0.916,Mobile App,Valid Claim,Firefox,19,Dark,0.92229,B0436
REC01411,CLM00687,CUS00314,PRD00109,Air Conditioner,Cassette,Indoor Unit,Main Unit,ZenCore,ZEN-AIR-911,SN-40795150,2023-10-02,2025-09-13,2025-08-29,24,No,Power Failure,Misuse,Customer reports power failure affecting indoor unit.,Not Applicable,Not Applicable,Not Applicable,Not Applicable,Yes,Not Applicable,Not Applicable,No,Indoor Unit,Not Applicable,Yes,Yes,Yes,Yes,Yes,Yes,Yes,Not Applicable,Not Applicable,Not Applicable,Not Applicable,Not Applicable,Yes,Yes,3,Yes,No,Not Applicable,Yes,Yes,No,No,No,0,1237.51,448.34,400.31,0.993,Web,Invalid Claim,Chrome,15,Light,-0.43334,B0865
REC00106,CLM01419,CUS00683,PRD00273,Printer,Inkjet,Other,Main Unit,PrimeView,PRI-PRI-686,SN-96679332,2024-01-04,2025-04-14,2025-04-07,12,Yes,Power Failure,Electrical Failure,Customer reports power failure affecting other.,Not Applicable,Not Applicable,Not Applicable,Not Applicable,Yes,Not Applicable,No,Not Applicable,Not Applicable,Original,Yes,,Yes,Yes,Yes,No,Not Applicable,Not Applicable,Not Applicable,Not Applicable,Not Applicable,Yes,Yes,Yes,2,Yes,Yes,No,Yes,Yes,No,NO,No,1,755.23,139.44,509.32,0.835,Mobile App,Manual Review,MobileWebView,53,Dark,1.84021,B0937
REC01261,CLM00792,CUS00681,PRD00011,Television,OLED,Sound,Main Unit,PrimeView,PRI-TEL-715,SN-36395876,2023-11-27,2025-07-29,2025-07-16,24,No,Audio Failure,Electrical Failure,Customer reports audio failure affecting sound.,No,Not Applicable,Not Applicable,Not Applicable,Not Applicable,Yes,Not Applicable,Not Applicable,Not Applicable,Not Applicable,Yes,Yes,Yes,Yes,Yes,No,Not Applicable,Not Applicable,Not Applicable,Not Applicable,Not Applicable,Not Applicable,Not Applicable,No,0,Not Applicable,No,Not Applicable,Yes,Yes,No,No,No,0,2882.55,980.8,0.0,0.792,Web,Manual Review,Edge,36,Light,0.0998,B0764
REC00563,CLM00310,CUS00121,PRD00079,Printer,Laser,Printing,Main Unit,HomePro,HOM-PRI-128,SN-35733126,2025-04-06,2025-09-15,2025-08-28,12,No,Mechanical Failure,Unsupported Consumable,Customer reports mechanical failure affecting printing.,Not Applicable,Not Applicable,Not Applicable,Not Applicable,No,Not Applicable,No,Not Applicable,Not Applicable,Original,No,Yes,No,Yes,Yes,,Not Applicable,Not Applicable,Not Applicable,Not Applicable,Not Applicable,Yes,Not Applicable,No,0,Not Applicable,No,Not Applicable,Yes,Yes,No,No,No,0,305.72,51.01,0.0,0.875,Web,Invalid Claim,Safari,59,Dark,0.34391,B0450
REC00038,CLM00319,CUS00024,PRD00299,Washing Machine,Top Load,Power,Main Unit,PrimeView,PRI-WAS-976,SN-83596576,2023-04-17,2024-05-01,2024-04-27,24,No,Power Failure,Physical Damage,Customer reports power failure affecting power.,Not Applicable,Not Applicable,Not Applicable,Household,Unknown,Not Applicable,No,Not Applicable,Not Applicable,Not Applicable,Yes,Yes,Yes,Yes,No,Yes,Not Applicable,Not Applicable,Not Applicable,Not Applicable,Not Applicable,Not Applicable,Not Applicable,No,0,Not Applicable,No,Not Applicable,Unknown,Yes,No,No,No,2,684.62,438.53,,0.837,Service Center,Invalid Claim,MobileWebView,56,System,0.43633,B0539
REC01445,CLM01169,CUS00070,PRD00272,Camera,Mirrorless,Camera Body,Camera Body,PrimeView,PRI-CAM-608,SN-54342002,2025-05-03,2026-06-11,2026-06-07,24,No,Lens Failure,Manufacturing Defect,Customer reports lens failure affecting camera body.,No,Yes,Not Applicable,Not Applicable,Not Applicable,Not Applicable,Not Applicable,Not Applicable,Not Applicable,Not Applicable,Yes,Yes,No,Yes,Yes,Yes,Not Applicable,Not Applicable,Not Applicable,Not Applicable,Not Applicable,Not Applicable,No,Yes,2,Yes,No,Not Applicable,Yes,Yes,No,No,No,0,3036.93,2502.7,605.97,0.74,Service Center,Manual Review,Edge,48,Light,-0.60155,B0038
REC00313,CLM00277,CUS00482,PRD00594,Smartphone,Standard Smartphone,Phone,Main Unit,,PRI-SMA-399,SN-81561694,2024-04-20,2024-11-01,2024-10-27,12,No,Display Failure,Liquid Damage,Customer reports display failure affecting phone.,No,Yes,Not Applicable,Not Applicable,Not Applicable,Not Applicable,Not Applicable,Not Applicable,Not Applicable,Not Applicable,Yes,Yes,No,Yes,Yes,Yes,Not Applicable,Not Applicable,Not Applicable,Not Applicable,Not Applicable,Not Applicable,Yes,Yes,3,Yes,Yes,Yes,Yes,Yes,No,No,No,0,296.3,232.72,352.62,0.92,Email,Invalid Claim,Edge,35,System,0.14199,B0406
REC00876,CLM00210,CUS00295,PRD00476,Smartphone,Rugged Smartphone,Not Sure,Main Unit,PrimeView,PRI-SMA-805,SN-20538676,2024-05-16,2025-04-24,2025-03-29,12,No,Battery Problem,Electrical Failure,Customer reports battery problem affecting not sure.,No,No,Yes,Not Applicable,Not Applicable,Not Applicable,Not Applicable,Not Applicable,Not Applicable,Not Applicable,Yes,Yes,No,Yes,Yes,,Not Applicable,Not Applicable,Not Applicable,Not Applicable,Not Applicable,Not Applicable,Not Applicable,No,0,Not Applicable,No,Not Applicable,Yes,Yes,No,No,No,1,1040.39,309.62,0.0,0.905,Email,Manual Review,MobileWebView,40,Light,-1.31306,B0644
REC00292,CLM00220,CUS00614,PRD00896,Television,OLED,Picture,Main Unit,PrimeView,PRI-TEL-139,SN-60769233,2022-02-24,2024-06-27,2024-06-10,24,No,Display Failure,Electrical Failure,Customer reports display failure affecting picture.,No,Not Applicable,Not Applicable,Not Applicable,Not Applicable,No,Not Applicable,Not Applicable,Not Applicable,Not Applicable,Yes,Yes,Yes,Yes,Yes,Yes,Not Applicable,Not Applicable,Not Applicable,Not Applicable,Not Applicable,Not Applicable,Not Applicable,No,0,Not Applicable,No,Not Applicable,Yes,Yes,No,No,No,1,2028.63,631.35,0.0,0.972,Email,Invalid Claim,Safari,32,Dark,-0.59645,B0983
REC00419,CLM01000,CUS00211,PRD00059,Refrigerator,Double Door,Power,Compressor,HomePro,HOM-REF-942,SN-58190804,2016-03-07,2025-05-01,2025-04-02,120,No,Power Failure,Electrical Failure,Customer reports power failure affecting power.,Not Applicable,Not Applicable,Not Applicable,Household,No,Not Applicable,Not Applicable,Not Applicable,Not Applicable,Not Applicable,Yes,Yes,Yes,Yes,Yes,Yes,Not Applicable,Not Applicable,Not Applicable,Yes,Not Applicable,Not Applicable,,Yes,3,Yes,No,Not Applicable,Yes,Yes,No,No,No,50,2929.81,441.84,299.61,-0.25,Email,Valid Claim,Edge,16,System,-0.13248,B0286
REC00834,CLM01267,CUS00260,PRD00016,Refrigerator,Double Door,Power,Main Unit,Aster,AST-REF-667,SN-31869565,2024-11-29,2026-08-30,2026-08-24,24,No,Power Failure,Manufacturing Defect,Customer reports power failure affecting power.,Not Applicable,Not Applicable,Not Applicable,Household,Yes,Not Applicable,Not Applicable,Not Applicable,Not Applicable,Not Applicable,Yes,Yes,Yes,No,Yes,Yes,Not Applicable,Not Applicable,Not Applicable,Not Applicable,Not Applicable,Not Applicable,Not Applicable,No,0,Not Applicable,No,Not Applicable,Yes,Yes,No,No,No,0,2142.85,1817.83,0.0,0.858,Service Center,Valid Claim,Firefox,33,Dark,-0.61646,B0398
REC00274,CLM00139,CUS00261,PRD00558,Camera,Compact,Camera Body,Camera Body,NovaTech,NOV-CAM-346,SN-75696343,2023-06-02,2024-08-12,2024-08-02,24,No,Power Failure,Normal Wear,Customer reports power failure affecting camera body.,No,No,Not Applicable,Not Applicable,Not Applicable,Not Applicable,Not Applicable,Not Applicable,Not Applicable,Not Applicable,Yes,No,No,Yes,Yes,No,Not Applicable,Not Applicable,Not Applicable,Not Applicable,Not Applicable,Not Applicable,Not Applicable,No,0,Not Applicable,Yes,Yes,Yes,Yes,No,No,No,1,3415.24,1410.98,0.0,0.788,Service Center,Invalid Claim,MobileWebView,58,Light,-0.19871,B0449
REC00327,CLM01308,CUS00262,PRD00094,Laptop,2-in-1,Device,Main Unit,ZenCore,ZEN-LAP-253,SN-53269075,2021-10-24,2024-01-06,2023-12-16,24,Yes,Battery Problem,Electrical Failure,Customer reports battery problem affecting device.,No,No,Yes,Not Applicable,Not Applicable,Not Applicable,Not Applicable,Not Applicable,Not Applicable,Not Applicable,Yes,Yes,No,Yes,Yes,Yes,Not Applicable,Not Applicable,Not Applicable,Not Applicable,Not Applicable,Not Applicable,Yes,Yes,2,Yes,No,Not Applicable,Yes,Yes,No,No,No,1,1578.99,1371.49,235.78,0.908,Web,Valid Claim,Safari,4,Dark,0.10494,B0902
REC01375,CLM01329,CUS00413,PRD00889,Printer,Laser,Printing,Main Unit,NovaTech,NOV-PRI-742,SN-45708386,2025-04-26,2025-11-20,2025-11-07,12,No,Mechanical Failure,Electrical Failure,Customer reports mechanical failure affecting printing.,Not Applicable,Not Applicable,Not Applicable,Not Applicable,No,Not Applicable,No,Not Applicable,Not Applicable,Original,Yes,Yes,Yes,Yes,Yes,Yes,Not Applicable,Not Applicable,Not Applicable,Not Applicable,Not Applicable,Yes,Not Applicable,No,0,Not Applicable,No,Not Applicable,Yes,Yes,No,No,No,2,770.81,256.15,0.0,0.784,Service Center,Valid Claim,Edge,45,System,-0.39074,B0083
REC00993,CLM00752,CUS00008,PRD00137,Laptop,2-in-1,Device,Main Unit,NovaTech,NOV-LAP-100,SN-89420851,2023-05-06,2024-10-14,2024-08-22,24,No,Display Failure,Manufacturing Defect,Customer reports display failure affecting device.,Yes,Unknown,Not Applicable,Not Applicable,Not Applicable,Not Applicable,Not Applicable,Not Applicable,Not Applicable,Not Applicable,Yes,Yes,Yes,Yes,Yes,Yes,Not Applicable,Not Applicable,Not Applicable,Not Applicable,Not Applicable,Not Applicable,,Yes,2,Unknown,No,Not Applicable,Yes,Yes,No,No,Yes,0,881.05,676.14,477.08,0.669,Email,Invalid Claim,Edge,19,System,0.80266,B0844
REC00061,CLM00014,CUS00350,PRD00157,Television,OLED,Remote Control,Remote Control,PrimeView,PRI-TEL-577,SN-33267012,2023-11-21,2024-03-26,2024-02-13,6,No,Power Failure,Manufacturing Defect,Customer reports power failure affecting remote control.,No,Not Applicable,Not Applicable,Not Applicable,Not Applicable,Unknown,Not Applicable,Not Applicable,Not Applicable,Not Applicable,Yes,Yes,No,Yes,No,Yes,Not Applicable,Not Applicable,Not Applicable,Not Applicable,Not Applicable,Not Applicable,Not Applicable,No,0,Not Applicable,No,Not Applicable,Yes,Yes,NO,No,No,0,1152.22,1066.29,0.0,0.822,Service Center,Invalid Claim,Edge,26,System,-1.2169,B0553
REC01062,CLM00476,CUS00468,PRD00912,Laptop,Consumer Laptop,Device,Main Unit,ZenCore,ZEN-LAP-614,SN-26067579,2024-05-04,2026-01-30,2026-01-25,24,No,Overheating,Electrical Failure,Customer reports overheating affecting device.,No,No,Not Applicable,Not Applicable,Not Applicable,Not Applicable,Not Applicable,Not Applicable,Not Applicable,Not Applicable,Yes,Yes,No,Yes,Yes,No,Not Applicable,Not Applicable,Not Applicable,Not Applicable,Not Applicable,Not Applicable,Not Applicable,No,0,Not Applicable,No,Not Applicable,Yes,Yes,No,No,No,1,764.54,682.1,0.0,0.655,Service Center,Manual Review,Firefox,48,Light,-1.25382,B0348
REC01423,CLM00313,CUS00581,PRD00955,Printer,Inkjet,Connection,Main Unit,PrimeView,PRI-PRI-452,SN-70435976,2024-09-21,2025-09-14,2025-08-14,12,No,Connectivity Issue,Manufacturing Defect,Customer reports connectivity issue affecting connection.,Not Applicable,Not Applicable,Not Applicable,Not Applicable,Yes,Not Applicable,No,Not Applicable,Not Applicable,Compatible,Yes,Yes,No,Yes,Yes,Yes,Not Applicable,Not Applicable,Not Applicable,Not Applicable,Not Applicable,Yes,Not Applicable,No,0,Not Applicable,No,Not Applicable,Yes,No,No,No,No,0,990.74,510.4,0.0,-0.25,Service Center,Invalid Claim,Edge,15,Light,0.36265,B0070
REC00839,CLM00308,CUS00450,PRD00993,Television,QLED,Not Sure,Main Unit,Aster,AST-TEL-429,SN-55790838,2023-04-13,2024-08-15,2024-07-29,24,No,Audio Failure,Electrical Failure,Customer reports audio failure affecting not sure.,No,Not Applicable,Not Applicable,Not Applicable,Not Applicable,No,Not Applicable,Not Applicable,Not Applicable,Not Applicable,Yes,Yes,Yes,Yes,Yes,Y,Not Applicable,Not Applicable,Not Applicable,Not Applicable,Not Applicable,Not Applicable,Not Applicable,No,0,Not Applicable,No,Not Applicable,Yes,Yes,No,No,No,1,2303.44,1663.61,0.0,0.891,Web,Valid Claim,Chrome,46,Dark,1.425,B0275
REC00393,CLM01359,CUS00379,PRD00281,Television,LED,Picture,Main Unit,Aster,AST-TEL-298,SN-70240386,2023-01-14,2024-05-25,2024-05-07,24,No,Display Failure,Internal Component Failure,Customer reports display failure affecting picture.,No,Not Applicable,Not Applicable,Not Applicable,Not Applicable,No,Not Applicable,Not Applicable,Not Applicable,Not Applicable,No,Yes,Yes,Yes,Yes,Yes,Not Applicable,Not Applicable,Not Applicable,Not Applicable,Not Applicable,Not Applicable,Yes,Yes,3,Yes,No,Not Applicable,Unknown,Yes,No,No,No,1,588.47,375.44,267.18,0.942,Service Center,Manual Review,Safari,11,Light,1.0863,B0240
REC00622,CLM01121,CUS00085,PRD00679,Refrigerator,Side-by-Side,Water Leakage,Main Unit,Aster,AST-REF-854,SN-23495617,2022-01-13,2024-12-18,2024-12-12,24,Yes,Water Leakage,Internal Component Failure,Customer reports water leakage affecting water leakage.,Not Applicable,Not Applicable,Not Applicable,Household,Yes,Not Applicable,Not Applicable,Not Applicable,Not Applicable,Not Applicable,Yes,Yes,Yes,Yes,Yes,Yes,Not Applicable,Not Applicable,Not Applicable,Not Applicable,Not Applicable,Not Applicable,Not Applicable,No,0,Not Applicable,Yes,Yes,Yes,Yes,No,No,No,2,1410.36,542.61,0.0,0.732,Web,Valid Claim,MobileWebView,38,Light,0.2681,B0924
REC00067,CLM00528,CUS00615,PRD00891,Refrigerator,Side-by-Side,Power,Main Unit,ZenCore,ZEN-REF-958,SN-85273238,2022-09-24,2025-09-08,2025-09-01,24,No,Power Failure,Electrical Failure,Customer reports power failure affecting power.,Not Applicable,Not Applicable,Not Applicable,Household,Yes,Not Applicable,Not Applicable,Not Applicable,Not Applicable,Not Applicable,Yes,Yes,Yes,Yes,No,No,Not Applicable,Not Applicable,Not Applicable,Not Applicable,Not Applicable,Not Applicable,Not Applicable,No,0,Not Applicable,No,Not Applicable,Yes,No,No,No,No,2,1208.52,587.5,0.0,,Web,Invalid Claim,Edge,6,Dark,0.33825,B0716
REC00082,CLM00406,CUS00118,PRD00153,Air Conditioner,Split,Indoor Unit,Main Unit,ZenCore,ZEN-AIR-488,SN-14206381,2023-12-21,2025-03-02,2025-02-19,24,No,Power Failure,Improper Refrigerant Handling,Customer reports power failure affecting indoor unit.,Not Applicable,Not Applicable,Not Applicable,Not Applicable,No,Not Applicable,Not Applicable,No,Indoor Unit,Not Applicable,Yes,Yes,Yes,Yes,Yes,No,No,Not Applicable,Not Applicable,Not Applicable,Not Applicable,Not Applicable,No,Yes,1,Yes,No,Not Applicable,Yes,Yes,No,No,No,0,2779.88,434.71,40.09,0.87,Web,Invalid Claim,Edge,35,Light,0.42112,B0861
REC00553,CLM00581,CUS00319,PRD00353,Printer,Thermal,Connection,Main Unit,NovaTech,NOV-PRI-181,SN-53863859,2024-09-29,2025-08-30,2025-08-24,12,No,Connectivity Issue,Manufacturing Defect,Customer reports connectivity issue affecting connection.,Not Applicable,Not Applicable,Not Applicable,Not Applicable,No,Not Applicable,No,Not Applicable,Not Applicable,Original,Yes,Yes,No,Yes,Yes,Yes,Not Applicable,Not Applicable,Not Applicable,Not Applicable,Not Applicable,Yes,Not Applicable,No,0,Not Applicable,No,Not Applicable,Yes,Yes,No,No,No,0,783.2,700.26,0.0,0.88,Service Center,Valid Claim,Firefox,51,Dark,-0.2248,B0370
REC00691,CLM00015,CUS00191,PRD00263,Camera,Compact,Camera Body,Camera Body,PrimeView,PRI-CAM-152,SN-92414407,2022-01-17,2025-01-12,2025-01-01,24,Yes,Battery Problem,Electrical Failure,Customer reports battery problem affecting camera body.,No,Yes,Yes,Not Applicable,Not Applicable,Not Applicable,Not Applicable,Not Applicable,Not Applicable,Not Applicable,Yes,Yes,Yes,Yes,Yes,Yes,Not Applicable,Not Applicable,Not Applicable,Not Applicable,Not Applicable,Not Applicable,Yes,Yes,2,No,No,Not Applicable,Yes,Yes,No,No,No,1,3176.48,1345.51,460.91,0.788,Web,Invalid Claim,MobileWebView,24,System,0.47924,B0013
REC00780,CLM01091,CUS00059,PRD00115,Air Conditioner,Window,Indoor Unit,Main Unit,HomePro,HOM-AIR-787,SN-97144904,2023-09-03,2025-09-24,2025-08-28,24,Yes,Noise,Manufacturing Defect,Customer reports noise affecting indoor unit.,Not Applicable,Not Applicable,Not Applicable,Not Applicable,No,Not Applicable,Not Applicable,No,Indoor Unit,Not Applicable,Yes,,Yes,,no,Yes,Yes,Not Applicable,Not Applicable,Not Applicable,Not Applicable,Not Applicable,Not Applicable,No,0,Not Applicable,No,Not Applicable,Yes,Yes,No,No,No,1,489.19,217.01,0.0,0.923,Web,Manual Review,MobileWebView,55,Dark,0.81786,B0020
REC01490,CLM01097,CUS00275,PRD00603,Camera,Action Camera,Camera Body,Camera Body,PrimeView,PRI-CAM-210,SN-56675993,2023-05-19,2024-12-21,2024-12-06,24,No,Connectivity Issue,Electrical Failure,Customer reports connectivity issue affecting camera body.,No,No,Not Applicable,Not Applicable,Not Applicable,Not Applicable,Not Applicable,Not Applicable,Not Applicable,Not Applicable,Yes,Yes,Yes,Yes,Yes,Yes,Not Applicable,Not Applicable,Not Applicable,Not Applicable,Not Applicable,Not Applicable,Not Applicable,No,0,Not Applicable,No,Not Applicable,Yes,Yes,No,No,No,0,1467.91,1083.71,0.0,0.778,Email,Valid Claim,MobileWebView,59,System,0.33871,B0874
REC00988,CLM00832,CUS00179,PRD00677,Printer,Thermal,Paper Feed,Main Unit,PrimeView,PRI-PRI-715,SN-75471714,2025-01-13,2025-10-29,2025-10-14,12,No,Paper Feed Failure,Accidental Damage,Customer reports paper feed failure affecting paper feed.,Not Applicable,Not Applicable,Not Applicable,Not Applicable,No,Not Applicable,No,Not Applicable,Not Applicable,Compatible,Yes,Yes,Yes,Yes,Yes,Yes,Not Applicable,Not Applicable,Not Applicable,Not Applicable,Not Applicable,No,Yes,Yes,3,Yes,No,N/A,Yes,Yes,No,No,No,0,273.99,156.69,391.54,0.925,Service Center,Invalid Claim,MobileWebView,54,Dark,1.47033,B0192
REC00341,CLM00611,CUS00229,PRD00944,Refrigerator,French Door,Cooling,Main Unit,Aster,AST-REF-757,SN-89542056,2023-12-29,2025-11-11,2025-11-05,24,No,Cooling Failure,Manufacturing Defect,Customer reports cooling failure affecting cooling.,Not Applicable,Not Applicable,Not Applicable,Household,No,Not Applicable,Not Applicable,Not Applicable,Not Applicable,Not Applicable,No,Yes,No, Yes ,Yes,No,Not Applicable,Not Applicable,Not Applicable,Not Applicable,Not Applicable,Not Applicable,Not Applicable,No,0,Not Applicable,No,Not Applicable,Yes,Yes,No,No,No,0,1460.44,561.23,0.0,0.827,service center,Manual Review,Safari,0,System,-0.74133,B0603
REC00860,CLM00083,CUS00303,PRD00593,Refrigerator,Single Door,Water Leakage,Compressor,ZenCore,ZEN-REF-429,SN-91717866,2016-02-19,2025-06-08,2025-05-26,120,No,Water Leakage,Manufacturing Defect,Customer reports water leakage affecting water leakage.,Not Applicable,Not Applicable,Not Applicable,Other,No,Not Applicable,Not Applicable,Not Applicable,Not Applicable,Not Applicable,Yes,Yes,Yes,Yes,Yes,Yes,Not Applicable,Not Applicable,Not Applicable,No,Not Applicable,Not Applicable,,No,0,Not Applicable,No,Not Applicable,Yes,Yes,No,No,No,1,1974.14,1545.37,0.0,0.865,Service Center,Manual Review,Safari,1,Light,-0.73202,B0932
REC01231,CLM00624,CUS00667,PRD00801,Smartphone,Rugged Smartphone,Phone,Main Unit,NovaTech,NOV-SMA-104,SN-43858963,2024-11-25,2025-05-21,2025-04-10,12,No,Display Failure,Internal Component Failure,Customer reports display failure affecting phone.,No,No,Not Applicable,Not Applicable,Not Applicable,Not Applicable,Not Applicable,Not Applicable,Not Applicable,Not Applicable,Yes,Yes,Yes,Yes,,Yes,Not Applicable,Not Applicable,Not Applicable,Not Applicable,Not Applicable,Not Applicable,Not Applicable,No,0,Not Applicable,No,Not Applicable,Yes,Yes,No,No,No,0,994.17,563.42,0.0,0.921,Web,Invalid Claim,MobileWebView,35,System,-1.37429,B0930
REC00245,CLM01232,CUS00232,PRD00716,Television,Mini-LED,Connection,Main Unit, PrimeView ,PRI-TEL-674,SN-48190332,2021-08-15,2024-05-27,2024-05-10,24,Yes,Connectivity Issue,Manufacturing Defect,Customer reports connectivity issue affecting connection.,No,Not Applicable,Not Applicable,Not Applicable,Not Applicable,Yes,Not Applicable,Not Applicable,Not Applicable,Not Applicable,Yes,Yes,No,Yes,Yes,Yes,Not Applicable,Not Applicable,Not Applicable,Not Applicable,Not Applicable,Not Applicable,Yes,Yes,2,Yes,No,Not Applicable,Yes,Yes,No,No,No,2,2009.79,1439.08,648.0,0.74,Web,Valid Claim,MobileWebView,24,System,0.71281,B0062
REC00265,CLM00828,CUS00100,PRD00519,Refrigerator,Single Door,Cooling,Compressor,ZenCore,ZEN-REF-106,SN-32508882,2017-02-28,2026-07-29,2026-07-11,120,No,Cooling Failure,Misuse,Customer reports cooling failure affecting cooling.,Not Applicable,Not Applicable,Not Applicable,Household,No,Not Applicable,Not Applicable,Not Applicable,Not Applicable,Not Applicable,Yes,Yes,Yes,Yes,Yes,Yes,Not Applicable,Not Applicable,Not Applicable,Yes,Not Applicable,Not Applicable,,No,0,Not Applicable,No,Not Applicable,Yes,Yes,No,No,No,0,1025.97,887.37,0.0,0.595,Mobile App,Invalid Claim,Edge,47,System,1.26182,B0330
REC00270,CLM00554,CUS00347,PRD00965,Laptop,2-in-1,Device,Main Unit,NovaTech,NOV-LAP-439,SN-31203563,2022-11-28,2024-09-12,2024-08-19,24,No,Battery Problem,Accidental Damage,Customer reports battery problem affecting device.,Yes,No,Yes,Not Applicable,Not Applicable,Not Applicable,Not Applicable,Not Applicable,Not Applicable,Not Applicable,Yes,Yes,Yes,No,Yes, Yes ,Not Applicable,Not Applicable,Not Applicable,Not Applicable,Not Applicable,Not Applicable,Not Applicable,No,0,Not Applicable,No,Not Applicable,No,yes,No,No,No,0,1286.42,835.08,0.0,0.862,Web,Invalid Claim,Chrome,43,Dark,0.25496,B0510
REC00954,CLM00767,CUS00369,PRD00017,Laptop,2-in-1,Device,Main Unit,NovaTech,NOV-LAP-739,SN-98360664,2022-05-05,2024-03-23,2024-03-11,24,No,Display Failure,Electrical Failure,Customer reports display failure affecting device.,Unknown,No,Not Applicable,Not Applicable,Not Applicable,Not Applicable,Not Applicable,Not Applicable,Not Applicable,Not Applicable,Yes, Yes ,Yes,Yes,Yes,No,Not Applicable,Not Applicable,Not Applicable,Not Applicable,Not Applicable,Not Applicable,Not Applicable,No,0,Not Applicable,No,Not Applicable,Yes,Yes,No,N,No,0,1621.8,477.78,0.0,0.983,Mobile App,Manual Review,Firefox,27,System,-0.21526,B0677
REC00361,CLM00625,CUS00546,PRD00160,Television,Mini-LED,Picture,Main Unit,PrimeView,PRI-TEL-648,SN-20175968,2021-12-14,2024-11-15,2024-10-25,24,No,Display Failure,Misuse,Customer reports display failure affecting picture.,No,Not Applicable,Not Applicable,Not Applicable,Not Applicable,No,Not Applicable,Not Applicable,Not Applicable,Not Applicable,Yes,Yes,No,,Yes,No,Not Applicable,Not Applicable,Not Applicable,Not Applicable,Not Applicable,Not Applicable,Not Applicable,No,0,Not Applicable,No,Not Applicable,Yes,Yes,No,No,No,0,2781.48,1532.39,0.0,0.873,Mobile App,Invalid Claim,Chrome,2,System,0.42847,B0023
REC00040,CLM00590,CUS00581,PRD00492,Television,Mini-LED,Connection,Main Unit,Aster,AST-TEL-108,SN-26191628,2023-03-20,2024-12-24,2024-11-30,24,No,Connectivity Issue,Manufacturing Defect,Customer reports connectivity issue affecting connection.,Unknown,Not Applicable,Not Applicable,Not Applicable,Not Applicable,No,Not Applicable,Not Applicable,Not Applicable,Not Applicable,No,No,Yes,Yes,Yes,Yes,Not Applicable,Not Applicable,Not Applicable,Not Applicable,Not Applicable,Not Applicable,Not Applicable,No,0,Not Applicable,No,Not Applicable,Yes,Yes,No,No,No,0,1177.51,723.37,0.0,0.471,Mobile App,Manual Review,Safari,55,Light,0.9468,B0111
REC00762,CLM00520,CUS00320,PRD00330,Washing Machine,Top Load,Noise,Main Unit,HomePro,HOM-WAS-559,SN-86957508,2024-12-17,2026-06-11,2026-05-20,24,No,Noise,Electrical Failure,Customer reports noise affecting noise.,Not Applicable,Not Applicable,Not Applicable,Household,No,Not Applicable,No,Not Applicable,Not Applicable,Not Applicable,Yes,Yes,Yes,Yes,Yes,Yes,Not Applicable,Not Applicable,Not Applicable,Not Applicable,Not Applicable,Not Applicable,Yes,Yes,3,No,No,Not Applicable,Yes,No,No,No,No,0,364.91,325.94,509.9,0.893,Service Center,Invalid Claim,MobileWebView,50,System,-0.55585,B0642
REC00966,CLM00761,CUS00549,PRD00827,Printer,Inkjet,Paper Feed,Main Unit,PrimeView,PRI-PRI-468,SN-54170144,2022-12-30,2024-03-23,2024-03-02,12,No,Paper Feed Failure,Manufacturing Defect,Customer reports paper feed failure affecting paper feed.,Not Applicable,Not Applicable,Not Applicable,Not Applicable,No,Not Applicable,Yes,Not Applicable,Not Applicable,Original,No,Yes,No,Yes,Yes,Yes,Not Applicable,Not Applicable,Not Applicable,Not Applicable,Not Applicable,Yes,Not Applicable,No,0,Not Applicable,No,Not Applicable,Yes,Yes,No,No,No,0,1157.94,899.2,0.0,0.88,Service Center,Invalid Claim,Chrome,37,System,-0.1224,B0439
REC00110,CLM01036,CUS00695,PRD00253,Laptop,Consumer Laptop,Device,Main Unit,ZenCore,ZEN-LAP-672,SN-11888178,2023-11-20,2025-05-16,2025-05-06,24,No,Battery Problem,Manufacturing Defect,Customer reports battery problem affecting device.,No,No,Yes,Not Applicable,Not Applicable,Not Applicable,Not Applicable,Not Applicable,Not Applicable,Not Applicable,Yes,Yes,Yes,Yes,Yes,Yes,Not Applicable,Not Applicable,Not Applicable,Not Applicable,Not Applicable,Not Applicable,Yes,Yes,3,Yes,No,Not Applicable,Yes,Yes,No,No,No,0,2349.93,397.21,307.93,0.85,Service Center,Valid Claim,Safari,6,Dark,-0.68328,B0460
REC01279,CLM01118,CUS00377,PRD00752,Washing Machine,Front Load,Power,Main Unit,HomePro,HOM-WAS-866,SN-64199538,2024-04-24,2026-02-17,2026-01-27,24,No,Power Failure,Manufacturing Defect,Customer reports power failure affecting power.,Not Applicable,Not Applicable,Not Applicable,Household,No,Not Applicable,Yes,Not Applicable,Not Applicable,Not Applicable,Yes,Yes,No,Yes,Yes,Yes,Not Applicable,Not Applicable,Not Applicable,Not Applicable,Not Applicable,Not Applicable,Not Applicable,No,0,Not Applicable,No,Not Applicable,Yes,Yes,No,No,No,1,1208.96,555.96,0.0,0.911,Email,Valid Claim,MobileWebView,55,System,-1.01738,B0504
REC00428,CLM00854,CUS00319,PRD00834,Laptop,Gaming Laptop,Device,Main Unit,ZenCore,ZEN-LAP-874,SN-88863377,2024-01-06,2025-06-07,2025-05-18,24,No,Battery Problem,Electrical Failure,Customer reports battery problem affecting device.,No,Unknown,Yes,Not Applicable,Not Applicable,Not Applicable,Not Applicable,Not Applicable,Not Applicable,Not Applicable,Yes,Yes,Yes,,Yes,Yes,Not Applicable,Not Applicable,Not Applicable,Not Applicable,Not Applicable,Not Applicable,No,Yes,3,Yes,No,Not Applicable,Yes,Yes,No,No,No,0,1754.64,924.7,649.73,0.94,Mobile App,Manual Review,Edge,8,System,0.85591,B0135
REC00760,CLM01215,CUS00038,PRD00574,Washing Machine,Top Load,Noise,Main Unit,ZenCore,ZEN-WAS-277,SN-48153416,2025-03-18,2026-04-28,2026-04-19,24,No,Noise,Electrical Failure,Customer reports noise affecting noise.,Not Applicable,Not Applicable,Not Applicable,Household,No,Not Applicable,No,Not Applicable,Not Applicable,Not Applicable,Yes,No,No,Yes,Yes,Yes,Not Applicable,Not Applicable,Not Applicable,Not Applicable,Not Applicable,Not Applicable,Yes,Yes,3,Yes,No,Not Applicable,Yes,Yes,No,No,No,0,1788.14,1590.87,337.5,0.761,Web,Valid Claim,Chrome,44,Light,0.00372,B0958
REC00264,CLM01178,CUS00621,PRD00941,Refrigerator,Double Door,Noise,Main Unit,Aster,AST-REF-496,SN-44847194,2022-05-12,2024-02-03,2024-01-08,24,No,Noise,Internal Component Failure,Customer reports noise affecting noise.,Not Applicable,Not Applicable,Not Applicable,Household,No,Not Applicable,Not Applicable,Not Applicable,Not Applicable,Not Applicable,Yes,No,Yes,Yes,Yes,,Not Applicable,Not Applicable,Not Applicable,Not Applicable,Not Applicable,Not Applicable,Not Applicable,No,0,NA,No,Not Applicable,Yes,No,No,No,No,0,2781.81,634.06,0.0,0.775,Service Center,Manual Review,Firefox,44,System,0.11301,B0710
REC00722,CLM00711,CUS00456,PRD00001,Refrigerator,French Door,Power,Compressor,ZenCore,ZEN-REF-826,SN-46485687,2013-09-19,2024-07-12,2024-06-29,120,No,Power Failure,Manufacturing Defect,Customer reports power failure affecting power.,Not Applicable,Not Applicable,Not Applicable,Household,Unknown,Not Applicable,Not Applicable,Not Applicable,Not Applicable,Not Applicable,Yes,Yes,Yes,Yes,Yes,Yes,Not Applicable,Not Applicable,Not Applicable,Yes,Not Applicable,Not Applicable,Not Applicable,No,0,Not Applicable,No,Not Applicable,Yes,Yes,No,No,No,2,1434.46,1295.6,0.0,0.65, Service Center ,Invalid Claim,Chrome,22,Light,-1.39807,B0954
REC00375,CLM00838,CUS00636,PRD00122,Laptop,Gaming Laptop,Device,Main Unit,NovaTech,NOV-LAP-814,SN-72756666,2023-06-08,2025-11-10,2025-10-18,24,Yes,Display Failure,Manufacturing Defect,Customer reports display failure affecting device.,No,No,Not Applicable,Not Applicable,Not Applicable,Not Applicable,Not Applicable,Not Applicable,Not Applicable,Not Applicable,Yes,Yes,Yes,Yes,Yes,Yes,Not Applicable,Not Applicable,Not Applicable,Not Applicable,Not Applicable,Not Applicable,Not Applicable,No,0,Not Applicable,No,Not Applicable,Yes,Yes,No,No,Yes,1,2438.84,851.79,0.0,0.722,Service Center,Manual Review,Chrome,10,System,2.12098,B0828
REC00990,CLM00615,CUS00568,PRD00397,Air Conditioner,Window,Outdoor Unit,Main Unit,ZenCore,ZEN-AIR-268,SN-19885626,2022-09-05,2024-08-12,2024-08-07,24,No,Power Failure,Electrical Failure,Customer reports power failure affecting outdoor unit.,Not Applicable,Not Applicable,Not Applicable,Not Applicable,No,Not Applicable,Not Applicable,No,Outdoor Unit,Not Applicable,Yes,Yes,Yes,No,Yes,Yes,Yes,Not Applicable,Not Applicable,Not Applicable,Not Applicable,Not Applicable,Not Applicable,No,0,Not Applicable,No,Not Applicable,No,Yes,No,No,No,3,908.36,757.17,0.0,0.992,Email,Invalid Claim,Chrome,12,Light,1.28216,B0076
REC00502,CLM00499,CUS00682,PRD00093,Printer,Laser,Ink or Toner,Ink Or Toner,PrimeView,PRI-PRI-599,SN-23187647,2023-09-26,2024-08-13,2024-08-08,0,No,Power Failure,Manufacturing Defect,Customer reports power failure affecting ink or toner.,Not Applicable,Not Applicable,Not Applicable,Not Applicable,No,Not Applicable,No,Not Applicable,Not Applicable,Unknown,Yes,Yes,Yes,Yes,Yes,,Not Applicable,Not Applicable,Not Applicable,Not Applicable,Not Applicable,Yes,Not Applicable,No,0,Not Applicable,No,Not Applicable,Yes,Yes,No,No,No,0,291.41,,0.0,0.778,Mobile App,Invalid Claim,MobileWebView,44,Light,0.07369,B0600
REC00049,CLM01326,CUS00423,PRD00265,Laptop,Gaming Laptop,Device,Main Unit,NovaTech,NOV-LAP-351,SN-26790304,2024-03-05,2025-04-09,2025-04-01,24,No,Overheating,Internal Component Failure,Customer reports overheating affecting device.,No,No,Not Applicable,Not Applicable,Not Applicable,Not Applicable,Not Applicable,Not Applicable,Not Applicable,Not Applicable,No,No,No,Yes,No,Yes,Not Applicable,Not Applicable,Not Applicable,Not Applicable,Not Applicable,Not Applicable,,No,0,Not Applicable,No,Not Applicable,Yes,Yes,No,No,No,1,722.44,244.38,0.0,0.941,Web,Manual Review,Firefox,20,System,-0.28047,B0850
REC-DUP-0011,CLM01139,CUS00002,PRD00595,Printer,Thermal,Power,Main Unit,NovaTech,NOV-PRI-470,SN-93961208,2024-10-15,2026-09-02,2026-08-29,12,Yes,Power Failure,Manufacturing Defect,Customer reports power failure affecting power.,Not Applicable,Not Applicable,Not Applicable,Not Applicable,Yes,Not Applicable,No,Not Applicable,Not Applicable,Compatible,Yes,Yes,No,Yes,No,Yes,Not Applicable,Not Applicable,Not Applicable,Not Applicable,Not Applicable,Yes,No,Yes,2,Yes,No,Not Applicable,Yes,Yes,No,No,No,0,357.71,137.26,72.44,0.859,Mobile App,Manual Review,Firefox,53,Dark,-0.28821,B0655
REC01330,CLM01395,CUS00617,PRD00707,Laptop,Business Laptop,Charger,Power Adapter,ZenCore,ZEN-LAP-179,SN-40732674,2025-01-04,2025-08-16,2025-08-02,12,No,Battery Problem,Electrical Failure,Customer reports battery problem affecting charger.,No,No,Yes,Not Applicable,Not Applicable,Not Applicable,Not Applicable,Not Applicable,Not Applicable,Not Applicable,Yes,Yes,No,,Yes,Yes,Not Applicable,Not Applicable,Not Applicable,Not Applicable,Not Applicable,Not Applicable,Not Applicable,No,0,Not Applicable,No,Not Applicable,Yes,Yes,No,No,No,0,1673.74,1026.86,0.0,0.89,Web,Valid Claim,MobileWebView,44,Light,0.10166,B0205
REC00532,CLM00626,CUS00477,PRD00324,Laptop,Business Laptop,Device,Main Unit,ZenCore,ZEN-LAP-620,SN-47344851,2022-02-15,2024-02-14,2024-02-11,24,No,Battery Problem,Water Damage,Customer reports battery problem affecting device.,No,Yes,Yes,Not Applicable,Not Applicable,Not Applicable,Not Applicable,Not Applicable,Not Applicable,Not Applicable,Yes,Yes,No,Yes,No,Yes,Not Applicable,Not Applicable,Not Applicable,Not Applicable,Not Applicable,Not Applicable,,No,0,Not Applicable,No,Not Applicable,Yes,Yes,No,No,No,1,2508.72,2174.56,0.0,0.695,Web,Invalid Claim,Safari,22,Light,0.34565,B0912
REC00283,CLM00513,CUS00215,PRD00583,Television,LED,Picture,Main Unit,HomePro,HOM-TEL-966,SN-27368722,2023-10-26,2025-04-21,2025-04-06,24,No,Display Failure,Electrical Failure,Customer reports display failure affecting picture.,No,Not Applicable,Not Applicable,Not Applicable,Not Applicable,No,Not Applicable,Not Applicable,Not Applicable,Not Applicable,Yes,Yes,No,Yes,No,,Not Applicable,Not Applicable,Not Applicable,Not Applicable,Not Applicable,Not Applicable,Not Applicable,No,0,Not Applicable,No,Not Applicable,Yes,Y,No,No,No,1,1051.24,857.32,0.0,0.727,Service Center,Manual Review,Chrome,51,Dark,0.3581,B0696
REC-DUP-0028,CLM00204,CUS00277,PRD00191,Air Conditioner,Portable,Both,Main Unit,Aster,AST-AIR-290,SN-23677198,2023-12-14,2025-07-28,2025-07-28,24,No,Water Leakage,Manufacturing Defect,Customer reports water leakage affecting both.,Not Applicable,Not Applicable,Not Applicable,Not Applicable,Yes,Not Applicable,Not Applicable,Unknown,Both,Not Applicable,Yes,No,No,Yes,Yes,yes,Yes,Not Applicable,Not Applicable,Not Applicable,Not Applicable,Not Applicable,Not Applicable,No,0,Not Applicable,No,Not Applicable,Unknown,No,No,No,No,1,2710.25,1147.8,0.0,0.807,Email,Manual Review,Safari,34,Light,1.10352,B0710
REC00729,CLM00550,CUS00227,PRD00216,Television,LED,Power,Main Unit,PrimeView,PRI-TEL-975,SN-60169861,2022-10-09,2024-09-21,2024-09-09,24,No,Power Failure,Manufacturing Defect,Customer reports power failure affecting power.,No,Not Applicable,Not Applicable,Not Applicable,Not Applicable,No,Not Applicable,Not Applicable,Not Applicable,Not Applicable,Yes,Yes,Yes,Yes,Yes,Yes,Not Applicable,Not Applicable,Not Applicable,Not Applicable,Not Applicable,Not Applicable,Not Applicable,No,0,Not Applicable,No,Not Applicable,Yes,Yes,No,No,No,1,759.72,111.93,0.0,0.943,Service Center,Valid Claim,Firefox,4,System,1.22384,B0377
REC00979,CLM00994,CUS00081,PRD00116,Printer,Inkjet,Power,Main Unit,NovaTech,NOV-PRI-897,SN-81848428,2024-07-26,2026-06-01,2026-05-23,12,Yes,Power Failure,Internal Component Failure,Customer reports power failure affecting power.,Not Applicable,Not Applicable,Not Applicable,Not Applicable,No,Not Applicable,No,Not Applicable,Not Applicable,Original,Yes,Yes,Yes,Yes,Yes,Yes,Not Applicable,Not Applicable,Not Applicable,Not Applicable,Not Applicable,Yes,Not Applicable,No,0,Not Applicable,No,Not Applicable,Yes,Yes,No,no,No,0,878.06,399.77,,0.936,Mobile App,Valid Claim,MobileWebView,33,Dark,-0.99819,B0237
REC00253,CLM01176,CUS00209,PRD00450,Printer,Thermal,Printing,Main Unit,PrimeView,PRI-PRI-560,SN-18340702,2025-03-22,2025-10-11,2025-09-18,12,No,Mechanical Failure,Electrical Failure,Customer reports mechanical failure affecting printing.,Not Applicable,Not Applicable,Not Applicable,Not Applicable,No,Not Applicable,Yes,Not Applicable,Not Applicable,Unknown,Yes,Yes,No,No,Yes,Yes,Not Applicable,Not Applicable,Not Applicable,Not Applicable,Not Applicable,No,Yes,Yes,3,Yes,No,Not Applicable,Yes,Yes,No,No,No,0,1012.7,810.81,70.47,0.919,Service Center,Manual Review,MobileWebView,15,Light,-2.39191,B0812
REC01426,CLM00373,CUS00403,PRD00646,Washing Machine,Washer Dryer,Other,Main Unit,PrimeView,PRI-WAS-795,SN-79647486,2022-03-22,2024-06-25,2024-06-12,24,Yes,Mechanical Failure,Electrical Failure,Customer reports mechanical failure affecting other.,Not Applicable,Not Applicable,Not Applicable,Household,No,Not Applicable,No,Not Applicable,Not Applicable,Not Applicable,Yes,Yes,Yes,Yes,Yes,Yes,Not Applicable,Not Applicable,Not Applicable,Not Applicable,Not Applicable,Not Applicable,Not Applicable,No,0,Not Applicable,No,Not Applicable,Yes,Yes,No,No,No,1,1607.05,450.26,0.0,0.864,Email,Valid Claim,Edge,33,System,-0.52714,B0909
REC01222,CLM01214,CUS00050,PRD00345,Washing Machine,Top Load,Washing,Main Unit,ZenCore,ZEN-WAS-503,SN-42482427,2023-03-25,2025-03-16,2025-03-12,24,No,Mechanical Failure,Internal Component Failure,Customer reports mechanical failure affecting washing.,Not Applicable,Not Applicable,Not Applicable,Household,Yes,Not Applicable,No,Not Applicable,Not Applicable,Not Applicable,No,Yes,No,Yes,Yes,Yes,Not Applicable,Not Applicable,Not Applicable,Not Applicable,Not Applicable,Not Applicable,Not Applicable,No,0,Not Applicable,No,Not Applicable,Yes,Yes,No,N,No,0,1502.93,1130.32,0.0,0.821,Mobile App,Valid Claim,Firefox,47,Light,0.11462,B0604
REC00720,CLM00212,CUS00674,PRD00349,Washing Machine,Washer Dryer,Water Leakage,Main Unit,PrimeView,PRI-WAS-128,SN-98481366,2024-08-06,2026-03-24,2026-03-21,24,No,Water Leakage,Manufacturing Defect,Customer reports water leakage affecting water leakage.,Not Applicable,Not Applicable,Not Applicable,Household,No,Not Applicable,No,Not Applicable,Not Applicable,Not Applicable,No,Yes,Yes,Yes,Yes,,Not Applicable,Not Applicable,Not Applicable,Not Applicable,Not Applicable,Not Applicable,Yes,Yes,2,Yes,No,Not Applicable,Yes,Yes,No,No,No,1,1985.66,1006.7,,,Web,Manual Review,Chrome,28,System,0.1764,B0724
REC01499,CLM00830,CUS00002,PRD00916,Camera,DSLR,Battery,Battery,Aster,AST-CAM-115,SN-66490565,2025-08-19,2025-12-15,2025-12-10,6,No,Display Failure,Accidental Damage,Customer reports display failure affecting battery.,Unknown,No,Unknown,Not Applicable,Not Applicable,Not Applicable,Not Applicable,Not Applicable,Not Applicable,Not Applicable,Yes,Yes,Yes,Yes,Yes,Yes,Not Applicable,Not Applicable,Not Applicable,Not Applicable,Not Applicable,Not Applicable,Not Applicable,No,0,Not Applicable,No,Not Applicable,Yes,Yes,No,No,No,1,1158.12,946.14,0.0,0.937,Service Center,Invalid Claim,Chrome,15,Dark,-1.26988,B0860
REC00124,CLM00653,CUS00504,PRD00783,Air Conditioner,Split,Outdoor Unit,Main Unit,Aster,AST-AIR-476,SN-63502142,2024-01-19,2025-12-28,2025-12-26,24,No,Noise,Electrical Failure,Customer reports noise affecting outdoor unit.,Not Applicable,Not Applicable,Not Applicable,Not Applicable,Yes,Not Applicable,Not Applicable,No,Outdoor Unit,Not Applicable,Yes,Yes,Yes,Yes,Yes,Yes,Yes,Not Applicable,Not Applicable,Not Applicable,Not Applicable,Not Applicable,Not Applicable,No,0,Not Applicable,No,Not Applicable,Yes,Yes,No,No,No,3,615.21,212.69,0.0,0.759,Web,Valid Claim,Chrome,39,Light,-0.52354,B0685
REC00366,CLM00693,CUS00621,PRD00767,Camera,Compact,Camera Body,Camera Body,Aster,AST-CAM-733,SN-26436845,2022-06-28,2025-01-17,2025-01-03,24,Yes,Display Failure,Internal Component Failure,Customer reports display failure affecting camera body.,No,No,Not Applicable,Not Applicable,Not Applicable,Not Applicable,Not Applicable,Not Applicable,Not Applicable,Not Applicable,Yes,Yes,No,Yes,,Yes,Not Applicable,Not Applicable,Not Applicable,Not Applicable,Not Applicable,Not Applicable,Yes,Yes,1,Yes,No,Not Applicable,Yes,No,No,No,No,0,2550.87,553.69,210.36,0.76,Service Center,Manual Review,Firefox,56,Light,-0.54118,B0461
REC00956,CLM00836,CUS00203,PRD00586,Smartphone,Rugged Smartphone,Not Sure,Battery,Aster,AST-SMA-943,SN-37384493,2024-11-17,2025-05-25,2025-05-23,12,No,Display Failure,Electrical Failure,Customer reports display failure affecting not sure.,No,No,Yes,Not Applicable,Not Applicable,Not Applicable,Not Applicable,Not Applicable,Not Applicable,Not Applicable,Yes,Yes,Yes,Yes,Yes,Yes,Not Applicable,No,Not Applicable,Not Applicable,Not Applicable,Not Applicable,Not Applicable,No,0,Not Applicable,No,Not Applicable,Yes,Yes,No,No,No,1,1641.12,280.32,0.0,0.872,Web,Manual Review,Safari,41,Light,0.39407,B0365
REC00383,CLM00855,CUS00548,PRD00040,Smartphone,Rugged Smartphone,Phone,Main Unit,NovaTech,NOV-SMA-548,SN-99259920,2025-01-11,2025-10-20,2025-09-30,12,No,Power Failure,Manufacturing Defect,Customer reports power failure affecting phone.,No,Unknown,Not Applicable,Not Applicable,Not Applicable,Not Applicable,Not Applicable,Not Applicable,Not Applicable,Not Applicable,Yes,Yes,No,Yes,No,No,Not Applicable,Not Applicable,Not Applicable,Not Applicable,Not Applicable,Not Applicable,,Yes,2,Yes,No,Not Applicable,Yes,No,No,No,No,1,1339.2,904.34,568.37,0.94,Mobile App,Manual Review,Chrome,47,System,0.08542,B0135
REC-DUP-0045,CLM01356,CUS00698,PRD00159,Camera,Compact,Camera Body,Camera Body,Aster,AST-CAM-852,SN-89635601,2024-11-21,2026-05-05,2026-04-30,24,No,Connectivity Issue,Electrical Failure,Customer reports connectivity issue affecting camera body.,No,No,Not Applicable,Not Applicable,Not Applicable,Not Applicable,Not Applicable,Not Applicable,Not Applicable,Not Applicable,Yes,Yes,Yes,Yes,No,Yes,Not Applicable,Not Applicable,Not Applicable,Not Applicable,Not Applicable,Not Applicable,Not Applicable,No,0,Not Applicable,No,Not Applicable,Yes,Yes,No,Yes,No,1,3164.14,1447.08,0.0,0.85,Email,Manual Review,Firefox,47,Light,-0.34311,B0362
REC00775,CLM00095,CUS00659,PRD00284,Camera,DSLR,Battery,Battery,PrimeView,PRI-CAM-965,SN-44543235,2026-05-23,2026-09-02,2026-08-24,6,No,Display Failure,Electrical Failure,Customer reports display failure affecting battery.,Yes,No,No,Not Applicable,Not Applicable,Not Applicable,Not Applicable,Not Applicable,Not Applicable,Not Applicable,No,Yes,Yes,Yes,Yes,Yes,Not Applicable,Not Applicable,Not Applicable,Not Applicable,Not Applicable,Not Applicable,Not Applicable,No,0,Not Applicable,No,Not Applicable,Yes,Yes,No,No,No,0,2398.28,2078.68,0.0,0.864,Email,Valid Claim,Safari,15,Dark,-0.45142,B0485
REC00395,CLM00935,CUS00013,PRD00367,Refrigerator,Double Door,Noise,Main Unit,HomePro,HOM-REF-580,SN-53089092,2021-03-16,2024-03-14,2024-02-27,24,No,Noise,Electrical Failure,Customer reports noise affecting noise.,Not Applicable,Not Applicable,Not Applicable,Household,No,Not Applicable,Not Applicable,Not Applicable,Not Applicable,Not Applicable,Yes,Yes,No,Yes,,Yes,Not Applicable,Not Applicable,Not Applicable,Not Applicable,Not Applicable,Not Applicable,Not Applicable,No,0,Not Applicable,No,Not Applicable,Unknown,Yes,No,No,No,2,1360.45,1112.52,0.0,0.956,Web,Invalid Claim,Firefox,26,System,-0.2187,B0462
REC00231,CLM01104,CUS00096,PRD00309,Refrigerator,Side-by-Side,Noise,Compressor,HomePro,HOM-REF-731,SN-61601250,2016-03-11,2026-01-04,2026-01-03,120,No,Noise,Electrical Failure,Customer reports noise affecting noise.,Not Applicable,Not Applicable,Not Applicable,Business,No,Not Applicable,Not Applicable,Not Applicable,Not Applicable,Not Applicable,,Yes,No,Yes,Yes,Yes,Not Applicable,Not Applicable,Not Applicable,Yes,Not Applicable,Not Applicable,Not Applicable,No,0,Not Applicable,No,Not Applicable,Yes,Yes,No,No,No,0,2801.77,1427.19,0.0,0.605,Service Center,Manual Review,Edge,0,System,-1.15302,B0196
REC00071,CLM00648,CUS00314,PRD00196,Washing Machine,Front Load,Water Leakage,Main Unit,PrimeView,PRI-WAS-756,SN-42888195,2024-04-01,2026-08-03,2026-07-17,24,No,Water Leakage,Physical Damage,Customer reports water leakage affecting water leakage.,Not Applicable,Not Applicable,Not Applicable,Household,No,Not Applicable,No,Not Applicable,Not Applicable,Not Applicable,Yes,Yes,Yes,,Yes,No,Not Applicable,Not Applicable,Not Applicable,Not Applicable,Not Applicable,Not Applicable,Not Applicable,No,0,Not Applicable,No,Not Applicable,Yes,Yes,No,No,No,1,1316.36,174.89,0.0,0.832,Web,Invalid Claim,Safari,20,Light,-0.04405,B0940
REC00680,CLM00116,CUS00441,PRD00146,Smartphone,Standard Smartphone,Battery,Battery,PrimeView,PRI-SMA-877,SN-66525820,2024-05-25,2025-01-31,2025-01-12,12,No,Overheating,Manufacturing Defect,Customer reports overheating affecting battery.,No,No,Yes,Not Applicable,Not Applicable,Not Applicable,Not Applicable,Not Applicable,Not Applicable,Not Applicable,Yes,Yes,Yes,Yes,Yes,Yes,Not Applicable,Yes,Not Applicable,Not Applicable,Not Applicable,Not Applicable,Not Applicable,No,0,Not Applicable,No,Not Applicable,Yes,Yes,No,No,No,0,1292.78,388.75,0.0,0.662,Email,Manual Review,Chrome,46,Dark,-0.56282,B0478
REC00755,CLM01283,CUS00535,PRD00145,Printer,Laser,Connection,Main Unit,HomePro,HOM-PRI-717,SN-24454445,2024-04-15,2025-07-19,2025-07-11,12,Yes,Connectivity Issue,Manufacturing Defect,Customer reports connectivity issue affecting connection.,Not Applicable,Not Applicable,Not Applicable,Not Applicable,Yes,Not Applicable,No,Not Applicable,Not Applicable,Original,No,Yes,No,Yes,,Yes,Not Applicable,Not Applicable,Not Applicable,Not Applicable,Not Applicable,Yes,Yes,Yes,2,Yes,No,Not Applicable,Yes,Yes,No,No,No,0,996.69,751.75,209.97,0.983,Mobile App,Manual Review,Chrome,17,System,-0.75558,B0095
REC00447,CLM01410,CUS00061,PRD00671,Washing Machine,Front Load,Power,Main Unit,PrimeView,PRI-WAS-843,SN-22847002,2022-03-16,2024-10-24,2024-10-01,24,Yes,Power Failure,Manufacturing Defect,Customer reports power failure affecting power.,Not Applicable,Not Applicable,Not Applicable,Household,Unknown,Not Applicable,Yes,Not Applicable,Not Applicable,Not Applicable,No,Yes,Yes,,No,No,Not Applicable,Not Applicable,Not Applicable,Not Applicable,Not Applicable,Not Applicable,Not Applicable,No,0,Not Applicable,No,Not Applicable,Yes,Yes,No,Yes,No,0,785.67,999999.0,0.0,0.869,Web,Manual Review,Safari,38,Light,-1.13843,B0911
REC00073,CLM00971,CUS00517,PRD00642,Laptop,Gaming Laptop,Charger,Power Adapter,Aster,AST-LAP-816,SN-36209077,2024-05-04,2025-04-12,2025-04-05,12,No,Connectivity Issue,Manufacturing Defect,Customer reports connectivity issue affecting charger.,No,No,Not Applicable,Not Applicable,Not Applicable,Not Applicable,Not Applicable,Not Applicable,Not Applicable,Not Applicable,Yes,Yes,Yes,Yes,Yes,Yes,Not Applicable,Not Applicable,Not Applicable,Not Applicable,Not Applicable,Not Applicable,Yes,YES,2,Yes,Yes,Yes,Yes,Yes,No,No,No,0,1221.9,1054.05,142.16,0.477,Mobile App,Manual Review,MobileWebView,56,Light,-0.35944,B0187
REC00406,CLM00395,CUS00343,PRD00005,Television,LED,Connection,Main Unit,Aster,AST-TEL-460,SN-81418307,2024-01-19,2025-05-10,2025-04-28,24,No,Connectivity Issue,Internal Component Failure,Customer reports connectivity issue affecting connection.,No,Not Applicable,Not Applicable,Not Applicable,Not Applicable,No,Not Applicable,Not Applicable,Not Applicable,Not Applicable,Yes,,No,Yes,Yes,Yes,Not Applicable,Not Applicable,Not Applicable,Not Applicable,Not Applicable,Not Applicable,Yes,Yes,1,Yes,No,Not Applicable,Yes,Yes,No,No,No,1,2156.16,1288.59,371.78,0.752,Service Center,Valid Claim,Firefox,39,Dark,-0.10961,B0668
REC00858,CLM00399,CUS00533,PRD00864,Smartphone,Standard Smartphone,Phone,Main Unit,NovaTech,NOV-SMA-165,SN-37567811,2025-02-18,2026-03-16,2026-03-04,12,No,Power Failure,Rooted Or Unauthorized Software Modification,Customer reports power failure affecting phone.,Unknown,No,Not Applicable,Not Applicable,Not Applicable,Not Applicable,Not Applicable,Not Applicable,Not Applicable,Not Applicable,Yes,Yes,No,Yes,Yes,Yes,Not Applicable,Not Applicable,Not Applicable,Not Applicable,Not Applicable,Not Applicable,Yes,Yes,2,Yes,No,Not Applicable,Yes,Yes,No,No,No,2,1790.33,1012.52,575.88,0.843,Service Center,Invalid Claim,MobileWebView,17,Light,-1.92105,B0999
REC00924,CLM00785,CUS00079,PRD00028,Smartphone,Rugged Smartphone,Phone,Main Unit,Aster,AST-SMA-379,SN-51747994,2024-11-30,2025-09-28,2025-09-24,12,No,Connectivity Issue,Internal Component Failure,Customer reports connectivity issue affecting phone.,No,No,Not Applicable,Not Applicable,Not Applicable,Not Applicable,Not Applicable,Not Applicable,Not Applicable,Not Applicable,Yes,Yes,No,Yes,Yes,Yes,Not Applicable,Not Applicable,Not Applicable,Not Applicable,Not Applicable,Not Applicable,Not Applicable,No,0,Not Applicable,No,Not Applicable,Yes,Yes,No,No,No,0,996.11,435.74,0.0,0.984,Web,Valid Claim,Safari,58,System,1.12543,B0024
REC00191,CLM01433,CUS00679,PRD00163,Washing Machine,Front Load,Power,Motor,HomePro,HOM-WAS-256,SN-66707904,2016-01-04,2025-12-16,2025-12-06,120,No,Power Failure,Internal Component Failure,Customer reports power failure affecting power.,Not Applicable,Not Applicable,Not Applicable,Household,No,Not Applicable,No,Not Applicable,Not Applicable,Not Applicable,Yes,Yes,Yes,Yes,Yes,Yes,Not Applicable,Not Applicable,Not Applicable,Yes,Not Applicable,Not Applicable,No,Yes,2,Yes,No,Not Applicable,Yes,Yes,No,No,No,2,1994.85,234.21,41.65,0.969,Web,Manual Review,Safari,14,System,-0.37495,B0079
REC00612,CLM01070,CUS00323,PRD00941,Washing Machine,Washer Dryer,Washing,Main Unit,HomePro,HOM-WAS-841,SN-18430521,2024-05-30,2025-07-16,2025-06-20,24,No,Mechanical Failure,Manufacturing Defect,Customer reports mechanical failure affecting washing.,Not Applicable,Not Applicable,Not Applicable,Household,Unknown,Not Applicable,No,Not Applicable,Not Applicable,Not Applicable, Yes ,No,Yes,Yes,Yes,,Not Applicable,Not Applicable,Not Applicable,Not Applicable,Not Applicable,Not Applicable,Not Applicable,No,0,Not Applicable,No,Not Applicable,Yes,Yes,No,No,No,3,1374.61,1048.54,0.0,0.756,Web,Manual Review,Chrome,36,System,0.955,B0246
REC00320,CLM00396,CUS00033,PRD00099,Refrigerator,French Door,Cooling,Main Unit,HomePro,HOM-REF-351,SN-59184294,2023-11-22,2025-03-31,2025-03-28,24,No,Cooling Failure,Electrical Failure,Customer reports cooling failure affecting cooling.,Not Applicable,Not Applicable,Not Applicable,Household,Yes,Not Applicable,Not Applicable,Not Applicable,Not Applicable,Not Applicable,Yes,Yes,Yes,Yes,Yes,Yes,Not Applicable,Not Applicable,Not Applicable,Not Applicable,Not Applicable,Not Applicable,Not Applicable,No,0,Not Applicable,No,Not Applicable,Yes,Yes,No,No,No,1,795.02,251.1,0.0,0.931,Web,Valid Claim,Firefox,17,Light,0.02017,B0467
REC00533,CLM00818,CUS00063,PRD00148,Camera,Action Camera,Camera Body,Camera Body,NovaTech,NOV-CAM-603,SN-39891867,2023-11-22,2025-10-16,2025-09-29,24,No,Battery Problem,Internal Component Failure,Customer reports battery problem affecting camera body.,No,No,Yes,Not Applicable,Not Applicable,Not Applicable,Not Applicable,Not Applicable,Not Applicable,Not Applicable,Yes,,Yes,Yes,Yes,Yes,Not Applicable,Not Applicable,Not Applicable,Not Applicable,Not Applicable,Not Applicable,Yes,Yes,2,Yes,No,Not Applicable,No,Yes,No,No,No,1,1749.75,1065.72,181.38,0.824,Email,Invalid Claim,Safari,59,System,1.75836,B0333
REC00826,CLM00324,CUS00473,PRD00425,Washing Machine,Top Load,Water Supply or Drain,Main Unit,PrimeView,PRI-WAS-515,SN-85527697,2023-03-31,2024-06-04,2024-05-26,24,No,Mechanical Failure,Manufacturing Defect,Customer reports mechanical failure affecting water supply or drain.,Not Applicable,Not Applicable,Not Applicable,Household,No,Not Applicable,No,Not Applicable,Not Applicable,Not Applicable,Yes,Yes,Yes,Yes,Yes,,Not Applicable,Not Applicable,Not Applicable,Not Applicable,Not Applicable,Not Applicable,Not Applicable,No,0,Not Applicable,No,Not Applicable,Yes,Yes,No,No,No,1,1391.48,789.86,0.0,0.766,Mobile App,Valid Claim,Firefox,19,Dark,1.0701,B0223
REC00456,CLM00231,CUS00189,PRD00334,Printer,Laser,Ink or Toner,Ink Or Toner,NovaTech,NOV-PRI-697,SN-69398118,2025-01-31,2026-01-30,2026-01-25,0,No,Power Failure,Internal Component Failure,Customer reports power failure affecting ink or toner.,Not Applicable,Not Applicable,Not Applicable,Not Applicable,Yes,Not Applicable,No,Not Applicable,Not Applicable,Original,Yes,No,Yes,Yes,Yes,No,Not Applicable,Not Applicable,Not Applicable,Not Applicable,Not Applicable,Yes,Not Applicable,No,0,Not Applicable,No,Not Applicable,Yes,Yes,No,No,No,0,521.04,431.37,0.0,0.941,Web,Invalid Claim,MobileWebView,59,Light,-0.43815,B0285
REC00032,CLM00200,CUS00419,PRD00773,Printer,Laser,Paper Feed,Main Unit,PrimeView,PRI-PRI-130,SN-22995618,2024-08-01,2026-07-28,2026-07-09,12,Yes,Paper Feed Failure,Manufacturing Defect,Customer reports paper feed failure affecting paper feed.,Not Applicable,Not Applicable,Not Applicable,Not Applicable,No,Not Applicable,No,Not Applicable,Not Applicable,Unknown,Yes,Yes,No,Yes,Yes,No,Not Applicable,Not Applicable,Not Applicable,Not Applicable,Not Applicable,No,Not Applicable,No,0,Not Applicable,Yes,Yes,Yes,Yes,No,No,No,1,1193.23,129.65,0.0,0.971,Service Center,Manual Review,Firefox,22,Light,1.14912,B0705
REC01298,CLM01139,CUS00002,PRD00595,Printer,Thermal,Power,Main Unit,NovaTech,NOV-PRI-470,SN-93961208,2024-10-15,2026-09-02,2026-08-29,12,Yes,Power Failure,Manufacturing Defect,Customer reports power failure affecting power.,Not Applicable,Not Applicable,Not Applicable,Not Applicable,Yes,Not Applicable,No,Not Applicable,Not Applicable,Compatible,Yes,Yes,No,Yes,No,Yes,Not Applicable,Not Applicable,Not Applicable,Not Applicable,Not Applicable,Yes,No,Yes,2,Yes,No,Not Applicable,Yes,Yes,No,No,No,0,357.71,137.26,72.44,0.859,Mobile App,Manual Review,Firefox,53,Dark,-0.28821,B0655
REC01003,CLM01103,CUS00674,PRD00092,Washing Machine,Washer Dryer,Noise,Main Unit,PrimeView,PRI-WAS-466,SN-29310787,2023-06-02,2025-12-31,2025-12-27,24,Yes,Noise,Manufacturing Defect,Customer reports noise affecting noise.,Not Applicable,Not Applicable,Not Applicable,Business,No,Not Applicable,No,Not Applicable,Not Applicable,Not Applicable,Yes,Yes,Yes,Yes,Yes,Yes,Not Applicable,Not Applicable,Not Applicable,Not Applicable,Not Applicable,Not Applicable,Not Applicable,No,0,Not Applicable,No,Not Applicable,Yes,Yes,No,No,No,1,1851.01,1226.6,0.0,0.983,Mobile App,Valid Claim,Edge,33,System,-0.07672,B0724
REC01487,CLM01222,CUS00159,PRD00328,Air Conditioner,Cassette,Outdoor Unit,Compressor,Aster,AST-AIR-935,SN-42840022,2021-06-29,2026-04-07,2026-03-20,60,No,Cooling Failure,Internal Component Failure,Customer reports cooling failure affecting outdoor unit.,Not Applicable,Not Applicable,Not Applicable,Not Applicable,No,Not Applicable,Not Applicable,No,Outdoor Unit,Not Applicable,Yes,Yes,No,Yes,Yes,Yes,Yes,Not Applicable,Not Applicable,No,Not Applicable,Not Applicable,Not Applicable,No,0,Not Applicable,No,Not Applicable,Yes,Yes,No,No,No,0,2793.54,952.01,0.0,0.965,Mobile App,Manual Review,Safari,20,Light,0.71699,B0191
REC00893,CLM00321,CUS00242,PRD00924,Television,LED,Remote Control,Remote Control,Aster,,SN-22086758,2023-04-30,2024-01-18,2024-01-01,6,No,Connectivity Issue,Internal Component Failure,Customer reports connectivity issue affecting remote control.,No,Not Applicable,Not Applicable,Not Applicable,Not Applicable,No,Not Applicable,Not Applicable,Not Applicable,Not Applicable,Yes,Yes,Yes,Yes,,Yes,Not Applicable,Not Applicable,Not Applicable,Not Applicable,Not Applicable,Not Applicable,Not Applicable,No,0,Not Applicable,Yes,Yes,Yes,Yes,No,No,No,2,2361.72,-1.0,0.0,0.599,Web,Invalid Claim,MobileWebView,52,System,-0.33952,B0178
REC00790,CLM00065,CUS00678,PRD00886,Smartphone,Foldable Smartphone,Phone,Main Unit,PrimeView,PRI-SMA-865,SN-17284446,2025-03-09,2026-02-27,2026-02-19,12,No,Overheating,Water Damage,Customer reports overheating affecting phone.,No,Yes,Not Applicable,Not Applicable,Not Applicable,Not Applicable,Not Applicable,Not Applicable,Not Applicable,Not Applicable,No,No,No,No,Yes,Yes,Not Applicable,Not Applicable,Not Applicable,Not Applicable,Not Applicable,Not Applicable,Not Applicable,No,0,Not Applicable,No,Not Applicable,Unknown,Yes,No,No,No,1,1558.09,567.01,0.0,0.502,Email,Invalid Claim,Chrome,2,Light,-0.83236,B0264
REC00572,CLM01174,CUS00480,PRD00606,Refrigerator,Double Door,Cooling,Main Unit,ZenCore,ZEN-REF-123,SN-75775887,2024-02-14,2025-10-26,2024-01-19,24,No,Cooling Failure,Electrical Failure,Customer reports cooling failure affecting cooling.,Not Applicable,Not Applicable,Not Applicable,Household,Yes,Not Applicable,Not Applicable,Not Applicable,Not Applicable,Not Applicable,Yes,Yes,No,Yes,Yes,No,Not Applicable,Not Applicable,Not Applicable,Not Applicable,Not Applicable,Not Applicable,Not Applicable,No,0,Not Applicable,No,Not Applicable,Yes,Yes,No,No,No,0,712.56,476.87,0.0,0.734,Web,Manual Review,Chrome,3,System,-0.59217,B0571
REC00258,CLM01380,CUS00248,PRD00064,Air Conditioner,Portable,Indoor Unit,Main Unit,Aster,AST-AIR-577,SN-43957273,2023-12-13,2025-11-25,2025-11-07,24,No,Cooling Failure,Internal Component Failure,Customer reports cooling failure affecting indoor unit.,Not Applicable,Not Applicable,Not Applicable,Not Applicable,No,Not Applicable,Not Applicable,No,Indoor Unit,Not Applicable,Yes,Yes,Yes,Yes,Yes,Yes,No,Not Applicable,Not Applicable,Not Applicable,Not Applicable,Not Applicable,Not Applicable,No,0,Not Applicable,No,Not Applicable,Yes,Yes,No,No,No,0,454.47,427.09,0.0,0.836,Mobile App,Manual Review,Edge,49,System,-1.13677,B0756
REC00279,CLM00279,CUS00454,PRD00502,Refrigerator,Single Door,Other,Main Unit,Aster,AST-REF-784,SN-25239334,2024-03-23,2025-04-04,2025-03-31,24,No,Mechanical Failure,Electrical Failure,Customer reports mechanical failure affecting other.,Not Applicable,Not Applicable,Not Applicable,Household,Yes,Not Applicable,Not Applicable,Not Applicable,Not Applicable,Not Applicable,Yes,Yes,Yes,Yes,Yes,Yes,Not Applicable,Not Applicable,Not Applicable,Not Applicable,Not Applicable,Not Applicable,Not Applicable,No,0,Not Applicable,No,Not Applicable,Yes,No,No,No,No,0,2472.84,2285.4,0.0,0.974,Web,Manual Review,MobileWebView,51,Light,0.72616,B0425
REC00431,CLM01384,CUS00314,PRD00506,Camera,Action Camera,Battery,Battery,PrimeView,PRI-CAM-758,SN-79242403,2024-04-21,2024-09-19,2026-99-41,6,No,Power Failure,Manufacturing Defect,Customer reports power failure affecting battery.,No,Unknown,Yes,Not Applicable,Not Applicable,Not Applicable,Not Applicable,Not Applicable,Not Applicable,Not Applicable,Yes,Yes,Yes,Yes,Yes,Yes,Not Applicable,Not Applicable,Not Applicable,Not Applicable,Not Applicable,Not Applicable,Not Applicable,No,0,Not Applicable,No,Not Applicable,Yes,Yes,No,No,NO,2,670.0,541.67,,0.927,Email,Valid Claim,Edge,40,Light,-0.62888,B0412
REC00665,CLM01418,CUS00472,PRD00680,Laptop,Consumer Laptop,Device,Main Unit,ZenCore,ZEN-LAP-731,SN-66211635,2022-06-25,2024-04-05,2024-03-18,24,No,Power Failure,Manufacturing Defect,Customer reports power failure affecting device.,No,No,Not Applicable,Not Applicable,Not Applicable,Not Applicable,Not Applicable,Not Applicable,Not Applicable,Not Applicable,Yes,Yes,Yes,No,No,Yes,Not Applicable,Not Applicable,Not Applicable,Not Applicable,Not Applicable,Not Applicable,Yes,Yes,1,Yes,No,Not Applicable,Yes,Yes,No,No,No,0,1669.54,288.28,107.3,0.8,Web,Manual Review,Firefox,57,Dark,-1.99907,B0557
REC01313,CLM01285,CUS00001,PRD00068,Printer,Inkjet,Printing,Main Unit,NovaTech,NOV-PRI-670,SN-53652572,2025-03-15,2025-11-30,2025-11-22,12,No,Mechanical Failure,Manufacturing Defect,Customer reports mechanical failure affecting printing.,Not Applicable,Not Applicable,Not Applicable,Not Applicable,Yes,Not Applicable,No,Not Applicable,Not Applicable,Original,Yes,Yes,No,Yes,Yes,,Not Applicable,Not Applicable,Not Applicable,Not Applicable,Not Applicable,Yes,not applicable,No,0,Not Applicable,No,Not Applicable,Yes,Yes,No,No,No,1,335.46,72.07,0.0,0.776,Web,Valid Claim,MobileWebView,5,Light,1.49107,B0131
REC00284,CLM00142,CUS00626,PRD00326,Washing Machine,Top Load,Spinning,Main Unit,PrimeView,PRI-WAS-687,SN-33350728,2024-02-23,2026-02-06,2026-01-21,24,No,Mechanical Failure,Internal Component Failure,Customer reports mechanical failure affecting spinning.,Not Applicable,Not Applicable,Not Applicable,Household,Yes,Not Applicable,No,Not Applicable,Not Applicable,Not Applicable,Yes,Yes,Yes,Yes,Yes,Yes,Not Applicable,Not Applicable,Not Applicable,Not Applicable,Not Applicable,Not Applicable,Yes,Yes,3,Yes,No,Not Applicable,Yes,Yes,No,No,No,1,717.04,464.71,168.83,0.595,Web,Manual Review,MobileWebView,52,Light,-0.29351,B0240
REC00601,CLM01327,CUS00325,PRD00298,Laptop,Business Laptop,Charger,Power Adapter,ZenCore,ZEN-LAP-361,SN-84325516,2024-04-22,2025-03-10,2025-03-07,12,No,Display Failure,Internal Component Failure,Customer reports display failure affecting charger.,No,No,Not Applicable,Not Applicable,Not Applicable,Not Applicable,Not Applicable,Not Applicable,Not Applicable,Not Applicable,No,Yes,No,,Yes,No,Not Applicable,Not Applicable,Not Applicable,Not Applicable,Not Applicable,Not Applicable,Not Applicable,No,0,Not Applicable,No,Not Applicable,Yes,Yes,No,No,No,1,2153.31,388.69,0.0,0.931,Web,Manual Review,Edge,40,System,2.12791,B0643
REC00107,CLM01004,CUS00186,PRD00116,Refrigerator,Side-by-Side,Other,Main Unit,ZenCore,ZEN-REF-118,SN-63660975,2023-12-21,2026-07-24,2026-07-08,24,Yes,Mechanical Failure,Internal Component Failure,Customer reports mechanical failure affecting other.,Not Applicable,Not Applicable,Not Applicable,Household,Unknown,Not Applicable,Not Applicable,Not Applicable,Not Applicable,Not Applicable,No,Yes,Yes,Yes,Yes,Yes,Not Applicable,Not Applicable,Not Applicable,Not Applicable,Not Applicable,Not Applicable,Not Applicable,No,0,Not Applicable,No,Not Applicable,Yes,Yes,No,No,No,0,2887.88,1065.38,0.0,0.831,Web,Valid Claim,Edge,53,Light,-1.26183,B0726
REC00999,CLM00960,CUS00315,PRD00291,Laptop,2-in-1,Device,Main Unit,NovaTech,NOV-LAP-811,SN-74665708,2024-03-10,2025-12-27,2025-12-13,24,No,Display Failure,Internal Component Failure,Customer reports display failure affecting device.,No,No,Not Applicable,Not Applicable,Not Applicable,Not Applicable,Not Applicable,Not Applicable,Not Applicable,Not Applicable,Yes,,No,Yes,Yes,Yes,Not Applicable,Not Applicable,Not Applicable,Not Applicable,Not Applicable,Not Applicable,Not Applicable,No,0,Not Applicable,No,Not Applicable,Yes,Yes,No,No,No,1,1036.59,864.33,0.0,0.916,Mobile App,Valid Claim,Firefox,34,Light,1.23275,B0877
REC01437,CLM00746,CUS00594,PRD00228,Camera,DSLR,Camera Body,Camera Body,NovaTech,NOV-CAM-536,SN-66768194,2023-07-14,2024-09-06,2024-08-15,24,No,Battery Problem,Electrical Failure,Customer reports battery problem affecting camera body.,Unknown,No,Yes,Not Applicable,Not Applicable,Not Applicable,Not Applicable,Not Applicable,Not Applicable,Not Applicable,Yes,Yes,Yes,Yes,Yes,Yes,Not Applicable,Not Applicable,Not Applicable,Not Applicable,Not Applicable,Not Applicable,Yes,Yes,2,Yes,No,Not Applicable,Yes,Yes,No,No,No,0,1237.4,1123.6,124.78,0.734,Email,Valid Claim,Firefox,6,Dark,-0.42618,B0686
REC01082,CLM00297,CUS00437,PRD00797,Laptop,Gaming Laptop,Not Sure,Main Unit,ZenCore,ZEN-LAP-172,SN-55899456,2022-11-03,2024-01-28,2024-01-07,24,No,Display Failure,Manufacturing Defect,Customer reports display failure affecting not sure.,No,No,Not Applicable,Not Applicable,Not Applicable,Not Applicable,Not Applicable,Not Applicable,Not Applicable,Not Applicable,Yes,yes,No,Yes,Yes,Yes,Not Applicable,Not Applicable,Not Applicable,Not Applicable,Not Applicable,Not Applicable,Not Applicable,No,0,Not Applicable,No,Not Applicable,Yes,Yes,No,No,No,0,2575.65,2351.54,0.0,0.615,Email,Manual Review,Safari,48,System,-0.53655,B0503
REC00519,CLM00918,CUS00588,PRD00722,Laptop,Gaming Laptop,Device,Main Unit,NovaTech,NOV-LAP-996,SN-77520562,2024-12-10,2026-02-08,2026-02-07,24,No,Overheating,Physical Damage,Customer reports overheating affecting device.,Yes,No,Not Applicable,Not Applicable,Not Applicable,Not Applicable,Not Applicable,Not Applicable,Not Applicable,Not Applicable,Yes,Yes,No,Yes,Yes,Yes,Not Applicable,Not Applicable,Not Applicable,Not Applicable,Not Applicable,Not Applicable,Yes,Yes,3,Yes,No,Not Applicable,Yes,Yes,No,No,No,2,2039.77,1404.77,641.83,,Service Center,Invalid Claim,Chrome,36,System,1.35483,B0933
REC00014,CLM01138,CUS00331,PRD00320,Air Conditioner,Cassette,Both,Main Unit,HomePro,HOM-AIR-354,SN-38221346,2022-09-21,2024-05-22,2024-04-23,24,No,Cooling Failure,Internal Component Failure,Customer reports cooling failure affecting both.,Not Applicable,Not Applicable,Not Applicable,Not Applicable,Yes,Not Applicable,Not Applicable,No,Both,Not Applicable,Yes,Yes,No,Yes,Yes,,Yes,Not Applicable,Not Applicable,Not Applicable,Not Applicable,Not Applicable,Not Applicable,No,0,Not Applicable,No,Not Applicable,Unknown,Yes,No,No,No,3,1773.31,643.72,0.0,0.792,Service Center,Manual Review,Chrome,35,Light,-0.35449,B0083
REC01142,CLM01099,CUS00016,PRD00388,Television,LED,Picture,Main Unit,Aster,AST-TEL-963,SN-30876106,2023-07-27,2024-08-19,2024-08-13,24,No,Display Failure,Manufacturing Defect,Customer reports display failure affecting picture.,No,Not Applicable,Not Applicable,Not Applicable,Not Applicable,Yes,Not Applicable,Not Applicable,Not Applicable,Not Applicable,No,Yes,No,Yes,Yes,,Not Applicable,Not Applicable,Not Applicable,Not Applicable,Not Applicable,Not Applicable,Not Applicable,No,0,Not Applicable,No,Not Applicable,Yes,Yes,No,No,No,0,2902.08,2381.46,0.0,0.931,Service Center,Valid Claim,Safari,4,Light,-0.11039,B0322
REC00583,CLM00852,CUS00509,PRD00215,Refrigerator,Side-by-Side,Water Leakage,Main Unit,ZenCore,,SN-24304896,2022-12-10,2024-07-04,2024-06-16,24,No,Water Leakage,Improper Ventilation,Customer reports water leakage affecting water leakage.,Not Applicable,Not Applicable,Not Applicable,Business,No,Not Applicable,Not Applicable,Not Applicable,Not Applicable,Not Applicable,Yes,Yes,No,No,Yes,Yes,Not Applicable,Not Applicable,Not Applicable,Not Applicable,Not Applicable,Not Applicable,Not Applicable,No,0,Not Applicable,No,Not Applicable,Yes,Yes,No,No,No,0,904.47,311.26,0.0,0.803,Web,Invalid Claim,MobileWebView,24,Light,1.28781,B0174
REC01221,CLM00001,CUS00257,PRD00473,Camera,Compact,Camera Body,Camera Body,PrimeView,PRI-CAM-531,SN-48121799,2022-06-27,2024-03-30,2024-03-07,24,No,Connectivity Issue,Manufacturing Defect,Customer reports connectivity issue affecting camera body.,No,No,Not Applicable,Not Applicable,Not Applicable,Not Applicable,Not Applicable,Not Applicable,Not Applicable,Not Applicable,Yes,Yes,No,Yes,Yes,Yes,Not Applicable,Not Applicable,Not Applicable,Not Applicable,Not Applicable,Not Applicable,Not Applicable,No,0,Not Applicable,No,Not Applicable,Yes,Yes,No,No,No,1,1747.3,735.54,0.0,0.917,Email,Valid Claim,MobileWebView,39,Light,0.4251,B0300
REC01016,CLM00270,CUS00430,PRD00889,Refrigerator,French Door,Not Sure,Main Unit,HomePro,HOM-REF-733,SN-68534197,2024-06-28,2025-11-08,2025-11-02,24,No,Water Leakage,Manufacturing Defect,Customer reports water leakage affecting not sure.,Not Applicable,Not Applicable,Not Applicable,Household,Yes,Not Applicable,Not Applicable,Not Applicable,Not Applicable,Not Applicable,Yes,Yes,No,Yes,Yes,Yes,Not Applicable,Not Applicable,Not Applicable,Not Applicable,Not Applicable,Not Applicable,Yes,Yes,2,Yes,No,Not Applicable,Yes,Yes,No,No,No,1,1244.53,646.36,397.24,,Service Center,Valid Claim,Firefox,40,System,-0.24322,B0011
REC00781,CLM00055,CUS00685,PRD00985,Refrigerator,Side-by-Side,Other,Main Unit,ZenCore,ZEN-REF-350,SN-94353202,2021-08-29,2024-07-26,2024-07-25,24,Yes,Mechanical Failure,Internal Component Failure,Customer reports mechanical failure affecting other.,Not Applicable,Not Applicable,Not Applicable,Household,Yes,Not Applicable,Not Applicable,Not Applicable,Not Applicable,Not Applicable,Yes,Yes,Yes,Yes,Yes,Yes,Not Applicable,Not Applicable,Not Applicable,Not Applicable,Not Applicable,Not Applicable,Not Applicable,No,0,Not Applicable,No,Not Applicable,Yes,No,No,No,No,1,1435.69,997.54,0.0,0.921,Service Center,Manual Review,Safari,41,Dark,-0.23295,B0315
REC00039,CLM00848,CUS00172,PRD00357,Camera,Mirrorless,Camera Body,Camera Body,Aster,AST-CAM-560,SN-81910012,2022-04-07,2025-12-13,2025-11-21,24,Yes,Battery Problem,Internal Component Failure,Customer reports battery problem affecting camera body.,No,No,Yes,Not Applicable,Not Applicable,Not Applicable,Not Applicable,Not Applicable,Not Applicable,Not Applicable,Yes,Yes,Yes,Yes,Yes,No,Not Applicable,Not Applicable,Not Applicable,Not Applicable,Not Applicable,Not Applicable,Not Applicable,No,0,Not Applicable,Yes,Yes,Yes, Yes ,NO,No,No,2,2196.16,2044.55,0.0,0.89,Mobile App,Invalid Claim,MobileWebView,36,System,-0.65199,B0569
REC00116,CLM01443,CUS00395,PRD00602,Printer,Inkjet,Connection,Main Unit,PrimeView,PRI-PRI-928,SN-88735799,2023-05-01,2024-04-11,2024-03-16,12,No,Connectivity Issue,Electrical Failure,Customer reports connectivity issue affecting connection.,Not Applicable,Not Applicable,Not Applicable,Not Applicable,No,Not Applicable,No,Not Applicable,Not Applicable,Original,No,No,Yes,Yes,Yes,No,Not Applicable,Not Applicable,Not Applicable,Not Applicable,Not Applicable,Yes,Not Applicable,No,0,Not Applicable, No ,Not Applicable,Yes,Yes,No,No,No,0,594.27,60.31,,0.733,Mobile App,Manual Review,MobileWebView,42,Dark,0.93485,B0426
REC00521,CLM00871,CUS00166,PRD00412,Laptop,Business Laptop,Device,Main Unit,NovaTech,NOV-LAP-175,SN-69035263,2025-07-18,2026-08-23,2026-08-05,24,No,Overheating,Manufacturing Defect,Customer reports overheating affecting device.,No,No,Not Applicable,Not Applicable,Not Applicable,Not Applicable,Not Applicable,Not Applicable,Not Applicable,Not Applicable,Yes,Yes,Yes,Yes,Yes,Yes,Not Applicable,Not Applicable,Not Applicable,Not Applicable,Not Applicable,Not Applicable,No,Yes,2,YES,No,Not Applicable,No,Yes,No,No,No,1,1496.7,825.18,226.66,0.943,Web,Invalid Claim,Safari,45,Dark,0.19995,B0816
REC00800,CLM01125,CUS00264,PRD00230,Television,OLED,Connection,Main Unit,HomePro,HOM-TEL-975,SN-44016599,2023-10-28,2026-08-16,2026-08-04,24,Yes,Connectivity Issue,Internal Component Failure,Customer reports connectivity issue affecting connection.,No,Not Applicable,Not Applicable,Not Applicable,Not Applicable,No,Not Applicable,Not Applicable,Not Applicable,Not Applicable,No,Yes,No,Yes,Yes,Yes,Not Applicable,Not Applicable,Not Applicable,Not Applicable,Not Applicable,Not Applicable,Yes,Yes,3,Yes,No,Not Applicable,Yes,Yes,No,No,No,0,2612.55,,118.41,0.889,Web,Valid Claim,Safari,23,System,0.44369,B0914
REC00454,CLM00699,CUS00089,PRD00809,Camera,Compact,Camera Body,Camera Body,NovaTech,NOV-CAM-777,SN-35136094,2023-03-05,2025-09-26,2025-09-11,24,No,Lens Failure,Manufacturing Defect,Customer reports lens failure affecting camera body.,No,No,Not Applicable,Not Applicable,Not Applicable,Not Applicable,Not Applicable,Not Applicable,Not Applicable,Not Applicable,Yes,Yes,Yes,Yes,,No,Not Applicable,Not Applicable,Not Applicable,Not Applicable,Not Applicable,Not Applicable,,No,0,Not Applicable,No,Not Applicable,Yes,Yes,No,No,No,2,3407.85,826.6,0.0,0.852,Web,Invalid Claim,Edge,19,Light,0.08988,B0323
REC00791,CLM00325,CUS00096,PRD00008,Television,OLED,Power,Main Unit,PrimeView,PRI-TEL-207,SN-49137903,2022-06-16,2025-05-14,2025-04-27,24,No,Power Failure,Electrical Failure,Customer reports power failure affecting power.,No,Not Applicable,Not Applicable,Not Applicable,Not Applicable,Yes,Not Applicable,Not Applicable,Not Applicable,Not Applicable,Yes,,Yes,Yes,Yes,Yes,Not Applicable,Not Applicable,Not Applicable,Not Applicable,Not Applicable,Not Applicable,Not Applicable,No,0,Not Applicable,No,Not Applicable,Yes,Yes,No,No,No,1,2726.48,2293.94,0.0,0.723,Mobile App,Invalid Claim,Firefox,0,Light,-0.00503,B0567
REC00607,CLM00549,CUS00261,PRD00497,Refrigerator,Side-by-Side,Cooling,Main Unit,HomePro,HOM-REF-758,SN-43552005,2022-02-12,2024-07-05,2024-06-25,24,Yes,Cooling Failure,Electrical Failure,Customer reports cooling failure affecting cooling.,Not Applicable,Not Applicable,Not Applicable,Household,No,Not Applicable,Not Applicable,Not Applicable,Not Applicable,Not Applicable,Yes,Yes,Yes,Yes,Yes,,Not Applicable,Not Applicable,Not Applicable,Not Applicable,Not Applicable,Not Applicable,Yes,Yes,3,Yes,No,Not Applicable,Yes,No,No,No,No,0,2130.69,1404.1,599.15,,Mobile App,Manual Review,Chrome,31,System,-0.03684,B0318
REC01138,CLM00583,CUS00091,PRD00456,Television,OLED,Power,Main Unit,HomePro,HOM-TEL-660,SN-31314283,2024-04-15,2026-01-20,2026-01-04,24,No,Power Failure,Manufacturing Defect,Customer reports power failure affecting power.,No,Not Applicable,Not Applicable,Not Applicable,Not Applicable,Yes,Not Applicable,Not Applicable,Not Applicable,Not Applicable,Yes,Yes,Yes,,,Yes,Not Applicable,Not Applicable,Not Applicable,Not Applicable,Not Applicable,Not Applicable,Not Applicable,No,-1,Not Applicable,No,Not Applicable,Yes,Yes,No,No,No,1,1641.05,762.01,0.0,0.542,Service Center,Manual Review,Safari,45,Dark,0.01568,B0091
REC00703,CLM00265,CUS00626,PRD00116,Smartphone,Standard Smartphone,Phone,Main Unit,Aster,AST-SMA-684,SN-49747320,2025-05-15,2025-11-14,2025-10-30,12,No,Battery Problem,Electrical Failure,Customer reports battery problem affecting phone.,No,No,Yes,Not Applicable,Not Applicable,Not Applicable,Not Applicable,Not Applicable,Not Applicable,Not Applicable,Yes,Yes,No,Yes,Yes,Yes,Not Applicable,Not Applicable,Not Applicable,Not Applicable,Not Applicable,Not Applicable,Not Applicable,No,0,Not Applicable,No,Not Applicable,Yes,Yes,No,No,No,0,557.63,500.94,0.0,0.948,Mobile App,Valid Claim,Firefox,30,Light,-0.02564,B0784
REC00435,CLM01075,CUS00675,PRD00782,Air Conditioner,Portable,Both,Main Unit,ZenCore,ZEN-AIR-280,SN-83136024,not-a-date,2024-03-24,2024-03-15,24,No,Cooling Failure,Electrical Failure,Customer reports cooling failure affecting both.,Not Applicable,Not Applicable,Not Applicable,Not Applicable,Unknown,Not Applicable,Not Applicable,No,Both,Not Applicable,Yes,No,Yes,Yes,Yes,Yes,Yes,Not Applicable,Not Applicable,Not Applicable,Not Applicable,Not Applicable,Not Applicable,No,0,Not Applicable,No,Not Applicable,Yes,Yes,No,No,No,2,2672.89,1812.8,0.0,0.964,Email,Valid Claim,Chrome,40,System,-1.37468,B0455
REC01436,CLM00044,CUS00045,PRD00437,Television,LED,Picture,Main Unit,HomePro,HOM-TEL-948,SN-93323311,2024-03-22,2025-04-02,2025-03-25,24,No,Display Failure,Improper Wall Mounting,Customer reports display failure affecting picture.,No,Not Applicable,Not Applicable,Not Applicable,Not Applicable,No,Not Applicable,Not Applicable,Not Applicable,Not Applicable,No,Yes,No,Yes,Yes,Yes,Not Applicable,Not Applicable,Not Applicable,Not Applicable,Not Applicable,Not Applicable,,No,0,Not Applicable,No,Not Applicable,Yes,Yes,No,No,No,1,678.08,511.53,0.0,0.863,Service Center,Invalid Claim,Safari,56,System,0.3764,B0041
REC00574,CLM01461,CUS00140,PRD00818,Smartphone,Standard Smartphone,Phone,Main Unit,PrimeView,PRI-SMA-677,SN-79575208,2024-11-27,2025-06-22,2025-06-11,12,No,Connectivity Issue,Electrical Failure,Customer reports connectivity issue affecting phone.,No,No,Not Applicable,Not Applicable,Not Applicable,Not Applicable,Not Applicable,Not Applicable,Not Applicable,Not Applicable,Yes,Yes,No,Yes,Yes,Yes,Not Applicable,Not Applicable,Not Applicable,Not Applicable,Not Applicable,Not Applicable,Yes,Yes,3,Yes,No,Not Applicable,Unknown,Yes,No,No,No,2,1321.94,511.92,440.94,0.737,Service Center,Manual Review,Safari,3,System,1.82096,B0011
REC00899,CLM01399,CUS00128,PRD00537,Television,OLED,Picture,Main Unit,PrimeView,PRI-TEL-414,SN-94290751,2022-05-16,2024-02-24,2024-02-05,24,No,Display Failure,Electrical Failure,Customer reports display failure affecting picture.,No,Not Applicable,Not Applicable,Not Applicable,Not Applicable,Yes,Not Applicable,Not Applicable,Not Applicable,Not Applicable,Yes,No,Yes,Yes,,Yes,Not Applicable,Not Applicable,Not Applicable,Not Applicable,Not Applicable,Not Applicable,Not Applicable,No,0,Not Applicable,No,Not Applicable,Yes,Yes,No,No,No,1,2479.12,1424.0,0.0,0.798,Web,Valid Claim,Chrome,51,Light,0.62293,B0865
REC00935,CLM01187,CUS00413,PRD00220,Air Conditioner,Split,Indoor Unit,Main Unit,ZenCore,ZEN-AIR-158,SN-82381818,2023-01-08,2024-12-09,2024-11-29,24,No,Water Leakage,Electrical Failure,Customer reports water leakage affecting indoor unit.,Not Applicable,Not Applicable,Not Applicable,Not Applicable,Unknown,Not Applicable,Not Applicable,No,Indoor Unit,Not Applicable,,Yes,Yes,Yes,Yes,Yes,Yes,Not Applicable,Not Applicable,Not Applicable,Not Applicable,Not Applicable,No,Yes,3,Yes,No,Not Applicable,Yes,No,No,No,No,0,1079.76,136.19,467.5,0.772,Mobile App,Manual Review,Chrome,9,Light,-0.66837,B0065
REC00807,CLM01437,CUS00582,PRD00227,Smartphone,Standard Smartphone,Phone,Main Unit,NovaTech,NOV-SMA-944,SN-75084519,2024-05-07,2025-11-21,2025-11-10,12,Yes,Overheating,Electrical Failure,Customer reports overheating affecting phone.,Unknown,Unknown,Not Applicable,Not Applicable,Not Applicable,Not Applicable,Not Applicable,Not Applicable,Not Applicable,Not Applicable,Yes,Yes,No,Yes,Yes,no,Not Applicable,Not Applicable,Not Applicable,Not Applicable,Not Applicable,Not Applicable,Not Applicable,No,0,Not Applicable,No,Not Applicable,Yes,Yes,No,No,Yes,0,1434.31,561.18,0.0,0.9,Service Center,Manual Review,MobileWebView,20,System,-0.01343,B0528
REC00318,CLM01447,CUS00136,PRD00965,Refrigerator,Double Door,Cooling,Main Unit,HomePro,HOM-REF-998,SN-90559989,2023-12-06,2025-11-16,2025-10-22,24,No,Cooling Failure,Internal Component Failure,Customer reports cooling failure affecting cooling.,Not Applicable,Not Applicable,Not Applicable,Household,No,Not Applicable,Not Applicable,Not Applicable,Not Applicable,Not Applicable,Yes,Yes,No,Yes,No,Yes,Not Applicable,Not Applicable,Not Applicable,Not Applicable,Not Applicable,Not Applicable,Not Applicable,No,0,Not Applicable,No,Not Applicable,Yes,Yes,NO,No,No,1,919.34,180.45,0.0,0.876,Web,Manual Review,Edge,39,System,-0.08989,B0567
REC01350,CLM00723,CUS00077,PRD00514,Air Conditioner,Split,Indoor Unit,Compressor,ZenCore,ZEN-AIR-529,SN-55166219,2020-12-11,2025-06-04,2025-05-30,60,No,Cooling Failure,Electrical Failure,Customer reports cooling failure affecting indoor unit.,Not Applicable,Not Applicable,Not Applicable,Not Applicable,Yes,Not Applicable,Not Applicable,No,Indoor Unit,Not Applicable,Yes,Yes,No,No,Yes,Yes,Yes,Not Applicable,Not Applicable,Yes,Not Applicable,Not Applicable,Not Applicable,No,0,Not Applicable,No,Not Applicable,Yes,Yes,No,No,No,0,2787.34,464.37,0.0,0.834,Mobile App,Valid Claim,Safari,47,Dark,-0.03615,B0248
REC00507,CLM00530,CUS00243,PRD00854,Refrigerator,Double Door,Water Leakage,Main Unit,Aster,AST-REF-431,SN-62854245,2023-12-14,2025-09-14,2025-09-01,24,No,Water Leakage,Commercial Misuse,Customer reports water leakage affecting water leakage.,Not Applicable,Not Applicable,Not Applicable,Household,Yes,Not Applicable,Not Applicable,Not Applicable,Not Applicable,Not Applicable,Yes,Yes,Yes,Yes,Yes,Yes,Not Applicable,Not Applicable,Not Applicable,Not Applicable,Not Applicable,Not Applicable,Not Applicable,No,0,Not Applicable,No,Not Applicable,Unknown,Yes,No,No,No,1,2286.71,990.29,0.0,0.944,Service Center,Invalid Claim,Chrome,13,Light,0.58174,B0782
REC00975,CLM00076,CUS00238,PRD00217,Air Conditioner,Portable,Indoor Unit,Main Unit,HomePro,HOM-AIR-729,SN-15119217,2023-02-11,2024-05-02,2024-04-11,24,No,Power Failure,Improper Installation,Customer reports power failure affecting indoor unit.,Not Applicable,Not Applicable,Not Applicable,Not Applicable,No,Not Applicable,Not Applicable,No,Indoor Unit,Not Applicable,No,Yes,No,Yes,Yes,Yes,Yes,Not Applicable,Not Applicable,Not Applicable,Not Applicable,Not Applicable,Yes,Yes,2,Yes,No,Not Applicable,Yes,Yes,No,No,Yes,2,2407.65,839.41,200.4,0.767,Mobile App,Invalid Claim,Edge,34,System,-0.94659,B0355
REC00168,CLM00684,CUS00525,PRD00185,Refrigerator,French Door,Other,Compressor,ZenCore,ZEN-REF-680,SN-65429699,2016-11-10,2026-08-19,2026-08-02,120,No,Mechanical Failure,Electrical Failure,Customer reports mechanical failure affecting other.,Not Applicable,Not Applicable,Not Applicable,Household,Unknown,Not Applicable,Not Applicable,Not Applicable,Not Applicable,Not Applicable,Yes,Yes,No,Yes,Yes,Yes,Not Applicable,Not Applicable,Not Applicable,Yes,Not Applicable,Not Applicable,,No,0,Not Applicable,No,Not Applicable,Yes,Yes,No,No,No,0,2673.12,1596.2,0.0,0.723,Web,Valid Claim,Chrome,7,Light,-0.11977,B0207
REC00774,CLM01106,CUS00435,PRD00342,Camera,Compact,Not Sure,Camera Body,PrimeView,PRI-CAM-668,SN-86914767,2023-11-03,2025-07-23,2025-06-29,24,no,Battery Problem,Electrical Failure,Customer reports battery problem affecting not sure.,No,No,Yes,Not Applicable,Not Applicable,Not Applicable,Not Applicable,Not Applicable,Not Applicable,Not Applicable,Yes,Yes,Yes,Yes,Yes,Yes,Not Applicable,Not Applicable,Not Applicable,Not Applicable,Not Applicable,Not Applicable,Not Applicable,No,0,Not Applicable,No,Not Applicable,Yes,Yes,No,No,No,1,3348.88,2191.55,0.0,0.806,Service Center,Valid Claim,Chrome,31,System,0.07483,B0525
REC01315,CLM00912,CUS00517,PRD00309,Camera,DSLR,Camera Body,Camera Body,NovaTech,NOV-CAM-477,SN-81555595,2025-01-24,2026-07-21,2026-07-14,24,No,Connectivity Issue,Manufacturing Defect,Customer reports connectivity issue affecting camera body.,No,No,Not Applicable,Not Applicable,Not Applicable,Not Applicable,Not Applicable,Not Applicable,Not Applicable,Not Applicable,Yes,Yes,No,Yes,Yes,Yes,Not Applicable,Not Applicable,Not Applicable,Not Applicable,Not Applicable,Not Applicable,Not Applicable,No,0,Not Applicable,No,Not Applicable,Yes,Yes,No,No,No,0,322.03,95.45,0.0,0.966,Service Center,Valid Claim,Chrome,25,System,-0.35355,B0054
REC01474,CLM01171,CUS00413,PRD00143,Air Conditioner,Cassette,Indoor Unit,Main Unit,ZenCore,ZEN-AIR-693,SN-75104930,2023-03-24,2025-01-30,2025-01-25,24,No,Cooling Failure,Internal Component Failure,Customer reports cooling failure affecting indoor unit.,Not Applicable,Not Applicable,Not Applicable,Not Applicable,No,Not Applicable,Not Applicable,No,Indoor Unit,Not Applicable,Yes,Yes,Yes,Yes,Yes,Yes,No,Not Applicable,Not Applicable,Not Applicable,Not Applicable,Not Applicable,Not Applicable,No,0,Not Applicable,No,Not Applicable,Yes,Yes,No,No,No,2,2651.6,692.19,0.0,0.481,Web,Manual Review,Safari,37,Dark,-1.52962,B0932
REC00070,CLM01436,CUS00456,PRD00145,Camera,Mirrorless,Camera Body,Camera Body,NovaTech,NOV-CAM-123,SN-42737639,2022-11-07,2025-09-17,2025-08-24,24,Yes,Power Failure,Electrical Failure,Customer reports power failure affecting camera body.,No,No,Not Applicable,Not Applicable,Not Applicable,Not Applicable,Not Applicable,Not Applicable,Not Applicable,Not Applicable,Yes,Yes,No,No,Yes,Yes,Not Applicable,Not Applicable,Not Applicable,Not Applicable,Not Applicable,Not Applicable,No,Yes,3,Yes,No,Not Applicable,Yes,Yes,No,No,No,0,2773.96,1652.75,212.75,0.949,Mobile App,Manual Review,Chrome,29,Dark,0.20444,B0439
REC00752,CLM00944,CUS00568,PRD00506,Refrigerator,Side-by-Side,Cooling,Compressor,Aster,AST-REF-494,SN-20019116,2015-09-18,2025-09-14,2025-09-06,120,No,Cooling Failure,Electrical Failure,Customer reports cooling failure affecting cooling.,Not Applicable,Not Applicable,Not Applicable,Business,No,Not Applicable,Not Applicable,Not Applicable,Not Applicable,Not Applicable,Yes,Yes,No,Yes,Yes,Yes,Not Applicable,Not Applicable,Not Applicable,Yes,Not Applicable,Not Applicable,Yes,Yes,1,No,No,Not Applicable,Yes,Yes,No,No,No,2,2736.13,1452.9,333.25,,Service Center,Invalid Claim,Safari,9,System,-0.40732,B0983
REC00371,CLM00419,CUS00514,PRD00856,Television,OLED,Sound,Main Unit,PrimeView,PRI-TEL-497,SN-39304839,2021-09-22,2024-06-08,2024-05-03,24,No,Audio Failure,Internal Component Failure,Customer reports audio failure affecting sound.,No,Not Applicable,Not Applicable,Not Applicable,Not Applicable,No,Not Applicable,Not Applicable,Not Applicable,Not Applicable,Yes,No,No,Yes,Yes,Yes,Not Applicable,Not Applicable,Not Applicable,Not Applicable,Not Applicable,Not Applicable,,No,0,Not Applicable,No,Not Applicable,Yes,Yes,No,No,No,0,3030.65,576.73,0.0,0.831,Mobile App,Invalid Claim,MobileWebView,42,Dark,-0.27539,B0756
REC00560,CLM00293,CUS00415,PRD00591,Laptop,Business Laptop,Device,Main Unit,,NOV-LAP-560,SN-88403574,2021-02-23,2024-10-09,2024-09-28,24,Yes,Connectivity Issue,Electrical Failure,Customer reports connectivity issue affecting device.,No,No,Not Applicable,Not Applicable,Not Applicable,Not Applicable,Not Applicable,Not Applicable,Not Applicable,Not Applicable,Yes,Yes,Yes,Yes,Yes,No,Not Applicable,Not Applicable,Not Applicable,Not Applicable,Not Applicable,Not Applicable,Yes,Yes,3,Yes,No,Not Applicable,Unknown,Yes,No,No,No,1,1734.18,669.17,629.31,0.738,Service Center,Invalid Claim,Edge,51,System,1.2295,B0621
REC01050,CLM00192,CUS00184,PRD00962,Refrigerator,French Door,Other,Main Unit,Aster,AST-REF-708,SN-29276709,2023-12-26,2025-12-24,2025-12-20,24,No,Mechanical Failure,Internal Component Failure,Customer reports mechanical failure affecting other.,Not Applicable,Not Applicable,Not Applicable,Business,No,Not Applicable,Not Applicable,Not Applicable,Not Applicable,Not Applicable,Yes,Yes,No,Yes,Yes,Yes,Not Applicable,Not Applicable,Not Applicable,Not Applicable,Not Applicable,Not Applicable,Not Applicable,No,0,Not Applicable,No,Not Applicable,Yes,Yes,NO,No,No,0,751.29,704.88,0.0,0.741,Web,Valid Claim,Chrome,33,System,0.47025,B0241
REC01209,CLM01226,CUS00065,PRD00834,Washing Machine,Front Load,Power,Main Unit,HomePro,HOM-WAS-872,SN-34539335,2022-05-07,2024-01-16,2024-01-04,24,No,Power Failure,Internal Component Failure,Customer reports power failure affecting power.,Not Applicable,Not Applicable,Not Applicable,Household,No,Not Applicable,No,Not Applicable,Not Applicable,Not Applicable,Yes,No,Yes,Yes,Yes,Yes,Not Applicable,Not Applicable,Not Applicable,Not Applicable,Not Applicable,Not Applicable,Not Applicable,No,0,Not Applicable,Yes,Yes,Yes,Yes,No,No,No,0,1043.13,873.19,0.0,,Email,Valid Claim,Edge,59,Light,-0.97002,B0178
REC00856,CLM01303,CUS00579,PRD00806,Refrigerator,Single Door,Noise,Main Unit,HomePro,HOM-REF-437,SN-47196567,2024-01-04,2025-11-03,2025-10-11,24,No,Noise,Manufacturing Defect,Customer reports noise affecting noise.,Not Applicable,Not Applicable,Not Applicable,Business,Yes,Not Applicable,Not Applicable,Not Applicable,Not Applicable,Not Applicable,Yes,Yes,Yes,Yes,Yes,Yes,Not Applicable,Not Applicable,Not Applicable,Not Applicable,Not Applicable,Not Applicable,Not Applicable,No,0,Not Applicable,No,Not Applicable,Yes,Yes,No,Yes,No,1,2410.89,2286.63,0.0,0.799,Service Center,Valid Claim,Safari,44,Light,0.00945,B0930
REC00266,CLM00437,CUS00085,PRD00370,Television,Mini-LED,Power,Main Unit,Aster,AST-TEL-887,SN-82652139,2023-02-03,2025-06-23,2025-05-19,24,Yes,Power Failure,Manufacturing Defect,Customer reports power failure affecting power.,No,Not Applicable,Not Applicable,Not Applicable,Not Applicable,Yes,Not Applicable,Not Applicable,Not Applicable,Not Applicable,Yes,Yes,No,Yes,Yes,Yes,Not Applicable,Not Applicable,Not Applicable,Not Applicable,Not Applicable,Not Applicable,Not Applicable,No,0,Not Applicable,No,Not Applicable,Yes,Yes,N,No,No,0,2920.89,983.88,0.0,0.82,Service Center,Invalid Claim,MobileWebView,39,Dark,-0.37061,B0732
REC00328,CLM00672,CUS00676,PRD00669,Camera,Compact,Camera Body,Camera Body,NovaTech,NOV-CAM-207,SN-14406036,2024-10-20,2026-09-11,2026-08-31,24,No,Power Failure,Electrical Failure,Customer reports power failure affecting camera body.,No,No,Not Applicable,Not Applicable,Not Applicable,Not Applicable,Not Applicable,Not Applicable,Not Applicable,Not Applicable,Yes,Yes,Yes,Yes,Yes,Yes,Not Applicable,Not Applicable,Not Applicable,Not Applicable,Not Applicable,Not Applicable,Yes,Yes,1,Yes,No,Not Applicable,Yes,Yes,No,No,No,0,2207.27,901.73,,0.956,Service Center,Valid Claim,Edge,35,System,1.63229,B0613
REC01004,CLM01496,CUS00385,PRD00834,Air Conditioner,Portable,Not Sure,Main Unit,Aster,AST-AIR-794,SN-74098570,2024-06-14,2026-06-22,2026-06-07,24,Yes,Cooling Failure,Manufacturing Defect,Customer reports cooling failure affecting not sure.,Not Applicable,Not Applicable,Not Applicable,Not Applicable,Yes,Not Applicable,Not Applicable,No,Not Sure,Not Applicable,Yes,Yes,No,Yes,Yes,Yes,No,Not Applicable,Not Applicable,Not Applicable,Not Applicable,Not Applicable,Not Applicable,No,0,Not Applicable,No,Not Applicable,Yes,Yes,No,No,No,1,1676.61,1568.1,0.0,0.965,Web,Manual Review,MobileWebView,41,Dark,-0.62986,B0459
REC00976,CLM01320,CUS00131,PRD00046,Printer,Inkjet,Power,Main Unit,HomePro,HOM-PRI-962,SN-19687484,2024-11-09,2025-06-13,2025-05-20,12,No,Power Failure,Electrical Failure,Customer reports power failure affecting power.,Not Applicable,Not Applicable,Not Applicable,Not Applicable,Unknown,Not Applicable,No,Not Applicable,Not Applicable,Original,Yes,Yes,Yes,Yes,Yes,Yes,Not Applicable,Not Applicable,Not Applicable,Not Applicable,Not Applicable,Yes,Not Applicable,No,0,Not Applicable,No,Not Applicable,Yes,Yes,No,No,No,0,500.44,317.98,0.0,0.734,Web,Valid Claim,Firefox,33,System,0.50128,B0785
REC01226,CLM00679,CUS00200,PRD00657,Refrigerator,Single Door,Not Sure,Main Unit,ZenCore,ZEN-REF-805,SN-95135404,2021-10-26,2025-06-22,2025-06-18,24,Yes,Noise,Manufacturing Defect,Customer reports noise affecting not sure.,Not Applicable,Not Applicable,Not Applicable,Household,No,Not Applicable,Not Applicable,Not Applicable,Not Applicable,Not Applicable,Yes,Yes,No,Yes,Yes,,Not Applicable,Not Applicable,Not Applicable,Not Applicable,Not Applicable,Not Applicable,,No,0,Not Applicable,No,Not Applicable,Unknown,Yes,No,No,No,1,1223.87,-500.0,0.0,0.977,Email,Invalid Claim,Edge,47,Light,1.16954,B0731
REC00262,CLM01477,CUS00571,PRD00192,Smartphone,Standard Smartphone,Phone,Main Unit,PrimeView,PRI-SMA-859,SN-15899949,2023-07-07,2025-06-19,2025-06-06,12,Yes,Battery Problem,Internal Component Failure,Customer reports battery problem affecting phone.,No,No,Yes,Not Applicable,Not Applicable,Not Applicable,Not Applicable,Not Applicable,Not Applicable,Not Applicable,Yes,Yes,Yes,No,Yes,Yes,Not Applicable,Not Applicable,Not Applicable,Not Applicable,Not Applicable,Not Applicable,No,Yes,3,Yes,No,Not Applicable,Yes,Yes,No,No,No,1,255.09,210.71,462.85,0.851,Email,Manual Review,MobileWebView,24,Dark,0.21662,B0939
REC00200,CLM00430,CUS00552,PRD00792,Air Conditioner,Cassette,Indoor Unit,Main Unit,ZenCore,ZEN-AIR-485,SN-52071154,2024-10-22,2026-01-22,2025-12-30,24,No,Power Failure,Manufacturing Defect,Customer reports power failure affecting indoor unit.,Not Applicable,Not Applicable,Not Applicable,Not Applicable,No,Not Applicable,Not Applicable,Unknown,Indoor Unit,Not Applicable,Yes,Yes,Yes,Yes,No,Yes,Yes,Not Applicable,Not Applicable,Not Applicable,Not Applicable,Not Applicable,Not Applicable,No,0,Not Applicable,No,Not Applicable,Yes,Yes,No,No,No,1,2203.73,1517.3,0.0,0.868,Email,Manual Review,Chrome,13,Dark,-0.23132,B0463
REC00045,CLM00422,CUS00211,PRD00433,Washing Machine,Washer Dryer,Water Leakage,Main Unit,HomePro,HOM-WAS-421,SN-78445872,2024-02-27,2025-04-25,2025-04-10,24,No,Water Leakage,Electrical Failure,Customer reports water leakage affecting water leakage.,Not Applicable,Not Applicable,Not Applicable,Household,Yes,Not Applicable,No,Not Applicable,Not Applicable,Not Applicable,Yes,No,Yes,Yes,Yes,Yes,Not Applicable,Not Applicable,Not Applicable,Not Applicable,Not Applicable,Not Applicable,Not Applicable,No,0,Not Applicable,No,Not Applicable,Yes,Yes,No,No,No,1,578.84,71.67,0.0,0.921,Web,Valid Claim,Edge,46,System,-0.47894,B0589
REC00090,CLM01115,CUS00677,PRD00826,Washing Machine,Top Load,Water Leakage,Main Unit,HomePro,HOM-WAS-352,SN-80222437,2023-12-03,2025-07-14,2025-07-01,24,No,Water Leakage,Internal Component Failure,Customer reports water leakage affecting water leakage.,Not Applicable,Not Applicable,Not Applicable,Household,Yes,Not Applicable,No,Not Applicable,Not Applicable,Not Applicable,Yes,Yes,No,Yes,Yes,Yes,Not Applicable,Not Applicable,Not Applicable,Not Applicable,Not Applicable,Not Applicable,Not Applicable,No,0,Not Applicable,No,Not Applicable,Yes,No,No,No,No,0,1063.05,911.31,,0.636,Web,Manual Review,Chrome,36,Dark,0.31768,B0168
REC01197,CLM01318,CUS00123,PRD00215,Smartphone,Standard Smartphone,Phone,Main Unit,Aster,AST-SMA-982,SN-86489926,2023-02-19,2024-01-21,2024-01-14,12,No,Overheating,Electrical Failure,Customer reports overheating affecting phone.,No,No,Not Applicable,Not Applicable,Not Applicable,Not Applicable,Not Applicable,Not Applicable,Not Applicable,Not Applicable,Yes,Yes,No,Yes,Yes,Yes,Not Applicable,Not Applicable,Not Applicable,Not Applicable,Not Applicable,Not Applicable,Not Applicable,No,0,Not Applicable,No,Not Applicable,Yes,Yes,No,No,No,1,1735.33,1422.99,0.0,0.811,Web,Valid Claim,Chrome,9,System,-1.73192,B0358
REC00083,CLM00254,CUS00208,PRD00668,Laptop,Business Laptop,Not Sure,Main Unit,ZenCore,ZEN-LAP-698,SN-65490471,2023-04-14,2025-03-17,2025-03-09,24,No,Connectivity Issue,Electrical Failure,Customer reports connectivity issue affecting not sure.,No,No,Not Applicable,Not Applicable,Not Applicable,Not Applicable,Not Applicable,Not Applicable,Not Applicable,Not Applicable,Yes,Yes,Yes,Yes,Yes,Yes,Not Applicable,Not Applicable,Not Applicable,Not Applicable,Not Applicable,Not Applicable,Not Applicable,No,0,Not Applicable,No,Not Applicable,Yes,Yes,No,No,No,0,1790.58,1193.23,0.0,0.94,Web,Valid Claim,Chrome,55,Dark,0.43313,B0417
REC01044,CLM01271,CUS00292,PRD00441,Laptop,2-in-1,Not Sure,Power Adapter,ZenCore,ZEN-LAP-260,SN-79950201,2023-12-28,2024-10-19,2024-10-07,12,No,Battery Problem,Manufacturing Defect,Customer reports battery problem affecting not sure.,No,Yes,Unknown,Not Applicable,Not Applicable,Not Applicable,Not Applicable,Not Applicable,Not Applicable,Not Applicable,Yes,Yes,No,Yes,Yes,,Not Applicable,Not Applicable,Not Applicable,Not Applicable,Not Applicable,Not Applicable,Yes,Yes,2,Yes,No,Not Applicable,Yes,Yes,No,No,No,1,2276.94,1766.39,82.78,0.904,Web,Valid Claim,Firefox,37,System,-0.23809,B0323
REC00287,CLM00161,CUS00676,PRD00462,Laptop,Gaming Laptop,Charger,Power Adapter,Aster,AST-LAP-183,SN-72108681,2024-01-10,2024-12-18,2024-12-10,12,No,Power Failure,Physical Damage,Customer reports power failure affecting charger.,Yes,No,Not Applicable,Not Applicable,Not Applicable,Not Applicable,Not Applicable,Not Applicable,Not Applicable,Not Applicable,,Yes,No,Yes,Yes,Yes,Not Applicable,Not Applicable,Not Applicable,Not Applicable,Not Applicable,Not Applicable,,No,0,Not Applicable,No,Not Applicable,Yes,Yes,No,No,No,0,2109.39,301.8,,0.726,SERVICE CENTER,Invalid Claim,Firefox,43,Light,-1.30095,B0384
REC-DUP-0012,CLM01241,CUS00074,PRD00849,Television,LED,Picture,Main Unit,HomePro,HOM-TEL-499,SN-64139088,2024-08-03,2026-02-16,2026-01-29,24,No,Display Failure,Manufacturing Defect,Customer reports display failure affecting picture.,No,Not Applicable,Not Applicable,Not Applicable,Not Applicable,No,Not Applicable,Not Applicable,Not Applicable,Not Applicable,No,Yes,No,Yes,Yes,Yes,Not Applicable,Not Applicable,Not Applicable,Not Applicable,Not Applicable,Not Applicable,Not Applicable,No,0,Not Applicable,No,Not Applicable,Y,Yes,No,No,No,1,1945.03,1132.0,0.0,0.867,Email,Valid Claim,MobileWebView,36,System,-0.14574,B0280
REC-DUP-0002,CLM01097,CUS00275,PRD00603,Camera,Action Camera,Camera Body,Camera Body,PrimeView,PRI-CAM-210,SN-56675993,2023-05-19,2024-12-21,2024-12-06,24,No,Connectivity Issue,Electrical Failure,Customer reports connectivity issue affecting camera body.,No,No,Not Applicable,Not Applicable,Not Applicable,Not Applicable,Not Applicable,Not Applicable,Not Applicable,Not Applicable,Yes,Yes,Yes,Yes,Yes,Yes,Not Applicable,Not Applicable,Not Applicable,Not Applicable,Not Applicable,Not Applicable,Not Applicable,No,0,Not Applicable,No,Not Applicable,Yes,Yes,No,No,No,0,1467.91,1083.71,0.0,0.778,Email,Valid Claim,MobileWebView,59,System,0.33871,B0874
REC00568,CLM01044,CUS00103,PRD00980,Printer,Inkjet,Connection,Print Head,PrimeView,PRI-PRI-840,SN-57458160,2025-04-20,2025-10-16,2025-09-27,12,No,Connectivity Issue,Electrical Failure,Customer reports connectivity issue affecting connection.,Not Applicable,Not Applicable,Not Applicable,Not Applicable,Yes,Not Applicable,Unknown,Not Applicable,Not Applicable,Unknown,No,Yes,No,Yes,Yes,Yes,Not Applicable,Not Applicable,Not Applicable,Not Applicable,Not Applicable,Yes,Not Applicable,No,0,Not Applicable,No,Not Applicable,Yes,Yes,No,No,No,1,1075.08,680.32,0.0,0.839,Service Center,Valid Claim,Firefox,55,Light,0.93911,B0033
REC00827,CLM00077,CUS00132,PRD00952,Television,QLED,Sound,Main Unit,PrimeView,PRI-TEL-800,SN-92139614,2025-01-08,2026-03-19,2026-99-41,24,No,Audio Failure,Internal Component Failure,Customer reports audio failure affecting sound.,No,Not Applicable,Not Applicable,Not Applicable,Not Applicable,Yes,Not Applicable,Not Applicable,Not Applicable,Not Applicable,Yes,Yes,Yes,Yes,Yes,Yes,Not Applicable,Not Applicable,Not Applicable,Not Applicable,Not Applicable,Not Applicable,Not Applicable,No,0,Not Applicable,No,Not Applicable,Yes,Yes,No,No,No,0,639.43,340.23,0.0,0.895,Mobile App,Valid Claim,Chrome,16,Dark,-0.93938,B0627
REC00087,CLM01151,CUS00493,PRD00359,Television,LED,Connection,Main Unit,HomePro,HOM-TEL-120,SN-33052625,2024-08-12,2025-10-28,2025-10-04,24,No,Connectivity Issue,Electrical Failure,Customer reports connectivity issue affecting connection.,No,Not Applicable,Not Applicable,Not Applicable,Not Applicable,No,Not Applicable,Not Applicable,Not Applicable,Not Applicable,Yes,Yes,No,Yes,Yes,Yes,Not Applicable,Not Applicable,Not Applicable,Not Applicable,Not Applicable,Not Applicable,Not Applicable,No,0,Not Applicable,No,Not Applicable,Yes,Yes,No,No,No,0,2209.38,912.11,0.0,0.963,Service Center,Valid Claim,MobileWebView,58,Dark,-1.74993,B0091
REC00638,CLM01108,CUS00624,PRD00502,Air Conditioner,Window,Indoor Unit,Compressor,ZenCore,ZEN-AIR-106,SN-80678076,2020-01-11,2024-04-22,2024-04-14,60,No,Cooling Failure,Internal Component Failure,Customer reports cooling failure affecting indoor unit.,Not Applicable,Not Applicable,Not Applicable,Not Applicable,No,Not Applicable,Not Applicable,No,Indoor Unit,Not Applicable,Yes,Yes,No,,Yes,No,Yes,Not Applicable,Not Applicable,Yes,Not Applicable,Not Applicable,Not Applicable,No,0,Not Applicable,No,Not Applicable,Yes,Yes,No,No,No,1,506.49,465.06,0.0,0.798,Web,Manual Review,Chrome,17,Dark,1.09342,B0219
REC01400,CLM01458,CUS00577,PRD00145,Printer,Inkjet,Power,Main Unit,PrimeView,PRI-PRI-742,SN-72161423,2023-05-30,2024-12-02,2024-11-16,12,Yes,Power Failure,Electrical Failure,Customer reports power failure affecting power.,Not Applicable,Not Applicable,Not Applicable,Not Applicable,Yes,Not Applicable,No,Not Applicable,Not Applicable,Compatible,Yes,Yes,Yes,Yes,No,Yes,Not Applicable,Not Applicable,Not Applicable,Not Applicable,Not Applicable,No,Not Applicable,No,0,Not Applicable,No,Not Applicable,Yes,Yes,No,No,No,1,1110.85,927.97,0.0,0.92,Email,Manual Review,Firefox,24,System,-0.19525,B0211
REC00441,CLM00812,CUS00139,PRD00208,Washing Machine,Top Load,Power,Main Unit,PrimeView,PRI-WAS-511,SN-21804223,2024-11-07,2025-11-14,2025-11-11,24,No,Power Failure,Electrical Failure,Customer reports power failure affecting power.,Not Applicable,Not Applicable,Not Applicable,Household,No,Not Applicable,No,Not Applicable,Not Applicable,Not Applicable,Yes,Yes,Yes,Yes,Yes,No,Not Applicable,Not Applicable,Not Applicable,Not Applicable,Not Applicable,Not Applicable,,No,0,Not Applicable,Yes,No,Yes,Yes,No,No,No,0,2062.83,1738.97,0.0,0.749,Web,Manual Review,Chrome,20,System,-0.41332,B0411
REC00382,CLM00052,CUS00116,PRD00774,Camera,Compact,Camera Body,Camera Body,PrimeView,PRI-CAM-281,SN-69110976,2021-08-12,2024-05-05,2024-03-26,24,Yes,Power Failure,Internal Component Failure,Customer reports power failure affecting camera body.,No,No,Not Applicable,Not Applicable,Not Applicable,Not Applicable,Not Applicable,Not Applicable,Not Applicable,Not Applicable,Yes,,Yes,No,Yes,No,Not Applicable,Not Applicable,Not Applicable,Not Applicable,Not Applicable,Not Applicable,Not Applicable,No,0,Not Applicable,No,Not Applicable,Yes,Yes,No,No,No,1,3140.44,2830.6,0.0,0.881,Web,Invalid Claim,MobileWebView,37,Light,0.82769,B0445
REC-DUP-0032,CLM00520,CUS00320,PRD00330,Washing Machine,Top Load,Noise,Main Unit,HomePro,HOM-WAS-559,SN-86957508,2024-12-17,2026-06-11,2026-05-20,24,No,Noise,Electrical Failure,Customer reports noise affecting noise.,Not Applicable,Not Applicable,Not Applicable,Household,No,Not Applicable,No,Not Applicable,Not Applicable,Not Applicable,Yes,Yes,Yes,Yes,Yes,Yes,Not Applicable,Not Applicable,Not Applicable,Not Applicable,Not Applicable,Not Applicable,Yes,Yes,3,No,No,Not Applicable,Yes,No,No,No,No,0,364.91,325.94,509.9,0.893,Mobile App,Invalid Claim,MobileWebView,33,System,0.38352,B0642
REC00848,CLM01084,CUS00402,PRD00734,Television,Mini-LED,Sound,Main Unit,Aster,AST-TEL-433,SN-12582619,2024-02-25,2025-04-20,2025-04-06,24,No,Audio Failure,Internal Component Failure,Customer reports audio failure affecting sound.,No,Not Applicable,Not Applicable,Not Applicable,Not Applicable,Yes,Not Applicable,Not Applicable,Not Applicable,Not Applicable,Yes,Yes,No,Yes,Yes,Yes,Not Applicable,Not Applicable,Not Applicable,Not Applicable,Not Applicable,Not Applicable,Not Applicable,No,0,Not Applicable,No,Not Applicable,Yes,Yes,No,No,No,1,3194.38,1733.37,0.0,0.837,Mobile App,Valid Claim,Edge,44,Dark,-1.23001,B0377
REC00941,CLM00130,CUS00433,PRD00389,Refrigerator,Side-by-Side,Other,Main Unit,ZenCore,ZEN-REF-633,SN-84161103,2022-12-04,2024-06-02,2024-05-27,24,No,Mechanical Failure,Internal Component Failure,Customer reports mechanical failure affecting other.,Not Applicable,Not Applicable,Not Applicable,Household,No,Not Applicable,Not Applicable,Not Applicable,Not Applicable,Not Applicable,Yes,Yes,Yes,Yes,Yes,Yes,Not Applicable,Not Applicable,Not Applicable,Not Applicable,Not Applicable,Not Applicable,Not Applicable,No,0,Not Applicable, Yes ,Yes,Yes,Yes,No,No,No,0,831.17,261.06,0.0,0.933,Web,Valid Claim,MobileWebView,44,System,0.23786,B0540
REC00998,CLM00659,CUS00208,PRD00200,Television,Mini-LED,Power,Main Unit,HomePro,HOM-TEL-159,SN-43569639,2023-05-31,2025-11-29,2025-11-21,24,No,Power Failure,Internal Component Failure,Customer reports power failure affecting power.,Unknown,Not Applicable,Not Applicable,Not Applicable,Not Applicable,No,Not Applicable,Not Applicable,Not Applicable,Not Applicable,,Yes,Yes,Yes,Yes,Yes,Not Applicable,Not Applicable,Not Applicable,Not Applicable,Not Applicable,Not Applicable,Not Applicable,No,0,Not Applicable,No,Not Applicable,Yes,Y,No,Yes,No,0,2108.85,1854.78,0.0,0.726,Service Center,Invalid Claim,Edge,57,Dark,-0.70592,B0818
REC01173,CLM01021,CUS00238,PRD00322,Television,LED,Power,Main Unit,PrimeView,PRI-TEL-968,SN-22283148,2023-01-17,2025-07-31,2025-07-16,24,Yes,Power Failure,Internal Component Failure,Customer reports power failure affecting power.,No,Not Applicable,Not Applicable,Not Applicable,Not Applicable,No,Not Applicable,Not Applicable,Not Applicable,Not Applicable,No,Yes,No,Yes,Yes,Yes,Not Applicable,Not Applicable,Not Applicable,Not Applicable,Not Applicable,Not Applicable,Not Applicable,No,0,Not Applicable,No,Not Applicable,Yes,Yes,No,No,No,0,1553.64,,0.0,0.765, Mobile App ,Valid Claim,MobileWebView,57,Dark,-0.12993,B0047
REC00815,CLM00762,CUS00483,PRD00645,Smartphone,Standard Smartphone,Phone,Main Unit,PrimeView,PRI-SMA-153,SN-97584001,2024-05-03,2025-06-25,2025-06-15,12,No,Power Failure,Internal Component Failure,Customer reports power failure affecting phone.,No,No,Not Applicable,Not Applicable,Not Applicable,Not Applicable,Not Applicable,Not Applicable,Not Applicable,Not Applicable,Yes,Yes,No,Yes,Yes,Yes,Not Applicable,Not Applicable,Not Applicable,Not Applicable,Not Applicable,Not Applicable,Yes,Yes,1,Yes,No,Not Applicable,Yes,Yes,No,No,No,2,668.44,178.57,,0.858,Web,Invalid Claim,MobileWebView,40,Dark,-0.11046,B0136
REC00961,CLM01240,CUS00257,PRD00723,Air Conditioner,Split,Both,Main Unit,Aster,AST-AIR-257,SN-67047248,2024-04-03,2026-06-22,2026-05-28,24,Yes,Noise,Internal Component Failure,Customer reports noise affecting both.,Not Applicable,Not Applicable,Not Applicable,Not Applicable,Yes,Not Applicable,Not Applicable,No,Both,Not Applicable,No,Yes,Yes,Yes,Yes,Yes,Yes,Not Applicable,Not Applicable,Not Applicable,Not Applicable,Not Applicable,Yes,Yes,3,Yes,No,Not Applicable,Yes,Yes,No,No,No,0,1647.9,826.22,606.89,0.981,Service Center,Valid Claim,Chrome,19,Dark,0.68577,B0507
REC01063,CLM00110,CUS00462,PRD00737,Smartphone,Foldable Smartphone,Phone,Main Unit,Aster,AST-SMA-730,SN-23534261,2026-01-15,2026-08-16,2026-08-05,12,No,Overheating,Manufacturing Defect,Customer reports overheating affecting phone.,No,No,Not Applicable,Not Applicable,Not Applicable,Not Applicable,Not Applicable,Not Applicable,Not Applicable,Not Applicable,Yes,Yes,No,Yes,Yes,,Not Applicable,Not Applicable,Not Applicable,Not Applicable,Not Applicable,Not Applicable,,No,0,Not Applicable,No,Not Applicable,Yes,Yes,No,No,No,2,1539.25,907.68,0.0,0.938,Email,Valid Claim,Edge,17,Light,0.16399,B0778
REC00690,CLM00329,CUS00648,PRD00211,Smartphone,Foldable Smartphone,Phone,Main Unit,PrimeView,PRI-SMA-870,SN-89720612,2025-08-06,2026-02-15,2026-01-26,12,No,Display Failure,Normal Wear,Customer reports display failure affecting phone.,No,No,Not Applicable,Not Applicable,Not Applicable,Not Applicable,Not Applicable,Not Applicable,Not Applicable,Not Applicable,Yes,,No,Yes,Yes,Yes,Not Applicable,Not Applicable,Not Applicable,Not Applicable,Not Applicable,Not Applicable,Yes,Yes,1,Yes,No,Not Applicable, Yes ,Yes,No,No,No,1,605.44,238.64,96.82,0.952,Mobile App,Invalid Claim,Chrome,41,Dark,0.57021,B0021
REC00162,CLM00475,CUS00656,PRD00585,Washing Machine,Top Load,Noise,Main Unit,HomePro,HOM-WAS-308,SN-10014653,2024-06-19,2025-12-19,2025-12-12,24,No,Noise,Accidental Damage,Customer reports noise affecting noise.,Not Applicable,Not Applicable,Not Applicable,Household,No,Not Applicable,No,Not Applicable,Not Applicable,Not Applicable,Yes,Yes,Yes,Yes,Yes,Yes,Not Applicable,Not Applicable,Not Applicable,Not Applicable,Not Applicable,Not Applicable,Not Applicable,NO,0,Not Applicable,No,Not Applicable,Unknown,Yes,No,No,No,1,1118.81,599.58,0.0,0.807,Mobile App,Invalid Claim,Safari,3,System,-0.9791,B0650
REC00513,CLM01135,CUS00239,PRD00306,Washing Machine,Top Load,Water Leakage,Motor,ZenCore,ZEN-WAS-539,SN-81536467,2017-01-18,2026-07-20,2026-07-13,120,No,Water Leakage,Manufacturing Defect,Customer reports water leakage affecting water leakage.,Not Applicable,Not Applicable,Not Applicable,Household,Yes,Not Applicable,No,Not Applicable,Not Applicable,Not Applicable,Yes,Yes,No,Yes,Yes,Yes,Not Applicable,Not Applicable,Not Applicable,No,Not Applicable,Not Applicable,Not Applicable,No,0,Not Applicable,No,Not Applicable,Yes,Yes,No,No,No,1,502.28,201.06,0.0,0.597,Web,Manual Review,Safari,16,Dark,-0.25415,B0447
REC01123,CLM00205,CUS00557,PRD00379,Camera,Action Camera,Camera Body,Camera Body,NovaTech,NOV-CAM-993,SN-17842863,2022-09-19,2024-04-13,2024-03-29,24,No,Power Failure,Electrical Failure,Customer reports power failure affecting camera body.,Yes,No,Not Applicable,Not Applicable,Not Applicable,Not Applicable,Not Applicable,Not Applicable,Not Applicable,Not Applicable,No,No,Yes,No,Yes,Yes,Not Applicable,Not Applicable,Not Applicable,Not Applicable,Not Applicable,Not Applicable,,Yes,1,Yes,No,Not Applicable,Yes,Yes,No,No,No,1,3128.81,1431.78,477.7,0.743,Mobile App,Valid Claim,Firefox,39,Light,0.9025,B0468
REC01477,CLM00597,CUS00542,PRD00441,Printer,Inkjet,Paper Feed,Main Unit,HomePro,HOM-PRI-347,SN-22559270,2024-07-17,2025-03-01,2025-02-23,12,No,Paper Feed Failure,Electrical Failure,Customer reports paper feed failure affecting paper feed.,Not Applicable,Not Applicable,Not Applicable,Not Applicable,Unknown,Not Applicable,No,Not Applicable,Not Applicable,Compatible,Yes,Yes,Yes,Yes,Yes,Yes,Not Applicable,Not Applicable,Not Applicable,Not Applicable,Not Applicable,Yes,Not Applicable,No,0,Not Applicable,No,Not Applicable,Yes,Yes,No,No,No,0,1149.53,466.23,0.0,0.738,Mobile App,Valid Claim,Firefox,13,Light,1.31514,B0068
REC00112,CLM00241,CUS00514,PRD00505,Air Conditioner,Portable,Indoor Unit,Main Unit,Aster,AST-AIR-269,SN-52561264,2023-11-26,2024-12-31,2024-12-20,24,No,Noise,Internal Component Failure,Customer reports noise affecting indoor unit.,Not Applicable,Not Applicable,Not Applicable,Not Applicable,Yes,Not Applicable,Not Applicable,No,Indoor Unit,Not Applicable,Yes,Yes,Yes,Yes,No,No,Yes,Not Applicable,Not Applicable,Not Applicable,Not Applicable,Not Applicable,Not Applicable,No,0,Not Applicable,No,Not Applicable,Yes,Yes,No,No,No,1,1538.4,755.36,0.0,0.748,Email,Manual Review,Edge,20,Dark,0.92643,B0179
REC-DUP-0013,CLM01400,CUS00542,PRD00644,Television,Mini-LED,Picture,Main Unit,HomePro,HOM-TEL-165,SN-86303610,2023-07-12,2025-06-15,2025-06-08,24,No,Display Failure,Electrical Failure,Customer reports display failure affecting picture.,No,Not Applicable,Not Applicable,Not Applicable,Not Applicable,No,Not Applicable,Not Applicable,Not Applicable,Not Applicable,Yes,Yes,Yes,Yes,Yes,,Not Applicable,Not Applicable,Not Applicable,Not Applicable,Not Applicable,Not Applicable,Not Applicable,No,0,Not Applicable,No,Not Applicable,Yes,Yes,No,No,No,0,1679.12,441.41,0.0,0.947,Email,Valid Claim,Chrome,56,Dark,-0.06934,B0584
REC00227,CLM00660,CUS00346,PRD00898,Smartphone,Standard Smartphone,Phone,Main Unit,PrimeView,PRI-SMA-343,SN-30306738,2023-12-24,2024-09-20,2024-08-19,12,No,Connectivity Issue,Internal Component Failure,Customer reports connectivity issue affecting phone.,No,Unknown,Not Applicable,Not Applicable,Not Applicable,Not Applicable,Not Applicable,Not Applicable,Not Applicable,Not Applicable,Yes,Yes,No,Yes, Yes ,,Not Applicable,Not Applicable,Not Applicable,Not Applicable,Not Applicable,Not Applicable,Not Applicable,No,0,Not Applicable,Yes,Yes,Yes,Yes,No,No,No,0,991.95,916.72,0.0,0.956,Mobile App,Invalid Claim,Safari,24,Dark,-2.98096,B0998
REC00542,CLM01484,CUS00474,PRD00107,Printer,Inkjet,Printing,Print Head,HomePro,HOM-PRI-382,SN-97158063,2025-10-01,2026-04-06,2026-03-20,12,No,Mechanical Failure,Manufacturing Defect,Customer reports mechanical failure affecting printing.,Not Applicable,Not Applicable,Not Applicable,Not Applicable,Yes,Not Applicable,No,Not Applicable,Not Applicable,Original,Yes,Yes,Yes,No,Yes,No,Not Applicable,Not Applicable,Not Applicable,Not Applicable,Not Applicable,Yes,Not Applicable,No,0,Not Applicable,No,Not Applicable,Yes,Yes,NO,No,No,2,125.72,37.31,0.0,0.814,Email,Manual Review,MobileWebView,51,Dark,1.55481,B0624
REC00946,CLM00559,CUS00287,PRD00742,Camera,Mirrorless,Camera Body,Camera Body,Aster,AST-CAM-431,SN-13556944,2023-05-05,2025-02-19,2025-02-09,24,No,Lens Failure,Internal Component Failure,Customer reports lens failure affecting camera body.,No,No,Not Applicable,Not Applicable,Not Applicable,Not Applicable,Not Applicable,Not Applicable,Not Applicable,Not Applicable,Yes,Yes,Yes,Yes,Yes,,Not Applicable,Not Applicable,Not Applicable,Not Applicable,Not Applicable,Not Applicable,Not Applicable,No,0,Not Applicable,No,Not Applicable,Yes,Yes,No,No,Yes,1,1863.76,1764.69,0.0,0.843,Mobile App,Manual Review,Safari,51,Dark,2.3998,B0115
REC00913,CLM01314,CUS00447,PRD00967,Printer,Laser,Power,Main Unit,PrimeView,,SN-25470769,2024-01-07,2024-08-13,2024-07-24,12,No,Power Failure,Manufacturing Defect,Customer reports power failure affecting power.,Not Applicable,Not Applicable,Not Applicable,Not Applicable,Yes,Not Applicable,No,Not Applicable,Not Applicable,Original,Yes,Yes,Yes,Yes,Yes,,Not Applicable,Not Applicable,Not Applicable,Not Applicable,Not Applicable,Yes,Not Applicable,No,0,Not Applicable,Yes,Yes,Yes,Yes,No,No,No,1,835.23,506.8,0.0,0.921,Mobile App,Manual Review,Safari,10,Dark,0.7954,B0978
REC00969,CLM01371,CUS00471,PRD00406,Camera,Compact,Battery,Battery,PrimeView,PRI-CAM-322,SN-82542400,2025-06-04,2025-08-27,2025-08-12,6,No,Display Failure,Electrical Failure,Customer reports display failure affecting battery.,No,No,Yes,Not Applicable,Not Applicable,Not Applicable,Not Applicable,Not Applicable,Not Applicable,Not Applicable,Yes,Yes,Yes,Yes,Yes,Yes,Not Applicable,Not Applicable,Not Applicable,Not Applicable,Not Applicable,Not Applicable,,Yes,1,Yes,No,Not Applicable,Yes,Yes,No,No,No,0,1309.9,906.36,141.67,0.821,Mobile App,Valid Claim,Firefox,4,System,-1.86848,B0418
REC00663,CLM00204,CUS00277,PRD00191,Air Conditioner,Portable,Both,Main Unit,Aster,AST-AIR-290,SN-23677198,2023-12-14,2025-07-28,2025-07-28,24,No,Water Leakage,Manufacturing Defect,Customer reports water leakage affecting both.,Not Applicable,Not Applicable,Not Applicable,Not Applicable,Yes,Not Applicable,Not Applicable,Unknown,Both,Not Applicable,Yes,No,No,Yes,Yes,yes,Yes,Not Applicable,Not Applicable,Not Applicable,Not Applicable,Not Applicable,Not Applicable,No,0,Not Applicable,No,Not Applicable,Unknown,No,No,No,No,1,2710.25,1147.8,0.0,0.807,Email,Manual Review,Safari,34,Light,1.10352,B0710
REC01164,CLM00585,CUS00236,PRD00129,Smartphone,Standard Smartphone,Phone,Main Unit,PrimeView,PRI-SMA-456,SN-34162955,2024-07-18,2025-05-05,2025-04-25,12,No,Display Failure,Internal Component Failure,Customer reports display failure affecting phone.,No,No,Not Applicable,Not Applicable,Not Applicable,Not Applicable,Not Applicable,Not Applicable,Not Applicable,Not Applicable,No,Yes,No,Yes,No,Yes,Not Applicable,Not Applicable,Not Applicable,Not Applicable,Not Applicable,Not Applicable,Not Applicable,No,0,Not Applicable,No,Not Applicable,Yes,Yes,No,No,No,1,939.09,879.82,0.0,0.873,Mobile App,Manual Review,MobileWebView,25,System,-0.3369,B0426
REC00247,CLM00904,CUS00064,PRD00581,Smartphone,Standard Smartphone,Phone,Main Unit,NovaTech,NOV-SMA-805,SN-65233534,2025-05-14,2026-02-18,2026-01-27,12,No,Display Failure,Manufacturing Defect,Customer reports display failure affecting phone.,No,Unknown,Not Applicable,Not Applicable,Not Applicable,Not Applicable,Not Applicable,Not Applicable,Not Applicable,Not Applicable,Yes,No,No,Yes,Yes,Yes,Not Applicable,Not Applicable,Not Applicable,Not Applicable,Not Applicable,Not Applicable,,No,0,Not Applicable,No,Not Applicable,Yes,No,No,No,No,0,303.03,201.57,0.0,0.58,Service Center,Manual Review,Firefox,20,System,0.13303,B0605
REC00662,CLM00717,CUS00102,PRD00237,Camera,Action Camera,Not Sure,Camera Body,Aster,AST-CAM-608,SN-45046299,2022-05-26,2024-04-05,2024-03-23,24,No,Lens Failure,Electrical Failure,Customer reports lens failure affecting not sure.,No,No,Not Applicable,Not Applicable,Not Applicable,Not Applicable,Not Applicable,Not Applicable,Not Applicable,Not Applicable,No,Yes,Yes,Yes,Yes,Yes,Not Applicable,Not Applicable,Not Applicable,Not Applicable,Not Applicable,Not Applicable,Not Applicable,No,0,Not Applicable,No,Not Applicable,Yes,Yes,No,No,No,0,806.76,706.66,0.0,0.725,Web,Valid Claim,MobileWebView,17,Dark,-0.79572,B0442
REC01134,CLM00541,CUS00081,PRD00683,Laptop,2-in-1,Device,Main Unit,ZenCore,ZEN-LAP-985,SN-70500380,2022-05-20,2024-03-31,2024-03-21,24,No,Connectivity Issue,Electrical Failure,Customer reports connectivity issue affecting device.,Unknown,No,Not Applicable,Not Applicable,Not Applicable,Not Applicable,Not Applicable,Not Applicable,Not Applicable,Not Applicable,Yes,No,No,No,No,Yes,Not Applicable,Not Applicable,Not Applicable,Not Applicable,Not Applicable,Not Applicable,Not Applicable,No,0,Not Applicable,No,Not Applicable,Yes,Yes,No,No,No,2,2282.81,1141.12,0.0,0.902,Mobile App,Manual Review,MobileWebView,26,System,0.23787,B0782
REC00421,CLM00562,CUS00568,PRD00121,Washing Machine,Washer Dryer,Noise,Main Unit,ZenCore,ZEN-WAS-513,SN-76308979,2023-01-04,2025-06-23,2025-06-13,24,No,Noise,Electrical Failure,Customer reports noise affecting noise.,Not Applicable,Not Applicable,Not Applicable,Household,No,Not Applicable,No,Not Applicable,Not Applicable,Not Applicable,Yes,Yes,Yes,Yes,Yes,Yes,Not Applicable,Not Applicable,Not Applicable,Not Applicable,Not Applicable,Not Applicable,Not Applicable,No,0,Not Applicable,No,Not Applicable,Yes,Yes,No,No,No,2,1487.09,1212.43,0.0,0.91,Email,Invalid Claim,Safari,36,Dark,0.47593,B0431
REC00511,CLM01483,CUS00153,PRD00836,Television,LED,Picture,Main Unit,HomePro,HOM-TEL-826,SN-34053092,2023-07-09,2025-08-28,2025-08-15,24,Yes,Display Failure,Electrical Failure,Customer reports display failure affecting picture.,No,Not Applicable,Not Applicable,Not Applicable,Not Applicable,Unknown,Not Applicable,Not Applicable,Not Applicable,Not Applicable,Yes,,No,Yes,Yes,Yes,Not Applicable,Not Applicable,Not Applicable,Not Applicable,Not Applicable,Not Applicable,No,Yes,2,Yes,Yes,No,Yes,No,No,No,No,1,1806.12,346.96,520.87,0.753,Web,Manual Review,MobileWebView,22,Light,0.5313,B0380
REC01227,CLM00567,CUS00239,PRD00873,Television,OLED,Sound,Main Unit,PrimeView,PRI-TEL-789,SN-62682016,2021-03-01,2024-01-12,2023-12-27,24,No,Audio Failure,Manufacturing Defect,Customer reports audio failure affecting sound.,No,Not Applicable,Not Applicable,Not Applicable,Not Applicable,No,Not Applicable,Not Applicable,Not Applicable,Not Applicable,Yes,,Yes,Yes,Yes,No,Not Applicable,Not Applicable,Not Applicable,Not Applicable,Not Applicable,Not Applicable,Not Applicable,No,0,Not Applicable,No,Not Applicable,Yes,Yes,No,No,Yes,0,2007.74,1523.76,0.0,0.824,Web,Invalid Claim,Chrome,4,Light,-0.26051,B0191
REC00959,CLM01229,CUS00064,PRD00869,Washing Machine,Top Load,Spinning,Main Unit,ZenCore,ZEN-WAS-866,SN-48182062,2023-08-16,2025-10-28,2025-10-07,24,Yes,Mechanical Failure,Manufacturing Defect,Customer reports mechanical failure affecting spinning.,Not Applicable,Not Applicable,Not Applicable,Household,No,Not Applicable,No,Not Applicable,Not Applicable,Not Applicable,,Yes,No,Yes,Yes,No,Not Applicable,Not Applicable,Not Applicable,Not Applicable,Not Applicable,Not Applicable,Yes,Yes,3,Yes,No,Not Applicable,Yes,Yes,No,No,No,0,485.17,230.7,588.57,0.537,Mobile App,Manual Review,Edge,6,System,-1.51713,B0983
REC00158,CLM00775,CUS00244,PRD00987,Air Conditioner,Window,Indoor Unit,Compressor,HomePro,HOM-AIR-471,SN-16626422,2020-04-24,2024-09-09,2024-09-07,60,No,Water Leakage,Electrical Failure,Customer reports water leakage affecting indoor unit.,Not Applicable,Not Applicable,Not Applicable,Not Applicable,Unknown,Not Applicable,Not Applicable,Unknown,Indoor Unit,Not Applicable,Yes,No,Yes,Yes,Yes,No,Yes,Not Applicable,Not Applicable,No,Not Applicable,Not Applicable,Not Applicable,No,0,Not Applicable,Yes,Yes,Yes,Yes,No,No,No,1,533.22,356.82,0.0,0.866,Web,Manual Review,MobileWebView,25,Light,-0.90804,B0944
REC00463,CLM01085,CUS00577,PRD00006,Refrigerator,French Door,Other,Main Unit,Aster,AST-REF-313,SN-63177061,2023-12-19,2025-03-01,2025-02-25,24,No,Mechanical Failure,Internal Component Failure,Customer reports mechanical failure affecting other.,Not Applicable,Not Applicable,Not Applicable,Household,No,Not Applicable,Not Applicable,Not Applicable,Not Applicable,Not Applicable,,Yes,No,Y,Yes,Yes,Not Applicable,Not Applicable,Not Applicable,Not Applicable,Not Applicable,Not Applicable,Not Applicable,No,0,Not Applicable,No,Not Applicable,Yes,Yes,No,No,No,1,1452.31,1166.53,0.0,0.613,Web,Manual Review,MobileWebView,30,Light,2.58142,B0269
REC00836,CLM01055,CUS00554,PRD00220,Printer,Laser,Paper Feed,Main Unit,PrimeView,PRI-PRI-993,SN-46584409,2023-07-08,,2025-05-09,12,Yes,Paper Feed Failure,Electrical Failure,Customer reports paper feed failure affecting paper feed.,Not Applicable,Not Applicable,Not Applicable,Not Applicable,No,Not Applicable,No,Not Applicable,Not Applicable,Unknown,Yes,No,Yes,No,Yes,No,Not Applicable,Not Applicable,Not Applicable,Not Applicable,Not Applicable,Yes,Not Applicable,No,0,Not Applicable,No,Not Applicable,Unknown,Yes,No,No,No,0,772.42,-500.0,0.0,0.82,Mobile App,Manual Review,Safari,2,System,-0.16123,B0182
REC00546,CLM01330,CUS00277,PRD00850,Washing Machine,Front Load,Water Leakage,Main Unit,PrimeView,PRI-WAS-464,SN-82244998,2022-07-26,2024-09-13,2024-08-27,24,Yes,Water Leakage,Internal Component Failure,Customer reports water leakage affecting water leakage.,Not Applicable,Not Applicable,Not Applicable,Household,Unknown,Not Applicable,No,Not Applicable,Not Applicable,Not Applicable,Yes,Yes,No,Yes,Yes,Yes,Not Applicable,Not Applicable,Not Applicable,Not Applicable,Not Applicable,Not Applicable,Not Applicable,No,0,Not Applicable,No,Not Applicable,Yes,Yes,No,No,No,0,798.01,74.21,0.0,0.862,Service Center,Valid Claim,Chrome,28,Dark,0.06289,B0400
REC01090,CLM00072,CUS00558,PRD00066,Refrigerator,Side-by-Side,Cooling,Main Unit,ZenCore,ZEN-REF-226,SN-63109154,2022-04-19,2024-03-09,2024-03-09,24,No,Cooling Failure,Electrical Failure,Customer reports cooling failure affecting cooling.,Not Applicable,Not Applicable,Not Applicable,Household,No,Not Applicable,Not Applicable,Not Applicable,Not Applicable,Not Applicable,Yes,Yes,No,,Yes,Yes,Not Applicable,Not Applicable,Not Applicable,Not Applicable,Not Applicable,Not Applicable,Not Applicable,No,0,Not Applicable,No,Not Applicable,Yes,Yes,No,No,No,1,711.29,428.11,0.0,0.77,Web,Valid Claim,Safari,27,System,1.52023,B0762
REC01204,CLM00150,CUS00256,PRD00083,Camera,Mirrorless,Camera Body,Camera Body,NovaTech,NOV-CAM-583,SN-39169208,2023-02-09,2024-03-24,2024-03-14,24,No,Connectivity Issue,Manufacturing Defect,Customer reports connectivity issue affecting camera body.,No,No,Not Applicable,Not Applicable,Not Applicable,Not Applicable,Not Applicable,Not Applicable,Not Applicable,Not Applicable,Yes,Yes,No,Yes,Yes,,Not Applicable,Not Applicable,Not Applicable,Not Applicable,Not Applicable,Not Applicable,Yes,Yes,2,No,No,Not Applicable,Yes,Yes,No,No,No,1,1549.6,130.7,255.06,0.891,Service Center,Invalid Claim,Safari,14,System,-1.0727,B0943
REC00749,CLM01300,CUS00588,PRD00087,Camera,Mirrorless,Camera Body,Camera Body,NovaTech,NOV-CAM-818,SN-26341067,2024-08-17,2026-03-19,2026-03-12,24,No,Lens Failure,Electrical Failure,Customer reports lens failure affecting camera body.,No,No,Not Applicable,Not Applicable,Not Applicable,Not Applicable,Not Applicable,Not Applicable,Not Applicable,Not Applicable,Yes,Yes,Yes,Yes,No,Yes,Not Applicable,Not Applicable,Not Applicable,Not Applicable,Not Applicable,Not Applicable,Not Applicable,No,0,Not Applicable,No,Not Applicable,Yes,Yes,No,No,No,0,1063.95,754.46,0.0,0.969,Web,Manual Review,Firefox,53,System,0.6114,B0055
REC00508,CLM00605,CUS00546,PRD00320,Camera,Compact,Camera Body,Camera Body,PrimeView,PRI-CAM-451,SN-90184574,2023-10-20,2025-06-08,2025-05-14,24,No,Display Failure,Lens Impact Damage,Customer reports display failure affecting camera body.,Yes,No,Not Applicable,Not Applicable,Not Applicable,Not Applicable,Not Applicable,Not Applicable,Not Applicable,Not Applicable,Yes,Yes,No,Yes,Yes,Yes,Not Applicable,Not Applicable,Not Applicable,Not Applicable,Not Applicable,Not Applicable,Not Applicable,No,0,Not Applicable,No,Not Applicable,Yes,Y,No,Yes,No,1,2106.51,1678.31,,0.876,Web,Invalid Claim,Safari,15,Light,-1.51268,B0936
REC00418,CLM00841,CUS00206,PRD00746,Television,OLED,Sound,Main Unit,Aster,AST-TEL-924,SN-84804292,2024-03-09,2025-08-09,2025-07-24,24,No,Audio Failure,Misuse,Customer reports audio failure affecting sound.,No,Not Applicable,Not Applicable,Not Applicable,Not Applicable,No,Not Applicable,Not Applicable,Not Applicable,Not Applicable,Yes,Yes,No,Yes,Yes,Yes,Not Applicable,Not Applicable,Not Applicable,Not Applicable,Not Applicable,Not Applicable,Not Applicable,No,0,Not Applicable,Yes,Yes,No,Yes,No,No,No,1,2468.29,608.44,0.0,0.958,Web,Invalid Claim,MobileWebView,45,Dark,1.0192,B0070
REC01103,CLM00952,CUS00650,PRD00790,Printer,Laser,Power,Main Unit,HomePro,HOM-PRI-847,SN-38293222,2023-06-12,2024-05-24,2024-05-07,12,No,Power Failure,Electrical Failure,Customer reports power failure affecting power.,Not Applicable,Not Applicable,Not Applicable,Not Applicable,Yes,Not Applicable,No,Not Applicable,Not Applicable,Original,Yes,Yes,No,,Yes,Yes,Not Applicable,Not Applicable,Not Applicable,Not Applicable,Not Applicable,Yes,Yes,Yes,1,Yes,No,Not Applicable,Yes,Yes,No,No,No,0,966.86,729.53,33.02,,Service Center,Valid Claim,Chrome,16,Light,-0.23502,B0396
REC01357,CLM00896,CUS00129,PRD00335,Smartphone,Standard Smartphone,Phone,Main Unit,NovaTech,NOV-SMA-996,SN-35127719,2025-08-15,2025-12-19,2025-12-05,12,No,Battery Problem,Internal Component Failure,Customer reports battery problem affecting phone.,No,No,Yes,Not Applicable,Not Applicable,Not Applicable,Not Applicable,Not Applicable,Not Applicable,Not Applicable,No,Yes,No, Yes ,Yes,Yes,Not Applicable,Not Applicable,Not Applicable,Not Applicable,Not Applicable,Not Applicable,Yes,Yes,3,Yes,No,Not Applicable,Yes,Yes,No,No,No,0,722.47,537.02,254.07,0.968,Email,Valid Claim,Edge,13,Light,1.66978,B0327
REC00635,CLM01069,CUS00636,PRD00482,Camera,Action Camera,Camera Body,Camera Body,NovaTech,NOV-CAM-220,SN-94538124,2023-09-30,2024-11-06,2024-10-21,24,No,Connectivity Issue,Electrical Failure,Customer reports connectivity issue affecting camera body.,No,No,Not Applicable,Not Applicable,Not Applicable,Not Applicable,Not Applicable,Not Applicable,Not Applicable,Not Applicable,Yes,Yes,Yes,No,Yes,Yes,Not Applicable,Not Applicable,Not Applicable,Not Applicable,Not Applicable,Not Applicable,Not Applicable,No,0,Not Applicable,No,Not Applicable,Yes,No,No,No,No,0,2696.79,2280.29,0.0,0.768,Web,Manual Review,Edge,50,Dark,-1.28278,B0816
REC00838,CLM00642,CUS00042,PRD00445,Refrigerator,Side-by-Side,Other,Main Unit,ZenCore,ZEN-REF-857,SN-57102755,2023-03-26,2024-06-26,2024-06-20,24,No,Mechanical Failure,Internal Component Failure,Customer reports mechanical failure affecting other.,Not Applicable,Not Applicable,Not Applicable,Household,Yes,Not Applicable,Not Applicable,Not Applicable,Not Applicable,Not Applicable,Yes,Yes,No,Yes,Yes,Yes,Not Applicable,Not Applicable,Not Applicable,Not Applicable,Not Applicable,Not Applicable,Not Applicable,No,0,Not Applicable,No,Not Applicable,Yes,Yes,No,No, No ,0,685.86,116.27,0.0,0.858,Mobile App,Valid Claim,Edge,36,System,1.25706,B0706
REC-DUP-0044,CLM00740,CUS00533,PRD00878,Printer,Thermal,Connection,Print Head,NovaTech,NOV-PRI-621,SN-91103971,2025-07-12,2026-07-09,2026-06-20,12,No,Connectivity Issue,Electrical Failure,Customer reports connectivity issue affecting connection.,Not Applicable,Not Applicable,Not Applicable,Not Applicable,No,Not Applicable,No,Not Applicable,Not Applicable,Compatible,Yes,Yes,No,Yes,Yes,Yes,Not Applicable,Not Applicable,Not Applicable,Not Applicable,Not Applicable,Yes,Not Applicable,No,0,Not Applicable,No,Not Applicable,Yes,Yes,No,No,No,0,859.76,161.99,0.0,0.781,Web,Valid Claim,MobileWebView,22,System,-0.26884,B0606
REC01200,CLM01079,CUS00675,PRD00546,Television,Mini-LED,Connection,Main Unit,PrimeView,PRI-TEL-272,SN-26812285,2023-12-30,2025-01-27,2025-01-04,24,No,Connectivity Issue,Manufacturing Defect,Customer reports connectivity issue affecting connection.,No,Not Applicable,Not Applicable,Not Applicable,Not Applicable,Yes,Not Applicable,Not Applicable,Not Applicable,Not Applicable,Yes,Yes,No,Yes,,Yes,Not Applicable,Not Applicable,Not Applicable,Not Applicable,Not Applicable,Not Applicable,Not Applicable,No,0,Not Applicable,No,Not Applicable,Yes,Yes,No,No,No,1,1830.09,1166.67,0.0,0.763,Service Center,Valid Claim,MobileWebView,6,Dark,-0.5049,B0996
REC00849,CLM01054,CUS00655,PRD00586,Air Conditioner,Window,Indoor Unit,Main Unit,HomePro,HOM-AIR-724,SN-51582580,2024-05-22,2025-08-25,2025-08-01,24,No,Water Leakage,Electrical Failure,Customer reports water leakage affecting indoor unit.,Not Applicable,Not Applicable,Not Applicable,Not Applicable,Yes,Not Applicable,Not Applicable,Unknown,Indoor Unit,Not Applicable,Yes,No,No,Yes,Yes,Yes,Yes,Not Applicable,Not Applicable,Not Applicable,Not Applicable,Not Applicable,,Yes,1,Yes,Yes,Yes,Yes,Yes,No,No,No,2,1451.19,449.35,310.74,0.914,Mobile App,Valid Claim,Edge,19,Light,-0.84931,B0534
REC00482,CLM00701,CUS00677,PRD00899,Washing Machine,Washer Dryer,Washing,Main Unit,HomePro,HOM-WAS-408,SN-58939842,2024-10-03,2026-05-14,2026-03-13,24,No,Mechanical Failure,Manufacturing Defect,Customer reports mechanical failure affecting washing.,Not Applicable,Not Applicable,Not Applicable,Household,No,Not Applicable,No,Not Applicable,Not Applicable,Not Applicable,Yes,Yes,Yes,Yes,Yes,Yes,Not Applicable,Not Applicable,Not Applicable,Not Applicable,Not Applicable,Not Applicable,Not Applicable,No,0,Not Applicable,No,Not Applicable,Yes,Yes,No,No,No,1,526.91,122.32,0.0,,Web,Invalid Claim,Chrome,40,Light,-0.82197,B0806
REC00977,CLM00725,CUS00087,PRD00973,Camera,Compact,Camera Body,Camera Body,Aster,AST-CAM-395,SN-48421960,2022-02-16,2024-01-30,2023-12-17,24,No,Battery Problem,Manufacturing Defect,Customer reports battery problem affecting camera body.,No,No,Yes,Not Applicable,Not Applicable,Not Applicable,Not Applicable,Not Applicable,Not Applicable,Not Applicable,Yes,,No,Yes,Yes,Yes,Not Applicable,Not Applicable,Not Applicable,Not Applicable,Not Applicable,Not Applicable,Yes,Yes,2,Yes,No,Not Applicable,Yes,Yes,No,No,No,0,1480.4,322.43,148.86,0.692,Web,Invalid Claim,Firefox,16,Dark,-0.19921,B0117
REC01440,CLM01403,CUS00636,PRD00180,Camera,Mirrorless,Camera Body,Camera Body,Aster,AST-CAM-824,SN-36501920,2021-07-09,2024-05-04,2024-05-01,24,Yes,Battery Problem,Manufacturing Defect,Customer reports battery problem affecting camera body.,No,No,Yes,Not Applicable,Not Applicable,Not Applicable,Not Applicable,Not Applicable,Not Applicable,Not Applicable,No,Yes,No,Yes,Yes,,Not Applicable,Not Applicable,Not Applicable,Not Applicable,Not Applicable,Not Applicable,Not Applicable,No,0,Not Applicable,No,NA,Unknown,Yes,No,No,No,2,2965.28,441.46,0.0,0.925,Web,Manual Review,MobileWebView,57,Light,-0.03788,B0325
REC00445,CLM01261,CUS00586,PRD00795,Refrigerator,Single Door,Cooling,Main Unit,ZenCore,ZEN-REF-679,SN-10914857,2023-10-18,2026-04-29,2026-04-10,24,Yes,Cooling Failure,Internal Component Failure,Customer reports cooling failure affecting cooling.,Not Applicable,Not Applicable,Not Applicable,Household,No,Not Applicable,Not Applicable,Not Applicable,Not Applicable,Not Applicable,Yes,Yes,Yes,Yes,Yes,Yes,Not Applicable,Not Applicable,Not Applicable,Not Applicable,Not Applicable,Not Applicable,No,Yes,3,Yes,No,Not Applicable,Yes,Yes,No,No,No,0,2674.68,1587.31,369.68,0.754,Web,Manual Review,Safari,45,Dark,-1.4048,B0017
REC00121,CLM01404,CUS00016,PRD00177,Printer,Inkjet,Power,Main Unit,NovaTech,NOV-PRI-183,SN-20448747,2025-06-02,2025-10-19,2025-10-08,12,NO,Power Failure,Internal Component Failure,Customer reports power failure affecting power.,Not Applicable,Not Applicable,Not Applicable,Not Applicable,Yes,Not Applicable,No,Not Applicable,Not Applicable,Original,Yes,Yes,No,Yes,Yes,Yes,Not Applicable,Not Applicable,Not Applicable,Not Applicable,Not Applicable,Yes,Not Applicable,No,0,Not Applicable,No,Not Applicable,Yes,Yes,No,No,No,2,693.67,79.32,0.0,0.816,Mobile App,Valid Claim,Edge,30,System,-1.17783,B0278
REC00906,CLM00691,CUS00344,PRD00376,Air Conditioner,Portable,Outdoor Unit,Main Unit,ZenCore,ZEN-AIR-198,SN-64818603,2023-08-20,2026-01-05,2025-12-15,24,No,Water Leakage,Manufacturing Defect,Customer reports water leakage affecting outdoor unit.,Not Applicable,Not Applicable,Not Applicable,Not Applicable,No,Not Applicable,Not Applicable,No,Outdoor Unit,Not Applicable,Yes,,No,Yes,,No,Yes,Not Applicable,Not Applicable,Not Applicable,Not Applicable,Not Applicable,Not Applicable,No,0,Not Applicable,No,Not Applicable,Unknown,Yes,No,No,No,1,1991.71,1139.51,0.0,0.721,Email,Invalid Claim,Safari,21,Dark,0.13284,B0093
REC00111,CLM00353,CUS00386,PRD00655,Refrigerator,Single Door,Water Leakage,Main Unit,Aster,AST-REF-444,SN-47240492,2023-05-18,2024-11-07,2024-10-31,24,No,Water Leakage,Manufacturing Defect,Customer reports water leakage affecting water leakage.,Not Applicable,Not Applicable,Not Applicable,Household,Unknown,Not Applicable,Not Applicable,Not Applicable,Not Applicable,Not Applicable,Yes,Yes,Yes,Yes,Yes,Yes,Not Applicable,Not Applicable,Not Applicable,Not Applicable,Not Applicable,Not Applicable,Not Applicable,No,0,Not Applicable,No,N/A,No,Yes,No,No,No,1,566.2,494.99,0.0,,Mobile App,Invalid Claim,MobileWebView,35,System,-0.6631,B0673
REC01240,CLM00006,CUS00309,PRD00579,Camera,Mirrorless,Camera Body,Camera Body,Aster,AST-CAM-327,SN-27993267,2024-08-06,2026-05-11,2026-04-29,24,No,Connectivity Issue,Manufacturing Defect,Customer reports connectivity issue affecting camera body.,No,No,Not Applicable,Not Applicable,Not Applicable,Not Applicable,Not Applicable,Not Applicable,Not Applicable,Not Applicable,No,Yes,Yes,Yes,Yes,Yes,Not Applicable,Not Applicable,Not Applicable,Not Applicable,Not Applicable,Not Applicable,Not Applicable,No,0,Not Applicable,No,Not Applicable,Yes,No,No,No,No,0,3276.15,948.88,0.0,0.9,Mobile App,Manual Review,Firefox,23,Light,0.81402,B0779
REC01464,CLM00923,CUS00585,PRD00515,Printer,Thermal,Printing,Main Unit,HomePro,HOM-PRI-824,SN-47654747,2024-08-25,2025-05-19,2025-05-10,12,No,Mechanical Failure,Manufacturing Defect,Customer reports mechanical failure affecting printing.,Not Applicable,Not Applicable,Not Applicable,Not Applicable,Yes,Not Applicable,No,Not Applicable,Not Applicable,Original,No,Yes,Yes,Yes,Yes,Yes,Not Applicable,Not Applicable,Not Applicable,Not Applicable,Not Applicable,Yes,Not Applicable,No,0,Not Applicable,No,Not Applicable,Yes,Yes,No,No,No,1,1097.29,713.39,0.0,0.741,Mobile App,Valid Claim,Firefox,56,System,-1.81104,B0057
REC00883,CLM01315,CUS00644,PRD00841,Laptop,2-in-1,Device,Main Unit,NovaTech,NOV-LAP-494,SN-95888037,2022-09-16,2024-07-17,2024-07-04,24,No,Display Failure,Manufacturing Defect,Customer reports display failure affecting device.,No,No,Not Applicable,Not Applicable,Not Applicable,Not Applicable,Not Applicable,Not Applicable,Not Applicable,Not Applicable,Yes,Yes,Yes,Yes,Yes,No,Not Applicable,Not Applicable,Not Applicable,Not Applicable,Not Applicable,Not Applicable,Not Applicable,No,0,Not Applicable,No,Not Applicable,Yes,Yes,No,No,No,0,2190.62,615.68,0.0,0.844,Web,Manual Review,Firefox,59,System,-1.36944,B0410
REC00559,CLM01144,CUS00470,PRD00435,Smartphone,Rugged Smartphone,Phone,Main Unit,NovaTech,NOV-SMA-842,SN-39297860,2024-10-14,2026-01-12,2025-12-27,12,Yes,Display Failure,Manufacturing Defect,Customer reports display failure affecting phone.,No,No,Not Applicable,Not Applicable,Not Applicable,Not Applicable,Not Applicable,Not Applicable,Not Applicable,Not Applicable,Yes,Yes,No,Yes,Yes,No,Not Applicable,Not Applicable,Not Applicable,Not Applicable,Not Applicable,Not Applicable,Not Applicable,No,0,Not Applicable,No,Not Applicable,Yes,Yes,No,No,No,1,1239.46,648.69,0.0,0.835,Web,Manual Review,Chrome,50,Light,0.95658,B0860
REC01354,CLM00088,CUS00239,PRD00651,Printer,Inkjet,Printing,Main Unit,NovaTech,NOV-PRI-520,SN-86784412,2023-01-26,2024-08-08,2024-06-14,12,No,Mechanical Failure,Electrical Failure,Customer reports mechanical failure affecting printing.,Not Applicable,Not Applicable,Not Applicable,Not Applicable,No,Not Applicable,No,Not Applicable,Not Applicable,Original,No,No,Yes,Yes,Yes,Yes,Not Applicable,Not Applicable,Not Applicable,Not Applicable,Not Applicable,Yes,Yes,Yes,3,Yes,No,Not Applicable,Yes,Yes,No,No,No,1,748.1,169.42,172.29,0.758,Web,Invalid Claim,Chrome,53,System,-0.4085,B0553
REC01238,CLM00441,CUS00678,PRD00617,Camera,Action Camera,Camera Body,Camera Body,PrimeView,PRI-CAM-404,SN-15040654,2024-09-01,2025-11-10,2025-10-27,24,No,Battery Problem,Manufacturing Defect,Customer reports battery problem affecting camera body.,No,No,Yes,Not Applicable,Not Applicable,Not Applicable,Not Applicable,Not Applicable,Not Applicable,Not Applicable,Yes,Yes,Yes,No,Yes,Yes,Not Applicable,Not Applicable,Not Applicable,Not Applicable,Not Applicable,Not Applicable,Not Applicable,No,0,Not Applicable,No,Not Applicable,Yes,Yes,No,No,No,1,3397.95,1371.35,0.0,0.543,Mobile App,Manual Review,Edge,0,System,1.23818,B0470
REC00997,CLM00025,CUS00690,PRD00780,Washing Machine,Top Load,Spinning,Main Unit,ZenCore,ZEN-WAS-129,SN-58315904,2023-09-25,2025-04-23,2025-03-27,24,No,Mechanical Failure,Physical Damage,Customer reports mechanical failure affecting spinning.,Not Applicable,Not Applicable,Not Applicable,Other,Yes,Not Applicable,No,Not Applicable,Not Applicable,Not Applicable,Yes,Yes,Yes,Yes,Yes,Yes,Not Applicable,Not Applicable,Not Applicable,Not Applicable,Not Applicable,Not Applicable,Yes,Yes,2,Yes,No,Not Applicable,Yes,No,No,No,No,3,1832.94,791.32,,0.883,Mobile App,Invalid Claim,Firefox,30,Light,2.59981,B0666
REC00829,CLM00446,CUS00066,PRD00503,Television,OLED,Picture,Main Unit,HomePro,HOM-TEL-447,SN-33197219,2025-03-15,2026-06-23,2026-05-09,24,No,Display Failure,Physical Damage,Customer reports display failure affecting picture.,Yes,Not Applicable,Not Applicable,Not Applicable,Not Applicable,No,Not Applicable,Not Applicable,Not Applicable,Not Applicable,Yes,Yes,No,Yes,Yes,Yes,Not Applicable,Not Applicable,Not Applicable,Not Applicable,Not Applicable,Not Applicable,Not Applicable,No,0,Not Applicable,No,Not Applicable,Yes,Yes,No,No,No,0,955.25,218.24,0.0,0.757,Email,Invalid Claim,Firefox,58,System,0.19877,B0199
REC00477,CLM01061,CUS00282,PRD00962,Laptop,Gaming Laptop,Device,Main Unit,Aster,AST-LAP-401,SN-14278501,2023-11-10,2025-06-19,2025-06-18,24,No,Overheating,Electrical Failure,Customer reports overheating affecting device.,No,No,Not Applicable,Not Applicable,Not Applicable,Not Applicable,Not Applicable,Not Applicable,Not Applicable,Not Applicable,Yes,Yes,No,Yes,Yes,Yes,Not Applicable,Not Applicable,Not Applicable,Not Applicable,Not Applicable,Not Applicable,Not Applicable,No,0,Not Applicable,No,Not Applicable,Yes,Yes,No,No,No,3,2539.03,2018.64,0.0,0.952,Web,Valid Claim,Edge,23,Light,-1.05083,B0766
REC00503,CLM00317,CUS00369,PRD00323,Printer,Laser,Ink or Toner,Ink Or Toner,HomePro,HOM-PRI-598,SN-19814973,2024-10-08,2025-03-24,2025-03-05,0,No,Connectivity Issue,Manufacturing Defect,Customer reports connectivity issue affecting ink or toner.,Not Applicable,Not Applicable,Not Applicable,Not Applicable,Unknown,Not Applicable,No,Not Applicable,Not Applicable,Original,Yes,No,No,Yes,Yes,Yes,Not Applicable,Not Applicable,Not Applicable,Not Applicable,Not Applicable,Yes,Not Applicable,No,0,Not Applicable,No,Not Applicable,Yes,Yes,No,No,No,0,248.51,232.44,0.0,0.971,Service Center,Invalid Claim,Firefox,23,Dark,0.53366,B0376
REC-DUP-0041,CLM00687,CUS00314,PRD00109,Air Conditioner,Cassette,Indoor Unit,Main Unit,ZenCore,ZEN-AIR-911,SN-40795150,2023-10-02,2025-09-13,2025-08-29,24,No,Power Failure,Misuse,Customer reports power failure affecting indoor unit.,Not Applicable,Not Applicable,Not Applicable,Not Applicable,Yes,Not Applicable,Not Applicable,No,Indoor Unit,Not Applicable,Yes,Yes,Yes,Yes,Yes,Yes,Yes,Not Applicable,Not Applicable,Not Applicable,Not Applicable,Not Applicable,Yes,Yes,3,Yes,No,Not Applicable,Yes,Yes,No,No,No,0,1237.51,448.34,400.31,0.993,Service Center,Invalid Claim,Chrome,44,Light,0.18296,B0865
REC00450,CLM00287,CUS00167,PRD00526,Air Conditioner,Split,Both,Main Unit,HomePro,HOM-AIR-761,SN-60501549,2024-05-07,2026-01-06,2025-12-13,24,No,Water Leakage,Manufacturing Defect,Customer reports water leakage affecting both.,Not Applicable,Not Applicable,Not Applicable,Not Applicable,Yes,Not Applicable,Not Applicable,No,Both,Not Applicable,Yes,No,Yes,Yes,Yes,Yes,Yes,Not Applicable,Not Applicable,Not Applicable,Not Applicable,Not Applicable,Not Applicable,No,0,Not Applicable,Yes,Yes,Yes,Yes,No,No,No,0,883.07,192.92,0.0,0.48,Web,Manual Review,Safari,29,System,0.57219,B0358
REC00174,CLM00719,CUS00065,PRD00635,Laptop,Gaming Laptop,Device,Main Unit,NovaTech,NOV-LAP-316,SN-26090818,2022-08-20,2025-07-26,2025-06-18,24,Yes,Power Failure,Electrical Failure,Customer reports power failure affecting device.,Yes,No,Not Applicable,Not Applicable,Not Applicable,Not Applicable,Not Applicable,Not Applicable,Not Applicable,Not Applicable,Yes,Yes,No,Yes,Yes,Yes,Not Applicable,Not Applicable,Not Applicable,Not Applicable,Not Applicable,Not Applicable,Not Applicable,No,0,Not Applicable,No,Not Applicable,Yes,Yes,No,No,No,0,2063.08,1323.25,0.0,0.727,Service Center,Invalid Claim,Chrome,25,System,0.71611,B0829
REC01017,CLM00003,CUS00070,PRD00106,Laptop,2-in-1,Device,Main Unit,NovaTech,NOV-LAP-297,SN-46838404,2022-12-06,2024-04-22,2024-04-17,24,No,Connectivity Issue,Manufacturing Defect,Customer reports connectivity issue affecting device.,No,No,Not Applicable,Not Applicable,Not Applicable,Not Applicable,Not Applicable,Not Applicable,Not Applicable,Not Applicable,Yes,No,Yes,Yes,Yes,Yes,Not Applicable,Not Applicable,Not Applicable,Not Applicable,Not Applicable,Not Applicable,Not Applicable,No,0,Not Applicable,No,Not Applicable,Yes,No,No,No,No,0,2442.69,257.13,0.0,0.599,Web,Manual Review,Edge,43,Dark,-0.31769,B0817
REC00794,CLM01013,CUS00098,PRD00647,Laptop,Business Laptop,Device,Main Unit,ZenCore,ZEN-LAP-203,SN-61396892,2022-12-09,2024-02-21,2024-02-08,24,No,Overheating,Manufacturing Defect,Customer reports overheating affecting device.,No,No,Not Applicable,Not Applicable,Not Applicable,Not Applicable,Not Applicable,Not Applicable,Not Applicable,Not Applicable,Yes,Yes,Yes,Yes,Yes,Yes,Not Applicable,Not Applicable,Not Applicable,Not Applicable,Not Applicable,Not Applicable,Yes,Yes,3,Yes,No,Not Applicable,Yes,Yes,No,No,No,0,1979.87,1466.61,274.23,0.917,Web,Valid Claim,Chrome,1,Light,1.69625,B0646
REC00879,CLM00820,CUS00304,PRD00512,Television,LED,Sound,Main Unit,Aster,AST-TEL-651,SN-84369285,2023-02-14,2024-12-05,2024-11-22,24,No,Audio Failure,Normal Wear,Customer reports audio failure affecting sound.,No,Not Applicable,Not Applicable,Not Applicable,Not Applicable,No,Not Applicable,Not Applicable,Not Applicable,Not Applicable,Yes,,No,Yes,Yes,Yes,Not Applicable,Not Applicable,Not Applicable,Not Applicable,Not Applicable,Not Applicable,Not Applicable,No,0,Not Applicable,No,Not Applicable,Yes,Yes,No,No,No,2,1771.72,1443.91,,0.742,Service Center,Invalid Claim,Chrome,38,Light,-0.53629,B0962
REC00600,CLM00758,CUS00507,PRD00649,Camera,Mirrorless,Camera Body,Camera Body,NovaTech,NOV-CAM-911,SN-23830898,2022-06-07,2025-04-28,2025-04-09,24,No,Battery Problem,Electrical Failure,Customer reports battery problem affecting camera body.,No,No,No,Not Applicable,Not Applicable,Not Applicable,Not Applicable,Not Applicable,Not Applicable,Not Applicable,Yes,Yes,No,Yes,No,Yes,Not Applicable,Not Applicable,Not Applicable,Not Applicable,Not Applicable,Not Applicable,Yes,Yes,1,Yes,No,Not Applicable,Yes,Yes,No,No,No,2,1883.82,945.65,461.13,0.961,Web,Invalid Claim,Chrome,43,Light,0.04198,B0149
REC01364,CLM01185,CUS00120,PRD00230,Laptop,Business Laptop,Device,Main Unit,NovaTech,NOV-LAP-908,SN-26517561,2023-06-10,2025-06-05,2025-05-28,24,No,Connectivity Issue,Manufacturing Defect,Customer reports connectivity issue affecting device.,No,No,Not Applicable,Not Applicable,Not Applicable,Not Applicable,Not Applicable,Not Applicable,Not Applicable,Not Applicable,Yes,Yes,Yes,Yes,No,Yes,Not Applicable,Not Applicable,Not Applicable,Not Applicable,Not Applicable,Not Applicable,Not Applicable,No,0,Not Applicable,No,Not Applicable,Yes,Yes,No,No,No,0,640.32,,0.0,0.765,Service Center,Manual Review,MobileWebView,57,Dark,-1.40603,B0155
REC00436,CLM00564,CUS00186,PRD00279,Camera,Action Camera,Not Sure,Camera Body,NovaTech,NOV-CAM-115,SN-13442693,2022-06-03,2024-04-08,2024-03-17,24,No,Connectivity Issue,Electrical Failure,Customer reports connectivity issue affecting not sure.,No,No,Not Applicable,Not Applicable,Not Applicable,Not Applicable,Not Applicable,Not Applicable,Not Applicable,Not Applicable,Yes,Yes,Yes,Yes,Yes,Yes,Not Applicable,Not Applicable,Not Applicable,Not Applicable,Not Applicable,Not Applicable,Not Applicable,No,0,Not Applicable,No,Not Applicable,Unknown,Yes,No,No,No,0,2099.55,,0.0,,Service Center,Manual Review,Chrome,54,Light,0.8327,B0954
REC00009,CLM00876,CUS00568,PRD00851,Smartphone,Rugged Smartphone,Phone,Main Unit,Aster,AST-SMA-144,SN-69261873,2024-10-07,2025-05-25,2025-05-07,12,No,Display Failure,Internal Component Failure,Customer reports display failure affecting phone.,No,No,Not Applicable,Not Applicable,Not Applicable,Not Applicable,Not Applicable,Not Applicable,Not Applicable,Not Applicable,Yes,,No,Yes,Yes,Yes,Not Applicable,Not Applicable,Not Applicable,Not Applicable,Not Applicable,Not Applicable,Not Applicable,No,0,Not Applicable,Yes,Yes,No,Yes,No,No,No,2,1559.28,874.52,0.0,0.772,Web,Invalid Claim,Chrome,35,Light,-0.74859,B0883
REC00466,CLM00073,CUS00552,PRD00085,Laptop,Gaming Laptop,Device,Main Unit,NovaTech,NOV-LAP-663,SN-96754229,2022-09-22,2024-06-16,2024-05-23,24,No,Display Failure,Liquid Damage,Customer reports display failure affecting device.,No,No,Not Applicable,Not Applicable,Not Applicable,Not Applicable,Not Applicable,Not Applicable,Not Applicable,Not Applicable,No,Yes,Yes,Yes,,Yes,Not Applicable,Not Applicable,Not Applicable,Not Applicable,Not Applicable,Not Applicable,,No,0,Not Applicable,No,Not Applicable,Yes,Yes,No,No,No,1,851.37,371.39,0.0,0.805,Web,Invalid Claim,Edge,26,Light,-0.08907,B0397
REC01288,CLM00178,CUS00272,PRD00368,Laptop,Business Laptop,Device,Main Unit,NovaTech,NOV-LAP-212,SN-72498562,2023-09-14,2025-03-08,2025-03-05,24,No,Connectivity Issue,Manufacturing Defect,Customer reports connectivity issue affecting device.,No,No,Not Applicable,Not Applicable,Not Applicable,Not Applicable,Not Applicable,Not Applicable,Not Applicable,Not Applicable,Yes,Yes,No,Yes,Yes,Yes,Not Applicable,Not Applicable,Not Applicable,Not Applicable,Not Applicable,Not Applicable,,No,0,Not Applicable,No,Not Applicable,Yes,Yes,No,Yes,No,1,1117.2,660.36,0.0,0.765,Service Center,Valid Claim,Firefox,24,Light,-0.35564,B0478
REC00085,CLM00262,CUS00475,PRD00283,Smartphone,Foldable Smartphone,Phone,Main Unit,Aster,AST-SMA-308,SN-96306440,2024-10-29,2026-05-17,2026-05-03,12,No,Display Failure,Electrical Failure,Customer reports display failure affecting phone.,No,No,Not Applicable,Not Applicable,Not Applicable,Not Applicable,Not Applicable,Not Applicable,Not Applicable,Not Applicable,Yes,Yes,Yes,No,Yes,Yes,Not Applicable,Not Applicable,Not Applicable,Not Applicable,Not Applicable,Not Applicable,Yes,Yes,2,Yes,No,Not Applicable,Yes,Yes,No,No,No,1,1705.06,343.26,343.32,0.94,Service Center,Invalid Claim,Firefox,43,System,1.16795,B0579
REC00925,CLM01148,CUS00098,PRD00794,Washing Machine,Front Load,Other,Main Unit,primeview,PRI-WAS-547,SN-38044124,2024-07-30,2025-08-04,2025-07-18,24,No,Mechanical Failure,Electrical Failure,Customer reports mechanical failure affecting other.,Not Applicable,Not Applicable,Not Applicable,Household,No,Not Applicable,No,Not Applicable,Not Applicable,Not Applicable,YES,Yes,Yes,Yes,Yes,Yes,Not Applicable,Not Applicable,Not Applicable,Not Applicable,Not Applicable,Not Applicable,,Yes,1,Yes,No,Not Applicable,Yes,Yes,No,No,No,0,980.99,184.25,259.84,0.91,Mobile App,Manual Review,Edge,13,Light,0.50297,B0886
REC00890,CLM00756,CUS00410,PRD00840,Washing Machine,Front Load,Spinning,Main Unit,HomePro,HOM-WAS-595,SN-95484227,2022-11-15,2024-10-26,2024-09-27,24,No,Mechanical Failure,Electrical Failure,Customer reports mechanical failure affecting spinning.,Not Applicable,Not Applicable,Not Applicable,Household,No,Not Applicable,No,Not Applicable,Not Applicable,Not Applicable,Yes,Yes,Yes,Yes,No,Yes,Not Applicable,Not Applicable,Not Applicable,Not Applicable,Not Applicable,Not Applicable,Not Applicable,No,0,Not Applicable,Yes,Yes,Yes,Yes,No,No,No,0,353.61,72.78,0.0,0.737,Web,Manual Review,Chrome,52,Dark,0.66506,B0853
REC01438,CLM00862,CUS00421,PRD00182,Air Conditioner,Portable,Outdoor Unit,Main Unit,Aster,AST-AIR-625,SN-77985657,2024-03-13,2026-07-23,2026-07-11,24,Yes,Power Failure,Manufacturing Defect,Customer reports power failure affecting outdoor unit.,Not Applicable,Not Applicable,Not Applicable,Not Applicable,Yes,Not Applicable,Not Applicable,No,Outdoor Unit,Not Applicable,Yes,Yes,Yes,,No,Yes,Yes,Not Applicable,Not Applicable,Not Applicable,Not Applicable,Not Applicable,,Yes,1,Yes,Yes,Yes,Yes,Yes,No,No,No,1,658.26,588.2,335.26,0.984,Service Center,Manual Review,Chrome,51,Light,-0.85989,B0807
REC00094,CLM00622,CUS00628,PRD00574,Printer,Inkjet,Ink or Toner,Ink Or Toner,PrimeView,PRI-PRI-415,SN-50475822,2025-06-25,2026-03-30,2026-03-14,0,No,Power Failure,Electrical Failure,Customer reports power failure affecting ink or toner.,Not Applicable,Not Applicable,Not Applicable,Not Applicable,No,Not Applicable,Unknown,Not Applicable,Not Applicable,Original,Yes,Yes,Yes,Yes,Yes,Yes,Not Applicable,Not Applicable,Not Applicable,Not Applicable,Not Applicable,Yes,Not Applicable,No,0,Not Applicable,No,Not Applicable,Yes,Yes,No,No,No,1,903.57,524.35,0.0,0.945,Mobile App,Invalid Claim,Edge,38,System,1.13401,B0334
REC00022,CLM01170,CUS00334,PRD00365,Laptop,Gaming Laptop,Device,Main Unit,NovaTech,NOV-LAP-486,SN-80693401,2022-10-30,2025-03-18,2025-02-17,24,Yes,Overheating,Internal Component Failure,Customer reports overheating affecting device.,No,No,Not Applicable,Not Applicable,Not Applicable,Not Applicable,Not Applicable,Not Applicable,Not Applicable,Not Applicable,Yes,Yes,Yes,Yes,Yes,No,Not Applicable,Not Applicable,Not Applicable,Not Applicable,Not Applicable,Not Applicable,,No,0,Not Applicable,No,Not Applicable,Yes,Yes,No,No,No,1,2467.0,1070.05,0.0,0.72,Service Center,Manual Review,MobileWebView,11,Light,-2.08517,B0992
REC00674,CLM01485,CUS00465,PRD00067,Printer,Thermal,Connection,Main Unit,HomePro,HOM-PRI-177,SN-70679673,2024-10-11,2025-03-15,2025-02-20,12,No,Connectivity Issue,Electrical Failure,Customer reports connectivity issue affecting connection.,Not Applicable,Not Applicable,Not Applicable,Not Applicable,Yes,Not Applicable,No,Not Applicable,Not Applicable,Compatible,Yes,Yes,Yes,Yes,Yes,Yes,Not Applicable,Not Applicable,Not Applicable,Not Applicable,Not Applicable,Yes,Not Applicable,No,0,Not Applicable,N,Not Applicable,Yes,No,No,No,No,0,846.88,269.05,0.0,0.754,Mobile App,Manual Review,Chrome,7,System,-0.86234,B0601
REC00109,CLM00628,CUS00031,PRD00370,Laptop,Gaming Laptop,Device,Main Unit,ZenCore,ZEN-LAP-202,SN-44624256,2022-05-03,2024-06-14,2024-05-29,24,No,Overheating,Manufacturing Defect,Customer reports overheating affecting device.,Yes,No,Not Applicable,Not Applicable,Not Applicable,Not Applicable,Not Applicable,Not Applicable,Not Applicable,Not Applicable,Yes,Yes,Yes,Yes,No,Yes,Not Applicable,Not Applicable,Not Applicable,Not Applicable,Not Applicable,Not Applicable,Not Applicable,No,0,Not Applicable,No,Not Applicable,Yes,Yes,No,No,No,2,1075.8,952.18,0.0,0.795,Web,Invalid Claim,Chrome,40,Light,-0.47202,B0883
REC-DUP-0019,CLM01158,CUS00217,PRD00964,Smartphone,Foldable Smartphone,Battery,Battery,NovaTech,NOV-SMA-644,SN-26332555,2023-05-24,2024-02-25,2024-02-19,12,No,Power Failure,Manufacturing Defect,Customer reports power failure affecting battery.,Unknown,No,Yes,Not Applicable,Not Applicable,Not Applicable,Not Applicable,Not Applicable,Not Applicable,Not Applicable,Yes,Yes,Yes,Yes,Yes,Yes,Not Applicable,Yes,Not Applicable,Not Applicable,Not Applicable,Not Applicable,Yes,Yes,1,Yes,No,Not Applicable,Yes,Yes,No,No,No,0,1758.07,688.38,508.28,0.825,Email,Valid Claim,Safari,12,System,-1.52365,B0200
REC01301,CLM00379,CUS00651,PRD00752,Printer,Thermal,Printing,Main Unit,NovaTech,NOV-PRI-723,SN-41265167,2026-03-27,2026-09-04,2026-07-18,12,No,Mechanical Failure,Electrical Failure,Customer reports mechanical failure affecting printing.,Not Applicable,Not Applicable,Not Applicable,Not Applicable,No,Not Applicable,No,Not Applicable,Not Applicable,Unknown,Yes,Yes,Yes,Yes,No,Yes,Not Applicable,Not Applicable,Not Applicable,Not Applicable,Not Applicable,Yes,,No,0,Not Applicable,No,Not Applicable,Yes,Yes,No,No,No,3,467.38,41.13,-100.0,0.798,Email,Invalid Claim,Firefox,58,Dark,-0.03446,B0360
REC00536,CLM01088,CUS00151,PRD00712,Refrigerator,Side-by-Side,Cooling,Main Unit,ZenCore,ZEN-REF-367,SN-87638735,2023-10-28,2025-01-19,2024-12-24,24,No,Cooling Failure,Electrical Failure,Customer reports cooling failure affecting cooling.,Not Applicable,Not Applicable,Not Applicable,Household,No,Not Applicable,Not Applicable,Not Applicable,Not Applicable,Not Applicable,Yes,Yes,No,Yes,Yes,No,Not Applicable,Not Applicable,Not Applicable,Not Applicable,Not Applicable,Not Applicable,Not Applicable,No,0,Not Applicable,No,Not Applicable,Unknown,Yes,No,No,No,1,2657.38,1427.47,0.0,0.936,Mobile App,Manual Review,Safari,4,Light,0.53508,B0328
REC01033,CLM00966,CUS00047,PRD00683,Camera,Mirrorless,Camera Body,Camera Body,Aster,AST-CAM-674,SN-35095672,2025-01-07,2026-08-26,2026-08-03,24,No,Lens Failure,Internal Component Failure,Customer reports lens failure affecting camera body.,No,No,Not Applicable,Not Applicable,Not Applicable,Not Applicable,Not Applicable,Not Applicable,Not Applicable,Not Applicable,Yes,Yes,No,Yes,Yes,Yes,Not Applicable,Not Applicable,Not Applicable,Not Applicable,Not Applicable,Not Applicable,Yes,Yes,1,No,Yes,N,Yes,Yes,No,No,No,0,2071.02,815.13,508.44,0.961,Web,Invalid Claim,Edge,5,System,-0.23259,B0035
REC00288,CLM00506,CUS00416,PRD00975,Camera,Action Camera,Camera Body,Camera Body,Aster,AST-CAM-294,SN-45873986,2024-07-26,2025-10-29,2025-09-28,24,No,Display Failure,Lens Impact Damage,Customer reports display failure affecting camera body.,Unknown,No,Not Applicable,Not Applicable,Not Applicable,Not Applicable,Not Applicable,Not Applicable,Not Applicable,Not Applicable,Yes,Yes,No,Yes,Yes,Yes,Not Applicable,Not Applicable,Not Applicable,Not Applicable,Not Applicable,Not Applicable,Not Applicable,No,0,Not Applicable,No,Not Applicable,Yes,Yes,No,No,No,0,3337.76,3000.4,0.0,0.756,Mobile App,Invalid Claim,Firefox,27,System,-1.34859,B0886
REC00280,CLM00627,CUS00507,PRD00777,Printer,Inkjet,Connection,Main Unit,HomePro,HOM-PRI-625,SN-96625406,2023-07-28,2024-07-11,2024-06-21,12,No,Connectivity Issue,Unsupported Consumable,Customer reports connectivity issue affecting connection.,Not Applicable,Not Applicable,Not Applicable,Not Applicable,No,Not Applicable,No,Not Applicable,Not Applicable,Original,Yes,Yes,Yes,Yes,,Yes,Not Applicable,Not Applicable,Not Applicable,Not Applicable,Not Applicable,Yes,Not Applicable,No,0,Not Applicable,Yes,Yes,Yes,Yes,No,No,No,0,371.02,298.85,0.0,0.936,Service Center,Invalid Claim,Safari,2,Light,-1.72741,B0646
REC00311,CLM00897,CUS00204,PRD00041,Laptop,Gaming Laptop,Device,Main Unit,ZenCore,ZEN-LAP-366,SN-14426185,2024-12-04,2026-03-09,2026-02-21,24,No,Display Failure,Electrical Failure,Customer reports display failure affecting device.,No,No,Not Applicable,Not Applicable,Not Applicable,Not Applicable,Not Applicable,Not Applicable,Not Applicable,Not Applicable,Yes,Yes,Yes,Yes,Yes,No,Not Applicable,Not Applicable,Not Applicable,Not Applicable,Not Applicable,Not Applicable,Not Applicable,No,0,Not Applicable,No,Not Applicable,Yes,Yes,No,No,No,2,1809.83,1381.04,0.0,0.607,Mobile App,Manual Review,MobileWebView,17,Light,0.6536,B0104
REC00811,CLM00209,CUS00680,PRD00480,Washing Machine,Washer Dryer,Spinning,Main Unit,ZenCore,ZEN-WAS-968,SN-36882083,2024-04-04,2026-06-22,2026-06-09,24,Yes,Mechanical Failure,Manufacturing Defect,Customer reports mechanical failure affecting spinning.,Not Applicable,Not Applicable,Not Applicable,Household,No,Not Applicable,No,Not Applicable,Not Applicable,Not Applicable,Yes,Yes,Yes,Yes,Yes,No,Not Applicable,Not Applicable,Not Applicable,Not Applicable,Not Applicable,Not Applicable,, No ,0,Not Applicable,No,Not Applicable,Yes,Yes,No,No,No,1,821.13,383.37,0.0,0.839,Email,Manual Review,MobileWebView,45,Light,-0.66844,B0406
REC01407,CLM01241,CUS00074,PRD00849,Television,LED,Picture,Main Unit,HomePro,HOM-TEL-499,SN-64139088,2024-08-03,2026-02-16,2026-01-29,24,No,Display Failure,Manufacturing Defect,Customer reports display failure affecting picture.,No,Not Applicable,Not Applicable,Not Applicable,Not Applicable,No,Not Applicable,Not Applicable,Not Applicable,Not Applicable,No,Yes,No,Yes,Yes,Yes,Not Applicable,Not Applicable,Not Applicable,Not Applicable,Not Applicable,Not Applicable,Not Applicable,No,0,Not Applicable,No,Not Applicable,Y,Yes,No,No,No,1,1945.03,1132.0,0.0,0.867,Email,Valid Claim,MobileWebView,36,System,-0.14574,B0280
REC00337,CLM01244,CUS00119,PRD00228,Washing Machine,Top Load,Noise,Main Unit,PrimeView,PRI-WAS-399,SN-27907253,2024-01-07,2025-06-30,2025-06-22,24,No,Noise,Manufacturing Defect,Customer reports noise affecting noise.,Not Applicable,Not Applicable,Not Applicable,Household,Yes,Not Applicable,No,Not Applicable,Not Applicable,Not Applicable,Yes,Yes,No,Yes,Yes,Yes,Not Applicable,Not Applicable,Not Applicable,Not Applicable,Not Applicable,Not Applicable,Not Applicable,No,0,Not Applicable,No,Not Applicable,Yes,Yes,No,No,No,0,1665.26,411.87,0.0,0.887,Web,Valid Claim,Safari,39,System,-1.4413,B0604
REC01043,CLM00217,CUS00279,PRD00124,Air Conditioner,Portable,Indoor Unit,Main Unit,ZenCore,ZEN-AIR-756,SN-30319319,2024-08-15,2026-03-01,2026-02-25,24,No,Power Failure,Misuse,Customer reports power failure affecting indoor unit.,Not Applicable,Not Applicable,Not Applicable,Not Applicable,No,Not Applicable,Not Applicable,No,Indoor Unit,Not Applicable,No,Yes,Yes,Yes,Yes,Yes,Yes,Not Applicable,Not Applicable,Not Applicable,Not Applicable,Not Applicable,Yes,Yes,1,Yes,No,Not Applicable,Yes,Yes,No,No,No,0,1840.69,210.08,608.66,0.817,Web,Invalid Claim,Safari,12,Dark,-0.24027,B0839
REC01121,CLM00606,CUS00636,PRD00179,Laptop,Consumer Laptop,Device,Main Unit,Aster,AST-LAP-528,SN-13261503,2024-08-25,2026-07-23,2026-06-25,24,No,Connectivity Issue,Misuse,Customer reports connectivity issue affecting device.,No,No,Not Applicable,Not Applicable,Not Applicable,Not Applicable,Not Applicable,Not Applicable,Not Applicable,Not Applicable,No,Yes,No,Yes,,Yes,Not Applicable,Not Applicable,Not Applicable,Not Applicable,Not Applicable,Not Applicable,Yes,Yes,3,Yes,No,Not Applicable,Yes,Yes,No,No,No,1,2002.79,-500.0,460.62,0.899,Web,Invalid Claim,Safari,4,System,-1.42104,B0772
REC01051,CLM00561,CUS00023,PRD00682,Washing Machine,Washer Dryer,Washing,Main Unit,HomePro,HOM-WAS-757,SN-99322367,2023-07-11,2025-03-13,2025-02-26,24,No,Mechanical Failure,Manufacturing Defect,Customer reports mechanical failure affecting washing.,Not Applicable,Not Applicable,Not Applicable,Household,Yes,Not Applicable,Unknown,Not Applicable,Not Applicable,Not Applicable,,Yes,Yes,Yes,Yes,Yes,Not Applicable,Not Applicable,Not Applicable,Not Applicable,Not Applicable,Not Applicable,Not Applicable,No,0,Not Applicable,Yes,Yes,Yes,Yes,No,No,No,0,1717.56,452.86,0.0,0.956,Mobile App,Valid Claim,Firefox,16,System,0.10175,B0791
REC00016,CLM00998,CUS00554,PRD00239,Refrigerator,Double Door,Cooling,Main Unit,HomePro,HOM-REF-476,SN-45705800,2023-08-01,2025-05-07,2025-04-21,24,No,Cooling Failure,Internal Component Failure,Customer reports cooling failure affecting cooling.,Not Applicable,Not Applicable,Not Applicable,Household,Yes,Not Applicable,Not Applicable,Not Applicable,Not Applicable,Not Applicable,Yes,No,Yes,Yes,Yes,Yes,Not Applicable,Not Applicable,Not Applicable,Not Applicable,Not Applicable,Not Applicable,Yes,Yes,2,Yes,No,Not Applicable,Yes,Yes,No,No,No,1,922.47,239.51,342.85,0.894,Web,Valid Claim,Chrome,47,Light,2.13812,B0061
REC01027,CLM00610,CUS00281,PRD00158,Laptop,Gaming Laptop,Device,Main Unit,ZenCore,ZEN-LAP-284,SN-10371617,2025-03-19,2026-07-07,2026-06-24,24,No,Battery Problem,Manufacturing Defect,Customer reports battery problem affecting device.,Unknown,No,Yes,Not Applicable,Not Applicable,Not Applicable,Not Applicable,Not Applicable,Not Applicable,Not Applicable,Yes,Yes,No,Yes,Yes,Yes,Not Applicable,Not Applicable,Not Applicable,Not Applicable,Not Applicable,Not Applicable,Yes,Yes,3, Yes ,No,Not Applicable,Yes,Yes,No,Yes,No,0,2223.37,1821.47,283.67,0.752,Mobile App,Valid Claim,Edge,52,Dark,0.442,B0644
REC00178,CLM00382,CUS00614,PRD00019,Smartphone,Foldable Smartphone,Phone,Main Unit,PrimeView,PRI-SMA-948,SN-36200362,2024-08-24,2025-01-18,2025-01-09,12,No,Connectivity Issue,Liquid Damage,Customer reports connectivity issue affecting phone.,No,Yes,Not Applicable,Not Applicable,Not Applicable,Not Applicable,Not Applicable,Not Applicable,Not Applicable,Not Applicable,Yes,Yes,No,Yes,Yes,Yes,Not Applicable,Not Applicable,Not Applicable,Not Applicable,Not Applicable,Not Applicable,,No,0,Not Applicable,No,Not Applicable,Unknown,Yes,No,No,No,1,1404.47,1295.73,0.0,0.876,Web,Invalid Claim,Safari,43,Dark,-0.28114,B0726
REC00185,CLM01014,CUS00407,PRD00500,Smartphone,Standard Smartphone,Phone,Main Unit,PrimeView,PRI-SMA-365,SN-56226200,2024-05-19,2024-12-04,2024-11-16,12,No,Battery Problem,Internal Component Failure,Customer reports battery problem affecting phone.,No,No,Yes,Not Applicable,Not Applicable,Not Applicable,Not Applicable,Not Applicable,Not Applicable,Not Applicable,Yes,No,No,Yes,No,Yes,Not Applicable,Not Applicable,Not Applicable,Not Applicable,Not Applicable,Not Applicable,,No,0,Not Applicable,Yes,Yes,Yes,Yes,No,No,No,1,1102.81,866.61,,0.962,Service Center,Manual Review,MobileWebView,47,Light,0.95388,B0359
REC00050,CLM00589,CUS00669,PRD00553,Washing Machine,Top Load,Water Supply or Drain,Main Unit,HomePro,HOM-WAS-210,SN-55632225,2026-99-41,2025-12-27,2025-12-17,24,No,Mechanical Failure,Manufacturing Defect,Customer reports mechanical failure affecting water supply or drain.,Not Applicable,Not Applicable,Not Applicable,Household,Yes,Not Applicable,No,Not Applicable,Not Applicable,Not Applicable,Yes,Yes,No,Yes,Yes,No,Not Applicable,Not Applicable,Not Applicable,Not Applicable,Not Applicable,Not Applicable,Not Applicable,No,0,Not Applicable,No,Not Applicable,No,Yes,No,No,No,0,2194.79,803.16,0.0,0.898,Mobile App,Invalid Claim,Safari,9,Dark,0.15942,B0409
REC01137,CLM00886,CUS00180,PRD00223,Washing Machine,Washer Dryer,Power,Main Unit,ZenCore,ZEN-WAS-297,SN-12431739,2023-12-06,2026-05-04,2026-04-07,24,Yes,Power Failure,Misuse,Customer reports power failure affecting power.,Not Applicable,Not Applicable,Not Applicable,Business,Yes,Not Applicable,No,Not Applicable,Not Applicable,Not Applicable,Yes,Yes,No,Yes,Yes,Yes,Not Applicable,Not Applicable,Not Applicable,Not Applicable,Not Applicable,Not Applicable,,No,0,Not Applicable,No,Not Applicable,Yes,No,No,No,No,1,479.41,310.77,0.0,0.736,Service Center,Invalid Claim,Chrome,27,Dark,1.60322,B0590
REC00933,CLM01126,CUS00032,PRD00943,Air Conditioner,Portable,Both,Main Unit,ZenCore,ZEN-AIR-423,SN-73501112,2022-12-24,2024-12-20,2024-12-07,24,No,Noise,Manufacturing Defect,Customer reports noise affecting both.,Not Applicable,Not Applicable,Not Applicable,Not Applicable,Yes,Not Applicable,Not Applicable,No,Both,Not Applicable,No,Yes,Yes,Yes,Yes,Yes,Yes,Not Applicable,Not Applicable,Not Applicable,Not Applicable,Not Applicable,Not Applicable,No,0,Not Applicable,No,Not Applicable,Yes,Yes,No,No,No,1,782.44,126.45,0.0,,Web,Valid Claim,Safari,4,System,-0.99621,B0449
REC01113,CLM00407,CUS00447,PRD00788,Laptop,2-in-1,Device,Main Unit,ZenCore,ZEN-LAP-361,SN-33619446,2022-09-09,2024-02-21,2024-02-09,24,No,Overheating,Electrical Failure,Customer reports overheating affecting device.,No,No,Not Applicable,Not Applicable,Not Applicable,Not Applicable,Not Applicable,Not Applicable,Not Applicable,Not Applicable,Yes,Yes,No,Yes,Yes,,Not Applicable,Not Applicable,Not Applicable,Not Applicable,Not Applicable,Not Applicable,Not Applicable,No,0,Not Applicable,No,Not Applicable,Yes,Yes,No,No,No,0,1875.11,865.91,,0.894,Service Center,Valid Claim,MobileWebView,4,Dark,0.55035,B0324
REC00932,CLM00778,CUS00038,PRD00003,Refrigerator,Double Door,Noise,Main Unit,ZenCore,ZEN-REF-676,SN-37721897,2024-08-22,2026-08-13,2026-08-08,24,No,Noise,Manufacturing Defect,Customer reports noise affecting noise.,Not Applicable,Not Applicable,Not Applicable,Household,Yes,Not Applicable,Not Applicable,Not Applicable,Not Applicable,Not Applicable,Yes,Yes,Yes,Yes,Yes,Yes,Not Applicable,Not Applicable,Not Applicable,Not Applicable,Not Applicable,Not Applicable,Not Applicable,No,0,Not Applicable,No,Not Applicable,Yes,Yes,No,No,No,0,2721.95,517.4,0.0,0.597,Email,Manual Review,Chrome,36,Light,0.09615,B0785
REC00017,CLM01034,CUS00483,PRD00616,Air Conditioner,Window,Indoor Unit,Main Unit,Aster,AST-AIR-166,SN-57575584,2022-09-16,2024-06-03,2024-05-23,24,No,Water Leakage,Manufacturing Defect,Customer reports water leakage affecting indoor unit.,Not Applicable,Not Applicable,Not Applicable,Not Applicable,Yes,Not Applicable,Not Applicable,No,Indoor Unit,Not Applicable,Yes,No,No,Yes,Yes,Yes,No,Not Applicable,Not Applicable,Not Applicable,Not Applicable,Not Applicable,Not Applicable,No,0,Not Applicable,Yes,Yes,Yes,Yes,No,No,No,1,1269.7,1169.56,0.0,0.995,Mobile App,Manual Review,Chrome,8,Light,1.04223,B0464
REC00835,CLM00593,CUS00298,PRD00976,Air Conditioner,Portable,Indoor Unit,Compressor,ZenCore,ZEN-AIR-288,SN-15099788,2019-07-02,2024-05-05,2024-05-02,60,No,Power Failure,Manufacturing Defect,Customer reports power failure affecting indoor unit.,Not Applicable,Not Applicable,Not Applicable,Not Applicable,Yes,Not Applicable,Not Applicable,Yes,Indoor Unit,Not Applicable,No,No,No,Yes,Yes,No,Yes,Not Applicable,Not Applicable,Yes,Not Applicable,Not Applicable,,No,99,Not Applicable,No,Not Applicable,Yes,Yes,No,No,No,0,1946.98,1534.59,,0.962,Service Center,Manual Review,Chrome,50,System,0.67215,B0290
REC01450,CLM00907,CUS00393,PRD00827,Refrigerator,Single Door,Other,Main Unit,HomePro,HOM-REF-602,SN-99967610,2024-07-19,2026-07-21,2026-07-12,24,No,Mechanical Failure,Electrical Failure,Customer reports mechanical failure affecting other.,Not Applicable,Not Applicable,Not Applicable,Household,No,Not Applicable,Not Applicable,Not Applicable,Not Applicable,Not Applicable,Yes,,No,Yes,Yes,Yes,Not Applicable,Not Applicable,Not Applicable,Not Applicable,Not Applicable,Not Applicable,Not Applicable,No,0,Not Applicable,No,Not Applicable,Yes,Yes,No,No,No,2,2344.17,451.76,0.0,0.895,Web,Invalid Claim,Firefox,34,Dark,-0.54828,B0374
REC00767,CLM01363,CUS00392,PRD00911,Printer,Inkjet,Printing,Print Head,NovaTech,NOV-PRI-108,SN-41840858,2023-04-21,2024-01-19,2024-01-18,12,No,Mechanical Failure,Electrical Failure,Customer reports mechanical failure affecting printing.,Not Applicable,Not Applicable,Not Applicable,Not Applicable,No,Not Applicable,No,Not Applicable,Not Applicable,Original,Yes,Yes,Yes,Yes,Yes,Yes,Not Applicable,Not Applicable,Not Applicable,Not Applicable,Not Applicable,Yes,Not Applicable,No,0,Not Applicable,No,Not Applicable,Yes,Yes,No,No,No,2,317.03,179.77,0.0,0.879,Mobile App,Valid Claim,MobileWebView,27,Light,0.54596,B0835
REC01101,CLM01165,CUS00680,PRD00332,Refrigerator,French Door,Power,Main Unit,ZenCore,ZEN-REF-954,SN-51429241,2025-02-12,2026-06-04,2026-05-25,24,No,Power Failure,Manufacturing Defect,Customer reports power failure affecting power.,Not Applicable,Not Applicable,Not Applicable,Business,No,Not Applicable,Not Applicable,Not Applicable,Not Applicable,Not Applicable,Yes,Yes,Yes,Yes,No,No,Not Applicable,Not Applicable,Not Applicable,Not Applicable,Not Applicable,Not Applicable,Not Applicable,No,0,Not Applicable,No,Not Applicable,Yes,Yes,No,No,No,0,2356.32,2117.07,0.0,0.494,Web,Manual Review,MobileWebView,4,Dark,1.10849,B0958
REC01088,CLM00166,CUS00584,PRD00650,Refrigerator,Side-by-Side,Power,Main Unit,ZenCore,ZEN-REF-819,SN-21126451,2024-02-07,2025-06-21,2025-06-14,24,No,Power Failure,Accidental Damage,Customer reports power failure affecting power.,Not Applicable,Not Applicable,Not Applicable,Household,No,Not Applicable,Not Applicable,Not Applicable,Not Applicable,Not Applicable,Yes,Yes,Yes,Yes,Yes,Yes,Not Applicable,Not Applicable,Not Applicable,Not Applicable,Not Applicable,Not Applicable,,No,0,Not Applicable,No,Not Applicable,Yes,Yes,No,No,Yes,0,757.45,303.56,,,Service Center,Invalid Claim,Safari,34,System,-2.23403,B0021
REC01124,CLM00300,CUS00586,PRD00868,Air Conditioner,Split,Outdoor Unit,Compressor,ZenCore,ZEN-AIR-826,SN-94697346,2020-09-18,2025-08-19,2025-08-12,60,No,Power Failure,Manufacturing Defect,Customer reports power failure affecting outdoor unit.,Not Applicable,Not Applicable,Not Applicable,Not Applicable,Unknown,Not Applicable,Not Applicable,No,Outdoor Unit,Not Applicable,Yes,No,Yes,Yes,Yes,Yes,Yes,Not Applicable,Not Applicable,Yes,Not Applicable,Not Applicable,Yes,Yes,3,Yes,No,Not Applicable,Yes,Yes,No,No,No,0,2133.83,699.28,59.45,0.923,Service Center,Valid Claim,Safari,15,Light,-0.21342,B0225
REC00046,CLM01379,CUS00533,PRD00201,Air Conditioner,Window,Outdoor Unit,Main Unit,Aster,AST-AIR-176,SN-44422828,2023-04-02,2025-11-02,2025-10-07,24,Yes,Cooling Failure,Internal Component Failure,Customer reports cooling failure affecting outdoor unit.,Not Applicable,Not Applicable,Not Applicable,Not Applicable,Yes,Not Applicable,Not Applicable,Yes,Outdoor Unit,Not Applicable,Yes,Yes,No,Yes,Yes,Yes,Yes,Not Applicable,Not Applicable,Not Applicable,Not Applicable,Not Applicable,Not Applicable,No,0,Not Applicable,No,Not Applicable,Yes,Yes,No,No,No,0,820.61,129.51,0.0,0.943,Mobile App,Valid Claim,Chrome,8,Light,0.83764,B0029
REC00664,CLM01278,CUS00433,PRD00410,Washing Machine,Top Load,Power,Main Unit,PrimeView,PRI-WAS-857,SN-60152889,2022-09-26,2024-07-16,2024-06-21,24,No,Power Failure,Electrical Failure,Customer reports power failure affecting power.,Not Applicable,Not Applicable,Not Applicable,Household,No,Not Applicable,No,Not Applicable,Not Applicable,Not Applicable,Yes,Yes,No,Yes,Yes,No,Not Applicable,Not Applicable,Not Applicable,Not Applicable,Not Applicable,Not Applicable,Not Applicable,No,0,Not Applicable,No,Not Applicable,Yes,Yes,No,No,No,0,718.55,515.6,0.0,0.956,Service Center,Manual Review,Firefox,46,Light,0.89312,B0565
REC01075,CLM01107,CUS00293,PRD00884,Television,LED,Power,Main Unit,Aster,AST-TEL-794,SN-50139760,2022-11-02,2024-06-24,2024-06-17,24,No,Power Failure,Internal Component Failure,Customer reports power failure affecting power.,No,Not Applicable,Not Applicable,Not Applicable,Not Applicable,Unknown,Not Applicable,Not Applicable,Not Applicable,Not Applicable,Yes,No,No,Yes,Yes,Yes,Not Applicable,Not Applicable,Not Applicable,Not Applicable,Not Applicable,Not Applicable,No,Yes,3,Yes,Yes,Yes,Yes,Yes,No,No,No,0,861.06,324.25,518.78,0.808,Web,Manual Review,Edge,16,Dark,1.8837,B0442
REC00349,CLM00201,CUS00008,PRD00173,Air Conditioner,Portable,Both,Main Unit,ZenCore,ZEN-AIR-832,SN-88955952,2021-07-12,2024-01-05,2023-12-22,24,No,Power Failure,Manufacturing Defect,Customer reports power failure affecting both.,Not Applicable,Not Applicable,Not Applicable,Not Applicable,No,Not Applicable,Not Applicable,No,Both,Not Applicable,Yes,Yes,Yes,Yes,Y,Yes,No,Not Applicable,Not Applicable,Not Applicable,Not Applicable,Not Applicable,Not Applicable,No,0,Not Applicable,No,Not Applicable,Unknown,Yes,No, Yes ,No,999,567.26,349.94,0.0,0.993,Web,Invalid Claim,MobileWebView,48,Dark,-0.90178,B0436
REC01255,CLM00905,CUS00696,PRD00268,Refrigerator,Single Door,Power,Main Unit,ZenCore,ZEN-REF-897,SN-33389524,2024-09-14,2026-07-22,2026-07-10,24,No,Power Failure,Commercial Misuse,Customer reports power failure affecting power.,Not Applicable,Not Applicable,Not Applicable,Household,No,Not Applicable,Not Applicable,Not Applicable,Not Applicable,Not Applicable,No,No,Yes,Yes,Yes,Yes,Not Applicable,Not Applicable,Not Applicable,Not Applicable,Not Applicable,Not Applicable,Not Applicable,No,0,Not Applicable,No,Not Applicable,Yes,Yes,No,No,No,2,1602.83,190.2,0.0,0.937,Email,Invalid Claim,Safari,1,Dark,2.23017,B0332
REC00036,CLM01199,CUS00019,PRD00875,Smartphone,Foldable Smartphone,Not Sure,Main Unit,Aster,AST-SMA-144,SN-37499150,2024-12-02,2025-04-26,2025-04-01,12,No,Overheating,Internal Component Failure,Customer reports overheating affecting not sure.,No,No,Not Applicable,Not Applicable,Not Applicable,Not Applicable,Not Applicable,Not Applicable,Not Applicable,Not Applicable,Yes,No,No,Yes,Yes,Yes,Not Applicable,Not Applicable,Not Applicable,Not Applicable,Not Applicable,Not Applicable,Not Applicable,No,0,Not Applicable,No,Not Applicable,Yes,Yes,No,No,No,0,1303.19,315.5,,0.782,Service Center,Valid Claim,Chrome,53,Dark,0.21994,B0680
REC00012,CLM00421,CUS00154,PRD00887,Television,OLED,Power,Main Unit,Aster,AST-TEL-724,SN-21114643,2022-07-31,2025-02-24,2025-02-18,0,Yes,Power Failure,Electrical Failure,Customer reports power failure affecting power.,No,Not Applicable,Not Applicable,Not Applicable,Not Applicable,No,Not Applicable,Not Applicable,Not Applicable,Not Applicable,No,Yes,Yes,Yes,Yes,Yes,Not Applicable,Not Applicable,Not Applicable,Not Applicable,Not Applicable,Not Applicable,Not Applicable,No,0,Not Applicable,Yes,Yes,Yes,Yes,No,No,No,1,978.8,825.88,0.0,0.895,Web,Valid Claim,MobileWebView,13,Light,1.14508,B0872
REC-DUP-0040,CLM01131,CUS00381,PRD00118,Camera,DSLR,Lens,Lens,Aster,AST-CAM-138,SN-33023614,2023-08-03,2025-04-17,2025-04-10,24,No,Connectivity Issue,Manufacturing Defect,Customer reports connectivity issue affecting lens.,No,No,Not Applicable,Not Applicable,Not Applicable,Not Applicable,Not Applicable,Not Applicable,Not Applicable,Not Applicable,Yes,Yes,Yes,Yes,Yes,Yes,Not Applicable,Not Applicable,Not Applicable,Not Applicable,Yes,Not Applicable,Not Applicable, No ,0,Not Applicable,No,Not Applicable,Yes,Yes,No,No,No,0,713.48,519.72,0.0,0.605,Mobile App,Manual Review,Edge,42,Light,0.38963,B0859
REC01290,CLM00304,CUS00163,PRD00275,Washing Machine,Top Load,Water Supply or Drain,Main Unit,ZenCore,ZEN-WAS-535,SN-38265663,2022-02-01,2024-03-27,2024-03-19,24,Yes,Mechanical Failure,Water Damage,Customer reports mechanical failure affecting water supply or drain.,Not Applicable,Not Applicable,Not Applicable,Household,No,Not Applicable,No,Not Applicable,Not Applicable,Not Applicable,Yes,No,No,Yes,Yes,Yes,Not Applicable,Not Applicable,Not Applicable,Not Applicable,Not Applicable,Not Applicable,Not Applicable,No,0,Not Applicable,No,Not Applicable,Unknown,Yes,No,No,No,0,2028.71,1267.74,0.0,,Mobile App,Invalid Claim,Edge,7,Light,0.97674,B0672
REC00478,CLM00931,CUS00616,PRD00809,Air Conditioner,Split,Outdoor Unit,Main Unit,HomePro,HOM-AIR-798,SN-58695453,2023-05-11,2026-04-16,2026-04-13,24,Yes,Power Failure,Improper Refrigerant Handling,Customer reports power failure affecting outdoor unit.,Not Applicable,Not Applicable,Not Applicable,Not Applicable,No,Not Applicable,Not Applicable,No,Outdoor Unit,Not Applicable,Yes,Yes,No,Yes,Yes,,Yes,Not Applicable,Not Applicable,Not Applicable,Not Applicable,Not Applicable,Not Applicable,No,0,Not Applicable,No,Not Applicable,Yes,Yes,No,No,No,0,794.77,666.84,0.0,0.925,Web,Invalid Claim,Firefox,45,Dark,-1.54074,B0158
REC01151,CLM00601,CUS00362,PRD00962,Air Conditioner,Split,Indoor Unit,Main Unit,ASTER,AST-AIR-769,SN-87326449,2023-04-12,2026-01-11,2025-12-30,24,No,Noise,Internal Component Failure,Customer reports noise affecting indoor unit.,Not Applicable,Not Applicable,Not Applicable,Not Applicable,No,Not Applicable,Not Applicable,No,Indoor Unit,Not Applicable,Yes,Yes,Yes,Yes,No,Yes,Yes,Not Applicable,Not Applicable,Not Applicable,Not Applicable,Not Applicable,Not Applicable,No,0,Not Applicable,No,Not Applicable,Yes,Yes,No,No,No,0,869.81,557.73,0.0,,Mobile App,Invalid Claim,Safari,19,Dark,-0.34747,B0521
REC01294,CLM00572,CUS00253,PRD00591,Camera,Action Camera,Camera Body,Camera Body,NovaTech,NOV-CAM-604,SN-54420991,2023-07-11,2024-08-27,2024-08-22,24,No,Display Failure,Manufacturing Defect,Customer reports display failure affecting camera body.,No,No,Not Applicable,Not Applicable,Not Applicable,Not Applicable,Not Applicable,Not Applicable,Not Applicable,Not Applicable,Yes,Yes,Yes,Yes,No,,Not Applicable,Not Applicable,Not Applicable,Not Applicable,Not Applicable,Not Applicable,Not Applicable,No,0,Not Applicable,No,Not Applicable,Yes,Yes,Yes,No,No,0,3214.5,773.34,0.0,0.758,Service Center,Invalid Claim,Edge,5,Dark,-0.23572,B0212
REC00459,CLM01074,CUS00592,PRD00488,Camera,DSLR,Camera Body,Camera Body,Aster,AST-CAM-398,SN-67212575,2022-12-24,2024-04-18,2024-03-30,24,No,Display Failure,Internal Component Failure,Customer reports display failure affecting camera body.,No,No,Not Applicable,Not Applicable,Not Applicable,Not Applicable,Not Applicable,Not Applicable,Not Applicable,Not Applicable,Yes,Yes,No,Yes,Yes,Yes,Not Applicable,Not Applicable,Not Applicable,Not Applicable,Not Applicable,Not Applicable,Not Applicable,No,0,Not Applicable,No,Not Applicable,Yes,Yes,No,No,No,0,1687.59,1003.78,,0.798,Web,Valid Claim,Chrome,54,System,-1.39277,B0267
REC01193,CLM00087,CUS00166,PRD00722,Smartphone,Standard Smartphone,Phone,Main Unit,NovaTech,NOV-SMA-272,SN-28507387,2024-12-04,2025-09-12,2025-08-16,12,No,Display Failure,Manufacturing Defect,Customer reports display failure affecting phone.,No,No,Not Applicable,Not Applicable,Not Applicable,Not Applicable,Not Applicable,Not Applicable,Not Applicable,Not Applicable,Yes,Yes,No,Yes,Yes,Yes,Not Applicable,Not Applicable,Not Applicable,Not Applicable,Not Applicable,Not Applicable,Not Applicable,No,0,Not Applicable,Yes,Yes,Yes,Yes,No,No,No,0,1195.34,1009.7,0.0,0.961,Mobile App,Valid Claim,Safari,26,Dark,-0.04799,B0632
REC00164,CLM01102,CUS00653,PRD00586,Printer,Laser,Printing,Main Unit,PRIMEVIEW,PRI-PRI-141,SN-11745190,2022-02-01,2024-01-07,2023-12-28,12,Yes,Mechanical Failure,Electrical Failure,Customer reports mechanical failure affecting printing.,Not Applicable,Not Applicable,Not Applicable,Not Applicable,Yes,Not Applicable,No,Not Applicable,Not Applicable,Original,Yes,Yes,Yes,Yes,Yes,Yes,Not Applicable,Not Applicable,Not Applicable,Not Applicable,Not Applicable,Yes,Not Applicable,No,0,Not Applicable,No,Not Applicable,Yes,Yes,No,No,No,1,394.3,141.17,0.0,0.784,Web,Valid Claim,Chrome,13,Dark,1.04181,B0233
REC00024,CLM01270,CUS00201,PRD00419,Air Conditioner,Portable,Indoor Unit,Compressor,HomePro,HOM-AIR-671,SN-21165488,2020-07-22,2025-04-04,2025-03-27,60,No,Cooling Failure,Internal Component Failure,Customer reports cooling failure affecting indoor unit.,Not Applicable,Not Applicable,Not Applicable,Not Applicable,No,Not Applicable,Not Applicable,No,Indoor Unit,Not Applicable,Yes,Yes,Yes,Yes,Yes,Yes,Yes,Not Applicable,Not Applicable,No,Not Applicable,Not Applicable,,No,0,Not Applicable,No,Not Applicable,Yes,Yes,No,No,No,2,842.39,389.19,0.0,0.932,Mobile App,Manual Review,MobileWebView,9,Dark,0.90439,B0984
REC00880,CLM01096,CUS00343,PRD00237,Television,QLED,Sound,Main Unit,Aster,AST-TEL-184,SN-44932714,2023-06-18,2025-06-10,2025-05-29,24,No,Audio Failure,Electrical Failure,Customer reports audio failure affecting sound.,No,Not Applicable,Not Applicable,Not Applicable,Not Applicable,Yes,Not Applicable,Not Applicable,Not Applicable,Not Applicable,,No,Yes,Yes,Yes,Yes,Not Applicable,Not Applicable,Not Applicable,Not Applicable,Not Applicable,Not Applicable,Not Applicable,No,0,Not Applicable,No,Not Applicable,Yes,Yes,No,No,No,0,1246.36,869.46,0.0,0.455,Service Center,Manual Review,MobileWebView,6,Dark,-0.15922,B0933
REC01306,CLM00859,CUS00086,PRD00452,Camera,Action Camera,Camera Body,Camera Body,PrimeView,PRI-CAM-460,SN-85065619,2024-04-20,2026-03-30,2026-03-23,24,No,Display Failure,Internal Component Failure,Customer reports display failure affecting camera body.,No,No,Not Applicable,Not Applicable,Not Applicable,Not Applicable,Not Applicable,Not Applicable,Not Applicable,Not Applicable,Yes,Yes,Yes,Yes,Yes,Yes,Not Applicable,Not Applicable,Not Applicable,Not Applicable,Not Applicable,Not Applicable,Not Applicable,No,0,Not Applicable,NO,Not Applicable,Yes,Yes,No,No,No,0,364.81,122.64,0.0,0.872,Service Center,Valid Claim,Safari,32,Dark,0.42895,B0362
REC01215,CLM00102,CUS00300,PRD00244,Air Conditioner,Portable,Outdoor Unit,Compressor,Aster,AST-AIR-819,SN-16439540,2020-06-12,2024-06-14,2024-06-03,60,No,Cooling Failure,Manufacturing Defect,Customer reports cooling failure affecting outdoor unit.,Not Applicable,Not Applicable,Not Applicable,Not Applicable,No,Not Applicable,Not Applicable,No,Outdoor Unit,Not Applicable,Yes,Yes,Yes,Yes,Yes,No,Yes,Not Applicable,Not Applicable,Yes,Not Applicable,Not Applicable,No,Yes,3,No,No,Not Applicable,Yes,Yes,No,No,No,1,2244.16,2042.12,179.46,0.823,Mobile App,Invalid Claim,Chrome,14,System,0.76154,B0661
REC00134,CLM00053,CUS00611,PRD00032,Washing Machine,Washer Dryer,Noise,Main Unit,PrimeView,PRI-WAS-904,SN-20709167,2023-01-26,2025-01-20,2025-01-07,24,No,Noise,Normal Wear,Customer reports noise affecting noise.,Not Applicable,Not Applicable,Not Applicable,Household,Yes,Not Applicable,No,Not Applicable,Not Applicable,Not Applicable,Yes,Yes,No,Yes,Yes,No,Not Applicable,Not Applicable,Not Applicable,Not Applicable,Not Applicable,Not Applicable,Not Applicable,N,0,Not Applicable,No,Not Applicable,Yes,Yes,No,No,Yes,3,1686.81,274.02,0.0,0.734,Mobile App,Invalid Claim,Safari,45,System,0.34027,B0695
REC00089,CLM00940,CUS00236,PRD00209,Washing Machine,Front Load,Noise,Main Unit,HomePro,HOM-WAS-587,SN-83803545,2023-06-27,2024-10-10,not-a-date,24,No,Noise,Misuse,Customer reports noise affecting noise.,Not Applicable,Not Applicable,Not Applicable,Household,No,Not Applicable,No,Not Applicable,Not Applicable,Not Applicable,Yes,Yes,No,Yes,Yes,Yes,Not Applicable,Not Applicable,Not Applicable,Not Applicable,Not Applicable,Not Applicable,Yes,Yes,3,No,No,Not Applicable,Yes,Yes,No,No,No,0,687.32,274.76,50.22,,Service Center,Invalid Claim,MobileWebView,45,Light,1.07236,B0522
REC-DUP-0038,CLM00600,CUS00389,PRD00417,Smartphone,Foldable Smartphone,Phone,Main Unit,PrimeView,PRI-SMA-859,SN-33834235,2023-08-29,2024-04-12,2024-03-27,12,No,Overheating,Electrical Failure,Customer reports overheating affecting phone.,No,Unknown,Not Applicable,Not Applicable,Not Applicable,Not Applicable,Not Applicable,Not Applicable,Not Applicable,Not Applicable,No,Yes,Yes,Yes,Yes,,Not Applicable,Not Applicable,Not Applicable,Not Applicable,Not Applicable,Not Applicable,Yes,Yes,1,Yes,Yes,Yes,Yes,Yes,No,No,No,0,413.12,164.76,59.78,0.804,Mobile App,Valid Claim,Safari,10,Dark,-0.46689,B0716
REC00547,CLM01298,CUS00450,PRD00327,Refrigerator,French Door,Not Sure,Main Unit,HomePro,HOM-REF-669,SN-73279887,2023-06-12,2024-07-06,2024-06-29,24,No,Cooling Failure,Manufacturing Defect,Customer reports cooling failure affecting not sure.,Not Applicable,Not Applicable,Not Applicable,Household,Yes,Not Applicable,Not Applicable,Not Applicable,Not Applicable,Not Applicable,,No,Yes,Yes,Yes,Yes,Not Applicable,Not Applicable,Not Applicable,Not Applicable,Not Applicable,Not Applicable,Not Applicable,No,0,Not Applicable,No,Not Applicable,Yes,Yes,No,No,No,0,1493.09,537.14,0.0,0.963,Service Center,Valid Claim,Edge,4,Light,1.41074,B0258
REC01181,CLM01423,CUS00339,PRD00090,Air Conditioner,Cassette,Outdoor Unit,Main Unit,ZenCore,ZEN-AIR-411,SN-96749455,2023-08-31,2025-05-11,2025-05-08,24,No,Noise,Electrical Failure,Customer reports noise affecting outdoor unit.,Not Applicable,Not Applicable,Not Applicable,Not Applicable,No,Not Applicable,Not Applicable,No,Outdoor Unit,Not Applicable,Yes,No,Yes,Yes,No,,Yes,Not Applicable,Not Applicable,Not Applicable,Not Applicable,Not Applicable,Yes,Yes,1,Yes,No,Not Applicable,Yes,Yes,No,No,No,1,2555.12,1711.04,355.94,0.867,Service Center,Manual Review,MobileWebView,42,Light,-1.50986,B0006
REC00093,CLM01168,CUS00167,PRD00539,Air Conditioner,Window,Not Sure,Compressor,HomePro,HOM-AIR-516,SN-27548985,2021-02-25,2025-12-29,2025-12-17,60,No,Noise,Internal Component Failure,Customer reports noise affecting not sure.,Not Applicable,Not Applicable,Not Applicable,Not Applicable,Yes,Not Applicable,Not Applicable,No,Not Sure,Not Applicable,Yes,Yes,No,Yes,Yes,Y,Yes,Not Applicable,Not Applicable,Yes,Not Applicable,Not Applicable,Not Applicable,No,0,Not Applicable,No,Not Applicable,Yes,Yes,No,No,N,1,1283.48,498.11,,0.757,Email,Valid Claim,Edge,49,System,-0.65617,B0626
REC01073,CLM01213,CUS00687,PRD00408,Washing Machine,Top Load,Water Leakage,Main Unit,ZenCore,ZEN-WAS-536,SN-73114742,2023-03-24,2024-08-25,2024-08-19,24,No,Water Leakage,Manufacturing Defect,Customer reports water leakage affecting water leakage.,Not Applicable,Not Applicable,Not Applicable,Household,No,Not Applicable,Unknown,Not Applicable,Not Applicable,Not Applicable,Yes,Yes,Yes,Yes,Yes,Yes,Not Applicable,Not Applicable,Not Applicable,Not Applicable,Not Applicable,Not Applicable,Not Applicable,No,0,Not Applicable,No,Not Applicable,Unknown,Yes,No,No,No,1,1494.71,1215.9,0.0,0.916,Web,Manual Review,MobileWebView,44,Dark,0.30801,B0611
REC00236,CLM00674,CUS00257,PRD00446,Washing Machine,Washer Dryer,Washing,Main Unit,ZenCore,ZEN-WAS-991,SN-56154764,2023-03-20,2026-03-05,2026-02-25,24,No,Mechanical Failure,Overloading,Customer reports mechanical failure affecting washing.,Not Applicable,Not Applicable,Not Applicable,Household,No,Not Applicable,No,Not Applicable,Not Applicable,Not Applicable,Yes,Yes,No,Yes,Yes,,Not Applicable,Not Applicable,Not Applicable,Not Applicable,Not Applicable,Not Applicable,Not Applicable,No,0,Not Applicable,No,Not Applicable,Yes,Yes,No,No,No,1,1377.55,456.46,0.0,0.808,Web,Invalid Claim,MobileWebView,2,Dark,-0.05088,B0185
REC00075,CLM00180,CUS00617,PRD00167,Television,QLED,Connection,Main Unit,HomePro,HOM-TEL-384,SN-31186452,2023-06-27,2025-06-10,2025-05-27,24,No,Connectivity Issue,Electrical Failure,Customer reports connectivity issue affecting connection.,Unknown,Not Applicable,Not Applicable,Not Applicable,Not Applicable,No,Not Applicable,Not Applicable,Not Applicable,Not Applicable,Yes,Yes,Yes,Yes,Yes,Yes,Not Applicable,Not Applicable,Not Applicable,Not Applicable,Not Applicable,Not Applicable,No,Yes,1,Yes,No,Not Applicable,Yes,Yes,No,No,No,0,2162.5,771.09,224.35,0.621,Web,Manual Review,Safari,43,Dark,-0.15051,B0593
REC00537,CLM00517,CUS00124,PRD00670,Laptop,Gaming Laptop,Charger,Power Adapter,NovaTech,NOV-LAP-295,SN-32069198,2025-10-12,2026-05-08,2026-04-23,12,No,Display Failure,Manufacturing Defect,Customer reports display failure affecting charger.,No,Yes,Not Applicable,Not Applicable,Not Applicable,Not Applicable,Not Applicable,Not Applicable,Not Applicable,Not Applicable,Yes,Yes,Yes,Yes,Yes,Yes,Not Applicable,Not Applicable,Not Applicable,Not Applicable,Not Applicable,Not Applicable,,Yes,1,Yes,No,Not Applicable,Yes,Yes,No,No,No,0,2498.57,1376.95,250.11,0.836,Mobile App,Valid Claim,Firefox,39,Dark,0.84803,B0475
REC01199,CLM00884,CUS00215,PRD00534,Television,QLED,Picture,Main Unit,PrimeView,PRI-TEL-185,SN-92285593,2023-06-22,2024-11-25,2024-11-22,24,No,Display Failure,Internal Component Failure,Customer reports display failure affecting picture.,No,Not Applicable,Not Applicable,Not Applicable,Not Applicable,No,Not Applicable,Not Applicable,Not Applicable,Not Applicable,Yes,No,Yes,Yes,Yes,Yes,Not Applicable,Not Applicable,Not Applicable,Not Applicable,Not Applicable,Not Applicable,Not Applicable,No,0,Not Applicable,No,Not Applicable,Yes,Yes,No,No,No,1,2266.16,566.3,0.0,0.737,Mobile App,Valid Claim,MobileWebView,23,Light,1.93888,B0861
REC00896,CLM00575,CUS00318,PRD00383,Smartphone,Rugged Smartphone,Phone,Main Unit,PrimeView,PRI-SMA-815,SN-76529626,2024-04-21,2024-11-29,2024-11-04,12,No,Display Failure,Manufacturing Defect,Customer reports display failure affecting phone.,Unknown,No,Not Applicable,Not Applicable,Not Applicable,Not Applicable,Not Applicable,Not Applicable,Not Applicable,Not Applicable,No,No,Yes,Yes,Yes,Yes,Not Applicable,Not Applicable,Not Applicable,Not Applicable,Not Applicable,Not Applicable,,No,0,Not Applicable,No,Not Applicable,Yes,Yes,No,No,No,2,316.25,120.8,0.0,0.844,Email,Valid Claim,Chrome,48,Dark,1.07049,B0380
REC01422,CLM00745,CUS00175,PRD00975,Television,QLED,Picture,Display Panel,PrimeView,PRI-TEL-815,SN-49181235,2022-12-20,2024-06-22,2024-06-10,24,No,Display Failure,Physical Damage,Customer reports display failure affecting picture.,Yes,Not Applicable,Not Applicable,Not Applicable,Not Applicable,Yes,Not Applicable,Not Applicable,Not Applicable,Not Applicable,Yes,No,No,Yes,Yes,Yes,Not Applicable,Not Applicable,Yes,Not Applicable,Not Applicable,Not Applicable,Not Applicable,No,0,Not Applicable,Yes,No,Yes,Yes,No,No,No,0,1022.8,747.66,0.0,0.77,Service Center,Invalid Claim,Safari,5,Dark,-0.38046,B0545
REC00145,CLM00547,CUS00552,PRD00124,Laptop,Consumer Laptop,Device,Main Unit,NovaTech,NOV-LAP-952,SN-12125571,2023-07-04,2025-02-06,2025-01-22,24,No,Overheating,Normal Wear,Customer reports overheating affecting device.,No,No,Not Applicable,Not Applicable,Not Applicable,Not Applicable,Not Applicable,Not Applicable,Not Applicable,Not Applicable,Yes,Yes,No,Yes,Yes,Yes,Not Applicable,Not Applicable,Not Applicable,Not Applicable,Not Applicable,Not Applicable,Not Applicable,No,0,Not Applicable,No,Not Applicable,Yes,Yes,No,No,No,0,723.51,558.57,0.0,0.96,Mobile App,Invalid Claim,MobileWebView,19,Light,0.5401,B0094
REC00910,CLM01381,CUS00035,PRD00702,Washing Machine,Washer Dryer,Power,Main Unit,PrimeView,PRI-WAS-704,SN-71345393,2023-04-09,2024-08-31,2024-08-21,24,No,Power Failure,Internal Component Failure,Customer reports power failure affecting power.,Not Applicable,Not Applicable,Not Applicable,Business,No,Not Applicable,No,Not Applicable,Not Applicable,Not Applicable,Yes,Yes,Yes,Yes,Yes,Yes,Not Applicable,Not Applicable,Not Applicable,Not Applicable,Not Applicable,Not Applicable,Not Applicable,No,0,Not Applicable,No,Not Applicable,Yes,Yes,No,No,No,0,722.86,502.36,0.0,0.94,Email,Valid Claim,Edge,48,Light,-0.31281,B0951
REC00981,CLM00082,CUS00185,PRD00654,Printer,Laser,Paper Feed,Main Unit,PrimeView,PRI-PRI-202,SN-13652752,2024-09-27,2025-12-21,2025-12-14,12,No,Paper Feed Failure,Internal Component Failure,Customer reports paper feed failure affecting paper feed.,Not Applicable,Not Applicable,Not Applicable,Not Applicable,No,Not Applicable,No,Not Applicable,Not Applicable,Original,Yes,Yes,Yes,Yes,Yes,Yes,Not Applicable,Not Applicable,Not Applicable,Not Applicable,Not Applicable,Yes,Not Applicable,No,0,Not Applicable,No,Not Applicable,Yes,Yes,No,No,No,1,168.8,99.0,0.0,0.796,Email,Invalid Claim,MobileWebView,16,Light,1.65953,B0857
REC00844,CLM00389,CUS00245,PRD00355,Camera,Mirrorless,Camera Body,Camera Body,NovaTech,NOV-CAM-867,SN-28832312,2025-03-28,2026-08-03,2026-07-11,24,No,Lens Failure,Electrical Failure,Customer reports lens failure affecting camera body.,No,No,Not Applicable,Not Applicable,Not Applicable,Not Applicable,Not Applicable,Not Applicable,Not Applicable,Not Applicable,Yes,Yes,Yes,Yes,Yes,Yes,Not Applicable,Not Applicable,Not Applicable,Not Applicable,Not Applicable,Not Applicable,Not Applicable,No,0,Not Applicable,No,Not Applicable,Yes,Yes,No,No,No,0,461.16,390.18,,0.729,Web,Valid Claim,Chrome,55,Light,-0.95189,B0567
REC00068,CLM00420,CUS00523,PRD00846,Smartphone,Rugged Smartphone,Phone,Main Unit,Aster,AST-SMA-487,SN-44615620,2024-12-17,2026-03-05,2026-02-17,12,No,Display Failure,Electrical Failure,Customer reports display failure affecting phone.,No,No,Not Applicable,Not Applicable,Not Applicable,Not Applicable,Not Applicable,Not Applicable,Not Applicable,Not Applicable,No,Yes,No,Yes,Yes,No,Not Applicable,Not Applicable,Not Applicable,Not Applicable,Not Applicable,Not Applicable,Not Applicable,No,0,Not Applicable,No,Not Applicable,Yes,Yes,No,No,No,1,1465.6,1309.55,0.0,0.66,Web,Invalid Claim,Safari,2,System,0.538,B0428
REC00291,CLM01046,CUS00008,PRD00536,Air Conditioner,Window,Outdoor Unit,Main Unit,HomePro,HOM-AIR-752,SN-29641860,2024-10-02,2026-03-02,2026-02-18,24,No,Cooling Failure,Manufacturing Defect,Customer reports cooling failure affecting outdoor unit.,Not Applicable,Not Applicable,Not Applicable,Not Applicable,Yes,Not Applicable,Not Applicable,No,Outdoor Unit,Not Applicable,No,,No,Yes,Yes,Yes,No,Not Applicable,Not Applicable,Not Applicable,Not Applicable,Not Applicable,Yes,Yes,2,Yes,No,Not Applicable,Yes,NO,No,No,No,1,1643.3,361.03,140.3,0.871,Service Center,Manual Review,Edge,19,Light,0.30859,B0326
REC00138,CLM01023,CUS00518,PRD00891,Laptop,Consumer Laptop,Device,Main Unit,NovaTech,NOV-LAP-408,SN-29350384,2023-04-23,2025-04-03,2025-03-26,24,No,Battery Problem,Electrical Failure,Customer reports battery problem affecting device.,No,No,Unknown,Not Applicable,Not Applicable,Not Applicable,Not Applicable,Not Applicable,Not Applicable,Not Applicable,Yes,Yes,Yes,Yes,Yes,Yes,Not Applicable,Not Applicable,Not Applicable,Not Applicable,Not Applicable,Not Applicable,Not Applicable,No,0,not applicable,No,Not Applicable,Yes,Yes,No,Yes,No,0,508.55,268.43,0.0,0.847,Service Center,Valid Claim,MobileWebView,55,System,-0.73768,B0634
REC00380,CLM00252,CUS00251,PRD00441,Laptop,2-in-1,Device,Main Unit,NovaTech,NOV-LAP-154,SN-52970395,2021-06-30,2024-06-14,2024-06-09,24,No,Overheating,Manufacturing Defect,Customer reports overheating affecting device.,No,No,Not Applicable,Not Applicable,Not Applicable,Not Applicable,Not Applicable,Not Applicable,Not Applicable,Not Applicable,Yes,Yes,No,Yes,Yes,Yes,Not Applicable,Not Applicable,Not Applicable,Not Applicable,Not Applicable,Not Applicable,,No,0,Not Applicable,No,Not Applicable,Yes,Yes,No,No,Yes,1,805.93,444.73,0.0,0.73,Service Center,Invalid Claim,MobileWebView,37,Light,1.14501,B0693
REC00296,CLM01407,CUS00141,PRD00524,Camera,Mirrorless,Camera Body,Camera Body,Aster,AST-CAM-367,SN-59349636,2024-09-20,2026-03-31,2026-03-22,24,No,Battery Problem,Electrical Failure,Customer reports battery problem affecting camera body.,No,No,No,Not Applicable,Not Applicable,Not Applicable,Not Applicable,Not Applicable,Not Applicable,Not Applicable,Yes,Yes,Yes,Yes,Yes,Yes,Not Applicable,Not Applicable,Not Applicable,Not Applicable,Not Applicable,Not Applicable,No,Yes,3,Unknown,Yes,Yes,Yes,Yes,No,No,No,0,2906.81,1520.36,,0.794,Mobile App,Manual Review,Chrome,49,Light,0.95721,B0249
REC01013,CLM01150,CUS00244,PRD00720,Camera,Compact,Camera Body,Camera Body,Aster,AST-CAM-874,SN-51442055,2024-07-30,2025-08-20,2025-07-24,24,No,Power Failure,Electrical Failure,Customer reports power failure affecting camera body.,No,No,Not Applicable,Not Applicable,Not Applicable,Not Applicable,Not Applicable,Not Applicable,Not Applicable,Not Applicable,Yes,Yes,Yes,Yes,Yes,Yes,Not Applicable,Not Applicable,Not Applicable,Not Applicable,Not Applicable,Not Applicable,Not Applicable,No,0,Not Applicable,No,Not Applicable,Yes,Yes,No,No,No,4,1692.76,597.89,0.0,0.848,Web,Valid Claim,Firefox,34,Light,0.93488,B0858
REC00195,CLM01180,CUS00492,PRD00134,Smartphone,Rugged Smartphone,Phone,Main Unit,NovaTech,NOV-SMA-480,SN-10367913,2024-02-01,2024-06-12,2024-05-27,12,No,Power Failure,Electrical Failure,Customer reports power failure affecting phone.,No,No,Not Applicable,Not Applicable,Not Applicable,Not Applicable,Not Applicable,Not Applicable,Not Applicable,Not Applicable,Yes,Yes,No,Yes,Yes,Yes,Not Applicable,Not Applicable,Not Applicable,Not Applicable,Not Applicable,Not Applicable,Not Applicable,No,0,Not Applicable,No,Not Applicable,Yes,Yes,No,No,No,1,611.81,64.63,0.0,0.942,Web,Valid Claim,Firefox,46,Dark,0.24096,B0838
REC00700,CLM00464,CUS00079,PRD00035,Refrigerator,Single Door,Power,Main Unit,Aster,AST-REF-470,SN-85314689,2022-07-16,2024-12-14,2024-11-22,24,No,Power Failure,Internal Component Failure,Customer reports power failure affecting power.,Not Applicable,Not Applicable,Not Applicable,Household,Unknown,Not Applicable,Not Applicable,Not Applicable,Not Applicable,Not Applicable,Yes,Yes,No,No,Yes,Yes,Not Applicable,Not Applicable,Not Applicable,Not Applicable,Not Applicable,Not Applicable,No,Yes,2,Yes,No,Not Applicable,Yes,Yes,No,No,No,0,1197.49,,110.06,0.721,Web,Invalid Claim,Chrome,52,Dark,0.89605,B0929
REC00449,CLM00755,CUS00640,PRD00445,Air Conditioner,Split,Indoor Unit,Main Unit,Aster,AST-AIR-419,SN-63652905,2024-12-05,2025-12-11,2025-11-22,24,No,Water Leakage,Internal Component Failure,Customer reports water leakage affecting indoor unit.,Not Applicable,Not Applicable,Not Applicable,Not Applicable,Yes,Not Applicable,Not Applicable,No,Indoor Unit,Not Applicable,Yes,Yes,No,Yes,Yes,Yes,Yes,Not Applicable,Not Applicable,Not Applicable,Not Applicable,Not Applicable,Not Applicable,No,0,Not Applicable,Yes,Yes,Yes,Yes,No,No,No,2,1720.59,779.51,0.0,0.735,Service Center,Valid Claim,Chrome,5,System,0.26854,B0953
REC01271,CLM01337,CUS00008,PRD00574,Laptop,Business Laptop,Device,Main Unit,NovaTech,NOV-LAP-130,SN-59315439,2023-08-23,2025-02-21,31/31/2026,24,No,Display Failure,Manufacturing Defect,Customer reports display failure affecting device.,Unknown,No,Not Applicable,Not Applicable,Not Applicable,Not Applicable,Not Applicable,Not Applicable,Not Applicable,Not Applicable,No,Yes,Yes,Yes,Yes,Yes,Not Applicable,Not Applicable,Not Applicable,Not Applicable,Not Applicable,Not Applicable,,No,0,Not Applicable,Yes,Yes,Yes,Yes,No,No,No,0,2257.05,1327.1,,0.807,Mobile App,Valid Claim,Firefox,41,Light,0.21154,B0967
REC01045,CLM01472,CUS00442,PRD00503,Camera,Mirrorless,Camera Body,Camera Body,PrimeView,PRI-CAM-338,SN-32196940,2023-10-02,2025-04-01,2025-03-27,24,No,Battery Problem,Electrical Failure,Customer reports battery problem affecting camera body.,No,Yes,No,Not Applicable,Not Applicable,Not Applicable,Not Applicable,Not Applicable,Not Applicable,Not Applicable,No,,No,,Yes,Yes,Not Applicable,Not Applicable,Not Applicable,Not Applicable,Not Applicable,Not Applicable,Yes,Yes,2,Unknown,No,Not Applicable,Yes,Yes,No,No,Yes,5,3023.63,799.03,,0.876,Mobile App,Manual Review,Edge,31,Dark,-0.34413,B0465
REC00008,CLM00704,CUS00187,PRD00218,Washing Machine,Washer Dryer,Water Leakage,Main Unit,HomePro,HOM-WAS-227,SN-94728528,2021-09-07,2024-03-30,2024-03-18,24,No,Water Leakage,Manufacturing Defect,Customer reports water leakage affecting water leakage.,Not Applicable,Not Applicable,Not Applicable,Business,No,Not Applicable,No,Not Applicable,Not Applicable,Not Applicable,Yes,Yes,Yes,Yes,No,Yes,Not Applicable,Not Applicable,Not Applicable,Not Applicable,Not Applicable,Not Applicable,Not Applicable,No,0,Not Applicable,Yes,Yes,Yes,YES,No,No,No,0,856.26,413.76,0.0,0.984,Service Center,Invalid Claim,Edge,52,Dark,-0.49198,B0636
REC00809,CLM00524,CUS00572,PRD00036,Air Conditioner,Window,Outdoor Unit,Main Unit,HomePro,HOM-AIR-142,SN-34001038,2023-06-15,2024-10-07,2024-09-15,24,No,Power Failure,Electrical Failure,Customer reports power failure affecting outdoor unit.,Not Applicable,Not Applicable,Not Applicable,Not Applicable,No,Not Applicable,Not Applicable,No,Outdoor Unit,Not Applicable,Yes,Yes,No,No,Yes,Yes,Yes,Not Applicable,Not Applicable,Not Applicable,Not Applicable,Not Applicable,Not Applicable,No,0,Not Applicable,No,Not Applicable,Yes,Yes,No,No,No,0,1650.79,842.63,0.0,0.925,Web,Valid Claim,Chrome,19,Dark,1.15195,B0584
REC00934,CLM00056,CUS00158,PRD00021,Refrigerator,Side-by-Side,Cooling,Main Unit,Aster,AST-REF-526,SN-27311773,2022-06-03,2024-05-22,2024-05-20,24,No,Cooling Failure,Electrical Failure,Customer reports cooling failure affecting cooling.,Not Applicable,Not Applicable,Not Applicable,Household,Yes,Not Applicable,Not Applicable,Not Applicable,Not Applicable,Not Applicable,Yes,Yes,No,Yes,Yes,Yes,Not Applicable,Not Applicable,Not Applicable,Not Applicable,Not Applicable,Not Applicable,Not Applicable,No,0,Not Applicable,No,Not Applicable,Unknown,Yes,No,No,No,0,1126.0,1046.26,,0.849,Email,Manual Review,Chrome,1,Dark,-0.68876,B0609
REC-DUP-0009,CLM00726,CUS00119,PRD00599,Printer,Inkjet,Printing,Main Unit,NovaTech,NOV-PRI-413,SN-93804147,2025-07-20,2026-03-02,2026-02-23,12,No,Mechanical Failure,Normal Wear,Customer reports mechanical failure affecting printing.,Not Applicable,Not Applicable,Not Applicable,Not Applicable,Yes,Not Applicable,No,Not Applicable,Not Applicable,Compatible,Yes,No,Yes,No,No,Yes,Not Applicable,Not Applicable,Not Applicable,Not Applicable,Not Applicable,Yes,,Yes,1,Yes,No,Not Applicable,Yes,Yes,No,No,No,3,1195.3,344.22,409.05,0.755,Email,Invalid Claim,Firefox,18,Light,0.74682,B0961
REC00843,CLM00236,CUS00075,PRD00544,Washing Machine,Washer Dryer,Water Supply or Drain,Main Unit,HomePro,HOM-WAS-768,SN-11512591,2022-09-24,2024-10-03,2024-09-24,24,No,Mechanical Failure,Electrical Failure,Customer reports mechanical failure affecting water supply or drain.,Not Applicable,Not Applicable,Not Applicable,Business,No,Not Applicable,No,Not Applicable,Not Applicable,Not Applicable,Yes,Yes,Yes,Yes,Yes,Yes,Not Applicable,Not Applicable,Not Applicable,Not Applicable,Not Applicable,Not Applicable,Yes,Yes,2,Yes,No,Not Applicable,Yes,Yes,No,No,No,1,1046.35,299.7,106.91,0.888,Web,Invalid Claim,MobileWebView,29,System,0.1217,B0921
REC01156,CLM00759,CUS00026,PRD00171,Printer,Laser,Power,Main Unit,PrimeView,PRI-PRI-392,SN-86893901,2023-12-11,2024-06-21,2024-06-05,12,No,Power Failure,Internal Component Failure,Customer reports power failure affecting power.,Not Applicable,Not Applicable,Not Applicable,Not Applicable,No,Not Applicable,Yes,Not Applicable,Not Applicable,Original,Yes,Yes,Yes,Yes,Yes,Yes,Not Applicable,Not Applicable,Not Applicable,Not Applicable,Not Applicable,Yes,Not Applicable,No,0,Not Applicable,No,Not Applicable,Unknown,Yes,No,No,No,2,576.23,229.93,0.0,,Mobile App,Manual Review,Edge,2,Light,0.22562,B0388
REC01171,CLM01189,CUS00356,PRD00921,Smartphone,Standard Smartphone,Not Sure,Main Unit,PrimeView,PRI-SMA-101,SN-53565972,2024-06-11,2025-03-19,2025-03-05,12,No,Battery Problem,Internal Component Failure,Customer reports battery problem affecting not sure.,No,No,Yes,Not Applicable,Not Applicable,Not Applicable,Not Applicable,Not Applicable,Not Applicable,Not Applicable,Yes,Yes,No,No,Yes,Yes,Not Applicable,Not Applicable,Not Applicable,Not Applicable,Not Applicable,Not Applicable,,No,0,Not Applicable,No,Not Applicable,Yes,Yes,No,No,No,2,1023.75,611.92,0.0,0.931,Mobile App,Valid Claim,Chrome,16,System,-0.95702,B0677
REC00183,CLM01152,CUS00080,PRD00565,Washing Machine,Washer Dryer,Noise,Main Unit,PrimeView,PRI-WAS-830,SN-62452164,2023-11-22,2025-09-27,2025-09-13,24,No,Noise,Internal Component Failure,Customer reports noise affecting noise.,Not Applicable,Not Applicable,Not Applicable,Household,No,Not Applicable,No,Not Applicable,Not Applicable,Not Applicable,Yes,Yes,Yes,Yes,,Yes,Not Applicable,Not Applicable,Not Applicable,Not Applicable,Not Applicable,Not Applicable,Not Applicable,No,0,Not Applicable,No,Not Applicable,Yes,Yes,No,No,No,1,1516.02,552.73,0.0,0.978,Web,Valid Claim,Firefox,42,Dark,0.03241,B0236
REC00710,CLM01306,CUS00552,PRD00893,Air Conditioner,Portable,Outdoor Unit,Main Unit,HomePro,HOM-AIR-786,SN-23584397,2022-12-12,2025-07-07,2025-06-13,24,Yes,Water Leakage,Internal Component Failure,Customer reports water leakage affecting outdoor unit.,Not Applicable,Not Applicable,Not Applicable,Not Applicable,Unknown,Not Applicable,Not Applicable,No,Outdoor Unit,Not Applicable,Yes,Yes,Yes,Yes,Yes,Yes,Yes,Not Applicable,Not Applicable,Not Applicable,Not Applicable,Not Applicable,Not Applicable,No,0,Not Applicable,No,Not Applicable,Yes,Yes,No,No,No,0,2209.05,1212.73,0.0,0.741,Web,Valid Claim,Edge,16,Light,0.50027,B0788
REC00914,CLM00434,CUS00676,PRD00208,Camera,DSLR,Camera Body,Camera Body,NovaTech,NOV-CAM-309,SN-28214973,2022-08-27,2024-08-01,2024-07-12,24,No,Battery Problem,Electrical Failure,Customer reports battery problem affecting camera body.,No,No,Yes,Not Applicable,Not Applicable,Not Applicable,Not Applicable,Not Applicable,Not Applicable,Not Applicable,Yes,No,No,Yes,No,Yes,Not Applicable,Not Applicable,Not Applicable,Not Applicable,Not Applicable,Not Applicable,Not Applicable,No,0,Not Applicable,No,Not Applicable,Yes,Yes,No,No,No,2,1611.31,1169.0,0.0,0.92,Mobile App,Manual Review,Chrome,43,Dark,0.43572,B0468
REC00517,CLM00500,CUS00697,PRD00438,Washing Machine,Top Load,Water Supply or Drain,Main Unit,ZenCore,ZEN-WAS-590,SN-99183016,2023-12-01,2026-02-25,2026-02-13,24,Yes,Mechanical Failure,Electrical Failure,Customer reports mechanical failure affecting water supply or drain.,Not Applicable,Not Applicable,Not Applicable,Household,Yes,Not Applicable,No,Not Applicable,Not Applicable,Not Applicable,Yes,Yes,No,Yes,Yes,,Not Applicable,Not Applicable,Not Applicable,Not Applicable,Not Applicable,Not Applicable,No,Yes,3,Yes,No,Not Applicable,Yes,Yes,No,No,No,2,786.72,701.7,,0.89,Web,Manual Review,Chrome,56,Dark,0.63979,B0513
REC01196,CLM01374,CUS00214,PRD00761,Laptop,2-in-1,Charger,Power Adapter,NovaTech,NOV-LAP-280,SN-99679598,2024-02-04,2024-07-27,2024-07-07,12,No,Overheating,Electrical Failure,Customer reports overheating affecting charger.,No,No,Not Applicable,Not Applicable,Not Applicable,Not Applicable,Not Applicable,Not Applicable,Not Applicable,Not Applicable,No,Yes,Yes,Yes,Yes,Yes,Not Applicable,Not Applicable,Not Applicable,Not Applicable,Not Applicable,Not Applicable,No,Yes,1,Yes,No,Not Applicable,Yes,Yes,No,No,No,0,1124.51,467.75,265.43,0.819,Service Center,Manual Review,Firefox,43,Dark,0.62909,B0887
REC00714,CLM00275,CUS00163,PRD00265,Laptop,Gaming Laptop,Device,Main Unit,NovaTech,NOV-LAP-778,SN-92258660,2024-02-03,2025-12-28,2025-11-26,24,No,Display Failure,Internal Component Failure,Customer reports display failure affecting device.,No,No,Not Applicable,Not Applicable,Not Applicable,Not Applicable,Not Applicable,Not Applicable,Not Applicable,Not Applicable,Yes,No,No,,Yes,Yes,Not Applicable,Not Applicable,Not Applicable,Not Applicable,Not Applicable,Not Applicable,No,Yes,3,Yes,No,Not Applicable,Yes,Yes,No,No,No,3,1196.14,214.54,613.45,0.849,Web,Invalid Claim,Edge,9,Dark,0.01259,B0290
REC00528,CLM01218,CUS00614,PRD00335,Television,LED,Connection,Main Unit,PrimeView,PRI-TEL-109,SN-87816937,2023-03-11,2024-04-04,2024-03-27,24,No,Connectivity Issue,Internal Component Failure,Customer reports connectivity issue affecting connection.,No,Not Applicable,Not Applicable,Not Applicable,Not Applicable,No,Not Applicable,Not Applicable,Not Applicable,Not Applicable,Yes,Yes,No,Yes,Yes,Yes,Not Applicable,Not Applicable,Not Applicable,Not Applicable,Not Applicable,Not Applicable,Yes,Yes,2,Unknown,No,Not Applicable,Yes,Yes,No,Yes,No,1,1705.48,1523.27,454.81,0.947,Web,Manual Review,MobileWebView,10,Dark,0.61686,B0688
REC00019,CLM01230,CUS00151,PRD00105,Air Conditioner,Portable,Indoor Unit,Main Unit,ZenCore,ZEN-AIR-520,SN-61480376,2023-06-22,2025-11-09,2025-10-16,24,Yes,Water Leakage,Electrical Failure,Customer reports water leakage affecting indoor unit.,Not Applicable,Not Applicable,Not Applicable,Not Applicable,No,Not Applicable,Not Applicable,No,Indoor Unit,Not Applicable,No,Yes,Yes,Yes,Yes,Yes,Yes,Not Applicable,Not Applicable,Not Applicable,Not Applicable,Not Applicable,No,Yes,3,Yes,No,Not Applicable,Yes,Yes,No,Yes,No,1,1297.16,230.21,411.87,0.956,Email,Manual Review,Edge,43,Light,0.15107,B0215
REC-DUP-0043,CLM01292,CUS00268,PRD00332,Air Conditioner,Portable,Not Sure,Main Unit,Aster,,SN-65325700,2022-03-09,2024-03-08,2024-02-19,24,No,Cooling Failure,Manufacturing Defect,Customer reports cooling failure affecting not sure.,Not Applicable,Not Applicable,Not Applicable,Not Applicable,No,Not Applicable,Not Applicable,No,Not Sure,Not Applicable,Yes,,No,Yes,Yes,No,Yes,Not Applicable,Not Applicable,Not Applicable,Not Applicable,Not Applicable,Not Applicable,No,0,Not Applicable,No,Not Applicable,Yes,Yes,No,No,No,1,1538.7,952.04,0.0,0.818,Web,Manual Review,Chrome,38,System,0.14273,B0003
REC00092,CLM01212,CUS00692,PRD00962,Printer,Inkjet,Paper Feed,Main Unit,novatech,NOV-PRI-348,SN-85084552,2025-10-12,2026-06-12,2026-05-26,12,No,Paper Feed Failure,Electrical Failure,Customer reports paper feed failure affecting paper feed.,Not Applicable,Not Applicable,Not Applicable,Not Applicable,Yes,Not Applicable,No,Not Applicable,Not Applicable,Original,Yes,Yes,No,Yes,Yes,Yes,Not Applicable,Not Applicable,Not Applicable,Not Applicable,Not Applicable,Yes,,Yes,1,Yes,No,Not Applicable,Yes,Yes,No,No,No,1,831.03,160.09,30.7,0.925,Email,Manual Review,Edge,34,Dark,0.55429,B0353
REC01370,CLM00417,CUS00464,PRD00113,Air Conditioner,Portable,Indoor Unit,Main Unit,Aster,AST-AIR-541,SN-48620130,2023-03-02,2025-01-05,2024-11-23,24,No,Noise,Accidental Damage,Customer reports noise affecting indoor unit.,Not Applicable,Not Applicable,Not Applicable,Not Applicable,No,Not Applicable,Not Applicable,No,Indoor Unit,Not Applicable,No,Yes,Yes,Yes,Yes,Yes,Yes,Not Applicable,Not Applicable,Not Applicable,Not Applicable,Not Applicable,Yes,Yes,1,Yes,No,Not Applicable,Yes,Yes,No,No,No,1,732.83,558.72,476.56,0.855,Email,Invalid Claim,Chrome,28,Dark,1.04925,B0449
REC00987,CLM01411,CUS00522,PRD00101,Refrigerator,Single Door,Not Sure,Main Unit,ZenCore,ZEN-REF-660,SN-13637849,2022-06-20,2024-01-29,2024-01-20,24,No,Water Leakage,Manufacturing Defect,Customer reports water leakage affecting not sure.,Not Applicable,Not Applicable,Not Applicable,Household,No,Not Applicable,Not Applicable,Not Applicable,Not Applicable,Not Applicable,Yes,No,No,Yes,No,Yes,Not Applicable,Not Applicable,Not Applicable,Not Applicable,Not Applicable,Not Applicable,Not Applicable,No,0,Not Applicable,No,Not Applicable,Yes,Yes,No,No,No,1,2429.7,1917.54,0.0,0.806,Email,Manual Review,Edge,27,Light,1.00245,B0912
REC00978,CLM00333,CUS00436,PRD00310,Air Conditioner,Window,Outdoor Unit,Main Unit,Aster,AST-AIR-700,SN-86726966,2020-05-13,2024-02-03,2024-01-17,24,Yes,Cooling Failure,Water Damage,Customer reports cooling failure affecting outdoor unit.,Not Applicable,Not Applicable,Not Applicable,Not Applicable,No,Not Applicable,Not Applicable,No,Outdoor Unit,Not Applicable,Yes,Yes,No,Yes,Yes,Yes,Yes,Not Applicable,Not Applicable,Not Applicable,Not Applicable,Not Applicable,,No,0,Not Applicable,No,Not Applicable,Yes,Yes,No,No,No,0,1888.54,1094.74,0.0,0.79,Service Center,Invalid Claim,Edge,34,Light,-0.30607,B0174
REC01213,CLM00338,CUS00158,PRD00165,Washing Machine,Top Load,Power,Main Unit,,ZEN-WAS-483,SN-49408016,2023-02-13,2025-01-30,2025-01-18,24,No,Power Failure,Commercial Misuse,Customer reports power failure affecting power.,Not Applicable,Not Applicable,Not Applicable,Household,Yes,Not Applicable,No,Not Applicable,Not Applicable,Not Applicable,Yes,Yes,Yes,Yes,No,No,Not Applicable,Not Applicable,Not Applicable,Not Applicable,Not Applicable,Not Applicable,Not Applicable,No,0,Not Applicable,No,Not Applicable,Yes,Yes,No,No,No,1,1171.97,205.85,0.0,0.759,Service Center,Invalid Claim,Firefox,12,Dark,-0.45409,B0165
REC00878,CLM01201,CUS00606,PRD00243,Printer,Laser,Connection,Main Unit,HomePro,HOM-PRI-313,SN-20039845,2023-02-21,2024-01-16,2023-12-21,12,No,Connectivity Issue,Electrical Failure,Customer reports connectivity issue affecting connection.,Not Applicable,Not Applicable,Not Applicable,Not Applicable,No,Not Applicable,No,Not Applicable,Not Applicable,Original,Yes,Yes,Yes,Yes,Yes,Yes,Not Applicable,Not Applicable,Not Applicable,Not Applicable,Not Applicable,Yes,No,Yes,3,Yes,No,Not Applicable,Yes,Yes,No,No,No,1,245.85,121.34,39.02,0.865,Service Center,Manual Review,Safari,6,Light,-0.46591,B0350
REC01457,CLM01409,CUS00379,PRD00014,Washing Machine,Washer Dryer,Spinning,Main Unit,PrimeView,PRI-WAS-618,SN-26552346,2023-09-08,2025-04-16,2025-03-31,24,No,Mechanical Failure,Internal Component Failure,Customer reports mechanical failure affecting spinning.,Not Applicable,Not Applicable,Not Applicable,Household,Unknown,Not Applicable,No,Not Applicable,Not Applicable,Not Applicable,Yes,,Yes,,Yes,Yes,Not Applicable,Not Applicable,Not Applicable,Not Applicable,Not Applicable,Not Applicable,Not Applicable,No,0,Not Applicable,No,Not Applicable,Yes,Yes,No,no,No,1,608.35,223.9,,0.992,Mobile App,Valid Claim,Safari,20,System,0.02624,B0276
REC00968,CLM01110,CUS00258,PRD00142,Laptop,Consumer Laptop,Device,Main Unit,Aster,,SN-57635614,2022-10-09,2026-99-41,2024-07-25,24,No,Power Failure,Manufacturing Defect,Customer reports power failure affecting device.,No,No,Not Applicable,Not Applicable,Not Applicable,Not Applicable,Not Applicable,Not Applicable,Not Applicable,Not Applicable,Yes,,Yes,Yes,Yes,Yes,Not Applicable,Not Applicable,Not Applicable,Not Applicable,Not Applicable,Not Applicable,Not Applicable,No,0,Not Applicable,No,Not Applicable,Yes,Yes,No,No,No,0,2406.42,697.02,0.0,0.804,Mobile App,Valid Claim,Chrome,34,Light,-0.21732,B0636
REC00869,CLM00941,CUS00234,PRD00784,Air Conditioner,Cassette,Not Sure,Main Unit,HomePro,HOM-AIR-681,SN-29431748,2023-10-24,2025-07-31,2025-07-08,24,No,Noise,Manufacturing Defect,Customer reports noise affecting not sure.,Not Applicable,Not Applicable,Not Applicable,Not Applicable,Yes,Not Applicable,Not Applicable,No,Not Sure,Not Applicable,,Yes,Yes,Yes,Yes,Yes,Yes,Not Applicable,Not Applicable,Not Applicable,Not Applicable,Not Applicable,No,Yes,2,Yes,Yes,Yes,Yes,Yes,No,No,No,0,1947.91,883.8,387.51,0.884,Web,Manual Review,Chrome,46,Dark,0.63486,B0548
REC-DUP-0027,CLM00688,CUS00171,PRD00363,Television,LED,Sound,Main Unit,Aster,AST-TEL-972,SN-97731661,2022-04-26,2025-08-13,2025-08-10,24,Yes,Audio Failure,Electrical Failure,Customer reports audio failure affecting sound.,No,Not Applicable,Not Applicable,Not Applicable,Not Applicable,No,Not Applicable,Not Applicable,Not Applicable,Not Applicable,Yes,Yes,No,,Yes,No,Not Applicable,Not Applicable,Not Applicable,Not Applicable,Not Applicable,Not Applicable,Not Applicable,No,0,Not Applicable,No,Not Applicable,Yes,Yes,No,No,No,0,436.12,58.08,0.0,0.77,Web,Invalid Claim,MobileWebView,13,Light,-0.14039,B0128
REC00944,CLM00770,CUS00699,PRD00590,Air Conditioner,Cassette,Outdoor Unit,Main Unit,HomePro,HOM-AIR-808,SN-33874745,2024-05-16,2026-03-08,2026-03-02,24,No,Water Leakage,Improper Refrigerant Handling,Customer reports water leakage affecting outdoor unit.,Not Applicable,Not Applicable,Not Applicable,Not Applicable,Yes,Not Applicable,Not Applicable,No,Outdoor Unit,Not Applicable,,No,Yes,No,Yes,,No,Not Applicable,Not Applicable,Not Applicable,Not Applicable,Not Applicable,Not Applicable,No,0,Not Applicable,Yes,Yes,Yes,Yes,No,No,No,1,859.55,768.52,0.0,0.802,Service Center,Invalid Claim,Chrome,8,System,0.94501,B0954
REC00386,CLM01390,CUS00274,PRD00641,Washing Machine,Top Load,Noise,Main Unit,HomePro,HOM-WAS-362,SN-29283120,2023-06-20,2024-11-12,2024-11-08,24,No,Noise,Manufacturing Defect,Customer reports noise affecting noise.,Not Applicable,Not Applicable,Not Applicable,Household,Yes,Not Applicable,No,Not Applicable,Not Applicable,Not Applicable,Yes,,Yes,Yes,No,Yes,Not Applicable,Not Applicable,Not Applicable,Not Applicable,Not Applicable,Not Applicable,Not Applicable,No,0,Not Applicable,No,Not Applicable,Yes,Yes,No,No,No,0,1412.72,383.28,0.0,0.96,Web,Manual Review,Chrome,16,Dark,-1.48526,B0913
REC01314,CLM00671,CUS00648,PRD00276,Air Conditioner,Portable,Outdoor Unit,Main Unit,ZenCore,ZEN-AIR-685,SN-25185805,2023-04-11,2025-05-27,2025-05-21,24,No,Water Leakage,Electrical Failure,Customer reports water leakage affecting outdoor unit.,Not Applicable,Not Applicable,Not Applicable,Not Applicable,Unknown,Not Applicable,Not Applicable,No,Outdoor Unit,Not Applicable,Yes,Yes,No,Yes,No,Yes,Yes,Not Applicable,Not Applicable,Not Applicable,Not Applicable,Not Applicable,Not Applicable,No,0,Not Applicable,No,Not Applicable,Yes,Yes,No,No,No,0,1985.86,1389.63,0.0,0.883,Web,Invalid Claim,Chrome,57,Light,0.19454,B0814
REC01316,CLM01321,CUS00665,PRD00902,Laptop,2-in-1,Charger,Power Adapter,Aster,AST-LAP-167,SN-73154201,2025-02-03,2026-01-24,2026-01-08,12,No,Power Failure,Manufacturing Defect,Customer reports power failure affecting charger.,No,No,Not Applicable,Not Applicable,Not Applicable,Not Applicable,Not Applicable,Not Applicable,Not Applicable,Not Applicable,No,Yes,Yes,Yes,,Yes,Not Applicable,Not Applicable,Not Applicable,Not Applicable,Not Applicable,Not Applicable,Not Applicable,No,0,Not Applicable,No,Not Applicable,Yes,Yes,No,No,No,1,956.03,256.07,0.0,0.824,Web,Valid Claim,Edge,6,Dark,0.95435,B0066
REC00576,CLM00986,CUS00543,PRD00155,Television,QLED,Power,Main Unit,Aster,AST-TEL-873,SN-65439290,2024-09-18,2026-03-18,2026-02-28,24,No,Power Failure,Manufacturing Defect,Customer reports power failure affecting power.,No,Not Applicable,Not Applicable,Not Applicable,Not Applicable,Yes,Not Applicable,Not Applicable,Not Applicable,Not Applicable,Yes,Yes,Yes,Yes,Yes,Yes,Not Applicable,Not Applicable,Not Applicable,Not Applicable,Not Applicable,Not Applicable,Not Applicable,No,0,Not Applicable,No,Not Applicable,Yes,Yes,No,No,No,0,2805.33,342.06,0.0,0.849,Web,Valid Claim,Edge,8,Dark,0.82491,B0501
REC00275,CLM01231,CUS00379,PRD00226,Smartphone,Foldable Smartphone,Phone,Main Unit,NovaTech,NOV-SMA-971,SN-22913197,2024-06-01,2025-10-28,2025-10-07,12,Yes,Power Failure,Manufacturing Defect,Customer reports power failure affecting phone.,No,Unknown,Not Applicable,Not Applicable,Not Applicable,Not Applicable,Not Applicable,Not Applicable,Not Applicable,Not Applicable,No,Yes,No,Yes,Yes,Yes,Not Applicable,Not Applicable,Not Applicable,Not Applicable,Not Applicable,Not Applicable,Yes,Yes,3,Yes,No,Not Applicable,Yes,Yes,No,No,No,1,1791.88,478.19,524.02,0.798,Mobile App,Valid Claim,MobileWebView,48,Light,2.00864,B0985
REC00527,CLM00735,CUS00057,PRD00264,Laptop,Gaming Laptop,Battery,Battery,ZenCore,ZEN-LAP-116,SN-54701145,2025-11-30,2026-07-01,2026-06-06,12,No,Power Failure,Internal Component Failure,Customer reports power failure affecting battery.,No,No,Yes,Not Applicable,Not Applicable,Not Applicable,Not Applicable,Not Applicable,Not Applicable,Not Applicable,Yes,Yes,Yes,Yes,Yes,Yes,Not Applicable,Yes,Not Applicable,Not Applicable,Not Applicable,Not Applicable,Not Applicable,No,0,Not Applicable,No,Not Applicable,Yes,Yes,No,No,No,0,855.82,217.38,0.0,0.98,Mobile App,Valid Claim,MobileWebView,47,Light,0.21988,B0882
REC01309,CLM01347,CUS00672,PRD00955,Television,LED,Connection,Main Unit,HomePro,HOM-TEL-387,SN-32985993,2025-05-15,2026-07-31,2026-07-05,24,No,Connectivity Issue,Manufacturing Defect,Customer reports connectivity issue affecting connection.,No,Not Applicable,Not Applicable,Not Applicable,Not Applicable,Yes,Not Applicable,Not Applicable,Not Applicable,Not Applicable,Yes,Yes,Yes,Yes,Yes,Yes,Not Applicable,Not Applicable,Not Applicable,Not Applicable,Not Applicable,Not Applicable,Not Applicable,No,0,Not Applicable,No,Not Applicable,Yes,Yes,No,No,No,1,2785.73,757.06,0.0,0.82,Email,Valid Claim,Chrome,26,Dark,0.28817,B0769
REC00494,CLM01370,CUS00004,PRD00722,Printer,Thermal,Paper Feed,Main Unit,NovaTech,NOV-PRI-976,SN-32494161,2023-12-08,2024-08-23,2024-07-25,12,No,Paper Feed Failure,Electrical Failure,Customer reports paper feed failure affecting paper feed.,Not Applicable,Not Applicable,Not Applicable,Not Applicable,Yes,Not Applicable,No,Not Applicable,Not Applicable,Original,Yes,Yes,No,Yes,Yes,Yes,Not Applicable,Not Applicable,Not Applicable,Not Applicable,Not Applicable,Yes,Not Applicable,No,0,Not Applicable,No,Not Applicable,Unknown,Yes,No,No,No,2,448.91,312.77,0.0,0.722,Service Center,Manual Review,Edge,24,Light,-2.10791,B0116
REC01378,CLM00104,CUS00147,PRD00128,Smartphone,Foldable Smartphone,Phone,Main Unit,PrimeView,PRI-SMA-812,SN-21469607,2023-09-05,2025-04-05,2025-03-19,12,No,Overheating,Internal Component Failure,Customer reports overheating affecting phone.,No,No,Not Applicable,Not Applicable,Not Applicable,Not Applicable,Not Applicable,Not Applicable,Not Applicable,Not Applicable,Yes,Yes,Yes,Yes,Yes,Yes,Not Applicable,Not Applicable,Not Applicable,Not Applicable,Not Applicable,Not Applicable,No,Yes,2,Yes,No,Not Applicable,Yes,Yes,No,No,No,1,1395.71,582.95,57.31,0.817,Mobile App,Invalid Claim,MobileWebView,1,Dark,-0.71079,B0560
REC00757,CLM00431,CUS00140,PRD00206,Printer,Thermal,Power,Main Unit,HomePro,HOM-PRI-811,SN-27558200,2025-09-23,2026-05-24,2026-05-22,12,No,Power Failure,Manufacturing Defect,Customer reports power failure affecting power.,Not Applicable,Not Applicable,Not Applicable,Not Applicable,No,Not Applicable,No,Not Applicable,Not Applicable,Compatible,Yes,,No,Yes,,Yes,Not Applicable,Not Applicable,Not Applicable,Not Applicable,Not Applicable,Yes,,No,0,Not Applicable,No,Not Applicable,Yes,Yes,No,No,No,0,689.87,308.21,0.0,0.923,Service Center,Valid Claim,Edge,14,Dark,-0.83532,B0507
REC01228,CLM00305,CUS00044,PRD00440,Washing Machine,Washer Dryer,Spinning,Main Unit,PrimeView,PRI-WAS-883,SN-31570654,2024-04-25,2025-05-21,2025-04-28,24,No,Mechanical Failure,Foreign Object Damage,Customer reports mechanical failure affecting spinning.,Not Applicable,Not Applicable,Not Applicable,Household,No,Not Applicable,No,Not Applicable,Not Applicable,Not Applicable,Yes,Yes,No,Yes,Yes,Yes,Not Applicable,Not Applicable,Not Applicable,Not Applicable,Not Applicable,Not Applicable,Not Applicable,No,0,Not Applicable,No,Not Applicable,Yes,Yes,No,No,No,1,1226.38,643.74,0.0,0.984,Mobile App,Invalid Claim,Safari,27,Light,0.11849,B0445
REC00474,CLM00367,CUS00641,PRD00249,Television,QLED,Sound,Main Unit,Aster,AST-TEL-471,SN-79557898,2023-12-03,2025-01-28,2025-01-19,24,No,Audio Failure,Electrical Failure,Customer reports audio failure affecting sound.,No,Not Applicable,Not Applicable,Not Applicable,Not Applicable,No,Not Applicable,Not Applicable,Not Applicable,Not Applicable,Yes,Yes,Yes,Yes,Yes,Yes,Not Applicable,Not Applicable,Not Applicable,Not Applicable,Not Applicable,Not Applicable,Not Applicable,No,0,Not Applicable,No,Not Applicable,Yes,Yes,No,No,Yes,1,1076.93,428.47,0.0,0.737,Mobile App,Manual Review,Safari,14,Dark,0.31268,B0577
REC00047,CLM00964,CUS00221,PRD00508,Smartphone,Rugged Smartphone,Phone,Main Unit,Aster,AST-SMA-844,SN-63551190,2024-06-07,2025-07-06,2025-07-03,12,Yes,Connectivity Issue,Electrical Failure,Customer reports connectivity issue affecting phone.,No,Yes,Not Applicable,Not Applicable,Not Applicable,Not Applicable,Not Applicable,Not Applicable,Not Applicable,Not Applicable,Yes,Yes,Yes,Yes,Yes,Yes,Not Applicable,Not Applicable,Not Applicable,Not Applicable,Not Applicable,Not Applicable,,Yes,3,YES,Yes,Yes,Yes,Yes,No,No,No,1,904.18,285.08,349.27,0.963,Web,Valid Claim,Edge,10,Light,0.67145,B0067
REC01267,CLM00458,CUS00659,PRD00975,Washing Machine,Front Load,Not Sure,Motor,ZenCore,,SN-75275788,2015-12-16,2026-01-10,2026-01-05,120,No,Noise,Internal Component Failure,Customer reports noise affecting not sure.,Not Applicable,Not Applicable,Not Applicable,Household,Yes,Not Applicable,No,Not Applicable,Not Applicable,Not Applicable,Yes,No,No,Yes,No,Yes,Not Applicable,Not Applicable,Not Applicable,Yes,Not Applicable,Not Applicable,Not Applicable,No,0,Not Applicable,No,Not Applicable,Yes,Yes,No,No,No,1,2167.24,1057.3,0.0,0.88,Web,Invalid Claim,MobileWebView,19,System,0.2181,B0060
REC00464,CLM01095,CUS00383,PRD00799,Smartphone,Rugged Smartphone,Not Sure,Main Unit,Aster,AST-SMA-339,SN-63386017,2026-02-04,2026-06-20,2026-06-18,12,No,Overheating,Electrical Failure,Customer reports overheating affecting not sure.,No,No,Not Applicable,Not Applicable,Not Applicable,Not Applicable,Not Applicable,Not Applicable,Not Applicable,Not Applicable,Yes,No,Yes,,Yes,Yes,Not Applicable,Not Applicable,Not Applicable,Not Applicable,Not Applicable,Not Applicable,Yes,Yes,2,Yes,No,Not Applicable,Yes,Yes,No,No,No,3,604.72,535.15,138.1,0.799,Web,Valid Claim,Safari,36,Light,-0.82945,B0650
REC01165,CLM01428,CUS00384,PRD00396,Washing Machine,Washer Dryer,Noise,Main Unit,PrimeView,PRI-WAS-422,SN-94622051,2022-07-17,2024-01-14,2023-12-30,24,No,Noise,Manufacturing Defect,Customer reports noise affecting noise.,Not Applicable,Not Applicable,Not Applicable,Household,No,Not Applicable,No,Not Applicable,Not Applicable,Not Applicable,Yes,Yes,No,Yes,No,Yes,Not Applicable,Not Applicable,Not Applicable,Not Applicable,Not Applicable,Not Applicable,Yes,Yes,3,Yes,No,Not Applicable,Yes,Yes,No,No,No,0,1561.63,848.29,618.5,0.859,Web,Manual Review,MobileWebView,2,System,-1.89404,B0703
REC01439,CLM00137,CUS00682,PRD00785,Washing Machine,Front Load,Power,Main Unit,PrimeView,PRI-WAS-473,SN-43970008,2023-12-04,2025-08-20,2025-08-11,24,No,Power Failure,Overloading,Customer reports power failure affecting power.,Not Applicable,Not Applicable,Not Applicable,Household,No,Not Applicable,No,Not Applicable,Not Applicable,Not Applicable,Yes,Yes,Yes,Yes,Yes,Yes,Not Applicable,Not Applicable,Not Applicable,Not Applicable,Not Applicable,Not Applicable,Yes,Yes,3,Yes,No,Not Applicable,No,Yes,No,No,No,1,1649.24,1233.49,417.3,0.909,Web,Invalid Claim,Safari,20,Dark,-0.98293,B0176
REC01368,CLM01275,CUS00579,PRD00773,Refrigerator,Side-by-Side,Water Leakage,Main Unit,Aster,AST-REF-780,SN-43728369,2022-03-30,2024-11-29,2024-11-27,24,Yes,Water Leakage,Electrical Failure,Customer reports water leakage affecting water leakage.,Not Applicable,Not Applicable,Not Applicable,Household,Yes,Not Applicable,Not Applicable,Not Applicable,Not Applicable,Not Applicable,Yes,Yes,Yes,Yes,Yes,No,Not Applicable,Not Applicable,Not Applicable,Not Applicable,Not Applicable,Not Applicable,,Yes,3,Yes,Yes,Yes,Yes,Yes,No,No,No,0,1275.5,217.39,461.92,0.94,Web,Manual Review,Firefox,37,Dark,-0.61394,B0070
REC00626,CLM00295,CUS00171,PRD00860,Printer,Thermal,Printing,Main Unit,NovaTech,NOV-PRI-614,,2025-07-11,2026-02-05,2026-01-25,12,No,Mechanical Failure,Manufacturing Defect,Customer reports mechanical failure affecting printing.,Not Applicable,Not Applicable,Not Applicable,Not Applicable,No,Not Applicable,No,Not Applicable,Not Applicable,Compatible,Yes,,No,,Yes,Yes,Not Applicable,Not Applicable,Not Applicable,Not Applicable,Not Applicable,Yes,Not Applicable,No,0,Not Applicable,No,Not Applicable,Yes,Yes,No,No,No,2,732.48,203.51,0.0,,Service Center,Valid Claim,Safari,31,Dark,0.57612,B0921
REC00385,CLM01434,CUS00641,PRD00248,Camera,Action Camera,Camera Body,Camera Body,PrimeView,PRI-CAM-534,SN-25411402,2024-01-18,2025-03-29,2025-03-05,24,No,Lens Failure,Internal Component Failure,Customer reports lens failure affecting camera body.,No,No,Not Applicable,Not Applicable,Not Applicable,Not Applicable,Not Applicable,Not Applicable,Not Applicable,Not Applicable,Yes,Yes,Yes,Yes,Yes,No,Not Applicable,Not Applicable,Not Applicable,Not Applicable,Not Applicable,Not Applicable,Not Applicable,No,0,Not Applicable,No,Not Applicable,Yes,Yes,No,No,No,0,425.49,195.24,0.0,0.816,Mobile App,Manual Review,Edge,51,Dark,0.14965,B0767
REC01174,CLM00228,CUS00640,PRD00731,Refrigerator,Single Door,Other,Main Unit,Aster,AST-REF-286,SN-64596416,2024-12-04,2026-06-13,2026-06-12,24,No,Mechanical Failure,Internal Component Failure,Customer reports mechanical failure affecting other.,Not Applicable,Not Applicable,Not Applicable,Household,No,Not Applicable,Not Applicable,Not Applicable,Not Applicable,Not Applicable,Yes,Yes,No,Yes,Yes,Yes,Not Applicable,Not Applicable,Not Applicable,Not Applicable,Not Applicable,Not Applicable,Not Applicable, No ,0,Not Applicable,No,Not Applicable,Yes,Yes,No,No,No,0,1652.89,849.81,0.0,0.904,Service Center,Valid Claim,Firefox,11,Dark,-0.34146,B0630
REC-DUP-0025,CLM00765,CUS00183,PRD00155,Smartphone,Foldable Smartphone,Phone,Main Unit,PrimeView,PRI-SMA-508,SN-96117736,2025-04-14,2025-10-18,2025-08-26,12,No,Connectivity Issue,Electrical Failure,Customer reports connectivity issue affecting phone.,No,No,Not Applicable,Not Applicable,Not Applicable,Not Applicable,Not Applicable,Not Applicable,Not Applicable,Not Applicable,,Yes,Yes,Yes,Yes,Yes,Not Applicable,Not Applicable,Not Applicable,Not Applicable,Not Applicable,Not Applicable,Not Applicable,No,0,Not Applicable,Yes,Yes,Yes,Yes,No,No,Yes,0,431.01,311.34,0.0,0.893,Service Center,Invalid Claim,Safari,10,Dark,0.51355,B0794
REC00581,CLM01348,CUS00544,PRD00317,Smartphone,Foldable Smartphone,Phone,Main Unit,PrimeView,PRI-SMA-542,SN-53543400,2023-06-23,2024-01-13,2024-01-04,12,No,Connectivity Issue,Manufacturing Defect,Customer reports connectivity issue affecting phone.,No,Yes,Not Applicable,Not Applicable,Not Applicable,Not Applicable,Not Applicable,Not Applicable,Not Applicable,Not Applicable,Yes,Yes,Yes,Yes,Yes,Yes,Not Applicable,Not Applicable,Not Applicable,Not Applicable,Not Applicable,Not Applicable,Not Applicable,No,0,Not Applicable,Yes,No,Yes,Yes,No,No,No,2,543.25,126.96,0.0,0.945,Service Center,Valid Claim,Chrome,44,System,-0.72858,B0711
REC00113,CLM01497,CUS00394,PRD00475,Printer,Inkjet,Paper Feed,Main Unit,NovaTech,NOV-PRI-179,SN-42101309,2026-01-29,2026-08-06,2026-07-19,12,No,Paper Feed Failure,Manufacturing Defect,Customer reports paper feed failure affecting paper feed.,Not Applicable,Not Applicable,Not Applicable,Not Applicable,No,Not Applicable,No,Not Applicable,Not Applicable,Original,Yes,Yes,Yes,Yes,Yes,Yes,Not Applicable,Not Applicable,Not Applicable,Not Applicable,Not Applicable,No,Not Applicable,No,0,Not Applicable,No,Not Applicable,Yes,Yes,No,No,No,1,1032.46,222.46,0.0,0.78,Service Center,Manual Review,Safari,36,System,0.8486,B0344
REC01104,CLM00322,CUS00107,PRD00939,Laptop,Consumer Laptop,Charger,Power Adapter,Aster,AST-LAP-754,SN-16092898,2025-07-20,2026-05-16,2026-04-22,12,No,Power Failure,Internal Component Failure,Customer reports power failure affecting charger.,No,No,Not Applicable,Not Applicable,Not Applicable,Not Applicable,Not Applicable,Not Applicable,Not Applicable,Not Applicable,Yes,Yes,Yes,Yes,Yes,Yes,Not Applicable,Not Applicable,Not Applicable,Not Applicable,Not Applicable,Not Applicable,Not Applicable,No,0,Not Applicable,No,Not Applicable,Yes,Yes,No,No,No,0,1916.57,639.57,0.0,0.978,Web,Valid Claim,Firefox,45,Dark,1.40001,B0461
REC01475,CLM01467,CUS00488,PRD00429,Laptop,Business Laptop,Device,Main Unit,Aster,AST-LAP-477,SN-23212055,2023-12-09,2025-10-16,2025-10-14,24,No,Battery Problem,Internal Component Failure,Customer reports battery problem affecting device.,No,No,Yes,Not Applicable,Not Applicable,Not Applicable,Not Applicable,Not Applicable,Not Applicable,Not Applicable,Yes,Yes,Yes,No,No,Yes,Not Applicable,Not Applicable,Not Applicable,Not Applicable,Not Applicable,Not Applicable,Not Applicable,No,0,Not Applicable,No,Not Applicable,Yes,Yes,No,No,No,1,2022.76,394.64,0.0,0.814,Web,Manual Review,MobileWebView,54,System,-0.17086,B0251
REC00420,CLM01250,CUS00242,PRD00799,Washing Machine,Top Load,Power,Main Unit,ZenCore,ZEN-WAS-616,SN-34725700,2021-05-06,2024-01-10,2023-12-27,24,Yes,Power Failure,Electrical Failure,Customer reports power failure affecting power.,Not Applicable,Not Applicable,Not Applicable,Household,No,Not Applicable,No,Not Applicable,Not Applicable,Not Applicable,Yes,Yes,No,Yes,Yes,Yes,Not Applicable,Not Applicable,Not Applicable,Not Applicable,Not Applicable,Not Applicable,Not Applicable,No,0,Not Applicable,No,Not Applicable,Yes,Yes,No,No,No,1,1606.61,,,0.854,Web,Valid Claim,Chrome,54,Dark,-0.53481,B0399
REC01428,CLM01316,CUS00354,PRD00361,Refrigerator,Side-by-Side,Noise,Main Unit,ZenCore,ZEN-REF-433,SN-96576737,2023-03-02,2024-04-15,2024-03-25,24,No,Noise,Electrical Failure,Customer reports noise affecting noise.,Not Applicable,Not Applicable,Not Applicable,Household,Yes,Not Applicable,Not Applicable,Not Applicable,Not Applicable,Not Applicable,No,Yes,Yes,Yes,Yes,Yes,Not Applicable,Not Applicable,Not Applicable,Not Applicable,Not Applicable,Not Applicable,,Yes,3,Yes,No,Not Applicable,Yes,Yes,No,No,No,0,1339.26,893.15,408.55,0.951,Web,Manual Review,Chrome,30,System,-1.06948,B0080
REC00424,CLM00980,CUS00057,PRD00834,Camera,Compact,Camera Body,Camera Body,Aster,AST-CAM-163,SN-52823486,2024-09-01,2026-05-15,2026-04-24,24,No,Lens Failure,Manufacturing Defect,Customer reports lens failure affecting camera body.,No,No,Not Applicable,Not Applicable,Not Applicable,Not Applicable,Not Applicable,Not Applicable,Not Applicable,Not Applicable,,Yes,No,Yes,Yes,Yes,Not Applicable,Not Applicable,Not Applicable,Not Applicable,Not Applicable,Not Applicable,Not Applicable,No,0,Not Applicable,No,Not Applicable,Yes,Yes,No,No,No,2,2828.67,501.56,0.0,0.842,Mobile App,Valid Claim,Firefox,28,System,1.31768,B0694
REC00522,CLM01112,CUS00491,PRD00454,Air Conditioner,Cassette,Indoor Unit,Main Unit,ZenCore,ZEN-AIR-365,SN-18496595,2023-07-08,2025-06-06,2025-05-27,24,No,Cooling Failure,Internal Component Failure,Customer reports cooling failure affecting indoor unit.,Not Applicable,Not Applicable,Not Applicable,Not Applicable,No,Not Applicable,Not Applicable,No,Indoor Unit,Not Applicable,Yes,Yes,No,Yes,Yes,Yes,Yes,Not Applicable,Not Applicable,Not Applicable,Not Applicable,Not Applicable,Yes,Yes,2, Yes ,No,Not Applicable,Yes,Yes,No,No,No,0,1827.52,1410.36,151.78,0.887,Service Center,Valid Claim,Firefox,50,Light,0.07752,B0972
REC00352,CLM00084,CUS00077,PRD00132,Camera,DSLR,Camera Body,Camera Body,PrimeView,PRI-CAM-166,SN-65954839,2024-01-21,2025-04-03,2025-03-17,24,No,Battery Problem,Electrical Failure,Customer reports battery problem affecting camera body.,No,No,Unknown,Not Applicable,Not Applicable,Not Applicable,Not Applicable,Not Applicable,Not Applicable,Not Applicable,Yes,Yes,Yes,Yes,Yes,Yes,Not Applicable,Not Applicable,Not Applicable,Not Applicable,Not Applicable,Not Applicable,Not Applicable,No,0,Not Applicable,No,Not Applicable,Yes,Yes,No,No,No,0,2291.48,566.72,0.0,0.78,Web,Valid Claim,MobileWebView,56,System,1.92295,B0736
REC01230,CLM01309,CUS00432,PRD00665,Television,Mini-LED,Remote Control,Remote Control,Aster,AST-TEL-849,SN-60739268,2024-10-15,2025-01-23,2025-01-13,6,No,Power Failure,Electrical Failure,Customer reports power failure affecting remote control.,No,Not Applicable,Not Applicable,Not Applicable,Not Applicable,No,Not Applicable,Not Applicable,Not Applicable,Not Applicable,No,Yes,No,Yes,Yes,Yes,Not Applicable,Not Applicable,Not Applicable,Not Applicable,Not Applicable,Not Applicable,Not Applicable,NO,0,Not Applicable,Yes,Yes,Yes,Yes,No,No,No,0,2153.42,972.87,0.0,0.509,Web,Manual Review,MobileWebView,45,System,-0.25359,B0795
REC00035,CLM01470,CUS00565,PRD00592,Air Conditioner,Portable,Outdoor Unit,Main Unit,Aster,AST-AIR-337,SN-71565380,2023-11-23,2025-01-14,2024-12-31,24,No,Noise,Internal Component Failure,Customer reports noise affecting outdoor unit.,Not Applicable,Not Applicable,Not Applicable,Not Applicable,No,Not Applicable,Not Applicable,No,Outdoor Unit,Not Applicable,Yes,Yes,No,Yes,Yes,No,Yes,Not Applicable,Not Applicable,Not Applicable,Not Applicable,Not Applicable,Not Applicable,No,0,Not Applicable,No,Not Applicable,Yes,Yes,No,No,No,2,520.66,365.08,0.0,0.973,Mobile App,Manual Review,Firefox,40,System,0.21555,B0941
REC00524,CLM00485,CUS00277,PRD00068,Refrigerator,Single Door,Noise,Main Unit,ZenCore,ZEN-REF-972,SN-18708101,2023-03-27,2025-04-10,2025-03-28,24,No,Noise,Electrical Failure,Customer reports noise affecting noise.,Not Applicable,Not Applicable,Not Applicable,Household,No,Not Applicable,Not Applicable,Not Applicable,Not Applicable,Not Applicable,Yes,Yes,Yes,Yes,Yes,Yes,Not Applicable,Not Applicable,Not Applicable,Not Applicable,Not Applicable,Not Applicable,,NO,0,Not Applicable,No,Not Applicable,Yes,Yes,No,No,No,0,703.94,245.31,0.0,0.968,Service Center,Invalid Claim,MobileWebView,13,System,-0.63511,B0419
REC00152,CLM00402,CUS00485,PRD00831,Printer,Laser,Printing,Main Unit,NovaTech,NOV-PRI-411,SN-26917892,2026-03-08,2026-08-10,2026-07-22,12,No,Mechanical Failure,Internal Component Failure,Customer reports mechanical failure affecting printing.,Not Applicable,Not Applicable,Not Applicable,Not Applicable,Yes,Not Applicable,No,Not Applicable,Not Applicable,Compatible,No,No,Yes,Yes,Yes,Yes,Not Applicable,Not Applicable,Not Applicable,Not Applicable,Not Applicable,Yes,Not Applicable,No,0,Not Applicable,No,Not Applicable,Yes,Yes,No,No,No,1,257.9,70.52,0.0,0.885,Web,Valid Claim,Firefox,12,Dark,0.27896,B0251
REC01149,CLM01172,CUS00050,PRD00639,Washing Machine,Washer Dryer,Water Leakage,Main Unit,ZenCore,ZEN-WAS-808,SN-61259468,2022-07-10,2024-03-27,2024-03-01,24,No,Water Leakage,Manufacturing Defect,Customer reports water leakage affecting water leakage.,Not Applicable,Not Applicable,Not Applicable,Household,No,Not Applicable,Yes,Not Applicable,Not Applicable,Not Applicable,Yes,,No,Yes,,No,Not Applicable,Not Applicable,Not Applicable,Not Applicable,Not Applicable,Not Applicable,No,Yes,1,Unknown,No,Not Applicable,Yes,Yes,No,No,No,0,1134.29,991.64,262.82,0.8,Service Center,Manual Review,Chrome,49,Dark,-1.62274,B0164
REC00870,CLM00934,CUS00095,PRD00266,Washing Machine,Front Load,Water Leakage,Main Unit,PrimeView,PRI-WAS-953,SN-48990913,2023-07-25,2026-05-18,2026-05-11,24,No,Water Leakage,Internal Component Failure,Customer reports water leakage affecting water leakage.,Not Applicable,Not Applicable,Not Applicable,Household,No,Not Applicable,No,Not Applicable,Not Applicable,Not Applicable,Yes,Yes,No,No,Yes,Yes,Not Applicable,Not Applicable,Not Applicable,Not Applicable,Not Applicable,Not Applicable,Not Applicable,No,0,Not Applicable,No,Not Applicable,Yes,Yes,No,No,No,0,818.65,194.43,,0.771,Service Center,Invalid Claim,Edge,7,Dark,-0.85986,B0737
REC01081,CLM01254,CUS00615,PRD00964,Laptop,Gaming Laptop,Battery,Battery,ZenCore,ZEN-LAP-407,SN-17895091,2023-11-02,2024-03-25,2024-03-16,12,No,Power Failure,Manufacturing Defect,Customer reports power failure affecting battery.,No,No,Yes,Not Applicable,Not Applicable,Not Applicable,Not Applicable,Not Applicable,Not Applicable,Not Applicable,Yes,No,Yes,Yes,Yes,Yes,Not Applicable,Yes,Not Applicable,Not Applicable,Not Applicable,Not Applicable,Not Applicable,No,0,Not Applicable,No,Not Applicable,Yes,Yes,No,No,No,1,1106.65,132.14,0.0,0.955,Web,Valid Claim,Safari,9,Dark,-0.24333,B0386
REC00367,CLM00271,CUS00109,PRD00280,Air Conditioner,Split,Outdoor Unit,Compressor,ZenCore,ZEN-AIR-903,SN-83050784,2021-04-13,2025-11-24,2025-11-17,60,No,Noise,Manufacturing Defect,Customer reports noise affecting outdoor unit.,Not Applicable,Not Applicable,Not Applicable,Not Applicable,Unknown,Not Applicable,Not Applicable,No,Outdoor Unit,Not Applicable,Yes,Yes,Yes,Yes,Yes,Yes,Yes,Not Applicable,Not Applicable,Yes,Not Applicable,Not Applicable,Yes,Yes,1,Unknown,No,Not Applicable,Yes,Yes,No,No,No,2,1498.0,1179.89,,0.84,Email,Manual Review,MobileWebView,39,System,0.85568,B0458
REC00196,CLM01420,CUS00079,PRD00022,Air Conditioner,Portable,Outdoor Unit,Main Unit,Aster,,SN-46214129,2023-08-30,2024-11-22,2024-11-19,24,No,Power Failure,Electrical Failure,Customer reports power failure affecting outdoor unit.,Not Applicable,Not Applicable,Not Applicable,Not Applicable,No,Not Applicable,Not Applicable,Yes,Outdoor Unit,Not Applicable,Yes,Yes,No,Yes,Yes,Yes,Yes,Not Applicable,Not Applicable,Not Applicable,Not Applicable,Not Applicable,No,Yes,1,Unknown,No,Not Applicable,Yes,Yes,No,No,No,0,733.24,452.78,640.22,0.862,Web,Manual Review,Edge,22,Dark,0.73844,B0315
REC00433,CLM00921,CUS00428,PRD00234,Laptop,Business Laptop,Device,Main Unit,Aster,AST-LAP-555,SN-61738075,2023-08-30,2025-05-11,2025-04-10,24,No,Connectivity Issue,Internal Component Failure,Customer reports connectivity issue affecting device.,No,No,Not Applicable,Not Applicable,Not Applicable,Not Applicable,Not Applicable,Not Applicable,Not Applicable,Not Applicable,No,Yes,No,YES,Yes,Yes,Not Applicable,Not Applicable,Not Applicable,Not Applicable,Not Applicable,Not Applicable,Not Applicable,No,0,Not Applicable,No,Not Applicable,Yes,Yes,No,No,No,1,2531.27,977.22,0.0,0.848,Web,Invalid Claim,Edge,28,Light,2.98987,B0139
REC00874,CLM01158,CUS00217,PRD00964,Smartphone,Foldable Smartphone,Battery,Battery,NovaTech,NOV-SMA-644,SN-26332555,2023-05-24,2024-02-25,2024-02-19,12,No,Power Failure,Manufacturing Defect,Customer reports power failure affecting battery.,Unknown,No,Yes,Not Applicable,Not Applicable,Not Applicable,Not Applicable,Not Applicable,Not Applicable,Not Applicable,Yes,Yes,Yes,Yes,Yes,Yes,Not Applicable,Yes,Not Applicable,Not Applicable,Not Applicable,Not Applicable,Yes,Yes,1,Yes,No,Not Applicable,Yes,Yes,No,No,No,0,1758.07,688.38,508.28,0.825,Email,Valid Claim,Safari,12,System,-1.52365,B0200
REC01243,CLM00824,CUS00380,PRD00362,Refrigerator,French Door,Noise,Main Unit,Aster,,SN-12332633,2024-01-02,2025-03-04,2025-02-19,24,No,Noise,Internal Component Failure,Customer reports noise affecting noise.,Not Applicable,Not Applicable,Not Applicable,Household,Unknown,Not Applicable,Not Applicable,Not Applicable,Not Applicable,Not Applicable,Yes,Yes,No,Yes,Yes,Yes,Not Applicable,Not Applicable,Not Applicable,Not Applicable,Not Applicable,Not Applicable,No,Yes,3,Yes,No,Not Applicable,Yes,Yes,No,No,No,0,2870.24,2388.13,224.76,0.943,Web,Manual Review,Firefox,22,Dark,-0.1087,B0603
REC01210,CLM00206,CUS00660,PRD00691,Laptop,Business Laptop,Device,Main Unit,NovaTech,NOV-LAP-779,,2022-01-05,2024-10-01,2024-09-24,24,No,Connectivity Issue,Manufacturing Defect,Customer reports connectivity issue affecting device.,No,No,Not Applicable,Not Applicable,Not Applicable,Not Applicable,Not Applicable,Not Applicable,Not Applicable,Not Applicable,Yes,Yes,Yes,Yes,Yes,Yes,Not Applicable,Not Applicable,Not Applicable,Not Applicable,Not Applicable,Not Applicable,Not Applicable,No,0,Not Applicable,No,Not Applicable,Yes,Yes,No,No,No,0,896.46,197.11,0.0,0.917,Mobile App,Invalid Claim,MobileWebView,53,System,-1.49369,B0865
REC00250,CLM00681,CUS00186,PRD00449,Air Conditioner,Portable,Outdoor Unit,Compressor,HomePro,HOM-AIR-582,SN-33532403,2019-12-03,2024-01-08,2023-12-30,60,No,Water Leakage,Manufacturing Defect,Customer reports water leakage affecting outdoor unit.,Not Applicable,Not Applicable,Not Applicable,Not Applicable,No,Not Applicable,Not Applicable,No,Outdoor Unit,Not Applicable,Yes,Yes,No,Yes,Yes,No,Yes,Not Applicable,Not Applicable,Yes,Not Applicable,Not Applicable,Not Applicable,No,0,Not Applicable,No,Not Applicable,No,No,No,No,No,2,1763.74,1550.52,0.0,0.926,Email,Invalid Claim,Chrome,28,System,-0.47041,B0651
REC00994,CLM00603,CUS00507,PRD00050,Camera,Compact,Camera Body,Camera Body,PrimeView,PRI-CAM-331,SN-21865062,2025-07-08,2026-07-16,2026-07-13,24,No,Lens Failure,Internal Component Failure,Customer reports lens failure affecting camera body.,No,No,Not Applicable,Not Applicable,Not Applicable,Not Applicable,Not Applicable,Not Applicable,Not Applicable,Not Applicable,Yes,Yes,Yes,Yes,Yes,Yes,Not Applicable,Not Applicable,Not Applicable,Not Applicable,Not Applicable,Not Applicable,Not Applicable,No,0,Not Applicable,Yes,Yes,Yes,Yes,No,No,No,1,2349.03,2018.79,0.0,0.878,Service Center,Valid Claim,Edge,15,Light,0.74699,B0463
REC00226,CLM01401,CUS00234,PRD00765,Camera,Action Camera,Camera Body,Camera Body,PrimeView,PRI-CAM-388,SN-55898190,2024-10-28,2026-06-25,2026-06-19,24,No,Battery Problem,Internal Component Failure,Customer reports battery problem affecting camera body.,No,No,Yes,Not Applicable,Not Applicable,Not Applicable,Not Applicable,Not Applicable,Not Applicable,Not Applicable,Yes,No,Yes,Yes,Yes,Yes,Not Applicable,Not Applicable,Not Applicable,Not Applicable,Not Applicable,Not Applicable,No,Yes,3,Yes,No,Not Applicable,Yes,Yes,No,No,No,1,2737.08,1995.46,153.41,0.826,Web,Manual Review,Firefox,6,System,-0.17126,B0353
REC00816,CLM01198,CUS00188,PRD00773,Smartphone,Foldable Smartphone,Phone,Main Unit,,PRI-SMA-243,SN-50855202,2025-06-13,2026-01-20,2026-01-15,12,No,Power Failure,Manufacturing Defect,Customer reports power failure affecting phone.,No,No,Not Applicable,Not Applicable,Not Applicable,Not Applicable,Not Applicable,Not Applicable,Not Applicable,Not Applicable,,Yes,Yes,Yes,No,Yes,Not Applicable,Not Applicable,Not Applicable,Not Applicable,Not Applicable,Not Applicable,Not Applicable,No,0,Not Applicable,No,Not Applicable,Yes,Yes,No,No,No,2,1206.16,598.9,0.0,0.99,Mobile App,Manual Review,Edge,48,Dark,1.20579,B0483
REC00130,CLM01052,CUS00491,PRD00698,Television,Mini-LED,Remote Control,Remote Control,HomePro,HOM-TEL-878,SN-86501397,2025-12-20,2026-06-06,2026-05-18,6,No,Connectivity Issue,Manufacturing Defect,Customer reports connectivity issue affecting remote control.,No,Not Applicable,Not Applicable,Not Applicable,Not Applicable,No,Not Applicable,Not Applicable,Not Applicable,Not Applicable,Yes,Yes,No,Yes,Yes,Yes,Not Applicable,Not Applicable,Not Applicable,Not Applicable,Not Applicable,Not Applicable,Not Applicable,No,0,Not Applicable,No,Not Applicable,Yes,Yes,No,No,No,2,3118.23,1405.85,0.0,0.723,Service Center,Valid Claim,Safari,4,Light,-0.16323,B0497
REC00126,CLM00503,CUS00096,PRD00970,Air Conditioner,Cassette,Outdoor Unit,Main Unit,ZenCore,ZEN-AIR-594,SN-47708146,2024-11-22,2026-06-30,2026-06-11,24,No,Noise,Electrical Failure,Customer reports noise affecting outdoor unit.,Not Applicable,Not Applicable,Not Applicable,Not Applicable,No,Not Applicable,Not Applicable,No,Outdoor Unit,Not Applicable,,Yes,Yes,,Yes,Yes,Yes,Not Applicable,Not Applicable,Not Applicable,Not Applicable,Not Applicable,Not Applicable,No,0,Not Applicable,No,Not Applicable,Yes,Yes,No,No,No,2,1484.39,193.48,0.0,0.906,Mobile App,Valid Claim,MobileWebView,41,System,0.61907,B0040
REC01498,CLM00929,CUS00215,PRD00462,Refrigerator,Single Door,Cooling,Main Unit,HomePro,HOM-REF-437,SN-23621146,2025-03-04,2026-05-15,2026-04-24,24,No,Cooling Failure,Manufacturing Defect,Customer reports cooling failure affecting cooling.,Not Applicable,Not Applicable,Not Applicable,Household,No,Not Applicable,Not Applicable,Not Applicable,Not Applicable,Not Applicable,No,Yes,Yes,Yes,Yes,,Not Applicable,Not Applicable,Not Applicable,Not Applicable,Not Applicable,Not Applicable,Not Applicable,No,0,Not Applicable,No,Not Applicable,Yes,Yes,No,No,No,1,2662.71,2490.43,0.0,0.761,Mobile App,Valid Claim,Firefox,30,System,2.11282,B0475
REC00538,CLM00885,CUS00603,PRD00199,Washing Machine,Front Load,Noise,Main Unit,HomePro,HOM-WAS-556,SN-68116263,2023-05-27,2025-11-20,2025-11-05,24,No,Noise,Manufacturing Defect,Customer reports noise affecting noise.,Not Applicable,Not Applicable,Not Applicable,Business,Yes,Not Applicable,No,Not Applicable,Not Applicable,Not Applicable,Yes,Yes,No,Yes,No,Yes,Not Applicable,Not Applicable,Not Applicable,Not Applicable,Not Applicable,Not Applicable,Not Applicable,No,0,Not Applicable,Yes,Yes,Yes,Yes,No,No,No,0,2123.37,-1.0,,0.919,Service Center,Invalid Claim,Edge,55,Light,1.11665,B0738
REC00344,CLM00251,CUS00424,PRD00999,Refrigerator,Side-by-Side,Noise,Main Unit,HomePro,HOM-REF-892,SN-54936385,2022-03-13,2024-11-17,2024-10-21,24,No,Noise,Electrical Failure,Customer reports noise affecting noise.,Not Applicable,Not Applicable,Not Applicable,Household,Unknown,Not Applicable,Not Applicable,Not Applicable,Not Applicable,Not Applicable,Yes,Yes,Yes,Yes,Yes,Yes,Not Applicable,Not Applicable,Not Applicable,Not Applicable,Not Applicable,Not Applicable,Yes,Yes,3,No,No,Not Applicable,Yes,Yes,No,No,No,0,2827.71,1261.13,320.59,0.734,Service Center,Invalid Claim,Safari,2,System,-0.33308,B0988
REC00364,CLM00870,CUS00089,PRD00368,Refrigerator,Single Door,Other,Main Unit,ZenCore,ZEN-REF-624,SN-46284143,2024-12-05,2026-09-05,2026-08-28,24,No,Mechanical Failure,Water Damage,Customer reports mechanical failure affecting other.,Not Applicable,Not Applicable,Not Applicable,Household,No,Not Applicable,Not Applicable,Not Applicable,Not Applicable,Not Applicable,Yes,Yes,No,Yes,Yes,Yes,Not Applicable,Not Applicable,Not Applicable,Not Applicable,Not Applicable,Not Applicable,Not Applicable,No,-3,Not Applicable,No,Not Applicable,Yes,Yes,No,No,No,0,2734.15,1450.83,0.0,0.896,Service Center,Invalid Claim,Firefox,54,System,-1.14768,B0753
REC00353,CLM00945,CUS00098,PRD00229,Refrigerator,Double Door,Cooling,Main Unit,Aster,AST-REF-369,SN-17361954,2023-09-09,2025-08-12,2025-06-25,24,No,Cooling Failure,Internal Component Failure,Customer reports cooling failure affecting cooling.,Not Applicable,Not Applicable,Not Applicable,Household,Yes,Not Applicable,Not Applicable,Not Applicable,Not Applicable,Not Applicable,Yes,Yes,Yes,Yes,Yes,Yes,Not Applicable,Not Applicable,Not Applicable,Not Applicable,Not Applicable,Not Applicable,Not Applicable,No,0,Not Applicable,No,Not Applicable,Yes,Yes,No,No,No,0,1328.36,356.22,0.0,0.727,Web,Invalid Claim,Chrome,19,Light,1.28143,B0056
REC00098,CLM01364,CUS00512,PRD00583,Washing Machine,Front Load,Not Sure,Motor,HomePro,HOM-WAS-937,SN-31872631,2017-02-01,2026-08-08,2026-07-31,120,No,Water Leakage,Internal Component Failure,Customer reports water leakage affecting not sure.,Not Applicable,Not Applicable,Not Applicable,Household,No,Not Applicable,No,Not Applicable,Not Applicable,Not Applicable,Yes,Yes,Yes,,Yes,Yes,Not Applicable,Not Applicable,Not Applicable,Yes,Not Applicable,Not Applicable,Not Applicable,No,0,Not Applicable,No,Not Applicable,Yes,Yes,No,No,No,4,1305.1,762.59,0.0,0.905,Service Center,Valid Claim,MobileWebView,51,Light,2.56806,B0389
REC00773,CLM00096,CUS00498,PRD00049,Laptop,Business Laptop,Device,Main Unit,NovaTech,NOV-LAP-484,SN-70757854,2024-02-20,2026-01-30,2026-01-14,24,No,Battery Problem,Electrical Failure,Customer reports battery problem affecting device.,No,No,No,Not Applicable,Not Applicable,Not Applicable,Not Applicable,Not Applicable,Not Applicable,Not Applicable,Yes,Yes,Yes,Yes,Yes,Yes,Not Applicable,Not Applicable,Not Applicable,Not Applicable,Not Applicable,Not Applicable,Not Applicable,No,0,Not Applicable,No,Not Applicable,Yes,Yes,yes,No,No,0,527.98,404.5,0.0,0.76,Web,Invalid Claim,Firefox,31,System,-1.3388,B0963
REC00964,CLM01256,CUS00488,PRD00919,Television,LED,Connection,Main Unit,Aster,AST-TEL-277,SN-55854473,2022-01-18,2024-04-18,2024-03-28,24,Yes,Connectivity Issue,Electrical Failure,Customer reports connectivity issue affecting connection.,No,Not Applicable,Not Applicable,Not Applicable,Not Applicable,No,Not Applicable,Not Applicable,Not Applicable,Not Applicable,Yes,No,Yes,Yes,No,No,Not Applicable,Not Applicable,Not Applicable,Not Applicable,Not Applicable,Not Applicable,Yes,Yes,2,Yes,No,Not Applicable,Yes,Yes,No,No,No,1,671.71,281.77,47.11,0.562,mobile app,Manual Review,Safari,25,System,0.03629,B0828
REC00006,CLM01487,CUS00627,PRD00982,Washing Machine,Washer Dryer,Water Leakage,Main Unit,ZenCore,ZEN-WAS-763,SN-60471244,2024-12-13,2026-07-03,2026-06-21,24,No,Water Leakage,Electrical Failure,Customer reports water leakage affecting water leakage.,Not Applicable,Not Applicable,Not Applicable,Household,Yes,Not Applicable,No,Not Applicable,Not Applicable,Not Applicable,Yes,Yes,No,Yes,Yes,Yes,Not Applicable,Not Applicable,Not Applicable,Not Applicable,Not Applicable,Not Applicable,Not Applicable,No,0,N/A,No,Not Applicable,Yes,Yes,No,NO,No,0,1691.07,407.11,0.0,0.453,Service Center,Manual Review,Safari,41,Light,-0.25125,B0498
REC00002,CLM00641,CUS00214,PRD00481,Refrigerator,Double Door,Not Sure,Main Unit,ZenCore,ZEN-REF-668,SN-52136688,2024-10-26,2026-01-18,2026-01-05,24,No,Water Leakage,Manufacturing Defect,Customer reports water leakage affecting not sure.,Not Applicable,Not Applicable,Not Applicable,Household,Unknown,Not Applicable,Not Applicable,Not Applicable,Not Applicable,Not Applicable,Yes,Yes,Yes,Yes,Yes,No,Not Applicable,Not Applicable,Not Applicable,Not Applicable,Not Applicable,Not Applicable,Yes,Yes,1,Yes,Yes,Yes,Yes,Yes,No,No,No,1,1252.45,985.9,539.72,0.739,Web,Manual Review,MobileWebView,22,Light,-0.05316,B0421
REC00916,CLM01362,CUS00187,PRD00480,Washing Machine,Top Load,Water Supply or Drain,Main Unit,ZenCore,ZEN-WAS-472,SN-76234297,2024-02-15,2025-06-22,2025-06-16,24,No,Mechanical Failure,Manufacturing Defect,Customer reports mechanical failure affecting water supply or drain.,Not Applicable,Not Applicable,Not Applicable,Household,No,Not Applicable,No,Not Applicable,Not Applicable,Not Applicable,Yes,,Yes,Yes,Yes,Yes,Not Applicable,Not Applicable,Not Applicable,Not Applicable,Not Applicable,Not Applicable,Not Applicable,No,0,Not Applicable,No,Not Applicable,Yes,Yes,No,No,No,0,1764.49,348.26,0.0,0.739,Service Center,Valid Claim,MobileWebView,34,System,-0.48775,B0450
REC01202,CLM01156,CUS00310,PRD00148,Washing Machine,Top Load,Power,Main Unit,ZenCore,ZEN-WAS-351,SN-19354680,2022-03-19,2024-06-05,2024-05-17,24,Yes,Power Failure,Manufacturing Defect,Customer reports power failure affecting power.,Not Applicable,Not Applicable,Not Applicable,Household,Yes,Not Applicable,No,Not Applicable,Not Applicable,Not Applicable,Yes,Yes,No,Yes,Yes,Yes,Not Applicable,Not Applicable,Not Applicable,Not Applicable,Not Applicable,Not Applicable,Yes,Yes,3,Yes,No,Not Applicable,Yes,Yes,No,No,No,0,2148.88,1268.71,83.38,0.6,Web,Manual Review,Firefox,52,Light,0.79528,B0249
REC00699,CLM00474,CUS00343,PRD00625,Camera,DSLR,Camera Body,Camera Body,PrimeView,PRI-CAM-949,SN-19312364,2022-05-01,2024-04-07,2024-03-26,24,No,Display Failure,Electrical Failure,Customer reports display failure affecting camera body.,No,No,Not Applicable,Not Applicable,Not Applicable,Not Applicable,Not Applicable,Not Applicable,Not Applicable,Not Applicable,Yes,Yes,Yes,Yes,Yes,Yes,Not Applicable,Not Applicable,Not Applicable,Not Applicable,Not Applicable,Not Applicable,Yes,Yes,3,Yes,No,Not Applicable,Yes,Yes,No,No,No,1,1829.67,1536.12,132.35,0.877,Mobile App,Valid Claim,MobileWebView,31,Light,0.10829,B0805
REC00943,CLM00039,CUS00264,PRD00776,Laptop,Business Laptop,Battery,Battery,NovaTech,NOV-LAP-805,SN-95752585,2024-01-28,2024-06-12,2024-06-06,12,No,Battery Problem,Internal Component Failure,Customer reports battery problem affecting battery.,No,No,Yes,Not Applicable,Not Applicable,Not Applicable,Not Applicable,Not Applicable,Not Applicable,Not Applicable,Yes,Yes,No,No,Yes,Yes,Not Applicable,Yes,Not Applicable,Not Applicable,Not Applicable,Not Applicable,Yes,Yes,3,Yes,No,Not Applicable,Yes,Yes,No,No,No,0,828.97,611.42,269.65,0.849,Web,Valid Claim,Safari,21,Light,-0.48405,B0184
REC01382,CLM01028,CUS00143,PRD00996,Laptop,Gaming Laptop,Charger,Power Adapter,ZenCore,ZEN-LAP-795,SN-46815419,2024-01-16,2024-09-20,2024-09-11,12,No,Power Failure,Internal Component Failure,Customer reports power failure affecting charger.,No,No,Not Applicable,Not Applicable,Not Applicable,Not Applicable,Not Applicable,Not Applicable,Not Applicable,Not Applicable,Yes,Yes,Yes,Yes,Yes,Yes,Not Applicable,Not Applicable,Not Applicable,Not Applicable,Not Applicable,Not Applicable,Not Applicable,No,0,Not Applicable,No,Not Applicable,Yes,Yes,No,No,Yes,0,2036.17,1096.83,0.0,,Email,Manual Review,Chrome,54,Dark,-0.36121,B0663
REC01424,CLM00400,CUS00575,PRD00107,Printer,Laser,Connection,Print Head,NovaTech,NOV-PRI-584,SN-52291179,2025-04-30,2025-11-02,2025-10-23,12,No,Connectivity Issue,Physical Damage,Customer reports connectivity issue affecting connection.,Not Applicable,Not Applicable,Not Applicable,Not Applicable,No,Not Applicable,No,Not Applicable,Not Applicable,Compatible,No,Yes,Yes,Yes,Yes,Yes,Not Applicable,Not Applicable,Not Applicable,Not Applicable,Not Applicable,Yes,Not Applicable,No,0,Not Applicable,No,Not Applicable,Unknown,Yes,No,No,No,2,657.5,79.29,0.0,0.889,Service Center,Invalid Claim,Firefox,58,System,-0.54756,B0190
REC00909,CLM01064,CUS00406,PRD00529,Refrigerator,French Door,Noise,Main Unit,HomePro,HOM-REF-598,SN-32167194,2025-03-09,2026-05-11,2026-05-10,24,No,Noise,Internal Component Failure,Customer reports noise affecting noise.,Not Applicable,Not Applicable,Not Applicable,Household,No,Not Applicable,Not Applicable,Not Applicable,Not Applicable,Not Applicable,Yes,Yes,No,Yes,Yes,Yes,Not Applicable,Not Applicable,Not Applicable,Not Applicable,Not Applicable,Not Applicable,,Yes,1,Yes,No,Not Applicable,Yes,Yes,No,No,No,0,1621.23,525.86,56.58,0.952,Web,Manual Review,Edge,13,Light,-1.13735,B0538
REC01257,CLM01227,CUS00638,PRD00219,Refrigerator,Side-by-Side,Power,Compressor,HomePro,HOM-REF-558,SN-67102323,2016-08-10,2025-09-26,2025-09-15,120,No,Power Failure,Internal Component Failure,Customer reports power failure affecting power.,Not Applicable,Not Applicable,Not Applicable,Household,Unknown,Not Applicable,Not Applicable,Not Applicable,Not Applicable,Not Applicable,Yes,Yes,No,Yes,Yes,Yes,Not Applicable,Not Applicable,Not Applicable,No,Not Applicable,Not Applicable,No,Yes,3,Yes,No,Not Applicable,Yes,Yes,No,No, No ,0,1746.78,1572.16,232.39,0.921,Service Center,Manual Review,Chrome,38,Dark,-0.36895,B0810
REC00373,CLM01276,CUS00289,PRD00915,Camera,Compact,Camera Body,Camera Body,PrimeView,PRI-CAM-698,SN-10228326,2023-04-13,2024-09-03,2024-08-22,24,No,Battery Problem,Internal Component Failure,Customer reports battery problem affecting camera body.,No,No,Yes,Not Applicable,Not Applicable,Not Applicable,Not Applicable,Not Applicable,Not Applicable,Not Applicable,Yes,Yes,Yes,Yes,Yes,Yes,Not Applicable,Not Applicable,Not Applicable,Not Applicable,Not Applicable,Not Applicable,Not Applicable,No,0,Not Applicable,No,Not Applicable,Yes,Yes,No,No,No,2,1197.61,505.01,0.0,0.824,Mobile App,Valid Claim,Firefox,16,Dark,-0.0722,B0381
REC00492,CLM00105,CUS00583,PRD00838,Camera,DSLR,Camera Body,Camera Body,Aster,AST-CAM-501,SN-62890927,2024-03-06,2025-07-02,2025-05-31,24,No,Lens Failure,Electrical Failure,Customer reports lens failure affecting camera body.,No,No,Not Applicable,Not Applicable,Not Applicable,Not Applicable,Not Applicable,Not Applicable,Not Applicable,Not Applicable,Yes,Yes,Yes,Yes,Yes,Yes,Not Applicable,Not Applicable,Not Applicable,Not Applicable,Not Applicable,Not Applicable,Not Applicable,No,0,Not Applicable,No,Not Applicable,No,Yes,No,No,No,0,563.82,362.35,,0.849,Web,Invalid Claim,Chrome,0,Light,0.45005,B0156
REC00671,CLM00378,CUS00008,PRD00148,Smartphone,Rugged Smartphone,Phone,Main Unit,NovaTech,NOV-SMA-538,SN-98232480,2025-09-26,2026-08-07,2026-07-25,12,No,Overheating,Liquid Damage,Customer reports overheating affecting phone.,No,Yes,Not Applicable,Not Applicable,Not Applicable,Not Applicable,Not Applicable,Not Applicable,Not Applicable,Not Applicable,Yes,,Yes,Yes,Yes,Yes,Not Applicable,Not Applicable,Not Applicable,Not Applicable,Not Applicable,Not Applicable,,No,0,Not Applicable,Yes,Yes,Yes,Yes,No,No,No,0,587.95,194.85,,0.924,Service Center,Invalid Claim,MobileWebView,39,System,0.69544,B0801
REC01108,CLM00740,CUS00533,PRD00878,Printer,Thermal,Connection,Print Head,NovaTech,NOV-PRI-621,SN-91103971,2025-07-12,2026-07-09,2026-06-20,12,No,Connectivity Issue,Electrical Failure,Customer reports connectivity issue affecting connection.,Not Applicable,Not Applicable,Not Applicable,Not Applicable,No,Not Applicable,No,Not Applicable,Not Applicable,Compatible,Yes,Yes,No,Yes,Yes,Yes,Not Applicable,Not Applicable,Not Applicable,Not Applicable,Not Applicable,Yes,Not Applicable,No,0,Not Applicable,No,Not Applicable,Yes,Yes,No,No,No,0,859.76,161.99,0.0,0.781,Service Center,Valid Claim,MobileWebView,48,System,1.21514,B0606
REC01369,CLM01078,CUS00546,PRD00738,Laptop,Gaming Laptop,Device,Main Unit,Aster,AST-LAP-421,SN-36751837,2023-09-14,2025-01-22,2025-01-20,24,No,Battery Problem,Manufacturing Defect,Customer reports battery problem affecting device.,Yes,No,Unknown,Not Applicable,Not Applicable,Not Applicable,Not Applicable,Not Applicable,Not Applicable,Not Applicable,No,Yes,No,Yes,Yes,No,Not Applicable,Not Applicable,Not Applicable,Not Applicable,Not Applicable,Not Applicable,No,Yes,3,Yes,No,Not Applicable,Yes,Yes,No,No,No,1,2270.76,623.77,474.13,0.556,Mobile App,Manual Review,Safari,35,System,-0.28359,B0372
REC01395,CLM01217,CUS00672,PRD00613,Smartphone,Foldable Smartphone,Battery,Battery,Aster,AST-SMA-137,SN-65866245,2023-07-22,2024-06-21,2024-05-23,12,No,Power Failure,Internal Component Failure,Customer reports power failure affecting battery.,No,No,Yes,Not Applicable,Not Applicable,Not Applicable,Not Applicable,Not Applicable,Not Applicable,Not Applicable,Yes,Yes,Yes,Yes,Yes,Yes,Not Applicable,Yes,Not Applicable,Not Applicable,Not Applicable,Not Applicable,Not Applicable,No,0,Not Applicable,Yes,Yes,Yes,Yes,No,No,No,1,1075.9,224.15,0.0,0.914,Service Center,Valid Claim,MobileWebView,35,System,0.52123,B0149
REC00864,CLM01293,CUS00268,PRD00897,Camera,DSLR,Lens,Lens,Aster,AST-CAM-734,SN-15433287,2023-11-05,2025-08-24,2025-08-19,24,No,Display Failure,Internal Component Failure,Customer reports display failure affecting lens.,No,No,Not Applicable,Not Applicable,Not Applicable,Not Applicable,Not Applicable,Not Applicable,Not Applicable,Not Applicable,No,Yes,No,Yes,Yes,,Not Applicable,Not Applicable,Not Applicable,Not Applicable,Yes,Not Applicable,No,Yes,1,Yes,No,Not Applicable,Yes,Yes,No,No,No,0,2702.73,1976.04,,0.577,Mobile App,Manual Review,Safari,48,Dark,-0.7896,B0901
REC00957,CLM00978,CUS00104,PRD00982,Washing Machine,Top Load,Water Leakage,Main Unit,ZenCore,ZEN-WAS-799,SN-18654099,2023-12-15,2025-07-30,2025-07-18,24,No,Water Leakage,Internal Component Failure,Customer reports water leakage affecting water leakage.,Not Applicable,Not Applicable,Not Applicable,Household,No,Not Applicable,No,Not Applicable,Not Applicable,Not Applicable,Yes,No,No,Yes,,Yes,Not Applicable,Not Applicable,Not Applicable,Not Applicable,Not Applicable,Not Applicable,Yes,Yes,2,Yes,No,Not Applicable,Yes,Yes,No,No,No,0,677.45,488.34,375.06,0.82,Mobile App,Valid Claim,Firefox,12,Dark,1.1587,B0503
REC00655,CLM00949,CUS00337,PRD00481,Washing Machine,Washer Dryer,Power,Main Unit,ZenCore,ZEN-WAS-806,SN-88351782,2024-03-16,2025-04-02,2025-03-11,24,No,Power Failure,Manufacturing Defect,Customer reports power failure affecting power.,Not Applicable,Not Applicable,Not Applicable,Household,No,Not Applicable,No,Not Applicable,Not Applicable,Not Applicable,Yes,No,Yes,Yes,Yes,No,Not Applicable,Not Applicable,Not Applicable,Not Applicable,Not Applicable,Not Applicable,No,Yes,1,Yes,No,Not Applicable,Yes,Yes,No,No,No,1,1876.28,599.19,300.58,0.939,Mobile App,Manual Review,Firefox,23,Light,-1.58678,B0546
REC01488,CLM00794,CUS00630,PRD00068,Washing Machine,Top Load,Other,Main Unit,ZenCore,ZEN-WAS-878,SN-76920185,2024-04-09,2026-01-16,2026-01-03,24,No,Mechanical Failure,Normal Wear,Customer reports mechanical failure affecting other.,Not Applicable,Not Applicable,Not Applicable,Household,Yes,Not Applicable,No,Not Applicable,Not Applicable,Not Applicable,Yes,Yes,Yes,,Yes,No,Not Applicable,Not Applicable,Not Applicable,Not Applicable,Not Applicable,Not Applicable,Not Applicable,No,0,Not Applicable,No,Not Applicable,Yes,Yes,No,No,No,0,2001.05,580.41,0.0,0.977,Web,Invalid Claim,Edge,16,Light,-1.87807,B0060
REC01276,CLM00892,CUS00177,PRD00302,Smartphone,Rugged Smartphone,Phone,Main Unit,Aster,AST-SMA-837,SN-45667458,2023-08-11,2025-04-13,2025-04-06,12,Yes,Power Failure,Electrical Failure,Customer reports power failure affecting phone.,Unknown,No,Not Applicable,Not Applicable,Not Applicable,Not Applicable,Not Applicable,Not Applicable,Not Applicable,Not Applicable,Yes,Yes,No,Yes,Yes,Yes,Not Applicable,Not Applicable,Not Applicable,Not Applicable,Not Applicable,Not Applicable,Not Applicable,No,0,Not Applicable,No,Not Applicable,Yes,Yes,No,No,Yes,0,454.89,79.53,0.0,0.854,Email,Manual Review,Safari,51,Light,0.03712,B0273
REC00995,CLM01414,CUS00597,PRD00783,Air Conditioner,Cassette,Indoor Unit,Compressor,Aster,AST-AIR-602,SN-23582814,2020-04-16,2025-02-14,2025-02-09,60,No,Power Failure,Electrical Failure,Customer reports power failure affecting indoor unit.,Not Applicable,Not Applicable,Not Applicable,Not Applicable,No,Not Applicable,Not Applicable,No,Indoor Unit,Not Applicable,Yes,,Yes,Yes,No,Yes,Yes,Not Applicable,Not Applicable,Yes,Not Applicable,Not Applicable,,No,0,Not Applicable,No,not applicable,Yes,Yes,No,No,No,1,1394.19,1069.83,0.0,0.603,Mobile App,Manual Review,Safari,23,Dark,-0.09874,B0756
REC00534,CLM00035,CUS00312,PRD00701,Printer,Inkjet,Power,Main Unit,NovaTech,NOV-PRI-672,SN-61695098,2024-06-26,2024-12-18,2024-12-09,12,No,Power Failure,Internal Component Failure,Customer reports power failure affecting power.,Not Applicable,Not Applicable,Not Applicable,Not Applicable,Yes,Not Applicable,No,Not Applicable,Not Applicable,Original,Yes,Yes,No,Yes,Yes,Yes,Not Applicable,Not Applicable,Not Applicable,Not Applicable,Not Applicable,Yes,Not Applicable,No,0,Not Applicable,Yes,Yes,Yes,Yes,No,No,No,1,540.74,277.48,0.0,0.82,Web,Valid Claim,Edge,8,Dark,0.4484,B0434
REC00917,CLM00943,CUS00301,PRD00744,Washing Machine,Top Load,Noise,Main Unit,HomePro,HOM-WAS-717,SN-70507935,2022-08-04,2024-03-29,2024-03-17,24,No,Noise,Foreign Object Damage,Customer reports noise affecting noise.,Not Applicable,Not Applicable,Not Applicable,Household,No,Not Applicable,No,Not Applicable,Not Applicable,Not Applicable,Yes,Yes,No,Yes,Yes,Yes,Not Applicable,Not Applicable,Not Applicable,Not Applicable,Not Applicable,Not Applicable,Yes,Yes,99,No,No,Not Applicable,No,Yes,No,No,No,0,1634.88,820.8,400.55,0.847,Service Center,Invalid Claim,Safari,18,System,-1.82553,B0232
REC00564,CLM01204,CUS00470,PRD00774,Air Conditioner,Window,Indoor Unit,Compressor,Aster,AST-AIR-474,SN-85200326,2020-04-18,2025-04-18,2025-03-22,60,No,Water Leakage,Manufacturing Defect,Customer reports water leakage affecting indoor unit.,Not Applicable,Not Applicable,Not Applicable,Not Applicable,Unknown,Not Applicable,Not Applicable,No,Indoor Unit,Not Applicable,Yes,No,No,Yes,Yes,Yes,No,Not Applicable,Not Applicable,Yes,Not Applicable,Not Applicable,Not Applicable,No,0,Not Applicable,No,Not Applicable,Yes,Yes,No,No,No,4,548.78,433.92,0.0,0.748,Service Center,Manual Review,MobileWebView,49,System,0.70684,B0830
REC01471,CLM00919,CUS00516,PRD00879,Camera,Action Camera,Camera Body,Camera Body,NovaTech,NOV-CAM-887,SN-32374023,2024-03-17,2026-06-15,2026-06-11,24,No,Lens Failure,Internal Component Failure,Customer reports lens failure affecting camera body.,No,No,Not Applicable,Not Applicable,Not Applicable,Not Applicable,Not Applicable,Not Applicable,Not Applicable,Not Applicable,Yes,Yes,Yes,Yes,Yes,Yes,Not Applicable,Not Applicable,Not Applicable,Not Applicable,Not Applicable,Not Applicable,Not Applicable,No,0,Not Applicable,No,Not Applicable,No,Yes,No,No,Yes,1,582.35,112.36,0.0,0.783,Web,Invalid Claim,Edge,51,Light,2.01885,B0006
REC00602,CLM00013,CUS00410,PRD00171,Air Conditioner,Split,Indoor Unit,Main Unit,Aster,AST-AIR-533,SN-82287860,2020-06-04,2024-02-12,2024-02-07,24,Yes,Cooling Failure,Manufacturing Defect,Customer reports cooling failure affecting indoor unit.,Not Applicable,Not Applicable,Not Applicable,Not Applicable,No,Not Applicable,Not Applicable,No,Indoor Unit,Not Applicable,Yes,Yes,Yes,Yes,Yes,Yes,Yes,Not Applicable,Not Applicable,Not Applicable,Not Applicable,Not Applicable,Not Applicable,No,0,Not Applicable,Yes,Yes,Yes,Yes,No,No,No,4,499.55,360.61,0.0,0.919,Mobile App,Invalid Claim,Chrome,52,System,0.10636,B0341
REC00509,CLM00461,CUS00284,PRD00240,Air Conditioner,Window,Not Sure,Main Unit,ZenCore,ZEN-AIR-595,SN-95557982,2023-08-08,2024-10-15,2024-08-22,24,No,Power Failure,Accidental Damage,Customer reports power failure affecting not sure.,Not Applicable,Not Applicable,Not Applicable,Not Applicable,No,Not Applicable,Not Applicable,No,Not Sure,Not Applicable,Yes,Yes,No,Yes,Yes,Yes,Yes,Not Applicable,Not Applicable,Not Applicable,Not Applicable,Not Applicable,Not Applicable,No,0,Not Applicable,No,Not Applicable,Yes,Yes,No,No,No,0,842.06,785.81,0.0,0.775,Service Center,Invalid Claim,Chrome,0,Light,-1.7014,B0193
REC00230,CLM00676,CUS00678,PRD00315,Air Conditioner,Portable,Indoor Unit,Main Unit,ZenCore,ZEN-AIR-110,SN-18063570,2022-02-22,2024-01-31,2024-01-22,24,No,Power Failure,Normal Wear,Customer reports power failure affecting indoor unit.,Not Applicable,Not Applicable,Not Applicable,Not Applicable,Yes,Not Applicable,Not Applicable,No,Indoor Unit,Not Applicable,Yes,Yes,Yes,Yes,Yes,Yes,No,Not Applicable,Not Applicable,Not Applicable,Not Applicable,Not Applicable,No,Yes,2,Unknown,No,Not Applicable,Yes,Yes,No,No,No,0,2781.49,1350.51,,0.811,Mobile App,Invalid Claim,Safari,45,Light,-0.58487,B0626
REC00750,CLM00135,CUS00384,PRD00482,Smartphone,Rugged Smartphone,Phone,Main Unit,PrimeView,PRI-SMA-686,SN-36412661,2024-05-08,2025-04-25,2025-03-09,12,No,Battery Problem,Manufacturing Defect,Customer reports battery problem affecting phone.,No,No,Yes,Not Applicable,Not Applicable,Not Applicable,Not Applicable,Not Applicable,Not Applicable,Not Applicable,Yes,Yes,Yes,No,Yes,Yes,Not Applicable,Not Applicable,Not Applicable,Not Applicable,Not Applicable,Not Applicable,Not Applicable,No,0,Not Applicable,No,Not Applicable,Yes,Yes,No,No,No,1,503.3,-500.0,0.0,0.864,Service Center,Invalid Claim,MobileWebView,16,Light,1.4069,B0828
REC00618,CLM00844,CUS00655,PRD00499,Refrigerator,Side-by-Side,Noise,Main Unit,ZenCore,ZEN-REF-743,SN-41197946,2022-11-02,2025-05-22,2025-05-09,24,Yes,Noise,Improper Ventilation,Customer reports noise affecting noise.,Not Applicable,Not Applicable,Not Applicable,Household,No,Not Applicable,Not Applicable,Not Applicable,Not Applicable,Not Applicable,yes,Yes,Yes,Yes,Yes,,Not Applicable,Not Applicable,Not Applicable,Not Applicable,Not Applicable,Not Applicable,Not Applicable,No,0,Not Applicable,No,Not Applicable,Yes,Yes,N,No,No,2,2205.41,1578.51,0.0,0.823,Email,Invalid Claim,MobileWebView,44,Light,-1.50778,B0736
REC00290,CLM00369,CUS00130,PRD00128,Laptop,Business Laptop,Device,Main Unit,NovaTech,NOV-LAP-388,,2022-08-27,2024-04-06,2024-03-22,24,No,Power Failure,Electrical Failure,Customer reports power failure affecting device.,Yes,No,Not Applicable,Not Applicable,Not Applicable,Not Applicable,Not Applicable,Not Applicable,Not Applicable,Not Applicable,No,Yes,No,Yes,No,Yes,Not Applicable,Not Applicable,Not Applicable,Not Applicable,Not Applicable,Not Applicable,Not Applicable,No,0,Not Applicable,No,Not Applicable,Yes,Yes,No,No,No,1,726.31,120.13,0.0,0.568,Web,Manual Review,Chrome,39,Dark,1.14879,B0414
REC01312,CLM01149,CUS00047,PRD00664,Refrigerator,French Door,Power,Main Unit,HomePro,HOM-REF-810,SN-18876543,2024-02-20,2025-07-16,2025-06-29,24,No,Power Failure,Internal Component Failure,Customer reports power failure affecting power.,Not Applicable,Not Applicable,Not Applicable,Household,No,Not Applicable,Not Applicable,Not Applicable,Not Applicable,Not Applicable,No,,No,Yes,Yes,Yes,Not Applicable,Not Applicable,Not Applicable,Not Applicable,Not Applicable,Not Applicable,No,Yes,2,Yes,Yes,Yes,Unknown,Yes,No,Yes,No,0,553.52,346.3,233.39,0.917,Web,Manual Review,MobileWebView,1,Dark,-1.15684,B0283
REC-DUP-0008,CLM00583,CUS00091,PRD00456,Television,OLED,Power,Main Unit,HomePro,HOM-TEL-660,SN-31314283,2024-04-15,2026-01-20,2026-01-04,24,No,Power Failure,Manufacturing Defect,Customer reports power failure affecting power.,No,Not Applicable,Not Applicable,Not Applicable,Not Applicable,Yes,Not Applicable,Not Applicable,Not Applicable,Not Applicable,Yes,Yes,Yes,,,Yes,Not Applicable,Not Applicable,Not Applicable,Not Applicable,Not Applicable,Not Applicable,Not Applicable,No,-1,Not Applicable,No,Not Applicable,Yes,Yes,No,No,No,1,1641.05,762.01,0.0,0.542,Service Center,Manual Review,Safari,45,Dark,0.01568,B0091
REC00772,CLM01335,CUS00549,PRD00389,Air Conditioner,Portable,Both,Main Unit,HomePro,HOM-AIR-152,SN-67167626,2022-11-11,2024-02-18,2024-02-12,24,No,Water Leakage,Manufacturing Defect,Customer reports water leakage affecting both.,Not Applicable,Not Applicable,Not Applicable,Not Applicable,Yes,Not Applicable,Not Applicable,No,Both,Not Applicable,Yes,Yes,Yes,Yes,Yes,Yes,Yes,Not Applicable,Not Applicable,Not Applicable,Not Applicable,Not Applicable,Yes,Yes,3,Unknown,No,Not Applicable,Yes,Yes,No,No,No,0,1182.07,668.84,125.79,0.79,Service Center,Manual Review,Edge,52,Light,-0.46856,B0624
REC00330,CLM00246,CUS00445,PRD00666,Television,QLED,Picture,Main Unit,PrimeView,PRI-TEL-860,SN-62763863,2023-10-02,2025-09-12,2025-09-07,24,No,Display Failure,Improper Wall Mounting,Customer reports display failure affecting picture.,No,Not Applicable,Not Applicable,Not Applicable,Not Applicable,Unknown,Not Applicable,Not Applicable,Not Applicable,Not Applicable,Yes,Yes,Yes,,,Yes,Not Applicable,Not Applicable,Not Applicable,Not Applicable,Not Applicable,Not Applicable,Not Applicable,No,0,Not Applicable,Yes,Yes,Yes,Yes,No,No,No,0,1006.0,129.99,0.0,0.92,Mobile App,Invalid Claim,Firefox,7,Dark,0.68649,B0795
REC00598,CLM00122,CUS00561,PRD00960,Smartphone,Standard Smartphone,Charger,Charger,PrimeView,PRI-SMA-251,SN-64721574,2025-10-21,2026-07-08,2026-06-13,6,No,Overheating,Manufacturing Defect,Customer reports overheating affecting charger.,No,No,Not Applicable,Not Applicable,Not Applicable,Not Applicable,Not Applicable,Not Applicable,Not Applicable,Not Applicable,No,Yes,No,No,Yes,Yes,Not Applicable,Not Applicable,Not Applicable,Not Applicable,Not Applicable,Not Applicable,Not Applicable,No,0,Not Applicable,No,Not Applicable,Yes,Yes,No,No,No,0,863.56,470.5,0.0,0.815,Web,Invalid Claim,Firefox,35,Dark,0.94805,B0889
REC00530,CLM00156,CUS00434,PRD00893,Smartphone,Foldable Smartphone,Phone,Main Unit,PrimeView,PRI-SMA-292,SN-52543550,2023-09-02,2024-06-26,2024-05-26,12,No,Battery Problem,Manufacturing Defect,Customer reports battery problem affecting phone.,No,No,Yes,Not Applicable,Not Applicable,Not Applicable,Not Applicable,Not Applicable,Not Applicable,Not Applicable,No,Yes,Yes,Yes,Yes,Yes,Not Applicable,Not Applicable,Not Applicable,Not Applicable,Not Applicable,Not Applicable,Not Applicable,No,0,Not Applicable,No,Not Applicable,Yes,Yes,No,No,No,0,1181.08,1084.01,0.0,0.948,Service Center,Invalid Claim,Edge,23,System,0.66784,B0307
REC01345,CLM00219,CUS00156,PRD00457,Smartphone,Rugged Smartphone,Phone,Main Unit,NovaTech,NOV-SMA-342,SN-11304548,2023-02-22,2024-02-20,2024-02-13,12,No,Display Failure,Manufacturing Defect,Customer reports display failure affecting phone.,No,No,Not Applicable,Not Applicable,Not Applicable,Not Applicable,Not Applicable,Not Applicable,Not Applicable,Not Applicable,Yes,Yes,Yes,Yes,Yes,Yes,Not Applicable,Not Applicable,Not Applicable,Not Applicable,Not Applicable,Not Applicable,Not Applicable,No,0,Not Applicable,No,Not Applicable,Yes,Yes,No,No,No,1,493.74,294.86,0.0,0.524,Web,Manual Review,MobileWebView,22,System,-0.94051,B0256
REC01048,CLM00849,CUS00238,PRD00962,Refrigerator,Single Door,Water Leakage,Main Unit,Aster,AST-REF-861,SN-72470172,not-a-date,2025-08-30,2025-08-22,24,No,Water Leakage,Manufacturing Defect,Customer reports water leakage affecting water leakage.,Not Applicable,Not Applicable,Not Applicable,Business,Unknown,Not Applicable,Not Applicable,Not Applicable,Not Applicable,Not Applicable,Yes,Yes,Yes,,Yes,Yes,Not Applicable,Not Applicable,Not Applicable,Not Applicable,Not Applicable,Not Applicable,,No,0,Not Applicable,No,Not Applicable,Yes,Yes,No,No,No,1,2739.51,707.87,0.0,0.854,Service Center,Valid Claim,Edge,10,Dark,1.2924,B0259
REC00272,CLM00977,CUS00241,PRD00883,Refrigerator,Single Door,Power,Main Unit,ZenCore,ZEN-REF-107,SN-45976381,2022-01-06,2024-11-10,2024-10-30,24,no,Power Failure,Internal Component Failure,Customer reports power failure affecting power.,Not Applicable,Not Applicable,Not Applicable,Household,No,Not Applicable,Not Applicable,Not Applicable,Not Applicable,Not Applicable,Yes,Yes,No,Yes,No,Yes,Not Applicable,Not Applicable,Not Applicable,Not Applicable,Not Applicable,Not Applicable,Not Applicable,No,0,Not Applicable,No,Not Applicable,Yes,Yes,No,No,No,0,2264.43,1304.79,,0.834,Email,Invalid Claim,Firefox,48,Light,-1.64531,B0838
REC00149,CLM00574,CUS00477,PRD00032,Television,OLED,Picture,Main Unit,Aster,AST-TEL-250,SN-80320288,2022-09-03,2024-09-25,2024-09-16,24,No,Display Failure,Accidental Damage,Customer reports display failure affecting picture.,Yes,Not Applicable,Not Applicable,Not Applicable,Not Applicable,No,Not Applicable,Not Applicable,Not Applicable,Not Applicable,Yes,Yes,No,Yes,Yes,Yes,Not Applicable,Not Applicable,Not Applicable,Not Applicable,Not Applicable,Not Applicable,Yes,Yes,1,Yes,No,Not Applicable,Yes,Yes,No,No,No,0,2099.81,664.32,154.82,0.751,Web,Invalid Claim,Safari,24,System,0.53557,B0830
REC00980,CLM00920,CUS00025,PRD00408,Camera,DSLR,Camera Body,Camera Body,PrimeView,PRI-CAM-436,SN-14567111,2025-07-04,2026-07-06,2026-06-27,24,No,Display Failure,Electrical Failure,Customer reports display failure affecting camera body.,No,No,Not Applicable,Not Applicable,Not Applicable,Not Applicable,Not Applicable,Not Applicable,Not Applicable,Not Applicable,,Yes,No,Yes,Yes,Yes,Not Applicable,Not Applicable,Not Applicable,Not Applicable,Not Applicable,Not Applicable,Not Applicable,No,0,Not Applicable,No,Not Applicable,Yes,Yes,No,No,No,1,1984.47,456.58,0.0,0.949,Service Center,Valid Claim,Edge,3,Light,-0.32579,B0026
REC01449,CLM00936,CUS00535,PRD00270,Camera,Compact,Camera Body,Camera Body,NovaTech,NOV-CAM-170,SN-17821293,2025-04-26,2026-08-25,2026-08-04,24,No,Lens Failure,Liquid Damage,Customer reports lens failure affecting camera body.,No,No,Not Applicable,Not Applicable,Not Applicable,Not Applicable,Not Applicable,Not Applicable,Not Applicable,Not Applicable,Yes,Yes,No,,Yes,Yes,Not Applicable,Not Applicable,Not Applicable,Not Applicable,Not Applicable,Not Applicable,Not Applicable,No,0,Not Applicable,No,Not Applicable,Yes,Yes,No,No,No,1,1969.15,1765.26,0.0,0.783,Email,Invalid Claim,MobileWebView,13,Light,-1.08905,B0333
REC00173,CLM00359,CUS00639,PRD00358,Printer,Laser,Other,Print Head,NovaTech,NOV-PRI-501,SN-18765125,2025-02-16,2025-10-06,2025-09-25,12,No,Connectivity Issue,Electrical Failure,Customer reports connectivity issue affecting other.,Not Applicable,Not Applicable,Not Applicable,Not Applicable,No,Not Applicable,No,Not Applicable,Not Applicable,Original,Yes,Yes,Yes,Yes,No,No,Not Applicable,Not Applicable,Not Applicable,Not Applicable,Not Applicable,Yes,Not Applicable,No,0,Not Applicable,No,Not Applicable,Yes,Yes,No,No,No,0,199.16,83.91,0.0,0.902,Service Center,Manual Review,Edge,36,Light,0.18315,B0407
REC01333,CLM01193,CUS00577,PRD00791,Printer,Thermal,Connection,Main Unit,PrimeView,PRI-PRI-574,SN-22355192,2023-06-19,2024-02-05,2024-01-23,12,No,Connectivity Issue,Internal Component Failure,Customer reports connectivity issue affecting connection.,Not Applicable,Not Applicable,Not Applicable,Not Applicable,No,Not Applicable,No,Not Applicable,Not Applicable,Original,Yes,Yes,No,Yes,Yes,No,Not Applicable,Not Applicable,Not Applicable,Not Applicable,Not Applicable,No,Not Applicable,No,0,Not Applicable,No,Not Applicable,Yes,Yes,No,No,No,1,974.72,302.19,0.0,0.758,Web,Manual Review,Chrome,30,Light,-0.97907,B0228
REC00135,CLM00330,CUS00602,PRD00061,Laptop,Business Laptop,Battery,Battery,ZenCore,ZEN-LAP-213,SN-84710911,2024-04-28,2025-02-12,2025-02-03,12,No,Battery Problem,Misuse,Customer reports battery problem affecting battery.,No,No,No,Not Applicable,Not Applicable,Not Applicable,Not Applicable,Not Applicable,Not Applicable,Not Applicable,Yes,Yes,No,Yes,Yes,Yes,Not Applicable,No,Not Applicable,Not Applicable,Not Applicable,Not Applicable,Not Applicable,No,0,Not Applicable,No,Not Applicable,Yes,Yes,No,No,No,0,1445.42,161.12,0.0,0.94,Email,Invalid Claim,Edge,26,System,0.29929,B0789
REC-DUP-0015,CLM00565,CUS00329,PRD00451,Smartphone,Standard Smartphone,Phone,Main Unit,Aster,AST-SMA-749,SN-19777280,2024-05-31,2026-04-05,2026-03-24,12,Yes,Display Failure,Manufacturing Defect,Customer reports display failure affecting phone.,No,No,Not Applicable,Not Applicable,Not Applicable,Not Applicable,Not Applicable,Not Applicable,Not Applicable,Not Applicable,No,Yes,No,Yes,No,Yes,Not Applicable,Not Applicable,Not Applicable,Not Applicable,Not Applicable,Not Applicable,,No,0,Not Applicable,No,Not Applicable,Yes,Yes,No,No,No,1,300.43,256.79,0.0,0.985,Web,Manual Review,Safari,46,System,0.6704,B0995
REC00825,CLM00183,CUS00627,PRD00721,Washing Machine,Front Load,Not Sure,Main Unit,ZenCore,ZEN-WAS-230,SN-29944551,2024-07-06,2025-08-09,2025-07-26,24,No,Power Failure,Electrical Failure,Customer reports power failure affecting not sure.,Not Applicable,Not Applicable,Not Applicable,Household,No,Not Applicable,No,Not Applicable,Not Applicable,Not Applicable,Yes,Yes,Yes,Yes,Yes,Yes,Not Applicable,Not Applicable,Not Applicable,Not Applicable,Not Applicable,Not Applicable,Not Applicable,No,0,Not Applicable,No,Not Applicable,Yes,Yes,No,No,No,1,1161.92,737.72,0.0,0.746,Email,Valid Claim,Firefox,40,Dark,0.79901,B0882
REC00936,CLM01007,CUS00030,PRD00046,Television,QLED,Picture,Main Unit,HomePro,HOM-TEL-978,SN-44024949,2023-02-10,2025-05-23,2025-05-20,24,Yes,Display Failure,Electrical Failure,Customer reports display failure affecting picture.,No,Not Applicable,Not Applicable,Not Applicable,Not Applicable,Unknown,Not Applicable,Not Applicable,Not Applicable,Not Applicable,Yes,Yes,No,,Yes,No,Not Applicable,Not Applicable,Not Applicable,Not Applicable,Not Applicable,Not Applicable,Not Applicable,No,0,Not Applicable,No,Not Applicable,Yes,Yes,No,No,No,0,508.33,455.19,0.0,0.961,Service Center,Manual Review,Firefox,40,Dark,0.23012,B0996
REC01383,CLM00638,CUS00650,PRD00245,Printer,Laser,Printing,Main Unit,HomePro,HOM-PRI-955,SN-94461638,2025-10-15,2026-05-20,2026-04-18,12,No,Mechanical Failure,Electrical Failure,Customer reports mechanical failure affecting printing.,Not Applicable,Not Applicable,Not Applicable,Not Applicable,Yes,Not Applicable,Unknown,Not Applicable,Not Applicable,Original,Yes,Yes,No,No,Yes,Yes,Not Applicable,Not Applicable,Not Applicable,Not Applicable,Not Applicable,Yes,Yes,Yes,1,Yes,No,Not Applicable,Yes,Yes,No,No,No,0,687.97,430.74,190.09,0.779,Web,Invalid Claim,MobileWebView,56,System,-0.79665,B0396
REC01126,CLM01493,CUS00476,PRD00892,Printer,Thermal,Printing,Print Head,NovaTech,NOV-PRI-911,SN-11485143,2024-12-23,2025-07-01,2025-06-27,12,No,Mechanical Failure,Internal Component Failure,Customer reports mechanical failure affecting printing.,Not Applicable,Not Applicable,Not Applicable,Not Applicable,Yes,Not Applicable,No,Not Applicable,Not Applicable,Original,Yes,Yes,Yes,Yes,Yes,No,Not Applicable,Not Applicable,Not Applicable,Not Applicable,Not Applicable,Yes,Not Applicable,No,0,Not Applicable,No,Not Applicable,Yes,Yes,No,No,No,0,1127.74,776.97,0.0,0.913,Web,Manual Review,Chrome,46,Dark,0.32892,B0855
REC01158,CLM00502,CUS00151,PRD00166,Laptop,Gaming Laptop,Device,Main Unit,ZenCore,ZEN-LAP-648,SN-29810994,2023-09-29,2025-03-15,2025-01-28,24,No,Battery Problem,Electrical Failure,Customer reports battery problem affecting device.,No,No,Yes,Not Applicable,Not Applicable,Not Applicable,Not Applicable,Not Applicable,Not Applicable,Not Applicable,Yes,Yes,Yes,Yes,Yes,No,Not Applicable,Not Applicable,Not Applicable,Not Applicable,Not Applicable,Not Applicable,Yes,Yes,3,Yes,No,Not Applicable,Yes,Yes,No,No,No,0,1666.99,265.17,523.81,0.893,Mobile App,Invalid Claim,MobileWebView,34,System,-1.03513,B0281
REC00396,CLM00682,CUS00489,PRD00278,Air Conditioner,Window,Indoor Unit,Main Unit,Aster,AST-AIR-397,SN-18254836,2023-04-02,2025-07-14,2025-07-05,24,Yes,Noise,Improper Installation,Customer reports noise affecting indoor unit.,Not Applicable,Not Applicable,Not Applicable,Not Applicable,Yes,Not Applicable,Not Applicable,No,Indoor Unit,Not Applicable,Yes,Yes,Yes,Yes,Yes,No,Yes,Not Applicable,Not Applicable,Not Applicable,Not Applicable,Not Applicable,,No,0,Not Applicable,No,Not Applicable, Yes ,Yes,No,No,No,3,1740.51,287.57,0.0,0.901,Mobile App,Invalid Claim,Safari,17,Dark,-0.02387,B0478
REC00670,CLM00837,CUS00186,PRD00822,Air Conditioner,Window,Not Sure,Main Unit,HomePro,HOM-AIR-809,SN-49567971,2023-01-23,2024-07-06,2024-06-28,24,No,Noise,Internal Component Failure,Customer reports noise affecting not sure.,Not Applicable,Not Applicable,Not Applicable,Not Applicable,Yes,Not Applicable,Not Applicable,No,Not Sure,Not Applicable,No,Yes,Yes,Yes,Yes,Yes,Yes,Not Applicable,Not Applicable,Not Applicable,Not Applicable,Not Applicable,Not Applicable,No,0,Not Applicable,No,Not Applicable,Yes,Yes,No,No,No,0,1065.4,768.21,0.0,0.897,Mobile App,Valid Claim,Edge,26,Light,-1.34709,B0152
REC00095,CLM01001,CUS00439,PRD00108,Camera,Compact,Lens,Lens,NovaTech,NOV-CAM-500,SN-35475720,2022-09-25,2024-05-27,2022-08-11,24,No,Display Failure,Manufacturing Defect,Customer reports display failure affecting lens.,No,No,Not Applicable,Not Applicable,Not Applicable,Not Applicable,Not Applicable,Not Applicable,Not Applicable,Not Applicable,Yes,Yes,Yes,Yes,Yes,Yes,Not Applicable,Not Applicable,Not Applicable,Not Applicable,Yes,Not Applicable,Yes,Yes,1,Yes,No,Not Applicable,Yes,Yes,No,No,No,0,2788.33,1543.6,83.16,0.763,Service Center,Valid Claim,Chrome,1,Light,0.95028,B0480
REC00358,CLM01307,CUS00070,PRD00496,Washing Machine,Front Load,Noise,Main Unit,ZenCore,ZEN-WAS-210,SN-87688981,2025-05-15,2026-08-28,2026-08-08,24,No,Noise,Electrical Failure,Customer reports noise affecting noise.,Not Applicable,Not Applicable,Not Applicable,Household,No,Not Applicable,No,Not Applicable,Not Applicable,Not Applicable,No,Yes,Yes,No,No,Yes,Not Applicable,Not Applicable,Not Applicable,Not Applicable,Not Applicable,Not Applicable,,No,0,Not Applicable,No,Not Applicable,Yes,Yes,No,No,No,1,1530.01,787.24,0.0,0.817,Service Center,Manual Review,Chrome,23,System,-0.33849,B0576
REC01278,CLM00397,CUS00256,PRD00062,Printer,Inkjet,Power,Main Unit,NovaTech,NOV-PRI-693,SN-46351463,2024-09-17,2026-03-11,2026-02-24,12,No,Power Failure,Manufacturing Defect,Customer reports power failure affecting power.,Not Applicable,Not Applicable,Not Applicable,Not Applicable,No,Not Applicable,No,Not Applicable,Not Applicable,Original,Yes,Yes,No,Yes,Yes,Yes,Not Applicable,Not Applicable,Not Applicable,Not Applicable,Not Applicable,Yes,Not Applicable,No,0,Not Applicable,No,Not Applicable,Yes,Yes,No,No,No,0,1119.93,798.77,0.0,0.9,Web,Invalid Claim,Safari,15,Dark,-0.02182,B0012
REC-DUP-0006,CLM00402,CUS00485,PRD00831,Printer,Laser,Printing,Main Unit,NovaTech,NOV-PRI-411,SN-26917892,2026-03-08,2026-08-10,2026-07-22,12,No,Mechanical Failure,Internal Component Failure,Customer reports mechanical failure affecting printing.,Not Applicable,Not Applicable,Not Applicable,Not Applicable,Yes,Not Applicable,No,Not Applicable,Not Applicable,Compatible,No,No,Yes,Yes,Yes,Yes,Not Applicable,Not Applicable,Not Applicable,Not Applicable,Not Applicable,Yes,Not Applicable,No,0,Not Applicable,No,Not Applicable,Yes,Yes,No,No,No,1,257.9,70.52,0.0,0.885,Web,Valid Claim,Firefox,12,Dark,0.27896,B0251
REC01064,CLM00450,CUS00568,PRD00122,Refrigerator,Side-by-Side,Water Leakage,Main Unit,HomePro,HOM-REF-150,SN-21482167,2023-06-28,2024-09-08,2024-08-22,24,No,Water Leakage,Internal Component Failure,Customer reports water leakage affecting water leakage.,Not Applicable,Not Applicable,Not Applicable,Household,No,Not Applicable,Not Applicable,Not Applicable,Not Applicable,Not Applicable,Yes,Yes,Yes,Yes,Yes,Yes,Not Applicable,Not Applicable,Not Applicable,Not Applicable,Not Applicable,Not Applicable,,No,0,Not Applicable,No,Not Applicable,yes,Yes,No,No,No,0,808.32,90.16,0.0,0.738,Service Center,Valid Claim,Safari,31,Light,0.79544,B0023
REC00310,CLM00703,CUS00010,PRD00803,Air Conditioner,Portable,Indoor Unit,Main Unit,ZenCore,ZEN-AIR-250,SN-89346839,2023-08-02,2026-07-27,2026-07-18,24,Yes,Cooling Failure,Manufacturing Defect,Customer reports cooling failure affecting indoor unit.,Not Applicable,Not Applicable,Not Applicable,Not Applicable,Yes,Not Applicable,Not Applicable,No,Indoor Unit,Not Applicable,Yes,Yes,No,Yes,Yes,Yes,Yes,Not Applicable,Not Applicable,Not Applicable,Not Applicable,Not Applicable,Not Applicable,No,0,Not Applicable,No,Not Applicable,Yes,Yes,No,No,No,1,909.91,466.48,0.0,0.818,Mobile App,Valid Claim,MobileWebView,40,Dark,-1.57754,B0523
REC00854,CLM00988,CUS00309,PRD00865,Printer,Thermal,Paper Feed,Main Unit,PrimeView,PRI-PRI-946,SN-39243652,2023-07-24,2024-04-15,2024-03-28,12,No,Paper Feed Failure,Electrical Failure,Customer reports paper feed failure affecting paper feed.,Not Applicable,Not Applicable,Not Applicable,Not Applicable,No,Not Applicable,Yes,Not Applicable,Not Applicable,Original,Yes,Yes,Yes,Yes,Yes,Yes,Not Applicable,Not Applicable,Not Applicable,Not Applicable,Not Applicable,Yes,Not Applicable,No,0,Not Applicable,No,Not Applicable,Yes,Yes,No,No,No,1,446.4,331.11,0.0,0.891,Web,Valid Claim,Safari,48,Light,0.30927,B0281
REC00325,CLM00817,CUS00035,PRD00193,Washing Machine,Washer Dryer,Power,Main Unit,PrimeView,PRI-WAS-909,SN-56378775,2024-12-19,2026-04-14,2026-04-08,24,No,Power Failure,Electrical Failure,Customer reports power failure affecting power.,Not Applicable,Not Applicable,Not Applicable,Household,No,Not Applicable,No,Not Applicable,Not Applicable,Not Applicable,Yes,Yes,Yes,Yes,No,Yes,Not Applicable,Not Applicable,Not Applicable,Not Applicable,Not Applicable,Not Applicable,Yes,Yes,3,Yes,No,Not Applicable,Yes,Yes,No,No,No,2,2039.67,853.97,297.76,0.922,Web,Manual Review,Edge,4,Light,-1.16309,B0158
REC00740,CLM00888,CUS00028,PRD00561,Air Conditioner,Split,Both,Main Unit,HomePro,HOM-AIR-988,SN-55705968,2024-02-02,2025-06-01,2025-05-02,24,No,Power Failure,Internal Component Failure,Customer reports power failure affecting both.,Not Applicable,Not Applicable,Not Applicable,Not Applicable,No,Not Applicable,Not Applicable,No,Both,Not Applicable,Yes,Yes,No,Yes,Yes,Yes,Yes,Not Applicable,Not Applicable,Not Applicable,Not Applicable,Not Applicable,yes,Yes,2,Yes,No,Not Applicable,Yes,Yes,No,No,No,0,962.59,853.23,498.66,0.938,Email,Valid Claim,Safari,56,Dark,1.08435,B0763
REC-DUP-0021,CLM01100,CUS00154,PRD00052,Television,Mini-LED,Sound,Main Unit,PrimeView,PRI-TEL-233,SN-50628777,2022-10-13,2024-09-08,2024-09-01,24,No,Audio Failure,Manufacturing Defect,Customer reports audio failure affecting sound.,Yes,Not Applicable,Not Applicable,Not Applicable,Not Applicable,Yes,Not Applicable,Not Applicable,Not Applicable,Not Applicable,Yes,Yes,No,Yes,Yes,Yes,Not Applicable,Not Applicable,Not Applicable,Not Applicable,Not Applicable,Not Applicable,Not Applicable,No,0,Not Applicable,No,Not Applicable,Unknown,Yes,No,No,No,0,2952.98,2446.11,0.0,0.955,Mobile App,Manual Review,Edge,41,Dark,-1.34327,B0655
REC01485,CLM00938,CUS00350,PRD00844,Smartphone,Standard Smartphone,Battery,Battery,Aster,AST-SMA-713,SN-17470720,2025-03-03,2026-02-26,2026-02-16,12,no,Power Failure,Electrical Failure,Customer reports power failure affecting battery.,No,No,Yes,Not Applicable,Not Applicable,Not Applicable,Not Applicable,Not Applicable,Not Applicable,Not Applicable,Yes,Yes,Yes,Yes,Yes,Yes,Not Applicable,Yes,Not Applicable,Not Applicable,Not Applicable,Not Applicable,Yes,Yes,3,Yes,No,Not Applicable,Unknown,Yes,No,No,No,0,484.0,300.24,490.67,0.94,Mobile App,Manual Review,Edge,49,System,0.50803,B0033
REC00381,CLM01387,CUS00506,PRD00870,Smartphone,Rugged Smartphone,Phone,Main Unit,Aster,AST-SMA-233,SN-65877511,2025-01-02,2025-05-28,2025-05-17,12,No,Overheating,Electrical Failure,Customer reports overheating affecting phone.,No,No,Not Applicable,Not Applicable,Not Applicable,Not Applicable,Not Applicable,Not Applicable,Not Applicable,Not Applicable,Yes,Yes,Yes,No,Yes,,Not Applicable,Not Applicable,Not Applicable,Not Applicable,Not Applicable,Not Applicable,No,Yes,2,Yes,No,Not Applicable,Yes,Yes,No,Yes,No,0,1624.92,1530.9,497.04,0.747,Service Center,Manual Review,Firefox,11,Light,0.67495,B0100
REC00484,CLM00423,CUS00514,PRD00670,Air Conditioner,Window,Indoor Unit,Main Unit,HomePro,HOM-AIR-196,SN-97518122,2023-08-23,2025-01-22,2024-12-28,24,No,Water Leakage,Accidental Damage,Customer reports water leakage affecting indoor unit.,Not Applicable,Not Applicable,Not Applicable,Not Applicable,Unknown,Not Applicable,Not Applicable,No,Indoor Unit,Not Applicable,Yes,Yes,Yes,yes,Yes,,Yes,Not Applicable,Not Applicable,Not Applicable,Not Applicable,Not Applicable,Not Applicable,No,0,Not Applicable,No,Not Applicable,Yes,Yes,No,No,No,0,1433.47,995.21,0.0,0.762,Web,Invalid Claim,Edge,12,System,1.28059,B0069
REC00504,CLM00742,CUS00603,PRD00064,Smartphone,Rugged Smartphone,Phone,Main Unit,Aster,AST-SMA-476,SN-57246311,2024-05-28,2024-11-20,2024-11-05,12,No,Overheating,Internal Component Failure,Customer reports overheating affecting phone.,No,No,Not Applicable,Not Applicable,Not Applicable,Not Applicable,Not Applicable,Not Applicable,Not Applicable,Not Applicable,Yes,,No,No,Yes,Yes,Not Applicable,Not Applicable,Not Applicable,Not Applicable,Not Applicable,Not Applicable,Not Applicable,No,0,Not Applicable,No,Not Applicable,Yes,Yes,Yes,No,No,0,818.33,546.76,0.0,0.772,Mobile App,Invalid Claim,Edge,11,Dark,-0.65524,B0780
REC00970,CLM01341,CUS00438,PRD00774,Television,LED,Connection,Display Panel,HomePro,HOM-TEL-973,SN-87346643,2025-01-04,2026-07-26,2026-06-30,24,No,Connectivity Issue,Internal Component Failure,Customer reports connectivity issue affecting connection.,Yes,Not Applicable,Not Applicable,Not Applicable,Not Applicable,Unknown,Not Applicable,Not Applicable,Not Applicable,Not Applicable,Yes,Yes,No,Yes,Yes,Yes,Not Applicable,Not Applicable,Yes,Not Applicable,Not Applicable,Not Applicable,No,Yes,2,Yes,No,Not Applicable,Yes,No,No,No,No,0,986.08,350.97,477.86,,Email,Manual Review,MobileWebView,49,Light,-0.86013,B0545
REC00892,CLM01412,CUS00501,PRD00004,Air Conditioner,Window,Both,Main Unit,ZenCore,ZEN-AIR-518,SN-52218120,2023-12-23,2025-10-02,2025-09-02,24,No,Power Failure,Manufacturing Defect,Customer reports power failure affecting both.,Not Applicable,Not Applicable,Not Applicable,Not Applicable,No,Not Applicable,Not Applicable,No,Both,Not Applicable,Yes,Y,Yes,Yes,,Yes,Yes,Not Applicable,Not Applicable,Not Applicable,Not Applicable,Not Applicable,Not Applicable,No,0,Not Applicable,No,Not Applicable,Yes,Yes,No,No,No,0,2541.35,1156.43,0.0,0.863,Service Center,Valid Claim,Safari,46,Light,0.40631,B0570
REC01479,CLM00046,CUS00570,PRD00194,Refrigerator,Double Door,Water Leakage,Compressor,HomePro,HOM-REF-334,SN-77486960,2016-07-21,2026-04-12,2026-03-31,120,No,Water Leakage,Electrical Failure,Customer reports water leakage affecting water leakage.,Not Applicable,Not Applicable,Not Applicable,Household,No,Not Applicable,Not Applicable,Not Applicable,Not Applicable,Not Applicable,Yes,Yes,No,Yes,,Yes,Not Applicable,Not Applicable,Not Applicable,No,Not Applicable,Not Applicable,Not Applicable,No,0,Not Applicable,No,Not Applicable,Yes,Yes,No,No,Yes,0,1130.04,495.12,0.0,0.909,Web,Manual Review,Edge,3,System,-0.85303,B0827
REC00862,CLM00186,CUS00237,PRD00100,Refrigerator,Single Door,Noise,Main Unit,ZenCore,ZEN-REF-424,SN-82559192,2024-02-28,2025-10-26,2025-09-06,24,No,Noise,Misuse,Customer reports noise affecting noise.,Not Applicable,Not Applicable,Not Applicable,Other,Yes,Not Applicable,Not Applicable,Not Applicable,Not Applicable,Not Applicable,,No,Yes,Yes,Yes,Yes,Not Applicable,Not Applicable,Not Applicable,Not Applicable,Not Applicable,Not Applicable,No,Yes,2,Yes,No,Not Applicable,Yes,Yes,No,No,No,0,2620.84,1284.24,369.28,0.882,Mobile App,Invalid Claim,Edge,38,Dark,-0.76653,B0252
REC01153,CLM00026,CUS00126,PRD00474,Printer,Laser,Paper Feed,Main Unit,NovaTech,NOV-PRI-283,SN-92231612,2025-06-13,2025-11-19,2025-10-27,12,No,Paper Feed Failure,Electrical Failure,Customer reports paper feed failure affecting paper feed.,Not Applicable,Not Applicable,Not Applicable,Not Applicable,Yes,Not Applicable,No,Not Applicable,Not Applicable,Compatible,Yes,Yes,No,Yes,Yes,Yes,Not Applicable,Not Applicable,Not Applicable,Not Applicable,Not Applicable,No,Not Applicable,No,0,Not Applicable,Yes,Yes,Yes,Yes,No,No,No,1,1102.41,355.02,0.0,0.749,Mobile App,Manual Review,MobileWebView,44,Light,0.5347,B0550
REC00819,CLM01005,CUS00286,PRD00334,Refrigerator,Single Door,Power,Compressor,Aster,AST-REF-418,SN-69952206,2017-03-18,2026-07-29,2026-07-07,120,No,Power Failure,Internal Component Failure,Customer reports power failure affecting power.,Not Applicable,Not Applicable,Not Applicable,Household,No,Not Applicable,Not Applicable,Not Applicable,Not Applicable,Not Applicable,No,Yes,Yes,Yes,Yes,Yes,Not Applicable,Not Applicable,Not Applicable,Yes,Not Applicable,Not Applicable,Not Applicable,No,0,Not Applicable,No,Not Applicable,Yes,Yes,No,No,No,0,1681.65,920.95,0.0,0.806,Web,Valid Claim,Chrome,13,Dark,2.52669,B0159
REC00619,CLM00376,CUS00029,PRD00064,Air Conditioner,Split,Both,Main Unit,Aster,AST-AIR-959,SN-85148250,2023-05-01,2025-10-20,2025-10-05,24,No,Noise,Manufacturing Defect,Customer reports noise affecting both.,Not Applicable,Not Applicable,Not Applicable,Not Applicable,Yes,Not Applicable,Not Applicable,No,Both,Not Applicable,No,Yes,Yes,,Yes,Yes,No,Not Applicable,Not Applicable,Not Applicable,Not Applicable,Not Applicable,Not Applicable,No,0,Not Applicable,No,Not Applicable,Yes,Yes,No,No,No,0,895.79,615.83,0.0,0.539,Mobile App,Invalid Claim,MobileWebView,38,Dark,2.01173,B0712
REC00853,CLM01190,CUS00662,PRD00390,Television,Mini-LED,Power,Main Unit,PrimeView,PRI-TEL-268,SN-31816380,2022-07-08,2024-04-26,2024-04-17,24,No,Power Failure,Manufacturing Defect,Customer reports power failure affecting power.,No,Not Applicable,Not Applicable,Not Applicable,Not Applicable,No,Not Applicable,Not Applicable,Not Applicable,Not Applicable,Yes,No,No,Yes,Yes,Yes,Not Applicable,Not Applicable,Not Applicable,Not Applicable,Not Applicable,Not Applicable,Not Applicable,No,0,Not Applicable,No,Not Applicable,Yes,Yes,No,No,No,0,1863.59,594.88,0.0,0.571,Web,Manual Review,Edge,25,Dark,1.06549,B0017
REC00127,CLM00933,CUS00351,PRD00674,Washing Machine,Washer Dryer,Water Leakage,Main Unit,ZenCore,ZEN-WAS-624,SN-15016295,2022-04-27,2024-03-09,2024-02-29,24,No,Water Leakage,Water Damage,Customer reports water leakage affecting water leakage.,Not Applicable,Not Applicable,Not Applicable,Household,No,Not Applicable,No,Not Applicable,Not Applicable,Not Applicable,Yes,Yes,Yes,Yes,,Yes,Not Applicable,Not Applicable,Not Applicable,Not Applicable,Not Applicable,Not Applicable,Not Applicable,No,0,Not Applicable,No,Not Applicable,Yes,Yes,Yes,No,No,2,2107.32,1142.66,,0.876,Service Center,Invalid Claim,Safari,56,Light,-0.99469,B0150
REC01008,CLM00501,CUS00410,PRD00034,Smartphone,Standard Smartphone,Battery,Battery,NovaTech,NOV-SMA-769,SN-93578277,2025-03-04,2025-08-29,2025-08-11,12,No,Connectivity Issue,Electrical Failure,Customer reports connectivity issue affecting battery.,No,No,Yes,Not Applicable,Not Applicable,Not Applicable,Not Applicable,Not Applicable,Not Applicable,Not Applicable,Yes,Yes,Yes,Yes,Yes,Yes,Not Applicable,Yes,Not Applicable,Not Applicable,Not Applicable,Not Applicable,Yes,Yes,3,Yes,No,Not Applicable,Yes,Yes,No,No,No,1,1100.46,881.64,564.85,0.827,Web,Valid Claim,Safari,9,System,-0.44346,B0275
REC01431,CLM00283,CUS00612,PRD00755,Laptop,Consumer Laptop,Battery,Battery,Aster,AST-LAP-935,SN-64085838,2025-06-21,2026-01-13,2026-01-09,12,No,Battery Problem,Misuse,Customer reports battery problem affecting battery.,No,No,Yes,Not Applicable,Not Applicable,Not Applicable,Not Applicable,Not Applicable,Not Applicable,Not Applicable,Yes,Yes,Yes,Yes,Yes,Yes,Not Applicable,Yes,Not Applicable,Not Applicable,Not Applicable,Not Applicable,Not Applicable,No,0,Not Applicable,No,Not Applicable,Yes,Yes,No,No,Yes,0,636.96,317.09,0.0,0.764,Email,Invalid Claim,Safari,55,System,1.29929,B0198
REC00198,CLM00937,CUS00351,PRD00048,Printer,Inkjet,Printing,Main Unit,PrimeView,PRI-PRI-556,SN-55485196,2023-07-21,2025-01-05,2024-12-21,12,Yes,Mechanical Failure,Unsupported Consumable,Customer reports mechanical failure affecting printing.,Not Applicable,Not Applicable,Not Applicable,Not Applicable,No,Not Applicable,No,Not Applicable,Not Applicable,Compatible,Yes,Yes,No,Yes,Yes,Yes,Not Applicable,Not Applicable,Not Applicable,Not Applicable,Not Applicable,Yes,,No,0,Not Applicable,No,Not Applicable,Yes,Yes,No,No,No,0,795.02,84.6,0.0,0.981,Web,Invalid Claim,Firefox,24,System,-0.57646,B0278
REC00726,CLM00218,CUS00257,PRD00055,Television,OLED,Picture,Main Unit,Aster,AST-TEL-320,SN-85868688,2023-04-03,2025-11-24,2025-11-11,24,No,Display Failure,Electrical Failure,Customer reports display failure affecting picture.,No,Not Applicable,Not Applicable,Not Applicable,Not Applicable,Yes,Not Applicable,Not Applicable,Not Applicable,Not Applicable,Yes,Yes,No,Yes,No,Yes,Not Applicable,Not Applicable,Not Applicable,Not Applicable,Not Applicable,Not Applicable,Not Applicable,No,0,Not Applicable,Yes,Yes,Yes,Yes,Yes,No,No,2,1055.54,96.69,0.0,0.715,Web,Invalid Claim,Safari,30,Light,-0.21732,B0352
REC00902,CLM01361,CUS00400,PRD00092,Television,OLED,Power,Main Unit,PrimeView,PRI-TEL-155,SN-55440211,2024-05-03,2025-08-26,2025-08-22,24,No,Power Failure,Internal Component Failure,Customer reports power failure affecting power.,No,Not Applicable,Not Applicable,Not Applicable,Not Applicable,No,Not Applicable,Not Applicable,Not Applicable,Not Applicable,No,Yes,Yes,Yes,Yes,,Not Applicable,Not Applicable,Not Applicable,Not Applicable,Not Applicable,Not Applicable,Not Applicable,No,0,Not Applicable,No,Not Applicable,Yes,Yes,No,no,No,0,1815.82,1431.46,0.0,0.82,Service Center,Valid Claim,Firefox,0,Dark,-0.51816,B0890
REC00721,CLM00872,CUS00536,PRD00051,Printer,Inkjet,Printing,Main Unit,PrimeView,PRI-PRI-786,SN-55170515,2023-01-17,2024-06-07,2024-05-05,12,No,Mechanical Failure,Internal Component Failure,Customer reports mechanical failure affecting printing.,Not Applicable,Not Applicable,Not Applicable,Not Applicable,No,Not Applicable,No,Not Applicable,Not Applicable,Compatible,Yes,Yes,Yes,Yes,Yes,Yes,Not Applicable,Not Applicable,Not Applicable,Not Applicable,Not Applicable,Yes,Not Applicable,No,0,Not Applicable,No,Not Applicable,Yes,Yes,No,No,No,0,1165.75,,0.0,0.883,Web,Invalid Claim,Safari,48,System,0.13034,B0714
REC01148,CLM00335,CUS00622,PRD00524,Air Conditioner,Split,Both,Main Unit,Aster,AST-AIR-452,SN-20542759,2022-09-24,2024-05-24,2024-05-11,24,No,Noise,Electrical Failure,Customer reports noise affecting both.,Not Applicable,Not Applicable,Not Applicable,Not Applicable,Unknown,Not Applicable,Not Applicable,Yes,Both,Not Applicable,Yes,Yes,No,Yes,Yes,Yes,Yes,Not Applicable,Not Applicable,Not Applicable,Not Applicable,Not Applicable,Not Applicable,No,0,Not Applicable,No,Not Applicable,Yes,Yes,No,No,No,1,1891.49,369.26,0.0,0.883,Service Center,Valid Claim,Chrome,37,Dark,-0.84583,B0090
REC01484,CLM00272,CUS00479,PRD00767,Smartphone,Rugged Smartphone,Not Sure,Main Unit,PrimeView,PRI-SMA-599,SN-49280655,2026-01-27,2026-09-12,2026-08-02,12,No,Display Failure,Manufacturing Defect,Customer reports display failure affecting not sure.,Unknown,No,Not Applicable,Not Applicable,Not Applicable,Not Applicable,Not Applicable,Not Applicable,Not Applicable,Not Applicable,Yes,Yes,No,Yes,Yes,No,Not Applicable,Not Applicable,Not Applicable,Not Applicable,Not Applicable,Not Applicable,Not Applicable,No,0,Not Applicable,No,Not Applicable,Yes,Yes,No,No,No,1,1229.21,568.57,0.0,0.582,Web,Invalid Claim,Firefox,42,Dark,-1.16694,B0976
REC01078,CLM00552,CUS00275,PRD00404,Refrigerator,French Door,Noise,Main Unit,HomePro,HOM-REF-423,SN-73794966,2023-04-30,2025-06-22,2025-06-10,24,No,Noise,Manufacturing Defect,Customer reports noise affecting noise.,Not Applicable,Not Applicable,Not Applicable,Household,No,Not Applicable,Not Applicable,Not Applicable,Not Applicable,Not Applicable,Yes,Yes,No,Yes,Yes,Yes,Not Applicable,Not Applicable,Not Applicable,Not Applicable,Not Applicable,Not Applicable,Not Applicable,No,0,Not Applicable,No,Not Applicable,Yes,Yes,No,No,No,0,1692.46,701.96,,0.756,Web,Invalid Claim,Edge,15,System,0.22325,B0608
REC00951,CLM01143,CUS00218,PRD00079,Laptop,Gaming Laptop,Device,Main Unit,Aster,AST-LAP-847,SN-64987752,2021-12-23,2024-02-29,2024-02-18,24,Yes,Battery Problem,Manufacturing Defect,Customer reports battery problem affecting device.,No,No,Yes,Not Applicable,Not Applicable,Not Applicable,Not Applicable,Not Applicable,Not Applicable,Not Applicable,Yes,Yes,No,,Yes,Y,Not Applicable,Not Applicable,Not Applicable,Not Applicable,Not Applicable,Not Applicable,Not Applicable,No,0,Not Applicable,No,Not Applicable,Unknown,Yes,No,No,No,2,1452.15,1313.53,0.0,0.926,Web,Manual Review,MobileWebView,15,Light,0.59753,B0339
REC00169,CLM01050,CUS00616,PRD00861,Printer,Laser,Power,Main Unit,PrimeView,PRI-PRI-499,SN-19461961,2024-03-11,2025-06-08,2025-05-28,12,Yes,Power Failure,Electrical Failure,Customer reports power failure affecting power.,Not Applicable,Not Applicable,Not Applicable,Not Applicable,No,Not Applicable,No,Not Applicable,Not Applicable,Compatible,Yes,Yes,No,,Yes,Yes,Not Applicable,Not Applicable,Not Applicable,Not Applicable,Not Applicable,Yes,not applicable,No,0,Not Applicable,No,Not Applicable,Yes,Yes,No,No,No,1,1070.45,118.72,0.0,0.721,Email,Valid Claim,Chrome,33,Light,0.37971,B0525
REC01446,CLM01188,CUS00119,PRD00414,Television,OLED,Power,Main Unit,PrimeView,PRI-TEL-117,SN-79827921,2023-09-03,2024-09-11,2024-09-07,24,No,Power Failure,Electrical Failure,Customer reports power failure affecting power.,Unknown,Not Applicable,Not Applicable,Not Applicable,Not Applicable,No,Not Applicable,Not Applicable,Not Applicable,Not Applicable,Yes,Yes,No,Yes,Yes,Yes,Not Applicable,Not Applicable,Not Applicable,Not Applicable,Not Applicable,Not Applicable,,Yes,1,Yes,No,Not Applicable,Yes,Yes,No,No,No,0,1272.6,405.22,99999.0,0.884,Web,Manual Review,Chrome,41,System,0.05102,B0172
REC00475,CLM01032,CUS00252,PRD00615,air conditioner,Split,Indoor Unit,Main Unit,Aster,AST-AIR-652,SN-30993494,2022-12-09,2024-11-30,2024-11-27,24,No,Power Failure,Manufacturing Defect,Customer reports power failure affecting indoor unit.,Not Applicable,Not Applicable,Not Applicable,Not Applicable,No,Not Applicable,Not Applicable,Yes,Indoor Unit,Not Applicable,Yes,Yes,Yes,Yes,No,Yes,Yes,Not Applicable,Not Applicable,Not Applicable,Not Applicable,Not Applicable,Yes,YES,2,Yes,Yes,No,Yes,Yes,No,No,No,3,1842.69,1032.89,437.56,0.932,Email,Manual Review,MobileWebView,10,Dark,0.20586,B0036
REC01178,CLM01012,CUS00548,PRD00216,Camera,Action Camera,Battery,Battery,PrimeView,PRI-CAM-669,SN-94975981,2023-11-22,2024-03-07,2024-03-02,6,No,Battery Problem,Internal Component Failure,Customer reports battery problem affecting battery.,No,No,Yes,Not Applicable,Not Applicable,Not Applicable,Not Applicable,Not Applicable,Not Applicable,Not Applicable,Yes,Yes,Yes,Yes,Yes,Yes,Not Applicable,Not Applicable,Not Applicable,Not Applicable,Not Applicable,Not Applicable,,No,0,Not Applicable,No,Not Applicable,Unknown,Yes,No,No,No,1,2408.99,1449.83,0.0,0.825,Mobile App,Manual Review,Safari,55,Light,-0.20517,B0832
REC00186,CLM00860,CUS00593,PRD00796,Refrigerator,Single Door,Water Leakage,Main Unit,Aster,AST-REF-841,SN-78790407,2024-01-04,2025-12-22,2025-12-12,24,No,Water Leakage,Electrical Failure,Customer reports water leakage affecting water leakage.,Not Applicable,Not Applicable,Not Applicable,Household,No,Not Applicable,Not Applicable,Not Applicable,Not Applicable,Not Applicable,Yes,Yes,No,Yes,Yes,Yes,Not Applicable,Not Applicable,Not Applicable,Not Applicable,Not Applicable,Not Applicable,Not Applicable,No,0,Not Applicable,No,Not Applicable,Yes,Yes,No,No,No,3,1034.9,449.33,0.0,0.728,Service Center,Valid Claim,Edge,38,System,1.80353,B0214
REC00577,CLM00596,CUS00327,PRD00820,Washing Machine,Top Load,Power,Motor,ZenCore,ZEN-WAS-106,SN-19334993,2015-04-12,2025-02-21,2025-02-10,120,No,Power Failure,Internal Component Failure,Customer reports power failure affecting power.,Not Applicable,Not Applicable,Not Applicable,Household,Yes,Not Applicable,No,Not Applicable,Not Applicable,Not Applicable,Yes,Yes,No,Yes,Yes,Yes,Not Applicable,Not Applicable,Not Applicable,Yes,Not Applicable,Not Applicable,Yes,Yes,1,Yes,No,Not Applicable,Yes,Yes,No,No,No,0,1833.13,1143.88,193.34,0.928,Mobile App,Valid Claim,Firefox,49,Dark,0.56231,B0310
REC01239,CLM01197,CUS00229,PRD00799,Refrigerator,Double Door,Noise,Main Unit,Aster,AST-REF-139,SN-90843437,2022-05-22,2024-04-02,2024-03-20,24,No,Noise,Manufacturing Defect,Customer reports noise affecting noise.,Not Applicable,Not Applicable,Not Applicable,Business,No,Not Applicable,Not Applicable,Not Applicable,Not Applicable,Not Applicable,Yes,Yes,No,Yes,Yes,Yes,Not Applicable,Not Applicable,Not Applicable,Not Applicable,Not Applicable,Not Applicable,Not Applicable,No,0,Not Applicable,No,Not Applicable,Yes,Yes,No,No,No,2,1326.06,876.69,0.0,0.768,Web,Valid Claim,Safari,20,Light,-1.88968,B0144
REC01065,CLM01157,CUS00156,PRD00537,Air Conditioner,Window,Both,Compressor,Aster,AST-AIR-509,SN-15875619,2019-06-25,2024-06-06,2024-05-18,60,No,Water Leakage,Electrical Failure,Customer reports water leakage affecting both.,Not Applicable,Not Applicable,Not Applicable,Not Applicable,Yes,Not Applicable,Not Applicable,No,Both,Not Applicable,Yes,Yes,No,Yes,Yes,Yes,Yes,Not Applicable,Not Applicable,Yes,Not Applicable,Not Applicable,Not Applicable,NO,0,Not Applicable,No,Not Applicable,Yes,Yes,No,No,No,0,2474.0,883.36,0.0,0.863,Service Center,Valid Claim,Firefox,57,Light,0.78161,B0574
REC00211,CLM00591,CUS00276,PRD00757,Laptop,Consumer Laptop,Device,Main Unit,Aster,AST-LAP-297,SN-23937925,2024-12-04,2025-12-18,2025-11-28,24,No,Connectivity Issue,Manufacturing Defect,Customer reports connectivity issue affecting device.,No,No,Not Applicable,Not Applicable,Not Applicable,Not Applicable,Not Applicable,Not Applicable,Not Applicable,Not Applicable,Yes,No,No,Yes,Yes,Yes,Not Applicable,Not Applicable,Not Applicable,Not Applicable,Not Applicable,Not Applicable,Not Applicable,No,0,Not Applicable,No,Not Applicable,Yes,Yes,No,No,No,0,1984.11,913.17,0.0,,Mobile App,Valid Claim,Chrome,59,System,2.31158,B0826
REC00010,CLM00652,CUS00615,PRD00337,Television,OLED,Picture,Main Unit,HomePro,HOM-TEL-209,SN-14056486,2022-12-08,2024-07-17,2024-06-19,24,No,Display Failure,Internal Component Failure,Customer reports display failure affecting picture.,No,Not Applicable,Not Applicable,Not Applicable,Not Applicable,Yes,Not Applicable,Not Applicable,Not Applicable,Not Applicable,No,Yes,Yes,Yes,Yes,Yes,Not Applicable,Not Applicable,Not Applicable,Not Applicable,Not Applicable,Not Applicable,Yes,Yes,1,Unknown,No,Not Applicable,No,Yes,No,No,No,0,755.62,527.42,324.38,,Web,Invalid Claim,Firefox,48,System,-0.55151,B0995
REC00237,CLM01494,CUS00359,PRD00818,Refrigerator,Side-by-Side,Other,Compressor,ZenCore,ZEN-REF-523,SN-34798756,2015-01-23,2024-12-24,2014-12-05,120,No,Mechanical Failure,Internal Component Failure,Customer reports mechanical failure affecting other.,Not Applicable,Not Applicable,Not Applicable,Household,No,Not Applicable,Not Applicable,Not Applicable,Not Applicable,Not Applicable,No,Yes,No,Yes,Yes,Yes,Not Applicable,Not Applicable,Not Applicable,Yes,Not Applicable,Not Applicable,Yes,Yes,1,Yes,No,Not Applicable,Yes,Yes,No,No,No,1,904.17,658.08,421.44,,Web,Manual Review,Chrome,19,System,0.80649,B0002
REC01318,CLM00880,CUS00607,PRD00900,Camera,Mirrorless,Camera Body,Camera Body,NovaTech,NOV-CAM-205,SN-60824455,2021-09-05,2024-04-08,2024-03-19,24,No,Display Failure,Manufacturing Defect,Customer reports display failure affecting camera body.,No,No,Not Applicable,Not Applicable,Not Applicable,Not Applicable,Not Applicable,Not Applicable,Not Applicable,Not Applicable,Yes,No,No,Yes,Yes,Yes,Not Applicable,Not Applicable,Not Applicable,Not Applicable,Not Applicable,Not Applicable,Not Applicable,No,0,Not Applicable,No,Not Applicable,Yes,Yes,No,No,No,0,1247.17,929.37,0.0,0.863,Mobile App,Invalid Claim,Edge,38,System,0.048,B0075
REC00220,CLM00869,CUS00067,PRD00508,Refrigerator,Single Door,Other,Main Unit,ZenCore,ZEN-REF-311,SN-28154776,2024-09-02,2026-08-12,2026-07-10,24,No,Mechanical Failure,Internal Component Failure,Customer reports mechanical failure affecting other.,Not Applicable,Not Applicable,Not Applicable,Household,No,Not Applicable,Not Applicable,Not Applicable,Not Applicable,Not Applicable,Yes,Yes,Yes,Yes,Yes,No,Not Applicable,Not Applicable,Not Applicable,Not Applicable,Not Applicable,Not Applicable,Not Applicable,No,0,Not Applicable,No,Not Applicable,Yes,Yes,No,No,No,2,1302.66,143.41,0.0,0.738,Service Center,Invalid Claim,Firefox,1,Light,0.34429,B0048
REC01389,CLM01465,CUS00593,PRD00813,Refrigerator,Single Door,Cooling,Main Unit,HomePro,HOM-REF-323,SN-17520607,2023-05-06,2024-11-16,2024-11-04,24,No,Cooling Failure,Electrical Failure,Customer reports cooling failure affecting cooling.,Not Applicable,Not Applicable,Not Applicable,Business,No,Not Applicable,Not Applicable,Not Applicable,Not Applicable,Not Applicable,Yes,Yes,Yes,Yes,No,Yes,Not Applicable,Not Applicable,Not Applicable,Not Applicable,Not Applicable,Not Applicable,No,Yes,2,Yes,No,Not Applicable,Yes,Yes,No,No,No,0,892.7,72.17,644.65,0.826,Service Center,Manual Review,Firefox,17,Light,1.03215,B0371
REC01352,CLM01246,CUS00505,PRD00734,Laptop,Gaming Laptop,Device,Main Unit,NovaTech,NOV-LAP-292,SN-51336307,2021-08-07,2024-01-02,2023-12-29,24,Yes,Connectivity Issue,Internal Component Failure,Customer reports connectivity issue affecting device.,Unknown,No,Not Applicable,Not Applicable,Not Applicable,Not Applicable,Not Applicable,Not Applicable,Not Applicable,Not Applicable,Yes,Yes,Yes,Yes,Yes,Yes,Not Applicable,Not Applicable,Not Applicable,Not Applicable,Not Applicable,Not Applicable,Yes,Yes,1,Unknown,No,Not Applicable,Yes,Yes,No,No,No,0,700.28,639.78,305.44,0.858,MOBILE APP,Manual Review,Edge,33,Light,-1.06616,B0833
REC00335,CLM00675,CUS00081,PRD00744,Washing Machine,Washer Dryer,Power,Main Unit,ZenCore,ZEN-WAS-755,SN-39221712,2023-02-26,2024-09-12,2024-09-08,24,No,Power Failure,Electrical Failure,Customer reports power failure affecting power.,Not Applicable,Not Applicable,Not Applicable,Household,Unknown,Not Applicable,No,Not Applicable,Not Applicable,Not Applicable,,Yes,No,Yes,,Yes,Not Applicable,Not Applicable,Not Applicable,Not Applicable,Not Applicable,Not Applicable,Not Applicable,No,0,Not Applicable,No,Not Applicable,Yes,Yes,No,No,No,0,1325.32,148.6,0.0,0.908,Mobile App,Valid Claim,Firefox,16,Light,0.5205,B0655
REC01493,CLM00643,CUS00328,PRD00765,Laptop,Gaming Laptop,Battery,Battery,ZenCore,ZEN-LAP-122,SN-98996712,2025-05-04,2025-12-11,2025-11-24,12,No,Battery Problem,Internal Component Failure,Customer reports battery problem affecting battery.,No,No,Yes,Not Applicable,Not Applicable,Not Applicable,Not Applicable,Not Applicable,Not Applicable,Not Applicable,Yes,No,No,Yes,,Yes,Not Applicable,Yes,Not Applicable,Not Applicable,Not Applicable,Not Applicable,Not Applicable,No,0,Not Applicable,No,Not Applicable,Yes,Yes,No,No,No,0,2516.47,2037.8,0.0,0.578,Mobile App,Manual Review,MobileWebView,40,System,0.93492,B0371
REC00171,CLM00867,CUS00617,PRD00703,Television,OLED,Connection,Main Unit,HomePro,HOM-TEL-540,SN-56989235,2022-04-29,2024-01-28,2024-01-23,24,No,Connectivity Issue,Panel Impact Damage,Customer reports connectivity issue affecting connection.,Yes,Not Applicable,Not Applicable,Not Applicable,Not Applicable,No,Not Applicable,Not Applicable,Not Applicable,Not Applicable,YES,Yes,Yes,Yes,Yes,No,Not Applicable,Not Applicable,Not Applicable,Not Applicable,Not Applicable,Not Applicable,Not Applicable,No,0,Not Applicable,No,Not Applicable,Yes,Yes,No,No,No,1,2319.6,1541.3,,0.73,Mobile App,Invalid Claim,MobileWebView,30,Dark,-2.35038,B0044
REC01291,CLM00131,CUS00392,PRD00776,Printer,Laser,Paper Feed,Main Unit, PrimeView ,PRI-PRI-563,SN-44143643,2023-10-13,2024-03-30,2024-03-28,12,No,Paper Feed Failure,Electrical Failure,Customer reports paper feed failure affecting paper feed.,Not Applicable,Not Applicable,Not Applicable,Not Applicable,No,Not Applicable,No,Not Applicable,Not Applicable,Original,YES,Yes,Yes,Yes,Yes,Yes,Not Applicable,Not Applicable,Not Applicable,Not Applicable,Not Applicable,Yes,,No,0,Not Applicable,Yes,Yes,Yes,Yes,No,No,No,1,494.0,137.67,0.0,0.78,Web,Valid Claim,Safari,42,Light,0.84917,B0381
REC00444,CLM00368,CUS00335,PRD00661,Television,OLED,Power,Main Unit,,HOM-TEL-845,SN-86124792,2023-09-23,2025-06-01,2025-05-08,24,No,Power Failure,Manufacturing Defect,Customer reports power failure affecting power.,Yes,Not Applicable,Not Applicable,Not Applicable,Not Applicable,Yes,Not Applicable,Not Applicable,Not Applicable,Not Applicable,Yes,Yes,Yes,yes,Yes,,Not Applicable,Not Applicable,Not Applicable,Not Applicable,Not Applicable,Not Applicable,Not Applicable,No,0,Not Applicable,No,Not Applicable, Yes ,Yes,No,No,No,0,2614.85,229.76,-100.0,0.505,Mobile App,Manual Review,Chrome,54,System,0.32277,B0679
REC00332,CLM00062,CUS00547,PRD00492,Washing Machine,Front Load,Water Leakage,Main Unit,ZenCore,ZEN-WAS-728,SN-25227265,2024-06-25,2025-11-13,2025-11-03,24,No,Water Leakage,Electrical Failure,Customer reports water leakage affecting water leakage.,Not Applicable,Not Applicable,Not Applicable,Other,No,Not Applicable,Yes,Not Applicable,Not Applicable,Not Applicable,Yes,Yes,Yes,Yes,Yes,Yes,Not Applicable,Not Applicable,Not Applicable,Not Applicable,Not Applicable,Not Applicable,Not Applicable,No,0,Not Applicable,No,Not Applicable,Yes,Yes,No,No,No,0,2128.61,751.36,0.0,0.95,Email,Valid Claim,Edge,13,Dark,-1.59603,B0496
REC00136,CLM00470,CUS00582,PRD00984,Washing Machine,Washer Dryer,Not Sure,Main Unit,PrimeView,PRI-WAS-897,SN-60884428,2024-01-16,2026-02-12,2026-02-06,24,Yes,Mechanical Failure,Misuse,Customer reports mechanical failure affecting not sure.,Not Applicable,Not Applicable,Not Applicable,Household,No,Not Applicable,No,Not Applicable,Not Applicable,Not Applicable,Yes,Yes,No, Yes ,Yes,Yes,Not Applicable,Not Applicable,Not Applicable,Not Applicable,Not Applicable,Not Applicable,,No,0,Not Applicable,No,Not Applicable,Yes,Yes,No,No,No,1,1614.12,533.28,0.0,-0.25,Web,Invalid Claim,Firefox,4,Dark,0.6516,B0503
REC00302,CLM00713,CUS00142,PRD00195,Laptop,2-in-1,Device,Main Unit,ZenCore,ZEN-LAP-575,SN-43423859,2022-08-01,2024-01-25,2024-01-16,24,No,Battery Problem,Manufacturing Defect,Customer reports battery problem affecting device.,No,No,Yes,Not Applicable,Not Applicable,Not Applicable,Not Applicable,Not Applicable,Not Applicable,Not Applicable,Yes,Yes,No,Yes,Yes,No,Not Applicable,Not Applicable,Not Applicable,Not Applicable,Not Applicable,Not Applicable,Yes,Yes,3,Yes,No,Not Applicable,Yes,Yes,No,No,No,1,1069.62,787.59,120.43,0.81,Service Center,Manual Review,Chrome,5,System,-0.90006,B0044
REC-DUP-0018,CLM00040,CUS00103,PRD00344,Refrigerator,Side-by-Side,Water Leakage,Main Unit,HomePro,HOM-REF-393,SN-45972002,2023-06-30,2025-05-28,2025-05-15,24,No,Water Leakage,Manufacturing Defect,Customer reports water leakage affecting water leakage.,Not Applicable,Not Applicable,Not Applicable,Household,Unknown,Not Applicable,Not Applicable,Not Applicable,Not Applicable,Not Applicable,Yes,Yes,Yes,Yes,Yes,Yes,Not Applicable,Not Applicable,Not Applicable,Not Applicable,Not Applicable,Not Applicable,Not Applicable,No,0,Not Applicable,No,Not Applicable,Unknown,Yes,No,No,No,2,2697.9,2018.68,0.0,0.869,Service Center,Manual Review,Edge,58,System,1.55803,B0554
REC00940,CLM00760,CUS00644,PRD00806,Air Conditioner,Split,Outdoor Unit,Compressor,ZenCore,ZEN-AIR-821,SN-30938305,2019-02-03,2024-02-29,2024-02-08,60,No,Water Leakage,Electrical Failure,Customer reports water leakage affecting outdoor unit.,Not Applicable,Not Applicable,Not Applicable,Not Applicable,No,Not Applicable,Not Applicable,No,Outdoor Unit,Not Applicable,,Yes,Yes,Yes,Yes,Yes,Yes,Not Applicable,Not Applicable,Yes,Not Applicable,Not Applicable,No,Yes,2,Yes,No,Not Applicable,Yes,Yes,No,No,No,0,2260.67,924.6,138.99,0.748,Web,Invalid Claim,Chrome,21,System,2.08732,B0932
REC01399,CLM00023,CUS00039,PRD00287,Washing Machine,Front Load,Washing,Main Unit,HomePro,HOM-WAS-256,SN-95982924,2023-06-22,2025-10-25,2025-09-21,24,No,Mechanical Failure,Electrical Failure,Customer reports mechanical failure affecting washing.,Not Applicable,Not Applicable,Not Applicable,Household,Yes,Not Applicable,No,Not Applicable,Not Applicable,Not Applicable,Yes,Yes,No,Yes,Yes,Yes,Not Applicable,Not Applicable,Not Applicable,Not Applicable,Not Applicable,Not Applicable,Not Applicable,No,0,Not Applicable,No,Not Applicable,Yes,Yes,No,No,No,0,1286.19,640.39,0.0,0.892,Mobile App,Invalid Claim,Edge,23,Light,-1.17019,B0904
REC00102,CLM00443,CUS00499,PRD00808,Smartphone,Rugged Smartphone,Phone,Main Unit,PrimeView,PRI-SMA-385,SN-44094273,2024-07-03,2025-04-27,2025-03-29,12,No,Connectivity Issue,Internal Component Failure,Customer reports connectivity issue affecting phone.,No,Unknown,Not Applicable,Not Applicable,Not Applicable,Not Applicable,Not Applicable,Not Applicable,Not Applicable,Not Applicable,Yes,Yes,Yes,Yes,Yes,Yes,Not Applicable,Not Applicable,Not Applicable,Not Applicable,Not Applicable,Not Applicable,Not Applicable,No,0,Not Applicable,No,Not Applicable,Unknown,Yes,no,No,No,0,1123.91,567.7,0.0,0.514,Web,Manual Review,Edge,48,Light,2.10759,B0423
REC-DUP-0024,CLM01345,CUS00439,PRD00449,Air Conditioner,Split,Outdoor Unit,Main Unit,Aster,AST-AIR-838,SN-73184460,2023-01-24,2024-12-25,2024-12-17,24,No,Noise,Internal Component Failure,Customer reports noise affecting outdoor unit.,Not Applicable,Not Applicable,Not Applicable,Not Applicable,No,Not Applicable,Not Applicable,No,Outdoor Unit,Not Applicable,No,No,Yes,Yes,Yes,Yes,Yes,Not Applicable,Not Applicable,Not Applicable,Not Applicable,Not Applicable,Not Applicable,No,0,Not Applicable,No,Not Applicable,Yes,Yes,No,No,No,0,1306.19,1216.84,0.0,0.856,Email,Valid Claim,Firefox,9,System,-0.27294,B0889
REC01211,CLM01354,CUS00217,PRD00944,Camera,DSLR,Camera Body,Camera Body,PrimeView,PRI-CAM-836,SN-70151530,2025-04-20,2026-05-06,2026-05-04,24,No,Battery Problem,Internal Component Failure,Customer reports battery problem affecting camera body.,Unknown,No,Yes,Not Applicable,Not Applicable,Not Applicable,Not Applicable,Not Applicable,Not Applicable,Not Applicable,Yes,Yes,Yes,,No,Yes,Not Applicable,Not Applicable,Not Applicable,Not Applicable,Not Applicable,Not Applicable,Not Applicable,No,0,Not Applicable,No,Not Applicable,Yes,Yes,No,no,No,0,2696.08,767.71,0.0,0.845,Mobile App,Manual Review,MobileWebView,3,System,0.22683,B0411
REC00189,CLM00364,CUS00445,PRD00448,Laptop,Gaming Laptop,Device,Main Unit,,AST-LAP-711,SN-67649848,2024-12-28,2026-04-01,2026-03-21,24,No,Power Failure,Misuse,Customer reports power failure affecting device.,No,No,Not Applicable,Not Applicable,Not Applicable,Not Applicable,Not Applicable,Not Applicable,Not Applicable,Not Applicable,Yes,Yes,No,Yes,Yes,No,Not Applicable,Not Applicable,Not Applicable,Not Applicable,Not Applicable,Not Applicable,,Yes,3,Yes,No,Not Applicable,Yes,Yes,No,No,Yes,2,1846.98,814.55,553.84,0.847,Web,Invalid Claim,Edge,14,Light,0.01442,B0882
REC00400,CLM01166,CUS00041,PRD00056,Printer,Laser,Connection,Main Unit,HomePro,HOM-PRI-413,SN-21679895,2023-11-29,2024-11-16,2024-10-27,12,No,Connectivity Issue,Internal Component Failure,Customer reports connectivity issue affecting connection.,Not Applicable,Not Applicable,Not Applicable,Not Applicable,Unknown,Not Applicable,No,Not Applicable,Not Applicable,Original,,Yes,Yes,Yes,Yes,Yes,Not Applicable,Not Applicable,Not Applicable,Not Applicable,Not Applicable,Yes,Not Applicable,No,0,Not Applicable,No,Not Applicable,Yes,Yes,No,Yes,No,1,827.5,452.56,0.0,0.866,Mobile App,Valid Claim,Edge,33,Dark,0.96741,B0619
REC00243,CLM00164,CUS00498,PRD00258,Smartphone,Foldable Smartphone,Not Sure,Main Unit,PrimeView,PRI-SMA-254,SN-32025393,2025-01-23,2025-08-25,2025-08-24,12,No,Display Failure,Internal Component Failure,Customer reports display failure affecting not sure.,No,Yes,Not Applicable,Not Applicable,Not Applicable,Not Applicable,Not Applicable,Not Applicable,Not Applicable,Not Applicable,Yes,Yes,No,Yes,Yes,yes,Not Applicable,Not Applicable,Not Applicable,Not Applicable,Not Applicable,Not Applicable,Yes,Yes,3,Yes,No,Not Applicable,Yes,Yes,No,No,No,0,421.03,255.52,547.13,9.99,Mobile App,Valid Claim,Firefox,28,System,-0.97512,B0243
REC00299,CLM00685,CUS00003,PRD00540,Printer,Thermal,Connection,Main Unit,HomePro,HOM-PRI-191,SN-81176519,2024-06-26,2026-06-15,2026-05-31,12,Yes,Connectivity Issue,Normal Wear,Customer reports connectivity issue affecting connection.,Not Applicable,Not Applicable,Not Applicable,Not Applicable,No,Not Applicable,Yes,Not Applicable,Not Applicable,Original,Yes,Yes,No,Yes,Yes,Yes,Not Applicable,Not Applicable,Not Applicable,Not Applicable,Not Applicable,Yes,Yes,Yes,1,Yes,No,Not Applicable,Yes,Yes,No,No,No,0,419.2,208.1,44.13,1.25,Web,Invalid Claim,Chrome,22,System,-1.39053,B0729
REC01086,CLM00416,CUS00682,PRD00532,Camera,Action Camera,Camera Body,Camera Body,NovaTech,NOV-CAM-565,SN-31858097,2023-12-06,2025-10-02,2025-09-17,24,No,Lens Failure,Sensor Contamination Due To Misuse,Customer reports lens failure affecting camera body.,No,No,Not Applicable,Not Applicable,Not Applicable,Not Applicable,Not Applicable,Not Applicable,Not Applicable,Not Applicable,Yes,Yes,Yes,Yes,Yes,Yes,Not Applicable,Not Applicable,Not Applicable,Not Applicable,Not Applicable,Not Applicable,Not Applicable,No,0,Not Applicable,No,Not Applicable,No,Yes,No,No,No,2,2867.01,2121.24,0.0,0.992,Mobile App,Invalid Claim,Edge,13,Dark,0.85943,B0013
REC01105,CLM01245,CUS00641,PRD00386,Camera,Action Camera,Not Sure,Camera Body,NovaTech,NOV-CAM-798,SN-47777411,2024-06-20,2026-04-08,2026-03-26,24,No,Display Failure,Electrical Failure,Customer reports display failure affecting not sure.,No,Yes,Not Applicable,Not Applicable,Not Applicable,Not Applicable,Not Applicable,Not Applicable,Not Applicable,Not Applicable,Yes,Yes,Yes,Yes,No,Yes,Not Applicable,Not Applicable,Not Applicable,Not Applicable,Not Applicable,Not Applicable,Not Applicable,No,0,Not Applicable,No,Not Applicable,Yes,Yes,No,No,No,0,1191.24,169.15,0.0,,Email,Manual Review,Chrome,16,Dark,-1.42034,B0488
REC00473,CLM00079,CUS00291,PRD00919,Television,LED,Connection,Main Unit,Aster,AST-TEL-159,SN-22661332,2023-04-23,2025-04-23,2025-04-16,24,No,Connectivity Issue,Panel Impact Damage,Customer reports connectivity issue affecting connection.,Unknown,Not Applicable,Not Applicable,Not Applicable,Not Applicable,No,Not Applicable,Not Applicable,Not Applicable,Not Applicable,Yes,Yes,Yes,Yes,Yes,Yes,Not Applicable,Not Applicable,Not Applicable,Not Applicable,Not Applicable,Not Applicable,Not Applicable,No,0,Not Applicable,No,Not Applicable,Yes,Yes,No,No,No,3,2490.41,665.59,0.0,0.891,Mobile App,Invalid Claim,Edge,33,Light,-0.2076,B0563
REC00823,CLM00510,CUS00249,PRD00920,Laptop,Business Laptop,Charger,Power Adapter,Aster,AST-LAP-741,SN-60664599,2024-11-08,2026-02-18,2026-02-15,12,No,Power Failure,Electrical Failure,Customer reports power failure affecting charger.,No,No,Not Applicable,Not Applicable,Not Applicable,Not Applicable,Not Applicable,Not Applicable,Not Applicable,Not Applicable,Yes,Yes,Yes,Yes,Yes,Yes,Not Applicable,Not Applicable,Not Applicable,Not Applicable,Not Applicable,Not Applicable,Not Applicable,No,0,Not Applicable,No,Not Applicable,Yes,Yes,No,No,No,2,2385.31,1087.43,0.0,0.929,Mobile App,Invalid Claim,MobileWebView,46,System,-0.03175,B0390
REC01339,CLM01274,CUS00157,PRD00320,Laptop,Gaming Laptop,Device,Main Unit,Aster,AST-LAP-411,SN-15936548,2024-12-01,2026-08-26,2026-08-19,24,No,Display Failure,Electrical Failure,Customer reports display failure affecting device.,No,No,Not Applicable,Not Applicable,Not Applicable,Not Applicable,Not Applicable,Not Applicable,Not Applicable,Not Applicable,Yes,Yes,Yes,Yes,Yes,Yes,Not Applicable,Not Applicable,Not Applicable,Not Applicable,Not Applicable,Not Applicable,Not Applicable,No,0,NA,No,Not Applicable,Yes,Yes,No,No,No,0,1108.5,860.75,0.0,0.975,Mobile App,Valid Claim,Firefox,46,Light,-0.91922,B0131
REC00157,CLM00780,CUS00198,PRD00182,Refrigerator,Side-by-Side,Other,Main Unit,HomePro,HOM-REF-106,SN-44695917,2023-07-24,2024-09-28,2024-09-20,24,No,Mechanical Failure,Manufacturing Defect,Customer reports mechanical failure affecting other.,Not Applicable,Not Applicable,Not Applicable,Household,No,Not Applicable,Not Applicable,Not Applicable,Not Applicable,Not Applicable,Yes,Yes,Yes,Yes,No,,Not Applicable,Not Applicable,Not Applicable,Not Applicable,Not Applicable,Not Applicable,Not Applicable,No,0,Not Applicable,No,Not Applicable,Yes,Yes,No,No,No,0,2530.66,432.82,0.0,0.745,Mobile App,Manual Review,Chrome,59,System,0.65713,B0820
REC00747,CLM00146,CUS00367,PRD00002,Camera,DSLR,Camera Body,Camera Body,PrimeView,PRI-CAM-130,SN-24943929,2024-10-17,2026-07-17,2026-07-05,24,No,Display Failure,Electrical Failure,Customer reports display failure affecting camera body.,No,No,Not Applicable,Not Applicable,Not Applicable,Not Applicable,Not Applicable,Not Applicable,Not Applicable,Not Applicable,No,Yes,Yes,Yes,Yes,Yes,Not Applicable,Not Applicable,Not Applicable,Not Applicable,Not Applicable,Not Applicable,Yes,Yes,2,Yes,No,Not Applicable,Yes,Yes,No,No,No,1,2598.38,1898.45,134.94,0.946,Service Center,Valid Claim,Safari,27,Dark,0.70655,B0881
REC01084,CLM00348,CUS00469,PRD00265,Refrigerator,French Door,Noise,Main Unit,ZenCore,ZEN-REF-781,SN-73622372,2024-04-07,2025-04-27,2025-04-21,24,No,Noise,Internal Component Failure,Customer reports noise affecting noise.,Not Applicable,Not Applicable,Not Applicable,Household,No,Not Applicable,Not Applicable,Not Applicable,Not Applicable,Not Applicable,Yes,Yes,Yes,Yes,No,Yes,Not Applicable,Not Applicable,Not Applicable,Not Applicable,Not Applicable,Not Applicable,No,Yes,2,Yes,No,Not Applicable,Unknown,No,No,No,No,2,2812.64,1100.16,613.64,0.802,Web,Manual Review,MobileWebView,35,System,-0.3503,B0553
REC00938,CLM00766,CUS00053,PRD00059,Camera,Mirrorless,Camera Body,Camera Body,NovaTech,NOV-CAM-619,SN-59968841,2024-12-14,2026-04-21,2026-04-14,24,No,Power Failure,Manufacturing Defect,Customer reports power failure affecting camera body.,No,No,Not Applicable,Not Applicable,Not Applicable,Not Applicable,Not Applicable,Not Applicable,Not Applicable,Not Applicable,Yes,Yes,Yes,Yes,Yes,Yes,Not Applicable,Not Applicable,Not Applicable,Not Applicable,Not Applicable,Not Applicable,,No,0,Not Applicable,No,Not Applicable,Yes,Yes,No,No,No,1,2330.01,1152.36,0.0,0.94,Web,Valid Claim,Chrome,42,System,0.80907,B0552
REC01396,CLM00185,CUS00635,PRD00280,Washing Machine,Front Load,Water Leakage,Main Unit,PrimeView,PRI-WAS-571,SN-69509030,2022-06-05,2025-01-28,2025-01-20,24,Yes,Water Leakage,Manufacturing Defect,Customer reports water leakage affecting water leakage.,Not Applicable,Not Applicable,Not Applicable,Household,Yes,Not Applicable,No,Not Applicable,Not Applicable,Not Applicable,Yes,No,Yes,Yes,Yes,Yes,Not Applicable,Not Applicable,Not Applicable,Not Applicable,Not Applicable,Not Applicable,Yes,Yes,3,Yes,No,Not Applicable,Yes,Yes,No,No,No,1,1368.76,1172.94,576.58,0.72,Service Center,Valid Claim,Safari,20,Light,0.38577,B0245
REC01326,CLM00203,CUS00379,PRD00652,Television,LED,Picture,Main Unit,Aster,AST-TEL-864,SN-54184896,2023-04-08,2024-12-07,2024-11-25,24,No,Display Failure,Manufacturing Defect,Customer reports display failure affecting picture.,No,Not Applicable,Not Applicable,Not Applicable,Not Applicable,No,Not Applicable,Not Applicable,Not Applicable,Not Applicable,Yes,No,Yes,Yes,Yes,Yes,Not Applicable,Not Applicable,Not Applicable,Not Applicable,Not Applicable,Not Applicable,Not Applicable,NO,0,Not Applicable,No,Not Applicable,Yes,Yes,No,No,No,2,1238.21,556.43,0.0,0.543,Mobile App,Manual Review,Safari,14,Light,0.85324,B0155
REC00479,CLM00789,CUS00099,PRD00603,Refrigerator,Side-by-Side,Noise,Main Unit,ZenCore,ZEN-REF-984,SN-77471833,2024-07-21,2025-10-01,2025-08-16,24,No,Noise,Internal Component Failure,Customer reports noise affecting noise.,Not Applicable,Not Applicable,Not Applicable,Household,No,Not Applicable,Not Applicable,Not Applicable,Not Applicable,Not Applicable,Yes,No,Yes,Yes,Yes,Yes,Not Applicable,Not Applicable,Not Applicable,Not Applicable,Not Applicable,Not Applicable,Not Applicable,No,0,Not Applicable,No,Not Applicable,Yes,Yes,No,No,No,0,528.39,351.49,0.0,0.485,Mobile App,Invalid Claim,Safari,22,System,-0.17799,B0913
REC01223,CLM01258,CUS00650,PRD00161,Laptop,Business Laptop,Device,Main Unit,ZenCore,ZEN-LAP-173,SN-10248470,,2025-08-12,2025-07-30,24,No,Battery Problem,Electrical Failure,Customer reports battery problem affecting device.,No,No,Yes,Not Applicable,Not Applicable,Not Applicable,Not Applicable,Not Applicable,Not Applicable,Not Applicable,Yes,,Yes,,Yes,Yes,Not Applicable,Not Applicable,Not Applicable,Not Applicable,Not Applicable,Not Applicable,,No,0,Not Applicable,No,Not Applicable,Yes,Yes,No,No,No,2,1865.33,1577.04,0.0,0.912,Service Center,Valid Claim,Edge,15,Dark,-1.29266,B0075
REC00498,CLM01490,CUS00297,PRD00714,Television,Mini-LED,Picture,Main Unit,HomePro,HOM-TEL-625,SN-19813962,2023-04-23,2024-08-09,2024-08-05,24,No,Display Failure,Internal Component Failure,Customer reports display failure affecting picture.,No,Not Applicable,Not Applicable,Not Applicable,Not Applicable,No,Not Applicable,Not Applicable,Not Applicable,Not Applicable,Yes,Yes,No,Yes,Yes,Yes,Not Applicable,Not Applicable,Not Applicable,Not Applicable,Not Applicable,Not Applicable,Not Applicable,No,0,Not Applicable,No,Not Applicable,Yes,Yes,No,No,No,2,3046.59,1278.52,,0.469,Email,Manual Review,Edge,43,Dark,0.55592,B0237
REC01049,CLM00418,CUS00343,PRD00220,Printer,Thermal,Ink or Toner,Ink Or Toner,HomePro,HOM-PRI-106,SN-61771475,2025-06-16,2026-02-06,2026-01-24,0,No,Power Failure,Internal Component Failure,Customer reports power failure affecting ink or toner.,Not Applicable,Not Applicable,Not Applicable,Not Applicable,No,Not Applicable,Unknown,Not Applicable,Not Applicable,Original,Yes,Yes,No,Yes,Yes,Yes,Not Applicable,Not Applicable,Not Applicable,Not Applicable,Not Applicable,Yes,Not Applicable,No,0,Not Applicable,No,Not Applicable,Yes,Yes,No,No,No,0,1148.15,950.97,0.0,0.948,Mobile App,Invalid Claim,MobileWebView,7,Light,-0.43147,B0482
REC00059,CLM00634,CUS00201,PRD00865,Television,Mini-LED,Sound,Main Unit,PrimeView,PRI-TEL-904,SN-35531499,2024-09-10,2025-11-01,2025-09-07,24,No,Audio Failure,Manufacturing Defect,Customer reports audio failure affecting sound.,No,Not Applicable,Not Applicable,Not Applicable,Not Applicable,Yes,Not Applicable,Not Applicable,Not Applicable,Not Applicable,Yes,Yes,Yes,Yes,,Yes,Not Applicable,Not Applicable,Not Applicable,Not Applicable,Not Applicable,Not Applicable,Not Applicable,No,0,Not Applicable,No,Not Applicable,Yes,Yes, No ,No,No,0,2063.65,1232.4,0.0,0.858,Service Center,Invalid Claim,Edge,18,Dark,-1.05924,B0043
REC00359,CLM00688,CUS00171,PRD00363,Television,LED,Sound,Main Unit,Aster,AST-TEL-972,SN-97731661,2022-04-26,2025-08-13,2025-08-10,24,Yes,Audio Failure,Electrical Failure,Customer reports audio failure affecting sound.,No,Not Applicable,Not Applicable,Not Applicable,Not Applicable,No,Not Applicable,Not Applicable,Not Applicable,Not Applicable,Yes,Yes,No,,Yes,No,Not Applicable,Not Applicable,Not Applicable,Not Applicable,Not Applicable,Not Applicable,Not Applicable,No,0,Not Applicable,No,Not Applicable,Yes,Yes,No,No,No,0,436.12,58.08,0.0,0.77,Web,Invalid Claim,MobileWebView,13,Light,-0.14039,B0128
REC00678,CLM01426,CUS00390,PRD00341,Air Conditioner,Cassette,Outdoor Unit,Compressor,HomePro,HOM-AIR-825,SN-16265312,2020-03-22,2024-09-08,2024-08-24,60,No,Noise,Manufacturing Defect,Customer reports noise affecting outdoor unit.,Not Applicable,Not Applicable,Not Applicable,Not Applicable,Unknown,Not Applicable,Not Applicable,No,Outdoor Unit,Not Applicable,,No,Yes,Yes,Yes,Yes,Yes,Not Applicable,Not Applicable,Yes,Not Applicable,Not Applicable,,Yes,1,Yes,No,Not Applicable,Yes,Yes,No,No,No,0,1682.32,345.71,428.83,0.754,Web,Manual Review,Edge,27,Light,-2.44744,B0224
REC01434,CLM00349,CUS00658,PRD00025,Smartphone,Rugged Smartphone,Phone,Main Unit,PrimeView,PRI-SMA-803,SN-22712349,2022-07-18,2025-01-25,2025-01-16,12,Yes,Overheating,Physical Damage,Customer reports overheating affecting phone.,Yes,No,Not Applicable,Not Applicable,Not Applicable,Not Applicable,Not Applicable,Not Applicable,Not Applicable,Not Applicable,Yes,Yes,No,Yes,Yes,Yes,Not Applicable,Not Applicable,Not Applicable,Not Applicable,Not Applicable,Not Applicable,Not Applicable,No,0,Not Applicable,No,Not Applicable,Yes,Yes,No,No,No,1,1789.55,261.43,0.0,0.882,Email,Invalid Claim,Edge,0,Dark,-0.15004,B0348
REC00255,CLM01287,CUS00115,PRD00015,Washing Machine,Front Load,Water Leakage,Main Unit,PrimeView,PRI-WAS-328,SN-52791628,2024-02-23,2025-11-21,2025-11-04,24,No,Water Leakage,Internal Component Failure,Customer reports water leakage affecting water leakage.,Not Applicable,Not Applicable,Not Applicable,Household,No,Not Applicable,Yes,Not Applicable,Not Applicable,Not Applicable,Yes,,No,Yes,Yes,Yes,Not Applicable,Not Applicable,Not Applicable,Not Applicable,Not Applicable,Not Applicable,Not Applicable,No,0,Not Applicable,No,Not Applicable,Yes,Yes,No,No,No,1,371.65,48.03,0.0,0.734,Web,Valid Claim,Chrome,49,Dark,0.46002,B0991
REC00736,CLM00266,CUS00188,PRD00022,Washing Machine,Front Load,Water Leakage,Main Unit,PrimeView,,SN-74070769,2025-03-18,2026-07-30,2026-07-25,24,No,Water Leakage,Physical Damage,Customer reports water leakage affecting water leakage.,Not Applicable,Not Applicable,Not Applicable,Household,No,Not Applicable,No,Not Applicable,Not Applicable,Not Applicable,No,Yes,Yes,Yes,Yes,Yes,Not Applicable,Not Applicable,Not Applicable,Not Applicable,Not Applicable,Not Applicable,Yes,Yes,1,Yes,No,Not Applicable,Yes,Yes,No,No,No,0,2058.43,1608.4,110.19,0.761,Web,Invalid Claim,Edge,51,System,0.98726,B0752
REC00617,CLM00451,CUS00099,PRD00749,Laptop,2-in-1,Charger,Power Adapter,Aster,AST-LAP-704,SN-17181000,2024-07-28,2025-05-05,2025-03-22,12,No,Power Failure,Normal Wear,Customer reports power failure affecting charger.,No,No,Not Applicable,Not Applicable,Not Applicable,Not Applicable,Not Applicable,Not Applicable,Not Applicable,Not Applicable,Yes,Yes,No,Yes,Yes,Yes,Not Applicable,Not Applicable,Not Applicable,Not Applicable,Not Applicable,Not Applicable,Not Applicable,No,0,Not Applicable,No,Not Applicable,No,Yes,No,No,No,1,1758.84,1610.45,0.0,9.99,Email,Invalid Claim,Chrome,51,Light,0.9243,B0684
REC00357,CLM01161,CUS00537,PRD00890,Camera,Action Camera,Lens,Lens,aster,AST-CAM-257,SN-94046872,2023-08-30,2025-08-10,2025-07-28,24,No,Connectivity Issue,Internal Component Failure,Customer reports connectivity issue affecting lens.,No,No,Not Applicable,Not Applicable,Not Applicable,Not Applicable,Not Applicable,Not Applicable,Not Applicable,Not Applicable,Yes,Yes,Yes,Yes,Yes,Yes,Not Applicable,Not Applicable,Not Applicable,Not Applicable,Yes,Not Applicable,Not Applicable,No,0,Not Applicable,No,Not Applicable,Yes,No,No,No,No,1,502.76,265.55,0.0,0.802,Service Center,Manual Review,Firefox,53,Dark,-0.38041,B0362
REC00518,CLM00776,CUS00264,PRD00015,Smartphone,Rugged Smartphone,Phone,Main Unit,Aster,AST-SMA-461,SN-56034503,2025-06-06,2026-04-19,2026-04-06,12,No,Battery Problem,Internal Component Failure,Customer reports battery problem affecting phone.,No,No,Yes,Not Applicable,Not Applicable,Not Applicable,Not Applicable,Not Applicable,Not Applicable,Not Applicable,Yes,Yes,Yes,Yes,Yes,,Not Applicable,Not Applicable,Not Applicable,Not Applicable,Not Applicable,Not Applicable,Not Applicable,No,0,Not Applicable,No,Not Applicable,Yes,Yes,No,No,No,0,1596.62,458.89,0.0,0.979,Web,Manual Review,Firefox,40,Dark,0.97291,B0354
REC01460,CLM00211,CUS00447,PRD00194,Washing Machine,Front Load,Water Supply or Drain,Main Unit,HomePro,HOM-WAS-586,SN-75158389,2022-09-07,2025-05-14,2025-04-19,24,Yes,Mechanical Failure,Internal Component Failure,Customer reports mechanical failure affecting water supply or drain.,Not Applicable,Not Applicable,Not Applicable,Household,No,Not Applicable,No,Not Applicable,Not Applicable,Not Applicable,Yes,Yes,Yes,Yes,Yes,Yes,Not Applicable,Not Applicable,Not Applicable,Not Applicable,Not Applicable,Not Applicable,Not Applicable,No,0,Not Applicable,No,Not Applicable,Yes,Yes,No,No,No,0,2178.27,1205.02,0.0,0.922,Web,Valid Claim,Firefox,38,Light,2.30632,B0762
REC01337,CLM01105,CUS00685,PRD00849,Printer,Thermal,Power,Main Unit,HomePro,HOM-PRI-910,SN-13849925,2025-08-28,2026-03-25,2026-03-14,12,No,Power Failure,Electrical Failure,Customer reports power failure affecting power.,Not Applicable,Not Applicable,Not Applicable,Not Applicable,No,Not Applicable,No,Not Applicable,Not Applicable,Unknown,Yes,Yes,No,Yes,Yes,No,Not Applicable,Not Applicable,Not Applicable,Not Applicable,Not Applicable,Yes,Not Applicable,No,0,Not Applicable,No,Not Applicable,Yes,Yes,No,No,No,1,1011.94,339.01,0.0,0.749,Service Center,Manual Review,MobileWebView,52,System,-0.70198,B0009
REC00232,CLM00805,CUS00591,PRD00658,Laptop,2-in-1,Not Sure,Main Unit,Aster,AST-LAP-640,SN-23695759,2023-09-01,2024-12-30,2024-12-27,24,No,Battery Problem,Accidental Damage,Customer reports battery problem affecting not sure.,Unknown,No,Yes,Not Applicable,Not Applicable,Not Applicable,Not Applicable,Not Applicable,Not Applicable,Not Applicable,Yes,Yes,No,Yes,No,Yes,Not Applicable,Not Applicable,Not Applicable,Not Applicable,Not Applicable,Not Applicable,Not Applicable,No,0,Not Applicable,No,Not Applicable,Yes,Yes,No,No,No,1,1043.8,203.24,0.0,0.731,Service Center,Invalid Claim,Safari,18,Light,-1.989,B0581
REC00379,CLM00296,CUS00511,PRD00295,Smartphone,Rugged Smartphone,Not Sure,Charger,Aster,AST-SMA-853,SN-77105707,2025-02-05,2025-04-25,2025-04-14,6,No,Power Failure,Manufacturing Defect,Customer reports power failure affecting not sure.,No,No,Not Applicable,Not Applicable,Not Applicable,Not Applicable,Not Applicable,Not Applicable,Not Applicable,Not Applicable,Yes,Yes,Yes,Yes,Yes,,Not Applicable,Not Applicable,Not Applicable,Not Applicable,Not Applicable,Not Applicable,Not Applicable,No,0,Not Applicable,No,Not Applicable,Yes,Yes,No,No,No,2,1315.16,959.29,0.0,0.746,Service Center,Valid Claim,Safari,1,System,-0.9909,B0974
REC00235,CLM00697,CUS00366,PRD00929,Camera,Action Camera,Battery,Battery,NovaTech,,SN-22060862,2024-12-17,2025-05-13,2025-04-26,6,No,Battery Problem,Manufacturing Defect,Customer reports battery problem affecting battery.,No,No,Yes,Not Applicable,Not Applicable,Not Applicable,Not Applicable,Not Applicable,Not Applicable,Not Applicable,Yes,Yes,No,Yes,Yes,Yes,Not Applicable,Not Applicable,Not Applicable,Not Applicable,Not Applicable,Not Applicable,Yes,Yes,3,Unknown,Yes,Yes,No,Yes,No,No,Yes,1,3373.23,358.5,510.55,0.677,Mobile App,Invalid Claim,MobileWebView,40,Light,0.00866,B0493
REC01289,CLM00093,CUS00604,PRD00026,Smartphone,Standard Smartphone,Phone,Main Unit,PrimeView,PRI-SMA-310,SN-40560746,2024-07-07,2025-07-11,2025-06-18,12,No,Overheating,Accidental Damage,Customer reports overheating affecting phone.,Yes,No,Not Applicable,Not Applicable,Not Applicable,Not Applicable,Not Applicable,Not Applicable,Not Applicable,Not Applicable,Yes,Yes,No,Yes,Yes,No,Not Applicable,Not Applicable,Not Applicable,Not Applicable,Not Applicable,Not Applicable,Yes,Yes,3,Unknown,Yes,Yes,Unknown,Yes,No,No,No,1,292.22,194.2,460.01,0.876,Service Center,Invalid Claim,MobileWebView,39,Light,-0.10998,B0383
REC00119,CLM00267,CUS00035,PRD00297,Laptop,Gaming Laptop,Not Sure,Main Unit,ZenCore,ZEN-LAP-731,SN-30733333,2023-09-25,2024-10-19,2024-10-07,24,No,Display Failure,Liquid Damage,Customer reports display failure affecting not sure.,No,No,Not Applicable,Not Applicable,Not Applicable,Not Applicable,Not Applicable,Not Applicable,Not Applicable,Not Applicable,Yes,Yes,No,No,Yes,no,Not Applicable,Not Applicable,Not Applicable,Not Applicable,Not Applicable,Not Applicable,Not Applicable,No,0,Not Applicable,No,Not Applicable,Yes,Yes,No,No,No,999,754.57,357.2,0.0,0.522,Service Center,Invalid Claim,Firefox,4,System,0.46029,B0721
REC-DUP-0035,CLM00709,CUS00136,PRD00328,Smartphone,Foldable Smartphone,Phone,Main Unit,NovaTech,NOV-SMA-166,SN-27971819,2024-06-14,2025-02-02,2025-01-21,12,No,Overheating,Internal Component Failure,Customer reports overheating affecting phone.,Unknown,Unknown,Not Applicable,Not Applicable,Not Applicable,Not Applicable,Not Applicable,Not Applicable,Not Applicable,Not Applicable,Yes,,Yes,Yes,Yes,Yes,Not Applicable,Not Applicable,Not Applicable,Not Applicable,Not Applicable,Not Applicable,Not Applicable,No,0,Not Applicable,No,Not Applicable,Yes,Yes,No,No,No,-2,1558.06,,0.0,0.892,Mobile App,Valid Claim,Firefox,9,Dark,1.81246,B0436
REC00851,CLM00505,CUS00477,PRD00541,Air Conditioner,Portable,Both,Main Unit,Aster,AST-AIR-793,SN-95616136,2023-03-03,2026-01-11,2025-12-06,24,Yes,Noise,Accidental Damage,Customer reports noise affecting both.,Not Applicable,Not Applicable,Not Applicable,Not Applicable,No,Not Applicable,Not Applicable,No,Both,Not Applicable,Yes,Yes,Yes,Yes,Yes,Yes,Yes,Not Applicable,Not Applicable,Not Applicable,Not Applicable,Not Applicable,Not Applicable,No,0,Not Applicable,Yes,Yes,Yes,Yes,No,No,No,2,2757.97,2039.25,0.0,0.486,Web,Invalid Claim,Safari,19,Dark,-0.50237,B0583
REC00974,CLM00047,CUS00609,PRD00629,Printer,Inkjet,Power,Main Unit,PrimeView,PRI-PRI-888,SN-86015109,2022-09-27,2024-01-17,2024-01-06,12,No,Power Failure,Accidental Damage,Customer reports power failure affecting power.,Not Applicable,Not Applicable,Not Applicable,Not Applicable,Yes,Not Applicable,No,Not Applicable,Not Applicable,Original,Yes,Yes,No,Yes,Yes,Yes,Not Applicable,Not Applicable,Not Applicable,Not Applicable,Not Applicable,Yes,,Yes,3,Yes,No,Not Applicable,Yes,Yes,No,No,No,0,500.3,284.19,600.35,0.929,Web,Invalid Claim,Edge,30,Light,-0.5764,B0668
REC00847,CLM01127,CUS00674,PRD00565,Refrigerator,French Door,Noise,Compressor,ZenCore,ZEN-REF-994,SN-83801265,2016-01-24,2025-09-11,2025-09-02,120,No,Noise,Manufacturing Defect,Customer reports noise affecting noise.,Not Applicable,Not Applicable,Not Applicable,Household,Yes,Not Applicable,Not Applicable,Not Applicable,Not Applicable,Not Applicable,Yes,Yes,Yes,Yes,Yes,Yes,Not Applicable,Not Applicable,Not Applicable,Yes,Not Applicable,Not Applicable,No,Yes,2,Yes,No,Not Applicable,Yes,Yes,No,No,No,1,1827.64,502.4,175.1,0.917,Mobile App,Manual Review,Chrome,43,Light,0.04015,B0756
REC00931,CLM01478,CUS00558,PRD00026,Printer,Thermal,Printing,Main Unit, HomePro ,HOM-PRI-476,SN-43249835,2024-09-08,2025-05-24,2025-05-20,12,No,Mechanical Failure,Electrical Failure,Customer reports mechanical failure affecting printing.,Not Applicable,Not Applicable,Not Applicable,Not Applicable,No,Not Applicable,No,Not Applicable,Not Applicable,Original,Yes,Yes,Yes,Yes,Yes,Y,Not Applicable,Not Applicable,Not Applicable,Not Applicable,Not Applicable,Yes,No,Yes,3,Yes,No,Not Applicable,Yes,Yes,No,No,No,1,1135.78,513.28,186.01,0.775,Service Center,Manual Review,MobileWebView,15,System,-0.47782,B0861
REC01009,CLM00807,CUS00026,PRD00380,Laptop,Business Laptop,Device,Main Unit,NovaTech,NOV-LAP-272,SN-57405190,2022-12-16,2024-04-14,2024-04-10,24,No,Power Failure,Manufacturing Defect,Customer reports power failure affecting device.,No,No,Not Applicable,Not Applicable,Not Applicable,Not Applicable,Not Applicable,Not Applicable,Not Applicable,Not Applicable,Yes,Yes,Yes,Yes,Yes,Yes,Not Applicable,Not Applicable,Not Applicable,Not Applicable,Not Applicable,Not Applicable,Not Applicable,No,0,Not Applicable,No,Not Applicable,Yes,Yes,No,No,No,0,1373.64,727.04,0.0,0.847,Mobile App,Valid Claim,Firefox,54,Light,-0.206,B0955
REC00705,CLM00696,CUS00658,PRD00680,Laptop,2-in-1,Device,Main Unit,ZenCore,ZEN-LAP-110,SN-59461137,2022-03-20,2024-02-18,2024-01-10,24,No,Display Failure,Manufacturing Defect,Customer reports display failure affecting device.,Unknown,No,Not Applicable,Not Applicable,Not Applicable,Not Applicable,Not Applicable,Not Applicable,Not Applicable,Not Applicable,,Yes,No,Yes,Yes,Yes,Not Applicable,Not Applicable,Not Applicable,Not Applicable,Not Applicable,Not Applicable,Not Applicable,No,0,Not Applicable,No,Not Applicable,Yes,Yes,No,No,No,1,1744.63,1495.27,0.0,0.796,Email,Invalid Claim,Edge,39,Light,0.48555,B0396
REC01131,CLM00927,CUS00676,PRD00129,Printer,Laser,Not Sure,Main Unit,HomePro,HOM-PRI-712,SN-27151670,2025-06-18,2026-01-08,2025-12-29,12,No,Mechanical Failure,Electrical Failure,Customer reports mechanical failure affecting not sure.,Not Applicable,Not Applicable,Not Applicable,Not Applicable,Unknown,Not Applicable,No,Not Applicable,Not Applicable,Compatible,Yes,Yes,Yes,Yes,No,Yes,Not Applicable,Not Applicable,Not Applicable,Not Applicable,Not Applicable,Yes,Not Applicable,No,0,Not Applicable,No,NA,Yes,Yes,No,No,No,1,741.57,477.22,0.0,0.991,Web,Manual Review,Safari,58,Dark,-0.90319,B0228
REC00471,CLM00842,CUS00256,PRD00990,Washing Machine,Front Load,Water Leakage,Main Unit,HomePro,HOM-WAS-959,SN-33152632,2023-08-23,2026-07-13,2026-07-10,24,Yes,Water Leakage,Manufacturing Defect,Customer reports water leakage affecting water leakage.,Not Applicable,Not Applicable,Not Applicable,Household,Yes,Not Applicable,No,Not Applicable,Not Applicable,Not Applicable,Yes,No,Yes,No,,Yes,Not Applicable,Not Applicable,Not Applicable,Not Applicable,Not Applicable,Not Applicable,Not Applicable,No,0,Not Applicable,No,Not Applicable,Yes,Yes,No,No,No,1,990.55,753.5,0.0,0.942,Web,Valid Claim,Edge,18,Light,-0.38292,B0848
REC00204,CLM00196,CUS00268,PRD00838,Printer,Thermal,Power,Main Unit,HomePro,HOM-PRI-767,SN-57689417,2023-02-09,2024-01-06,2023-12-16,12,No,Power Failure,Consumable Depletion,Customer reports power failure affecting power.,Not Applicable,Not Applicable,Not Applicable,Not Applicable,No,Not Applicable,No,Not Applicable,Not Applicable,Compatible,Yes,Yes,Yes,No,Yes,Yes,Not Applicable,Not Applicable,Not Applicable,Not Applicable,Not Applicable,Yes,Not Applicable,No,0,Not Applicable,No,Not Applicable,Yes,Yes,No,Yes,No,0,125.02,79.54,0.0,0.857,Web,Invalid Claim,Chrome,8,Light,-0.49178,B0506
REC00950,CLM01408,CUS00012,PRD00894,Television,OLED,Connection,Main Unit,PrimeView,PRI-TEL-380,SN-81184677,2023-10-01,2024-12-10,2024-12-07,24,No,Connectivity Issue,Manufacturing Defect,Customer reports connectivity issue affecting connection.,Unknown,Not Applicable,Not Applicable,Not Applicable,Not Applicable,No,Not Applicable,Not Applicable,Not Applicable,Not Applicable,Yes,Yes,Yes,Yes,Yes,No,Not Applicable,Not Applicable,Not Applicable,Not Applicable,Not Applicable,Not Applicable,Yes,Yes,1,Unknown,No,Not Applicable,Yes,Yes,No,No,No,1,2821.68,715.76,227.13,0.827,Web,Manual Review,Chrome,34,Dark,-1.07128,B0276
REC00640,CLM01155,CUS00153,PRD00615,Laptop,Business Laptop,Device,Main Unit,NovaTech,NOV-LAP-955,SN-32830102,2023-01-29,2024-12-14,2024-11-22,24,No,Connectivity Issue,Internal Component Failure,Customer reports connectivity issue affecting device.,No,Unknown,Not Applicable,Not Applicable,Not Applicable,Not Applicable,Not Applicable,Not Applicable,Not Applicable,Not Applicable,Yes,Yes,No,Yes,Yes,Yes,Not Applicable,Not Applicable,Not Applicable,Not Applicable,Not Applicable,Not Applicable,,No,0,Not Applicable,No,Not Applicable,Yes,Yes,No,No,No,0,1396.91,320.39,0.0,0.731,Email,Valid Claim,Chrome,7,Light,0.72351,B0727
REC00735,CLM01277,CUS00605,PRD00903,Smartphone,Foldable Smartphone,Phone,Main Unit,PrimeView,PRI-SMA-385,SN-24776406,2024-01-21,2024-10-23,2024-10-15,12,No,Display Failure,Manufacturing Defect,Customer reports display failure affecting phone.,No,No,Not Applicable,Not Applicable,Not Applicable,Not Applicable,Not Applicable,Not Applicable,Not Applicable,Not Applicable,Yes,No,Yes,Yes,Yes,,Not Applicable,Not Applicable,Not Applicable,Not Applicable,Not Applicable,Not Applicable,Not Applicable,No,0,Not Applicable,No,Not Applicable,Yes,Yes,No,No,No,0,1166.51,375.51,0.0,0.953,Service Center,Valid Claim,Safari,39,Light,0.57488,B0623
REC01216,CLM00741,CUS00072,PRD00108,Television,LED,Connection,Main Unit,PrimeView,PRI-TEL-345,SN-42180553,2022-09-08,2024-06-17,2024-06-05,24,No,Connectivity Issue,Accidental Damage,Customer reports connectivity issue affecting connection.,Yes,Not Applicable,Not Applicable,Not Applicable,Not Applicable,Yes,Not Applicable,Not Applicable,Not Applicable,Not Applicable,Yes,No,Yes,Yes,Yes,Yes,Not Applicable,Not Applicable,Not Applicable,Not Applicable,Not Applicable,Not Applicable,Not Applicable,No,0,Not Applicable,No,Not Applicable,Yes,Yes,No,No,No,0,2225.8,683.98,0.0,0.762,Service Center,Invalid Claim,Firefox,43,Dark,-0.07315,B0442
REC00238,CLM00996,CUS00078,PRD00001,Television,Mini-LED,Picture,Main Unit,PrimeView,PRI-TEL-450,SN-39064435,2022-12-04,2024-07-05,2024-06-23,24,No,Display Failure,Electrical Failure,Customer reports display failure affecting picture.,No,Not Applicable,Not Applicable,Not Applicable,Not Applicable,No,Not Applicable,Not Applicable,Not Applicable,Not Applicable,Yes,Yes,No,No,,Yes,Not Applicable,Not Applicable,Not Applicable,Not Applicable,Not Applicable,Not Applicable,Not Applicable,No,0,Not Applicable,No,Not Applicable,Yes,Yes,No,No,No,2,594.67,377.86,0.0,0.869,Web,Valid Claim,Chrome,42,Light,-0.58142,B0095
REC01030,CLM00786,CUS00229,PRD00048,Air Conditioner,Window,Both,Main Unit,Aster,AST-AIR-760,SN-15404539,2025-05-13,2026-07-10,2026-06-30,24,No,Power Failure,Manufacturing Defect,Customer reports power failure affecting both.,Not Applicable,Not Applicable,Not Applicable,Not Applicable,No,Not Applicable,Not Applicable,No,Both,Not Applicable,Yes,No,No,Yes,No,Yes,Yes,Not Applicable,Not Applicable,Not Applicable,Not Applicable,Not Applicable,,No,0,Not Applicable,No,Not Applicable,Y,Yes,No,Yes,Yes,1,995.56,137.9,0.0,0.978,Web,Manual Review,Safari,9,Dark,-0.01526,B0656
REC00167,CLM00092,CUS00149,PRD00175,Television,LED,Picture,Main Unit,,PRI-TEL-167,SN-76657076,2023-12-08,2025-07-01,2025-06-27,24,No,Display Failure,Electrical Failure,Customer reports display failure affecting picture.,Unknown,Not Applicable,Not Applicable,Not Applicable,Not Applicable,No,Not Applicable,Not Applicable,Not Applicable,Not Applicable,Yes,Yes,Yes,Yes,Yes,Yes,Not Applicable,Not Applicable,Not Applicable,Not Applicable,Not Applicable,Not Applicable,Not Applicable,No,0,Not Applicable,No,Not Applicable,Yes,Yes,No,No,No,0,682.19,636.05,0.0,0.911,Web,Valid Claim,Firefox,41,System,0.10111,B0762
REC00631,CLM00273,CUS00652,PRD00834,Television,LED,Power,Main Unit,HomePro,HOM-TEL-888,SN-13293138,2022-07-24,2025-06-25,2025-06-21,24,Yes,Power Failure,Improper Wall Mounting,Customer reports power failure affecting power.,No,Not Applicable,Not Applicable,Not Applicable,Not Applicable,No,Not Applicable,Not Applicable,Not Applicable,Not Applicable,Yes,No,No,Yes, Yes ,Yes,Not Applicable,Not Applicable,Not Applicable,Not Applicable,Not Applicable,Not Applicable,Not Applicable,No,0,Not Applicable,No,Not Applicable,Yes,Yes,No,No,No,1,3119.44,2181.73,0.0,0.56,Service Center,Invalid Claim,Safari,51,Light,-0.5132,B0488
REC00696,CLM01111,CUS00369,PRD00875,Refrigerator,French Door,Power,Main Unit,,ZEN-REF-372,SN-73263301,2023-12-20,2025-01-23,2025-01-12,24,No,Power Failure,Internal Component Failure,Customer reports power failure affecting power.,Not Applicable,Not Applicable,Not Applicable,Household,No,Not Applicable,Not Applicable,Not Applicable,Not Applicable,Not Applicable,No,,No,Yes,,Yes,Not Applicable,Not Applicable,Not Applicable,Not Applicable,Not Applicable,Not Applicable,No,Yes,1,Yes,No,Not Applicable,Yes,Yes,No,No,No,0,2991.16,2609.65,477.41,,Web,Manual Review,Safari,23,Dark,-1.22208,B0813
REC01127,CLM00947,CUS00012,PRD00363,Television,Mini-LED,Connection,Display Panel,Aster,AST-TEL-960,SN-98593690,2024-02-22,2026-08-28,2026-08-13,24,No,Connectivity Issue,Panel Impact Damage,Customer reports connectivity issue affecting connection.,Yes,Not Applicable,Not Applicable,Not Applicable,Not Applicable,Yes,Not Applicable,Not Applicable,Not Applicable,Not Applicable,Yes,Yes,Yes,Yes,Yes,Yes,Not Applicable,Not Applicable,Yes,Not Applicable,Not Applicable,Not Applicable,Not Applicable,No,0,Not Applicable,Yes,Yes,Yes,Yes,No,No,No,1,1113.62,98.79,0.0,0.762,Web,Invalid Claim,Edge,10,System,-0.87948,B0573
REC01079,CLM00508,CUS00633,PRD00520,Air Conditioner,Cassette,Both,Main Unit,ZenCore,ZEN-AIR-669,SN-98195395,2022-11-26,2025-09-07,2025-08-29,24,No,Power Failure,Physical Damage,Customer reports power failure affecting both.,Not Applicable,Not Applicable,Not Applicable,Not Applicable,No,Not Applicable,Not Applicable,No,Both,Not Applicable,Yes,Yes,Yes,Yes,,No,Yes,Not Applicable,Not Applicable,Not Applicable,Not Applicable,Not Applicable,,No,0,Not Applicable,No,Not Applicable,Yes,Yes,No,No,No,0,1699.08,529.35,0.0,0.884,Web,Invalid Claim,Edge,18,Dark,-0.87974,B0009
REC01394,CLM01297,CUS00078,PRD00232,Air Conditioner,Split,Indoor Unit,Main Unit,ZenCore,ZEN-AIR-155,SN-98341907,2022-09-06,2024-03-16,2024-02-26,24,No,Noise,Internal Component Failure,Customer reports noise affecting indoor unit.,Not Applicable,Not Applicable,Not Applicable,Not Applicable,No,Not Applicable,Not Applicable,Yes,Indoor Unit,Not Applicable,Yes,Yes,Yes,Yes,Yes,Yes,Yes,Not Applicable,Not Applicable,Not Applicable,Not Applicable,Not Applicable,Not Applicable,No,0,Not Applicable,No,Not Applicable,Yes,Yes,No,Yes,No,0,1491.35,971.82,0.0,,Web,Valid Claim,Chrome,17,Light,0.41079,B0445
REC00820,CLM00706,CUS00379,PRD00446,Refrigerator,Side-by-Side,Water Leakage,Main Unit,ZenCore,ZEN-REF-742,SN-89808989,2022-10-13,2025-01-19,2024-12-31,24,No,Water Leakage,Internal Component Failure,Customer reports water leakage affecting water leakage.,Not Applicable,Not Applicable,Not Applicable,Business,No,Not Applicable,Not Applicable,Not Applicable,Not Applicable,Not Applicable,Yes,Yes,No,Yes,Yes,Yes,Not Applicable,Not Applicable,Not Applicable,Not Applicable,Not Applicable,Not Applicable,Yes,Yes,3,Yes,No,Not Applicable,No,Yes,No,No,No,1,1979.9,639.87,590.3,9.99,Service Center,Invalid Claim,Edge,54,System,-0.84925,B0415
REC00628,CLM01093,CUS00175,PRD00647,Laptop,Gaming Laptop,Device,Main Unit,Aster,AST-LAP-472,SN-49658088,2023-08-16,2025-07-17,2025-07-06,24,No,Battery Problem,Internal Component Failure,Customer reports battery problem affecting device.,No,No,Yes,Not Applicable,Not Applicable,Not Applicable,Not Applicable,Not Applicable,Not Applicable,Not Applicable,Yes,Yes,Yes,Yes,No,Yes,Not Applicable,Not Applicable,Not Applicable,Not Applicable,Not Applicable,Not Applicable,Not Applicable,No,0,Not Applicable,Yes,Yes,Yes,Yes,No,No,No,0,1928.53,1714.67,0.0,0.772,Web,Manual Review,Firefox,52,System,-0.94675,B0944
REC00430,CLM00086,CUS00054,PRD00721,Camera,Compact,Not Sure,Camera Body,Aster,AST-CAM-698,SN-92126953,2022-05-03,2024-07-11,2024-06-25,24,Yes,Battery Problem,Misuse,Customer reports battery problem affecting not sure.,No,No,Yes,Not Applicable,Not Applicable,Not Applicable,Not Applicable,Not Applicable,Not Applicable,Not Applicable,,Yes,Yes,Yes,Yes,No,Not Applicable,Not Applicable,Not Applicable,Not Applicable,Not Applicable,Not Applicable,Yes,Yes,1,Yes,No,Not Applicable,Yes,Yes,No,No,No,0,2074.61,1702.9,530.58,0.96,Mobile App,Invalid Claim,MobileWebView,25,Dark,0.11148,B0921
REC00489,CLM00148,CUS00348,PRD00544,Washing Machine,Front Load,Washing,Main Unit,ZenCore,ZEN-WAS-682,SN-64584755,2023-03-10,2024-05-27,2024-05-21,24,No,Mechanical Failure,Overloading,Customer reports mechanical failure affecting washing.,Not Applicable,Not Applicable,Not Applicable,Household,No,Not Applicable,Yes,Not Applicable,Not Applicable,Not Applicable,Yes,Yes,No,Yes,Yes,No,Not Applicable,Not Applicable,Not Applicable,Not Applicable,Not Applicable,Not Applicable,,No,0,Not Applicable,No,Not Applicable,Yes,Yes,No,No,No,0,2101.44,1785.48,0.0,0.484,Email,Invalid Claim,Safari,33,Dark,-0.41923,B0534
REC00223,CLM00299,CUS00205,PRD00003,Laptop,Gaming Laptop,Device,Main Unit,NovaTech,NOV-LAP-317,SN-88544776,2022-02-26,2024-02-29,2024-02-22,24,No,Battery Problem,Manufacturing Defect,Customer reports battery problem affecting device.,Yes,No,No,Not Applicable,Not Applicable,Not Applicable,Not Applicable,Not Applicable,Not Applicable,Not Applicable,Yes,Yes,Yes,Yes,Yes,Yes,Not Applicable,Not Applicable,Not Applicable,Not Applicable,Not Applicable,Not Applicable,Not Applicable,No,0,Not Applicable,No,Not Applicable,Yes,Yes,No,No,No,0,1028.32,965.55,0.0,0.845,Web,Invalid Claim,Safari,15,System,-0.95683,B0443
REC00434,CLM01177,CUS00456,PRD00957,Refrigerator,Double Door,Water Leakage,Main Unit,ZenCore,ZEN-REF-146,SN-19444543,2024-12-15,2026-08-10,2026-07-19,24,No,Water Leakage,Manufacturing Defect,Customer reports water leakage affecting water leakage.,Not Applicable,Not Applicable,Not Applicable,Household,Unknown,Not Applicable,Not Applicable,Not Applicable,Not Applicable,Not Applicable,Yes,No,Yes,No,Yes,Yes,Not Applicable,Not Applicable,Not Applicable,Not Applicable,Not Applicable,Not Applicable,Not Applicable,No,0,Not Applicable,Yes,No,Yes,Yes,No,No,No,2,700.22,82.06,0.0,0.832,Web,Valid Claim,Chrome,37,Light,-0.45351,B0593
REC01500,CLM00990,CUS00331,PRD00827,Refrigerator,French Door,Power,Main Unit,ZenCore,ZEN-REF-624,SN-90399532,2022-03-15,2024-10-10,2024-10-10,24,Yes,Power Failure,Electrical Failure,Customer reports power failure affecting power.,Not Applicable,Not Applicable,Not Applicable,Household,No,Not Applicable,Not Applicable,Not Applicable,Not Applicable,Not Applicable,No,Yes,No,Yes,Yes,Yes,Not Applicable,Not Applicable,Not Applicable,Not Applicable,Not Applicable,Not Applicable,Not Applicable,No,0,Not Applicable,No,Not Applicable,Yes,Yes,No,No,No,2,677.13,507.22,0.0,0.94,Web,Valid Claim,Firefox,33,Dark,0.05444,B0322
REC00408,CLM00327,CUS00669,PRD00917,Refrigerator,Double Door,Noise,Main Unit,Aster,AST-REF-480,SN-54539845,2023-11-03,2025-11-27,2025-11-05,24,No,Noise,Physical Damage,Customer reports noise affecting noise.,Not Applicable,Not Applicable,Not Applicable,Household,No,Not Applicable,Not Applicable,Not Applicable,Not Applicable,Not Applicable,Yes,No,Yes,Yes,Yes,Yes,Not Applicable,Not Applicable,Not Applicable,Not Applicable,Not Applicable,Not Applicable,Yes,Yes,2,No,No,Not Applicable,Yes,Yes,No,No,No,0,2224.95,453.38,181.84,0.945,Web,Invalid Claim,Chrome,10,Light,-0.92675,B0526
REC01473,CLM00260,CUS00641,PRD00128,Camera,DSLR,Camera Body,Camera Body,NovaTech,NOV-CAM-653,SN-13769410,,2024-03-15,2024-02-29,24,No,Connectivity Issue,Manufacturing Defect,Customer reports connectivity issue affecting camera body.,No,No,Not Applicable,Not Applicable,Not Applicable,Not Applicable,Not Applicable,Not Applicable,Not Applicable,Not Applicable,Yes,Yes,Yes,Yes,,Yes,Not Applicable,Not Applicable,Not Applicable,Not Applicable,Not Applicable,Not Applicable,Yes,Yes,3,Yes,No,Not Applicable,Yes,No,No,No,No,2,3031.45,1450.84,536.94,0.902,Service Center,Manual Review,Firefox,19,Light,0.18222,B0178
REC00453,CLM00801,CUS00334,PRD00757,Television,LED,Picture,Main Unit,PrimeView,PRI-TEL-871,SN-51250553,2025-05-05,2026-05-09,2026-05-03,24,No,Display Failure,Internal Component Failure,Customer reports display failure affecting picture.,Unknown,Not Applicable,Not Applicable,Not Applicable,Not Applicable,Yes,Not Applicable,Not Applicable,Not Applicable,Not Applicable,Yes,Yes,No,Yes,Yes,Yes,Not Applicable,Not Applicable,Not Applicable,Not Applicable,Not Applicable,Not Applicable,No,Yes,2,No,No,Not Applicable,Yes,Yes,No,No,No,2,575.09,153.5,135.27,0.972,Web,Invalid Claim,Chrome,57,Light,-0.08094,B0604
REC00182,CLM00813,CUS00575,PRD00887,Laptop,Gaming Laptop,Battery,Battery,ZenCore,ZEN-LAP-163,SN-26822991,2025-01-30,2025-07-07,2025-06-30,12,No,Battery Problem,Normal Wear,Customer reports battery problem affecting battery.,No,No,Yes,Not Applicable,Not Applicable,Not Applicable,Not Applicable,Not Applicable,Not Applicable,Not Applicable,Yes,Yes,No,Yes,Yes,Yes,Not Applicable,No,Not Applicable,Not Applicable,Not Applicable,Not Applicable,Not Applicable,No,0,Not Applicable,Yes,No,Yes,Yes,No,No,NO,1,1421.3,191.82,0.0,0.812,Mobile App,Invalid Claim,MobileWebView,51,Dark,-1.138,B0826
REC01334,CLM00663,CUS00342,PRD00856,Camera,DSLR,Camera Body,Camera Body,PrimeView,PRI-CAM-154,SN-41026116,2024-09-08,2026-08-08,2026-07-26,24,No,Battery Problem,Manufacturing Defect,Customer reports battery problem affecting camera body.,No,Unknown,No,Not Applicable,Not Applicable,Not Applicable,Not Applicable,Not Applicable,Not Applicable,Not Applicable,Yes,,No,Yes,Yes,Yes,Not Applicable,Not Applicable,Not Applicable,Not Applicable,Not Applicable,Not Applicable,Not Applicable,No,0,Not Applicable,Yes,Yes,Yes,Yes,No,No,No,2,1647.61,414.06,0.0,0.933,Email,Valid Claim,Chrome,55,Dark,-0.47973,B0311
REC00319,CLM00064,CUS00031,PRD00980,Camera,Action Camera,Lens,Lens,NovaTech,NOV-CAM-245,SN-68036509,2024-07-04,2026-06-08,2026-05-31,24,No,Battery Problem,Manufacturing Defect,Customer reports battery problem affecting lens.,No,No,Yes,Not Applicable,Not Applicable,Not Applicable,Not Applicable,Not Applicable,Not Applicable,Not Applicable,Yes,Yes,Yes,Yes,Yes,Yes,Not Applicable,Not Applicable,Not Applicable,Not Applicable,Yes,Not Applicable,Yes,Yes,1,Unknown,No,Not Applicable,Yes,Yes,No,No,No,1,2517.34,1170.42,507.0,0.78,Service Center,Manual Review,Safari,35,Dark,-0.24499,B0968
REC00122,CLM01253,CUS00463,PRD00176,Printer,Inkjet,Connection,Main Unit,NovaTech,NOV-PRI-105,SN-90681603,2025-11-06,2026-03-23,2026-03-04,12,No,Connectivity Issue,Internal Component Failure,Customer reports connectivity issue affecting connection.,Not Applicable,Not Applicable,Not Applicable,Not Applicable,Yes,Not Applicable,No,Not Applicable,Not Applicable,Original,No,No,No,No,Yes,Yes,Not Applicable,Not Applicable,Not Applicable,Not Applicable,Not Applicable,Yes,Not Applicable,No,0,Not Applicable,No,Not Applicable,Yes,Yes,No,No,No,0,831.37,154.2,0.0,0.733,Web,Manual Review,MobileWebView,5,System,2.85471,B0185
REC00785,CLM00250,CUS00544,PRD00203,Laptop,Consumer Laptop,Device,Main Unit,Aster,AST-LAP-523,SN-69754476,2023-05-07,2025-02-23,2025-01-26,24,No,Battery Problem,Water Damage,Customer reports battery problem affecting device.,No,Yes,Yes,Not Applicable,Not Applicable,Not Applicable,Not Applicable,Not Applicable,Not Applicable,Not Applicable,Yes,,Yes,Yes,Yes,Yes,Not Applicable,Not Applicable,Not Applicable,Not Applicable,Not Applicable,Not Applicable,Not Applicable,No,0,Not Applicable,No,Not Applicable,Yes,Yes,No,No,No,2,919.06,164.23,0.0,0.907,Service Center,Invalid Claim,Edge,26,Light,-0.22413,B0275
REC00285,CLM00612,CUS00050,PRD00097,Refrigerator,Double Door,Power,Main Unit,HomePro,HOM-REF-654,SN-71779963,2023-11-25,2025-05-23,2025-05-13,24,No,Power Failure,Internal Component Failure,Customer reports power failure affecting power.,Not Applicable,Not Applicable,Not Applicable,Household,Yes,Not Applicable,Not Applicable,Not Applicable,Not Applicable,Not Applicable,Yes,No,No,Yes,Yes,Yes,Not Applicable,Not Applicable,Not Applicable,Not Applicable,Not Applicable,Not Applicable,NA,No,0,Not Applicable,No,Not Applicable,Yes,Yes,No,No,No,1,2194.83,962.57,0.0,0.868,Web,Valid Claim,Chrome,21,System,1.83454,B0091
REC00805,CLM00177,CUS00281,PRD00726,CAMERA,Mirrorless,Camera Body,Camera Body,PrimeView,PRI-CAM-353,SN-80283073,2022-09-06,2024-01-02,2023-12-27,24,No,Lens Failure,Internal Component Failure,Customer reports lens failure affecting camera body.,No,No,Not Applicable,Not Applicable,Not Applicable,Not Applicable,Not Applicable,Not Applicable,Not Applicable,Not Applicable,No,,No,Yes,Yes,Yes,Not Applicable,Not Applicable,Not Applicable,Not Applicable,Not Applicable,Not Applicable,Yes,Yes,1,No,No,Not Applicable,Yes,Yes,No,No,No,0,1593.76,544.12,77.16,0.847,Service Center,Invalid Claim,Firefox,36,System,-0.1479,B0816
REC01145,CLM00898,CUS00052,PRD00966,Printer,Laser,Ink or Toner,Ink Or Toner,HomePro,HOM-PRI-234,SN-58188993,2026-02-25,2026-08-18,2026-08-04,0,No,Mechanical Failure,Electrical Failure,Customer reports mechanical failure affecting ink or toner.,Not Applicable,Not Applicable,Not Applicable,Not Applicable,No,Not Applicable,No,Not Applicable,Not Applicable,Original,Yes,Yes,No,Yes,Yes,Yes,Not Applicable,Not Applicable,Not Applicable,Not Applicable,Not Applicable,Yes,Not Applicable,No,0,Not Applicable,No,Not Applicable,Yes,Yes,No,No,No,1,491.2,213.72,0.0,0.757,Mobile App,Invalid Claim,Edge,40,Light,-0.1776,B0340
REC01414,CLM00798,CUS00241,PRD00494,Camera,DSLR,Camera Body,Camera Body,Aster,AST-CAM-852,SN-90764918,2022-03-22,2024-07-09,2024-06-02,240,Yes,Display Failure,Electrical Failure,Customer reports display failure affecting camera body.,No,No,Not Applicable,Not Applicable,Not Applicable,Not Applicable,Not Applicable,Not Applicable,Not Applicable,Not Applicable,Yes,Yes,Yes,Yes,Yes,Yes,Not Applicable,Not Applicable,Not Applicable,Not Applicable,Not Applicable,Not Applicable,Yes,Yes,2,Yes,No,N/A,Yes,Yes,No,Yes,No,1,1474.3,1169.76,38.66,0.83,Service Center,Invalid Claim,Firefox,36,Light,1.52182,B0372
REC00647,CLM00255,CUS00583,PRD00791,Laptop,2-in-1,Device,Main Unit,NovaTech,NOV-LAP-247,SN-25399893,2025-01-13,2026-03-23,2026-03-11,24,No,Battery Problem,Misuse,Customer reports battery problem affecting device.,No,No,Yes,Not Applicable,Not Applicable,Not Applicable,Not Applicable,Not Applicable,Not Applicable,Not Applicable,Yes,Yes,No,Yes,Yes,Yes,Not Applicable,Not Applicable,Not Applicable,Not Applicable,Not Applicable,Not Applicable,Not Applicable,No,0,Not Applicable,No,Not Applicable,Yes,Yes,No,No,No,3,888.93,326.93,0.0,0.86,Service Center,Invalid Claim,Chrome,47,Light,-1.35705,B0446
REC01328,CLM00496,CUS00333,PRD00447,Camera,Action Camera,Camera Body,Camera Body,Aster,AST-CAM-657,SN-51827794,2023-12-28,2025-08-08,2025-08-03,24,No,Power Failure,Lens Impact Damage,Customer reports power failure affecting camera body.,No,No,Not Applicable,Not Applicable,Not Applicable,Not Applicable,Not Applicable,Not Applicable,Not Applicable,Not Applicable,Yes,Yes,Yes,Yes,Yes,,Not Applicable,Not Applicable,Not Applicable,Not Applicable,Not Applicable,Not Applicable,Not Applicable,No,0,Not Applicable,Yes,Yes,Yes,Yes,No,No,No,0,3310.42,2036.44,0.0,0.873,Service Center,Invalid Claim,Safari,14,Dark,-1.09365,B0562
REC01042,CLM00074,CUS00681,PRD00735,Air Conditioner,Window,Indoor Unit,Main Unit,ZenCore,ZEN-AIR-536,SN-17075719,2023-07-18,2024-11-08,2024-11-01,24,No,Cooling Failure,Manufacturing Defect,Customer reports cooling failure affecting indoor unit.,Not Applicable,Not Applicable,Not Applicable,Not Applicable,No,Not Applicable,Not Applicable,Yes,Indoor Unit,Not Applicable,Yes,Yes,No,Yes,Yes,Yes,Yes,Not Applicable,Not Applicable,Not Applicable,Not Applicable,Not Applicable,,No,0,Not Applicable,No,Not Applicable,Yes,Yes,No,No,No,0,2572.65,295.47,0.0,0.893,Mobile App,Valid Claim,Chrome,12,Light,0.73776,B0499
REC00803,CLM00027,CUS00472,PRD00351,Washing Machine,Front Load,Water Leakage,Main Unit,ZenCore,ZEN-WAS-258,SN-10739711,2025-04-25,2026-06-02,2026-05-11,24,No,Water Leakage,Accidental Damage,Customer reports water leakage affecting water leakage.,Not Applicable,Not Applicable,Not Applicable,Household,No,Not Applicable,No,Not Applicable,Not Applicable,Not Applicable,No,Yes,Yes,Yes,No,No,Not Applicable,Not Applicable,Not Applicable,Not Applicable,Not Applicable,Not Applicable,Not Applicable,No,0,Not Applicable,No,Not Applicable,Yes,Yes,No,No,No,0,1620.03,937.55,0.0,0.801,Email,Invalid Claim,Firefox,24,System,0.99979,B0412
REC00476,CLM00734,CUS00633,PRD00182,Camera,Action Camera,Battery,Battery,PrimeView,PRI-CAM-325,SN-34228834,2025-03-27,2025-07-03,2025-06-21,6,No,Lens Failure,Electrical Failure,Customer reports lens failure affecting battery.,Unknown,No,Yes,Not Applicable,Not Applicable,Not Applicable,Not Applicable,Not Applicable,Not Applicable,Not Applicable,,Yes,No,Yes,Yes,Yes,Not Applicable,Not Applicable,Not Applicable,Not Applicable,Not Applicable,Not Applicable,,Yes,3,Yes,No,Not Applicable,Yes,Yes,No,No,No,-2,569.1,293.7,129.47,0.987,Web,Manual Review,Safari,48,System,1.73023,B0168
REC00923,CLM01113,CUS00497,PRD00974,Television,QLED,Sound,Main Unit,Aster,AST-TEL-584,SN-97600041,2023-03-27,2024-09-29,2024-09-24,24,NO,Audio Failure,Internal Component Failure,Customer reports audio failure affecting sound.,No,Not Applicable,Not Applicable,Not Applicable,Not Applicable,No,Not Applicable,Not Applicable,Not Applicable,Not Applicable,Yes,Yes,Yes,Yes,No,Yes,Not Applicable,Not Applicable,Not Applicable,Not Applicable,Not Applicable,Not Applicable,,No,99,Not Applicable,No,Not Applicable,Yes,Yes,No,Yes,No,0,1949.42,,0.0,0.741,Web,Manual Review,MobileWebView,46,Light,0.38756,B0457
REC01444,CLM01273,CUS00290,PRD00595,Television,LED,Remote Control,Remote Control,PrimeView,PRI-TEL-249,SN-37576554,2026-01-01,2026-03-15,2026-03-03,6,No,Audio Failure,Manufacturing Defect,Customer reports audio failure affecting remote control.,No,Not Applicable,Not Applicable,Not Applicable,Not Applicable,No,Not Applicable,Not Applicable,Not Applicable,Not Applicable,Yes,,No,Yes,Yes,Yes,Not Applicable,Not Applicable,Not Applicable,Not Applicable,Not Applicable,Not Applicable,Yes,Yes,3,Yes,No,Not Applicable,Yes,Yes,No,No,No,0,3173.61,1096.18,290.66,0.697,Service Center,Manual Review,Chrome,9,Dark,0.2405,B0247
REC00496,CLM00316,CUS00612,PRD00650,Refrigerator,Single Door,Other,Main Unit,ZenCore,ZEN-REF-358,SN-89108043,2023-07-19,2025-05-03,2025-04-27,24,No,Mechanical Failure,Internal Component Failure,Customer reports mechanical failure affecting other.,Not Applicable,Not Applicable,Not Applicable,Household,No,Not Applicable,Not Applicable,Not Applicable,Not Applicable,Not Applicable,Yes,Yes,Yes,Yes,Yes,,Not Applicable,Not Applicable,Not Applicable,Not Applicable,Not Applicable,Not Applicable,Not Applicable,No,0,Not Applicable,No,Not Applicable,Yes,Yes,No,No,No,1,1359.72,154.36,0.0,0.857,Web,Valid Claim,Chrome,8,Dark,-0.31696,B0306
REC01040,CLM01325,CUS00473,PRD00539,Television,LED,Connection,Main Unit,PrimeView,PRI-TEL-412,SN-57115294,2022-07-15,2024-02-26,2024-02-06,24,No,Connectivity Issue,Manufacturing Defect,Customer reports connectivity issue affecting connection.,No,Not Applicable,Not Applicable,Not Applicable,Not Applicable,No,Not Applicable,Not Applicable,Not Applicable,Not Applicable,Yes,No,Yes,No,Yes,No,Not Applicable,Not Applicable,Not Applicable,Not Applicable,Not Applicable,Not Applicable,Not Applicable,No,0,Not Applicable,No,Not Applicable,Yes,Yes,No,No,No,0,857.15,239.82,0.0,0.69,Mobile App,Manual Review,MobileWebView,33,System,-2.18489,B0049
REC00639,CLM00237,CUS00175,PRD00048,Camera,Mirrorless,Camera Body,Camera Body,PrimeView,PRI-CAM-103,SN-20050752,2022-08-21,2024-12-30,2024-12-17,24,No,Power Failure,Physical Damage,Customer reports power failure affecting camera body.,Yes,No,Not Applicable,Not Applicable,Not Applicable,Not Applicable,Not Applicable,Not Applicable,Not Applicable,Not Applicable,Yes,No,No,Yes,Yes,Yes,Not Applicable,Not Applicable,Not Applicable,Not Applicable,Not Applicable,Not Applicable,Not Applicable,No,0,Not Applicable,No,Not Applicable,Yes,Yes,No,No,No,0,2670.36,1180.26,0.0,0.862,Mobile App,Invalid Claim,Chrome,39,System,-0.14917,B0121
REC00043,CLM00913,CUS00579,PRD00737,Washing Machine,Washer Dryer,Water Leakage,Main Unit,PrimeView,PRI-WAS-607,SN-55516900,2023-12-19,2026-06-12,2026-05-14,24,Yes,Water Leakage,Overloading,Customer reports water leakage affecting water leakage.,Not Applicable,Not Applicable,Not Applicable,Household,No,Not Applicable,No,Not Applicable,Not Applicable,Not Applicable,Yes,No,Yes,Yes,Yes,No,Not Applicable,Not Applicable,Not Applicable,Not Applicable,Not Applicable,Not Applicable,Not Applicable,No,0,Not Applicable,No,Not Applicable,Yes,Yes,No,No,No,1,1815.46,,0.0,0.807,Web,Invalid Claim,Firefox,21,System,0.09553,B0225
REC00483,CLM00529,CUS00360,PRD00305,Washing Machine,Top Load,Water Leakage,Main Unit,PrimeView,PRI-WAS-537,SN-49056187,2023-11-21,2026-09-11,2026-09-09,24,No,Water Leakage,Internal Component Failure,Customer reports water leakage affecting water leakage.,Not Applicable,Not Applicable,Not Applicable,Household,Unknown,Not Applicable,Unknown,Not Applicable,Not Applicable,Not Applicable,Yes,Yes,Yes,Yes,Yes,Yes,Not Applicable,Not Applicable,Not Applicable,Not Applicable,Not Applicable,Not Applicable,,No,0,Not Applicable,No,Not Applicable,Yes,Yes,No,Yes,No,0,723.14,592.03,0.0,0.938,Web,Invalid Claim,MobileWebView,53,System,0.95598,B0386
REC00151,CLM01398,CUS00281,PRD00527,Camera,Action Camera,Lens,Lens,NovaTech,NOV-CAM-854,SN-46550238,2024-07-27,2026-01-23,2026-01-14,24,No,Battery Problem,Manufacturing Defect,Customer reports battery problem affecting lens.,Unknown,No,Yes,Not Applicable,Not Applicable,Not Applicable,Not Applicable,Not Applicable,Not Applicable,Not Applicable,Yes,Yes,No,No,Yes,Yes,Not Applicable,Not Applicable,Not Applicable,Not Applicable,Yes,Not Applicable,Not Applicable,No,0,Not Applicable,Yes,Yes,Yes,Yes,No,No,No,3,637.84,591.63,0.0,0.815,Service Center,Valid Claim,Chrome,27,Light,0.22444,B0255
REC00118,CLM00582,CUS00476,PRD00496,Smartphone,Foldable Smartphone,Phone,Main Unit,,PRI-SMA-331,SN-94623247,2023-09-06,2024-01-18,2023-12-23,12,No,Overheating,Electrical Failure,Customer reports overheating affecting phone.,No,No,Not Applicable,Not Applicable,Not Applicable,Not Applicable,Not Applicable,Not Applicable,Not Applicable,Not Applicable,Yes,Yes,Yes,Yes,No,Yes,Not Applicable,Not Applicable,Not Applicable,Not Applicable,Not Applicable,Not Applicable,Not Applicable,No,0,Not Applicable,No,Not Applicable,Yes,Yes,No,No,No,2,1141.69,930.67,0.0,0.85,Web,Manual Review,MobileWebView,43,System,-0.83316,B0203
REC00657,CLM00787,CUS00006,PRD00439,Camera,Action Camera,Not Sure,Camera Body,NovaTech,NOV-CAM-614,SN-39068456,2021-04-29,2024-02-08,2024-01-25,24,No,Lens Failure,Internal Component Failure,Customer reports lens failure affecting not sure.,No,No,Not Applicable,Not Applicable,Not Applicable,Not Applicable,Not Applicable,Not Applicable,Not Applicable,Not Applicable,Yes,Yes,Yes,No,No,Yes,Not Applicable,Not Applicable,Not Applicable,Not Applicable,Not Applicable,Not Applicable,Not Applicable,No,0,Not Applicable,No,Not Applicable,Yes,Yes,No,No,No,1,3189.99,2189.38,0.0,0.719,Web,Invalid Claim,MobileWebView,6,System,0.74632,B0245
REC01235,CLM00098,CUS00510,PRD00883,Smartphone,Foldable Smartphone,Not Sure,Main Unit,NovaTech,NOV-SMA-307,SN-84837851,2024-09-19,2025-05-04,2025-04-28,12,No,Overheating,Internal Component Failure,Customer reports overheating affecting not sure.,Yes,No,Not Applicable,Not Applicable,Not Applicable,Not Applicable,Not Applicable,Not Applicable,Not Applicable,Not Applicable,Yes,,Yes,Yes,Yes,Yes,Not Applicable,Not Applicable,Not Applicable,Not Applicable,Not Applicable,Not Applicable,Not Applicable,No,0,Not Applicable,No,Not Applicable,Yes,Yes,No,No,No,1,816.36,314.95,0.0,0.815,Web,Valid Claim,Edge,43,Dark,0.01121,B0956
REC00927,CLM01350,CUS00237,PRD00313,Printer,Laser,Power,Print Head,PrimeView,PRI-PRI-119,SN-95067905,2025-08-14,2025-12-12,2025-11-20,12,No,Power Failure,Manufacturing Defect,Customer reports power failure affecting power.,Not Applicable,Not Applicable,Not Applicable,Not Applicable,No,Not Applicable,No,Not Applicable,Not Applicable,Unknown,Yes,Yes,Yes,Yes,Yes,Yes,Not Applicable,Not Applicable,Not Applicable,Not Applicable,Not Applicable,Yes,Not Applicable,No,0,Not Applicable,No,Not Applicable,Yes,Yes,No, No ,No,0,209.72,999999.0,0.0,0.774,Service Center,Valid Claim,Firefox,23,Dark,0.61664,B0468
REC01091,CLM00037,CUS00183,PRD00229,Laptop,2-in-1,Device,Main Unit,NovaTech,NOV-LAP-745,SN-33573323,2023-01-12,2024-11-06,2024-11-05,24,No,Display Failure,Manufacturing Defect,Customer reports display failure affecting device.,Unknown,No,Not Applicable,Not Applicable,Not Applicable,Not Applicable,Not Applicable,Not Applicable,Not Applicable,Not Applicable,Yes,Yes,No,No,No,Yes,Not Applicable,Not Applicable,Not Applicable,Not Applicable,Not Applicable,Not Applicable,Yes,Yes,3,Yes,No,Not Applicable,Yes,Yes,No,No,No,2,2108.7,763.89,393.66,0.89,Email,Manual Review,Firefox,49,Dark,0.06096,B0596
REC00117,CLM00301,CUS00405,PRD00154,Air Conditioner,Portable,Both,Main Unit,ZenCore,ZEN-AIR-309,SN-45905172,2024-05-01,2026-06-09,2026-05-10,24,Yes,Water Leakage,Internal Component Failure,Customer reports water leakage affecting both.,Not Applicable,Not Applicable,Not Applicable,Not Applicable,No,Not Applicable,Not Applicable,No,Both,Not Applicable,Yes,Yes,Yes,Yes,Yes,Yes,No,Not Applicable,Not Applicable,Not Applicable,Not Applicable,Not Applicable,Not Applicable,No,0,Not Applicable,No,Not Applicable,Yes,Yes,No,No,No,2,1353.6,634.23,0.0,0.871,Web,Manual Review,MobileWebView,53,Dark,0.0781,B0857
REC01365,CLM01268,CUS00370,PRD00673,Air Conditioner,Portable,Indoor Unit,Main Unit,Aster,AST-AIR-140,SN-71076066,2024-09-22,2026-01-22,2026-01-11,24,No,Cooling Failure,Electrical Failure,Customer reports cooling failure affecting indoor unit.,Not Applicable,Not Applicable,Not Applicable,Not Applicable,No,Not Applicable,Not Applicable,No,Indoor Unit,Not Applicable,Yes,Yes,Yes,Yes,Yes,No,Yes,Not Applicable,Not Applicable,Not Applicable,Not Applicable,Not Applicable,Not Applicable,No,0,Not Applicable,No,Not Applicable,Yes,Yes,No,No,No,0,1993.05,-1.0,0.0,0.985,Mobile App,Manual Review,Edge,46,System,0.40807,B0447
REC01494,CLM00879,CUS00016,PRD00707,Air Conditioner,Portable,Both,Main Unit,ZenCore,ZEN-AIR-687,SN-47036749,2023-06-05,2024-09-17,2024-09-09,24,No,Water Leakage,Internal Component Failure,Customer reports water leakage affecting both.,Not Applicable,Not Applicable,Not Applicable,Not Applicable,No,Not Applicable,Not Applicable,No,Both,Not Applicable,Yes,Yes,Yes,Yes,Yes,Yes,Yes,Not Applicable,Not Applicable,Not Applicable,Not Applicable,Not Applicable,Not Applicable,No,0,Not Applicable,No,Not Applicable,Yes,Yes,No,Yes,Yes,0,482.12,73.48,0.0,0.809,Web,Manual Review,Safari,40,Light,0.13962,B0979
REC00432,CLM00050,CUS00684,PRD00690,Air Conditioner,Cassette,Indoor Unit,Main Unit,ZenCore,ZEN-AIR-423,SN-51412631,2022-03-08,2024-02-19,2024-02-11,24,No,Noise,Internal Component Failure,Customer reports noise affecting indoor unit.,Not Applicable,Not Applicable,Not Applicable,Not Applicable,No,Not Applicable,Not Applicable,No,Indoor Unit,Not Applicable,Yes,Yes,Yes,Yes,Yes,Yes,Yes,Not Applicable,Not Applicable,Not Applicable,Not Applicable,Not Applicable,Not Applicable,No,0,Not Applicable,No,Not Applicable,Unknown,Yes,No,No,No,3,1548.4,341.19,0.0,0.79,Mobile App,Manual Review,Chrome,15,Light,-1.10207,B0605
REC01447,CLM00232,CUS00402,PRD00508,Television,LED,Picture,Main Unit,HomePro,HOM-TEL-662,SN-43150584,2024-03-20,2025-08-09,2025-07-28,24,No,Display Failure,Manufacturing Defect,Customer reports display failure affecting picture.,No,Not Applicable,Not Applicable,Not Applicable,Not Applicable,No,Not Applicable,Not Applicable,Not Applicable,Not Applicable,No,Yes,Yes,Yes,Yes,,Not Applicable,Not Applicable,Not Applicable,Not Applicable,Not Applicable,Not Applicable,Not Applicable,No,0,Not Applicable,No,Not Applicable,Yes,Yes,No,No,No,1,745.65,390.1,0.0,0.96,Web,Valid Claim,Chrome,37,Dark,-0.22442,B0124
REC00712,CLM01175,CUS00541,PRD00718,Air Conditioner,Window,Both,Main Unit,ZenCore,ZEN-AIR-346,SN-55793394,2024-12-26,2026-05-05,2026-04-15,24,No,Power Failure,Internal Component Failure,Customer reports power failure affecting both.,Not Applicable,Not Applicable,Not Applicable,Not Applicable,Yes,Not Applicable,Not Applicable,No,Both,Not Applicable,Yes,,Yes,Yes,YES,,Yes,Not Applicable,Not Applicable,Not Applicable,Not Applicable,Not Applicable,Not Applicable,No,0,Not Applicable,No,Not Applicable,Yes,Yes,No,Yes,No,0,738.21,557.39,0.0,, Mobile App ,Valid Claim,Chrome,20,Dark,-0.4535,B0952
REC00051,CLM00479,CUS00432,PRD00800,Washing Machine,Top Load,Not Sure,Main Unit,ZenCore,ZEN-WAS-318,SN-26413004,2024-12-05,2026-02-11,2026-02-01,24,No,Water Leakage,Internal Component Failure,Customer reports water leakage affecting not sure.,Not Applicable,Not Applicable,Not Applicable,Household,No,Not Applicable,No,Not Applicable,Not Applicable,Not Applicable,Yes,Yes,Yes,Yes,,Yes,Not Applicable,Not Applicable,Not Applicable,Not Applicable,Not Applicable,Not Applicable,Not Applicable,No,0,Not Applicable,No,Not Applicable,Yes,Yes,No,No,No,1,546.42,498.51,0.0,0.877,Web,Valid Claim,Safari,5,Dark,0.08387,B0720
REC01096,CLM01134,CUS00061,PRD00406,Smartphone,Rugged Smartphone,Phone,Main Unit,NovaTech,NOV-SMA-820,SN-55940270,2026-01-13,2026-06-10,2026-05-26,12,No,Connectivity Issue,Internal Component Failure,Customer reports connectivity issue affecting phone.,No,No,Not Applicable,Not Applicable,Not Applicable,Not Applicable,Not Applicable,Not Applicable,Not Applicable,Not Applicable,Yes,Yes,No,Yes,Yes,No,Not Applicable,Not Applicable,Not Applicable,Not Applicable,Not Applicable,Not Applicable,Not Applicable,No,0,Not Applicable,No,Not Applicable,Yes,Yes,No,No,No,0,1260.74,307.81,0.0,0.872,Web,Manual Review,Firefox,7,Light,-0.49992,B0228
REC00824,CLM00968,CUS00671,PRD00885,Washing Machine,Top Load,Noise,Main Unit,,HOM-WAS-291,SN-46832593,2023-12-07,2025-01-30,2025-01-18,24,No,Noise,Internal Component Failure,Customer reports noise affecting noise.,Not Applicable,Not Applicable,Not Applicable,Household,Unknown,Not Applicable,No,Not Applicable,Not Applicable,Not Applicable,Yes,Yes,Yes,Yes,Yes,Yes,Not Applicable,Not Applicable,Not Applicable,Not Applicable,Not Applicable,Not Applicable,,No,0,Not Applicable,No,Not Applicable,Yes,Yes,No,No,No,1,1016.42,366.53,0.0,0.731,Service Center,Valid Claim,MobileWebView,48,Dark,0.23365,B0258
REC00756,CLM01002,CUS00376,PRD00593,Television,QLED,Sound,Main Unit,Aster,AST-TEL-371,SN-65667374,2023-03-03,2025-01-30,2025-01-10,24,No,Audio Failure,Manufacturing Defect,Customer reports audio failure affecting sound.,No,Not Applicable,Not Applicable,Not Applicable,Not Applicable,Yes,Not Applicable,Not Applicable,Not Applicable,Not Applicable,Yes,,Yes,Yes,Yes,Yes,Not Applicable,Not Applicable,Not Applicable,Not Applicable,Not Applicable,Not Applicable,,No,0,Not Applicable,No,Not Applicable,Yes,Yes,No,No,No,0,1649.58,709.51,0.0,0.723,email,Valid Claim,Safari,37,System,0.68499,B0542
REC00744,CLM00005,CUS00397,PRD00218,Refrigerator,Single Door,Water Leakage,Main Unit,Aster,AST-REF-634,SN-57044097,2022-07-24,2024-07-18,2024-07-02,24,No,Water Leakage,Internal Component Failure,Customer reports water leakage affecting water leakage.,Not Applicable,Not Applicable,Not Applicable,Household,No,Not Applicable,Not Applicable,Not Applicable,Not Applicable,Not Applicable,Yes,Yes,Yes,Yes,Yes,,Not Applicable,Not Applicable,Not Applicable,Not Applicable,Not Applicable,Not Applicable,Not Applicable,No,0,Not Applicable,No,Not Applicable,Yes,Yes,No,No,No,0,1876.65,669.18,0.0,,Service Center,Manual Review,MobileWebView,20,System,-1.71767,B0931
REC00717,CLM00809,CUS00033,PRD00843,Air Conditioner,Split,Outdoor Unit,Compressor,HomePro,HOM-AIR-682,SN-61950703,2019-09-12,2024-03-09,2024-02-01,60,No,Noise,Electrical Failure,Customer reports noise affecting outdoor unit.,Not Applicable,Not Applicable,Not Applicable,Not Applicable,Yes,Not Applicable,Not Applicable,Unknown,Outdoor Unit,Not Applicable,Yes,Yes,No,Yes,Yes,Yes,Yes,Not Applicable,Not Applicable,Yes,Not Applicable,Not Applicable,Yes,Yes,1,Yes,No,Not Applicable,No,Yes,No,No,No,0,2189.0,933.3,205.12,0.763,Web,Invalid Claim,MobileWebView,26,Dark,-0.085,B0571
REC00416,CLM00264,CUS00419,PRD00977,Printer,Inkjet,Connection,Main Unit,HomePro,HOM-PRI-208,SN-44052811,2023-07-26,2024-06-23,2024-06-20,12,No,Connectivity Issue,Electrical Failure,Customer reports connectivity issue affecting connection.,Not Applicable,Not Applicable,Not Applicable,Not Applicable,No,Not Applicable,No,Not Applicable,Not Applicable,Compatible,Yes,Yes,Yes,Yes,Yes,Yes,Not Applicable,Not Applicable,Not Applicable,Not Applicable,Not Applicable,Yes,Not Applicable,No,0,Not Applicable,No,Not Applicable,Unknown,Yes,No,No,No,0,895.2,257.94,0.0,0.74,Mobile App,Manual Review,MobileWebView,25,Light,0.98133,B0839
REC00148,CLM00170,CUS00323,PRD00276,Air Conditioner,Cassette,Both,Main Unit,HomePro,HOM-AIR-397,SN-26806211,2024-08-14,2025-09-08,2025-08-20,24,No,Cooling Failure,Physical Damage,Customer reports cooling failure affecting both.,Not Applicable,Not Applicable,Not Applicable,Not Applicable,No,Not Applicable,Not Applicable,No,Both,Not Applicable,Yes,Yes,Yes,Yes,No,Yes,Yes,Not Applicable,Not Applicable,Not Applicable,Not Applicable,Not Applicable,Not Applicable,No,0,Not Applicable,No,Not Applicable,Yes,Yes,No,No,No,0,1893.5,428.33,0.0,0.966,Service Center,Invalid Claim,MobileWebView,26,Dark,-1.1489,B0831
REC01321,CLM00394,CUS00158,PRD00314,Air Conditioner,Cassette,Not Sure,Main Unit,Aster,AST-AIR-805,SN-98899914,2023-02-20,2024-11-24,2024-11-13,24,No,Noise,Manufacturing Defect,Customer reports noise affecting not sure.,Not Applicable,Not Applicable,Not Applicable,Not Applicable,No,Not Applicable,Not Applicable,Yes,Not Sure,Not Applicable,Yes,Yes,No,,Yes,Yes,Yes,Not Applicable,Not Applicable,Not Applicable,Not Applicable,Not Applicable,No,Yes,2,Yes,No,Not Applicable,Yes,Yes,No,No,No,1,2537.58,513.27,206.38,0.804,Mobile App,Manual Review,MobileWebView,18,Light,-1.10794,B0006
REC01198,CLM00967,CUS00690,PRD00789,Smartphone,Foldable Smartphone,Phone,Main Unit,PrimeView,PRI-SMA-463,SN-64073334,2024-07-12,2025-06-19,2025-06-13,12,No,Overheating,Misuse,Customer reports overheating affecting phone.,Yes,No,Not Applicable,Not Applicable,Not Applicable,Not Applicable,Not Applicable,Not Applicable,Not Applicable,Not Applicable,Yes,Yes,No,Yes,Yes,Yes,Not Applicable,Not Applicable,Not Applicable,Not Applicable,Not Applicable,Not Applicable,Yes,Yes,2,Yes,No,Not Applicable,Yes,Yes,No,No,No,1,1338.37,574.4,347.7,0.934,Web,Invalid Claim,Firefox,31,System,-0.85243,B0940
REC00575,CLM00482,CUS00122,PRD00010,Camera,DSLR,Battery,Battery,NovaTech,NOV-CAM-798,SN-44641858,2025-03-19,2025-07-09,2025-06-20,6,No,Power Failure,Normal Wear,Customer reports power failure affecting battery.,Unknown,No,Yes,Not Applicable,Not Applicable,Not Applicable,Not Applicable,Not Applicable,Not Applicable,Not Applicable,Yes,Yes,Yes,Yes,No,Yes,Not Applicable,Not Applicable,Not Applicable,Not Applicable,Not Applicable,Not Applicable,Not Applicable,No,0,Not Applicable,No,Not Applicable,Yes,Yes,No,No,No,1,2986.86,549.77,0.0,0.944,Web,Invalid Claim,Edge,3,Light,0.76944,B0561
REC00922,CLM01311,CUS00042,PRD00376,Laptop,Consumer Laptop,Not Sure,Main Unit,ZenCore,ZEN-LAP-489,SN-63821084,2022-02-14,2024-01-22,2024-01-17,24,No,Display Failure,Electrical Failure,Customer reports display failure affecting not sure.,No,No,Not Applicable,Not Applicable,Not Applicable,Not Applicable,Not Applicable,Not Applicable,Not Applicable,Not Applicable,Yes,Yes,Yes,Yes,Yes,No,Not Applicable,Not Applicable,Not Applicable,Not Applicable,Not Applicable,Not Applicable,Not Applicable,No,0,Not Applicable,No,Not Applicable,Yes,Yes,No,No,No,1,836.91,482.97,0.0,0.72,Mobile App,Manual Review,Safari,24,System,0.37481,B0187
REC01201,CLM01351,CUS00320,PRD00210,Television,OLED,Picture,Main Unit,Aster,AST-TEL-751,SN-37117523,2022-05-15,2024-05-15,2024-04-21,24,Yes,Display Failure,Internal Component Failure,Customer reports display failure affecting picture.,No,Not Applicable,Not Applicable,Not Applicable,Not Applicable,Yes,Not Applicable,Not Applicable,Not Applicable,Not Applicable,Yes,Yes,No,No,Yes,Yes,Not Applicable,Not Applicable,Not Applicable,Not Applicable,Not Applicable,Not Applicable,Yes,Yes,1,Yes,No,Not Applicable,Yes,Yes,No,No,No,1,1841.86,823.33,190.82,0.479, Mobile App ,Manual Review,Chrome,10,Dark,1.35618,B0463
REC00695,CLM00032,CUS00156,PRD00590,Smartphone,Foldable Smartphone,Phone,Main Unit,NovaTech,NOV-SMA-731,SN-82031689,2024-06-21,2025-07-28,2025-07-06,12,No,Battery Problem,Manufacturing Defect,Customer reports battery problem affecting phone.,No,No,Yes,Not Applicable,Not Applicable,Not Applicable,Not Applicable,Not Applicable,Not Applicable,Not Applicable,Yes,Yes,Yes,Yes,Yes,Yes,Not Applicable,Not Applicable,Not Applicable,Not Applicable,Not Applicable,Not Applicable,Not Applicable,No,0,Not Applicable,No,Not Applicable,Yes,Yes,No,No,No,1,739.37,264.87,0.0,0.817,Mobile App,Invalid Claim,MobileWebView,36,System,-0.96318,B0282
REC00646,CLM00509,CUS00247,PRD00451,Printer,Thermal,Connection,Main Unit,NovaTech,NOV-PRI-910,SN-51850891,2024-01-11,2024-08-25,2024-07-23,12,No,Connectivity Issue,Accidental Damage,Customer reports connectivity issue affecting connection.,Not Applicable,Not Applicable,Not Applicable,Not Applicable,No,Not Applicable,No,Not Applicable,Not Applicable,Compatible,Yes,Yes,No,Yes,Yes,Yes,Not Applicable,Not Applicable,Not Applicable,Not Applicable,Not Applicable,Yes,,No,0,Not Applicable,No,Not Applicable,Yes,Yes,No,No,Yes,1,463.31,268.86,0.0,0.738,Service Center,Invalid Claim,Chrome,22,Light,0.34574,B0884
REC01283,CLM00303,CUS00362,PRD00181,Air Conditioner,Portable,Both,Main Unit,HomePro,HOM-AIR-179,SN-20320898,2023-03-08,2024-12-18,2024-12-13,24,No,Water Leakage,Manufacturing Defect,Customer reports water leakage affecting both.,Not Applicable,Not Applicable,Not Applicable,Not Applicable,No,Not Applicable,Not Applicable,No,Both,Not Applicable,,,Yes,Yes,No,Yes,Yes,Not Applicable,Not Applicable,Not Applicable,Not Applicable,Not Applicable,Yes,Yes,2,Yes,No,Not Applicable,Yes,Yes,No,No,No,0,1900.31,1644.86,444.7,0.922,Mobile App,Manual Review,Firefox,41,Light,-0.38975,B0371
REC00021,CLM00011,CUS00584,PRD00730,Printer,Laser,Power,Main Unit,NovaTech,NOV-PRI-972,SN-19831818,2024-12-14,2025-05-08,2025-05-03,12,No,Power Failure,Manufacturing Defect,Customer reports power failure affecting power.,Not Applicable,Not Applicable,Not Applicable,Not Applicable,No,Not Applicable,No,Not Applicable,Not Applicable,Original,Yes,Yes,No,Yes,Yes,,Not Applicable,Not Applicable,Not Applicable,Not Applicable,Not Applicable,No,Not Applicable,No,0,Not Applicable,No,NA,Yes,Yes,No,YES,No,3,1153.17,301.14,0.0,0.737,Service Center,Manual Review,Chrome,52,System,0.39211,B0059
REC01358,CLM00962,CUS00375,PRD00389,Printer,Inkjet,Ink or Toner,Ink Or Toner,PrimeView,PRI-PRI-519,SN-63055141,2025-08-26,2026-01-08,2026-01-05,0,No,Mechanical Failure,Consumable Depletion,Customer reports mechanical failure affecting ink or toner.,Not Applicable,Not Applicable,Not Applicable,Not Applicable,No,Not Applicable,No,Not Applicable,Not Applicable,Original,Yes,No,No,Yes,No,Yes,Not Applicable,Not Applicable,Not Applicable,Not Applicable,Not Applicable,Yes,Yes,Yes,3,Yes,No,Not Applicable,Yes,Yes,No,No,No,3,313.67,119.05,531.64,0.848,Web,Invalid Claim,Edge,37,Dark,-1.522,B0911
REC00384,CLM00497,CUS00533,PRD00345,Printer,Laser,Ink or Toner,Ink Or Toner,HomePro,HOM-PRI-273,SN-14888454,2025-02-22,2025-10-06,2025-10-02,0,No,Mechanical Failure,Internal Component Failure,Customer reports mechanical failure affecting ink or toner.,Not Applicable,Not Applicable,Not Applicable,Not Applicable,Yes,Not Applicable,No,Not Applicable,Not Applicable,Original,Yes,No,Yes,Yes,Yes,Yes,Not Applicable,Not Applicable,Not Applicable,Not Applicable,Not Applicable,Yes,Not Applicable,No,0,Not Applicable,No,Not Applicable,Yes,Yes,No,No,No,0,791.62,672.18,0.0,0.639,Web,Invalid Claim,Edge,21,Dark,-2.02994,B0616
REC00273,CLM01080,CUS00335,PRD00663,Television,OLED,Picture,Main Unit,HomePro,HOM-TEL-322,SN-35445980,2022-11-16,2025-09-04,2025-08-11,24,Yes,Display Failure,Electrical Failure,Customer reports display failure affecting picture.,No,Not Applicable,Not Applicable,Not Applicable,Not Applicable,No,Not Applicable,Not Applicable,Not Applicable,Not Applicable,Yes,Yes,Yes,Yes,Yes,Yes,Not Applicable,Not Applicable,Not Applicable,Not Applicable,Not Applicable,Not Applicable,Yes,Yes,2,Yes,No,Not Applicable,Yes,Yes,No,No,No,0,389.89,86.51,384.89,,Mobile App,Valid Claim,MobileWebView,27,Dark,1.67403,B0704
REC00390,CLM00850,CUS00564,PRD00015,Laptop,Consumer Laptop,Device,Main Unit,Aster,AST-LAP-804,SN-19433016,2023-04-23,2024-10-13,2026-99-41,24,No,Display Failure,Internal Component Failure,Customer reports display failure affecting device.,No,Unknown,Not Applicable,Not Applicable,Not Applicable,Not Applicable,Not Applicable,Not Applicable,Not Applicable,Not Applicable,Yes,Yes,Yes,Yes,Yes,Yes,Not Applicable,Not Applicable,Not Applicable,Not Applicable,Not Applicable,Not Applicable,Yes,Yes,3,Yes,No,Not Applicable,Yes,Yes,NO,No,No,0,2277.51,1899.54,494.48,0.826,Service Center,Valid Claim,Edge,2,Light,-1.44131,B0617
REC00305,CLM00599,CUS00601,PRD00328,Washing Machine,Top Load,Power,Main Unit,PrimeView,PRI-WAS-959,SN-81536615,2023-12-09,2025-04-15,2025-03-23,24,No,Power Failure,Internal Component Failure,Customer reports power failure affecting power.,Not Applicable,Not Applicable,Not Applicable,Household,Yes,Not Applicable,No,Not Applicable,Not Applicable,Not Applicable,Yes,Yes,Yes,Yes,Yes,Yes,Not Applicable,Not Applicable,Not Applicable,Not Applicable,Not Applicable,Not Applicable,Not Applicable,No,0,Not Applicable,No,Not Applicable,Yes,Yes,No,Yes,Yes,0,868.07,605.48,0.0,0.887,Service Center,Manual Review,Edge,18,System,1.38369,B0599
REC01456,CLM00662,CUS00356,PRD00158,Washing Machine,Washer Dryer,Spinning,Main Unit,PrimeView,PRI-WAS-230,SN-97335867,2022-10-25,2024-02-12,2024-01-15,24,No,Mechanical Failure,Misuse,Customer reports mechanical failure affecting spinning.,Not Applicable,Not Applicable,Not Applicable,Household,Yes,Not Applicable,No,Not Applicable,Not Applicable,Not Applicable,Yes,Yes,Yes,Yes,Yes,Yes,Not Applicable,Not Applicable,Not Applicable,Not Applicable,Not Applicable,Not Applicable,No,Yes,3,Yes,No,Not Applicable,Yes,Yes,No,No,No,0,1609.2,136.77,247.68,0.764,Web,Invalid Claim,Edge,9,System,-1.03065,B0055
REC01140,CLM01448,CUS00219,PRD00707,SMARTPHONE,Standard Smartphone,Phone,Main Unit,NovaTech,NOV-SMA-801,SN-57105643,2025-09-15,2026-05-09,2026-05-04,12,No,Power Failure,Manufacturing Defect,Customer reports power failure affecting phone.,No,Yes,Not Applicable,Not Applicable,Not Applicable,Not Applicable,Not Applicable,Not Applicable,Not Applicable,Not Applicable,Yes,Yes,Yes,Yes,Yes,Yes,Not Applicable,Not Applicable,Not Applicable,Not Applicable,Not Applicable,Not Applicable,Not Applicable,No,0,Not Applicable,No,Not Applicable,Yes,Yes,No,No,No,0,976.52,827.22,0.0,,Web,Manual Review,MobileWebView,43,Dark,-0.01794,B0329
REC00850,CLM00061,CUS00412,PRD00240,Television,LED,Sound,Main Unit,Aster,AST-TEL-406,SN-31899206,2023-06-28,2025-03-01,2025-02-15,24,No,Audio Failure,Electrical Failure,Customer reports audio failure affecting sound.,No,Not Applicable,Not Applicable,Not Applicable,Not Applicable,Yes,Not Applicable,Not Applicable,Not Applicable,Not Applicable,Yes,,No,No,No,Yes,Not Applicable,Not Applicable,Not Applicable,Not Applicable,Not Applicable,Not Applicable,No,Yes,3,No,No,Not Applicable,Yes,Yes,Yes,No,No,0,2360.2,2165.01,314.83,0.836,Mobile App,Invalid Claim,MobileWebView,18,System,-0.8114,B0741
REC00063,CLM00112,CUS00098,PRD00204,Printer,Laser,Power,Print Head,HomePro,HOM-PRI-110,SN-44705317,2025-06-05,2026-05-09,2026-04-17,12,No,Power Failure,Manufacturing Defect,Customer reports power failure affecting power.,Not Applicable,Not Applicable,Not Applicable,Not Applicable,No,Not Applicable,No,Not Applicable,Not Applicable,Original,Yes,Yes,No,Yes,Yes,Yes,Not Applicable,Not Applicable,Not Applicable,Not Applicable,Not Applicable,Yes,Not Applicable,No,0,Not Applicable,No,Not Applicable,Yes,Yes,Yes,No,No,0,854.2,657.57,0.0,0.821,Service Center,Invalid Claim,Firefox,35,Dark,1.06396,B0467
REC-DUP-0042,CLM00442,CUS00384,PRD00740,Laptop,Gaming Laptop,Not Sure,Main Unit,Aster,AST-LAP-470,SN-18401975,2023-01-29,2024-05-26,2024-05-20,24,No,Overheating,Internal Component Failure,Customer reports overheating affecting not sure.,No,No,Not Applicable,Not Applicable,Not Applicable,Not Applicable,Not Applicable,Not Applicable,Not Applicable,Not Applicable,Yes,Yes,Yes,Yes,Yes,Yes,Not Applicable,Not Applicable,Not Applicable,Not Applicable,Not Applicable,Not Applicable,Not Applicable,No,0,Not Applicable,No,Not Applicable,Yes,Yes,No,Yes,No,0,1759.02,599.35,0.0,0.811,Email,Valid Claim,MobileWebView,7,Light,-0.2637,B0333
REC00412,CLM00030,CUS00579,PRD00910,Television,LED,Picture,Main Unit,Aster,AST-TEL-833,SN-30584815,2023-08-14,2025-06-25,2025-06-20,24,No,Display Failure,Manufacturing Defect,Customer reports display failure affecting picture.,No,Not Applicable,Not Applicable,Not Applicable,Not Applicable,No,Not Applicable,Not Applicable,Not Applicable,Not Applicable,Yes,,Yes,No,Yes,Yes,Not Applicable,Not Applicable,Not Applicable,Not Applicable,Not Applicable,Not Applicable,Not Applicable,No,0,Not Applicable,No,Not Applicable,Yes,Yes,No,No,No,0,606.45,118.54,0.0,0.573,Mobile App,Manual Review,Safari,23,Light,-0.44039,B0896
REC00570,CLM00342,CUS00053,PRD00355,Television,QLED,Remote Control,Remote Control,Aster,AST-TEL-332,SN-19476562,2025-12-06,2026-04-02,2026-03-12,6,No,Display Failure,Internal Component Failure,Customer reports display failure affecting remote control.,No,Not Applicable,Not Applicable,Not Applicable,Not Applicable,Yes,Not Applicable,Not Applicable,Not Applicable,Not Applicable,Yes,Yes,No,Yes,Yes,Yes,Not Applicable,Not Applicable,Not Applicable,Not Applicable,Not Applicable,Not Applicable,Not Applicable,No,0,Not Applicable,No,Not Applicable,Yes,Yes,No,No,No,2,1073.36,118.71,,0.892,Mobile App,Valid Claim,Firefox,32,Light,-0.17168,B0052
REC00609,CLM01003,CUS00083,PRD00334,Camera,DSLR,Not Sure,Camera Body,Aster,AST-CAM-320,SN-97551923,2024-09-05,2025-10-02,2025-09-03,24,No,Battery Problem,Electrical Failure,Customer reports battery problem affecting not sure.,No,No,Yes,Not Applicable,Not Applicable,Not Applicable,Not Applicable,Not Applicable,Not Applicable,Not Applicable,Yes,,No,Yes,Yes,Yes,Not Applicable,Not Applicable,Not Applicable,Not Applicable,Not Applicable,Not Applicable,not applicable,No,0,Not Applicable,No,Not Applicable,Yes,Yes,No,No,Yes,2,605.5,136.34,0.0,0.868,Mobile App,Manual Review,MobileWebView,27,Dark,0.15743,B0792
REC00452,CLM01396,CUS00370,PRD00998,Camera,DSLR,Camera Body,Camera Body,Aster,AST-CAM-863,SN-96193081,2023-11-11,2025-06-14,2025-05-30,24,No,Power Failure,Manufacturing Defect,Customer reports power failure affecting camera body.,No,No,Not Applicable,Not Applicable,Not Applicable,Not Applicable,Not Applicable,Not Applicable,Not Applicable,Not Applicable,Yes,Yes,Yes,Yes,Yes,Yes,Not Applicable,Not Applicable,Not Applicable,Not Applicable,Not Applicable,Not Applicable,,Yes,2,Yes,No,Not Applicable,yes,YES,No,No,No,2,864.94,217.07,,0.988,Service Center,Valid Claim,Chrome,4,Light,-0.0657,B0783
REC00984,CLM00665,CUS00333,PRD00829,Smartphone,Rugged Smartphone,Phone,Main Unit,NovaTech,NOV-SMA-451,SN-43232170,2024-05-13,2026-04-24,2026-04-07,12,Yes,Power Failure,Misuse,Customer reports power failure affecting phone.,No,No,Not Applicable,Not Applicable,Not Applicable,Not Applicable,Not Applicable,Not Applicable,Not Applicable,Not Applicable,No,,Yes,,Yes,Yes,Not Applicable,Not Applicable,Not Applicable,Not Applicable,Not Applicable,Not Applicable,Yes,Yes,2,Yes,No,Not Applicable,Yes,Yes,No,Yes,No,2,1757.77,1279.9,507.11,0.834,web,Invalid Claim,MobileWebView,40,System,0.78595,B0642
REC01253,CLM00140,CUS00337,PRD00445, Smartphone ,Rugged Smartphone,Phone,Main Unit,Aster,AST-SMA-767,SN-30008848,2025-02-23,2025-11-17,2025-11-08,12,No,Overheating,Physical Damage,Customer reports overheating affecting phone.,No,No,Not Applicable,Not Applicable,Not Applicable,Not Applicable,Not Applicable,Not Applicable,Not Applicable,Not Applicable,Yes,NO,Yes,Yes,Yes,Yes,Not Applicable,Not Applicable,Not Applicable,Not Applicable,Not Applicable,Not Applicable,Not Applicable,No,0,Not Applicable,No,Not Applicable,Yes,Yes,No,No,No,0,394.74,226.51,0.0,0.876,Web,Invalid Claim,Chrome,13,System,0.15279,B0262
REC00793,CLM01191,CUS00142,PRD00835,Smartphone,Rugged Smartphone,Phone,Main Unit,Aster,AST-SMA-387,SN-40421837,2024-07-07,2024-11-01,2024-10-11,12,No,Power Failure,Electrical Failure,Customer reports power failure affecting phone.,No,No,Not Applicable,Not Applicable,Not Applicable,Not Applicable,Not Applicable,Not Applicable,Not Applicable,Not Applicable,Yes,Yes,No,Yes,Yes,,Not Applicable,Not Applicable,Not Applicable,Not Applicable,Not Applicable,Not Applicable,Not Applicable,No,0,Not Applicable,No,Not Applicable,Yes,Yes,No,No,Yes,0,1451.12,232.59,0.0,0.786,Web,Manual Review,Edge,36,Light,-0.03965,B0077
REC00340,CLM00579,CUS00356,PRD00999,Television,OLED,Picture,Main Unit,PrimeView,PRI-TEL-293,SN-41481420,2024-06-24,2025-11-16,2025-10-15,24,No,Display Failure,Electrical Failure,Customer reports display failure affecting picture.,No,Not Applicable,Not Applicable,Not Applicable,Not Applicable,No,Not Applicable,Not Applicable,Not Applicable,Not Applicable,Yes,Yes,Yes,Yes,Yes,No,Not Applicable,Not Applicable,Not Applicable,Not Applicable,Not Applicable,Not Applicable,Not Applicable,No,0,Not Applicable,No,Not Applicable,Yes,Yes,No,No,No,4,1791.2,977.18,0.0,0.902,Web,Invalid Claim,Firefox,57,Light,0.92062,B0970
REC00076,CLM00576,CUS00622,PRD00985,Camera,DSLR,Camera Body,Camera Body,NovaTech,NOV-CAM-900,SN-51497710,2023-01-16,2024-12-07,2024-11-28,24,No,Lens Failure,Internal Component Failure,Customer reports lens failure affecting camera body.,No,Yes,Not Applicable,Not Applicable,Not Applicable,Not Applicable,Not Applicable,Not Applicable,Not Applicable,Not Applicable,Yes,Yes,Yes,Yes,Yes,Yes,Not Applicable,Not Applicable,Not Applicable,Not Applicable,Not Applicable,Not Applicable,Yes,Yes,2,Yes,Yes,Yes,Yes,Yes,No,No,No,2,2194.81,211.52,137.36,0.774,Web,Valid Claim,Chrome,59,Light,0.10682,B0759
REC00550,CLM00866,CUS00149,PRD00045,Smartphone,Standard Smartphone,Phone,Main Unit,NovaTech,NOV-SMA-134,SN-20013977,2024-08-14,2025-09-04,2025-08-30,12,No,Battery Problem,Accidental Damage,Customer reports battery problem affecting phone.,Yes,No,Yes,Not Applicable,Not Applicable,Not Applicable,Not Applicable,Not Applicable,Not Applicable,Not Applicable,Yes,Yes,No,Yes,Yes,Yes,Not Applicable,Not Applicable,Not Applicable,Not Applicable,Not Applicable,Not Applicable,No,Yes,1,No,No,Not Applicable,Unknown,Yes,No,No,No,0,1768.84,1587.17,311.16,0.611,Mobile App,Invalid Claim,MobileWebView,47,Light,0.54613,B0671
REC01247,CLM01098,CUS00429,PRD00160,Washing Machine,Washer Dryer,Water Leakage,Main Unit,ZenCore,ZEN-WAS-677,SN-64318118,2025-03-20,2026-06-01,2026-05-12,24,No,Water Leakage,Manufacturing Defect,Customer reports water leakage affecting water leakage.,Not Applicable,Not Applicable,Not Applicable,Household,Yes,Not Applicable,No,Not Applicable,Not Applicable,Not Applicable,Yes,Yes,Yes,No,Yes,Yes,Not Applicable,Not Applicable,Not Applicable,Not Applicable,Not Applicable,Not Applicable,,No,0,Not Applicable,No,Not Applicable,Yes,Yes,No,No,No,1,774.53,573.45,,0.908,Service Center,Valid Claim,MobileWebView,28,Dark,0.90505,B0113
REC00362,CLM01053,CUS00639,PRD00039,Smartphone,Rugged Smartphone,Phone,Main Unit,Aster,AST-SMA-121,SN-34978799,2024-06-03,2024-11-14,2024-11-04,12,No,Power Failure,Electrical Failure,Customer reports power failure affecting phone.,No,No,Not Applicable,Not Applicable,Not Applicable,Not Applicable,Not Applicable,Not Applicable,Not Applicable,Not Applicable,Yes,Yes,No,Yes,Yes,Yes,Not Applicable,Not Applicable,Not Applicable,Not Applicable,Not Applicable,Not Applicable,Not Applicable,No,0,Not Applicable,No,Not Applicable,Yes,Yes,No,No,NO,0,1665.9,1556.8,0.0,0.9,Web,Valid Claim,Chrome,58,Light,0.49619,B0046
REC00263,CLM00043,CUS00655,PRD00455,Printer,Inkjet,Printing,Print Head,NovaTech,NOV-PRI-482,SN-76284098,2026-01-31,2026-07-25,2026-07-10,12,No,Mechanical Failure,Internal Component Failure,Customer reports mechanical failure affecting printing.,Not Applicable,Not Applicable,Not Applicable,Not Applicable,Yes,Not Applicable,Yes,Not Applicable,Not Applicable,Compatible,Yes,,Yes,Yes,Yes,Yes,Not Applicable,Not Applicable,Not Applicable,Not Applicable,Not Applicable,Yes,Not Applicable,No,0,Not Applicable,No,Not Applicable, Yes ,Yes,No,No,Yes,0,971.0,633.42,0.0,0.727,Service Center,Manual Review,Chrome,27,Light,-1.00571,B0939
REC00007,CLM01290,CUS00344,PRD00581,Camera,Action Camera,Camera Body,Camera Body,PrimeView,PRI-CAM-412,SN-21638571,2023-02-09,2024-10-16,2024-09-25,24,No,Display Failure,Electrical Failure,Customer reports display failure affecting camera body.,No,Unknown,Not Applicable,Not Applicable,Not Applicable,Not Applicable,Not Applicable,Not Applicable,Not Applicable,Not Applicable,,,Yes,Yes,Yes,Yes,Not Applicable,Not Applicable,Not Applicable,Not Applicable,Not Applicable,Not Applicable,Not Applicable,No,0,Not Applicable,No,Not Applicable,Yes,Yes,No,No,No,0,837.6,400.43,0.0,0.976,Email,Valid Claim,Edge,25,System,0.53754,B0340
REC00985,CLM01249,CUS00458,PRD00740,Smartphone,Standard Smartphone,Charger,Charger,PrimeView,PRI-SMA-567,SN-55399323,2023-12-13,2024-03-06,2024-03-04,6,No,Display Failure,Manufacturing Defect,Customer reports display failure affecting charger.,No,No,Not Applicable,Not Applicable,Not Applicable,Not Applicable,Not Applicable,Not Applicable,Not Applicable,Not Applicable,Yes,Yes,No,Yes,Yes,Yes,Not Applicable,Not Applicable,Not Applicable,Not Applicable,Not Applicable,Not Applicable,Not Applicable,No,0,Not Applicable,No,Not Applicable,Yes,Yes,No,Yes,No,0,908.97,,0.0,0.992,Web,Valid Claim,MobileWebView,28,Dark,-0.62491,B0699
REC00677,CLM00059,CUS00337,PRD00625,Television,LED,Sound,Main Unit,Aster,AST-TEL-760,SN-65318688,2022-05-15,2024-05-01,2024-03-30,24,No,Audio Failure,Manufacturing Defect,Customer reports audio failure affecting sound.,No,Not Applicable,Not Applicable,Not Applicable,Not Applicable,Yes,Not Applicable,Not Applicable,Not Applicable,Not Applicable,No,Yes,Yes,Yes,Yes,Yes,Not Applicable,Not Applicable,Not Applicable,Not Applicable,Not Applicable,Not Applicable,,Yes,3,Yes,No,Not Applicable,Yes,Yes,No,No,No,1,2666.77,1122.51,97.58,0.874,Mobile App,Invalid Claim,MobileWebView,26,Light,1.6012,B0237
REC00457,CLM00294,CUS00294,PRD00263,Air Conditioner,Split,Indoor Unit,Compressor,Aster,AST-AIR-904,SN-25985732,2021-06-08,2026-05-31,2026-05-07,60,No,Water Leakage,Internal Component Failure,Customer reports water leakage affecting indoor unit.,Not Applicable,Not Applicable,Not Applicable,Not Applicable,No,Not Applicable,Not Applicable,No,Indoor Unit,Not Applicable,Yes,No,Yes,Yes,Yes,Yes,Yes,Not Applicable,Not Applicable,Yes,Not Applicable,Not Applicable,Not Applicable,No,0,Not Applicable,No,Not Applicable,No,Yes,No,No,No,0,1961.13,999999.0,0.0,0.541,Mobile App,Invalid Claim,Edge,4,Dark,-0.55355,B0047
REC00837,CLM00733,CUS00074,PRD00983,Television,OLED,Picture,Display Panel,PrimeView,PRI-TEL-105,SN-74519667,2022-11-15,2024-07-17,2024-07-12,24,No,Display Failure,Manufacturing Defect,Customer reports display failure affecting picture.,No,Not Applicable,Not Applicable,Not Applicable,Not Applicable,Yes,Not Applicable,Not Applicable,Not Applicable,Not Applicable,Yes,Yes,Yes,Yes,No, Yes ,Not Applicable,Not Applicable,Yes,Not Applicable,Not Applicable,Not Applicable,Not Applicable,No,0,Not Applicable,No,Not Applicable,Yes,Yes,No,No,No,1,958.74,872.86,0.0,0.817,Email,Manual Review,Edge,33,Light,-0.13374,B0391
REC00052,CLM00514,CUS00039,PRD00702,Laptop,Consumer Laptop,Device,Main Unit,NovaTech,NOV-LAP-398,SN-82210550,2023-07-21,2025-08-04,2025-07-16,24,Yes,Battery Problem,Internal Component Failure,Customer reports battery problem affecting device.,No,No,Yes,Not Applicable,Not Applicable,Not Applicable,Not Applicable,Not Applicable,Not Applicable,Not Applicable,Yes,Yes,Yes,Yes,Yes,Yes,Not Applicable,Not Applicable,Not Applicable,Not Applicable,Not Applicable,Not Applicable,Yes,Yes,1,Yes,Yes,Yes,Yes,Yes,No,No,No,0,2521.42,1197.68,33.47,0.789,Service Center,Valid Claim,Edge,23,System,1.40476,B0795
REC01219,CLM01065,CUS00031,PRD00422,Camera,Compact,Camera Body,Camera Body,Aster,AST-CAM-879,SN-79814033,2023-02-26,2024-10-29,2024-10-06,24,No,Display Failure,Electrical Failure,Customer reports display failure affecting camera body.,No,No,Not Applicable,Not Applicable,Not Applicable,Not Applicable,Not Applicable,Not Applicable,Not Applicable,Not Applicable,Yes,Yes,Yes,Yes,No,Yes,Not Applicable,Not Applicable,Not Applicable,Not Applicable,Not Applicable,Not Applicable,No,Yes,1,Yes,No,Not Applicable,Yes,Yes,No,No,No,0,556.97,85.16,521.68,0.591,Web,Manual Review,Chrome,30,Dark,1.37986,B0486
REC01467,CLM01129,CUS00605,PRD00335,Laptop,Consumer Laptop,Device,Main Unit,Aster,,SN-25463625,2024-03-08,2026-01-23,2026-01-16,24,No,Display Failure,Manufacturing Defect,Customer reports display failure affecting device.,No,Unknown,Not Applicable,Not Applicable,Not Applicable,Not Applicable,Not Applicable,Not Applicable,Not Applicable,Not Applicable,Yes,YES,Yes,No,Yes,No,Not Applicable,Not Applicable,Not Applicable,Not Applicable,Not Applicable,Not Applicable,Not Applicable,No,0,Not Applicable,No,Not Applicable,Yes,Yes,No,No,No,1,1001.95,93.38,0.0,0.785,Email,Manual Review,Firefox,51,Light,-0.9634,B0311
REC-DUP-0022,CLM00498,CUS00232,PRD00257,Air Conditioner,Portable,Not Sure,Main Unit,ZenCore,ZEN-AIR-517,SN-69696549,2023-07-12,2025-04-15,2025-04-01,24,No,Cooling Failure,Internal Component Failure,Customer reports cooling failure affecting not sure.,Not Applicable,Not Applicable,Not Applicable,Not Applicable,Yes,Not Applicable,Not Applicable,Yes,Not Sure,Not Applicable,Yes,Yes,No,No,Yes,,No,Not Applicable,Not Applicable,Not Applicable,Not Applicable,Not Applicable,Not Applicable,No,0,Not Applicable,No,Not Applicable,Yes,Yes,No,no,No,2,1064.12,460.46,0.0,0.77,Mobile App,Manual Review,Chrome,24,System,0.03513,B0539
REC00551,CLM00274,CUS00037,PRD00798,Smartphone,Standard Smartphone,Battery,Battery,NovaTech,NOV-SMA-117,SN-78785014,2025-08-17,2026-06-11,2026-05-27,12,No,Power Failure,Liquid Damage,Customer reports power failure affecting battery.,No,Yes,Yes,Not Applicable,Not Applicable,Not Applicable,Not Applicable,Not Applicable,Not Applicable,Not Applicable,Yes,Yes,No,Yes,Yes,Yes,Not Applicable,Yes,Not Applicable,Not Applicable,Not Applicable,Not Applicable,Not Applicable,no,0,Not Applicable,No,Not Applicable,Yes,Yes,No,No,No,0,1271.69,1026.87,0.0,0.788,Email,Invalid Claim,Chrome,50,Dark,-0.24917,B0196
REC01100,CLM01454,CUS00225,PRD00753,Camera,Compact,Camera Body,Camera Body,PrimeView,PRI-CAM-267,SN-13309081,2024-02-26,2025-05-25,2025-05-06,24,No,Connectivity Issue,Manufacturing Defect,Customer reports connectivity issue affecting camera body.,No,No,Not Applicable,Not Applicable,Not Applicable,Not Applicable,Not Applicable,Not Applicable,Not Applicable,Not Applicable,Yes,Yes,No,Yes,Yes,Yes,Not Applicable,Not Applicable,Not Applicable,Not Applicable,Not Applicable,Not Applicable,Not Applicable,No,0,Not Applicable,No,Not Applicable,Unknown,Yes,No,No,No,0,1902.99,365.48,0.0,0.805,Web,Manual Review,Firefox,49,System,1.43983,B0143
REC01034,CLM00948,CUS00383,PRD00783,Air Conditioner,Split,Indoor Unit,Main Unit,Aster,AST-AIR-880,SN-37949647,2021-08-27,2024-02-18,2024-01-22,24,Yes,Water Leakage,Electrical Failure,Customer reports water leakage affecting indoor unit.,Not Applicable,Not Applicable,Not Applicable,Not Applicable,Yes,Not Applicable,Not Applicable,No,Indoor Unit,Not Applicable,Yes,Yes,Yes,Yes,Yes,Yes,Yes,Not Applicable,Not Applicable,Not Applicable,Not Applicable,Not Applicable,Yes,Yes,3,Yes,No,Not Applicable,Yes,Yes,No,No,No,0,912.85,386.71,104.77,0.838,Service Center,Valid Claim,Safari,5,Light,-0.15,B0119
REC00165,CLM00100,CUS00378,PRD00489,Camera,DSLR,Camera Body,Camera Body,Aster,AST-CAM-546,SN-12431571,2022-12-23,2025-02-18,2025-02-11,24,Yes,Lens Failure,Lens Impact Damage,Customer reports lens failure affecting camera body.,Yes,No,Not Applicable,Not Applicable,Not Applicable,Not Applicable,Not Applicable,Not Applicable,Not Applicable,Not Applicable,Yes,Yes,No,Yes,Yes,,Not Applicable,Not Applicable,Not Applicable,Not Applicable,Not Applicable,Not Applicable,Yes,Yes,1,No,No,Not Applicable,Yes,Yes,No,No,No,0,2292.91,1987.64,161.04,0.923,Service Center,Invalid Claim,MobileWebView,16,Light,-0.25729,B0768
REC01373,CLM00010,CUS00303,PRD00550,Camera,DSLR,Camera Body,Camera Body,PrimeView,PRI-CAM-699,SN-49092549,2021-11-02,2024-09-10,2024-09-07,24,Yes,Connectivity Issue,Accidental Damage,Customer reports connectivity issue affecting camera body.,Yes,No,Not Applicable,Not Applicable,Not Applicable,Not Applicable,Not Applicable,Not Applicable,Not Applicable,Not Applicable,Yes,Yes,Yes,Yes,Yes,No,Not Applicable,Not Applicable,Not Applicable,Not Applicable,Not Applicable,Not Applicable,Yes,Yes,2,No,No,Not Applicable,Yes,Yes,No,No, No ,1,1575.93,179.56,340.31,0.896,SERVICE CENTER,Invalid Claim,MobileWebView,56,Dark,-0.44236,B0442
REC00711,CLM00577,CUS00301,PRD00852,Printer,Laser,Power,Print Head,PrimeView,PRI-PRI-726,SN-92420216,2024-09-20,2025-02-27,2025-02-18,12,No,Power Failure,Electrical Failure,Customer reports power failure affecting power.,Not Applicable,Not Applicable,Not Applicable,Not Applicable,No,Not Applicable,No,Not Applicable,Not Applicable,Unknown,No,Yes,Yes,Yes,,Yes,Not Applicable,Not Applicable,Not Applicable,Not Applicable,Not Applicable,Yes,Yes,Yes,2,Yes,No,Not Applicable,Yes,Yes,No,No,No,0,646.0,182.35,583.09,0.876,Service Center,Valid Claim,Edge,52,Dark,1.83273,B0042
REC00221,CLM01173,CUS00024,PRD00217,Smartphone,Foldable Smartphone,Phone,Main Unit,PrimeView,PRI-SMA-498,SN-37158912,2025-01-13,2025-06-13,2025-05-30,12,No,Overheating,Manufacturing Defect,Customer reports overheating affecting phone.,Unknown,No,Not Applicable,Not Applicable,Not Applicable,Not Applicable,Not Applicable,Not Applicable,Not Applicable,Not Applicable,Yes,Yes,Yes,Yes,Yes,Yes,Not Applicable,Not Applicable,Not Applicable,Not Applicable,Not Applicable,Not Applicable,Not Applicable,No,0,Not Applicable,No,Not Applicable,Unknown,Yes,No,No,No,0,1515.63,690.18,0.0,0.908,Email,Manual Review,Edge,22,Light,0.48583,B0912
REC00723,CLM00106,CUS00036,PRD00789,Laptop,Business Laptop,Charger,Power Adapter,Aster,AST-LAP-779,SN-11154126,2024-06-12,2025-07-27,2025-07-14,12,No,Connectivity Issue,Liquid Damage,Customer reports connectivity issue affecting charger.,No,Yes,Not Applicable,Not Applicable,Not Applicable,Not Applicable,Not Applicable,Not Applicable,Not Applicable,Not Applicable,Yes,Yes,No,Yes,Yes,Yes,Not Applicable,Not Applicable,Not Applicable,Not Applicable,Not Applicable,Not Applicable,Not Applicable,No,0,Not Applicable,No,Not Applicable,Yes,Yes,No,No,No,2,2088.2,849.72,0.0,0.905,Web,Invalid Claim,Safari,9,Dark,-1.20369,B0297
REC00708,CLM01389,CUS00664,PRD00643,Printer,Laser,Printing,Print Head,NovaTech,NOV-PRI-389,SN-63846031,2025-09-21,2026-04-13,2026-03-31,12,No,Mechanical Failure,Electrical Failure,Customer reports mechanical failure affecting printing.,Not Applicable,Not Applicable,Not Applicable,Not Applicable,Unknown,Not Applicable,No,Not Applicable,Not Applicable,Original,Yes,Yes,Yes,Yes,Yes,Yes,Not Applicable,Not Applicable,Not Applicable,Not Applicable,Not Applicable,No,Not Applicable,No,0,Not Applicable,No,Not Applicable,Yes,Yes,No,No,No,0,235.19,52.03,0.0,0.665,Mobile App,Manual Review,Edge,1,Dark,-0.05624,B0283
REC01342,CLM00720,CUS00557,PRD00357,Laptop,Gaming Laptop,Device,Main Unit,NovaTech,NOV-LAP-325,SN-71672221,2021-12-21,2024-10-08,2024-10-03,24,No,Connectivity Issue,Physical Damage,Customer reports connectivity issue affecting device.,No,No,Not Applicable,Not Applicable,Not Applicable,Not Applicable,Not Applicable,Not Applicable,Not Applicable,Not Applicable,Yes,Yes,Yes,Yes,Yes,,Not Applicable,Not Applicable,Not Applicable,Not Applicable,Not Applicable,Not Applicable,Yes,Yes,3,Yes,No,Not Applicable,Unknown,Yes,No,No,No,0,780.0,131.84,,0.721,Web,Invalid Claim,Chrome,20,Light,0.29001,B0961
REC00003,CLM01432,CUS00117,PRD00031,Printer,Thermal,Printing,Main Unit,HomePro,HOM-PRI-141,SN-81522769,2024-05-28,2024-12-04,2024-11-27,12,No,Mechanical Failure,Manufacturing Defect,Customer reports mechanical failure affecting printing.,Not Applicable,Not Applicable,Not Applicable,Not Applicable,No,Not Applicable,No,Not Applicable,Not Applicable,Original,Yes,Yes,Yes,Yes,Yes,Yes,Not Applicable,Not Applicable,Not Applicable,Not Applicable,Not Applicable,Yes,Yes,Yes,2,Yes,No,Not Applicable,Yes,Yes,No,No,No,0,669.4,438.37,264.35,0.65,Service Center,Manual Review,MobileWebView,52,Dark,0.72186,B0726
REC00949,CLM00153,CUS00629,PRD00869,Printer,Thermal,Power,Print Head,HomePro,HOM-PRI-493,SN-37434749,2025-09-28,2026-05-22,2026-05-19,12,No,Power Failure,Manufacturing Defect,Customer reports power failure affecting power.,Not Applicable,Not Applicable,Not Applicable,Not Applicable,Yes,Not Applicable,No,Not Applicable,Not Applicable,Original,Yes,,Yes,Yes,Yes,Yes,Not Applicable,Not Applicable,Not Applicable,Not Applicable,Not Applicable,Yes,N/A,No,0,Not Applicable,No,Not Applicable,Yes,Yes,No,No,No,1,575.33,232.64,0.0,0.675,Email,Manual Review,Chrome,52,Light,-2.33422,B0501
REC00030,CLM00362,CUS00377,PRD00577,Refrigerator,Single Door,Power,Main Unit,Aster,AST-REF-996,SN-74393040,2024-06-11,2025-07-17,2025-07-10,24,No,Power Failure,Manufacturing Defect,Customer reports power failure affecting power.,Not Applicable,Not Applicable,Not Applicable,Business,No,Not Applicable,Not Applicable,Not Applicable,Not Applicable,Not Applicable,Yes,Yes,No,Yes,,Yes,Not Applicable,Not Applicable,Not Applicable,Not Applicable,Not Applicable,Not Applicable,,No,0,Not Applicable,No,Not Applicable,Yes,Yes,No,No,No,0,1579.8,157.68,0.0,0.787,Email,Valid Claim,Chrome,16,System,0.75411,B0728
REC00309,CLM00181,CUS00675,PRD00635,Laptop,2-in-1,Charger,Power Adapter,Aster,AST-LAP-476,SN-67053829,2025-09-30,2026-06-30,2026-06-18,12,No,Overheating,Electrical Failure,Customer reports overheating affecting charger.,No,No,Not Applicable,Not Applicable,Not Applicable,Not Applicable,Not Applicable,Not Applicable,Not Applicable,Not Applicable,Yes,Yes,No,Yes,Yes,Yes,Not Applicable,Not Applicable,Not Applicable,Not Applicable,Not Applicable,Not Applicable,Not Applicable,No,0,Not Applicable,No,Not Applicable,Yes,Yes,No,No,No,1,1025.13,593.68,0.0,0.835,Service Center,Valid Claim,Firefox,55,System,-0.0251,B0809
REC01419,CLM01265,CUS00575,PRD00634,Refrigerator,Double Door,Cooling,Main Unit,ZenCore,ZEN-REF-774,SN-30997199,2024-08-03,2025-09-22,2025-09-06,24,No,Cooling Failure,Internal Component Failure,Customer reports cooling failure affecting cooling.,Not Applicable,Not Applicable,Not Applicable,Household,No,Not Applicable,Not Applicable,Not Applicable,Not Applicable,Not Applicable,Yes,,No,Yes,Yes,Yes,Not Applicable,Not Applicable,Not Applicable,Not Applicable,Not Applicable,Not Applicable,Not Applicable,No,0,Not Applicable,No,Not Applicable,Yes,Yes,No,No,No,0,1070.83,456.68,0.0,0.894,Service Center,Valid Claim,Edge,15,System,0.20367,B0684
REC01028,CLM00658,CUS00448,PRD00900,Laptop,Gaming Laptop,Battery,Battery,Aster,AST-LAP-914,SN-28694669,2024-11-07,2026-01-30,2026-01-16,12,No,Display Failure,Electrical Failure,Customer reports display failure affecting battery.,No,No,Yes,Not Applicable,Not Applicable,Not Applicable,Not Applicable,Not Applicable,Not Applicable,Not Applicable,Yes,Yes,Yes,Yes,Yes,Yes,Not Applicable,No,Not Applicable,Not Applicable,Not Applicable,Not Applicable,Yes,Yes,1,Yes,Yes,Yes,Yes,Yes,No,No,No,1,1202.99,907.46,222.31,0.757,Web,Invalid Claim,Chrome,8,Dark,-0.38047,B0607
REC00286,CLM01452,CUS00316,PRD00439,Smartphone,Rugged Smartphone,Phone,Main Unit,NovaTech,NOV-SMA-581,SN-95521221,2025-07-22,2026-04-02,2026-03-14,12,No,Battery Problem,Internal Component Failure,Customer reports battery problem affecting phone.,No,No,No,Not Applicable,Not Applicable,Not Applicable,Not Applicable,Not Applicable,Not Applicable,Not Applicable,No,Yes,Yes,Yes,,Yes,Not Applicable,Not Applicable,Not Applicable,Not Applicable,Not Applicable,Not Applicable,No,Yes,2,Yes,No,Not Applicable,Yes,Yes,No,No,No,0,460.86,202.84,258.13,0.776,Web,Manual Review,Firefox,56,Dark,-0.71247,B0264
REC00769,CLM00473,CUS00283,PRD00866,Smartphone,Foldable Smartphone,Phone,Main Unit,PrimeView,PRI-SMA-924,SN-71431369,2024-11-15,2026-01-18,2024-10-09,12,No,Connectivity Issue,Electrical Failure,Customer reports connectivity issue affecting phone.,No,No,Not Applicable,Not Applicable,Not Applicable,Not Applicable,Not Applicable,Not Applicable,Not Applicable,Not Applicable,Yes,Yes,No,Yes,Yes,,Not Applicable,Not Applicable,Not Applicable,Not Applicable,Not Applicable,Not Applicable,Yes,Yes,1,Yes,No,Not Applicable,Yes,Yes,No,No,No,1,1411.16,1230.89,548.75,0.823,Mobile App,Invalid Claim,Safari,41,Dark,-0.54044,B0124
REC01483,CLM00341,CUS00332,PRD00663,Refrigerator,Side-by-Side,Other,Main Unit,Aster,AST-REF-776,SN-15460600,2023-05-02,2024-09-12,2024-08-19,24,No,Mechanical Failure,Manufacturing Defect,Customer reports mechanical failure affecting other.,Not Applicable,Not Applicable,Not Applicable,Household,Unknown,Not Applicable,Not Applicable,Not Applicable,Not Applicable,Not Applicable,no,Yes,No,Yes,Yes,Yes,Not Applicable,Not Applicable,Not Applicable,Not Applicable,Not Applicable,Not Applicable,Not Applicable,No,0,Not Applicable,No,Not Applicable,Yes,Yes,No,No,No,1,653.42,221.41,,0.993,Email,Valid Claim,Chrome,27,Light,-0.08564,B0401
REC00188,CLM00498,CUS00232,PRD00257,Air Conditioner,Portable,Not Sure,Main Unit,ZenCore,ZEN-AIR-517,SN-69696549,2023-07-12,2025-04-15,2025-04-01,24,No,Cooling Failure,Internal Component Failure,Customer reports cooling failure affecting not sure.,Not Applicable,Not Applicable,Not Applicable,Not Applicable,Yes,Not Applicable,Not Applicable,Yes,Not Sure,Not Applicable,Yes,Yes,No,No,Yes,,No,Not Applicable,Not Applicable,Not Applicable,Not Applicable,Not Applicable,Not Applicable,No,0,Not Applicable,No,Not Applicable,Yes,Yes,No,no,No,2,1064.12,460.46,0.0,0.77,Mobile App,Manual Review,Chrome,24,System,0.03513,B0539
REC00301,CLM01486,CUS00029,PRD00848,Refrigerator,Double Door,Cooling,Main Unit,ZenCore,ZEN-REF-502,SN-63516874,2023-12-25,2025-10-12,2025-10-03,24,No,Cooling Failure,Internal Component Failure,Customer reports cooling failure affecting cooling.,Not Applicable,Not Applicable,Not Applicable,Household,Unknown,Not Applicable,Not Applicable,Not Applicable,Not Applicable,Not Applicable,Yes,Yes,Yes,No,Yes,No,Not Applicable,Not Applicable,Not Applicable,Not Applicable,Not Applicable,Not Applicable,Not Applicable,No,0,Not Applicable,No,Not Applicable,Yes,Yes,No,No,No,0,2187.33,1015.86,0.0,0.854,Mobile App,Manual Review,Edge,12,Dark,-0.5881,B0280
REC01461,CLM00109,CUS00498,PRD00582,Washing Machine,Washer Dryer,Not Sure,Main Unit,PrimeView,PRI-WAS-991,SN-96648396,2023-10-25,2025-10-07,2025-09-22,24,No,Noise,Electrical Failure,Customer reports noise affecting not sure.,Not Applicable,Not Applicable,Not Applicable,Business,No,Not Applicable,No,Not Applicable,Not Applicable,Not Applicable,Yes,Yes,Yes,Yes,Yes, Yes ,Not Applicable,Not Applicable,Not Applicable,Not Applicable,Not Applicable,Not Applicable,Not Applicable,No,0,Not Applicable,No,Not Applicable,Yes,Yes,No,No,No,0,764.53,213.66,0.0,0.695,Email,Manual Review,Chrome,55,Dark,-2.55693,B0664
REC01367,CLM01280,CUS00235,PRD00550,Washing Machine,Top Load,Spinning,Motor,ZenCore,ZEN-WAS-981,SN-23263566,2015-07-03,2024-12-20,2024-12-12,120,No,Mechanical Failure,Electrical Failure,Customer reports mechanical failure affecting spinning.,Not Applicable,Not Applicable,Not Applicable,Household,No,Not Applicable,No,Not Applicable,Not Applicable,Not Applicable,Yes,Yes,Yes,Yes,Yes,Yes,Not Applicable,Not Applicable,Not Applicable,Yes,Not Applicable,Not Applicable,Not Applicable,No,0,Not Applicable,No,Not Applicable,Yes,Yes,No,No,No,2,920.99,422.13,0.0,0.746,Web,Valid Claim,Firefox,6,Light,-0.15043,B0131
REC01432,CLM01183,CUS00406,PRD00226,Refrigerator,Single Door,Cooling,Main Unit,HomePro,HOM-REF-831,SN-63836438,2023-10-27,2025-02-12,2025-01-28,24,No,Cooling Failure,Electrical Failure,Customer reports cooling failure affecting cooling.,Not Applicable,Not Applicable,Not Applicable,Household,No,Not Applicable,Not Applicable,Not Applicable,Not Applicable,Not Applicable,Yes,Yes,Yes,Yes,Yes,No,Not Applicable,Not Applicable,Not Applicable,Not Applicable,Not Applicable,Not Applicable,No,Yes,2,Yes,No,Not Applicable,Yes,Yes,No,No,No,1,2127.99,1856.39,71.24,0.954,Mobile App,Manual Review,MobileWebView,47,Light,-0.35317,B0538
REC-DUP-0001,CLM00116,CUS00441,PRD00146,Smartphone,Standard Smartphone,Battery,Battery,PrimeView,PRI-SMA-877,SN-66525820,2024-05-25,2025-01-31,2025-01-12,12,No,Overheating,Manufacturing Defect,Customer reports overheating affecting battery.,No,No,Yes,Not Applicable,Not Applicable,Not Applicable,Not Applicable,Not Applicable,Not Applicable,Not Applicable,Yes,Yes,Yes,Yes,Yes,Yes,Not Applicable,Yes,Not Applicable,Not Applicable,Not Applicable,Not Applicable,Not Applicable,No,0,Not Applicable,No,Not Applicable,Yes,Yes,No,No,No,0,1292.78,388.75,0.0,0.662,Email,Manual Review,Chrome,46,Dark,-0.56282,B0478
REC01448,CLM01211,CUS00237,PRD00943,Television,QLED,Sound,Display Panel,PrimeView,PRI-TEL-355,SN-27696194,2023-02-21,2025-01-08,2024-12-26,24,No,Audio Failure,Electrical Failure,Customer reports audio failure affecting sound.,No,Not Applicable,Not Applicable,Not Applicable,Not Applicable,No,Not Applicable,Not Applicable,Not Applicable,Not Applicable,Yes,No,No,Yes,,,Not Applicable,Not Applicable,Yes,Not Applicable,Not Applicable,Not Applicable,Not Applicable,No,0,Not Applicable,No,Not Applicable,Yes,Yes,No,No,No,0,2184.71,1592.83,,0.68,Email,Manual Review,MobileWebView,38,Light,0.71476,B0622
REC00461,CLM01142,CUS00292,PRD00226,Washing Machine,Washer Dryer,Washing,Motor,HomePro,HOM-WAS-862,SN-60620930,2016-09-04,2025-10-22,2025-10-22,120,No,Mechanical Failure,Electrical Failure,Customer reports mechanical failure affecting washing.,Not Applicable,Not Applicable,Not Applicable,Household,Unknown,Not Applicable,No,Not Applicable,Not Applicable,Not Applicable,,Yes,No,No,Yes,Yes,Not Applicable,Not Applicable,Not Applicable,Yes,Not Applicable,Not Applicable,Not Applicable,No,0,Not Applicable,No,Not Applicable,Yes,Yes,No,No,No,0,938.11,524.62,0.0,0.783,Mobile App,Valid Claim,Firefox,50,Dark,-0.56996,B0958
REC00346,CLM01162,CUS00631,PRD00763,Air Conditioner,Portable,Indoor Unit,Main Unit,HomePro,HOM-AIR-665,SN-13640958,2025-01-02,2026-07-15,2026-07-08,24,No,Water Leakage,Manufacturing Defect,Customer reports water leakage affecting indoor unit.,Not Applicable,Not Applicable,Not Applicable,Not Applicable,No,Not Applicable,Not Applicable,No,Indoor Unit,Not Applicable,No,Yes,Yes,No,Yes,No,Yes,Not Applicable,Not Applicable,Not Applicable,Not Applicable,Not Applicable,Not Applicable,No,0,Not Applicable,No,Not Applicable,Yes,Y,No,No,No,2,1904.81,765.04,0.0,0.828,Service Center,Manual Review,Safari,14,Dark,0.67734,B0581
REC00020,CLM01296,CUS00022,PRD00833,Printer,Thermal,Printing,Main Unit,PrimeView,PRI-PRI-600,SN-58451585,2024-07-21,2026-01-20,2026-01-12,12,Yes,Mechanical Failure,Internal Component Failure,Customer reports mechanical failure affecting printing.,Not Applicable,Not Applicable,Not Applicable,Not Applicable,Yes,Not Applicable,Yes,Not Applicable,Not Applicable,Original,Yes,,Yes,Yes,,Yes,Not Applicable,Not Applicable,Not Applicable,Not Applicable,Not Applicable,Yes,Not Applicable,No,0,Not Applicable,No,Not Applicable,Yes,Yes,No,No,No,0,574.37,155.62,0.0,0.778,Service Center,Manual Review,Edge,17,Dark,-0.77012,B0542
REC01032,CLM00460,CUS00307,PRD00830,Printer,Thermal,Paper Feed,Main Unit,HomePro,HOM-PRI-691,SN-10029986,2024-08-26,2025-06-16,2025-06-05,12,No,Paper Feed Failure,Manufacturing Defect,Customer reports paper feed failure affecting paper feed.,Not Applicable,Not Applicable,Not Applicable,Not Applicable,Yes,Not Applicable,No,Not Applicable,Not Applicable,Compatible,Yes,Y,No,Yes,Yes,,Not Applicable,Not Applicable,Not Applicable,Not Applicable,Not Applicable,Yes,,Yes,3,Yes,Yes,Yes,Yes,Yes,No,No,No,0,513.53,160.4,99999.0,0.941,mobile app,Valid Claim,Edge,10,System,0.51946,B0813
REC00666,CLM00632,CUS00316,PRD00154,Smartphone,Rugged Smartphone,Battery,Battery,aster,AST-SMA-761,SN-94152355,2024-05-05,2025-11-20,2025-11-15,12,No,Power Failure,Internal Component Failure,Customer reports power failure affecting battery.,No,No,Yes,Not Applicable,Not Applicable,Not Applicable,Not Applicable,Not Applicable,Not Applicable,Not Applicable,No,No,No,Yes,Yes,Yes,Not Applicable,No,Not Applicable,Not Applicable,Not Applicable,Not Applicable,Not Applicable,No,0,Not Applicable,Yes,Yes,Yes,Yes,No,No,No,1,724.21,259.53,0.0,0.73,Service Center,Invalid Claim,Safari,22,System,-0.90609,B0333
REC00054,CLM01471,CUS00580,PRD00337,Air Conditioner,Cassette,Indoor Unit,Main Unit,ZenCore,ZEN-AIR-877,SN-78785506,2024-05-04,2025-12-29,2025-12-29,24,No,Cooling Failure,Electrical Failure,Customer reports cooling failure affecting indoor unit.,Not Applicable,Not Applicable,Not Applicable,Not Applicable,Unknown,Not Applicable,Not Applicable,No,Indoor Unit,Not Applicable,,Yes,Yes,Yes,Yes,,Yes,Not Applicable,Not Applicable,Not Applicable,Not Applicable,Not Applicable,Yes,Yes,2,Yes,No,Not Applicable,Unknown,Yes,No,No,Yes,1,1254.99,424.46,418.88,0.849,Web,Manual Review,Safari,49,System,-1.62938,B0235
REC00948,CLM00392,CUS00581,PRD00084,Television,LED,Remote Control,Remote Control,HomePro,HOM-TEL-274,SN-32857414,2025-10-06,2025-12-03,2025-11-28,6,No,Connectivity Issue,Internal Component Failure,Customer reports connectivity issue affecting remote control.,No,Not Applicable,Not Applicable,Not Applicable,Not Applicable,Yes,Not Applicable,Not Applicable,Not Applicable,Not Applicable,Yes,Yes,Yes,Yes,Yes,Yes,Not Applicable,Not Applicable,Not Applicable,Not Applicable,Not Applicable,Not Applicable,Not Applicable,No,0,Not Applicable,No,Not Applicable,Yes,Yes,No,No,No,0,1681.46,213.18,0.0,0.917,Mobile App,Valid Claim,Firefox,46,System,-1.70234,B0649
REC01293,CLM00635,CUS00604,PRD00347,Television,LED,Sound,Main Unit,Aster,AST-TEL-229,SN-26804344,2023-12-24,2025-05-20,2025-05-12,24,No,Audio Failure,Improper Wall Mounting,Customer reports audio failure affecting sound.,No,Not Applicable,Not Applicable,Not Applicable,Not Applicable,No,Not Applicable,Not Applicable,Not Applicable,Not Applicable,Yes,Yes,No,Yes,Yes,Yes,Not Applicable,Not Applicable,Not Applicable,Not Applicable,Not Applicable,Not Applicable,Not Applicable,No,0,Not Applicable,No,Not Applicable,Yes,Yes,No,No,No,0,2496.6,1759.2,,0.929,web,Invalid Claim,Chrome,34,Dark,-0.78506,B0304
REC00451,CLM00463,CUS00626,PRD00215,TELEVISION,OLED,Power,Main Unit,Aster,AST-TEL-860,SN-73557885,2022-06-15,2024-11-22,2024-11-06,24,No,Power Failure,Water Damage,Customer reports power failure affecting power.,No,Not Applicable,Not Applicable,Not Applicable,Not Applicable,Unknown,Not Applicable,Not Applicable,Not Applicable,Not Applicable,Yes,No,No,Yes,,Yes,Not Applicable,Not Applicable,Not Applicable,Not Applicable,Not Applicable,Not Applicable,Yes,Yes,3,Yes,No,Not Applicable,Yes,Yes,No,No,No,0,1995.13,770.94,532.23,0.816,Mobile App,Invalid Claim,Edge,11,System,0.36751,B0669
REC00683,CLM01082,CUS00040,PRD00263,Laptop,2-in-1,Not Sure,Main Unit,NovaTech,NOV-LAP-854,SN-18920210,2021-11-01,2024-03-07,2024-03-01,24,Yes,Battery Problem,Internal Component Failure,Customer reports battery problem affecting not sure.,No,No,Yes,Not Applicable,Not Applicable,Not Applicable,Not Applicable,Not Applicable,Not Applicable,Not Applicable,Yes,Yes,No,Yes,Yes,No,Not Applicable,Not Applicable,Not Applicable,Not Applicable,Not Applicable,Not Applicable,Not Applicable,No,0,Not Applicable,No,Not Applicable,Yes,Yes,No,No,No,0,1706.49,1091.8,0.0,0.749,Web,Manual Review,Chrome,42,Dark,0.87414,B0319
REC00170,CLM00151,CUS00259,PRD00790,Refrigerator,Single Door,Water Leakage,Main Unit,ZenCore,ZEN-REF-287,SN-70920246,2024-12-17,2026-08-03,2026-07-27,24,No,Water Leakage,Internal Component Failure,Customer reports water leakage affecting water leakage.,Not Applicable,Not Applicable,Not Applicable,Business,No,Not Applicable,Not Applicable,Not Applicable,Not Applicable,Not Applicable,Yes,No,Yes,Yes,Yes,Yes,Not Applicable,Not Applicable,Not Applicable,Not Applicable,Not Applicable,Not Applicable,Not Applicable,No,0,Not Applicable,No,Not Applicable,Yes,Yes,No,No,No,1,1792.01,326.05,0.0,0.496,Web,Manual Review,Edge,39,Light,-0.90227,B0811
REC00469,CLM00067,CUS00195,PRD00670,Television,LED,Sound,Main Unit,HomePro,HOM-TEL-271,SN-23158617,2023-07-17,2024-11-26,2024-11-12,24,No,Audio Failure,Electrical Failure,Customer reports audio failure affecting sound.,No,Not Applicable,Not Applicable,Not Applicable,Not Applicable,No,Not Applicable,Not Applicable,Not Applicable,Not Applicable,Yes,Yes,Yes,Yes,Yes,,Not Applicable,Not Applicable,Not Applicable,Not Applicable,Not Applicable,Not Applicable,Not Applicable,No,0,Not Applicable,No,Not Applicable,Yes,yes,No,No,No,1,3186.02,760.96,0.0,0.993,Web,Valid Claim,Chrome,57,Light,-0.63215,B0411
REC00840,CLM00739,CUS00680,PRD00424,Washing Machine,Front Load,Noise,Main Unit,ZenCore,ZEN-WAS-281,SN-30650113,2023-10-27,2025-08-22,2025-08-10,24,No,Noise,Internal Component Failure,Customer reports noise affecting noise.,Not Applicable,Not Applicable,Not Applicable,Household,No,Not Applicable,No,Not Applicable,Not Applicable,Not Applicable,Yes,Yes,Yes,No,Yes,Yes,Not Applicable,Not Applicable,Not Applicable,Not Applicable,Not Applicable,Not Applicable,Not Applicable,No,0,Not Applicable,Yes,Yes,Yes,Yes,No,No,No,0,842.37,317.24,0.0,0.842,Mobile App,Valid Claim,Safari,5,System,1.35134,B0689
REC00104,CLM01457,CUS00069,PRD00832,Camera,Compact,Camera Body,Camera Body,NovaTech,NOV-CAM-816,SN-50771063,2023-03-31,2024-04-15,2024-04-08,24,No,Connectivity Issue,Internal Component Failure,Customer reports connectivity issue affecting camera body.,Yes,No,Not Applicable,Not Applicable,Not Applicable,Not Applicable,Not Applicable,Not Applicable,Not Applicable,Not Applicable,Yes,Yes,Yes,No,No,No,Not Applicable,Not Applicable,Not Applicable,Not Applicable,Not Applicable,Not Applicable,Not Applicable,No,0,Not Applicable,No,Not Applicable,Yes,Yes,No,No,No,0,1807.42,229.03,0.0,0.96,Service Center,Manual Review,Chrome,1,Light,-0.61634,B0599
REC00137,CLM01216,CUS00517,PRD00026,Refrigerator,Double Door,Cooling,Main Unit,ZenCore,ZEN-REF-629,SN-59208851,2025-07-08,2026-08-29,2026-08-24,24,No,Cooling Failure,Internal Component Failure,Customer reports cooling failure affecting cooling.,Not Applicable,Not Applicable,Not Applicable,Household,No,Not Applicable,Not Applicable,Not Applicable,Not Applicable,Not Applicable,Yes,Yes,No,Yes,Yes,Yes,Not Applicable,Not Applicable,Not Applicable,Not Applicable,Not Applicable,Not Applicable,Not Applicable,No,0,Not Applicable,No,Not Applicable,Yes,Yes,No,No,No,0,2777.96,2062.59,0.0,0.795,Web,Valid Claim,MobileWebView,35,Light,0.42148,B0889
REC01362,CLM00748,CUS00222,PRD00471,Printer,Thermal,Printing,Print Head,NovaTech,NOV-PRI-642,SN-57565353,2025-11-28,2026-05-31,2026-05-12,12,No,Mechanical Failure,Electrical Failure,Customer reports mechanical failure affecting printing.,Not Applicable,Not Applicable,Not Applicable,Not Applicable,No,Not Applicable,No,Not Applicable,Not Applicable,Original,Yes,No,No,Yes,Yes,Yes,Not Applicable,Not Applicable,Not Applicable,Not Applicable,Not Applicable,Yes,Not Applicable,No,0,Not Applicable,Yes,Yes,Yes,Yes,No,No,No,0,879.53,346.03,0.0,0.979,Mobile App,Valid Claim,MobileWebView,49,Dark,0.01553,B0113
REC01295,CLM00523,CUS00627,PRD00205,Air Conditioner,Window,Indoor Unit,Main Unit,ZenCore,ZEN-AIR-502,SN-37452955,2022-09-16,2024-12-10,2024-11-29,24,No,Noise,Electrical Failure,Customer reports noise affecting indoor unit.,Not Applicable,Not Applicable,Not Applicable,Not Applicable,No,Not Applicable,Not Applicable,No,Indoor Unit,Not Applicable,Yes,Yes,No,Yes,Yes,Yes,Yes,Not Applicable,Not Applicable,Not Applicable,Not Applicable,Not Applicable,Not Applicable,No,0,Not Applicable,No,Not Applicable,Yes,Yes,No,Yes,No,1,1880.41,304.9,0.0,0.984,Mobile App,Invalid Claim,Firefox,45,System,-0.08165,B0229
REC00960,CLM00031,CUS00616,PRD00881,Smartphone,Foldable Smartphone,Battery,Battery,PrimeView,PRI-SMA-701,SN-77648869,2023-12-11,2024-12-11,2024-12-05,12,No,Battery Problem,Manufacturing Defect,Customer reports battery problem affecting battery.,No,No,Yes,Not Applicable,Not Applicable,Not Applicable,Not Applicable,Not Applicable,Not Applicable,Not Applicable,Yes,Yes,No,Yes,Yes,Yes,Not Applicable,No,Not Applicable,Not Applicable,Not Applicable,Not Applicable,Not Applicable,No,0,Not Applicable,Yes,Yes,Yes,Yes,No,No,No,0,512.46,408.06,0.0,0.805,Service Center,Manual Review,Safari,47,Light,2.01407,B0221
REC00603,CLM01353,CUS00545,PRD00163,Air Conditioner,Cassette,Outdoor Unit,Compressor,Aster,AST-AIR-582,SN-31637839,2019-12-14,2024-02-04,2024-01-12,60,No,Power Failure,Electrical Failure,Customer reports power failure affecting outdoor unit.,Not Applicable,Not Applicable,Not Applicable,Not Applicable,No,Not Applicable,Not Applicable,No,Outdoor Unit,Not Applicable,Yes,Y,No,Yes,Yes,Yes,Yes,Not Applicable,Not Applicable,Yes,Not Applicable,Not Applicable,Not Applicable,No,0,Not Applicable,No,Not Applicable,Yes,Yes,No,No,No,0,644.4,78.04,,0.768,Web,Valid Claim,Edge,23,Dark,-0.15179,B0175
REC00187,CLM01356,CUS00698,PRD00159,Camera,Compact,Camera Body,Camera Body,Aster,AST-CAM-852,SN-89635601,2024-11-21,2026-05-05,2026-04-30,24,No,Connectivity Issue,Electrical Failure,Customer reports connectivity issue affecting camera body.,No,No,Not Applicable,Not Applicable,Not Applicable,Not Applicable,Not Applicable,Not Applicable,Not Applicable,Not Applicable,Yes,Yes,Yes,Yes,No,Yes,Not Applicable,Not Applicable,Not Applicable,Not Applicable,Not Applicable,Not Applicable,Not Applicable,No,0,Not Applicable,No,Not Applicable,Yes,Yes,No,Yes,No,1,3164.14,1447.08,0.0,0.85,Service Center,Manual Review,Firefox,52,Light,0.85609,B0362
REC00429,CLM01322,CUS00613,PRD00739,Air Conditioner,Split,Indoor Unit,Compressor,Aster,AST-AIR-822,SN-72159196,2020-08-02,2025-05-23,2025-05-16,60,No,Power Failure,Internal Component Failure,Customer reports power failure affecting indoor unit.,Not Applicable,Not Applicable,Not Applicable,Not Applicable,Unknown,Not Applicable,Not Applicable,No,Indoor Unit,Not Applicable,Yes,Yes,No,Yes,Yes,Yes,Yes,Not Applicable,Not Applicable,Yes,Not Applicable,Not Applicable,Not Applicable,No,0,Not Applicable,No,Not Applicable,Yes,Yes,No,No,No,0,1824.93,425.55,0.0,0.977,Email,Valid Claim,MobileWebView,52,Dark,0.94598,B0184
REC01163,CLM00555,CUS00118,PRD00858,Printer,Thermal,Connection,Main Unit,HomePro,HOM-PRI-170,SN-39785117,2026-02-10,2026-07-01,2026-06-25,12,No,Connectivity Issue,Manufacturing Defect,Customer reports connectivity issue affecting connection.,Not Applicable,Not Applicable,Not Applicable,Not Applicable,No,Not Applicable,No,Not Applicable,Not Applicable,Unknown,Yes,Yes,Yes,Yes,,Yes,Not Applicable,Not Applicable,Not Applicable,Not Applicable,Not Applicable,Yes,Not Applicable,No,0,Not Applicable,No,Not Applicable,Yes,Yes,No,No,No,1,825.76,343.71,0.0,0.881,Web,Valid Claim,MobileWebView,33,Dark,-0.01452,B0765
REC00939,CLM00388,CUS00585,PRD00353,Refrigerator,Side-by-Side,Cooling,Main Unit,HomePro,HOM-REF-200,SN-66631400,2025-03-10,2026-08-09,2026-07-24,24,No,Cooling Failure,Electrical Failure,Customer reports cooling failure affecting cooling.,Not Applicable,Not Applicable,Not Applicable,Household,No,Not Applicable,Not Applicable,Not Applicable,Not Applicable,Not Applicable,Yes,No,No,Yes,Yes,Yes,Not Applicable,Not Applicable,Not Applicable,Not Applicable,Not Applicable,Not Applicable,Not Applicable,No,0,Not Applicable,No,Not Applicable,Yes,Yes,No,No,No,1,1107.58,706.92,0.0,0.99,Web,Valid Claim,MobileWebView,33,System,0.31988,B0886
REC00821,CLM00666,CUS00031,PRD00959,Television,Mini-LED,Picture,Main Unit,Aster,AST-TEL-956,SN-25716524,2021-02-19,2024-07-09,2024-06-28,24,Yes,Display Failure,Internal Component Failure,Customer reports display failure affecting picture.,No,Not Applicable,Not Applicable,Not Applicable,Not Applicable,No,Not Applicable,Not Applicable,Not Applicable,Not Applicable,Yes,Yes,Yes,Yes,Yes,Yes,Not Applicable,Not Applicable,Not Applicable,Not Applicable,Not Applicable,Not Applicable,Not Applicable,No,0,Not Applicable,No,Not Applicable,No,Yes,No,No,No,3,1256.55,993.51,0.0,0.902,Service Center,Invalid Claim,Chrome,27,Dark,0.75665,B0873
REC01229,CLM01137,CUS00037,PRD00341,Laptop,2-in-1,Device,Main Unit,Aster,AST-LAP-360,SN-49986418,2024-08-29,2025-10-06,2025-09-30,24,No,Battery Problem,Electrical Failure,Customer reports battery problem affecting device.,No,No,Yes,Not Applicable,Not Applicable,Not Applicable,Not Applicable,Not Applicable,Not Applicable,Not Applicable,Yes,Yes,Yes,Yes,No,No,Not Applicable,Not Applicable,Not Applicable,Not Applicable,Not Applicable,Not Applicable,Yes,Yes,1,Yes,No,Not Applicable,Yes,Yes,No,No,No,2,823.42,209.86,571.45,0.902,Mobile App,Manual Review,Firefox,11,Light,0.10491,B0937
REC00738,CLM00544,CUS00077,PRD00829,Smartphone,Foldable Smartphone,Phone,Main Unit,NovaTech,NOV-SMA-882,SN-14602915,2024-07-06,2025-05-08,2025-04-05,12,No,Power Failure,Electrical Failure,Customer reports power failure affecting phone.,No,Unknown,Not Applicable,Not Applicable,Not Applicable,Not Applicable,Not Applicable,Not Applicable,Not Applicable,Not Applicable,Yes,Yes,Yes,Yes,Yes,Yes,Not Applicable,Not Applicable,Not Applicable,Not Applicable,Not Applicable,Not Applicable,Not Applicable,No,0,Not Applicable,No,Not Applicable,Yes,Yes,No,No,No,1,1057.58,600.54,,0.859,Web,Invalid Claim,Firefox,17,System,0.75857,B0343
REC00654,CLM00051,CUS00626,PRD00446,Air Conditioner,Portable,Indoor Unit,Compressor,Aster,AST-AIR-734,SN-92277319,2020-01-27,2024-05-12,2024-04-30,60,No,Water Leakage,Water Damage,Customer reports water leakage affecting indoor unit.,Not Applicable,Not Applicable,Not Applicable,Not Applicable,No,Not Applicable,Not Applicable,No,Indoor Unit,Not Applicable,No,Yes,Yes,Yes,Yes,Yes,Yes,Not Applicable,Not Applicable,Yes,Not Applicable,Not Applicable,Not Applicable,No,0,Not Applicable,No,Not Applicable,Yes,Yes,No,No,No,0,2705.18,2169.09,0.0,0.886,Web,Invalid Claim,Firefox,46,Light,0.19247,B0112
REC00842,CLM00012,CUS00587,PRD00614,Television,OLED,Connection,Main Unit,PrimeView,PRI-TEL-646,SN-95879748,2023-01-07,2026-08-22,2026-08-04,24,Yes,Connectivity Issue,Manufacturing Defect,Customer reports connectivity issue affecting connection.,No,Not Applicable,Not Applicable,Not Applicable,Not Applicable,No,Not Applicable,Not Applicable,Not Applicable,Not Applicable,Yes,No,Yes,Yes,No,,Not Applicable,Not Applicable,Not Applicable,Not Applicable,Not Applicable,Not Applicable,,No,0,Not Applicable,No,Not Applicable,Yes,Yes,No,No,No,1,2646.96,2024.65,0.0,0.58,Service Center,Invalid Claim,Edge,33,System,2.27294,B0063
REC01046,CLM00323,CUS00182,PRD00004,Laptop,Business Laptop,Device,Main Unit,,ZEN-LAP-312,SN-80692036,2024-04-25,2026-02-09,2026-01-24,24,No,Display Failure,Physical Damage,Customer reports display failure affecting device.,Yes,No,Not Applicable,Not Applicable,Not Applicable,Not Applicable,Not Applicable,Not Applicable,Not Applicable,Not Applicable,Yes,Yes,Yes,Yes,Yes,Yes,Not Applicable,Not Applicable,Not Applicable,Not Applicable,Not Applicable,Not Applicable,Yes,Yes,3,Yes,No,Not Applicable,Yes,Yes,No,No,No,2,1141.93,863.26,,0.869,Email,Invalid Claim,MobileWebView,38,System,0.60809,B0632
REC00658,CLM00909,CUS00541,PRD00815,Air Conditioner,Cassette,Outdoor Unit,Main Unit,HomePro,HOM-AIR-264,SN-62634006,2023-04-14,2024-07-11,2024-06-28,24,No,Cooling Failure,Electrical Failure,Customer reports cooling failure affecting outdoor unit.,Not Applicable,Not Applicable,Not Applicable,Not Applicable,No,Not Applicable,Not Applicable,No,Outdoor Unit,Not Applicable,Yes,Yes,Yes,Yes,Yes,,Yes,Not Applicable,Not Applicable,Not Applicable,Not Applicable,Not Applicable,No,Yes,1,Yes,No,Not Applicable,Unknown,Yes,No,No,No,0,1326.88,177.62,460.35,0.883,Web,Manual Review,Safari,53,System,0.64529,B0401
REC00470,CLM00288,CUS00576,PRD00754,Laptop,Business Laptop,Charger,Power Adapter,ZenCore,ZEN-LAP-365,SN-27367872,2023-10-12,2024-04-27,2024-04-26,12,No,Display Failure,Electrical Failure,Customer reports display failure affecting charger.,No,No,Not Applicable,Not Applicable,Not Applicable,Not Applicable,Not Applicable,Not Applicable,Not Applicable,Not Applicable,Yes,Yes,No,Yes,Yes,Yes,Not Applicable,Not Applicable,Not Applicable,Not Applicable,Not Applicable,Not Applicable,Yes,Yes,1,Yes,No,Not Applicable,Yes,Yes,No,No,No,0,2012.17,414.55,,0.769,Web,Valid Claim,Chrome,58,Dark,-0.50383,B0898
REC00501,CLM00712,CUS00647,PRD00925,Television,Mini-LED,Sound,Main Unit,Aster,AST-TEL-935,SN-97658350,2024-06-18,2025-12-08,2025-11-30,24,No,Audio Failure,Normal Wear,Customer reports audio failure affecting sound.,No,Not Applicable,Not Applicable,Not Applicable,Not Applicable,No,Not Applicable,Not Applicable,Not Applicable,Not Applicable,Yes,Yes,No,Yes,Yes,Yes,Not Applicable,Not Applicable,Not Applicable,Not Applicable,Not Applicable,Not Applicable,Not Applicable,No,0,Not Applicable,No,Not Applicable,Yes,Yes,No,No,No,0,2138.81,1324.26,0.0,0.842,Mobile App,Invalid Claim,Safari,29,Light,-1.1764,B0199
REC00588,CLM00286,CUS00638,PRD00595,Smartphone,Rugged Smartphone,Phone,Main Unit,NovaTech,NOV-SMA-621,SN-27655517,2023-09-04,2024-07-19,2024-06-30,12,No,Overheating,Rooted Or Unauthorized Software Modification,Customer reports overheating affecting phone.,No,No,Not Applicable,Not Applicable,Not Applicable,Not Applicable,Not Applicable,Not Applicable,Not Applicable,Not Applicable,Yes,Yes,Yes,Yes,Yes,Yes,Not Applicable,Not Applicable,Not Applicable,Not Applicable,Not Applicable,Not Applicable,Not Applicable,No,0,Not Applicable,No,Not Applicable,Yes,Yes,No,No,No,1,687.92,565.71,0.0,0.813,Web,Invalid Claim,Edge,49,Dark,0.70977,B0890
REC00300,CLM00213,CUS00211,PRD00123,Television,LED,Remote Control,Remote Control,HomePro,HOM-TEL-464,SN-81629917,2025-06-04,2025-08-25,2025-08-09,6,No,Display Failure,Electrical Failure,Customer reports display failure affecting remote control.,No,Not Applicable,Not Applicable,Not Applicable,Not Applicable,No,Not Applicable,Not Applicable,Not Applicable,Not Applicable,Yes,Yes,Yes,Yes,Yes,Yes,Not Applicable,Not Applicable,Not Applicable,Not Applicable,Not Applicable,Not Applicable,Not Applicable,No,0,Not Applicable,No,Not Applicable,Yes,Yes,No,No,No,3,935.36,555.77,0.0,0.871,Web,Valid Claim,Safari,7,Dark,0.02135,B0828
REC00525,CLM00004,CUS00541,PRD00279,Laptop,Consumer Laptop,Charger,Power Adapter,ZenCore,ZEN-LAP-869,SN-26676823,2026-04-25,2026-08-17,2026-08-08,-12,No,Power Failure,Water Damage,Customer reports power failure affecting charger.,No,Yes,Not Applicable,Not Applicable,Not Applicable,Not Applicable,Not Applicable,Not Applicable,Not Applicable,Not Applicable,Yes,Yes,Yes,Yes,Yes,No,Not Applicable,Not Applicable,Not Applicable,Not Applicable,Not Applicable,Not Applicable,Not Applicable,No,0,Not Applicable,No,Not Applicable,Yes,Yes,No,No,No,2,2439.73,1375.59,0.0,0.832,Email,Invalid Claim,MobileWebView,17,Light,0.09047,B0277
REC01251,CLM00242,CUS00684,PRD00217,Printer,Thermal,Paper Feed,Main Unit,PrimeView,PRI-PRI-510,SN-96565464,2026-05-02,2026-09-02,2026-08-05,12,No,Paper Feed Failure,Electrical Failure,Customer reports paper feed failure affecting paper feed.,Not Applicable,Not Applicable,Not Applicable,Not Applicable,Yes,Not Applicable,No,Not Applicable,Not Applicable,Unknown,Yes,Yes,Yes,Yes,Yes,Yes,Not Applicable,Not Applicable,Not Applicable,Not Applicable,Not Applicable,Yes,Yes,Yes,1,Yes,No,Not Applicable,Yes,Yes,N,No,No,4,481.39,90.7,445.81,,Web,Valid Claim,Edge,13,Light,3.24964,B0155
REC01469,CLM00915,CUS00023,PRD00781,Laptop,Consumer Laptop,Battery,Battery,Aster,AST-LAP-256,SN-71068209,2025-12-31,not-a-date,2026-07-24,12,No,Display Failure,Electrical Failure,Customer reports display failure affecting battery.,No,Unknown,Yes,Not Applicable,Not Applicable,Not Applicable,Not Applicable,Not Applicable,Not Applicable,Not Applicable,,No,Yes,Yes,Yes,Yes,Not Applicable,Yes,Not Applicable,Not Applicable,Not Applicable,Not Applicable,Not Applicable,No,0,Not Applicable,No,Not Applicable,Yes,Yes,No,No,No,1,655.3,413.62,0.0,0.967,Mobile App,Valid Claim,Edge,42,System,0.72244,B0556
REC00751,CLM00594,CUS00660,PRD00745,Air Conditioner,Window,Indoor Unit,Compressor,HomePro,HOM-AIR-317,SN-68523229,2019-08-25,2024-01-20,2024-01-13,60,No,Water Leakage,Electrical Failure,Customer reports water leakage affecting indoor unit.,Not Applicable,Not Applicable,Not Applicable,Not Applicable,Yes,Not Applicable,Not Applicable,No,Indoor Unit,Not Applicable,Yes,Yes,No,No,Yes,Yes,No,Not Applicable,Not Applicable,Yes,Not Applicable,Not Applicable,No,Yes,2,Yes,No,Not Applicable,Yes,Yes,No,No,No,1,1794.47,198.89,630.31,,Service Center,Manual Review,Safari,53,Dark,1.10261,B0649
REC00160,CLM00409,CUS00386,PRD00487,Printer,Laser,Printing,Print Head,PrimeView,PRI-PRI-248,SN-19357673,2025-12-25,2026-06-01,2026-05-27,12,No,Mechanical Failure,Internal Component Failure,Customer reports mechanical failure affecting printing.,Not Applicable,Not Applicable,Not Applicable,Not Applicable,No,Not Applicable,No,Not Applicable,Not Applicable,Compatible,Yes,Yes,Yes,Yes,Yes,Yes,Not Applicable,Not Applicable,Not Applicable,Not Applicable,Not Applicable,Yes,Not Applicable,No,0,Not Applicable,No,Not Applicable,Yes,Yes,No,No,No,1,137.63,71.99,0.0,0.75,Service Center,Valid Claim,MobileWebView,54,Dark,-0.65502,B0503
REC00587,CLM01042,CUS00242,PRD00082,Smartphone,Foldable Smartphone,Battery,Battery,Aster,AST-SMA-297,SN-25593544,2025-02-17,2025-07-02,2025-06-12,12,No,Power Failure,Manufacturing Defect,Customer reports power failure affecting battery.,No,No,Yes,Not Applicable,Not Applicable,Not Applicable,Not Applicable,Not Applicable,Not Applicable,Not Applicable,Yes,Yes,Yes,No,Yes,Yes,Not Applicable,Yes,Not Applicable,Not Applicable,Not Applicable,Not Applicable,Not Applicable,No,0,Not Applicable,Yes,No,Yes,Yes,No,No,No,0,1786.5,1556.22,0.0,0.752,Web,Valid Claim,Safari,18,Light,-0.04202,B0272
REC00786,CLM01066,CUS00503,PRD00981,Smartphone,Rugged Smartphone,Phone,Main Unit,Aster,AST-SMA-629,SN-49754087,2024-06-02,2024-10-15,2024-09-30,12,No,Overheating,Manufacturing Defect,Customer reports overheating affecting phone.,No,No,Not Applicable,Not Applicable,Not Applicable,Not Applicable,Not Applicable,Not Applicable,Not Applicable,Not Applicable,Yes,,Yes,Yes,Yes,Yes,Not Applicable,Not Applicable,Not Applicable,Not Applicable,Not Applicable,Not Applicable,Not Applicable,No,0,Not Applicable,No,Not Applicable,Yes,Yes,No,No,No,2,1692.59,149.31,0.0,0.853,Email,Valid Claim,Safari,47,System,-1.14966,B0686
REC00616,CLM00410,CUS00687,PRD00438,Camera,DSLR,Camera Body,Camera Body,NovaTech,NOV-CAM-747,SN-92821822,2022-08-30,2025-05-19,2025-05-08,24,No,Connectivity Issue,Normal Wear,Customer reports connectivity issue affecting camera body.,No,No,Not Applicable,Not Applicable,Not Applicable,Not Applicable,Not Applicable,Not Applicable,Not Applicable,Not Applicable,Yes,Yes,Yes, Yes ,Yes,Yes,Not Applicable,Not Applicable,Not Applicable,Not Applicable,Not Applicable,Not Applicable,Not Applicable,No,0,Not Applicable,Yes,Yes,Yes,Yes,No,No,No,0,1768.2,739.02,0.0,0.908,Mobile App,Invalid Claim,Safari,13,Light,0.42131,B0721
REC01470,CLM00132,CUS00009,PRD00911,Television,LED,Connection,Main Unit,Aster,AST-TEL-262,SN-52281795,2023-03-28,2025-09-18,2025-07-13,24,Yes,Connectivity Issue,Internal Component Failure,Customer reports connectivity issue affecting connection.,No,Not Applicable,Not Applicable,Not Applicable,Not Applicable,Yes,Not Applicable,Not Applicable,Not Applicable,Not Applicable,Yes,,No,Yes,Yes,Yes,Not Applicable,Not Applicable,Not Applicable,Not Applicable,Not Applicable,Not Applicable,Not Applicable,No,0,Not Applicable,No,Not Applicable,Yes,Yes,No,No,No,1,2848.64,962.86,0.0,0.929,Email,Invalid Claim,Chrome,22,System,0.82629,B0509
REC01057,CLM00118,CUS00395,PRD00650,Refrigerator,Double Door,Water Leakage,Main Unit,ZenCore,ZEN-REF-604,SN-68999993,2024-12-19,2026-02-18,2026-02-01,24,No,Water Leakage,Manufacturing Defect,Customer reports water leakage affecting water leakage.,Not Applicable,Not Applicable,Not Applicable,Business,Yes,Not Applicable,Not Applicable,Not Applicable,Not Applicable,Not Applicable,Yes,Yes,Yes,,Yes,Yes,Not Applicable,Not Applicable,Not Applicable,Not Applicable,Not Applicable,Not Applicable,Not Applicable,No,0,Not Applicable,Yes,Yes,Yes,Yes,No,No,No,0,2361.84,527.08,0.0,0.844,Service Center,Valid Claim,MobileWebView,26,System,-0.28933,B0427
REC01344,CLM00008,CUS00221,PRD00394,Smartphone,Rugged Smartphone,Phone,Main Unit,Aster,AST-SMA-881,SN-82796119,2025-04-20,2025-12-31,2025-12-08,12,No,Connectivity Issue,Internal Component Failure,Customer reports connectivity issue affecting phone.,No,No,Not Applicable,Not Applicable,Not Applicable,Not Applicable,Not Applicable,Not Applicable,Not Applicable,Not Applicable,Yes,Yes,Yes,,Yes,Yes,Not Applicable,Not Applicable,Not Applicable,Not Applicable,Not Applicable,Not Applicable,Not Applicable,No,0,Not Applicable,No,Not Applicable,Yes,Yes,No,No,No,0,1249.32,,0.0,0.834,Web,Valid Claim,Chrome,30,Light,0.25348,B0356
REC00903,CLM00249,CUS00615,PRD00825,Air Conditioner,Split,Not Sure,Compressor,ZenCore,ZEN-AIR-574,SN-64885108,2018-12-15,2024-04-20,2024-04-16,60,No,Power Failure,Water Damage,Customer reports power failure affecting not sure.,Not Applicable,Not Applicable,Not Applicable,Not Applicable,No,Not Applicable,Not Applicable,No,Not Sure,Not Applicable,Yes,,Yes,Yes,Yes,,Yes,Not Applicable,Not Applicable,Yes,Not Applicable,Not Applicable,Yes,Yes,2,Yes,No,Not Applicable,Yes,YES,No,No,No,1,1647.9,1113.05,,,Service Center,Invalid Claim,Edge,1,Dark,0.7668,B0416
REC00427,CLM01376,CUS00674,PRD00170,Smartphone,Rugged Smartphone,Phone,Main Unit,NovaTech,NOV-SMA-667,SN-76813352,2025-06-21,2026-06-17,2026-06-13,12,No,Display Failure,Internal Component Failure,Customer reports display failure affecting phone.,Unknown,No,Not Applicable,Not Applicable,Not Applicable,Not Applicable,Not Applicable,Not Applicable,Not Applicable,Not Applicable,Yes,Yes,Yes,Yes,Yes,Yes,Not Applicable,Not Applicable,Not Applicable,Not Applicable,Not Applicable,Not Applicable,Not Applicable,No,0,Not Applicable,No,Not Applicable,Yes,Yes,No,No,No,1,951.38,861.33,0.0,0.952,Web,Valid Claim,Edge,47,System,0.70407,B0099
REC00468,CLM00380,CUS00645,PRD00516,Laptop,Consumer Laptop,Battery,Battery,Aster,AST-LAP-673,SN-17544073,2024-10-15,2025-06-21,2025-06-19,12,No,Display Failure,Liquid Damage,Customer reports display failure affecting battery.,No,Unknown,Yes,Not Applicable,Not Applicable,Not Applicable,Not Applicable,Not Applicable,Not Applicable,Not Applicable,Yes,Yes,Yes,Yes,Yes,Yes,Not Applicable,Yes,Not Applicable,Not Applicable,Not Applicable,Not Applicable,Not Applicable,No,0,Not Applicable,No,Not Applicable,Yes,Yes,Yes,No,No,3,1434.97,915.49,0.0,0.731,Mobile App,Invalid Claim,Firefox,2,Light,1.94939,B0251
REC00142,CLM00224,CUS00641,PRD00046,Washing Machine,Washer Dryer,Water Supply or Drain,Main Unit,ZenCore,ZEN-WAS-617,SN-38134392,2024-08-29,2025-12-03,2025-11-24,24,No,Mechanical Failure,Accidental Damage,Customer reports mechanical failure affecting water supply or drain.,Not Applicable,Not Applicable,Not Applicable,Household,Yes,Not Applicable,No,Not Applicable,Not Applicable,Not Applicable,Yes,Yes,No,Yes,Yes,Yes,Not Applicable,Not Applicable,Not Applicable,Not Applicable,Not Applicable,Not Applicable,,No,0,Not Applicable,No,Not Applicable,Yes,Yes,No,No,No,0,1403.81,187.76,0.0,0.896,Web,Invalid Claim,Edge,20,Light,0.09745,B0120
REC00599,CLM00311,CUS00105,PRD00954,Smartphone,Standard Smartphone,Phone,Main Unit,Aster,AST-SMA-221,SN-84982986,2024-03-27,2024-10-20,2024-10-19,12,No,Overheating,Internal Component Failure,Customer reports overheating affecting phone.,Yes,No,Not Applicable,Not Applicable,Not Applicable,Not Applicable,Not Applicable,Not Applicable,Not Applicable,Not Applicable,Yes,,No,Yes,Yes,Yes,Not Applicable,Not Applicable,Not Applicable,Not Applicable,Not Applicable,Not Applicable,Yes,Yes,2,Yes,No,Not Applicable,Yes,Yes,No,No,No,1,1228.53,154.49,102.01,,Web,Valid Claim,Safari,44,System,-0.04172,B0977
REC00397,CLM00386,CUS00382,PRD00888,Smartphone,Rugged Smartphone,Charger,Charger,Aster,AST-SMA-527,SN-89628933,2024-11-02,2025-01-16,2024-12-20,6,No,Battery Problem,Electrical Failure,Customer reports battery problem affecting charger.,No,No,Yes,Not Applicable,Not Applicable,Not Applicable,Not Applicable,Not Applicable,Not Applicable,Not Applicable,Yes,No,Yes,Yes,No,Yes,Not Applicable,Not Applicable,Not Applicable,Not Applicable,Not Applicable,Not Applicable,Yes,Yes,1,Yes,No,Not Applicable,Yes,Yes,Yes,No,No,2,866.39,124.11,620.11,0.912,Service Center,Invalid Claim,Edge,2,System,-0.09678,B0653
REC00615,CLM00680,CUS00074,PRD00810,Printer,Laser,Paper Feed,Main Unit,NovaTech,,SN-32873068,2024-07-16,2025-07-04,2025-07-03,12,No,Paper Feed Failure,Manufacturing Defect,Customer reports paper feed failure affecting paper feed.,Not Applicable,Not Applicable,Not Applicable,Not Applicable,No,Not Applicable,No,Not Applicable,Not Applicable,Original,Yes,No,Yes,Yes,Yes,Yes,Not Applicable,Not Applicable,Not Applicable,Not Applicable,Not Applicable,Yes,Not Applicable,No,0,Not Applicable,No,Not Applicable,Yes,Yes,No,Yes,No,2,197.67,64.34,0.0,0.773,Mobile App,Valid Claim,Chrome,57,System,0.57258,B0859
REC00267,CLM01092,CUS00330,PRD00552,Camera,Compact,Battery,Battery,NovaTech,NOV-CAM-776,SN-95291861,2025-05-29,2025-11-12,2025-11-10,6,No,Power Failure,Internal Component Failure,Customer reports power failure affecting battery.,No,No,Yes,Not Applicable,Not Applicable,Not Applicable,Not Applicable,Not Applicable,Not Applicable,Not Applicable,No,Yes,Yes,Yes,Yes,Yes,Not Applicable,Not Applicable,Not Applicable,Not Applicable,Not Applicable,Not Applicable,Not Applicable,No,0,Not Applicable,No,Not Applicable,Yes,Yes,No,No,No,999,1372.27,459.39,0.0,,Web,Valid Claim,Safari,28,Light,1.14877,B0545
REC01074,CLM00683,CUS00147,PRD00747,Television,Mini-LED,Sound,Main Unit,PrimeView,PRI-TEL-550,SN-15321223,2024-01-27,2025-07-06,2025-06-05,24,No,Audio Failure,Manufacturing Defect,Customer reports audio failure affecting sound.,No,Not Applicable,Not Applicable,Not Applicable,Not Applicable,Yes,Not Applicable,Not Applicable,Not Applicable,Not Applicable,Yes,Yes,No,Yes,Yes,Yes,Not Applicable,Not Applicable,Not Applicable,Not Applicable,Not Applicable,Not Applicable,Not Applicable,No,0,Not Applicable,No,Not Applicable,Yes,Yes,No,No,No,0,459.88,230.51,0.0,0.75,Service Center,Invalid Claim,Edge,36,Dark,-2.08901,B0651
REC00490,CLM00750,CUS00512,PRD00765,Refrigerator,French Door,Power,Main Unit,Aster,AST-REF-846,SN-41014321,2022-05-14,2025-02-20,2025-02-12,24,No,Power Failure,Internal Component Failure,Customer reports power failure affecting power.,Not Applicable,Not Applicable,Not Applicable,Business,No,Not Applicable,Not Applicable,Not Applicable,Not Applicable,Not Applicable,Yes,Yes,Yes,Yes,Yes,Yes,Not Applicable,Not Applicable,Not Applicable,Not Applicable,Not Applicable,Not Applicable,Yes,Yes,1,Yes,No,Not Applicable,Yes,Yes,No,No,Yes,1,1194.12,1068.51,639.32,0.771,Web,Invalid Claim,Firefox,56,System,0.25714,B0951
REC00698,CLM00068,CUS00497,PRD00144,Refrigerator,Single Door,Other,Main Unit,Aster,AST-REF-160,SN-13231877,2024-05-22,2026-08-26,2026-08-05,24,No,Mechanical Failure,Manufacturing Defect,Customer reports mechanical failure affecting other.,Not Applicable,Not Applicable,Not Applicable,Household,No,Not Applicable,Not Applicable,Not Applicable,Not Applicable,Not Applicable,Yes,Yes,No,yes,Yes,Yes,Not Applicable,Not Applicable,Not Applicable,Not Applicable,Not Applicable,Not Applicable,Not Applicable,No,0,Not Applicable,No,Not Applicable,No,Yes,No,No,No,3,2454.15,251.34,0.0,0.75,Mobile App,Invalid Claim,Firefox,26,System,-0.90404,B0411
REC00072,CLM00668,CUS00263,PRD00553,Smartphone,Rugged Smartphone,Phone,Main Unit,NovaTech,NOV-SMA-834,SN-33166035,2023-11-23,2024-09-14,2024-08-27,12,No,Overheating,Manufacturing Defect,Customer reports overheating affecting phone.,No,No,Not Applicable,Not Applicable,Not Applicable,Not Applicable,Not Applicable,Not Applicable,Not Applicable,Not Applicable,Yes,Yes,Yes,Yes,Yes,Yes,Not Applicable,Not Applicable,Not Applicable,Not Applicable,Not Applicable,Not Applicable,Yes,Yes,1,Yes,Yes,Yes,No,Yes,No,No,No,0,1581.46,284.24,47.72,0.821,Mobile App,Invalid Claim,Safari,52,System,1.57192,B0818
REC00741,CLM01500,CUS00156,PRD00217,Smartphone,Foldable Smartphone,Phone,Main Unit,Aster,AST-SMA-745,SN-29220904,2024-01-18,2024-12-20,2024-12-11,12,No,Connectivity Issue,Electrical Failure,Customer reports connectivity issue affecting phone.,No,No,Not Applicable,Not Applicable,Not Applicable,Not Applicable,Not Applicable,Not Applicable,Not Applicable,Not Applicable,Yes,Yes,Yes,Yes,Yes,Yes,Not Applicable,Not Applicable,Not Applicable,Not Applicable,Not Applicable,Not Applicable,Yes,Yes,1,Unknown,No,Not Applicable,Yes,Yes,No,No,No,0,462.99,214.43,533.02,,Service Center,Manual Review,Safari,16,Light,-1.25008,B0401
REC01282,CLM00478,CUS00575,PRD00386,Refrigerator,Double Door,Water Leakage,Main Unit,Aster,AST-REF-194,SN-66798780,2022-11-16,2025-02-14,2025-02-10,24,No,Water Leakage,Manufacturing Defect,Customer reports water leakage affecting water leakage.,Not Applicable,Not Applicable,Not Applicable,Household,No,Not Applicable,Not Applicable,Not Applicable,Not Applicable,Not Applicable,,Yes,Yes,Yes,Yes,No,Not Applicable,Not Applicable,Not Applicable,Not Applicable,Not Applicable,Not Applicable,,No,0,Not Applicable,Yes,No,Yes,Yes,No,No,No,0,2127.05,864.95,,0.855,Web,Invalid Claim,Chrome,54,System,0.36236,B0536
REC00562,CLM01400,CUS00542,PRD00644,Television,Mini-LED,Picture,Main Unit,HomePro,HOM-TEL-165,SN-86303610,2023-07-12,2025-06-15,2025-06-08,24,No,Display Failure,Electrical Failure,Customer reports display failure affecting picture.,No,Not Applicable,Not Applicable,Not Applicable,Not Applicable,No,Not Applicable,Not Applicable,Not Applicable,Not Applicable,Yes,Yes,Yes,Yes,Yes,,Not Applicable,Not Applicable,Not Applicable,Not Applicable,Not Applicable,Not Applicable,Not Applicable,No,0,Not Applicable,No,Not Applicable,Yes,Yes,No,No,No,0,1679.12,441.41,0.0,0.947,Email,Valid Claim,Chrome,56,Dark,-0.06934,B0584
REC00625,CLM00041,CUS00010,PRD00833,Printer,Inkjet,Other,Main Unit,HomePro,HOM-PRI-750,SN-35877954,2022-04-19,2024-03-24,2024-03-10,12,Yes,Connectivity Issue,Normal Wear,Customer reports connectivity issue affecting other.,Not Applicable,Not Applicable,Not Applicable,Not Applicable,No,Not Applicable,No,Not Applicable,Not Applicable,Original,Yes,Yes,No,Yes,Yes,Yes,Not Applicable,Not Applicable,Not Applicable,Not Applicable,Not Applicable,Yes,Not Applicable,No,0,Not Applicable,No,Not Applicable,Yes,No,No,No,Yes,1,930.75,108.41,0.0,0.785,Service Center,Invalid Claim,Safari,5,System,-0.3079,B0645
REC00154,CLM01221,CUS00090,PRD00601,Camera,Action Camera,Camera Body,Camera Body,Aster,AST-CAM-228,SN-76892388,,2026-05-12,2026-05-02,24,Yes,Power Failure,Manufacturing Defect,Customer reports power failure affecting camera body.,No,No,Not Applicable,Not Applicable,Not Applicable,Not Applicable,Not Applicable,Not Applicable,Not Applicable,Not Applicable,Yes,Yes,Yes,Yes,Yes,Yes,Not Applicable,Not Applicable,Not Applicable,Not Applicable,Not Applicable,Not Applicable,Not Applicable,No,0,Not Applicable,No,Not Applicable,Yes,Yes,No,No,No,0,321.66,,0.0,0.731,Service Center,Valid Claim,Edge,57,System,1.55498,B0722
REC00018,CLM00347,CUS00235,PRD00531,Television,QLED,Sound,Main Unit,HomePro,HOM-TEL-601,SN-16890997,2022-10-13,2025-01-29,2025-01-24,24,No,Audio Failure,Manufacturing Defect,Customer reports audio failure affecting sound.,No,Not Applicable,Not Applicable,Not Applicable,Not Applicable,No,Not Applicable,Not Applicable,Not Applicable,Not Applicable,Yes,Yes,Yes,Yes,Yes,Yes,Not Applicable,Not Applicable,Not Applicable,Not Applicable,Not Applicable,Not Applicable,Not Applicable,No,0,Not Applicable,No,Not Applicable,Yes,Yes,No,No,No,0,1635.96,1017.44,0.0,0.925,Mobile App,Invalid Claim,Chrome,58,System,-0.41071,B0476
REC00048,CLM01008,CUS00574,PRD00885,Smartphone,Rugged Smartphone,Phone,Main Unit,NovaTech,NOV-SMA-289,SN-36142190,2025-11-09,2026-09-13,2026-08-22,12,No,Overheating,Manufacturing Defect,Customer reports overheating affecting phone.,No,No,Not Applicable,Not Applicable,Not Applicable,Not Applicable,Not Applicable,Not Applicable,Not Applicable,Not Applicable,Yes,Yes,Yes,Yes,Yes,Yes,Not Applicable,Not Applicable,Not Applicable,Not Applicable,Not Applicable,Not Applicable,Not Applicable,No,0,Not Applicable,No,Not Applicable,Yes,Yes,No,No,No,1,1429.99,737.84,0.0,0.861,Mobile App,Valid Claim,Edge,10,System,-1.81351,B0762
REC00460,CLM01041,CUS00179,PRD00416,Washing Machine,Washer Dryer,Washing,Motor,ZenCore,ZEN-WAS-781,SN-67101636,2015-10-21,2025-10-04,2025-09-04,120,No,Mechanical Failure,Manufacturing Defect,Customer reports mechanical failure affecting washing.,Not Applicable,Not Applicable,Not Applicable,Household,No,Not Applicable,Yes,Not Applicable,Not Applicable,Not Applicable,Yes,Yes,No,Yes,No,Yes,Not Applicable,Not Applicable,Not Applicable,Yes,Not Applicable,Not Applicable,Not Applicable,No,0,Not Applicable,No,Not Applicable,Yes,Yes,No,No,No,2,946.75,421.02,0.0,0.871,Service Center,Manual Review,Firefox,59,System,1.24728,B0857
REC00155,CLM00383,CUS00152,PRD00354,Refrigerator,Single Door,Cooling,Main Unit,ZenCore,ZEN-REF-109,SN-59903247,2022-03-24,2024-10-15,2024-08-28,24,Yes,Cooling Failure,Electrical Failure,Customer reports cooling failure affecting cooling.,Not Applicable,Not Applicable,Not Applicable,Household,No,Not Applicable,Not Applicable,Not Applicable,Not Applicable,Not Applicable,Yes,Yes,No,Yes,Yes,No,Not Applicable,Not Applicable,Not Applicable,Not Applicable,Not Applicable,Not Applicable,Not Applicable,No,0,Not Applicable,No,Not Applicable,No,Yes,No,No,No,3,2849.62,880.6,0.0,0.877,Web,Invalid Claim,Safari,56,Dark,-0.97638,B0701
REC00915,CLM01262,CUS00255,PRD00097,Camera,DSLR,Camera Body,Camera Body,PrimeView,PRI-CAM-659,SN-41527040,2022-10-29,2025-02-16,2025-01-18,24,Yes,Connectivity Issue,Manufacturing Defect,Customer reports connectivity issue affecting camera body.,No,No,Not Applicable,Not Applicable,Not Applicable,Not Applicable,Not Applicable,Not Applicable,Not Applicable,Not Applicable,Yes,Yes,No,Yes,Yes,Yes,Not Applicable,Not Applicable,Not Applicable,Not Applicable,Not Applicable,Not Applicable,Not Applicable,No,0,Not Applicable,No,Not Applicable,Yes,YES,No,No,No,1,1917.67,911.09,0.0,0.855,Service Center,Valid Claim,Edge,52,System,0.68817,B0179
REC01154,CLM00328,CUS00493,PRD00506,Washing Machine,Top Load,Water Leakage,Main Unit,ZenCore,ZEN-WAS-780,SN-55076664,2024-12-25,2026-05-27,2026-05-02,24,No,Water Leakage,Manufacturing Defect,Customer reports water leakage affecting water leakage.,Not Applicable,Not Applicable,Not Applicable,Household,No,Not Applicable,No,Not Applicable,Not Applicable,Not Applicable,Yes,Yes,No,Yes,Yes,No,Not Applicable,Not Applicable,Not Applicable,Not Applicable,Not Applicable,Not Applicable,Not Applicable,No,0,Not Applicable,No,Not Applicable,Yes,Yes,No,No,No,0,644.62,77.99,0.0,0.59,Web,Manual Review,Chrome,56,Light,-1.3696,B0051
REC00579,CLM00694,CUS00204,PRD00446,Television,Mini-LED,Connection,Main Unit,HomePro,HOM-TEL-550,SN-77635503,2024-02-12,2025-04-18,2025-04-16,24,No,Connectivity Issue,Internal Component Failure,Customer reports connectivity issue affecting connection.,No,Not Applicable,Not Applicable,Not Applicable,Not Applicable,Yes,Not Applicable,Not Applicable,Not Applicable,Not Applicable,Yes,Yes,Yes,Yes,No,Yes,Not Applicable,Not Applicable,Not Applicable,Not Applicable,Not Applicable,Not Applicable,Not Applicable,No,0,Not Applicable,No,Not Applicable,Yes,Yes,No,No,No,0,2111.41,725.67,0.0,0.768,Service Center,Manual Review,Edge,47,Light,1.04431,B0282
REC00212,CLM00747,CUS00265,PRD00522,Printer,Thermal,Power,Main Unit,HomePro,HOM-PRI-453,SN-41795322,2023-07-12,2024-06-15,2024-05-06,12,No,Power Failure,Internal Component Failure,Customer reports power failure affecting power.,Not Applicable,Not Applicable,Not Applicable,Not Applicable,Yes,Not Applicable,No,Not Applicable,Not Applicable,Original,No,Yes,Yes,Yes,Yes,Yes,Not Applicable,Not Applicable,Not Applicable,Not Applicable,Not Applicable,Yes,Not Applicable,No,0,Not Applicable,No,Not Applicable,No,Yes,No,No,No,0,346.77,163.85,0.0,0.54,Mobile App,Invalid Claim,Safari,53,Light,1.25347,B0268
REC01425,CLM01302,CUS00428,PRD00342,Television,LED,Power,Main Unit,Aster,AST-TEL-120,SN-21459565,2023-07-05,2025-04-15,2025-03-29,24,No,Power Failure,Manufacturing Defect,Customer reports power failure affecting power.,No,Not Applicable,Not Applicable,Not Applicable,Not Applicable,No,Not Applicable,Not Applicable,Not Applicable,Not Applicable,No,Yes,Yes,Yes,Yes,Yes,Not Applicable,Not Applicable,Not Applicable,Not Applicable,Not Applicable,Not Applicable,Not Applicable,No,0,Not Applicable,No,Not Applicable,Y,Yes,No,No,No,1,2907.7,1404.4,0.0,0.732,Web,Valid Claim,Chrome,45,Dark,-1.154,B0719
REC00413,CLM00427,CUS00206,PRD00893,Television,QLED,Sound,Main Unit,HomePro,HOM-TEL-901,SN-63823177,2024-04-27,2026-03-06,2026-02-17,24,No,Audio Failure,Manufacturing Defect,Customer reports audio failure affecting sound.,Yes,Not Applicable,Not Applicable,Not Applicable,Not Applicable,No,Not Applicable,Not Applicable,Not Applicable,Not Applicable,Yes,No,Yes,Yes,,Yes,Not Applicable,Not Applicable,Not Applicable,Not Applicable,Not Applicable,Not Applicable,Not Applicable,No,0,Not Applicable,Yes,Yes,Yes,No,No,No,No,2,1054.01,894.14,0.0,,Email,Manual Review,Firefox,33,System,1.44453,B0744
REC00339,CLM00143,CUS00616,PRD00286,Laptop,Business Laptop,Device,Main Unit,Aster,AST-LAP-187,SN-16749722,2024-05-13,2026-06-04,2026-05-28,24,No,Overheating,Internal Component Failure,Customer reports overheating affecting device.,No,Yes,Not Applicable,Not Applicable,Not Applicable,Not Applicable,Not Applicable,Not Applicable,Not Applicable,Not Applicable,Yes,Yes,Yes,,Yes,Yes,Not Applicable,Not Applicable,Not Applicable,Not Applicable,Not Applicable,Not Applicable,,No,0,Not Applicable,No,Not Applicable,Yes,Yes,No,No,No,1,2457.92,330.83,0.0,0.984,Web,Invalid Claim,MobileWebView,34,Dark,-1.29046,B0045
REC01015,CLM00689,CUS00078,PRD00941,Printer,Laser,Power,Main Unit,PrimeView,PRI-PRI-600,SN-14119804,2024-10-14,2025-06-03,2025-05-18,12,No,Power Failure,Electrical Failure,Customer reports power failure affecting power.,Not Applicable,Not Applicable,Not Applicable,Not Applicable,No,Not Applicable,No,Not Applicable,Not Applicable,Original,Yes,Yes,Yes,Yes,Yes,Yes,Not Applicable,Not Applicable,Not Applicable,Not Applicable,Not Applicable,Yes,Not Applicable,No,0,Not Applicable,No,Not Applicable,Yes,Yes,No,No,No,2,511.61,128.06,0.0,0.963,Service Center,Valid Claim,Safari,47,Dark,-2.15876,B0758
REC00465,CLM01386,CUS00220,PRD00965,Camera,DSLR,Not Sure,Camera Body,Aster,AST-CAM-493,SN-74599989,2024-05-03,2025-05-13,2025-04-22,24,No,Lens Failure,Internal Component Failure,Customer reports lens failure affecting not sure.,Unknown,No,Not Applicable,Not Applicable,Not Applicable,Not Applicable,Not Applicable,Not Applicable,Not Applicable,Not Applicable,Yes,Yes,No,Yes,No,,Not Applicable,Not Applicable,Not Applicable,Not Applicable,Not Applicable,Not Applicable,Yes,Yes,3,Yes,No,Not Applicable,Yes,Yes,No,No,No,0,1086.78,551.14,565.8,0.76,Mobile App,Manual Review,Chrome,23,System,1.26357,B0121
REC01038,CLM00042,CUS00115,PRD00409,Laptop,Gaming Laptop,Device,Main Unit,Aster,AST-LAP-131,SN-27095581,2023-10-23,2025-05-13,2025-05-02,24,No,Display Failure,Internal Component Failure,Customer reports display failure affecting device.,No,No,Not Applicable,Not Applicable,Not Applicable,Not Applicable,Not Applicable,Not Applicable,Not Applicable,Not Applicable,Yes,Yes,Yes,Yes,Yes,No,Not Applicable,Not Applicable,Not Applicable,Not Applicable,Not Applicable,Not Applicable,Not Applicable,No,0,Not Applicable,No,Not Applicable,Yes,Yes,No,No,No,0,2125.69,808.57,0.0,0.837,Web,Manual Review,Edge,39,Light,0.75986,B0251
REC01388,CLM00584,CUS00200,PRD00085,Laptop,Business Laptop,Device,Main Unit,Aster,AST-LAP-209,SN-87189626,2023-06-14,2025-05-06,2025-04-18,24,No,Display Failure,Electrical Failure,Customer reports display failure affecting device.,No,No,Not Applicable,Not Applicable,Not Applicable,Not Applicable,Not Applicable,Not Applicable,Not Applicable,Not Applicable,Yes,Yes,Yes,Yes,Yes,Yes,Not Applicable,Not Applicable,Not Applicable,Not Applicable,Not Applicable,Not Applicable,Not Applicable,No,0,Not Applicable,No,Not Applicable,Yes,Yes,No,No,No,0,1940.23,982.16,0.0,0.511,Service Center,Manual Review,Safari,10,Light,0.61306,B0191
REC00573,CLM00256,CUS00684,PRD00484,Smartphone,Foldable Smartphone,Charger,Charger,Aster,AST-SMA-665,SN-66662531,2025-07-04,2026-04-15,2026-03-21,6,NO,Display Failure,Manufacturing Defect,Customer reports display failure affecting charger.,No,No,Not Applicable,Not Applicable,Not Applicable,Not Applicable,Not Applicable,Not Applicable,Not Applicable,Not Applicable,Yes,Yes,Yes,Yes,Yes,Yes,Not Applicable,Not Applicable,Not Applicable,Not Applicable,Not Applicable,Not Applicable,No,Yes,3,No,No,Not Applicable,Unknown,Yes,No,No,No,0,728.76,107.84,349.67,0.737,Mobile App,Invalid Claim,Edge,6,Dark,0.63016,B0813
REC00440,CLM00214,CUS00390,PRD00216,Washing Machine,Top Load,Power,Main Unit,HomePro,HOM-WAS-432,SN-18966369,2023-08-06,2025-03-13,2025-02-19,24,No,Power Failure,Internal Component Failure,Customer reports power failure affecting power.,Not Applicable,Not Applicable,Not Applicable,Household,No,Not Applicable,No,Not Applicable,Not Applicable,Not Applicable,Yes,Yes,Yes,Yes,Yes,Yes,Not Applicable,Not Applicable,Not Applicable,Not Applicable,Not Applicable,Not Applicable,Not Applicable,No,0,Not Applicable,No,Not Applicable,Yes,Yes,No,No,No,1,1507.07,595.42,0.0,0.868,Mobile App,Valid Claim,Safari,8,Dark,0.40358,B0811
REC01406,CLM01284,CUS00591,PRD00817,Television,OLED,Sound,Main Unit,Aster,AST-TEL-161,SN-59198255,2024-09-05,2026-05-21,2026-05-17,24,No,Audio Failure,Electrical Failure,Customer reports audio failure affecting sound.,No,Not Applicable,Not Applicable,Not Applicable,Not Applicable,Yes,Not Applicable,Not Applicable,Not Applicable,Not Applicable,Yes,No,No,Yes,Yes,No,Not Applicable,Not Applicable,Not Applicable,Not Applicable,Not Applicable,Not Applicable,Not Applicable,No,0,Not Applicable,No,Not Applicable,Yes,Yes,No,No,No,1,2824.11,263.87,0.0,0.992,Web,Manual Review,Firefox,49,System,0.3236,B0673
REC00079,CLM01068,CUS00229,PRD00827,Smartphone,Rugged Smartphone,Phone,Main Unit,NovaTech,NOV-SMA-977,SN-17959961,2025-03-24,2025-12-28,2025-12-22,12,No,Power Failure,Internal Component Failure,Customer reports power failure affecting phone.,No,No,Not Applicable,Not Applicable,Not Applicable,Not Applicable,Not Applicable,Not Applicable,Not Applicable,Not Applicable,Yes,Yes,No,Yes,Yes,Yes,Not Applicable,Not Applicable,Not Applicable,Not Applicable,Not Applicable,Not Applicable,Yes,Yes,1,Yes,No,Not Applicable,Yes,Yes,No,N,No,1,1256.25,146.41,569.66,0.81,Service Center,Valid Claim,MobileWebView,9,Dark,0.80272,B0802
REC01218,CLM01495,CUS00485,PRD00312,Television,Mini-LED,Connection,Main Unit,PrimeView,PRI-TEL-391,SN-15467030,2022-11-02,2024-02-15,2024-01-20,24,No,Connectivity Issue,Electrical Failure,Customer reports connectivity issue affecting connection.,No,Not Applicable,Not Applicable,Not Applicable,Not Applicable,No,Not Applicable,Not Applicable,Not Applicable,Not Applicable,Yes,Yes,No,Yes,Yes,Yes,Not Applicable,Not Applicable,Not Applicable,Not Applicable,Not Applicable,Not Applicable,No,Yes,2,Yes,Yes,Yes,Yes,Yes,No,No,No,1,1887.41,1625.86,597.58,0.975,Service Center,Manual Review,MobileWebView,49,Light,-0.39052,B0565
REC01285,CLM00336,CUS00641,PRD00488,Air Conditioner,Cassette,Outdoor Unit,Main Unit,Aster,AST-AIR-113,SN-16280642,2023-01-12,2025-01-01,2024-12-16,24,No,Noise,Internal Component Failure,Customer reports noise affecting outdoor unit.,Not Applicable,Not Applicable,Not Applicable,Not Applicable,No,Not Applicable,Not Applicable,No,Outdoor Unit,Not Applicable,Yes,Yes,Yes,Yes,Yes,Yes,Yes,Not Applicable,Not Applicable,Not Applicable,Not Applicable,Not Applicable,Not Applicable,No,0,Not Applicable,No,Not Applicable,Yes,Yes,No,No,No,0,2049.68,1058.63,0.0,0.578,Web,Manual Review,Firefox,21,Light,1.0482,B0880
REC00312,CLM00222,CUS00216,PRD00325,Laptop,Business Laptop,Device,Main Unit,ZenCore,ZEN-LAP-255,SN-60016859,2021-08-29,2024-02-29,2024-02-12,24,No,Power Failure,Electrical Failure,Customer reports power failure affecting device.,No,No,Not Applicable,Not Applicable,Not Applicable,Not Applicable,Not Applicable,Not Applicable,Not Applicable,Not Applicable,Yes,Yes,No,Yes,Yes,Yes,Not Applicable,Not Applicable,Not Applicable,Not Applicable,Not Applicable,Not Applicable,Not Applicable,No,0,Not Applicable,No,Not Applicable,Yes,Yes,No,No,No,1,1449.68,1071.18,0.0,0.689,Service Center,Invalid Claim,MobileWebView,8,System,0.67043,B0076
REC00585,CLM00175,CUS00075,PRD00154,Smartphone,Rugged Smartphone,Phone,Main Unit,NovaTech,NOV-SMA-149,SN-13845777,2023-10-24,2024-05-15,2024-05-11,12,No,Power Failure,Electrical Failure,Customer reports power failure affecting phone.,No,No,Not Applicable,Not Applicable,Not Applicable,Not Applicable,Not Applicable,Not Applicable,Not Applicable,Not Applicable,Yes,Yes,No,Yes,Yes,Yes,Not Applicable,Not Applicable,Not Applicable,Not Applicable,Not Applicable,Not Applicable,,No,0,Not Applicable,No,Not Applicable,Yes,Yes,No,No,No,0,704.02,249.71,0.0,,Email,Valid Claim,MobileWebView,55,System,0.41723,B0502
REC00701,CLM00891,CUS00315,PRD00071,Refrigerator,Double Door,Cooling,Main Unit,Aster,AST-REF-146,SN-73177932,2023-12-26,2025-09-10,2025-09-10,24,No,Cooling Failure,Manufacturing Defect,Customer reports cooling failure affecting cooling.,Not Applicable,Not Applicable,Not Applicable,Business,No,Not Applicable,Not Applicable,Not Applicable,Not Applicable,Not Applicable,Yes,Yes,Yes,Yes,No,Yes,Not Applicable,Not Applicable,Not Applicable,Not Applicable,Not Applicable,Not Applicable,Not Applicable,No,0,Not Applicable,No,Not Applicable,Yes,Yes,No,No,No,2,1470.68,1265.74,0.0,0.935,Mobile App,Manual Review,Edge,25,Light,0.56107,B0515
REC00233,CLM00878,CUS00229,PRD00923,Laptop,Gaming Laptop,Device,Main Unit,NovaTech,NOV-LAP-912,SN-22001780,2022-09-11,2024-06-11,2024-06-11,24,No,Power Failure,Internal Component Failure,Customer reports power failure affecting device.,Yes,No,Not Applicable,Not Applicable,Not Applicable,Not Applicable,Not Applicable,Not Applicable,Not Applicable,Not Applicable,Yes,Yes,No,Yes,Yes,No,Not Applicable,Not Applicable,Not Applicable,Not Applicable,Not Applicable,Not Applicable,Not Applicable,No,0,Not Applicable,No,Not Applicable,Yes,Yes,No,No,No,1,1695.11,1156.01,0.0,0.887,Web,Manual Review,Safari,13,Dark,0.06948,B0238
REC00920,CLM00238,CUS00088,PRD00623,Television,Mini-LED,Picture,Main Unit,Aster,AST-TEL-983,SN-43124272,2021-09-02,2024-01-26,2024-01-24,24,Yes,Display Failure,Misuse,Customer reports display failure affecting picture.,No,Not Applicable,Not Applicable,Not Applicable,Not Applicable,No,Not Applicable,Not Applicable,Not Applicable,Not Applicable,Yes,Yes,Yes,Yes,Yes,Yes,Not Applicable,Not Applicable,Not Applicable,Not Applicable,Not Applicable,Not Applicable,Not Applicable,No,0,Not Applicable,Yes,Yes,Yes,Yes,No,No,No,0,1329.72,768.91,0.0,0.733,Mobile App,Invalid Claim,Edge,18,Dark,-0.05813,B0877
REC00179,CLM00773,CUS00323,PRD00540,Air Conditioner,Split,Outdoor Unit,Compressor,ZenCore,ZEN-AIR-927,SN-40469678,2019-11-05,2024-11-01,2024-10-06,60,No,Noise,Manufacturing Defect,Customer reports noise affecting outdoor unit.,Not Applicable,Not Applicable,Not Applicable,Not Applicable,No,Not Applicable,Not Applicable,No,Outdoor Unit,Not Applicable,Yes,No,No,Yes,No,Yes,Yes,Not Applicable,Not Applicable,Yes,Not Applicable,Not Applicable,Not Applicable,No,0,Not Applicable,No,Not Applicable,Yes,Yes,No,No,No,0,736.26,358.94,0.0,0.816,Web,Manual Review,Chrome,55,System,-0.83495,B0796
REC00630,CLM01450,CUS00387,PRD00404,Refrigerator,Side-by-Side,Water Leakage,Compressor,ZenCore,ZEN-REF-609,SN-34854725,2017-01-01,2026-05-10,2026-04-24,120,No,Water Leakage,Electrical Failure,Customer reports water leakage affecting water leakage.,Not Applicable,Not Applicable,Not Applicable,Household,No,Not Applicable,Not Applicable,Not Applicable,Not Applicable,Not Applicable,Yes,Yes,Yes,Yes,No,Yes,Not Applicable,Not Applicable,Not Applicable,Yes,Not Applicable,Not Applicable,Not Applicable,No,0,Not Applicable,No,Not Applicable,Yes,No,No,No,NO,1,1387.65,888.38,0.0,0.831,Web,Manual Review,Firefox,39,Light,1.23462,B0144
REC01256,CLM01368,CUS00287,PRD00425,Air Conditioner,Split,Indoor Unit,Main Unit,HomePro,HOM-AIR-742,SN-79100647,2023-11-23,2025-05-06,2025-04-27,24,No,Power Failure,Internal Component Failure,Customer reports power failure affecting indoor unit.,Not Applicable,Not Applicable,Not Applicable,Not Applicable,Yes,Not Applicable,Not Applicable,No,Indoor Unit,Not Applicable,Yes,,Yes,Yes,Yes,No,Yes,Not Applicable,Not Applicable,Not Applicable,Not Applicable,Not Applicable,Not Applicable,No,0,Not Applicable,No,Not Applicable,Yes,Yes,No,No,No,0,2003.87,1115.23,0.0,0.881,Mobile App,Manual Review,Chrome,51,System,0.89316,B0560
REC00398,CLM00764,CUS00487,PRD00908,Laptop,Consumer Laptop,Device,Main Unit,NovaTech,NOV-LAP-613,SN-29728051,2021-12-26,2025-01-31,2025-01-22,24,Yes,Display Failure,Internal Component Failure,Customer reports display failure affecting device.,Unknown,No,Not Applicable,Not Applicable,Not Applicable,Not Applicable,Not Applicable,Not Applicable,Not Applicable,Not Applicable,Yes,Yes,Yes,Yes,Yes,Yes,Not Applicable,Not Applicable,Not Applicable,Not Applicable,Not Applicable,Not Applicable,Not Applicable,No,0,Not Applicable,No,Not Applicable,Yes,Yes,Yes,No,No,0,761.44,457.81,0.0,0.745,Service Center,Invalid Claim,Edge,6,Dark,-1.45104,B0497
REC01453,CLM01375,CUS00436,PRD00312,Camera,Action Camera,Camera Body,Camera Body,PrimeView,PRI-CAM-455,SN-46265150,2024-08-22,2026-08-17,2026-08-15,24,No,Battery Problem,Internal Component Failure,Customer reports battery problem affecting camera body.,No,No,Yes,Not Applicable,Not Applicable,Not Applicable,Not Applicable,Not Applicable,Not Applicable,Not Applicable,Yes,Yes,No,Yes,Yes,Yes,Not Applicable,Not Applicable,Not Applicable,Not Applicable,Not Applicable,Not Applicable,Not Applicable,No,0,Not Applicable,No,Not Applicable,Yes,Yes,No,No,No,0,2987.82,1384.1,0.0,0.855,Service Center,Valid Claim,Firefox,48,System,-0.43551,B0445
REC00911,CLM00472,CUS00095,PRD00665,Smartphone,Foldable Smartphone,Phone,Main Unit,NovaTech,,SN-76604437,2024-02-18,2024-08-08,2024-08-03,12,No,Power Failure,Manufacturing Defect,Customer reports power failure affecting phone.,No,Yes,Not Applicable,Not Applicable,Not Applicable,Not Applicable,Not Applicable,Not Applicable,Not Applicable,Not Applicable,Yes,Yes,No,Yes,Yes,Yes,Not Applicable,Not Applicable,Not Applicable,Not Applicable,Not Applicable,Not Applicable,Yes,Yes,1,Yes,No,Not Applicable,Yes,No,No,No,No,0,424.92,,355.5,0.778,Mobile App,Manual Review,MobileWebView,36,Light,-0.05622,B0962
REC00064,CLM00732,CUS00440,PRD00739,Television,QLED,Picture,Main Unit,HomePro,HOM-TEL-527,SN-28611748,2023-02-23,2024-08-16,2024-07-11,24,No,Display Failure,Electrical Failure,Customer reports display failure affecting picture.,No,Not Applicable,Not Applicable,Not Applicable,Not Applicable,Yes,Not Applicable,Not Applicable,Not Applicable,Not Applicable,Yes,Yes,Yes,,Yes,Yes,Not Applicable,Not Applicable,Not Applicable,Not Applicable,Not Applicable,Not Applicable,No,Yes,3,Yes,No,Not Applicable,Yes,Yes,No,No,No,0,1401.01,261.23,524.07,0.927,Service Center,Invalid Claim,Firefox,38,Dark,0.60587,B0793
REC00181,CLM00193,CUS00484,PRD00442,Washing Machine,Top Load,Washing,Main Unit,PrimeView,PRI-WAS-134,SN-80439162,2023-01-19,2024-11-07,2024-10-23,24,No,Mechanical Failure,Manufacturing Defect,Customer reports mechanical failure affecting washing.,Not Applicable,Not Applicable,Not Applicable,Business,No,Not Applicable,No,Not Applicable,Not Applicable,Not Applicable,Yes,Yes,Yes,Yes,No,No,Not Applicable,Not Applicable,Not Applicable,Not Applicable,Not Applicable,Not Applicable,Not Applicable,No,0,Not Applicable,No,Not Applicable,Yes,Yes,No,No,No,1,1159.28,333.7,0.0,0.736,Web,Manual Review,Chrome,24,Dark,-0.67577,B0141
REC01264,CLM01206,CUS00254,PRD00701,Printer,Laser,Printing,Main Unit,HomePro,HOM-PRI-143,SN-92711202,2023-12-08,2024-06-06,2024-05-27,12,No,Mechanical Failure,Internal Component Failure,Customer reports mechanical failure affecting printing.,Not Applicable,Not Applicable,Not Applicable,Not Applicable,No,Not Applicable,No,Not Applicable,Not Applicable,Original,Yes,Yes,No,Yes,Yes,Yes,Not Applicable,Not Applicable,Not Applicable,Not Applicable,Not Applicable,No,Not Applicable,No,0,Not Applicable,No,Not Applicable,Yes,Yes,No,No,No,1,177.38,70.55,0.0,0.968,Web,Manual Review,Safari,13,System,1.50966,B0513
REC01133,CLM00889,CUS00518,PRD00481,Printer,Inkjet,Connection,Main Unit,NovaTech,NOV-PRI-688,SN-57629479,2024-10-25,2025-02-20,2025-02-01,12,No,Connectivity Issue,Manufacturing Defect,Customer reports connectivity issue affecting connection.,Not Applicable,Not Applicable,Not Applicable,Not Applicable,No,Not Applicable,No,Not Applicable,Not Applicable,Original,Yes,No,No,,Yes,Yes,Not Applicable,Not Applicable,Not Applicable,Not Applicable,Not Applicable,Yes,Yes,Yes,1,Yes,No,Not Applicable,Yes,Yes,No,No,No,0,1138.17,114.75,261.53,0.901,Web,Valid Claim,Safari,51,System,-1.42341,B0146
REC00900,CLM00452,CUS00229,PRD00036,Washing Machine,Top Load,Power,Main Unit,PrimeView,PRI-WAS-385,SN-74580984,2022-08-15,2024-05-22,2024-05-09,24,No,Power Failure,Electrical Failure,Customer reports power failure affecting power.,Not Applicable,Not Applicable,Not Applicable,Household,No,Not Applicable,No,Not Applicable,Not Applicable,Not Applicable,No,No,Yes,Yes,No,Yes,Not Applicable,Not Applicable,Not Applicable,Not Applicable,Not Applicable,Not Applicable,Not Applicable,No,0,Not Applicable,No,Not Applicable,Yes,Yes,No,No,No,0,1724.24,1048.12,0.0,0.732,Service Center,Manual Review,Chrome,35,Dark,0.04572,B0036
REC00308,CLM00233,CUS00213,PRD00934,Camera,Mirrorless,Camera Body,Camera Body,NovaTech,NOV-CAM-751,SN-17303987,2025-03-08,2026-06-20,2026-06-09,24,No,Battery Problem,Electrical Failure,Customer reports battery problem affecting camera body.,No,No,Yes,Not Applicable,Not Applicable,Not Applicable,Not Applicable,Not Applicable,Not Applicable,Not Applicable,No,Yes,No,Yes,Yes,Yes,Not Applicable,Not Applicable,Not Applicable,Not Applicable,Not Applicable,Not Applicable,No,Yes,1,Yes,No,Not Applicable,Yes,Yes,No,No,No,0,2139.6,714.63,542.78,0.861,Web,Manual Review,Chrome,54,Dark,1.31165,B0872
REC00276,CLM00650,CUS00099,PRD00215,television,LED,Power,Main Unit,HomePro,HOM-TEL-275,SN-37524813,2022-11-30,2024-07-05,2024-06-16,24,No,Power Failure,Accidental Damage,Customer reports power failure affecting power.,Yes,Not Applicable,Not Applicable,Not Applicable,Not Applicable,Yes,Not Applicable,Not Applicable,Not Applicable,Not Applicable,Yes,Yes,Yes,Yes,,Yes,Not Applicable,Not Applicable,Not Applicable,Not Applicable,Not Applicable,Not Applicable,Not Applicable,No,0,Not Applicable,No,Not Applicable,Yes,Yes,No,No,No,0,2666.94,1006.07,0.0,0.96,Mobile App,Invalid Claim,Edge,7,System,-0.38284,B0288
REC01068,CLM01060,CUS00067,PRD00969,Washing Machine,Washer Dryer,Power,Main Unit,HomePro,HOM-WAS-889,SN-41511007,2023-05-30,2024-09-22,2024-09-04,24,No,Power Failure,Electrical Failure,Customer reports power failure affecting power.,Not Applicable,Not Applicable,Not Applicable,Household,Yes,Not Applicable,No,Not Applicable,Not Applicable,Not Applicable,Yes,No,Yes,Yes,Yes,Yes,Not Applicable,Not Applicable,Not Applicable,Not Applicable,Not Applicable,Not Applicable,Yes,Yes,2,Yes,No,Not Applicable,Yes,Yes,No,No,No,1,2086.2,1368.63,405.16,0.893,Mobile App,Valid Claim,Edge,47,System,-1.30479,B0850
REC00578,CLM00291,CUS00321,PRD00990,Printer,Laser,Paper Feed,Main Unit,NovaTech,NOV-PRI-442,SN-61321217,2024-10-21,2025-08-12,2025-07-27,12,No,Paper Feed Failure,Electrical Failure,Customer reports paper feed failure affecting paper feed.,Not Applicable,Not Applicable,Not Applicable,Not Applicable,No,Not Applicable,No,Not Applicable,Not Applicable,Original,Yes,Yes,No,Yes,,No,Not Applicable,Not Applicable,Not Applicable,Not Applicable,Not Applicable,Yes,Not Applicable,No,0,Not Applicable,No,Not Applicable,Yes,Yes,No,No,No,0,620.35,560.74,0.0,0.869,Mobile App,Manual Review,Edge,12,Light,0.22029,B0020
REC00610,CLM00152,CUS00313,PRD00222,Television,QLED,Connection,Main Unit,PrimeView,PRI-TEL-716,SN-49748290,2022-05-26,2025-01-01,2024-12-24,24,No,Connectivity Issue,Electrical Failure,Customer reports connectivity issue affecting connection.,No,Not Applicable,Not Applicable,Not Applicable,Not Applicable,Yes,Not Applicable,Not Applicable,Not Applicable,Not Applicable,Yes,Yes,Yes,Yes,Yes,Yes,Not Applicable,Not Applicable,Not Applicable,Not Applicable,Not Applicable,Not Applicable,Not Applicable,No,0,Not Applicable,No,N/A,Unknown,Yes,No,No,No,1,1594.65,239.8,0.0,0.864,Web,Invalid Claim,Edge,15,System,-0.13865,B0255
REC00214,CLM00125,CUS00341,PRD00563,Smartphone,Rugged Smartphone,Charger,Charger,NovaTech,NOV-SMA-280,SN-17675423,2025-10-05,2026-07-10,2026-06-18,6,No,Connectivity Issue,Internal Component Failure,Customer reports connectivity issue affecting charger.,No,No,Not Applicable,Not Applicable,Not Applicable,Not Applicable,Not Applicable,Not Applicable,Not Applicable,Not Applicable,Yes,Yes,No,Yes,Yes,No,Not Applicable,Not Applicable,Not Applicable,Not Applicable,Not Applicable,Not Applicable,Yes,Yes,1,Unknown,No,Not Applicable,Yes,Yes,No,No,No,0,1746.24,201.49,574.6,0.816,Service Center,Invalid Claim,Safari,35,Light,-0.02187,B0626
REC00543,CLM01247,CUS00558,PRD00111,Refrigerator,Side-by-Side,Water Leakage,Main Unit,ZenCore,ZEN-REF-183,SN-34473617,2023-10-02,2025-08-02,2025-07-22,24,No,Water Leakage,Electrical Failure,Customer reports water leakage affecting water leakage.,Not Applicable,Not Applicable,Not Applicable,Household,Yes,Not Applicable,Not Applicable,Not Applicable,Not Applicable,Not Applicable,Yes,Yes,Yes,Yes,Yes,,Not Applicable,Not Applicable,Not Applicable,Not Applicable,Not Applicable,Not Applicable,Not Applicable,No,0,Not Applicable,No,Not Applicable,Yes,Yes,NO,No,No,0,2403.51,1825.48,0.0,0.749,Web,Valid Claim,Firefox,1,Dark,-0.77918,B0389
REC00882,CLM00637,CUS00187,PRD00054,Printer,Laser,Paper Feed,Main Unit,PrimeView,PRI-PRI-607,SN-86093078,2023-08-23,2024-03-02,2024-03-01,12,No,Paper Feed Failure,Manufacturing Defect,Customer reports paper feed failure affecting paper feed.,Not Applicable,Not Applicable,Not Applicable,Not Applicable,No,Not Applicable,No,Not Applicable,Not Applicable,Original,Yes,Yes,No,Yes,Yes,Yes,Not Applicable,Not Applicable,Not Applicable,Not Applicable,Not Applicable,Yes,Not Applicable,No,0,Not Applicable,No,Not Applicable,Yes,Yes,No,No,No,1,659.58,326.34,,0.835,Web,Valid Claim,MobileWebView,48,System,0.3019,B0154
REC00863,CLM01357,CUS00004,PRD00534,laptop,2-in-1,Device,Main Unit,NovaTech,NOV-LAP-585,SN-77656204,2023-02-09,2024-05-26,2024-05-18,24,No,Display Failure,Manufacturing Defect,Customer reports display failure affecting device.,No,No,Not Applicable,Not Applicable,Not Applicable,Not Applicable,Not Applicable,Not Applicable,Not Applicable,Not Applicable,No,Yes,Yes,Yes,No,Yes,Not Applicable,Not Applicable,Not Applicable,Not Applicable,Not Applicable,Not Applicable,Not Applicable,No,0,Not Applicable,Yes,No,Yes,Yes,No,No,No,1,1156.03,419.98,0.0,0.962,Email,Manual Review,Safari,40,Light,-0.3294,B0998
REC00377,CLM01235,CUS00540,PRD00870,Television,QLED,Power,Display Panel,Aster,AST-TEL-451,SN-51494421,2023-03-03,2024-06-14,2024-05-28,24,No,Power Failure,Internal Component Failure,Customer reports power failure affecting power.,No,Not Applicable,Not Applicable,Not Applicable,Not Applicable,No,Not Applicable,Not Applicable,Not Applicable,Not Applicable,Yes,Yes,No,Yes,Yes,Yes,Not Applicable,Not Applicable,Yes,Not Applicable,Not Applicable,Not Applicable,Not Applicable,No,0,Not Applicable,No,Not Applicable,Yes,Yes,No,No,No,0,1641.98,908.35,0.0,0.954,Service Center,Valid Claim,Chrome,47,Dark,1.35214,B0550
REC00867,CLM01286,CUS00348,PRD00286,Washing Machine,Washer Dryer,Other,Motor,HomePro,HOM-WAS-881,SN-93379811,2014-03-23,2024-02-03,2024-01-23,120,No,Mechanical Failure,Internal Component Failure,Customer reports mechanical failure affecting other.,Not Applicable,Not Applicable,Not Applicable,Business,No,Not Applicable,No,Not Applicable,Not Applicable,Not Applicable,Yes,,Yes,Yes,Yes,Yes,Not Applicable,Not Applicable,Not Applicable,Yes,Not Applicable,Not Applicable,Not Applicable,No,0,Not Applicable,No,Not Applicable,Yes,Yes,No,No,No,0,1663.29,986.29,0.0,0.725,Service Center,Valid Claim,MobileWebView,33,Dark,-0.10716,B0204
REC00947,CLM00957,CUS00203,PRD00191,Refrigerator,Double Door,Water Leakage,Main Unit,HomePro,HOM-REF-776,SN-16278183,2024-08-08,2026-02-06,2026-01-25,24,No,Water Leakage,Manufacturing Defect,Customer reports water leakage affecting water leakage.,Not Applicable,Not Applicable,Not Applicable,Household,Yes,Not Applicable,Not Applicable,Not Applicable,Not Applicable,Not Applicable,Yes,Yes,Yes,Yes,Yes,Yes,Not Applicable,Not Applicable,Not Applicable,Not Applicable,Not Applicable,Not Applicable,Not Applicable,No,0,Not Applicable,No,Not Applicable,Yes,Yes,Yes,No,No,0,2306.13,988.62,0.0,0.8,Service Center,Invalid Claim,Firefox,30,Dark,0.60955,B0529
REC01161,CLM00465,CUS00181,PRD00917,Washing Machine,Front Load,Water Leakage,Main Unit,ZenCore,ZEN-WAS-882,SN-88466887,2024-09-12,2025-09-29,2025-09-22,24,No,Water Leakage,Electrical Failure,Customer reports water leakage affecting water leakage.,Not Applicable,Not Applicable,Not Applicable,Household,No,Not Applicable,No,Not Applicable,Not Applicable,Not Applicable,No,,Yes,Yes,Yes,Yes,Not Applicable,Not Applicable,Not Applicable,Not Applicable,Not Applicable,Not Applicable,Not Applicable,No,0,Not Applicable,Yes,Yes,Yes,Yes,No,No,No,0,1286.12,512.89,0.0,0.77,Mobile App,Valid Claim,Chrome,34,Light,1.04255,B0821
REC01329,CLM01089,CUS00095,PRD00681,Smartphone,Foldable Smartphone,Phone,Main Unit,PrimeView,PRI-SMA-266,SN-51212922,2022-12-23,2024-10-06,2024-09-10,12,Yes,Overheating,Manufacturing Defect,Customer reports overheating affecting phone.,No,No,Not Applicable,Not Applicable,Not Applicable,Not Applicable,Not Applicable,Not Applicable,Not Applicable,Not Applicable,Yes,Yes,Yes,Yes,Yes,Yes,Not Applicable,Not Applicable,Not Applicable,Not Applicable,Not Applicable,Not Applicable,Not Applicable,No,0,Not Applicable,No,Not Applicable,Yes,Yes,No,No,No,1,1136.13,233.22,0.0,0.91,Web,Valid Claim,Safari,22,Light,-1.79013,B0188
REC00394,CLM01453,CUS00359,PRD00583,Refrigerator,Single Door,Cooling,Main Unit,Aster,AST-REF-372,SN-29750260,2023-09-19,2024-09-29,2024-09-11,24,No,Cooling Failure,Internal Component Failure,Customer reports cooling failure affecting cooling.,Not Applicable,Not Applicable,Not Applicable,Household,No,Not Applicable,Not Applicable,Not Applicable,Not Applicable,Not Applicable,Yes,Yes,No,Yes,Yes,,Not Applicable,Not Applicable,Not Applicable,Not Applicable,Not Applicable,Not Applicable,Not Applicable,No,0,Not Applicable,No,Not Applicable,Yes,Yes,No,No,No,1,2444.87,1426.92,0.0,0.66,Web,Manual Review,Chrome,32,System,1.23405,B0853
REC01191,CLM00537,CUS00033,PRD00824,Camera,Compact,Camera Body,Camera Body,NovaTech,NOV-CAM-882,SN-19175693,2021-03-06,2024-02-20,2024-02-18,24,No,Display Failure,Manufacturing Defect,Customer reports display failure affecting camera body.,No,Unknown,Not Applicable,Not Applicable,Not Applicable,Not Applicable,Not Applicable,Not Applicable,Not Applicable,Not Applicable,No,Yes,No,,Yes,Yes,Not Applicable,Not Applicable,Not Applicable,Not Applicable,Not Applicable,Not Applicable,Not Applicable,No,0,Not Applicable,No,Not Applicable,Yes,Yes,Yes,No,No,0,2387.85,1155.83,0.0,0.843,Web,Invalid Claim,Edge,1,Dark,0.87005,B0268
REC00641,CLM00814,CUS00277,PRD00980,Smartphone,Rugged Smartphone,Phone,Main Unit,NovaTech,NOV-SMA-801,SN-83051754,2023-02-12,2024-02-28,2024-02-09,12,Yes,Connectivity Issue,Electrical Failure,Customer reports connectivity issue affecting phone.,No,No,Not Applicable,Not Applicable,Not Applicable,Not Applicable,Not Applicable,Not Applicable,Not Applicable,Not Applicable,No,Yes,No,Yes,No,Yes,Not Applicable,Not Applicable,Not Applicable,Not Applicable,Not Applicable,Not Applicable,Not Applicable,No,0,Not Applicable,No,Not Applicable,Yes,Yes,No,No,No,1,531.23,403.04,0.0,0.921,Web,Manual Review,Edge,14,Dark,-0.36613,B0207
REC01481,CLM00057,CUS00193,PRD00787,Camera,Action Camera,Not Sure,Camera Body,PrimeView,,SN-25843668,2023-05-24,2024-07-14,2024-07-08,24,No,Lens Failure,Manufacturing Defect,Customer reports lens failure affecting not sure.,No,No,Not Applicable,Not Applicable,Not Applicable,Not Applicable,Not Applicable,Not Applicable,Not Applicable,Not Applicable,Yes,YES,No,Yes,Yes,Yes,Not Applicable,Not Applicable,Not Applicable,Not Applicable,Not Applicable,Not Applicable,Not Applicable,No,0,Not Applicable,No,Not Applicable,Yes,Yes,No,No,No,1,1063.94,574.17,0.0,0.63,Web,Manual Review,Edge,4,Dark,0.64033,B0592
REC01466,CLM01147,CUS00019,PRD00481,Smartphone,Standard Smartphone,Battery,Battery,PrimeView,PRI-SMA-503,SN-80311654,2024-01-08,2024-07-16,2024-07-09,12,No,Overheating,Internal Component Failure,Customer reports overheating affecting battery.,No,No,Unknown,Not Applicable,Not Applicable,Not Applicable,Not Applicable,Not Applicable,Not Applicable,Not Applicable,Yes,Yes,Yes,Yes,Yes,Yes,Not Applicable,Yes,Not Applicable,Not Applicable,Not Applicable,Not Applicable,Not Applicable,No,0,Not Applicable,No,Not Applicable,Yes,Yes,NO,No,No,0,1247.96,1082.6,0.0,0.784,Email,Valid Claim,Firefox,26,Dark,-0.41011,B0247
REC01244,CLM01202,CUS00296,PRD00195,Air Conditioner,Cassette,Indoor Unit,Main Unit,ZenCore,ZEN-AIR-123,SN-60382140,2022-10-17,2024-03-18,2024-03-11,24,No,Water Leakage,Manufacturing Defect,Customer reports water leakage affecting indoor unit.,Not Applicable,Not Applicable,Not Applicable,Not Applicable,Yes,Not Applicable,Not Applicable,Unknown,Indoor Unit,Not Applicable, Yes ,No,Yes,Yes,Yes,Yes,Yes,Not Applicable,Not Applicable,Not Applicable,Not Applicable,Not Applicable,Yes,Yes,2,Yes,No,Not Applicable,Yes,Yes,No,No,No,0,2023.1,1886.21,611.77,0.878,Web,Valid Claim,MobileWebView,56,Light,1.04261,B0425
REC00828,CLM01015,CUS00414,PRD00904,Refrigerator,French Door,Water Leakage,Main Unit,HomePro,HOM-REF-375,SN-51444115,2023-03-09,2024-08-19,2024-08-16,24,No,Water Leakage,Electrical Failure,Customer reports water leakage affecting water leakage.,Not Applicable,Not Applicable,Not Applicable,Household,Yes,Not Applicable,Not Applicable,Not Applicable,Not Applicable,Not Applicable,Yes,Yes,No,Yes,Yes,Yes,Not Applicable,Not Applicable,Not Applicable,Not Applicable,Not Applicable,Not Applicable,Not Applicable,No,0,Not Applicable,No,Not Applicable,Yes,Yes,No,No,No,0,1864.41,458.87,,0.922,Mobile App,Valid Claim,MobileWebView,2,System,-0.95126,B0468
REC00919,CLM01205,CUS00678,PRD00729,Camera,Mirrorless,Camera Body,Camera Body,Aster,AST-CAM-821,SN-69379624,2022-04-06,2024-01-08,2023-12-15,24,No,Connectivity Issue,Internal Component Failure,Customer reports connectivity issue affecting camera body.,No,No,Not Applicable,Not Applicable,Not Applicable,Not Applicable,Not Applicable,Not Applicable,Not Applicable,Not Applicable,Yes,Yes,Yes,No,Yes,Yes,Not Applicable,Not Applicable,Not Applicable,Not Applicable,Not Applicable,Not Applicable,Not Applicable,No,0,Not Applicable,No,Not Applicable,Yes,Yes,No,No,No,0,2587.7,1783.75,0.0,0.794,Mobile App,Valid Claim,MobileWebView,59,System,0.12561,B0106
REC00887,CLM00678,CUS00041,PRD00954,Printer,Thermal,Printing,Main Unit,PrimeView,PRI-PRI-868,SN-99097264,2026-04-28,2026-08-23,2026-07-21,12,No,Mechanical Failure,Unsupported Consumable,Customer reports mechanical failure affecting printing.,Not Applicable,Not Applicable,Not Applicable,Not Applicable,No,Not Applicable,No,Not Applicable,Not Applicable,Original,,Yes,Yes,Yes,Yes,Yes,Not Applicable,Not Applicable,Not Applicable,Not Applicable,Not Applicable,Yes,Not Applicable,No,0,Not Applicable,No,Not Applicable,Yes,Yes,No,No,No,0,947.41,783.22,0.0,0.727,Mobile App,Invalid Claim,MobileWebView,2,Light,-1.41102,B0924
REC00719,CLM01035,CUS00573,PRD00528,Television,QLED,Not Sure,Main Unit,PrimeView,PRI-TEL-112,SN-75639951,2022-07-21,2025-03-23,2025-03-15,24,Yes,Display Failure,Internal Component Failure,Customer reports display failure affecting not sure.,No,Not Applicable,Not Applicable,Not Applicable,Not Applicable,No,Not Applicable,Not Applicable,Not Applicable,Not Applicable,Yes,Yes,No,Yes,Yes,Yes,Not Applicable,Not Applicable,Not Applicable,Not Applicable,Not Applicable,Not Applicable,Not Applicable,No,0,Not Applicable,No,Not Applicable,Yes,Yes,No,No,No,0,1951.06,622.66,0.0,0.626,Service Center,Manual Review,Firefox,41,System,-0.94208,B0774
REC00846,CLM00881,CUS00150,PRD00315,Camera,Action Camera,Camera Body,Camera Body,PrimeView,PRI-CAM-134,SN-25614890,2023-12-14,2025-07-11,2025-06-27,24,No,Connectivity Issue,Electrical Failure,Customer reports connectivity issue affecting camera body.,No,No,Not Applicable,Not Applicable,Not Applicable,Not Applicable,Not Applicable,Not Applicable,Not Applicable,Not Applicable,No,No,No,Yes,Yes,Yes,Not Applicable,Not Applicable,Not Applicable,Not Applicable,Not Applicable,Not Applicable,Not Applicable,No,0,Not Applicable,No,Not Applicable,Yes,Yes,No,No,No,0,800.51,405.83,0.0,0.972,Service Center,Manual Review,Firefox,20,Light,-0.84964,B0655
REC00709,CLM00307,CUS00643,PRD00174,Smartphone,Standard Smartphone,Phone,Main Unit,PrimeView,PRI-SMA-918,SN-30455427,2023-11-05,2024-04-19,2024-03-31,12,No,Battery Problem,Internal Component Failure,Customer reports battery problem affecting phone.,Unknown,No,Yes,Not Applicable,Not Applicable,Not Applicable,Not Applicable,Not Applicable,Not Applicable,Not Applicable,,Yes,Yes,Yes,Yes,Yes,Not Applicable,Not Applicable,Not Applicable,Not Applicable,Not Applicable,Not Applicable,No,Yes,3,Yes,No,Not Applicable,Yes,Yes,No,No,No,1,1076.16,760.97,503.77,0.722,Mobile App,Manual Review,Edge,54,Dark,0.21776,B0996
REC01077,CLM00488,CUS00588,PRD00199,Laptop,Consumer Laptop,Device,Main Unit,ZenCore,ZEN-LAP-544,SN-39917270,2025-04-14,2026-07-03,2026-06-19,24,No,Display Failure,Physical Damage,Customer reports display failure affecting device.,No,No,Not Applicable,Not Applicable,Not Applicable,Not Applicable,Not Applicable,Not Applicable,Not Applicable,Not Applicable,,Yes,Yes,Yes,No,No,Not Applicable,Not Applicable,Not Applicable,Not Applicable,Not Applicable,Not Applicable,Yes,Yes,3,Yes,No,Not Applicable,Yes,Yes,No,No,No,1,2412.06,719.91,570.62,0.83,Web,Invalid Claim,Safari,47,System,0.23086,B0736
REC00580,CLM00586,CUS00439,PRD00712,Television,OLED,Not Sure,Main Unit,HomePro,HOM-TEL-534,SN-26831575,2022-09-14,2024-08-06,2024-07-12,24,No,Audio Failure,Improper Wall Mounting,Customer reports audio failure affecting not sure.,Unknown,Not Applicable,Not Applicable,Not Applicable,Not Applicable,No,Not Applicable,Not Applicable,Not Applicable,Not Applicable,Yes,Yes,No,Yes,Yes,,Not Applicable,Not Applicable,Not Applicable,Not Applicable,Not Applicable,Not Applicable,,No,0,Not Applicable,Yes,Yes,Yes,Yes,No,No,No,0,1549.0,408.7,0.0,0.779,Email,Invalid Claim,Firefox,17,System,0.09265,B0220
REC01347,CLM00539,CUS00249,PRD00736,Air Conditioner,Window,Indoor Unit,Main Unit,Aster,AST-AIR-959,SN-67481525,2024-06-14,2026-01-14,2026-01-04,24,No,Power Failure,Manufacturing Defect,Customer reports power failure affecting indoor unit.,Not Applicable,Not Applicable,Not Applicable,Not Applicable,No,Not Applicable,Not Applicable,No,Indoor Unit,Not Applicable,Yes,Yes,Yes,Yes,Yes,Yes,Yes,Not Applicable,Not Applicable,Not Applicable,Not Applicable,Not Applicable,Not Applicable,No,0,Not Applicable,No,Not Applicable,Yes,Yes,No,No,No,1,1230.33,161.77,0.0,0.913,Web,Valid Claim,MobileWebView,49,System,-0.52378,B0417
REC00281,CLM00901,CUS00536,PRD00234,Washing Machine,Top Load,Noise,Main Unit,ZenCore,ZEN-WAS-473,SN-32580844,2023-04-16,2024-10-05,2024-09-19,24,No,Noise,Internal Component Failure,Customer reports noise affecting noise.,Not Applicable,Not Applicable,Not Applicable,Business,Unknown,Not Applicable,No,Not Applicable,Not Applicable,Not Applicable,Yes,,Yes,Yes,Yes,Yes,Not Applicable,Not Applicable,Not Applicable,Not Applicable,Not Applicable,Not Applicable,Not Applicable,No,0,Not Applicable,No,Not Applicable,Yes,Yes,No,No,No,0,890.99,641.57,0.0,0.784,Email,Valid Claim,Firefox,42,System,0.89155,B0097
REC00597,CLM00445,CUS00586,PRD00368,Printer,Laser,Power,Main Unit,NovaTech,NOV-PRI-481,SN-26231838,2021-06-17,2024-01-20,2023-12-16,12,Yes,Power Failure,Internal Component Failure,Customer reports power failure affecting power.,Not Applicable,Not Applicable,Not Applicable,Not Applicable,Yes,Not Applicable,No,Not Applicable,Not Applicable,Original,Yes,Yes,Yes,Yes,,Yes,Not Applicable,Not Applicable,Not Applicable,Not Applicable,Not Applicable,Yes,Not Applicable,No,0,Not Applicable,No,Not Applicable,Yes,Yes,No,No,No,0,905.89,729.99,0.0,0.741,Service Center,Invalid Claim,Chrome,54,Dark,0.1625,B0506
REC01097,CLM00511,CUS00241,PRD00497,Laptop,Business Laptop,Device,Main Unit,Aster,AST-LAP-298,,2022-07-17,2024-03-10,2024-02-05,24,No,Power Failure,Water Damage,Customer reports power failure affecting device.,No,Yes,Not Applicable,Not Applicable,Not Applicable,Not Applicable,Not Applicable,Not Applicable,Not Applicable,Not Applicable,Yes,No,No,Yes,Yes,Yes,Not Applicable,Not Applicable,Not Applicable,Not Applicable,Not Applicable,Not Applicable,Not Applicable,No,0,Not Applicable,No,Not Applicable,Yes,Yes,No,No,No,0,1381.22,1007.48,0.0,0.881,Web,Invalid Claim,Firefox,20,System,-1.4074,B0823
REC01384,CLM01498,CUS00400,PRD00015,Smartphone,Standard Smartphone,Phone,Main Unit,PrimeView,PRI-SMA-879,SN-63368039,2024-08-25,2025-03-06,2025-02-21,12,No,Power Failure,Manufacturing Defect,Customer reports power failure affecting phone.,Yes,No,Not Applicable,Not Applicable,Not Applicable,Not Applicable,Not Applicable,Not Applicable,Not Applicable,Not Applicable,Yes,Yes,Yes,Yes,No,Yes,Not Applicable,Not Applicable,Not Applicable,Not Applicable,Not Applicable,Not Applicable,Not Applicable,No,0,Not Applicable,No,Not Applicable,Yes,YES,No,No,No,0,1647.7,220.31,0.0,0.874,Service Center,Manual Review,Safari,33,System,-0.13303,B0988
REC00120,CLM00381,CUS00090,PRD00972,Refrigerator,French Door,Power,Main Unit,HomePro,HOM-REF-304,SN-63386823,2024-02-12,2025-02-12,2025-01-28,24,No,Power Failure,Manufacturing Defect,Customer reports power failure affecting power.,Not Applicable,Not Applicable,Not Applicable,Household,No,Not Applicable,Not Applicable,Not Applicable,Not Applicable,Not Applicable,Yes,Yes,Yes,Yes,Yes,,Not Applicable,Not Applicable,Not Applicable,Not Applicable,Not Applicable,Not Applicable,No,Yes,2,Yes,No,Not Applicable,Yes,Yes,No,No,No,0,2670.68,619.54,383.95,0.575,Web,Manual Review,MobileWebView,41,System,-0.19755,B0372
REC01348,CLM01059,CUS00048,PRD00092,Refrigerator,French Door,Power,Main Unit,Aster,AST-REF-310,SN-68926428,2022-06-29,2024-05-08,2024-05-02,24,No,Power Failure,Manufacturing Defect,Customer reports power failure affecting power.,Not Applicable,Not Applicable,Not Applicable,Business,No,Not Applicable,Not Applicable,Not Applicable,Not Applicable,Not Applicable,Yes,Yes,Yes,Yes,Yes,Yes,Not Applicable,Not Applicable,Not Applicable,Not Applicable,Not Applicable,Not Applicable,Not Applicable,No,0,Not Applicable,No,Not Applicable,Yes,Yes,No,No,No,1,2763.13,,0.0,0.882,Mobile App,Valid Claim,Firefox,10,Dark,-0.94798,B0134
REC01277,CLM01124,CUS00615,PRD00541,Washing Machine,Washer Dryer,Not Sure,Main Unit,HomePro,HOM-WAS-352,SN-56520990,2024-07-06,2025-07-12,2025-07-05,24,No,Noise,Internal Component Failure,Customer reports noise affecting not sure.,Not Applicable,Not Applicable,Not Applicable,Household,Yes,Not Applicable,No,Not Applicable,Not Applicable,Not Applicable,Yes,Yes,Yes,Yes,Yes,Yes,Not Applicable,Not Applicable,Not Applicable,Not Applicable,Not Applicable,Not Applicable,Not Applicable,No,0,Not Applicable,No,Not Applicable,Unknown,Yes,No,No,No,0,1825.24,828.14,0.0,0.89,Service Center,Manual Review,MobileWebView,44,Light,1.88499,B0644
REC00855,CLM01317,CUS00666,PRD00419,Laptop,Gaming Laptop,Device,Main Unit,NovaTech,NOV-LAP-400,SN-67114163,2023-06-23,2025-01-20,2025-01-16,24,No,Battery Problem,Manufacturing Defect,Customer reports battery problem affecting device.,No,No,Yes,Not Applicable,Not Applicable,Not Applicable,Not Applicable,Not Applicable,Not Applicable,Not Applicable,Yes,Yes,Yes,Yes,Yes,Yes,Not Applicable,Not Applicable,Not Applicable,Not Applicable,Not Applicable,Not Applicable,Not Applicable,No,0,Not Applicable,No,Not Applicable,Yes,Yes,No,No,No,1,1057.09,990.21,0.0,0.983,Mobile App,Valid Claim,Safari,44,System,-0.13183,B0844
REC01305,CLM01391,CUS00682,PRD00713,Printer,Thermal,Power,Main Unit,PrimeView,PRI-PRI-447,SN-79709608,2023-09-28,2024-01-29,2024-01-14,12,No,Power Failure,Manufacturing Defect,Customer reports power failure affecting power.,Not Applicable,Not Applicable,Not Applicable,Not Applicable,Yes,Not Applicable,No,Not Applicable,Not Applicable,Compatible,Yes,Yes,Yes,Yes,Yes,Yes,Not Applicable,Not Applicable,Not Applicable,Not Applicable,Not Applicable,Yes,Yes,Yes,2,Yes,No,Not Applicable,Yes,Yes,No,Yes,No,0,348.69,274.82,44.22,0.753,Mobile App,Valid Claim,Chrome,1,Dark,0.9962,B0542
REC00986,CLM01234,CUS00301,PRD00103,Television,Mini-LED,Remote Control,Remote Control,PrimeView,PRI-TEL-794,SN-35755359,2026-05-15,2026-08-26,2026-08-17,6,No,Audio Failure,Internal Component Failure,Customer reports audio failure affecting remote control.,No,Not Applicable,Not Applicable,Not Applicable,Not Applicable,No,Not Applicable,Not Applicable,Not Applicable,Not Applicable,Yes,Yes,No,,Yes,Yes,Not Applicable,Not Applicable,Not Applicable,Not Applicable,Not Applicable,Not Applicable,Yes,Yes,2,Yes,No,Not Applicable,Yes,Yes,No,No,No,2,1552.12,394.32,196.21,0.801,Web,Valid Claim,MobileWebView,49,System,-0.03234,B0997
REC00044,CLM00979,CUS00401,PRD00326,Camera,Compact,Camera Body,Camera Body,NovaTech,NOV-CAM-808,SN-88222469,2022-01-15,2024-01-09,2023-12-23,24,No,Connectivity Issue,Manufacturing Defect,Customer reports connectivity issue affecting camera body.,No,No,Not Applicable,Not Applicable,Not Applicable,Not Applicable,Not Applicable,Not Applicable,Not Applicable,Not Applicable,Yes,Yes,No,Yes,Yes,Yes,Not Applicable,Not Applicable,Not Applicable,Not Applicable,Not Applicable,Not Applicable,Yes,Yes,3,Yes,No,Not Applicable,Yes,Yes,No,No,No,1,1905.88,963.41,142.35,0.849,Mobile App,Valid Claim,Safari,52,Light,1.23079,B0267
REC01269,CLM01027,CUS00291,PRD00316,Printer,Laser,Printing,Main Unit,NovaTech,NOV-PRI-110,SN-88960319,2025-07-27,2026-06-10,2026-06-06,12,No,Mechanical Failure,Internal Component Failure,Customer reports mechanical failure affecting printing.,Not Applicable,Not Applicable,Not Applicable,Not Applicable,No,Not Applicable,No,Not Applicable,Not Applicable,Original,Yes,Yes,No,Yes,Yes,Yes,Not Applicable,Not Applicable,Not Applicable,Not Applicable,Not Applicable,Yes,Yes,Yes,2,Unknown,No,Not Applicable,Yes,Yes,No,No,No,1,173.85,42.53,524.28,0.676,Web,Manual Review,Chrome,40,Light,-0.51421,B0782
REC01111,CLM01159,CUS00317,PRD00235,Laptop,Business Laptop,Device,Main Unit,Aster,AST-LAP-928,SN-21394993,2025-03-05,2026-05-28,2026-05-26,24,No,Power Failure,Manufacturing Defect,Customer reports power failure affecting device.,No,No,Not Applicable,Not Applicable,Not Applicable,Not Applicable,Not Applicable,Not Applicable,Not Applicable,Not Applicable,Yes,Yes,No,Yes,Yes,Yes,Not Applicable,Not Applicable,Not Applicable,Not Applicable,Not Applicable,Not Applicable,Not Applicable,No,0,Not Applicable,No,Not Applicable,Yes,Yes,No,No,No,0,1394.58,1167.23,,0.987,Service Center,Valid Claim,Firefox,13,System,0.04857,B0164
REC00761,CLM00259,CUS00568,PRD00992,Television,OLED,Sound,Main Unit,HomePro,HOM-TEL-111,SN-29394074,2023-07-10,2025-04-10,2025-03-22,24,No,Audio Failure,Manufacturing Defect,Customer reports audio failure affecting sound.,No,Not Applicable,Not Applicable,Not Applicable,Not Applicable,No,Not Applicable,Not Applicable,Not Applicable,Not Applicable,Yes,Yes,Yes,Yes,Yes,Yes,Not Applicable,Not Applicable,Not Applicable,Not Applicable,Not Applicable,Not Applicable,Yes,Yes,1,Yes,No,NA,Yes,Yes,No,No,No,1,816.32,628.05,88.45,0.894,Web,Valid Claim,Edge,33,System,-0.58616,B0223
REC01110,CLM01312,CUS00153,PRD00416,Laptop,2-in-1,Device,Main Unit,Aster,AST-LAP-297,SN-80873750,2024-03-16,2025-10-31,2025-10-25,24,No,Battery Problem,Internal Component Failure,Customer reports battery problem affecting device.,No,No,Unknown,Not Applicable,Not Applicable,Not Applicable,Not Applicable,Not Applicable,Not Applicable,Not Applicable,Yes,Yes,No,Yes,Yes,,Not Applicable,Not Applicable,Not Applicable,Not Applicable,Not Applicable,Not Applicable,Not Applicable,No,0,Not Applicable,No,Not Applicable,Yes,Yes,No,No,No,0,1997.56,586.3,0.0,0.723,Web,Valid Claim,Chrome,31,Light,0.76992,B0992
REC00548,CLM01394,CUS00661,PRD00322,Air Conditioner,Split,Indoor Unit,Main Unit,ZenCore,ZEN-AIR-409,SN-54318224,2024-12-04,2026-06-03,2026-05-16,24,No,Noise,Manufacturing Defect,Customer reports noise affecting indoor unit.,Not Applicable,Not Applicable,Not Applicable,Not Applicable,Unknown,Not Applicable,Not Applicable,No,Indoor Unit,Not Applicable,Yes,Yes,No,No,Yes,Yes,Yes,Not Applicable,Not Applicable,Not Applicable,Not Applicable,Not Applicable,Not Applicable,No,0,Not Applicable,No,Not Applicable,Yes,Yes,No,No,No,0,706.21,161.94,,0.569,Mobile App,Manual Review,Edge,44,Light,-0.73946,B0490
REC01067,CLM00910,CUS00280,PRD00124,Smartphone,Standard Smartphone,Phone,Main Unit,PrimeView,PRI-SMA-155,SN-48191694,2024-03-09,2025-08-19,2025-07-15,12,No,Power Failure,Electrical Failure,Customer reports power failure affecting phone.,No,No,Not Applicable,Not Applicable,Not Applicable,Not Applicable,Not Applicable,Not Applicable,Not Applicable,Not Applicable,Yes,,Yes,,Yes,Yes,Not Applicable,Not Applicable,Not Applicable,Not Applicable,Not Applicable,Not Applicable,Not Applicable,No,0,Not Applicable,No,Not Applicable,Yes,Yes,No,No,No,0,1555.39,428.72,0.0,0.933,Service Center,Invalid Claim,Firefox,13,Dark,0.62879,B0931
REC00331,CLM00961,CUS00154,PRD00770,Laptop,Business Laptop,Device,Main Unit,Aster,AST-LAP-901,SN-22389807,2023-07-24,2024-10-29,2024-10-14,24,No,Overheating,Physical Damage,Customer reports overheating affecting device.,No,No,Not Applicable,Not Applicable,Not Applicable,Not Applicable,Not Applicable,Not Applicable,Not Applicable,Not Applicable,,Yes,No,Yes,Yes,Yes,Not Applicable,Not Applicable,Not Applicable,Not Applicable,Not Applicable,Not Applicable,Yes,Yes,1,Yes,No,Not Applicable,Yes,Yes,No,No,No,0,1285.2,404.78,55.4,0.458,Web,Invalid Claim,Edge,35,Light,0.93988,B0968
REC01059,CLM01358,CUS00024,PRD00132,Smartphone,Standard Smartphone,Phone,Main Unit,Aster,AST-SMA-740,SN-66228110,2023-04-09,2024-01-14,2023-12-31,12,No,Connectivity Issue,Manufacturing Defect,Customer reports connectivity issue affecting phone.,No,No,Not Applicable,Not Applicable,Not Applicable,Not Applicable,Not Applicable,Not Applicable,Not Applicable,Not Applicable,Yes,Yes,Yes,Yes,Yes,Yes,Not Applicable,Not Applicable,Not Applicable,Not Applicable,Not Applicable,Not Applicable,Not Applicable,No,0,Not Applicable,No,Not Applicable,Yes,Yes,No,No,No,0,411.02,221.79,0.0,0.807,Mobile App,Valid Claim,Firefox,45,System,1.1888,B0711
REC00557,CLM01439,CUS00258,PRD00211,Smartphone,Rugged Smartphone,Not Sure,Main Unit,Aster,AST-SMA-532,SN-31266313,2025-10-15,2026-08-05,2026-07-31,12,No,Overheating,Manufacturing Defect,Customer reports overheating affecting not sure.,No,No,Not Applicable,Not Applicable,Not Applicable,Not Applicable,Not Applicable,Not Applicable,Not Applicable,Not Applicable,Yes,Yes,Yes,Yes,No,Yes,Not Applicable,Not Applicable,Not Applicable,Not Applicable,Not Applicable,Not Applicable,Not Applicable,No,0,Not Applicable,No,Not Applicable,Yes,No,No,No,No,1,1631.02,1178.2,0.0,0.9,Web,Manual Review,Safari,28,System,-1.52205,B0347
REC00895,CLM00804,CUS00579,PRD00759,Refrigerator,Side-by-Side,Water Leakage,Main Unit,ZenCore,ZEN-REF-910,SN-35377257,2024-10-15,2026-06-18,2026-06-12,24,No,Water Leakage,Electrical Failure,Customer reports water leakage affecting water leakage.,Not Applicable,Not Applicable,Not Applicable,Household,No,Not Applicable,Not Applicable,Not Applicable,Not Applicable,Not Applicable,Yes,Yes,Yes,Yes,Yes,Yes,Not Applicable,Not Applicable,Not Applicable,Not Applicable,Not Applicable,Not Applicable,,No,0,Not Applicable,No,Not Applicable,No,Yes,No,No,No,3,1604.24,1306.34,0.0,0.894,Email,Invalid Claim,Chrome,54,System,0.72475,B0790
REC00426,CLM00781,CUS00031,PRD00641,Air Conditioner,Cassette,Both,Main Unit,HomePro,HOM-AIR-447,SN-73895786,2022-12-04,2024-10-09,2024-10-01,24,No,Cooling Failure,Electrical Failure,Customer reports cooling failure affecting both.,Not Applicable,Not Applicable,Not Applicable,Not Applicable,No,Not Applicable,Not Applicable,No,Both,Not Applicable,Yes,Yes,No,Yes,Yes,Yes,Yes,Not Applicable,Not Applicable,Not Applicable,Not Applicable,Not Applicable,Not Applicable,No,0,Not Applicable,No,Not Applicable,Yes,Yes,No,No,No,0,1574.8,1083.94,0.0,0.855,Web,Valid Claim,Chrome,7,System,-2.09397,B0133
REC00982,CLM01196,CUS00409,PRD00211,Air Conditioner,Window,Outdoor Unit,Main Unit,ZenCore,ZEN-AIR-223,SN-88327770,2024-12-19,2026-09-05,2026-08-28,24,No,Power Failure,Manufacturing Defect,Customer reports power failure affecting outdoor unit.,Not Applicable,Not Applicable,Not Applicable,Not Applicable,Yes,Not Applicable,Not Applicable,No,Outdoor Unit,Not Applicable,Yes,Yes,Yes,Yes,Yes,Yes,Yes,Not Applicable,Not Applicable,Not Applicable,Not Applicable,Not Applicable,,Yes,1,Yes,No,Not Applicable,Yes,Yes,No,No,No,1,1569.52,427.05,309.28,0.842,Mobile App,Manual Review,Chrome,39,System,2.3505,B0554
REC01338,CLM01435,CUS00511,PRD00986,Air Conditioner,Split,Indoor Unit,Main Unit,ZenCore,ZEN-AIR-642,SN-35976967,2024-01-11,2025-10-21,2025-09-25,24,No,Power Failure,Internal Component Failure,Customer reports power failure affecting indoor unit.,Not Applicable,Not Applicable,Not Applicable,Not Applicable,No,Not Applicable,Not Applicable,No,Indoor Unit,Not Applicable,Yes,No,No,Yes,Yes,Yes,Yes,Not Applicable,Not Applicable,Not Applicable,Not Applicable,Not Applicable,Not Applicable,No,0,Not Applicable,No,Not Applicable,Yes,No,No,No,No,1,1986.89,485.6,0.0,0.786,Mobile App,Manual Review,MobileWebView,3,System,-0.43049,B0285
REC00493,CLM01073,CUS00640,PRD00973,Printer,Laser,Connection,Main Unit,HomePro,HOM-PRI-292,SN-21021517,2023-10-25,2025-06-10,2025-05-17,12,Yes,Connectivity Issue,Electrical Failure,Customer reports connectivity issue affecting connection.,Not Applicable,Not Applicable,Not Applicable,Not Applicable,No,Not Applicable,No,Not Applicable,Not Applicable,Original,Yes,Yes,No,Yes,Yes,Yes,Not Applicable,Not Applicable,Not Applicable,Not Applicable,Not Applicable,Yes,,No,0,Not Applicable,Yes,Yes,Yes,Yes,No,No,No,0,615.85,366.71,0.0,0.847,Web,Valid Claim,MobileWebView,49,Light,0.15042,B0066
REC00676,CLM00282,CUS00260,PRD00739,Refrigerator,French Door,Noise,Compressor,Aster,AST-REF-419,SN-22556917,2015-01-31,2024-07-01,2024-06-22,120,No,Noise,Water Damage,Customer reports noise affecting noise.,Not Applicable,Not Applicable,Not Applicable,Household,No,Not Applicable,Not Applicable,Not Applicable,Not Applicable,Not Applicable,Yes,Yes,Yes,,Yes,Yes,Not Applicable,Not Applicable,Not Applicable,Yes,Not Applicable,Not Applicable,Not Applicable,No,0,Not Applicable,No,Not Applicable,Yes,Yes,No,No,No,1,1021.56,639.67,0.0,0.917,Web,Invalid Claim,Firefox,0,Dark,-0.2872,B0376
REC01024,CLM00018,CUS00055,PRD00917,Camera,DSLR,Not Sure,Camera Body,NovaTech,NOV-CAM-688,SN-63590760,2024-01-06,2025-10-03,2025-09-21,24,No,Lens Failure,Manufacturing Defect,Customer reports lens failure affecting not sure.,Unknown,No,Not Applicable,Not Applicable,Not Applicable,Not Applicable,Not Applicable,Not Applicable,Not Applicable,Not Applicable,Yes,Yes,Yes,Yes,Yes,No,Not Applicable,Not Applicable,Not Applicable,Not Applicable,Not Applicable,Not Applicable,Yes,Yes,3,Yes,No,Not Applicable,Yes,Yes,No,No,No,1,2075.15,439.24,574.81,0.884,Mobile App,Manual Review,Edge,40,Light,0.88802,B0679
REC00942,CLM01473,CUS00355,PRD00497,Printer,Laser,Printing,Main Unit,NovaTech,NOV-PRI-784,SN-10217326,2024-03-24,2025-01-01,2024-12-26,12,No,Mechanical Failure,Manufacturing Defect,Customer reports mechanical failure affecting printing.,Not Applicable,Not Applicable,Not Applicable,Not Applicable,No,Not Applicable,No,Not Applicable,Not Applicable,Compatible,Yes,Yes,No,Yes,Yes,Yes,Not Applicable,Not Applicable,Not Applicable,Not Applicable,Not Applicable,No,Not Applicable,No,0,Not Applicable,No,Not Applicable,Yes,Yes,No,No,No,0,528.47,264.9,0.0,0.797,Web,Manual Review,Edge,55,Dark,1.33501,B0293
REC01325,CLM01119,CUS00158,PRD00257,Camera,Action Camera,Camera Body,Camera Body,PrimeView,PRI-CAM-834,SN-30924177,2023-04-13,2024-10-09,2024-09-23,24,No,Battery Problem,Internal Component Failure,Customer reports battery problem affecting camera body.,No,No,Yes,Not Applicable,Not Applicable,Not Applicable,Not Applicable,Not Applicable,Not Applicable,Not Applicable,yes,Yes,Yes,Yes,Yes,Yes,Not Applicable,Not Applicable,Not Applicable,Not Applicable,Not Applicable,Not Applicable,Yes,Yes,2,Yes,No,Not Applicable,Yes,Yes,No,No,No,0,594.83,285.13,470.63,0.819,Mobile App,Valid Claim,Firefox,21,System,-0.55238,B0409
REC00754,CLM01372,CUS00061,PRD00953,Printer,Laser,Printing,Main Unit,HomePro,HOM-PRI-236,SN-76230993,2025-04-12,2026-02-01,2026-01-05,12,No,Mechanical Failure,Internal Component Failure,Customer reports mechanical failure affecting printing.,Not Applicable,Not Applicable,Not Applicable,Not Applicable,No,Not Applicable,No,Not Applicable,Not Applicable,Original,Yes,Yes,Yes,No,Yes,,Not Applicable,Not Applicable,Not Applicable,Not Applicable,Not Applicable,Yes,No,Yes,2,Yes,No,Not Applicable,Yes,Yes,No,No,No,0,174.02,83.73,256.68,0.961,Web,Manual Review,Firefox,12,Dark,-0.32389,B0752
REC00401,CLM00631,CUS00552,PRD00174,Camera,Mirrorless,Camera Body,Camera Body,NovaTech,NOV-CAM-850,SN-13960045,2022-07-11,2025-08-31,2025-08-29,24,Yes,Lens Failure,Manufacturing Defect,Customer reports lens failure affecting camera body.,No,No,Not Applicable,Not Applicable,Not Applicable,Not Applicable,Not Applicable,Not Applicable,Not Applicable,Not Applicable,Yes,Yes,Yes,Yes,Yes,Yes,Not Applicable,Not Applicable,Not Applicable,Not Applicable,Not Applicable,Not Applicable,,No,0,Not Applicable,No,Not Applicable,Yes,Yes,Yes,No,No,1,2258.53,976.95,0.0,0.752,Mobile App,Invalid Claim,Firefox,40,Light,0.3161,B0432
REC00881,CLM00727,CUS00303,PRD00113,Washing Machine,Top Load,Power,Main Unit,PrimeView,PRI-WAS-210,SN-78081416,2023-10-21,2026-07-29,2026-07-10,24,No,Power Failure,Physical Damage,Customer reports power failure affecting power.,Not Applicable,Not Applicable,Not Applicable,Household,Yes,Not Applicable,No,Not Applicable,Not Applicable,Not Applicable,Yes,Yes,Yes,Yes,Yes,Yes,Not Applicable,Not Applicable,Not Applicable,Not Applicable,Not Applicable,Not Applicable,Not Applicable,No,0,Not Applicable,No,Not Applicable,Yes,Yes,No,No,No,2,737.13,371.33,0.0,0.733,Web,Invalid Claim,Chrome,43,Dark,-0.19277,B0519
REC01177,CLM00525,CUS00075,PRD00232,Washing Machine,Top Load,Noise,Main Unit,HomePro,HOM-WAS-139,SN-73309967,2023-05-17,2025-01-12,2024-12-30,24,No,Noise,Manufacturing Defect,Customer reports noise affecting noise.,Not Applicable,Not Applicable,Not Applicable,Household,No,Not Applicable,No,Not Applicable,Not Applicable,Not Applicable,Yes,Yes,No,Yes,Yes,Yes,Not Applicable,Not Applicable,Not Applicable,Not Applicable,Not Applicable,Not Applicable,No,Yes,2,Yes,Yes,Yes,Yes,Yes,No,No,No,2,1716.26,919.43,99.02,0.687,Mobile App,Manual Review,Chrome,49,System,-0.70749,B0943
REC00866,CLM01133,CUS00682,PRD00349,Laptop,Consumer Laptop,Device,Main Unit,Aster,AST-LAP-172,SN-99102680,2023-07-20,2026-05-27,2026-04-27,24,Yes,Battery Problem,Electrical Failure,Customer reports battery problem affecting device.,No,No,Yes,Not Applicable,Not Applicable,Not Applicable,Not Applicable,Not Applicable,Not Applicable,Not Applicable,Yes,Yes,Yes,No,Yes,Yes,Not Applicable,Not Applicable,Not Applicable,Not Applicable,Not Applicable,Not Applicable,Not Applicable,No,0,Not Applicable,No,Not Applicable,Yes,Yes,No,No,No,1,1887.57,183.69,0.0,0.945,Mobile App,Valid Claim,Safari,34,System,3.12367,B0059
REC00582,CLM00415,CUS00442,PRD00201,Laptop,Gaming Laptop,Battery,Battery,Aster,AST-LAP-877,SN-92862708,2024-12-12,2026-06-07,2026-06-05,12,No,Power Failure,Manufacturing Defect,Customer reports power failure affecting battery.,No,No,Yes,Not Applicable,Not Applicable,Not Applicable,Not Applicable,Not Applicable,Not Applicable,Not Applicable,Yes,Yes,No,Yes,,Yes,Not Applicable,Yes,Not Applicable,Not Applicable,Not Applicable,Not Applicable,Not Applicable,No,0,Not Applicable,Yes,Yes,Yes,Yes,No,No,No,2,2392.39,1848.97,0.0,0.971,Web,Invalid Claim,Safari,48,Light,1.05204,B0007
REC00031,CLM01154,CUS00593,PRD00345,Television,OLED,Sound,Main Unit,HomePro,HOM-TEL-747,SN-34457237,2022-02-17,2024-03-07,2024-02-24,24,Yes,Audio Failure,Manufacturing Defect,Customer reports audio failure affecting sound.,No,Not Applicable,Not Applicable,Not Applicable,Not Applicable,Yes,Not Applicable,Not Applicable,Not Applicable,Not Applicable,Yes,Yes,Yes,Yes,,Yes,Not Applicable,Not Applicable,Not Applicable,Not Applicable,Not Applicable,Not Applicable,Not Applicable,No,0,Not Applicable,No,Not Applicable,Yes,Yes,No,No,No,1,2949.54,2158.95,0.0,0.887,Service Center,Valid Claim,MobileWebView,23,Light,-1.10341,B0175
REC01351,CLM00066,CUS00571,PRD00164,Washing Machine,Washer Dryer,Noise,Main Unit,ZenCore,ZEN-WAS-744,SN-75038677,2024-08-23,2026-08-20,2026-08-11,24,No,Noise,Electrical Failure,Customer reports noise affecting noise.,Not Applicable,Not Applicable,Not Applicable,Household,Yes,Not Applicable,No,Not Applicable,Not Applicable,Not Applicable,Yes,Yes,No,Yes,,No,Not Applicable,Not Applicable,Not Applicable,Not Applicable,Not Applicable,Not Applicable,Not Applicable,No,0,Not Applicable,Yes,Yes,Yes,Yes,No,No,No,1,392.57,367.66,0.0,0.473,Mobile App,Manual Review,MobileWebView,39,Light,-0.84901,B0195
REC00806,CLM00655,CUS00120,PRD00042,Camera,DSLR,Not Sure,Camera Body,PrimeView,PRI-CAM-781,SN-17000255,2023-08-26,2024-12-18,2024-11-26,24,No,Power Failure,Electrical Failure,Customer reports power failure affecting not sure.,No,No,Not Applicable,Not Applicable,Not Applicable,Not Applicable,Not Applicable,Not Applicable,Not Applicable,Not Applicable,yes,,Yes,Yes,Yes,Yes,Not Applicable,Not Applicable,Not Applicable,Not Applicable,Not Applicable,Not Applicable,Not Applicable,No,0,Not Applicable,No,Not Applicable,Unknown,Yes,No,No,No,0,1145.17,584.48,0.0,0.85,Email,Manual Review,MobileWebView,8,Light,-0.53129,B0009
REC00161,CLM00101,CUS00492,PRD00636,Air Conditioner,Portable,Outdoor Unit,Main Unit,Aster,AST-AIR-514,SN-85838126,2023-09-04,2026-04-21,2026-02-12,24,No,Power Failure,Electrical Failure,Customer reports power failure affecting outdoor unit.,Not Applicable,Not Applicable,Not Applicable,Not Applicable,Yes,Not Applicable,Not Applicable,No,Outdoor Unit,Not Applicable,Yes,Yes,Yes,Yes,Yes,Yes,Yes,Not Applicable,Not Applicable,Not Applicable,Not Applicable,Not Applicable,Not Applicable,No,0,Not Applicable,No,Not Applicable,Yes,Yes,No,No,No,0,1909.96,1520.38,0.0,0.734,Web,Invalid Claim,Firefox,19,Dark,1.53478,B0731
REC00026,CLM00493,CUS00301,PRD00051,Television,Mini-LED,Sound,Main Unit,Aster,AST-TEL-884,SN-46022230,2023-02-26,2024-03-30,2024-02-02,24,No,Audio Failure,Manufacturing Defect,Customer reports audio failure affecting sound.,No,Not Applicable,Not Applicable,Not Applicable,Not Applicable,Yes,Not Applicable,Not Applicable,Not Applicable,Not Applicable,Yes,Yes,Yes,Yes,Yes,,Not Applicable,Not Applicable,Not Applicable,Not Applicable,Not Applicable,Not Applicable,Not Applicable,No,0,Not Applicable,No,Not Applicable,Yes,Yes,No,No,No,1,2437.95,519.75,0.0,0.588,Web,Invalid Claim,Edge,25,Light,-2.45151,B0406
REC00345,CLM00184,CUS00349,PRD00211,Television,OLED,Remote Control,Remote Control,Aster,AST-TEL-335,SN-87910046,2025-09-15,2026-01-07,2025-12-14,6,No,Connectivity Issue,Physical Damage,Customer reports connectivity issue affecting remote control.,No,Not Applicable,Not Applicable,Not Applicable,Not Applicable,Yes,Not Applicable,Not Applicable,Not Applicable,Not Applicable,Yes,No,No,Yes,Yes,No,Not Applicable,Not Applicable,Not Applicable,Not Applicable,Not Applicable,Not Applicable,Not Applicable,No,0,Not Applicable,No,Not Applicable,Yes,Yes,No,No,No,0,2553.22,1662.77,0.0,0.481,Mobile App,Invalid Claim,MobileWebView,16,System,1.24846,B0089
REC00779,CLM00024,CUS00156,PRD00195,Washing Machine,Washer Dryer,Power,Main Unit,HomePro,HOM-WAS-102,SN-83581274,2023-03-04,2024-03-21,2024-02-23,24,No,Power Failure,Electrical Failure,Customer reports power failure affecting power.,Not Applicable,Not Applicable,Not Applicable,Household,Yes,Not Applicable,No,Not Applicable,Not Applicable,Not Applicable,Yes,Yes,Yes,Yes,,No,Not Applicable,Not Applicable,Not Applicable,Not Applicable,Not Applicable,Not Applicable,Not Applicable,No,0,Not Applicable,No,Not Applicable,Yes,No,No,No,No,0,951.83,741.74,0.0,0.814,Email,Manual Review,Edge,47,Dark,2.07393,B0710
REC01167,CLM00669,CUS00332,PRD00381,Washing Machine,Top Load,Water Leakage,Main Unit,HomePro,HOM-WAS-586,SN-19918545,2024-12-23,2026-07-23,2026-07-04,24,No,Water Leakage,Overloading,Customer reports water leakage affecting water leakage.,Not Applicable,Not Applicable,Not Applicable,Household,No,Not Applicable,Yes,Not Applicable,Not Applicable,Not Applicable,Yes,,No,Yes,Yes,Yes,Not Applicable,Not Applicable,Not Applicable,Not Applicable,Not Applicable,Not Applicable,Not Applicable,No,0,Not Applicable,No,Not Applicable,Yes,Yes,No,No,No,0,1375.98,294.78,0.0,0.922,Email,Invalid Claim,Edge,14,Dark,-0.68598,B0753
REC00784,CLM00171,CUS00371,PRD00121,Printer,Inkjet,Power,Main Unit,NovaTech,NOV-PRI-178,SN-84935067,2022-02-09,2024-01-01,2023-12-09,12,Yes,Power Failure,Electrical Failure,Customer reports power failure affecting power.,Not Applicable,Not Applicable,Not Applicable,Not Applicable,No,Not Applicable,No,Not Applicable,Not Applicable,Original,Yes,Yes,No,No,Yes,Yes,Not Applicable,Not Applicable,Not Applicable,Not Applicable,Not Applicable,Yes,Not Applicable,No,0,Not Applicable,No,Not Applicable,Yes,Yes,Yes,No,No,2,1187.98,1127.0,0.0,0.973,Email,Invalid Claim,Safari,31,Dark,-1.15121,B0493
REC00510,CLM01382,CUS00288,PRD00772,Laptop,2-in-1,Device,Main Unit,Aster,AST-LAP-587,SN-77115152,2023-07-23,2024-12-30,2024-12-07,24,No,Overheating,Manufacturing Defect,Customer reports overheating affecting device.,No,No,Not Applicable,Not Applicable,Not Applicable,Not Applicable,Not Applicable,Not Applicable,Not Applicable,Not Applicable,Yes,No,No,Yes,Yes,,Not Applicable,Not Applicable,Not Applicable,Not Applicable,Not Applicable,Not Applicable,,Yes,3,Yes,No,Not Applicable,Yes,Yes,No,No,No,1,1919.79,1433.41,297.92,0.927,Email,Manual Review,MobileWebView,27,System,0.80632,B0978
REC01417,CLM01228,CUS00148,PRD00261,Television,LED,Sound,Main Unit,HomePro,HOM-TEL-226,SN-54539905,2024-06-22,2025-07-25,2025-07-11,24,No,Audio Failure,Manufacturing Defect,Customer reports audio failure affecting sound.,No,Not Applicable,Not Applicable,Not Applicable,Not Applicable,Yes,Not Applicable,Not Applicable,Not Applicable,Not Applicable,Yes,Yes,No,Yes,Yes,Yes,Not Applicable,Not Applicable,Not Applicable,Not Applicable,Not Applicable,Not Applicable,Yes,Yes,3,Yes,No,Not Applicable,Yes,Yes,No,No,No,0,518.81,48.76,328.45,0.791,Web,Valid Claim,Firefox,25,Light,-0.33065,B0622
REC01092,CLM01464,CUS00454,PRD00376,Television,LED,Picture,Main Unit,Aster,AST-TEL-862,SN-81708284,2022-12-06,2024-06-28,2024-06-11,24,No,Display Failure,Electrical Failure,Customer reports display failure affecting picture.,No,Not Applicable,Not Applicable,Not Applicable,Not Applicable,Unknown,Not Applicable,Not Applicable,Not Applicable,Not Applicable,Yes,Yes,No,Yes,No,Yes,Not Applicable,Not Applicable,Not Applicable,Not Applicable,Not Applicable,Not Applicable,Not Applicable,No,0,Not Applicable,No,Not Applicable,Unknown,Yes,No,No,No,2,2573.6,405.2,0.0,0.799,Service Center,Manual Review,Firefox,11,Dark,-2.50632,B0821
REC00409,CLM01130,CUS00695,PRD00896,Television,LED,Not Sure,Main Unit,HomePro,HOM-TEL-480,SN-69264789,2024-07-25,2025-11-04,2025-10-22,24,No,Audio Failure,Electrical Failure,Customer reports audio failure affecting not sure.,No,Not Applicable,Not Applicable,Not Applicable,Not Applicable,Yes,Not Applicable,Not Applicable,Not Applicable,Not Applicable,Yes,Yes,No,Yes,Yes,No,Not Applicable,Not Applicable,Not Applicable,Not Applicable,Not Applicable,Not Applicable,Not Applicable,No,0,Not Applicable,No,Not Applicable,Yes,Yes,No,No,No,0,2206.15,1543.05,0.0,0.976,Mobile App,Manual Review,Firefox,0,System,-0.15962,B0537
REC01341,CLM00486,CUS00107,PRD00548,Washing Machine,Top Load,Water Leakage,Main Unit,PrimeView,PRI-WAS-373,SN-24434903,2024-03-28,2025-04-19,2025-04-03,24,No,Water Leakage,Internal Component Failure,Customer reports water leakage affecting water leakage.,Not Applicable,Not Applicable,Not Applicable,Household,No,Not Applicable,Unknown,Not Applicable,Not Applicable,Not Applicable,Yes,Yes,No,Yes,Yes,Yes,Not Applicable,Not Applicable,Not Applicable,Not Applicable,Not Applicable,Not Applicable,Not Applicable,No,0,Not Applicable,No,Not Applicable,Yes,Yes,No,No,No,1,464.08,384.39,0.0,0.563,Email,Manual Review,Chrome,55,System,0.09451,B0021
REC00069,CLM01040,CUS00397,PRD00654,Refrigerator,Side-by-Side,Noise,Main Unit,HomePro,HOM-REF-156,SN-76971844,2023-07-14,2025-06-07,2025-06-04,24,No,Noise,Internal Component Failure,Customer reports noise affecting noise.,Not Applicable,Not Applicable,Not Applicable,Household,No,Not Applicable,Not Applicable,Not Applicable,Not Applicable,Not Applicable,Yes,No,No,Yes,Yes,Yes,Not Applicable,Not Applicable,Not Applicable,Not Applicable,Not Applicable,Not Applicable,Not Applicable,No,0,Not Applicable,No,Not Applicable,Yes,Yes,No,No,No,0,2956.9,2532.26,0.0,0.873,Web,Valid Claim,Safari,41,Dark,0.65213,B0098
REC00150,CLM01022,CUS00087,PRD00337,Laptop,Business Laptop,Device,Main Unit,NovaTech,NOV-LAP-564,SN-95260408,2023-07-12,2024-10-11,2024-10-05,24,No,Display Failure,Manufacturing Defect,Customer reports display failure affecting device.,No,Unknown,Not Applicable,Not Applicable,Not Applicable,Not Applicable,Not Applicable,Not Applicable,Not Applicable,Not Applicable,Yes,Yes,Yes,No,Yes,Yes,Not Applicable,Not Applicable,Not Applicable,Not Applicable,Not Applicable,Not Applicable,Not Applicable,No,0,Not Applicable,No,Not Applicable,Yes,Yes,No,No,No,2,1122.61,298.18,0.0,0.857,Mobile App,Valid Claim,Edge,3,Dark,-1.85924,B0533
REC-DUP-0004,CLM01456,CUS00165,PRD00799,Air Conditioner,Split,Not Sure,Main Unit,Aster,AST-AIR-644,SN-88506722,2024-08-03,2026-03-27,2026-03-11,24,No,Power Failure,Internal Component Failure,Customer reports power failure affecting not sure.,Not Applicable,Not Applicable,Not Applicable,Not Applicable,Yes,Not Applicable,Not Applicable,No,Not Sure,Not Applicable,Yes,Yes,Yes,Yes,No,No,Yes,Not Applicable,Not Applicable,Not Applicable,Not Applicable,Not Applicable,Not Applicable,No,0,Not Applicable,No,Not Applicable,Unknown,Yes,No,No,No,0,1984.94,1257.99,0.0,0.921,Service Center,Manual Review,Edge,17,Dark,0.16106,B0435
REC00228,CLM00856,CUS00468,PRD00177,Camera,Mirrorless,Camera Body,Camera Body,Aster,AST-CAM-670,SN-63994657,2023-11-25,2026-04-18,2026-04-12,24,Yes,Connectivity Issue,Normal Wear,Customer reports connectivity issue affecting camera body.,Yes,No,Not Applicable,Not Applicable,Not Applicable,Not Applicable,Not Applicable,Not Applicable,Not Applicable,Not Applicable,Yes,Yes,Yes,Yes,Yes,Yes,Not Applicable,Not Applicable,Not Applicable,Not Applicable,Not Applicable,Not Applicable,Not Applicable,No,0,Not Applicable,No,Not Applicable,Yes,Yes,No,No,No,0,1832.52,223.86,0.0,0.646,Mobile App,Invalid Claim,Firefox,55,Light,-0.92313,B0752
REC00539,CLM00248,CUS00678,PRD00363,Washing Machine,Washer Dryer,Noise,Main Unit,ZenCore,ZEN-WAS-721,SN-35350332,2024-02-03,2025-12-17,2025-12-01,24,No,Noise,Internal Component Failure,Customer reports noise affecting noise.,Not Applicable,Not Applicable,Not Applicable,Household,No,Not Applicable,Unknown,Not Applicable,Not Applicable,Not Applicable,Yes,Yes,No,Yes,Yes,Yes,Not Applicable,Not Applicable,Not Applicable,Not Applicable,Not Applicable,Not Applicable,Not Applicable,No,0,Not Applicable,No,Not Applicable,Yes,Yes,No,No,No,0,708.57,116.86,0.0,0.784,Web,Valid Claim,Chrome,43,Dark,-0.66973,B0884
REC01336,CLM00698,CUS00293,PRD00248,Refrigerator,Side-by-Side,Water Leakage,Main Unit,HomePro,HOM-REF-209,SN-17300708,2022-09-24,2024-01-26,2024-01-21,24,No,Water Leakage,Internal Component Failure,Customer reports water leakage affecting water leakage.,Not Applicable,Not Applicable,Not Applicable,Household,No,Not Applicable,Not Applicable,Not Applicable,Not Applicable,Not Applicable,Yes,Yes,No,Yes,Yes,Yes,Not Applicable,Not Applicable,Not Applicable,Not Applicable,Not Applicable,Not Applicable,Not Applicable,No,0,Not Applicable,No,Not Applicable,Yes,Yes,No,N,No,1,2585.25,1724.82,0.0,0.777,Mobile App,Valid Claim,Chrome,9,System,1.25321,B0602
REC00804,CLM00645,CUS00035,PRD00343,Washing Machine,Top Load,Power,Main Unit,ZenCore,ZEN-WAS-229,SN-86014050,2022-12-12,2024-08-18,2024-08-13,24,No,Power Failure,Accidental Damage,Customer reports power failure affecting power.,Not Applicable,Not Applicable,Not Applicable,Household,No,Not Applicable,No,Not Applicable,Not Applicable,Not Applicable,Yes,Yes,Yes,No,Yes,Yes,Not Applicable,Not Applicable,Not Applicable,Not Applicable,Not Applicable,Not Applicable,Yes,Yes,3,Yes,No,Not Applicable,Yes,Yes,No,No,No,0,897.74,846.27,141.34,0.794,Service Center,Invalid Claim,MobileWebView,6,Dark,-0.87684,B0292
REC01114,CLM00737,CUS00061,PRD00191,Laptop,Business Laptop,Device,Main Unit,Aster,AST-LAP-694,SN-90069671,2024-04-05,2025-05-21,2025-05-17,24,No,Connectivity Issue,Manufacturing Defect,Customer reports connectivity issue affecting device.,No,Yes,Not Applicable,Not Applicable,Not Applicable,Not Applicable,Not Applicable,Not Applicable,Not Applicable,Not Applicable,Yes,Yes,No,Yes,Yes,,Not Applicable,Not Applicable,Not Applicable,Not Applicable,Not Applicable,Not Applicable,Yes,Yes,1,Yes,No,Not Applicable,Yes,Yes,No,No,No,0,746.8,348.37,163.69,0.98,Mobile App,Valid Claim,Edge,4,Light,0.94433,B0626
REC00370,CLM00527,CUS00249,PRD00424,Camera,Action Camera,Camera Body,Camera Body,Aster,AST-CAM-254,SN-31179362,2024-02-15,2025-09-22,2025-09-07,24,No,Connectivity Issue,Internal Component Failure,Customer reports connectivity issue affecting camera body.,No,No,Not Applicable,Not Applicable,Not Applicable,Not Applicable,Not Applicable,Not Applicable,Not Applicable,Not Applicable,Yes,Yes,No,Yes,Yes,Yes,Not Applicable,Not Applicable,Not Applicable,Not Applicable,Not Applicable,Not Applicable,Yes,Yes,1,Yes,Yes,Yes,Yes,Yes,No,No,No,2,3075.13,588.58,330.59,0.958,Service Center,Valid Claim,MobileWebView,47,Dark,-0.1879,B0563
REC01429,CLM00607,CUS00638,PRD00543,Refrigerator,Double Door,Other,Main Unit,ZenCore,ZEN-REF-475,SN-78879907,2024-12-12,2026-06-17,2026-06-02,24,No,Mechanical Failure,Manufacturing Defect,Customer reports mechanical failure affecting other.,Not Applicable,Not Applicable,Not Applicable,Household,No,Not Applicable,Not Applicable,Not Applicable,Not Applicable,Not Applicable,Yes,No,No,Yes,Yes,Yes,Not Applicable,Not Applicable,Not Applicable,Not Applicable,Not Applicable,Not Applicable,Not Applicable,No,0,Not Applicable,No,Not Applicable,Yes,Yes,No,No,No,0,1020.83,377.48,0.0,0.949,Email,Valid Claim,MobileWebView,42,Dark,1.19865,B0895
REC00648,CLM01272,CUS00271,PRD00962,Printer,Inkjet,Connection,Main Unit,HomePro,HOM-PRI-713,SN-14388580,2023-11-27,2024-05-21,2024-05-01,12,No,Connectivity Issue,Manufacturing Defect,Customer reports connectivity issue affecting connection.,Not Applicable,Not Applicable,Not Applicable,Not Applicable,Yes,Not Applicable,No,Not Applicable,Not Applicable,Original,Yes,Yes,No,Yes,Yes,Yes,Not Applicable,Not Applicable,Not Applicable,Not Applicable,Not Applicable,Yes,Not Applicable,No,0,Not Applicable,No,Not Applicable,Yes,Yes,No,No,No,2,686.31,595.8,0.0,0.727,Service Center,Valid Claim,MobileWebView,57,System,-1.2397,B0196
REC00254,CLM00069,CUS00623,PRD00015,Refrigerator,Single Door,Power,Compressor,ZenCore,ZEN-REF-450,SN-28764390,2016-08-18,2026-08-01,2026-07-21,120,No,Power Failure,Electrical Failure,Customer reports power failure affecting power.,Not Applicable,Not Applicable,Not Applicable,Household,No,Not Applicable,Not Applicable,Not Applicable,Not Applicable,Not Applicable,Yes,Yes,Yes,Yes,No,No,Not Applicable,Not Applicable,Not Applicable,Yes,Not Applicable,Not Applicable,Yes,Yes,2,Yes,no,Not Applicable,Yes,Yes,No,No,No,0,2084.93,1693.61,515.8,1.25,Service Center,Manual Review,Firefox,6,System,-0.68077,B0846
REC00679,CLM00314,CUS00334,PRD00950,Smartphone,Rugged Smartphone,Phone,Main Unit,NovaTech,NOV-SMA-790,SN-91070417,2024-02-05,2024-11-16,2024-10-22,12,No,Connectivity Issue,Manufacturing Defect,Customer reports connectivity issue affecting phone.,No,No,Not Applicable,Not Applicable,Not Applicable,Not Applicable,Not Applicable,Not Applicable,Not Applicable,Not Applicable,Yes,Yes,No,Yes,Yes,Yes,Not Applicable,Not Applicable,Not Applicable,Not Applicable,Not Applicable,Not Applicable,Yes,Yes,2,Yes,No,Not Applicable,Yes,Yes,No,No,No,1,331.66,43.56,455.29,0.904,Mobile App,Valid Claim,Edge,17,Light,-0.37335,B0481
REC00589,CLM01492,CUS00329,PRD00084,Air Conditioner,Split,Indoor Unit,Main Unit,Aster,AST-AIR-697,SN-89086687,2024-05-16,2026-05-09,2026-04-25,24,No,Power Failure,Manufacturing Defect,Customer reports power failure affecting indoor unit.,Not Applicable,Not Applicable,Not Applicable,Not Applicable,No,Not Applicable,Not Applicable,Yes,Indoor Unit,Not Applicable,Yes,Yes,Yes,Yes,Yes,Yes,No,Not Applicable,Not Applicable,Not Applicable,Not Applicable,Not Applicable,Not Applicable,No,0,Not Applicable,No,Not Applicable,Yes,Yes,No,No,No,0,1515.29,1191.78,0.0,0.735,Web,Manual Review,Chrome,7,Light,-0.09768,B0594
REC00918,CLM01417,CUS00455,PRD00528,Refrigerator,Single Door,Not Sure,Main Unit,Aster,AST-REF-582,SN-17343891,2023-02-27,2024-12-28,2024-12-16,24,No,Water Leakage,Manufacturing Defect,Customer reports water leakage affecting not sure.,Not Applicable,Not Applicable,Not Applicable,Household,No,Not Applicable,Not Applicable,Not Applicable,Not Applicable,Not Applicable,Yes,Yes,Yes,Yes,No,Yes,Not Applicable,Not Applicable,Not Applicable,Not Applicable,Not Applicable,Not Applicable,Not Applicable,No,0,Not Applicable,No,Not Applicable,Yes,Yes,No,No,No,0,638.6,205.04,0.0,0.728,Web,Manual Review,Firefox,27,Dark,-1.29628,B0433
REC01323,CLM00182,CUS00355,PRD00141,Laptop,2-in-1,Battery,Battery,ZenCore,ZEN-LAP-881,SN-55901640,2026-03-22,2026-08-15,2026-08-10,12,No,Display Failure,Internal Component Failure,Customer reports display failure affecting battery.,No,No,Unknown,Not Applicable,Not Applicable,Not Applicable,Not Applicable,Not Applicable,Not Applicable,Not Applicable,Yes,Yes,Yes,Yes,Yes,Yes,Not Applicable,Yes,Not Applicable,Not Applicable,Not Applicable,Not Applicable,Not Applicable,No,0,Not Applicable,No,Not Applicable,No,Yes,No,No,No,2,2318.55,1183.6,0.0,0.968,Mobile App,Invalid Claim,Firefox,8,Light,1.55447,B0989
REC01207,CLM00411,CUS00117,PRD00163,Camera,Action Camera,Camera Body,Camera Body,NovaTech,NOV-CAM-781,SN-13252922,2023-08-17,2025-05-06,2025-04-24,24,No,Display Failure,Electrical Failure,Customer reports display failure affecting camera body.,No,No,Not Applicable,Not Applicable,Not Applicable,Not Applicable,Not Applicable,Not Applicable,Not Applicable,Not Applicable,Yes,Yes,Yes, Yes ,Yes,Yes,Not Applicable,Not Applicable,Not Applicable,Not Applicable,Not Applicable,Not Applicable,Not Applicable,No,0,Not Applicable,No,Not Applicable,Yes,Yes,No,No,No,0,2047.19,954.86,0.0,0.871,Service Center,Valid Claim,Chrome,0,Light,0.7982,B0966
REC01377,CLM01071,CUS00167,PRD00669,Air Conditioner,Split,Indoor Unit,Main Unit,HomePro,HOM-AIR-713,SN-20431627,2023-12-16,2025-06-05,2025-05-22,24,No,Water Leakage,Internal Component Failure,Customer reports water leakage affecting indoor unit.,Not Applicable,Not Applicable,Not Applicable,Not Applicable,Yes,Not Applicable,Not Applicable,No,Indoor Unit,Not Applicable,Yes,Yes,No,Yes,Yes,Yes,Yes,Not Applicable,Not Applicable,Not Applicable,Not Applicable,Not Applicable,Not Applicable,No,0,Not Applicable,No,Not Applicable,Yes,Yes,No,Yes,No,0,2773.66,2604.18,0.0,0.784,Service Center,Valid Claim,Edge,58,Dark,-0.63826,B0461
REC00297,CLM00136,CUS00360,PRD00057,Smartphone,Foldable Smartphone,Not Sure,Main Unit,Aster,AST-SMA-400,SN-44291517,2026-01-04,2026-08-06,2026-07-22,12,No,Connectivity Issue,Rooted Or Unauthorized Software Modification,Customer reports connectivity issue affecting not sure.,No,No,Not Applicable,Not Applicable,Not Applicable,Not Applicable,Not Applicable,Not Applicable,Not Applicable,Not Applicable,Yes,Yes,No,Yes,Yes,Yes,Not Applicable,Not Applicable,Not Applicable,Not Applicable,Not Applicable,Not Applicable,Not Applicable,No,0,Not Applicable,No,Not Applicable,Yes,Yes,No,No,No,2,1772.17,895.12,-100.0,0.894,Email,Invalid Claim,Chrome,8,Light,-2.44742,B0999
REC01463,CLM00851,CUS00606,PRD00131,Television,QLED,Connection,Main Unit,HomePro,HOM-TEL-779,SN-91474344,2022-12-30,2026-99-41,2025-05-23,24,Yes,Connectivity Issue,Electrical Failure,Customer reports connectivity issue affecting connection.,No,Not Applicable,Not Applicable,Not Applicable,Not Applicable,No,Not Applicable,Not Applicable,Not Applicable,Not Applicable,Yes,Yes,No,Yes,Yes,Yes,Not Applicable,Not Applicable,Not Applicable,Not Applicable,Not Applicable,Not Applicable,Not Applicable,No,0,Not Applicable,No,Not Applicable,Yes,Yes,No,No,No,0,2120.08,897.04,0.0,0.862,Service Center,Valid Claim,MobileWebView,20,Light,-0.63814,B0105
REC00872,CLM00468,CUS00415,PRD00521,Refrigerator,Single Door,Other,Main Unit,ZenCore,ZEN-REF-555,SN-83813190,2024-06-01,2026-01-03,2025-12-15,24,No,Mechanical Failure,Improper Voltage Supply,Customer reports mechanical failure affecting other.,Not Applicable,Not Applicable,Not Applicable,Household,Unknown,Not Applicable,Not Applicable,Not Applicable,Not Applicable,Not Applicable,Yes,Yes,No,Yes,Yes,Yes,Not Applicable,Not Applicable,Not Applicable,Not Applicable,Not Applicable,Not Applicable,Yes,Yes,1,Yes,No,Not Applicable,Yes,Yes,No,No,No,0,2294.03,728.92,346.08,0.809,Web,Invalid Claim,Safari,33,Dark,0.00333,B0581
REC00832,CLM00351,CUS00672,PRD00838,Refrigerator,Double Door,Noise,Main Unit,Aster,AST-REF-705,SN-48163002,2022-02-22,2024-12-30,2024-12-13,24,No,Noise,Internal Component Failure,Customer reports noise affecting noise.,Not Applicable,Not Applicable,Not Applicable,Household,Unknown,Not Applicable,Not Applicable,Not Applicable,Not Applicable,Not Applicable,No,Yes,Yes,Yes,Yes,Yes,Not Applicable,Not Applicable,Not Applicable,Not Applicable,Not Applicable,Not Applicable,Not Applicable,No,0,Not Applicable,No,Not Applicable,Yes,Yes,No,No,No,0,1076.08,772.28,0.0,0.453,Web,Invalid Claim,Edge,51,Light,0.69989,B0734
REC01451,CLM00954,CUS00129,PRD00683,Laptop,Consumer Laptop,Device,Main Unit,NovaTech,NOV-LAP-716,SN-62277146,2024-08-30,2026-05-29,2026-05-08,24,No,Connectivity Issue,Internal Component Failure,Customer reports connectivity issue affecting device.,No,No,Not Applicable,Not Applicable,Not Applicable,Not Applicable,Not Applicable,Not Applicable,Not Applicable,Not Applicable,Yes,Yes,Yes,Yes,Yes,Yes,Not Applicable,Not Applicable,Not Applicable,Not Applicable,Not Applicable,Not Applicable,,No,0,Not Applicable,Yes,Yes,Yes,Yes,No,No,No,2,815.74,298.8,0.0,-0.25,Email,Valid Claim,Edge,4,Dark,-1.82351,B0332
REC00871,CLM01392,CUS00472,PRD00492,Laptop,Gaming Laptop,Device,Main Unit,Aster,AST-LAP-453,SN-31000331,2022-06-14,2025-02-20,2025-02-13,24,Yes,Connectivity Issue,Internal Component Failure,Customer reports connectivity issue affecting device.,No,No,Not Applicable,Not Applicable,Not Applicable,Not Applicable,Not Applicable,Not Applicable,Not Applicable,Not Applicable,Yes,No,No,No,Yes,Yes,Not Applicable,Not Applicable,Not Applicable,Not Applicable,Not Applicable,Not Applicable,Not Applicable,No,0,Not Applicable,No,Not Applicable,Yes,Yes,No,No,No,0,1897.44,1603.04,0.0,0.734,Web,Valid Claim,Chrome,53,Dark,-1.56465,B0423
REC00830,CLM00401,CUS00641,PRD00400,Television,Mini-LED,Sound,Main Unit,PrimeView,PRI-TEL-994,SN-18263907,2023-06-29,2026-01-31,2026-01-23,24,No,Audio Failure,Electrical Failure,Customer reports audio failure affecting sound.,No,Not Applicable,Not Applicable,Not Applicable,Not Applicable,Unknown,Not Applicable,Not Applicable,Not Applicable,Not Applicable,No,Yes,Yes,Yes,Yes,,Not Applicable,Not Applicable,Not Applicable,Not Applicable,Not Applicable,Not Applicable,No,Yes,1,Yes,No,Not Applicable,Yes,Yes,No,No,No,0,727.33,585.49,617.63,0.924,Mobile App,Invalid Claim,Edge,52,Dark,0.83223,B0662
REC01405,CLM01488,CUS00662,PRD00107,Smartphone,Foldable Smartphone,Charger,Charger,Aster,AST-SMA-507,SN-25604713,2025-09-03,2025-12-26,2025-12-23,6,No,Power Failure,Internal Component Failure,Customer reports power failure affecting charger.,No,No,Not Applicable,Not Applicable,Not Applicable,Not Applicable,Not Applicable,Not Applicable,Not Applicable,Not Applicable,Yes,Yes,Yes,Yes,Yes,Yes,Not Applicable,Not Applicable,Not Applicable,Not Applicable,Not Applicable,Not Applicable,No,Yes,2,Unknown,Yes,No,Yes,Yes,No,No,No,1,1249.67,365.61,394.27,0.822,Web,Manual Review,MobileWebView,22,Light,0.70073,B0518
REC00788,CLM01260,CUS00105,PRD00699,Smartphone,Rugged Smartphone,Phone,Main Unit,PrimeView,,SN-20338859,2024-03-26,2024-09-18,2024-08-28,12,No,Overheating,Electrical Failure,Customer reports overheating affecting phone.,No,No,Not Applicable,Not Applicable,Not Applicable,Not Applicable,Not Applicable,Not Applicable,Not Applicable,Not Applicable,Yes,No,No,Yes,Yes,Yes,Not Applicable,Not Applicable,Not Applicable,Not Applicable,Not Applicable,Not Applicable,Yes,Yes,1,Yes,No,Not Applicable,Yes,No,No,No,No,0,1224.95,269.53,144.01,0.968,Service Center,Manual Review,Chrome,43,Dark,1.41258,B0591
REC01303,CLM01385,CUS00576,PRD00008,Washing Machine,Washer Dryer,Washing,Main Unit,ZenCore,ZEN-WAS-495,SN-18914493,2022-12-14,2024-12-14,2024-11-22,24,No,Mechanical Failure,Internal Component Failure,Customer reports mechanical failure affecting washing.,Not Applicable,Not Applicable,Not Applicable,Household,No,Not Applicable,Unknown,Not Applicable,Not Applicable,Not Applicable,Yes,Yes,Yes,Yes,Yes,No,Not Applicable,Not Applicable,Not Applicable,Not Applicable,Not Applicable,Not Applicable,Yes,Yes,1,Yes,No,Not Applicable,Yes,Yes,No,No,No,1,2076.39,1967.7,551.38,0.897,Email,Manual Review,Chrome,50,System,-1.74212,B0329
REC01047,CLM00521,CUS00558,PRD00016,Camera,Action Camera,Battery,Battery,NovaTech,NOV-CAM-730,SN-67586029,2023-09-27,2024-03-05,2024-02-25,6,No,Battery Problem,Manufacturing Defect,Customer reports battery problem affecting battery.,No,No,Yes,Not Applicable,Not Applicable,Not Applicable,Not Applicable,Not Applicable,Not Applicable,Not Applicable,Yes,Yes,Yes,Yes,Yes,Yes,Not Applicable,Not Applicable,Not Applicable,Not Applicable,Not Applicable,Not Applicable,No,Yes,2,Yes,No,Not Applicable,Unknown,Yes,No,No,No,0,2863.71,1136.28,94.36,0.82,Email,Manual Review,Safari,56,Dark,-0.06222,B0763
REC00355,CLM01100,CUS00154,PRD00052,Television,Mini-LED,Sound,Main Unit,PrimeView,PRI-TEL-233,SN-50628777,2022-10-13,2024-09-08,2024-09-01,24,No,Audio Failure,Manufacturing Defect,Customer reports audio failure affecting sound.,Yes,Not Applicable,Not Applicable,Not Applicable,Not Applicable,Yes,Not Applicable,Not Applicable,Not Applicable,Not Applicable,Yes,Yes,No,Yes,Yes,Yes,Not Applicable,Not Applicable,Not Applicable,Not Applicable,Not Applicable,Not Applicable,Not Applicable,No,0,Not Applicable,No,Not Applicable,Unknown,Yes,No,No,No,0,2952.98,2446.11,0.0,0.955,Mobile App,Manual Review,Edge,41,Dark,-1.34327,B0655
REC01287,CLM00793,CUS00374,PRD00390,Television,OLED,Not Sure,Display Panel,HomePro,HOM-TEL-147,SN-77827712,2025-03-03,2026-06-04,2026-05-29,24,No,Audio Failure,Internal Component Failure,Customer reports audio failure affecting not sure.,No,Not Applicable,Not Applicable,Not Applicable,Not Applicable,No,Not Applicable,Not Applicable,Not Applicable,Not Applicable,Yes,Yes,No,Yes,Yes,Yes,Not Applicable,Not Applicable,Yes,Not Applicable,Not Applicable,Not Applicable,Not Applicable,No,0,Not Applicable,No,Not Applicable,Yes,Yes,No,No,No,0,496.04,416.35,-100.0,0.832,Service Center,Valid Claim,MobileWebView,14,System,1.06126,B0707
REC00193,CLM01194,CUS00678,PRD00605,printer,Thermal,Printing,Main Unit,PrimeView,PRI-PRI-118,SN-15572014,2023-11-07,2024-10-02,2024-09-21,12,No,Mechanical Failure,Electrical Failure,Customer reports mechanical failure affecting printing.,Not Applicable,Not Applicable,Not Applicable,Not Applicable,Unknown,Not Applicable,No,Not Applicable,Not Applicable,Original,Yes,Yes,No,,Yes,Yes,Not Applicable,Not Applicable,Not Applicable,Not Applicable,Not Applicable,Yes,Not Applicable,No,0,Not Applicable,Yes,No,Yes,Yes,No,No,No,0,388.78,175.58,0.0,0.891,Mobile App,Valid Claim,Firefox,33,Dark,-0.87762,B0228
REC00315,CLM00782,CUS00659,PRD00777,Refrigerator,Single Door,Cooling,Main Unit,HomePro,HOM-REF-388,SN-72789180,2024-05-17,2026-05-06,2026-04-30,24,No,Cooling Failure,Internal Component Failure,Customer reports cooling failure affecting cooling.,Not Applicable,Not Applicable,Not Applicable,Household,No,Not Applicable,Not Applicable,Not Applicable,Not Applicable,Not Applicable,Yes,Yes,No,Yes,Yes,Yes,Not Applicable,Not Applicable,Not Applicable,Not Applicable,Not Applicable,Not Applicable,Not Applicable,No,0,Not Applicable,No,Not Applicable,Yes,Yes,No,No,No,1,2398.27,2061.6,0.0,0.77,Web,Valid Claim,Safari,9,System,0.37816,B0240
REC01168,CLM00375,CUS00290,PRD00904,Air Conditioner,Split,Both,Main Unit,ZenCore,ZEN-AIR-983,SN-59213789,2022-06-15,2024-06-15,2024-05-28,24,No,Water Leakage,Electrical Failure,Customer reports water leakage affecting both.,Not Applicable,Not Applicable,Not Applicable,Not Applicable,No,Not Applicable,Not Applicable,No,Both,Not Applicable,Yes,No,Yes,No,Y,No,Yes,Not Applicable,Not Applicable,Not Applicable,Not Applicable,Not Applicable,Not Applicable,No,0,Not Applicable,No,Not Applicable,Yes,Yes,No,No,No,0,2326.3,1743.76,0.0,0.821,Mobile App,Manual Review,Firefox,7,Light,0.20734,B0150
REC00015,CLM01343,CUS00243,PRD00097,Laptop,Gaming Laptop,Device,Main Unit,NovaTech,NOV-LAP-831,SN-82729831,2023-06-29,2025-06-13,2025-05-23,24,No,Connectivity Issue,Internal Component Failure,Customer reports connectivity issue affecting device.,No,No,Not Applicable,Not Applicable,Not Applicable,Not Applicable,Not Applicable,Not Applicable,Not Applicable,Not Applicable,Yes,No,Yes,Yes,Yes,Yes,Not Applicable,Not Applicable,Not Applicable,Not Applicable,Not Applicable,Not Applicable,,No,0,Not Applicable,No,Not Applicable,Yes,Yes,No,No,No,0,1934.46,1229.08,0.0,0.926,Mobile App,Valid Claim,Chrome,38,Dark,-0.87811,B0828
REC00526,CLM01456,CUS00165,PRD00799,Air Conditioner,Split,Not Sure,Main Unit,Aster,AST-AIR-644,SN-88506722,2024-08-03,2026-03-27,2026-03-11,24,No,Power Failure,Internal Component Failure,Customer reports power failure affecting not sure.,Not Applicable,Not Applicable,Not Applicable,Not Applicable,Yes,Not Applicable,Not Applicable,No,Not Sure,Not Applicable,Yes,Yes,Yes,Yes,No,No,Yes,Not Applicable,Not Applicable,Not Applicable,Not Applicable,Not Applicable,Not Applicable,No,0,Not Applicable,No,Not Applicable,Unknown,Yes,No,No,No,0,1984.94,1257.99,0.0,0.921,Service Center,Manual Review,Edge,17,Dark,0.16106,B0435
REC01139,CLM00702,CUS00629,PRD00292,Camera,Compact,Camera Body,Camera Body,NovaTech,NOV-CAM-127,SN-27985232,2024-03-02,2026-02-10,2026-02-05,24,No,Battery Problem,Normal Wear,Customer reports battery problem affecting camera body.,No,No,Yes,Not Applicable,Not Applicable,Not Applicable,Not Applicable,Not Applicable,Not Applicable,Not Applicable,Yes,,Yes,Yes,Yes,Yes,Not Applicable,Not Applicable,Not Applicable,Not Applicable,Not Applicable,Not Applicable,Not Applicable,No,0,Not Applicable,No,Not Applicable,Yes,Yes,No,No,No,2,2683.23,404.71,0.0,0.802,Mobile App,Invalid Claim,Firefox,11,System,-1.93954,B0390
REC00669,CLM01430,CUS00207,PRD00553,Printer,Thermal,Printing,Main Unit,HomePro,HOM-PRI-884,SN-17135216,2023-05-08,2024-05-07,2024-04-27,12,No,Mechanical Failure,Internal Component Failure,Customer reports mechanical failure affecting printing.,Not Applicable,Not Applicable,Not Applicable,Not Applicable,No,Not Applicable,Unknown,Not Applicable,Not Applicable,Original,Yes,Yes,Yes,Yes,Yes,Yes,Not Applicable,Not Applicable,Not Applicable,Not Applicable,Not Applicable,No,Not Applicable,No,0,Not Applicable,No,Not Applicable,Yes,Yes,No,No,No,0,983.24,231.68,0.0,0.858,Mobile App,Manual Review,Firefox,26,Light,1.47744,B0256
REC00080,CLM00371,CUS00488,PRD00918,Laptop,Business Laptop,Device,Main Unit,Aster,AST-LAP-621,SN-10264670,2024-11-05,2026-01-02,2025-11-24,24,No,Overheating,Electrical Failure,Customer reports overheating affecting device.,No,No,Not Applicable,Not Applicable,Not Applicable,Not Applicable,Not Applicable,Not Applicable,Not Applicable,Not Applicable,Yes,Yes,Yes,Yes,Yes,Yes,Not Applicable,Not Applicable,Not Applicable,Not Applicable,Not Applicable,Not Applicable,Not Applicable,No,0,Not Applicable,No,Not Applicable,Yes,Yes,No,No,No,0,647.51,220.57,,0.604,Mobile App,Invalid Claim,MobileWebView,46,Light,-0.3483,B0001
REC00653,CLM00795,CUS00486,PRD00261,Television,LED,Connection,Main Unit,PrimeView,PRI-TEL-559,SN-23949504,2024-03-30,2025-11-04,2025-10-22,24,No,Connectivity Issue,Electrical Failure,Customer reports connectivity issue affecting connection.,No,Not Applicable,Not Applicable,Not Applicable,Not Applicable,Yes,Not Applicable,Not Applicable,Not Applicable,Not Applicable,Yes,Yes,No,Yes,No,Yes,Not Applicable,Not Applicable,Not Applicable,Not Applicable,Not Applicable,Not Applicable,Not Applicable,No,0,Not Applicable,No,Not Applicable,Yes,Yes,No,No,No,0,1647.39,405.98,0.0,0.987,Web,Manual Review,Safari,58,Dark,-0.03278,B0893
REC01162,CLM01094,CUS00006,PRD00874,Refrigerator,Double Door,Power,Main Unit,ZenCore,ZEN-REF-589,SN-19892171,2022-12-03,2025-06-23,2025-06-03,24,Yes,Power Failure,Manufacturing Defect,Customer reports power failure affecting power.,Not Applicable,Not Applicable,Not Applicable,Household,Yes,Not Applicable,Not Applicable,Not Applicable,Not Applicable,Not Applicable,No,Yes,Yes,Yes,No,Yes,Not Applicable,Not Applicable,Not Applicable,Not Applicable,Not Applicable,Not Applicable,Not Applicable,No,0,Not Applicable,No,Not Applicable,Y,Yes,No,No,No,2,847.72,431.55,0.0,0.802,Service Center,Manual Review,Safari,8,System,0.71559,B0306
REC00304,CLM00728,CUS00202,PRD00444,Smartphone,Standard Smartphone,Phone,Main Unit,Aster,AST-SMA-637,SN-52973809,2024-07-18,2025-03-29,2025-03-18,12,No,Display Failure,Normal Wear,Customer reports display failure affecting phone.,No,No,Not Applicable,Not Applicable,Not Applicable,Not Applicable,Not Applicable,Not Applicable,Not Applicable,Not Applicable,Yes,Yes,No,Yes,Yes,Yes,Not Applicable,Not Applicable,Not Applicable,Not Applicable,Not Applicable,Not Applicable,Not Applicable,No,0,Not Applicable,Yes,Yes,Yes,Yes,No,No,No,0,1518.93,163.61,0.0,0.779,Mobile App,Invalid Claim,Firefox,24,Dark,0.53247,B0269
REC01359,CLM00438,CUS00541,PRD00519,Camera,Compact,Lens,Lens,NovaTech,NOV-CAM-263,SN-12459806,2025-02-07,2026-05-03,2026-05-02,24,No,Lens Failure,Internal Component Failure,Customer reports lens failure affecting lens.,No,No,Not Applicable,Not Applicable,Not Applicable,Not Applicable,Not Applicable,Not Applicable,Not Applicable,Not Applicable,Yes,Yes,Yes,Yes,Yes,YES,Not Applicable,Not Applicable,Not Applicable,Not Applicable,Yes,Not Applicable,Not Applicable,No,0,Not Applicable,No,Not Applicable,Yes,Yes,No,No,No,1,1038.3,83.61,0.0,0.874,Service Center,Valid Claim,Edge,55,Dark,-1.11972,B0542
REC00203,CLM01474,CUS00154,PRD00708,Printer,Inkjet,Connection,Main Unit,PrimeView,PRI-PRI-446,SN-24373839,2023-10-14,2024-09-13,2024-08-18,12,No,Connectivity Issue,Electrical Failure,Customer reports connectivity issue affecting connection.,Not Applicable,Not Applicable,Not Applicable,Not Applicable,No,Not Applicable,Unknown,Not Applicable,Not Applicable,Original,Yes,Yes,Yes,Yes,Yes,Yes,Not Applicable,Not Applicable,Not Applicable,Not Applicable,Not Applicable,Yes,Not Applicable,No,0,Not Applicable,No,Not Applicable,Yes,Yes,No,No,No,0,931.22,835.35,0.0,0.468,Mobile App,Manual Review,MobileWebView,45,Dark,-1.39433,B0707
REC00907,CLM00433,CUS00604,PRD00663,Smartphone,Standard Smartphone,Phone,Main Unit,primeview,PRI-SMA-472,SN-36194339,2024-03-20,2025-04-12,2025-03-17,12,No,Battery Problem,Water Damage,Customer reports battery problem affecting phone.,Unknown,Yes,Yes,Not Applicable,Not Applicable,Not Applicable,Not Applicable,Not Applicable,Not Applicable,Not Applicable,,No,No,Yes,No,Yes,Not Applicable,Not Applicable,Not Applicable,Not Applicable,Not Applicable,Not Applicable,Yes,Yes,2,No,Yes,Yes,No,Yes,No,No,No,1,731.0,320.47,152.22,0.459,Mobile App,Invalid Claim,Chrome,6,Light,0.28497,B0697
REC00650,CLM00816,CUS00482,PRD00422,Laptop,Business Laptop,Device,Main Unit,NovaTech,NOV-LAP-731,SN-29152091,2023-06-14,2024-07-31,2024-07-20,24,No,Battery Problem,Normal Wear,Customer reports battery problem affecting device.,No,Yes,Yes,Not Applicable,Not Applicable,Not Applicable,Not Applicable,Not Applicable,Not Applicable,Not Applicable,Yes,No,Yes,Yes,Yes,No,Not Applicable,Not Applicable,Not Applicable,Not Applicable,Not Applicable,Not Applicable,Not Applicable,No,0,Not Applicable,No,Not Applicable,Yes,Yes,No,No,No,1,2081.64,765.42,0.0,0.951,Web,Invalid Claim,Chrome,37,System,-0.3853,B0182
REC01187,CLM00823,CUS00270,PRD00847,Refrigerator,Double Door,Power,Main Unit,HomePro,HOM-REF-967,SN-12929848,2025-06-10,2026-08-04,2026-07-17,24,No,Power Failure,Physical Damage,Customer reports power failure affecting power.,Not Applicable,Not Applicable,Not Applicable,Household,No,Not Applicable,Not Applicable,Not Applicable,Not Applicable,Not Applicable,No,Yes,Yes,Yes,Yes,Yes,Not Applicable,Not Applicable,Not Applicable,Not Applicable,Not Applicable,Not Applicable,,No,0,Not Applicable,No,Not Applicable,Yes,Yes,No,No,No,1,711.47,193.43,0.0,0.721,Email,Invalid Claim,Chrome,4,Dark,0.46435,B0673
REC00105,CLM00519,CUS00254,PRD00382,Air Conditioner,Split,Outdoor Unit,Compressor,Aster,AST-AIR-251,SN-61834644,2019-09-16,2024-02-22,2024-02-09,60,No,Noise,Internal Component Failure,Customer reports noise affecting outdoor unit.,Not Applicable,Not Applicable,Not Applicable,Not Applicable,Yes,Not Applicable,Not Applicable,No,Outdoor Unit,Not Applicable,Yes,No,No,Yes,Yes,Yes,Yes,Not Applicable,Not Applicable,No,Not Applicable,Not Applicable,Yes,Yes,3,No,No,Not Applicable,Yes,Yes,Yes,No,No,0,2492.55,640.86,365.79,0.819,Mobile App,Invalid Claim,Firefox,50,System,-0.74793,B0242
REC00391,CLM00700,CUS00584,PRD00195,Smartphone,Standard Smartphone,Phone,Main Unit,PrimeView,PRI-SMA-806,SN-71561580,2023-05-04,2024-09-15,2024-09-02,12,No,Overheating,Manufacturing Defect,Customer reports overheating affecting phone.,Unknown,No,Not Applicable,Not Applicable,Not Applicable,Not Applicable,Not Applicable,Not Applicable,Not Applicable,Not Applicable,Yes,,No,Yes,Yes,Yes,Not Applicable,Not Applicable,Not Applicable,Not Applicable,Not Applicable,Not Applicable,Yes,Yes,1,Yes,No,Not Applicable,Yes,Yes,No, No ,No,1,1477.46,1178.79,259.77,,Mobile App,Invalid Claim,Chrome,55,Dark,-0.29026,B0085
REC00001,CLM00344,CUS00486,PRD00540,Camera,DSLR,Camera Body,Camera Body,PrimeView,PRI-CAM-721,SN-10759554,2025-03-02,2026-06-05,2026-05-27,24,No,Battery Problem,Electrical Failure,Customer reports battery problem affecting camera body.,Unknown,No,Yes,Not Applicable,Not Applicable,Not Applicable,Not Applicable,Not Applicable,Not Applicable,Not Applicable,Yes,,No,Yes,Yes,Yes,Not Applicable,Not Applicable,Not Applicable,Not Applicable,Not Applicable,Not Applicable,Not Applicable,No,0,Not Applicable,No,Not Applicable,Yes,Yes,No,No,No,0,2491.16,1131.93,0.0,0.952,Mobile App,Valid Claim,Edge,54,Light,-0.63278,B0294
REC01157,CLM01049,CUS00659,PRD00173,Washing Machine,Top Load,Power,Motor,HomePro,HOM-WAS-128,SN-80889490,2016-11-10,2026-05-27,2026-05-12,120,No,Power Failure,Manufacturing Defect,Customer reports power failure affecting power.,Not Applicable,Not Applicable,Not Applicable,Household,Unknown,Not Applicable,No,Not Applicable,Not Applicable,Not Applicable,Yes,Yes,No,No,Yes,Yes,Not Applicable,Not Applicable,Not Applicable,Yes,Not Applicable,Not Applicable,Not Applicable,No,0,Not Applicable,No,Not Applicable,Yes,Yes, No ,No,No,1,727.57,518.28,0.0,0.729,Web,Valid Claim,MobileWebView,7,Light,2.54735,B0340
REC00487,CLM00467,CUS00597,PRD00049,Television,LED,Power,Main Unit,HomePro,HOM-TEL-113,SN-89184435,2023-09-22,2026-02-27,2026-02-16,24,Yes,Power Failure,Manufacturing Defect,Customer reports power failure affecting power.,No,Not Applicable,Not Applicable,Not Applicable,Not Applicable,No,Not Applicable,Not Applicable,Not Applicable,Not Applicable,Yes,Yes,Yes,Yes,Yes,Y,Not Applicable,Not Applicable,Not Applicable,Not Applicable,Not Applicable,Not Applicable,Not Applicable,No,0,Not Applicable,No,Not Applicable,Yes,Yes,No,No,No,0,1394.91,685.04,0.0,0.8,Mobile App,Valid Claim,Safari,0,Dark,-2.16079,B0607
REC00535,CLM00343,CUS00169,PRD00115,Camera,Mirrorless,Lens,Lens,NovaTech,NOV-CAM-831,SN-40238705,2024-02-27,2026-02-13,2026-02-09,24,No,Battery Problem,Electrical Failure,Customer reports battery problem affecting lens.,Unknown,No,Yes,Not Applicable,Not Applicable,Not Applicable,Not Applicable,Not Applicable,Not Applicable,Not Applicable,Yes,Yes,Yes,Yes,Yes,Yes,Not Applicable,Not Applicable,Not Applicable,Not Applicable,Yes,Not Applicable,Not Applicable,No,0,Not Applicable,No,Not Applicable,Yes,Yes,No,No,No,1,2285.14,789.81,0.0,0.815,Web,Valid Claim,Firefox,37,System,0.26684,B0758
REC00078,CLM00091,CUS00039,PRD00369,Air Conditioner,Portable,Indoor Unit,Compressor,ZenCore,ZEN-AIR-777,SN-22636472,2020-01-29,2024-04-12,2024-04-11,60,No,Noise,Manufacturing Defect,Customer reports noise affecting indoor unit.,Not Applicable,Not Applicable,Not Applicable,Not Applicable,Yes,Not Applicable,Not Applicable,No,Indoor Unit,Not Applicable,Yes,Yes,Yes,Yes,Yes,Yes,Yes,Not Applicable,Not Applicable,Yes,Not Applicable,Not Applicable,,No,0,Not Applicable,Yes,Yes,Yes,Yes,No,No,No,2,937.33,140.29,0.0,0.732,Service Center,Valid Claim,Chrome,40,System,-0.08321,B0121
REC01234,CLM01373,CUS00612,PRD00708,Television,OLED,Power,Main Unit,Aster,AST-TEL-250,SN-46963484,2024-02-20,2025-10-11,2025-10-08,24,No,Power Failure,Manufacturing Defect,Customer reports power failure affecting power.,No,Not Applicable,Not Applicable,Not Applicable,Not Applicable,No,Not Applicable,Not Applicable,Not Applicable,Not Applicable,No,Yes,Yes,Yes,Yes,Yes,Not Applicable,Not Applicable,Not Applicable,Not Applicable,Not Applicable,Not Applicable,,No,0,Not Applicable,No,Not Applicable,Yes,Yes,No,No,No,2,941.92,717.98,0.0,0.723,Web,Valid Claim,Safari,22,Dark,0.50857,B0685
REC01372,CLM00320,CUS00258,PRD00465,Smartphone,Foldable Smartphone,Charger,Charger,PrimeView,PRI-SMA-704,SN-36026516,2025-06-18,2025-09-14,2025-09-03,6,No,Connectivity Issue,Physical Damage,Customer reports connectivity issue affecting charger.,Yes,No,Not Applicable,Not Applicable,Not Applicable,Not Applicable,Not Applicable,Not Applicable,Not Applicable,Not Applicable,No,Yes,Yes,No,Yes,Y,Not Applicable,Not Applicable,Not Applicable,Not Applicable,Not Applicable,Not Applicable,Not Applicable,No,0,Not Applicable,Yes,No,Yes,No,No,No,No,0,1756.26,1581.36,0.0,0.936,Web,Invalid Claim,MobileWebView,12,System,0.98697,B0904
REC01491,CLM00976,CUS00367,PRD00914,Air Conditioner,Window,Outdoor Unit,Main Unit,HomePro,HOM-AIR-763,SN-75266159,2023-08-07,2025-07-09,2025-06-07,24,No,Power Failure,Manufacturing Defect,Customer reports power failure affecting outdoor unit.,Not Applicable,Not Applicable,Not Applicable,Not Applicable,Unknown,Not Applicable,Not Applicable,Yes,Outdoor Unit,Not Applicable,,No,Yes,Yes,Yes,,Yes,Not Applicable,Not Applicable,Not Applicable,Not Applicable,Not Applicable,Not Applicable,No,0,Not Applicable,No,Not Applicable,Yes,Yes,No,No,No,1,1080.72,125.62,0.0,0.933,Mobile App,Invalid Claim,Chrome,14,Dark,-0.44514,B0174
REC00770,CLM00276,CUS00450,PRD00051,Television,QLED,Connection,Main Unit,PrimeView,PRI-TEL-450,SN-79757522,2024-01-31,2026-06-17,2026-05-10,24,No,Connectivity Issue,Normal Wear,Customer reports connectivity issue affecting connection.,No,Not Applicable,Not Applicable,Not Applicable,Not Applicable,Unknown,Not Applicable,Not Applicable,Not Applicable,Not Applicable,Yes,,Yes,Yes,Yes,Yes,Not Applicable,Not Applicable,Not Applicable,Not Applicable,Not Applicable,Not Applicable,Not Applicable,No,0,Not Applicable,No,Not Applicable,Yes,Yes,No,No,No,0,2160.63,1366.24,0.0,0.929,Web,Invalid Claim,MobileWebView,22,System,0.3025,B0495
REC00056,CLM00618,CUS00265,PRD00677,Television,LED,Sound,Main Unit,Aster,AST-TEL-133,SN-96850257,2021-11-13,2024-08-21,2024-08-07,24,Yes,Audio Failure,Internal Component Failure,Customer reports audio failure affecting sound.,No,Not Applicable,Not Applicable,Not Applicable,Not Applicable,Yes,Not Applicable,Not Applicable,Not Applicable,Not Applicable,Yes,Yes,Yes,Yes,No,No,Not Applicable,Not Applicable,Not Applicable,Not Applicable,Not Applicable,Not Applicable,Not Applicable,No,0,Not Applicable,Yes,Yes,Yes,Yes,No,No,No,0,1886.21,880.12,0.0,0.858,Email,Manual Review,MobileWebView,34,System,-0.64128,B0620
REC00889,CLM00424,CUS00402,PRD00171,Washing Machine,Front Load,Washing,Main Unit,ZenCore,ZEN-WAS-393,SN-55993479,2023-12-30,2025-04-19,2025-04-05,24,No,Mechanical Failure,Electrical Failure,Customer reports mechanical failure affecting washing.,Not Applicable,Not Applicable,Not Applicable,Household,No,Not Applicable,No,Not Applicable,Not Applicable,Not Applicable,Yes,Yes,Yes,Yes,Yes,Yes,Not Applicable,Not Applicable,Not Applicable,Not Applicable,Not Applicable,Not Applicable,Yes,Yes,1,No,No,Not Applicable,Yes,Yes,No,No,No,1,827.92,193.53,623.03,0.835,Mobile App,Invalid Claim,MobileWebView,14,Light,1.43929,B0472
REC01392,CLM00989,CUS00419,PRD00258,Printer,Inkjet,Power,Main Unit,HomePro,HOM-PRI-822,SN-21077519,2024-08-06,2025-01-20,2025-01-15,12,No,Power Failure,Manufacturing Defect,Customer reports power failure affecting power.,Not Applicable,Not Applicable,Not Applicable,Not Applicable,No,Not Applicable,No,Not Applicable,Not Applicable,Original,Yes,Yes,No,Yes,Yes,No,Not Applicable,Not Applicable,Not Applicable,Not Applicable,Not Applicable,Yes,,No,0,Not Applicable,No,Not Applicable,Yes,Yes,No,No,No,1,821.57,401.53,0.0,0.891,Mobile App,Manual Review,Safari,57,System,-0.67497,B0932
REC-DUP-0034,CLM01150,CUS00244,PRD00720,Camera,Compact,Camera Body,Camera Body,Aster,AST-CAM-874,SN-51442055,2024-07-30,2025-08-20,2025-07-24,24,No,Power Failure,Electrical Failure,Customer reports power failure affecting camera body.,No,No,Not Applicable,Not Applicable,Not Applicable,Not Applicable,Not Applicable,Not Applicable,Not Applicable,Not Applicable,Yes,Yes,Yes,Yes,Yes,Yes,Not Applicable,Not Applicable,Not Applicable,Not Applicable,Not Applicable,Not Applicable,Not Applicable,No,0,Not Applicable,No,Not Applicable,Yes,Yes,No,No,No,4,1692.76,597.89,0.0,0.848,Web,Valid Claim,Firefox,12,Light,-3.7297,B0858
REC01356,CLM00194,CUS00117,PRD00703,Refrigerator,Single Door,Noise,Main Unit,ZenCore,ZEN-REF-374,SN-17748067,2024-04-20,2025-06-16,2025-05-22,24,No,Noise,Manufacturing Defect,Customer reports noise affecting noise.,Not Applicable,Not Applicable,Not Applicable,Household,No,Not Applicable,Not Applicable,Not Applicable,Not Applicable,Not Applicable,Yes,Yes,Yes,Yes,Yes,Yes,Not Applicable,Not Applicable,Not Applicable,Not Applicable,Not Applicable,Not Applicable,Yes,Yes,1,Yes,No,Not Applicable,Yes,Yes,No,No,No,0,786.98,205.86,239.33,0.946,Mobile App,Valid Claim,Edge,59,Light,-0.09011,B0670
REC01393,CLM00651,CUS00074,PRD00114,Printer,Thermal,Connection,Main Unit,HomePro,HOM-PRI-341,SN-23149978,2023-06-19,2025-02-10,2025-01-30,12,Yes,Connectivity Issue,Electrical Failure,Customer reports connectivity issue affecting connection.,Not Applicable,Not Applicable,Not Applicable,Not Applicable,No,Not Applicable,No,Not Applicable,Not Applicable,Original,Yes,No,No,No,Yes,No,Not Applicable,Not Applicable,Not Applicable,Not Applicable,Not Applicable,Yes,Not Applicable,No,0,Not Applicable,No,Not Applicable,Yes,Yes,No,Yes,No,0,289.64,157.54,0.0,0.793,Web,Manual Review,Chrome,39,Light,-0.79136,B0873
REC00688,CLM00138,CUS00131,PRD00874,Camera,Mirrorless,Camera Body,Camera Body,PrimeView,PRI-CAM-663,SN-78923466,2023-01-07,2024-12-08,2024-11-14,24,No,Battery Problem,Manufacturing Defect,Customer reports battery problem affecting camera body.,No,Unknown,Yes,Not Applicable,Not Applicable,Not Applicable,Not Applicable,Not Applicable,Not Applicable,Not Applicable,Yes,Yes,Yes,Yes,Yes,No,Not Applicable,Not Applicable,Not Applicable,Not Applicable,Not Applicable,Not Applicable,,No,0,Not Applicable,No,Not Applicable,Yes,Yes,No,No,No,1,772.59,225.09,0.0,0.798,Web,Manual Review,Chrome,2,Light,-0.88354,B0013
REC00207,CLM01466,CUS00298,PRD00365,Smartphone,Rugged Smartphone,Charger,Charger,PrimeView,PRI-SMA-982,SN-96633150,2024-03-22,2024-08-17,2024-07-19,6,No,Overheating,Manufacturing Defect,Customer reports overheating affecting charger.,No,Unknown,Not Applicable,Not Applicable,Not Applicable,Not Applicable,Not Applicable,Not Applicable,Not Applicable,Not Applicable,Yes,Yes,Yes,Yes,Yes,Yes,Not Applicable,Not Applicable,Not Applicable,Not Applicable,Not Applicable,Not Applicable,Not Applicable,No,0,Not Applicable,No,Not Applicable,Unknown,Yes,No,No,No,0,708.84,356.07,0.0,0.791,Mobile App,Manual Review,MobileWebView,32,Dark,1.45536,B0433
REC01248,CLM00387,CUS00551,PRD00948,Air Conditioner,Portable,Indoor Unit,Main Unit,Aster,AST-AIR-281,SN-22935618,2023-04-07,2026-01-25,2026-01-13,24,No,Noise,Electrical Failure,Customer reports noise affecting indoor unit.,Not Applicable,Not Applicable,Not Applicable,Not Applicable,No,Not Applicable,Not Applicable,No,Indoor Unit,Not Applicable,Yes,Yes,No,Yes,YES,Yes,Yes,Not Applicable,Not Applicable,Not Applicable,Not Applicable,Not Applicable,Not Applicable,No,0,Not Applicable,Yes,Yes,Yes,Yes,No,No,No,0,2703.1,616.83,0.0,,Mobile App,Invalid Claim,Safari,17,System,0.65087,B0182
REC00334,CLM00546,CUS00183,PRD00489,Refrigerator,Side-by-Side,Noise,Compressor,ZenCore,ZEN-REF-795,SN-71194867,2016-05-01,2026-07-10,2026-07-06,120,No,Noise,Internal Component Failure,Customer reports noise affecting noise.,Not Applicable,Not Applicable,Not Applicable,Business,No,Not Applicable,Not Applicable,Not Applicable,Not Applicable,Not Applicable,Yes,Yes,Yes,Yes,Yes,Yes,Not Applicable,Not Applicable,Not Applicable,Yes,Not Applicable,Not Applicable,No,Yes,2,Yes,Yes,No,Yes,Yes,No,No,No,0,1834.86,1067.07,554.76,0.927,Web,Invalid Claim,Firefox,12,Dark,-0.83462,B0860
REC01452,CLM00946,CUS00029,PRD00117,Camera,DSLR,Lens,Lens,Aster,AST-CAM-544,SN-42437840,2023-02-24,2024-05-31,2024-05-06,24,No,Display Failure,Internal Component Failure,Customer reports display failure affecting lens.,No,Unknown,Not Applicable,Not Applicable,Not Applicable,Not Applicable,Not Applicable,Not Applicable,Not Applicable,Not Applicable,Yes,Yes,No,Yes,Yes,Yes,Not Applicable,Not Applicable,Not Applicable,Not Applicable,Yes,Not Applicable,Yes,Yes,3,Yes,No,Not Applicable,Yes,Yes,No,No,No,1,1032.59,773.07,364.95,0.965,Email,Valid Claim,Firefox,56,Light,-0.2066,B0610
REC00103,CLM00221,CUS00393,PRD00200,Washing Machine,Washer Dryer,Water Leakage,Main Unit,ZenCore,ZEN-WAS-745,SN-47287910,2024-04-27,2026-05-07,2026-04-26,24,Yes,Water Leakage,Internal Component Failure,Customer reports water leakage affecting water leakage.,Not Applicable,Not Applicable,Not Applicable,Household,No,Not Applicable,No,Not Applicable,Not Applicable,Not Applicable,Yes,Yes,Yes,Yes,Yes,Yes,Not Applicable,Not Applicable,Not Applicable,Not Applicable,Not Applicable,Not Applicable,Not Applicable,No,0,Not Applicable,No,Not Applicable,Yes,Yes,No,No,No,0,2136.18,286.42,0.0,0.871,Service Center,Valid Claim,Chrome,36,System,0.92728,B0483
REC00443,CLM00621,CUS00162,PRD00128,Camera,Compact,Lens,Lens,PrimeView,PRI-CAM-840,SN-77782014,2021-12-12,2024-08-19,2024-08-09,24,No,Battery Problem,Manufacturing Defect,Customer reports battery problem affecting lens.,Yes,No,Yes,Not Applicable,Not Applicable,Not Applicable,Not Applicable,Not Applicable,Not Applicable,Not Applicable,No,Yes,Yes,Yes,Yes,Yes,Not Applicable,Not Applicable,Not Applicable,Not Applicable,Yes,Not Applicable,Not Applicable,No,0,Not Applicable,No,Not Applicable,Yes,Yes,No,No,No,1,452.47,129.89,0.0,,Email,Invalid Claim,Firefox,24,Light,-0.88003,B0517
REC01302,CLM00673,CUS00091,PRD00650,Air Conditioner,Portable,Indoor Unit,Main Unit,Aster,AST-AIR-110,SN-80521823,2021-06-10,2024-02-15,2024-02-10,24,No,Cooling Failure,Improper Voltage Supply,Customer reports cooling failure affecting indoor unit.,Not Applicable,Not Applicable,Not Applicable,Not Applicable,No,Not Applicable,Not Applicable,No,Indoor Unit,Not Applicable,No,Yes,Yes,Yes,Yes,Yes,Yes,Not Applicable,Not Applicable,Not Applicable,Not Applicable,Not Applicable,Yes,Yes,1,Yes,No,Not Applicable,Yes,Yes,No,No,No,0,2527.85,1296.96,260.33,0.746,Mobile App,Invalid Claim,Firefox,38,System,-0.36902,B0367
REC00256,CLM00127,CUS00201,PRD00254,Smartphone,Standard Smartphone,Phone,Main Unit,NovaTech,NOV-SMA-174,SN-56460581,2024-06-07,2025-04-24,2025-04-08,12,No,Battery Problem,Electrical Failure,Customer reports battery problem affecting phone.,No,No,Unknown,Not Applicable,Not Applicable,Not Applicable,Not Applicable,Not Applicable,Not Applicable,Not Applicable,Yes,Yes,No,Yes,Yes,Yes,Not Applicable,Not Applicable,Not Applicable,Not Applicable,Not Applicable,Not Applicable,Yes,Yes,1,No,No,Not Applicable,Yes,Yes,No,No,No,1,1790.22,1040.21,72.94,0.73,Email,Invalid Claim,Chrome,3,Light,-0.01146,B0326
REC01274,CLM00983,CUS00289,PRD00600,Smartphone,Standard Smartphone,Phone,Main Unit,Aster,AST-SMA-417,SN-57532107,2025-07-25,2026-01-04,2025-12-25,12,No,Display Failure,Manufacturing Defect,Customer reports display failure affecting phone.,No,No,Not Applicable,Not Applicable,Not Applicable,Not Applicable,Not Applicable,Not Applicable,Not Applicable,Not Applicable,Yes,Yes,No,Yes,Yes,Yes,Not Applicable,Not Applicable,Not Applicable,Not Applicable,Not Applicable,Not Applicable,Not Applicable,No,0,Not Applicable,Yes,Yes,Yes,Yes,No,No,No,0,1097.65,423.07,0.0,0.839,Service Center,Valid Claim,Chrome,18,Dark,-0.86516,B0047
REC01160,CLM01459,CUS00104,PRD00734,Printer,Inkjet,Power,Main Unit,HomePro,HOM-PRI-870,SN-40002932,2026-01-27,2026-08-18,2026-08-11,12,No,Power Failure,Electrical Failure,Customer reports power failure affecting power.,Not Applicable,Not Applicable,Not Applicable,Not Applicable,No,Not Applicable,No,Not Applicable,Not Applicable,Unknown,Yes,Yes,No,Yes,No,No,Not Applicable,Not Applicable,Not Applicable,Not Applicable,Not Applicable,Yes,Not Applicable,No,0,Not Applicable,No,Not Applicable,Yes,Yes,No,No,no,1,882.56,485.43,0.0,0.925,Service Center,Manual Review,Safari,59,Dark,-1.8432,B0572
REC01260,CLM01029,CUS00043,PRD00735,Smartphone,Foldable Smartphone,Battery,Battery,NovaTech,NOV-SMA-915,SN-14632377,2023-09-22,2024-07-14,2024-07-04,12,No,Battery Problem,Internal Component Failure,Customer reports battery problem affecting battery.,No,No,Yes,Not Applicable,Not Applicable,Not Applicable,Not Applicable,Not Applicable,Not Applicable,Not Applicable,Yes,Yes,No,No,Yes,Yes,Not Applicable,Yes,Not Applicable,Not Applicable,Not Applicable,Not Applicable,Not Applicable,No,0,Not Applicable,Yes,No,Yes,Yes,No,No,No,0,768.59,434.3,0.0,0.727,Mobile App,Valid Claim,Edge,50,System,-0.70121,B0356
REC01089,CLM00882,CUS00659,PRD00480,Television,LED,Connection,Display Panel,PrimeView,PRI-TEL-907,SN-51372238,2024-02-27,2025-10-04,2025-09-19,24,No,Connectivity Issue,Internal Component Failure,Customer reports connectivity issue affecting connection.,No,Not Applicable,Not Applicable,Not Applicable,Not Applicable,No,Not Applicable,Not Applicable,Not Applicable,Not Applicable,Yes,Yes,No,Yes,Yes,Yes,Not Applicable,Not Applicable,Yes,Not Applicable,Not Applicable,Not Applicable,No,Yes,1,Yes,No,Not Applicable,Unknown,Yes,No,No,No,0,535.37,256.65,536.94,0.878,Service Center,Manual Review,Firefox,2,System,-0.83065,B0785
REC00861,CLM00963,CUS00639,PRD00895,Television,LED,Not Sure,Main Unit,HomePro,HOM-TEL-915,SN-57366830,2023-06-02,2026-02-18,2026-02-03,24,No,Connectivity Issue,Electrical Failure,Customer reports connectivity issue affecting not sure.,No,Not Applicable,Not Applicable,Not Applicable,Not Applicable,Yes,Not Applicable,Not Applicable,Not Applicable,Not Applicable,Yes,Yes,No,No,Yes,,Not Applicable,Not Applicable,Not Applicable,Not Applicable,Not Applicable,Not Applicable,Not Applicable,No,0,Not Applicable,No,Not Applicable,Yes,Yes,No,No,No,3,2086.81,1298.78,0.0,0.852,Mobile App,Invalid Claim,MobileWebView,57,System,-1.29819,B0596
REC01387,CLM01455,CUS00102,PRD00326,Laptop,2-in-1,Not Sure,Main Unit,NovaTech,NOV-LAP-774,SN-27083724,2022-09-11,2024-02-24,2024-02-08,24,No,Overheating,Internal Component Failure,Customer reports overheating affecting not sure.,No,No,Not Applicable,Not Applicable,Not Applicable,Not Applicable,Not Applicable,Not Applicable,Not Applicable,Not Applicable,Yes,Yes,Yes,Yes,Yes,Yes,Not Applicable,Not Applicable,Not Applicable,Not Applicable,Not Applicable,Not Applicable,Not Applicable,No,0,Not Applicable,No,Not Applicable,Yes,Yes,No,No,No,1,973.53,424.64,0.0,0.694,Web,Manual Review,MobileWebView,12,Light,-2.53892,B0257
REC01002,CLM01136,CUS00638,PRD00980,Air Conditioner,Portable,Both,Main Unit,Aster,AST-AIR-584,SN-15748134,2024-03-11,2026-01-24,2026-01-03,24,No,Water Leakage,Electrical Failure,Customer reports water leakage affecting both.,Not Applicable,Not Applicable,Not Applicable,Not Applicable,No,Not Applicable,Not Applicable,Yes,Both,Not Applicable,Yes,Yes,Yes,No,Yes,Yes,Yes,Not Applicable,Not Applicable,Not Applicable,Not Applicable,Not Applicable,Not Applicable,No,0,Not Applicable,NO,Not Applicable,Yes,Yes,No,No,No,1,1670.42,1565.67,0.0,0.787,Web,Valid Claim,MobileWebView,7,Light,-0.68955,B0960
REC00822,CLM00504,CUS00462,PRD00424,Camera,DSLR,Camera Body,Camera Body,PrimeView,PRI-CAM-928,SN-32943859,2023-08-05,2025-07-30,2025-07-16,24,No,Lens Failure,Manufacturing Defect,Customer reports lens failure affecting camera body.,No,No,Not Applicable,Not Applicable,Not Applicable,Not Applicable,Not Applicable,Not Applicable,Not Applicable,Not Applicable,Yes,Yes,No,Yes,Yes,Yes,Not Applicable,Not Applicable,Not Applicable,Not Applicable,Not Applicable,Not Applicable,Not Applicable,No,0,Not Applicable,No,Not Applicable,Yes,Yes,No,No,No,0,1070.87,791.5,0.0,0.867,Mobile App,Valid Claim,Chrome,55,Dark,-0.93315,B0052
REC00520,CLM00484,CUS00474,PRD00248,Camera,Mirrorless,Lens,Lens,,AST-CAM-654,SN-88790235,2023-06-11,2024-08-09,2024-08-01,24,No,Connectivity Issue,Misuse,Customer reports connectivity issue affecting lens.,Unknown,No,Not Applicable,Not Applicable,Not Applicable,Not Applicable,Not Applicable,Not Applicable,Not Applicable,Not Applicable,Yes,Yes,No,Yes,No,Yes,Not Applicable,Not Applicable,Not Applicable,Not Applicable,Yes,Not Applicable,,no,0,Not Applicable,No,Not Applicable,Yes,Yes,No,No,Yes,1,505.28,410.24,,0.76,Web,Invalid Claim,Chrome,12,Light,-0.42286,B0368
REC00422,CLM00075,CUS00402,PRD00762,Camera,Action Camera,Camera Body,Camera Body,NovaTech,NOV-CAM-486,SN-44117960,2024-02-22,2026-04-20,2026-04-16,24,Yes,Power Failure,Water Damage,Customer reports power failure affecting camera body.,No,Unknown,Not Applicable,Not Applicable,Not Applicable,Not Applicable,Not Applicable,Not Applicable,Not Applicable,Not Applicable,Yes,Yes,No,Yes,Yes,Yes,Not Applicable,Not Applicable,Not Applicable,Not Applicable,Not Applicable,Not Applicable,Yes,Yes,3,Yes,No,Not Applicable,Yes,Yes,No,No,No,1,2730.59,530.24,267.16,0.94,Web,Invalid Claim,Edge,26,System,-1.30613,B0645
REC01296,CLM00229,CUS00507,PRD00044,Television,LED,Power,Main Unit,HomePro,HOM-TEL-634,SN-66076380,2022-09-12,2024-03-05,2024-02-17,24,No,Power Failure,Manufacturing Defect,Customer reports power failure affecting power.,No,Not Applicable,Not Applicable,Not Applicable,Not Applicable,Yes,Not Applicable,Not Applicable,Not Applicable,Not Applicable,,Yes,Yes,Yes,Yes,Yes,Not Applicable,Not Applicable,Not Applicable,Not Applicable,Not Applicable,Not Applicable,Yes,Yes,1,Yes,No,Not Applicable,Yes,Yes,No,No,No,1,482.91,158.44,592.47,0.948,Service Center,Valid Claim,Edge,10,System,0.78857,B0145
REC00269,CLM00124,CUS00119,PRD00668,Television,Mini-LED,Sound,Main Unit,PrimeView,PRI-TEL-447,SN-33508233,2022-12-05,2025-11-13,2025-10-21,24,Yes,Audio Failure,Manufacturing Defect,Customer reports audio failure affecting sound.,No,Not Applicable,Not Applicable,Not Applicable,Not Applicable,No,Not Applicable,Not Applicable,Not Applicable,Not Applicable,Yes,Yes,No,Yes,Yes,Yes,Not Applicable,Not Applicable,Not Applicable,Not Applicable,Not Applicable,Not Applicable,No,Yes,2,No,No,Not Applicable,Yes,Yes,No,No,No,0,1573.97,,-100.0,,Service Center,Invalid Claim,Firefox,50,System,1.44741,B0707
REC00215,CLM01186,CUS00583,PRD00084,Air Conditioner,Split,Outdoor Unit,Compressor,HomePro,HOM-AIR-491,SN-45791122,2019-03-05,2024-02-15,2024-01-20,60,No,Power Failure,Manufacturing Defect,Customer reports power failure affecting outdoor unit.,Not Applicable,Not Applicable,Not Applicable,Not Applicable,Yes,Not Applicable,Not Applicable,No,Outdoor Unit,Not Applicable,Yes,Yes,No,Yes,Yes,No,Yes,Not Applicable,Not Applicable,Yes,Not Applicable,Not Applicable,Not Applicable,No,0,Not Applicable,No,Not Applicable,Yes,Yes,No,No,No,0,1958.95,458.69,0.0,0.988,Service Center,Manual Review,Edge,22,Light,-0.73056,B0794
REC01319,CLM00158,CUS00077,PRD00146,Printer,Laser,Paper Feed,Main Unit,HomePro,HOM-PRI-238,SN-96418344,2023-08-07,2024-07-21,2024-07-10,12,No,Paper Feed Failure,Electrical Failure,Customer reports paper feed failure affecting paper feed.,Not Applicable,Not Applicable,Not Applicable,Not Applicable,No,Not Applicable,No,Not Applicable,Not Applicable,Original,Yes,Yes,Yes,Yes,Yes,Yes,Not Applicable,Not Applicable,Not Applicable,Not Applicable,Not Applicable,Yes,Not Applicable,No,0,Not Applicable,No,Not Applicable,Yes,Y,No,No,No,0,350.93,117.73,0.0,0.928,Service Center,Valid Claim,MobileWebView,49,Dark,-0.79804,B0584
REC01322,CLM01164,CUS00300,PRD00480, Refrigerator ,Single Door,Power,Main Unit,ZenCore,ZEN-REF-108,SN-80800582,2022-05-02,2024-03-30,2024-03-21,24,No,Power Failure,Manufacturing Defect,Customer reports power failure affecting power.,Not Applicable,Not Applicable,Not Applicable,Household,Unknown,Not Applicable,Not Applicable,Not Applicable,Not Applicable,Not Applicable,Yes,Yes,Yes,Yes,No,Yes,Not Applicable,Not Applicable,Not Applicable,Not Applicable,Not Applicable,Not Applicable,Not Applicable,No,0,Not Applicable,No,Not Applicable,Yes,Yes,No,No,No,0,2788.34,1304.11,0.0,0.957,Mobile App,Manual Review,Edge,46,Light,-1.49234,B0976
REC00303,CLM00366,CUS00068,PRD00104,Washing Machine,Top Load,Noise,Main Unit,PrimeView,PRI-WAS-512,SN-89493126,2023-07-16,2026-03-10,2026-03-09,24,No,Noise,Electrical Failure,Customer reports noise affecting noise.,Not Applicable,Not Applicable,Not Applicable,Household,Yes,Not Applicable,No,Not Applicable,Not Applicable,Not Applicable,Yes,Yes,Yes,Yes,Yes,Yes,Not Applicable,Not Applicable,Not Applicable,Not Applicable,Not Applicable,Not Applicable,No,Yes,3,Yes,No,Not Applicable,Yes,Yes,No,No,No,3,1926.47,475.71,638.18,0.842,Mobile App,Invalid Claim,MobileWebView,2,System,-0.41904,B0451
REC00074,CLM00365,CUS00239,PRD00069,Laptop,Gaming Laptop,Device,Main Unit,NovaTech,NOV-LAP-265,SN-58124275,2023-05-24,2024-06-25,2024-06-02,24,No,Battery Problem,Electrical Failure,Customer reports battery problem affecting device.,No,No,Yes,Not Applicable,Not Applicable,Not Applicable,Not Applicable,Not Applicable,Not Applicable,Not Applicable,Yes,Yes,Yes,Yes,,Yes,Not Applicable,Not Applicable,Not Applicable,Not Applicable,Not Applicable,Not Applicable,No,Yes,1,Yes,No,Not Applicable,Yes,Yes,No,No,Yes,0,1937.75,317.61,547.21,0.769,Mobile App,Manual Review,Firefox,17,System,-2.81682,B0927
REC00271,CLM01123,CUS00006,PRD00983,Smartphone,Standard Smartphone,Phone,Main Unit,PrimeView,PRI-SMA-683,SN-52533225,2024-05-07,2025-03-20,2025-03-10,12,No,Display Failure,Internal Component Failure,Customer reports display failure affecting phone.,No,No,Not Applicable,Not Applicable,Not Applicable,Not Applicable,Not Applicable,Not Applicable,Not Applicable,Not Applicable,Yes,Yes,Yes,Yes,Yes,Yes,Not Applicable,Not Applicable,Not Applicable,Not Applicable,Not Applicable,Not Applicable,Not Applicable,No,0,Not Applicable,No,Not Applicable,Yes,Yes,No,No,No,2,1049.37,813.79,0.0,0.885,Web,Valid Claim,Chrome,45,System,0.13119,B0178
REC00571,CLM00326,CUS00259,PRD00581,Printer,Thermal,Paper Feed,Main Unit,HomePro,HOM-PRI-661,SN-70602852,2026-01-24,2026-08-15,2026-07-25,12,No,Paper Feed Failure,Manufacturing Defect,Customer reports paper feed failure affecting paper feed.,Not Applicable,Not Applicable,Not Applicable,Not Applicable,No,Not Applicable,No,Not Applicable,Not Applicable,Original,Yes,No,Yes,Yes,,Yes,Not Applicable,Not Applicable,Not Applicable,Not Applicable,Not Applicable,No,Not Applicable,No,0,Not Applicable,No,Not Applicable,Yes,Yes,No,No,No,0,785.87,611.81,0.0,0.82,Web,Manual Review,MobileWebView,26,Light,0.27472,B0386
REC00229,CLM00903,CUS00149,PRD00867,Printer,Thermal,Connection,Main Unit,PrimeView,PRI-PRI-430,SN-14156123,2025-04-09,2026-04-18,2026-04-09,12,No,Connectivity Issue,Internal Component Failure,Customer reports connectivity issue affecting connection.,Not Applicable,Not Applicable,Not Applicable,Not Applicable,Yes,Not Applicable,No,Not Applicable,Not Applicable,Original,Yes,Yes,No,Yes,Yes,Yes,Not Applicable,Not Applicable,Not Applicable,Not Applicable,Not Applicable,No,Not Applicable,No,0,Not Applicable,No,Not Applicable,Yes,Yes,No,No,N,0,584.89,360.38,0.0,0.892,Mobile App,Invalid Claim,Chrome,24,Light,0.36532,B0463
REC00251,CLM00456,CUS00599,PRD00781,Laptop,Gaming Laptop,Device,Main Unit,ZenCore,ZEN-LAP-605,SN-94362786,2023-06-26,2025-06-18,2025-05-20,24,No,Power Failure,Manufacturing Defect,Customer reports power failure affecting device.,No,No,Not Applicable,Not Applicable,Not Applicable,Not Applicable,Not Applicable,Not Applicable,Not Applicable,Not Applicable,Yes,Yes,No,Yes,Yes,Yes,Not Applicable,Not Applicable,Not Applicable,Not Applicable,Not Applicable,Not Applicable,Not Applicable,No,0,Not Applicable,No,Not Applicable,Yes,Yes,No,No,No,0,2438.16,,,0.781,Service Center,Valid Claim,Chrome,24,System,-0.10816,B0898
REC00606,CLM00810,CUS00177,PRD00025,Smartphone,Foldable Smartphone,Charger,Charger,,NOV-SMA-665,SN-78736939,2024-10-28,2025-01-26,2025-01-15,6,No,Display Failure,Water Damage,Customer reports display failure affecting charger.,No,Yes,Not Applicable,Not Applicable,Not Applicable,Not Applicable,Not Applicable,Not Applicable,Not Applicable,Not Applicable,Yes,Yes,No,Yes,Yes,Yes,Not Applicable,Not Applicable,Not Applicable,Not Applicable,Not Applicable,Not Applicable,Not Applicable,No,0,Not Applicable,Yes,Yes,Yes,Yes,No,No,No,1,1281.19,358.0,0.0,0.985,Mobile App,Invalid Claim,Safari,49,Light,-0.64795,B0647
REC01022,CLM01344,CUS00317,PRD00366,Refrigerator,French Door,Power,Main Unit,HomePro,HOM-REF-958,SN-66294512,2023-11-17,2025-08-07,2025-07-21,24,No,Power Failure,Manufacturing Defect,Customer reports power failure affecting power.,Not Applicable,Not Applicable,Not Applicable,Household,Yes,Not Applicable,Not Applicable,Not Applicable,Not Applicable,Not Applicable,No,Yes,Yes,Yes,Yes,Yes,Not Applicable,Not Applicable,Not Applicable,Not Applicable,Not Applicable,Not Applicable,Not Applicable,No,0,Not Applicable,No,Not Applicable,Yes,Yes,No,No,No,2,1056.21,607.63,0.0,0.769,Mobile App,Valid Claim,Firefox,4,System,0.50101,B0688
REC00777,CLM00538,CUS00113,PRD00211,Printer,Thermal,Ink or Toner,Ink Or Toner,PrimeView,PRI-PRI-302,SN-57862665,2023-10-08,2024-06-02,2024-05-24,0,No,Mechanical Failure,Electrical Failure,Customer reports mechanical failure affecting ink or toner.,Not Applicable,Not Applicable,Not Applicable,Not Applicable,No,Not Applicable,Yes,Not Applicable,Not Applicable,Original,Yes,Yes,Yes,Yes,,Yes,Not Applicable,Not Applicable,Not Applicable,Not Applicable,Not Applicable,Yes,,Yes,1,Yes,No,Not Applicable,Yes,Yes,No,No,No,0,978.76,849.99,416.66,0.776,Web,Invalid Claim,Firefox,13,Dark,-0.3379,B0265
REC00558,CLM01128,CUS00115,PRD00844,Television,LED,Power,Main Unit,HomePro,HOM-TEL-841,SN-38600697,2024-11-05,2026-07-23,2026-07-15,24,No,Power Failure,Manufacturing Defect,Customer reports power failure affecting power.,Yes,Not Applicable,Not Applicable,Not Applicable,Not Applicable,Yes,Not Applicable,Not Applicable,Not Applicable,Not Applicable,Yes,Yes,No,Yes,Yes,Yes,Not Applicable,Not Applicable,Not Applicable,Not Applicable,Not Applicable,Not Applicable,Yes,Yes,2,Yes,No,Not Applicable,Yes,Yes,No,No,No,1,1710.12,716.22,188.19,0.912,Mobile App,Valid Claim,Safari,52,Dark,-0.37737,B0727
REC00480,CLM01352,CUS00407,PRD00219,Washing Machine,Front Load,Not Sure,Motor,HomePro,HOM-WAS-233,SN-95351949,2015-10-13,2025-02-23,2025-02-17,120,No,Mechanical Failure,Electrical Failure,Customer reports mechanical failure affecting not sure.,Not Applicable,Not Applicable,Not Applicable,Other,No,Not Applicable,No,Not Applicable,Not Applicable,Not Applicable,Yes,Yes,Yes,Yes,,Yes,Not Applicable,Not Applicable,Not Applicable,Yes,Not Applicable,Not Applicable,Not Applicable,No,0,Not Applicable,No,Not Applicable,Yes,No,No,No,No,2,1718.52,559.73,0.0,0.68,Web,Manual Review,MobileWebView,46,Light,0.59916,B0398
REC00873,CLM00914,CUS00523,PRD00051,Printer,Laser,Paper Feed,Print Head,PrimeView,PRI-PRI-297,SN-24768586,2025-11-02,2026-05-28,2026-05-25,12,No,Paper Feed Failure,Physical Damage,Customer reports paper feed failure affecting paper feed.,Not Applicable,Not Applicable,Not Applicable,Not Applicable,No,Not Applicable,No,Not Applicable,Not Applicable,Original,Yes,Yes,Yes,Yes,Yes,Yes,Not Applicable,Not Applicable,Not Applicable,Not Applicable,Not Applicable,Yes,Not Applicable,No,0,Not Applicable,No,Not Applicable,Yes,Yes,No,No,Yes,1,820.56,285.56,0.0,0.864,Web,Invalid Claim,Safari,34,Light,0.38325,B0314
REC00368,CLM01449,CUS00276,PRD00248,Refrigerator,Single Door,Not Sure,Main Unit,ZenCore,ZEN-REF-185,SN-87579509,2022-08-13,2024-07-14,2024-06-15,24,No,Water Leakage,Manufacturing Defect,Customer reports water leakage affecting not sure.,Not Applicable,Not Applicable,Not Applicable,Household,Yes,Not Applicable,Not Applicable,Not Applicable,Not Applicable,Not Applicable,Yes,Yes,Yes,Yes,No,Yes,Not Applicable,Not Applicable,Not Applicable,Not Applicable,Not Applicable,Not Applicable,,No,0,Not Applicable,No,Not Applicable,Yes,Yes,No,No,No,0,680.39,441.22,0.0,0.929,Email,Manual Review,Chrome,44,System,-1.372,B0607
REC00184,CLM00309,CUS00271,PRD00081,Refrigerator,Double Door,Power,Main Unit,ZenCore,ZEN-REF-792,SN-83470214,2023-07-14,2024-09-02,2024-08-24,24,No,Power Failure,Accidental Damage,Customer reports power failure affecting power.,Not Applicable,Not Applicable,Not Applicable,Household,Yes,Not Applicable,Not Applicable,Not Applicable,Not Applicable,Not Applicable,Yes,Yes,Yes,Yes,Yes,Yes,Not Applicable,Not Applicable,Not Applicable,Not Applicable,Not Applicable,Not Applicable,,No,0,Not Applicable,No,Not Applicable,Yes,Yes,No,No,No,0,1360.65,669.94,0.0,0.976,Email,Invalid Claim,Chrome,49,System,-1.35193,B0695
REC01083,CLM00247,CUS00116,PRD00865,Smartphone,Foldable Smartphone,Not Sure,Main Unit,NovaTech,NOV-SMA-817,SN-64997360,2023-01-16,2024-12-05,2024-11-11,12,Yes,Display Failure,Internal Component Failure,Customer reports display failure affecting not sure.,No,No,Not Applicable,Not Applicable,Not Applicable,Not Applicable,Not Applicable,Not Applicable,Not Applicable,Not Applicable,Yes,No,Yes,Yes,Yes,Yes,Not Applicable,Not Applicable,Not Applicable,Not Applicable,Not Applicable,Not Applicable,Not Applicable,No,0,Not Applicable,No,Not Applicable,Yes,Yes,No,No,No,0,802.3,280.19,0.0,0.787,Service Center,Valid Claim,Safari,32,System,-1.00032,B0686
REC-DUP-0014,CLM01041,CUS00179,PRD00416,Washing Machine,Washer Dryer,Washing,Motor,ZenCore,ZEN-WAS-781,SN-67101636,2015-10-21,2025-10-04,2025-09-04,120,No,Mechanical Failure,Manufacturing Defect,Customer reports mechanical failure affecting washing.,Not Applicable,Not Applicable,Not Applicable,Household,No,Not Applicable,Yes,Not Applicable,Not Applicable,Not Applicable,Yes,Yes,No,Yes,No,Yes,Not Applicable,Not Applicable,Not Applicable,Yes,Not Applicable,Not Applicable,Not Applicable,No,0,Not Applicable,No,Not Applicable,Yes,Yes,No,No,No,2,946.75,421.02,0.0,0.871,Service Center,Manual Review,Firefox,59,System,1.24728,B0857
REC01273,CLM00491,CUS00417,PRD00373,Washing Machine,Top Load,Noise,Main Unit,HomePro,HOM-WAS-808,SN-34824899,2022-11-22,2025-08-26,2025-08-19,24,No,Noise,Normal Wear,Customer reports noise affecting noise.,Not Applicable,Not Applicable,Not Applicable,Household,No,Not Applicable,No,Not Applicable,Not Applicable,Not Applicable,,Yes,No,Yes,,Yes,Not Applicable,Not Applicable,Not Applicable,Not Applicable,Not Applicable,Not Applicable,Not Applicable,No,0,Not Applicable,Yes,Yes,Yes,Yes,No,No,No,1,1053.51,657.02,0.0,0.766,Email,Invalid Claim,Safari,39,System,-0.01641,B0883
REC01327,CLM01323,CUS00492,PRD00895,Printer,Inkjet,Power,Print Head,NovaTech,NOV-PRI-468,SN-46373360,2024-04-03,2024-10-24,2024-10-23,12,No,Power Failure,Internal Component Failure,Customer reports power failure affecting power.,Not Applicable,Not Applicable,Not Applicable,Not Applicable,No,Not Applicable,Unknown,Not Applicable,Not Applicable,Original,Yes,Yes,Yes,Yes,No,Yes,Not Applicable,Not Applicable,Not Applicable,Not Applicable,Not Applicable,Yes,Not Applicable,No,0,Not Applicable,No,Not Applicable,Yes,Yes,No,No,No,0,229.63,139.82,0.0,0.504,Service Center,Manual Review,MobileWebView,58,System,0.16387,B0964
REC00737,CLM00492,CUS00471,PRD00306,Smartphone,Foldable Smartphone,Battery,Battery,NovaTech,NOV-SMA-379,SN-14149801,2023-01-09,2024-01-05,2023-12-31,12,No,Display Failure,Electrical Failure,Customer reports display failure affecting battery.,Yes,No,Yes,Not Applicable,Not Applicable,Not Applicable,Not Applicable,Not Applicable,Not Applicable,Not Applicable,Yes,Yes,Yes,Yes,Yes,,Not Applicable,Yes,Not Applicable,Not Applicable,Not Applicable,Not Applicable,Not Applicable,No,0,Not Applicable,No,Not Applicable,Yes,Yes,No,No,No,0,700.62,496.11,0.0,0.959,Mobile App,Valid Claim,Firefox,57,Light,-0.32176,B0304
REC01258,CLM00932,CUS00308,PRD00548,Camera,Mirrorless,Lens,Lens,NovaTech,NOV-CAM-859,SN-55984491,2023-02-06,2024-08-01,2024-07-01,24,No,Power Failure,Internal Component Failure,Customer reports power failure affecting lens.,No,No,Not Applicable,Not Applicable,Not Applicable,Not Applicable,Not Applicable,Not Applicable,Not Applicable,Not Applicable,Yes,Yes,Yes,Yes,Yes,Yes,Not Applicable,Not Applicable,Not Applicable,Not Applicable,Yes,Not Applicable,Not Applicable,No,0,Not Applicable,No,Not Applicable,Yes,Yes,No,No,No,1,863.55,553.05,0.0,0.987,Mobile App,Invalid Claim,Firefox,51,System,-2.4785,B0800
REC00177,CLM00534,CUS00560,PRD00955,Laptop,Gaming Laptop,Device,Main Unit,NovaTech,NOV-LAP-590,SN-90532639,2023-10-23,2024-10-29,2024-10-21,24,No,Display Failure,Accidental Damage,Customer reports display failure affecting device.,Yes,No,Not Applicable,Not Applicable,Not Applicable,Not Applicable,Not Applicable,Not Applicable,Not Applicable,Not Applicable,Yes,Yes,Yes,Yes,Yes,Yes,Not Applicable,Not Applicable,Not Applicable,Not Applicable,Not Applicable,Not Applicable,Yes,Yes,1,Yes,Yes,Yes,Yes,Yes,No,No,No,0,579.59,63.3,54.69,0.77,Email,Invalid Claim,MobileWebView,26,Dark,1.63872,B0744
REC01058,CLM01242,CUS00133,PRD00209,Refrigerator,Side-by-Side,Cooling,Main Unit,Aster,AST-REF-706,SN-62822244,2025-05-31,2026-06-24,2026-06-13,24,No,Cooling Failure,Manufacturing Defect,Customer reports cooling failure affecting cooling.,Not Applicable,Not Applicable,Not Applicable,Household,No,Not Applicable,Not Applicable,Not Applicable,Not Applicable,Not Applicable,No,Yes,Yes,Yes,Yes,Yes,Not Applicable,Not Applicable,Not Applicable,Not Applicable,Not Applicable,Not Applicable,Not Applicable,No,0,Not Applicable,No,Not Applicable,Yes,Yes,No,No,Yes,0,2428.55,1772.4,0.0,0.76,Web,Manual Review,Chrome,23,System,-0.46809,B0035
REC01266,CLM00835,CUS00104,PRD00073,Printer,Thermal,Power,Main Unit,NovaTech,NOV-PRI-528,SN-13199974,2024-03-04,2025-02-24,2025-02-21,12,No,Power Failure,Internal Component Failure,Customer reports power failure affecting power.,Not Applicable,Not Applicable,Not Applicable,Not Applicable,No,Not Applicable,No,Not Applicable,Not Applicable,Original,Yes,Yes,Yes,Yes,Yes,Yes,Not Applicable,Not Applicable,Not Applicable,Not Applicable,Not Applicable,No,Not Applicable,No,0,Not Applicable,No,Not Applicable,Yes,Yes,No,No,No,1,920.59,250.21,0.0,0.736,Mobile App,Manual Review,Firefox,11,System,0.12368,B0313
REC01129,CLM01304,CUS00476,PRD00909,Camera,DSLR,Not Sure,Lens,NovaTech,NOV-CAM-145,SN-34930434,2024-12-03,2026-04-12,2026-03-29,24,No,Battery Problem,Internal Component Failure,Customer reports battery problem affecting not sure.,No,No,No,Not Applicable,Not Applicable,Not Applicable,Not Applicable,Not Applicable,Not Applicable,Not Applicable,Yes,Yes,Yes,Yes,Yes,No,Not Applicable,Not Applicable,Not Applicable,Not Applicable,Yes,Not Applicable,Not Applicable,No,0,Not Applicable,No,Not Applicable,Yes,Yes,No,No,No,1,3311.65,,0.0,0.794,Service Center,Manual Review,MobileWebView,24,Dark,-0.41076,B0981
REC00505,CLM01431,CUS00168,PRD00615,camera,Action Camera,Camera Body,Camera Body,Aster,AST-CAM-760,SN-52512964,2023-07-19,2024-12-22,2024-12-15,24,N,Connectivity Issue,Electrical Failure,Customer reports connectivity issue affecting camera body.,No,No,Not Applicable,Not Applicable,Not Applicable,Not Applicable,Not Applicable,Not Applicable,Not Applicable,Not Applicable,Yes,Yes,No,Yes,Yes,Yes,Not Applicable,Not Applicable,Not Applicable,Not Applicable,Not Applicable,Not Applicable,Not Applicable,No,0,Not Applicable,No,Not Applicable,Unknown,Yes,No,No,No,1,1964.58,1794.35,0.0,0.76,Web,Manual Review,Safari,57,Light,0.5852,B0752
REC00392,CLM00724,CUS00109,PRD00466,Air Conditioner,Window,Indoor Unit,Main Unit,HomePro,HOM-AIR-737,SN-78644705,2024-01-31,2025-09-17,2025-08-29,24,No,Water Leakage,Normal Wear,Customer reports water leakage affecting indoor unit.,Not Applicable,Not Applicable,Not Applicable,Not Applicable,Yes,Not Applicable,Not Applicable,No,Indoor Unit,Not Applicable,Yes,No,No,Yes,Yes,No,Yes,Not Applicable,Not Applicable,Not Applicable,Not Applicable,Not Applicable,,Yes,1,Yes,No,Not Applicable,Yes,Yes,No,No,No,0,891.59,492.33,282.37,0.741,Service Center,Invalid Claim,MobileWebView,11,System,-1.00709,B0413
REC01107,CLM01269,CUS00349,PRD00649,Smartphone,Rugged Smartphone,Phone,Main Unit,NovaTech,NOV-SMA-547,SN-69356078,2024-08-26,2025-11-13,2025-11-10,12,Yes,Connectivity Issue,Electrical Failure,Customer reports connectivity issue affecting phone.,No,No,Not Applicable,Not Applicable,Not Applicable,Not Applicable,Not Applicable,Not Applicable,Not Applicable,Not Applicable,Yes,Yes,No,,Yes,Yes,Not Applicable,Not Applicable,Not Applicable,Not Applicable,Not Applicable,Not Applicable,Not Applicable,No,0,Not Applicable,No,Not Applicable,Yes,Yes,No,No,No,1,1693.07,1464.27,0.0,0.747,Mobile App,Valid Claim,Safari,14,Dark,0.3959,B0349
REC01069,CLM01026,CUS00345,PRD00886,Camera,Compact,Camera Body,Camera Body,Aster,AST-CAM-722,SN-68856782,2023-09-03,2025-04-28,2025-04-10,24,No,Lens Failure,Internal Component Failure,Customer reports lens failure affecting camera body.,No,No,Not Applicable,Not Applicable,Not Applicable,Not Applicable,Not Applicable,Not Applicable,Not Applicable,Not Applicable,Yes,Yes,No,Yes,Yes,Yes,Not Applicable,Not Applicable,Not Applicable,Not Applicable,Not Applicable,Not Applicable,Not Applicable,No,0,Not Applicable,No,Not Applicable,Yes,Yes,No,No,No,1,3246.28,819.17,0.0,0.727,Web,Valid Claim,Edge,57,System,1.22589,B0445
REC00206,CLM01378,CUS00152,PRD00490,Air Conditioner,Portable,Both,Compressor,HomePro,HOM-AIR-411,SN-83721668,2021-08-23,2025-11-08,2025-10-19,60,No,Noise,Electrical Failure,Customer reports noise affecting both.,Not Applicable,Not Applicable,Not Applicable,Not Applicable,No,Not Applicable,Not Applicable,No,Both,Not Applicable,Yes,Yes,No,Yes,Yes,No,Yes,Not Applicable,Not Applicable,Yes,Not Applicable,Not Applicable,Not Applicable,No,0,Not Applicable,No,Not Applicable,Yes,Yes,No,No,No,1,2572.46,1867.84,0.0,0.956,Web,Manual Review,MobileWebView,40,Dark,-0.22387,B0477
REC00768,CLM00227,CUS00658,PRD00844,Washing Machine,Front Load,Water Leakage,Main Unit,PrimeView,PRI-WAS-688,SN-22948176,2022-11-14,2024-10-10,2024-10-03,24,No,Water Leakage,Manufacturing Defect,Customer reports water leakage affecting water leakage.,Not Applicable,Not Applicable,Not Applicable,Household,Yes,Not Applicable,Yes,Not Applicable,Not Applicable,Not Applicable,Yes,,No,Yes,Yes,Yes,Not Applicable,Not Applicable,Not Applicable,Not Applicable,Not Applicable,Not Applicable,Not Applicable,No,0,Not Applicable,No,Not Applicable,Yes,Yes,No,No,No,0,1657.64,508.95,0.0,0.993,Web,Valid Claim,Safari,12,System,-2.13411,B0033
REC01265,CLM00692,CUS00216,PRD00821,Air Conditioner,Window,Not Sure,Main Unit,Aster,AST-AIR-604,SN-21645230,2023-01-06,2024-08-07,2024-08-03,24,No,Power Failure,Water Damage,Customer reports power failure affecting not sure.,Not Applicable,Not Applicable,Not Applicable,Not Applicable,Yes,Not Applicable,Not Applicable,No,Not Sure,Not Applicable,No,Yes,Yes,Yes,Yes, Yes ,Yes,Not Applicable,Not Applicable,Not Applicable,Not Applicable,Not Applicable,Not Applicable,No,0,Not Applicable,No,Not Applicable,Yes,Yes,No,No,No,2,1589.55,1208.8,,0.912,Email,Invalid Claim,Firefox,23,Light,1.96614,B0282
REC01486,CLM00783,CUS00420,PRD00763,Laptop,2-in-1,Battery,Battery,NovaTech,NOV-LAP-111,SN-56808926,2023-08-05,2024-08-01,2024-07-24,12,No,Connectivity Issue,Electrical Failure,Customer reports connectivity issue affecting battery.,No,No,No,Not Applicable,Not Applicable,Not Applicable,Not Applicable,Not Applicable,Not Applicable,Not Applicable,Yes,,Yes,,Yes,Yes,Not Applicable,No,Not Applicable,Not Applicable,Not Applicable,Not Applicable,Not Applicable,No,0,Not Applicable,Yes,Yes,Yes,Yes,No,No,No,1,1261.48,828.46,0.0,0.867,Service Center,Manual Review,MobileWebView,37,Light,0.18074,B0533
REC00348,CLM00384,CUS00594,PRD00730,Television,OLED,Connection,Main Unit,PrimeView,PRI-TEL-317,SN-57327515,2022-06-22,2025-07-06,2025-06-26,24,Yes,Connectivity Issue,Manufacturing Defect,Customer reports connectivity issue affecting connection.,No,Not Applicable,Not Applicable,Not Applicable,Not Applicable,No,Not Applicable,Not Applicable,Not Applicable,Not Applicable,Yes,Yes,Yes,Yes,Yes,Yes,Not Applicable,Not Applicable,Not Applicable,Not Applicable,Not Applicable,Not Applicable,Yes,Yes,2,YES,No,Not Applicable,No,Yes,No,No,No,0,2608.18,348.42,60.45,0.761,Service Center,Invalid Claim,Safari,9,Light,0.20801,B0244
REC01376,CLM00436,CUS00217,PRD00887,Smartphone,Foldable Smartphone,Phone,Main Unit,NovaTech,NOV-SMA-519,SN-74255182,2023-06-24,2024-02-05,2024-02-02,12,No,Connectivity Issue,Normal Wear,Customer reports connectivity issue affecting phone.,No,No,Not Applicable,Not Applicable,Not Applicable,Not Applicable,Not Applicable,Not Applicable,Not Applicable,Not Applicable,No,,Yes,yes,Yes,Yes,Not Applicable,Not Applicable,Not Applicable,Not Applicable,Not Applicable,Not Applicable,Not Applicable,No,0,Not Applicable,No,Not Applicable,Unknown,Yes,No,No,No,1,364.52,181.85,0.0,0.925,Service Center,Invalid Claim,Firefox,10,System,-0.35827,B0884
REC00782,CLM00253,CUS00611,PRD00822,Smartphone,Foldable Smartphone,Phone,Main Unit,Aster,AST-SMA-769,SN-92772192,2025-07-12,2025-12-03,2025-11-25,12,No,Overheating,Electrical Failure,Customer reports overheating affecting phone.,No,No,Not Applicable,Not Applicable,Not Applicable,Not Applicable,Not Applicable,Not Applicable,Not Applicable,Not Applicable,Yes,No,No,Yes,Yes,No,Not Applicable,Not Applicable,Not Applicable,Not Applicable,Not Applicable,Not Applicable,Not Applicable,No,0,Not Applicable,No,Not Applicable,Yes,Yes,No,No,No,1,599.99,490.48,0.0,0.885,Mobile App,Manual Review,Firefox,35,Dark,1.73791,B0833
REC00716,CLM00825,CUS00661,PRD00626,Washing Machine,Washer Dryer,Power,Main Unit,HomePro,HOM-WAS-575,SN-91910338,2022-11-13,2024-04-20,2024-04-11,24,No,Power Failure,Electrical Failure,Customer reports power failure affecting power.,Not Applicable,Not Applicable,Not Applicable,Household,No,Not Applicable,No,Not Applicable,Not Applicable,Not Applicable,Yes,Yes,No,Yes,No,No,Not Applicable,Not Applicable,Not Applicable,Not Applicable,Not Applicable,Not Applicable,Not Applicable,No,0,Not Applicable,No,Not Applicable,Yes,Yes,No,No,No,0,451.76,366.18,0.0,0.786,Mobile App,Manual Review,Firefox,22,Dark,0.13588,B0976
REC00877,CLM00953,CUS00515,PRD00610,Laptop,Consumer Laptop,Battery,Battery,Aster,AST-LAP-579,SN-72991802,2025-05-06,2026-04-18,2026-03-09,12,No,Display Failure,Manufacturing Defect,Customer reports display failure affecting battery.,No,No,Unknown,Not Applicable,Not Applicable,Not Applicable,Not Applicable,Not Applicable,Not Applicable,Not Applicable,Yes,,No,Yes,Yes,No,Not Applicable,Yes,Not Applicable,Not Applicable,Not Applicable,Not Applicable,Not Applicable,No,0,Not Applicable,No,Not Applicable,Yes,Yes,No,No,No,1,2192.9,1915.17,0.0,0.782, Mobile App ,Invalid Claim,Safari,5,Light,-0.44803,B0088
REC00730,CLM00404,CUS00418,PRD00236,Washing Machine,Top Load,Power,Main Unit,ZenCore,ZEN-WAS-286,SN-68995046,2023-10-02,2024-10-26,2024-10-13,24,No,Power Failure,Electrical Failure,Customer reports power failure affecting power.,Not Applicable,Not Applicable,Not Applicable,Household,No,Not Applicable,No,Not Applicable,Not Applicable,Not Applicable,Yes,,Yes,Yes,,Yes,Not Applicable,Not Applicable,Not Applicable,Not Applicable,Not Applicable,Not Applicable,Not Applicable,No,0,Not Applicable,No,Not Applicable,Yes,Yes,no,No,No,0,1767.85,655.29,0.0,0.493,Service Center,Manual Review,MobileWebView,42,System,-1.65677,B0496
REC00329,CLM01339,CUS00349,PRD00241,Washing Machine,Front Load,Noise,Main Unit,HomePro,HOM-WAS-245,SN-93173213,2023-01-02,2024-09-04,2024-08-31,24,No,Noise,Manufacturing Defect,Customer reports noise affecting noise.,Not Applicable,Not Applicable,Not Applicable,Household,Yes,Not Applicable,No,Not Applicable,Not Applicable,Not Applicable,No,Yes,Yes,Yes,Yes,Yes,Not Applicable,Not Applicable,Not Applicable,Not Applicable,Not Applicable,Not Applicable,Not Applicable,No,0,Not Applicable,No,Not Applicable,Yes,Yes,No,No,No,0,1410.61,606.82,0.0,0.734,Service Center,Valid Claim,Chrome,48,System,1.34871,B0464
REC00778,CLM00292,CUS00186,PRD00623,Air Conditioner,Cassette,Both,Main Unit,ZenCore,ZEN-AIR-711,SN-94873852,2023-02-08,2024-03-13,2024-03-04,24,No,Cooling Failure,Misuse,Customer reports cooling failure affecting both.,Not Applicable,Not Applicable,Not Applicable,Not Applicable,No,Not Applicable,Not Applicable,Unknown,Both,Not Applicable,No,Yes,Yes,Yes,Yes,Yes,Yes,Not Applicable,Not Applicable,Not Applicable,Not Applicable,Not Applicable,Not Applicable,No,0,Not Applicable,No,Not Applicable,Yes,Yes,No,No,No,0,2759.16,1440.65,,0.865,Web,Invalid Claim,Chrome,5,System,0.04063,B0608
REC01249,CLM00958,CUS00510,PRD00247,Camera,Compact,Camera Body,Camera Body,Aster,AST-CAM-697,SN-40051506,2025-02-10,2026-05-31,2026-05-12,24,No,Battery Problem,Liquid Damage,Customer reports battery problem affecting camera body.,No,Yes,No,Not Applicable,Not Applicable,Not Applicable,Not Applicable,Not Applicable,Not Applicable,Not Applicable,Yes,Yes,No,Yes,No,Yes,Not Applicable,Not Applicable,Not Applicable,Not Applicable,Not Applicable,Not Applicable,Not Applicable,No,0,Not Applicable,No,Not Applicable,Yes,Yes,No,No,No,0,1251.66,142.68,,0.943,Web,Invalid Claim,MobileWebView,4,System,0.4657,B0281
REC01409,CLM00843,CUS00023,PRD00257,Television,Mini-LED,Power,Main Unit,Aster,AST-TEL-696,SN-97903321,2023-03-06,2024-09-01,2024-08-20,24,No,Power Failure,Manufacturing Defect,Customer reports power failure affecting power.,No,Not Applicable,Not Applicable,Not Applicable,Not Applicable,No,Not Applicable,Not Applicable,Not Applicable,Not Applicable,Yes,Yes,No,Yes,Yes,Yes,Not Applicable,Not Applicable,Not Applicable,Not Applicable,Not Applicable,Not Applicable,Not Applicable,No,0,Not Applicable,No,Not Applicable,Yes,Yes,No,No,No,0,1339.34,1228.91,0.0,0.882,Web,Valid Claim,Edge,15,System,-0.81883,B0014
REC00354,CLM00157,CUS00507,PRD00859,Air Conditioner,Portable,Indoor Unit,Main Unit,Aster,AST-AIR-626,SN-41505650,2023-03-27,2024-09-15,2024-09-03,24,No,Cooling Failure,Physical Damage,Customer reports cooling failure affecting indoor unit.,Not Applicable,Not Applicable,Not Applicable,Not Applicable,Yes,Not Applicable,Not Applicable,No,Indoor Unit,Not Applicable,Yes,Yes,No,Yes,No,Yes,No,Not Applicable,Not Applicable,Not Applicable,Not Applicable,Not Applicable,,No,0,Not Applicable,No,Not Applicable,Yes,Yes,No,No,No,0,1081.08,990.32,0.0,0.915,Service Center,Invalid Claim,MobileWebView,40,Dark,-0.04612,B0710
REC00402,CLM00332,CUS00091,PRD00648,Television,Mini-LED,Sound,Main Unit,Aster,AST-TEL-589,SN-56678570,2025-05-11,2026-07-10,2026-07-08,24,No,Audio Failure,Manufacturing Defect,Customer reports audio failure affecting sound.,No,Not Applicable,Not Applicable,Not Applicable,Not Applicable,Yes,Not Applicable,Not Applicable,Not Applicable,Not Applicable,Yes,Yes,Yes,Yes,,Yes,Not Applicable,Not Applicable,Not Applicable,Not Applicable,Not Applicable,Not Applicable,Not Applicable,No,0,Not Applicable,No,Not Applicable,Yes,Yes,No,No,No,2,1806.86,1273.75,0.0,0.812,Service Center,Valid Claim,Firefox,18,Dark,0.62825,B0596
REC00041,CLM00435,CUS00136,PRD00277,Television,LED,Connection,Main Unit,PrimeView,PRI-TEL-933,SN-23661254,2023-03-24,2024-08-07,2024-07-27,24,No,Connectivity Issue,Electrical Failure,Customer reports connectivity issue affecting connection.,Unknown,Not Applicable,Not Applicable,Not Applicable,Not Applicable,No,Not Applicable,Not Applicable,Not Applicable,Not Applicable,Yes,Yes,Yes,Yes,Yes,Yes,Not Applicable,Not Applicable,Not Applicable,Not Applicable,Not Applicable,Not Applicable,Not Applicable,No,0,Not Applicable,No,Not Applicable,Yes,Yes,No,No,No,2,1939.85,1538.67,0.0,0.938,Service Center,Valid Claim,Edge,32,System,-1.40385,B0344
REC00765,CLM01163,CUS00450,PRD00543,Washing Machine,Washer Dryer,Noise,Main Unit,PrimeView,PRI-WAS-899,SN-53328677,2023-10-31,2025-02-21,2025-02-12,24,No,Noise,Electrical Failure,Customer reports noise affecting noise.,Not Applicable,Not Applicable,Not Applicable,Household,No,Not Applicable,No,Not Applicable,Not Applicable,Not Applicable,Yes,,Yes,Yes,Yes,Yes,Not Applicable,Not Applicable,Not Applicable,Not Applicable,Not Applicable,Not Applicable,Yes,Yes,2,Yes,No,Not Applicable,Yes,Yes,No,No,No,1,1195.43,298.84,441.35,,Web,Valid Claim,Firefox,30,Dark,0.67934,B0995
REC00541,CLM00749,CUS00153,PRD00133,Printer,Inkjet,Power,Main Unit,NovaTech,NOV-PRI-392,SN-87253061,2023-12-03,2024-08-01,2024-07-25,12,No,Power Failure,Manufacturing Defect,Customer reports power failure affecting power.,Not Applicable,Not Applicable,Not Applicable,Not Applicable,Yes,Not Applicable,No,Not Applicable,Not Applicable,Original,Yes,Yes,Yes,Yes,Yes,Yes,Not Applicable,Not Applicable,Not Applicable,Not Applicable,Not Applicable,Yes,Not Applicable,No,0,Not Applicable,No,Not Applicable,Yes,Yes,No,No,No,0,221.99,18.86,0.0,0.849,Service Center,Valid Claim,Firefox,56,Light,-0.23013,B0278
REC00323,CLM00034,CUS00040,PRD00117,Printer,Inkjet,Connection,Main Unit,NovaTech,NOV-PRI-691,SN-76480777,2024-07-30,2025-07-20,2025-07-19,12,No,Connectivity Issue,Physical Damage,Customer reports connectivity issue affecting connection.,Not Applicable,Not Applicable,Not Applicable,Not Applicable,No,Not Applicable,Yes,Not Applicable,Not Applicable,Original,Yes,,Yes,Yes,Yes,Yes,Not Applicable,Not Applicable,Not Applicable,Not Applicable,Not Applicable,Yes,,Yes,2,No,No,Not Applicable,Yes,Yes,No,No,No,1,397.2,244.06,507.6,0.889,Mobile App,Invalid Claim,Edge,26,Dark,1.04263,B0755
REC01076,CLM00483,CUS00438,PRD00754,Air Conditioner,Split,Outdoor Unit,Main Unit,ZenCore,ZEN-AIR-153,SN-74998700,2022-10-10,2024-10-05,2024-09-20,24,No,Cooling Failure,Manufacturing Defect,Customer reports cooling failure affecting outdoor unit.,Not Applicable,Not Applicable,Not Applicable,Not Applicable,No,Not Applicable,Not Applicable,No,Outdoor Unit,Not Applicable,Yes,No,Yes,,No,Yes,Yes,Not Applicable,Not Applicable,Not Applicable,Not Applicable,Not Applicable,Not Applicable,No,0,Not Applicable,No,Not Applicable,No,Yes,No,No,No,2,2024.49,1219.63,0.0,0.876,Web,Invalid Claim,MobileWebView,27,Dark,-1.15549,B0742
REC01415,CLM00598,CUS00224,PRD00179,Camera,Compact,Camera Body,Camera Body,Aster,AST-CAM-141,SN-86304529,2022-04-15,2024-04-13,2024-04-02,24,No,Power Failure,Manufacturing Defect,Customer reports power failure affecting camera body.,No,No,Not Applicable,Not Applicable,Not Applicable,Not Applicable,Not Applicable,Not Applicable,Not Applicable,Not Applicable,Yes,Yes,Yes,Yes,Yes,,Not Applicable,Not Applicable,Not Applicable,Not Applicable,Not Applicable,Not Applicable,Not Applicable,No,0,Not Applicable,No,Not Applicable,Yes,Yes,No,No,No,1,361.35,325.87,0.0,0.861,Service Center,Valid Claim,Edge,41,Light,-1.28015,B0306
REC00661,CLM00955,CUS00342,PRD00049,Smartphone,Foldable Smartphone,Charger,Charger,NovaTech,NOV-SMA-833,SN-60210770,2026-03-05,2026-07-14,2026-07-07,6,No,Display Failure,Electrical Failure,Customer reports display failure affecting charger.,No,Unknown,Not Applicable,Not Applicable,Not Applicable,Not Applicable,Not Applicable,Not Applicable,Not Applicable,Not Applicable,Yes,Yes,No,Yes,Yes,Yes,Not Applicable,Not Applicable,Not Applicable,Not Applicable,Not Applicable,Not Applicable,Not Applicable,No,0,Not Applicable,No,Not Applicable,No,Yes,No,No,No,2,860.55,,0.0,0.891,Email,Invalid Claim,MobileWebView,46,System,-1.06356,B0631
REC00326,CLM01413,CUS00107,PRD00418,Camera,Mirrorless,Not Sure,Camera Body,PrimeView,PRI-CAM-911,SN-45825777,2023-06-08,2024-08-06,2024-07-14,24,No,Lens Failure,Electrical Failure,Customer reports lens failure affecting not sure.,No,No,Not Applicable,Not Applicable,Not Applicable,Not Applicable,Not Applicable,Not Applicable,Not Applicable,Not Applicable,Yes,Yes,No,Yes,,Yes,Not Applicable,Not Applicable,Not Applicable,Not Applicable,Not Applicable,Not Applicable,Not Applicable,No,0,Not Applicable,No,Not Applicable,Yes,Yes,No,No,No,3,2607.03,274.71,0.0,0.552,Web,Manual Review,MobileWebView,51,System,1.8511,B0229
REC00365,CLM00480,CUS00074,PRD00229,Printer,Laser,Printing,Main Unit,HomePro,HOM-PRI-986,SN-74918780,2023-12-12,2024-09-28,2024-09-13,12,No,Mechanical Failure,Electrical Failure,Customer reports mechanical failure affecting printing.,Not Applicable,Not Applicable,Not Applicable,Not Applicable,No,Not Applicable,Yes,Not Applicable,Not Applicable,Original,Yes,Yes,Yes,Yes,Yes,No,Not Applicable,Not Applicable,Not Applicable,Not Applicable,Not Applicable,Yes,,No,0,Not Applicable,No,Not Applicable,Yes,Yes,no,No,Yes,1,1036.38,600.98,0.0,0.785,Mobile App,Manual Review,Safari,26,System,0.40342,B0872
REC01054,CLM00942,CUS00500,PRD00692,Air Conditioner,Portable,Not Sure,Compressor,ZenCore,ZEN-AIR-249,SN-94218499,2020-08-04,2025-02-18,2025-01-28,60,No,Power Failure,Manufacturing Defect,Customer reports power failure affecting not sure.,Not Applicable,Not Applicable,Not Applicable,Not Applicable,No,Not Applicable,Not Applicable,No,Not Sure,Not Applicable,Yes,Yes,Yes,Yes,Yes,Yes,No,Not Applicable,Not Applicable,Yes,Not Applicable,Not Applicable,Not Applicable,No,0,Not Applicable,No,Not Applicable,No,Yes,No,No,No,0,2545.4,822.75,0.0,0.886,Mobile App,Invalid Claim,MobileWebView,27,Dark,-1.72346,B0830
REC01093,CLM00372,CUS00568,PRD00914,Laptop,Gaming Laptop,Not Sure,Main Unit,Aster,AST-LAP-192,SN-79520573,2023-07-17,2026-02-07,2026-01-27,24,No,Display Failure,Accidental Damage,Customer reports display failure affecting not sure.,Yes,Unknown,Not Applicable,Not Applicable,Not Applicable,Not Applicable,Not Applicable,Not Applicable,Not Applicable,Not Applicable,Yes,Yes,Yes,Yes,,Yes,Not Applicable,Not Applicable,Not Applicable,Not Applicable,Not Applicable,Not Applicable,Yes,Yes,3,Yes,No,Not Applicable,Yes,Yes,No,No,No,0,1375.77,214.4,,,Mobile App,Invalid Claim,Edge,54,System,0.66854,B0009
REC01176,CLM00617,CUS00193,PRD00859,Television,OLED,Picture,Main Unit,HomePro,HOM-TEL-124,SN-40021327,2023-05-17,2024-10-03,2024-09-18,24,No,Display Failure,Electrical Failure,Customer reports display failure affecting picture.,No,Not Applicable,Not Applicable,Not Applicable,Not Applicable,Unknown,Not Applicable,Not Applicable,Not Applicable,Not Applicable,No,Yes,Yes,Yes,Yes,Yes,Not Applicable,Not Applicable,Not Applicable,Not Applicable,Not Applicable,Not Applicable,Not Applicable,No,0,Not Applicable,Yes,Yes,Yes,Yes,No,No,No,0,1425.85,125.57,0.0,0.953,Web,Valid Claim,Firefox,50,Light,0.73166,B0547
REC01135,CLM00285,CUS00209,PRD00573,Television,OLED,Picture,Main Unit,HomePro,HOM-TEL-810,SN-50389140,2023-07-12,2025-02-20,2025-02-09,24,No,Display Failure,Internal Component Failure,Customer reports display failure affecting picture.,No,Not Applicable,Not Applicable,Not Applicable,Not Applicable,Yes,Not Applicable,Not Applicable,Not Applicable,Not Applicable,Yes,Yes,No,Yes,Yes,Yes,Not Applicable,Not Applicable,Not Applicable,Not Applicable,Not Applicable,Not Applicable,Yes,Yes,2,Yes,No,Not Applicable,Yes,Yes,Yes,No,No,1,1166.47,1076.92,257.04,0.854,Web,Invalid Claim,Firefox,50,System,-1.02341,B0490
REC00013,CLM00629,CUS00560,PRD00293,Washing Machine,Top Load,Water Supply or Drain,Main Unit,zencore,ZEN-WAS-474,SN-58485465,2023-07-02,2025-06-26,2025-05-30,24,No,Mechanical Failure,Misuse,Customer reports mechanical failure affecting water supply or drain.,Not Applicable,Not Applicable,Not Applicable,Household,No,Not Applicable,No,Not Applicable,Not Applicable,Not Applicable,No,Yes,No,Yes,Yes,Yes,Not Applicable,Not Applicable,Not Applicable,Not Applicable,Not Applicable,Not Applicable,Not Applicable,No,0,Not Applicable,No,Not Applicable,Yes,No,No,No,No,3,1018.4,785.25,0.0,0.924,Service Center,Invalid Claim,MobileWebView,38,Light,0.28211,B0284
REC01427,CLM00969,CUS00682,PRD00048,Laptop,Gaming Laptop,Device,Main Unit,NovaTech,NOV-LAP-266,SN-54912569,2022-02-05,2024-01-28,2024-01-15,24,No,Power Failure,Electrical Failure,Customer reports power failure affecting device.,No,No,Not Applicable,Not Applicable,Not Applicable,Not Applicable,Not Applicable,Not Applicable,Not Applicable,Not Applicable,,No,Yes,Yes,No,Yes,Not Applicable,Not Applicable,Not Applicable,Not Applicable,Not Applicable,Not Applicable,Not Applicable,No,0,Not Applicable,No,Not Applicable,Unknown,Yes,No,No,No,1,1747.85,1609.42,,0.948,Mobile App,Manual Review,Edge,59,Light,0.08617,B0718
REC01118,CLM00930,CUS00241,PRD00852,Laptop,Gaming Laptop,Battery,Battery,Aster,AST-LAP-153,SN-95637747,2023-07-29,2024-01-14,2024-01-09,12,No,Battery Problem,Water Damage,Customer reports battery problem affecting battery.,Unknown,Yes,No,Not Applicable,Not Applicable,Not Applicable,Not Applicable,Not Applicable,Not Applicable,Not Applicable,Yes,Yes,No,Yes,No,Yes,Not Applicable,Yes,Not Applicable,Not Applicable,Not Applicable,Not Applicable,Not Applicable,No,0,Not Applicable,No,Not Applicable,Yes,Yes,No,No,No,0,2515.07,1875.95,0.0,0.758,Email,Invalid Claim,Edge,21,System,-1.79277,B0502
REC00277,CLM00033,CUS00413,PRD00699,Air Conditioner,Split,Indoor Unit,Main Unit,ZenCore,ZEN-AIR-183,SN-22205148,2025-02-14,2026-07-07,2026-06-12,24,No,Noise,Manufacturing Defect,Customer reports noise affecting indoor unit.,Not Applicable,Not Applicable,Not Applicable,Not Applicable,No,Not Applicable,Not Applicable,No,Indoor Unit,Not Applicable,Yes,Yes,Yes,Yes,Yes,Yes,Yes,Not Applicable,Not Applicable,Not Applicable,Not Applicable,Not Applicable,,No,0,Not Applicable,No,Not Applicable,Unknown,Yes,No,No,No,0,1556.84,494.35,0.0,0.951,Service Center,Manual Review,Chrome,45,System,1.61831,B0939
REC00306,CLM01292,CUS00268,PRD00332,Air Conditioner,Portable,Not Sure,Main Unit,Aster,,SN-65325700,2022-03-09,2024-03-08,2024-02-19,24,No,Cooling Failure,Manufacturing Defect,Customer reports cooling failure affecting not sure.,Not Applicable,Not Applicable,Not Applicable,Not Applicable,No,Not Applicable,Not Applicable,No,Not Sure,Not Applicable,Yes,,No,Yes,Yes,No,Yes,Not Applicable,Not Applicable,Not Applicable,Not Applicable,Not Applicable,Not Applicable,No,0,Not Applicable,No,Not Applicable,Yes,Yes,No,No,No,1,1538.7,952.04,0.0,0.818,Web,Manual Review,Chrome,10,System,1.72695,B0003
REC01014,CLM00578,CUS00463,PRD00182,Printer,Laser,Printing,Print Head,PrimeView,PRI-PRI-411,SN-36908386,2025-05-20,2025-12-05,2025-11-26,12,No,Mechanical Failure,Normal Wear,Customer reports mechanical failure affecting printing.,Not Applicable,Not Applicable,Not Applicable,Not Applicable,Yes,Not Applicable,No,Not Applicable,Not Applicable,Unknown,Yes,Yes,No,No,Yes,Yes,Not Applicable,Not Applicable,Not Applicable,Not Applicable,Not Applicable,Yes,Not Applicable,No,0,Not Applicable,No,Not Applicable,Yes,No,No,No,No,0,678.82,244.39,0.0,0.755,Web,Invalid Claim,Safari,55,System,-0.04739,B0511
REC00620,CLM00089,CUS00295,PRD00437,Washing Machine,Front Load,Water Leakage,Main Unit,HomePro,HOM-WAS-108,SN-93010255,2023-11-26,2025-03-26,2025-02-14,24,No,Water Leakage,Electrical Failure,Customer reports water leakage affecting water leakage.,Not Applicable,Not Applicable,Not Applicable,Household,No,Not Applicable,No,Not Applicable,Not Applicable,Not Applicable,Yes,Yes,No,Yes,Yes,Yes,Not Applicable,Not Applicable,Not Applicable,Not Applicable,Not Applicable,Not Applicable,Not Applicable,No,0,Not Applicable,No,Not Applicable,No,Yes,No,No,No,2,465.25,139.54,0.0,0.507,Email,Invalid Claim,Edge,55,Dark,-1.3163,B0128
REC00958,CLM01438,CUS00652,PRD00242,Refrigerator,Single Door,Power,Main Unit,HomePro,HOM-REF-765,SN-33314561,2023-09-28,2025-06-14,2025-05-15,24,No,Power Failure,Manufacturing Defect,Customer reports power failure affecting power.,Not Applicable,Not Applicable,Not Applicable,Business,Yes,Not Applicable,Not Applicable,Not Applicable,Not Applicable,Not Applicable,Yes,Yes,Yes,Yes,No,,Not Applicable,Not Applicable,Not Applicable,Not Applicable,Not Applicable,Not Applicable,Yes,Yes,2,Yes,No,Not Applicable,Yes,Yes,No,No,No,0,2909.81,2105.85,207.43,0.995,Mobile App,Manual Review,Chrome,45,Dark,-0.1152,B0200
REC01031,CLM00331,CUS00525,PRD00527,Television,LED,Sound,Main Unit,HomePro,HOM-TEL-776,SN-99394112,2023-02-28,2024-03-18,2024-03-05,24,No,Audio Failure,Normal Wear,Customer reports audio failure affecting sound.,No,Not Applicable,Not Applicable,Not Applicable,Not Applicable,No,Not Applicable,Not Applicable,Not Applicable,Not Applicable,Yes,No,No,Yes,Yes,Yes,Not Applicable,Not Applicable,Not Applicable,Not Applicable,Not Applicable,Not Applicable,Not Applicable,No,0,Not Applicable,No,Not Applicable,Yes,Yes,No,No,No,0,1346.65,1150.99,0.0,0.554,Web,Invalid Claim,Safari,22,System,1.84297,B0190
REC00996,CLM00999,CUS00269,PRD00528,Laptop,Gaming Laptop,Battery,Battery,ZenCore,ZEN-LAP-740,SN-35686411,2024-06-21,2025-03-02,2025-02-22,12,No,Power Failure,Manufacturing Defect,Customer reports power failure affecting battery.,No,Unknown,Yes,Not Applicable,Not Applicable,Not Applicable,Not Applicable,Not Applicable,Not Applicable,Not Applicable,Yes,Yes,No,Yes,Yes,Yes,Not Applicable,No,Not Applicable,Not Applicable,Not Applicable,Not Applicable,Not Applicable,No,0,Not Applicable,No,Not Applicable,Yes,Yes,No,No,No,0,1641.06,1136.29,0.0,0.971,Web,Manual Review,MobileWebView,35,Dark,0.64764,B0777
REC00252,CLM00763,CUS00226,PRD00892,Laptop,Business Laptop,Not Sure,Main Unit,Aster,AST-LAP-425,SN-48921129,2021-12-22,2024-05-17,2024-04-20,24,No,Power Failure,Manufacturing Defect,Customer reports power failure affecting not sure.,No,No,Not Applicable,Not Applicable,Not Applicable,Not Applicable,Not Applicable,Not Applicable,Not Applicable,Not Applicable,Yes,Yes,No,Yes,Yes,Yes,Not Applicable,Not Applicable,Not Applicable,Not Applicable,Not Applicable,Not Applicable,Not Applicable,No,0,Not Applicable,No,Not Applicable,Yes,Yes,No,No,No,0,2302.08,1762.98,0.0,0.833,Mobile App,Invalid Claim,Safari,41,Dark,-0.95913,B0749
REC00025,CLM00715,CUS00227,PRD00978,Television,QLED,Connection,Main Unit,Aster,AST-TEL-636,SN-72725726,2024-06-19,2025-07-12,2025-07-06,24,No,Connectivity Issue,Electrical Failure,Customer reports connectivity issue affecting connection.,No,Not Applicable,Not Applicable,Not Applicable,Not Applicable,Unknown,Not Applicable,Not Applicable,Not Applicable,Not Applicable,No,Yes,Yes,Yes,Yes,Yes,Not Applicable,Not Applicable,Not Applicable,Not Applicable,Not Applicable,Not Applicable,Not Applicable,No,0,Not Applicable,Yes,Yes,Yes,Yes,No,No,No,1,2661.66,215.99,0.0,0.786,Web,Valid Claim,Chrome,59,System,-1.24557,B0848
REC00027,CLM00926,CUS00383,PRD00413,Washing Machine,Top Load,Power,Motor,HomePro,HOM-WAS-933,SN-73037570,2014-11-02,2024-07-12,2024-06-16,120,No,Power Failure,Manufacturing Defect,Customer reports power failure affecting power.,Not Applicable,Not Applicable,Not Applicable,Household,Yes,Not Applicable,Yes,Not Applicable,Not Applicable,Not Applicable,Yes,No,Yes,Yes,Yes,Yes,Not Applicable,Not Applicable,Not Applicable,Yes,Not Applicable,Not Applicable,Not Applicable,No,0,Not Applicable,No,Not Applicable,Yes,Yes,No,No,No,3,1492.8,1151.36,0.0,0.727,Web,Valid Claim,MobileWebView,1,Light,-0.70219,B0834
REC00731,CLM01083,CUS00470,PRD00078,Smartphone,Rugged Smartphone,Phone,Main Unit,NovaTech,NOV-SMA-383,SN-72471813,2024-11-28,2025-08-09,2025-07-25,12,No,Battery Problem,Internal Component Failure,Customer reports battery problem affecting phone.,No,No,Yes,Not Applicable,Not Applicable,Not Applicable,Not Applicable,Not Applicable,Not Applicable,Not Applicable,Yes,Yes,No,Yes,Yes,Yes,Not Applicable,Not Applicable,Not Applicable,Not Applicable,Not Applicable,Not Applicable,No,Yes,1,Yes,No,Not Applicable,Yes,Yes,No,No,No,1,1237.5,432.55,102.46,0.915,Web,Manual Review,Safari,26,Dark,0.68185,B0470
REC00692,CLM00716,CUS00322,PRD00456,Smartphone,Rugged Smartphone,Phone,Main Unit,NovaTech,NOV-SMA-197,SN-85485021,2024-12-19,2025-12-04,2025-11-15,12,No,Battery Problem,Manufacturing Defect,Customer reports battery problem affecting phone.,No,No,Yes,Not Applicable,Not Applicable,Not Applicable,Not Applicable,Not Applicable,Not Applicable,Not Applicable,Yes,No,Yes,Yes,Yes,Yes,Not Applicable,Not Applicable,Not Applicable,Not Applicable,Not Applicable,Not Applicable,Yes,Yes,3,Unknown,No,Not Applicable,Yes,Yes,No,No,No,1,634.48,166.49,469.23,0.909,Email,Manual Review,MobileWebView,1,Dark,0.05013,B0690
REC00197,CLM01058,CUS00184,PRD00549,Washing Machine,Front Load,Noise,Main Unit,ZenCore,ZEN-WAS-794,SN-18202130,2023-09-25,2024-11-16,2024-10-28,24,No,Noise,Electrical Failure,Customer reports noise affecting noise.,Not Applicable,Not Applicable,Not Applicable,Household,No,Not Applicable,No,Not Applicable,Not Applicable,Not Applicable,Yes,No,No,Yes,Yes,Yes,Not Applicable,Not Applicable,Not Applicable,Not Applicable,Not Applicable,Not Applicable,,Yes,3,Yes,No,Not Applicable,Yes,Yes,No,No,No,1,1750.8,953.12,288.35,0.506,Service Center,Manual Review,Safari,36,Light,-0.83054,B0151
REC00403,CLM00312,CUS00683,PRD00586,Laptop,2-in-1,Not Sure,Main Unit,NovaTech,NOV-LAP-791,SN-64057094,2025-04-24,2026-05-24,2026-05-15,24,No,Power Failure,Internal Component Failure,Customer reports power failure affecting not sure.,No,No,Not Applicable,Not Applicable,Not Applicable,Not Applicable,Not Applicable,Not Applicable,Not Applicable,Not Applicable,Yes,Yes,Yes,Yes,Yes,Yes,Not Applicable,Not Applicable,Not Applicable,Not Applicable,Not Applicable,Not Applicable,Yes,Yes,2,No,No,Not Applicable,Yes,Yes,No,No,No,0,2563.34,1561.5,183.45,0.94,Web,Invalid Claim,Safari,12,Dark,-2.02779,B0040
REC00645,CLM00709,CUS00136,PRD00328,Smartphone,Foldable Smartphone,Phone,Main Unit,NovaTech,NOV-SMA-166,SN-27971819,2024-06-14,2025-02-02,2025-01-21,12,No,Overheating,Internal Component Failure,Customer reports overheating affecting phone.,Unknown,Unknown,Not Applicable,Not Applicable,Not Applicable,Not Applicable,Not Applicable,Not Applicable,Not Applicable,Not Applicable,Yes,,Yes,Yes,Yes,Yes,Not Applicable,Not Applicable,Not Applicable,Not Applicable,Not Applicable,Not Applicable,Not Applicable,No,0,Not Applicable,No,Not Applicable,Yes,Yes,No,No,No,-2,1558.06,,0.0,0.892,Service Center,Valid Claim,Firefox,6,Dark,1.59631,B0436
REC00387,CLM00656,CUS00245,PRD00540,Laptop,2-in-1,Device,Main Unit,NovaTech,NOV-LAP-800,SN-49670507,2023-02-19,2025-03-07,2025-02-25,24,Yes,Overheating,Manufacturing Defect,Customer reports overheating affecting device.,No,No,Not Applicable,Not Applicable,Not Applicable,Not Applicable,Not Applicable,Not Applicable,Not Applicable,Not Applicable,Yes,Yes,Yes,Yes,Yes,Yes,Not Applicable,Not Applicable,Not Applicable,Not Applicable,Not Applicable,Not Applicable,Not Applicable,No,0,Not Applicable,No,Not Applicable,Yes,Yes,No,No,No,1,2348.55,2107.47,0.0,0.868,Web,Valid Claim,Chrome,30,Dark,-0.87682,B0141
REC00831,CLM00970,CUS00691,PRD00621,Television,QLED,Connection,Main Unit,Aster,AST-TEL-969,SN-95282111,2024-12-05,2026-09-14,2026-09-02,24,No,Connectivity Issue,Misuse,Customer reports connectivity issue affecting connection.,No,Not Applicable,Not Applicable,Not Applicable,Not Applicable,Yes,Not Applicable,Not Applicable,Not Applicable,Not Applicable,,Yes,Yes,Yes,Yes,Yes,Not Applicable,Not Applicable,Not Applicable,Not Applicable,Not Applicable,Not Applicable,Not Applicable,No,0,Not Applicable,No,Not Applicable,Yes,Yes,No,No,No,2,836.32,204.01,0.0,0.724,Web,Invalid Claim,MobileWebView,23,Dark,0.56776,B0603
REC01320,CLM00821,CUS00223,PRD00543,Smartphone,Rugged Smartphone,Phone,Main Unit,PrimeView,PRI-SMA-409,SN-33588229,2025-04-18,2026-03-12,2026-03-08,12,No,Connectivity Issue,Electrical Failure,Customer reports connectivity issue affecting phone.,No,No,Not Applicable,Not Applicable,Not Applicable,Not Applicable,Not Applicable,Not Applicable,Not Applicable,Not Applicable,Yes,Yes,No,Yes,Yes,Yes,Not Applicable,Not Applicable,Not Applicable,Not Applicable,Not Applicable,Not Applicable,Not Applicable,No,0,Not Applicable,No,Not Applicable,Yes,Yes,No,No,No,0,1685.77,333.99,0.0,0.766,Web,Valid Claim,Chrome,6,Light,0.62853,B0799
REC00086,CLM00708,CUS00110,PRD00005,Printer,Laser,Connection,Main Unit,PrimeView,PRI-PRI-930,SN-48588845,2023-11-20,2024-09-19,2024-09-09,12,No,Connectivity Issue,Electrical Failure,Customer reports connectivity issue affecting connection.,Not Applicable,Not Applicable,Not Applicable,Not Applicable,No,Not Applicable,No,Not Applicable,Not Applicable,Original,Yes,Yes,Yes,Yes,Yes,Yes,Not Applicable,Not Applicable,Not Applicable,Not Applicable,Not Applicable,No,No,Yes,2,Yes,No,Not Applicable,Yes,Yes,No,No,No,1,1003.66,946.28,454.9,0.726,Web,Manual Review,Chrome,4,System,-0.50345,B0225
REC01355,CLM01056,CUS00608,PRD00285,Television,Mini-LED,Power,Main Unit,Aster,AST-TEL-480,SN-20607648,2023-01-05,2024-10-04,2024-09-09,24,No,Power Failure,Electrical Failure,Customer reports power failure affecting power.,Unknown,Not Applicable,Not Applicable,Not Applicable,Not Applicable,Yes,Not Applicable,Not Applicable,Not Applicable,Not Applicable,Yes,Yes,Yes,Yes,Yes,,Not Applicable,Not Applicable,Not Applicable,Not Applicable,Not Applicable,Not Applicable,Not Applicable,No,0,Not Applicable,No,Not Applicable,Yes,Yes,No,No,No,0,1051.74,129.55,0.0,0.831,Mobile App,Valid Claim,MobileWebView,39,Light,0.98436,B0971
REC01055,CLM00038,CUS00139,PRD00026,Printer,Thermal,Ink or Toner,Ink Or Toner,HomePro,HOM-PRI-454,SN-64831923,2024-07-27,2025-01-15,2025-01-06,0,No,Connectivity Issue,Internal Component Failure,Customer reports connectivity issue affecting ink or toner.,Not Applicable,Not Applicable,Not Applicable,Not Applicable,Yes,Not Applicable,No,Not Applicable,Not Applicable,Original,Yes,Yes,Yes,Yes,Yes,Yes,Not Applicable,Not Applicable,Not Applicable,Not Applicable,Not Applicable,No,No,Yes,3,Yes,Yes,Yes,Yes,Yes,No,No,No,0,421.2,249.02,67.26,0.736,Service Center,Invalid Claim,Edge,47,Dark,0.29588,B0696
REC00246,CLM00457,CUS00204,PRD00811, Printer ,Inkjet,Connection,Main Unit,HomePro,HOM-PRI-473,SN-23620986,2023-11-09,2024-08-05,2024-07-28,12,No,Connectivity Issue,Internal Component Failure,Customer reports connectivity issue affecting connection.,Not Applicable,Not Applicable,Not Applicable,Not Applicable,Yes,Not Applicable,No,Not Applicable,Not Applicable,Original,Yes,Yes,Yes,Yes,Yes,No,Not Applicable,Not Applicable,Not Applicable,Not Applicable,Not Applicable,Yes,Not Applicable,No,0,Not Applicable,No,Not Applicable,Yes,Yes,No,No,No,2,1161.25,594.93,0.0,0.458,WEB,Manual Review,Chrome,21,Dark,0.79871,B0338
REC00324,CLM00078,CUS00191,PRD00328,Printer,Laser,Connection,Main Unit,PrimeView,PRI-PRI-249,SN-91156269,2025-05-29,2025-12-04,2025-11-09,12,no,Connectivity Issue,Internal Component Failure,Customer reports connectivity issue affecting connection.,Not Applicable,Not Applicable,Not Applicable,Not Applicable,Yes,Not Applicable,No,Not Applicable,Not Applicable,Original,Yes,Yes,No,Yes,,Yes,Not Applicable,Not Applicable,Not Applicable,Not Applicable,Not Applicable,Yes,Yes,Yes,2,Yes,No,Not Applicable,Yes,No,No,No,No,3,892.32,645.28,250.39,0.874,Web,Manual Review,Firefox,9,System,0.21687,B0519
REC00096,CLM00208,CUS00173,PRD00636,Television,Mini-LED,Power,Main Unit,PrimeView,PRI-TEL-146,SN-54039191,2025-04-24,2026-08-25,2026-08-09,24,No,Power Failure,Electrical Failure,Customer reports power failure affecting power.,No,Not Applicable,Not Applicable,Not Applicable,Not Applicable,No,Not Applicable,Not Applicable,Not Applicable,Not Applicable,Yes,Yes,No,Yes,Yes,,Not Applicable,Not Applicable,Not Applicable,Not Applicable,Not Applicable,Not Applicable,Not Applicable,No,0,Not Applicable,No,Not Applicable,Yes,Yes,No,No,No,1,696.48,125.8,0.0,0.855,Web,Valid Claim,MobileWebView,53,System,-0.31242,B0185
REC01404,CLM00121,CUS00151,PRD00198,Camera,Mirrorless,Camera Body,Camera Body,Aster,AST-CAM-762,SN-23514676,2024-02-25,2025-10-01,2025-09-24,24,No,Display Failure,Internal Component Failure,Customer reports display failure affecting camera body.,No,Unknown,Not Applicable,Not Applicable,Not Applicable,Not Applicable,Not Applicable,Not Applicable,Not Applicable,Not Applicable,Yes,No,No,,Yes,Yes,Not Applicable,Not Applicable,Not Applicable,Not Applicable,Not Applicable,Not Applicable,Yes,Yes,2,Yes,No,Not Applicable,Yes,Yes,No,No,No,0,1755.74,768.31,381.26,-0.25,Mobile App,Valid Claim,Edge,3,Dark,0.56449,B0843
REC01023,CLM00874,CUS00534,PRD00514,Camera,Compact,Camera Body,Camera Body,NovaTech,NOV-CAM-920,SN-10519443,2024-11-03,2025-12-19,2025-11-30,24,No,Battery Problem,Sensor Contamination Due To Misuse,Customer reports battery problem affecting camera body.,No,No,Yes,Not Applicable,Not Applicable,Not Applicable,Not Applicable,Not Applicable,Not Applicable,Not Applicable,,Yes,No,No,Yes,Yes,Not Applicable,Not Applicable,Not Applicable,Not Applicable,Not Applicable,Not Applicable,Yes,Yes,1,Yes,No,Not Applicable,Unknown,Yes,No,No,No,1,2145.04,1575.32,415.5,0.828,Mobile App,Invalid Claim,MobileWebView,8,Dark,1.26528,B0156
REC01391,CLM00754,CUS00479,PRD00724,Laptop,Gaming Laptop,Device,Main Unit,Aster,AST-LAP-500,SN-70400841,2024-05-07,2025-11-14,2025-10-27,24,No,Battery Problem,Internal Component Failure,Customer reports battery problem affecting device.,No,No,Yes,Not Applicable,Not Applicable,Not Applicable,Not Applicable,Not Applicable,Not Applicable,Not Applicable,Yes,Yes,No,Yes,Yes,Yes,Not Applicable,Not Applicable,Not Applicable,Not Applicable,Not Applicable,Not Applicable,Yes,Yes,1,No,Yes,Yes,Yes,Yes,No,No,No,1,1043.5,975.9,592.28,0.896,Email,Invalid Claim,Firefox,49,Dark,-1.13619,B0139
REC00652,CLM01141,CUS00228,PRD00196,Smartphone,Rugged Smartphone,Phone,Main Unit,PrimeView,PRI-SMA-926,SN-11597635,2023-10-24,2024-10-14,2024-10-04,12,No,Battery Problem,Internal Component Failure,Customer reports battery problem affecting phone.,No,No,Yes,Not Applicable,Not Applicable,Not Applicable,Not Applicable,Not Applicable,Not Applicable,Not Applicable,Yes,Yes,No,No,Yes,Yes,Not Applicable,Not Applicable,Not Applicable,Not Applicable,Not Applicable,Not Applicable,Yes,Yes,3,Yes,No,Not Applicable,Yes,Yes,No,No,No,0,1550.22,1234.58,287.15,,Email,Valid Claim,Safari,41,Light,-0.42071,B0691
REC00875,CLM00633,CUS00416,PRD00461,Refrigerator,Single Door,Power,Main Unit,ZenCore,ZEN-REF-393,SN-66228536,2023-07-31,2026-04-18,2026-03-26,24,No,Power Failure,Manufacturing Defect,Customer reports power failure affecting power.,Not Applicable,Not Applicable,Not Applicable,Household,No,Not Applicable,Not Applicable,Not Applicable,Not Applicable,Not Applicable,,Yes,Yes,No,Yes,No,Not Applicable,Not Applicable,Not Applicable,Not Applicable,Not Applicable,Not Applicable,Not Applicable,No,0,Not Applicable,No,Not Applicable,Yes,No,Yes,No,Yes,0,876.56,171.38,0.0,0.985,Mobile App,Invalid Claim,Chrome,15,Light,1.54268,B0714
REC01175,CLM00649,CUS00213,PRD00510,Refrigerator,Double Door,Power,Compressor,HomePro,HOM-REF-720,SN-83989153,2017-04-12,2026-08-27,2026-08-16,120,No,Power Failure,Electrical Failure,Customer reports power failure affecting power.,Not Applicable,Not Applicable,Not Applicable,Household,No,Not Applicable,Not Applicable,Not Applicable,Not Applicable,Not Applicable,Yes,Yes,Yes,No,Yes,Yes,Not Applicable,Not Applicable,Not Applicable,Yes,Not Applicable,Not Applicable,Yes,Yes,2,Unknown,No,Not Applicable,Yes,Yes,No,No,No,1,1345.79,778.99,307.1,0.971,Web,Manual Review,Firefox,43,Dark,1.23074,B0630
REC01443,CLM00518,CUS00384,PRD00569,Smartphone,Foldable Smartphone,Battery,Battery,NovaTech,NOV-SMA-977,SN-23951616,2024-03-06,2024-12-12,2024-11-21,12,No,Battery Problem,Electrical Failure,Customer reports battery problem affecting battery.,No,No,Yes,Not Applicable,Not Applicable,Not Applicable,Not Applicable,Not Applicable,Not Applicable,Not Applicable,Yes,Yes,Yes,,Yes,Yes,Not Applicable,Yes,Not Applicable,Not Applicable,Not Applicable,Not Applicable,Not Applicable,No,0,Not Applicable,No,Not Applicable,Yes,Yes,No,No,No,1,544.87,99.8,0.0,0.941,Service Center,Valid Claim,Firefox,25,Light,0.27313,B0255
REC01454,CLM01383,CUS00133,PRD00514,Washing Machine,Washer Dryer,Noise,Main Unit,PrimeView,PRI-WAS-285,SN-74882275,2023-10-01,2025-08-22,2025-08-19,24,No,Noise,Internal Component Failure,Customer reports noise affecting noise.,Not Applicable,Not Applicable,Not Applicable,Household,Unknown,Not Applicable,No,Not Applicable,Not Applicable,Not Applicable,Yes,,Yes,Yes,Yes,Yes,Not Applicable,Not Applicable,Not Applicable,Not Applicable,Not Applicable,Not Applicable,Not Applicable,No,0,Not Applicable,No,Not Applicable,Yes,Yes,No,No,No,1,1200.32,163.49,,0.985,Web,Valid Claim,Edge,1,Light,-2.12831,B0591
REC00759,CLM00268,CUS00387,PRD00343,Laptop,Business Laptop,Battery,Battery,Aster,AST-LAP-342,SN-66551041,2024-02-05,2025-01-15,2025-01-06,12,No,Display Failure,Internal Component Failure,Customer reports display failure affecting battery.,Unknown,No,Yes,Not Applicable,Not Applicable,Not Applicable,Not Applicable,Not Applicable,Not Applicable,Not Applicable,Yes,,Yes,Yes,Yes,No,Not Applicable,Yes,Not Applicable,Not Applicable,Not Applicable,Not Applicable,Not Applicable,No,0,Not Applicable,No,Not Applicable,Yes,Yes,No,No,No,1,1642.76,562.01,0.0,0.943,Service Center,Manual Review,Chrome,57,System,-0.04203,B0667
REC00544,CLM01031,CUS00511,PRD00365,Washing Machine,Top Load,Not Sure,Main Unit,ZenCore,ZEN-WAS-756,SN-32598216,2024-05-17,2025-08-15,2025-07-17,24,No,Water Leakage,Manufacturing Defect,Customer reports water leakage affecting not sure.,Not Applicable,Not Applicable,Not Applicable,Household,No,Not Applicable,No,Not Applicable,Not Applicable,Not Applicable,Yes,Yes,No,Yes,Yes,Yes,Not Applicable,Not Applicable,Not Applicable,Not Applicable,Not Applicable,Not Applicable,Not Applicable,No,0,Not Applicable,No,Not Applicable,Yes,Yes,No,No,No,1,1521.66,776.37,0.0,0.803,Mobile App,Valid Claim,Edge,50,Dark,0.02029,B0168
REC00442,CLM00571,CUS00511,PRD00155,Washing Machine,Front Load,Noise,Main Unit,HomePro,HOM-WAS-137,SN-74170744,2022-09-19,2024-01-03,2023-12-28,24,No,Noise,Internal Component Failure,Customer reports noise affecting noise.,Not Applicable,Not Applicable,Not Applicable,Household,No,Not Applicable,No,Not Applicable,Not Applicable,Not Applicable,Yes,Yes,Yes,Yes,Yes,Yes,Not Applicable,Not Applicable,Not Applicable,Not Applicable,Not Applicable,Not Applicable,Yes,Yes,1,Yes,No,Not Applicable,Yes,Yes,No,No,No,0,1583.45,589.42,588.23,0.946,Web,Valid Claim,Firefox,35,System,-2.68645,B0389
REC01214,CLM01421,CUS00166,PRD00598,Washing Machine,Front Load,Noise,Main Unit,HomePro,HOM-WAS-280,SN-51496550,2023-12-21,2025-02-25,2025-02-17,24,No,Noise,Electrical Failure,Customer reports noise affecting noise.,Not Applicable,Not Applicable,Not Applicable,Household,No,Not Applicable,No,Not Applicable,Not Applicable,Not Applicable,Yes,No,Yes,Yes,Yes,No,Not Applicable,Not Applicable,Not Applicable,Not Applicable,Not Applicable,Not Applicable,Not Applicable,No,0,Not Applicable,No,Not Applicable,Yes,Yes,No,No,No,0,1568.39,1264.61,0.0,0.957,Web,Manual Review,Chrome,8,Dark,-0.50013,B0326
REC00369,CLM00868,CUS00233,PRD00662,Refrigerator,Side-by-Side,Not Sure,Main Unit,HomePro,HOM-REF-766,SN-93236863,2024-01-21,2025-01-22,2025-01-14,24,No,Noise,Manufacturing Defect,Customer reports noise affecting not sure.,Not Applicable,Not Applicable,Not Applicable,Other,No,Not Applicable,Not Applicable,Not Applicable,Not Applicable,Not Applicable,,Yes,No,Yes,Yes,Yes,Not Applicable,Not Applicable,Not Applicable,Not Applicable,Not Applicable,Not Applicable,Yes,Yes,3,Yes,No,Not Applicable,Yes,No,No,No,No,0,1102.4,205.78,582.9,0.989,Web,Manual Review,Chrome,41,System,0.13699,B0111
REC00886,CLM00710,CUS00396,PRD00076,Smartphone,Standard Smartphone,Phone,Main Unit,NovaTech,NOV-SMA-535,SN-55287546,2025-06-11,2025-11-30,2025-11-19,12,No,Power Failure,Electrical Failure,Customer reports power failure affecting phone.,Unknown,No,Not Applicable,Not Applicable,Not Applicable,Not Applicable,Not Applicable,Not Applicable,Not Applicable,Not Applicable,Yes,,No,Yes,Yes,Yes,Not Applicable,Not Applicable,Not Applicable,Not Applicable,Not Applicable,Not Applicable,,No,0,Not Applicable,No,Not Applicable,Yes,No,No,No,No,1,1083.15,694.75,0.0,0.789,Web,Manual Review,Edge,34,System,2.14178,B0237
REC00787,CLM00718,CUS00358,PRD00323,Camera,Compact,Camera Body,Camera Body,NovaTech,NOV-CAM-680,SN-22269028,2022-07-11,2024-07-02,2024-06-06,24,No,Display Failure,Internal Component Failure,Customer reports display failure affecting camera body.,No,No,Not Applicable,Not Applicable,Not Applicable,Not Applicable,Not Applicable,Not Applicable,Not Applicable,Not Applicable,No,Yes,No,Yes,Yes,Yes,Not Applicable,Not Applicable,Not Applicable,Not Applicable,Not Applicable,Not Applicable,Not Applicable,No,0,Not Applicable,No,Not Applicable,Yes,Yes,No,No,No,0,2140.94,1121.42,,0.817,Email,Valid Claim,Chrome,54,System,1.59391,B0495
REC01482,CLM00172,CUS00242,PRD00985,Refrigerator,French Door,Water Leakage,Compressor,HomePro,HOM-REF-271,SN-42397425,2016-06-17,2026-05-05,2026-05-02,120,No,Water Leakage,Manufacturing Defect,Customer reports water leakage affecting water leakage.,Not Applicable,Not Applicable,Not Applicable,Household,Unknown,Not Applicable,Not Applicable,Not Applicable,Not Applicable,Not Applicable,Yes,Yes,No,Yes,Yes,Yes,Not Applicable,Not Applicable,Not Applicable,Yes,Not Applicable,Not Applicable,Not Applicable,No,0,Not Applicable,No,Not Applicable,Yes,Yes,No,No,Yes,1,2810.76,1796.95,0.0,0.869,Service Center,Manual Review,Edge,23,Dark,-1.01977,B0297
REC00224,CLM00864,CUS00373,PRD00851,Television,QLED,Power,Main Unit,HomePro,HOM-TEL-294,SN-13044484,2021-05-31,2024-05-03,2024-04-19,24,Yes,Power Failure,Manufacturing Defect,Customer reports power failure affecting power.,No,Not Applicable,Not Applicable,Not Applicable,Not Applicable,No,Not Applicable,Not Applicable,Not Applicable,Not Applicable,,,Yes,Yes,Yes,Yes,Not Applicable,Not Applicable,Not Applicable,Not Applicable,Not Applicable,Not Applicable,Not Applicable,No,0,Not Applicable,No,Not Applicable,Yes,Yes,No,No,No,1,650.19,238.62,0.0,0.824,Mobile App,Valid Claim,Edge,27,System,0.33987,B0766
REC00062,CLM00558,CUS00225,PRD00767,Television,LED,Connection,Main Unit,PrimeView,PRI-TEL-315,SN-32091828,2022-05-18,2024-12-06,2024-12-02,24,Yes,Connectivity Issue,Manufacturing Defect,Customer reports connectivity issue affecting connection.,No,Not Applicable,Not Applicable,Not Applicable,Not Applicable,Yes,Not Applicable,Not Applicable,Not Applicable,Not Applicable,Yes,Yes,Yes,No,,Yes,Not Applicable,Not Applicable,Not Applicable,Not Applicable,Not Applicable,Not Applicable,Yes,Yes,1,Yes,No,Not Applicable,Yes,Yes,Yes,No,No,1,838.39,95.74,328.0,0.855,Service Center,Invalid Claim,Chrome,1,System,2.05267,B0670
REC01242,CLM01365,CUS00398,PRD00061,Air Conditioner,Split,Outdoor Unit,Main Unit,HomePro,HOM-AIR-275,SN-28628963,2025-01-19,2026-02-20,2026-02-04,24,No,Power Failure,Manufacturing Defect,Customer reports power failure affecting outdoor unit.,Not Applicable,Not Applicable,Not Applicable,Not Applicable,Yes,Not Applicable,Not Applicable,Yes,Outdoor Unit,Not Applicable,No,Yes,Yes,Yes,Yes,No,Yes,Not Applicable,Not Applicable,Not Applicable,Not Applicable,Not Applicable,Not Applicable,No,0,Not Applicable,No,Not Applicable,Yes, Yes ,No,No,No,1,2779.1,1469.72,0.0,0.762,Mobile App,Manual Review,Firefox,15,Dark,0.96668,B0412
REC01000,CLM00722,CUS00240,PRD00469,Air Conditioner,Portable,Both,Main Unit,Aster,AST-AIR-215,SN-41504852,2025-01-24,2026-02-22,2026-02-11,24,No,Power Failure,Water Damage,Customer reports power failure affecting both.,Not Applicable,Not Applicable,Not Applicable,Not Applicable,No,Not Applicable,Not Applicable,No,Both,Not Applicable,,Yes,Yes,Yes,Yes,Yes,Yes,Not Applicable,Not Applicable,Not Applicable,Not Applicable,Not Applicable,Not Applicable,No,0,Not Applicable,No,Not Applicable,Yes,Yes,No,No,No,0,1240.08,1156.87,0.0,0.93,Web,Invalid Claim,Firefox,46,Dark,0.06276,B0161
REC01442,CLM01328,CUS00563,PRD00675,Refrigerator,Single Door,Not Sure,Main Unit,Aster,AST-REF-500,SN-83035184,2022-09-16,2024-02-06,2024-02-03,24,No,Mechanical Failure,Electrical Failure,Customer reports mechanical failure affecting not sure.,Not Applicable,Not Applicable,Not Applicable,Household,No,Not Applicable,Not Applicable,Not Applicable,Not Applicable,Not Applicable,Yes,Yes,No,Yes,No,Yes,Not Applicable,Not Applicable,Not Applicable,Not Applicable,Not Applicable,Not Applicable,Yes,Yes,2,Yes,No,Not Applicable,Yes,Yes,No,No,No,1,1469.4,1148.24,461.56,0.794,Service Center,Manual Review,Chrome,44,Light,0.52305,B0026
REC00733,CLM00448,CUS00622,PRD00713,Laptop,Business Laptop,Device,Main Unit,NovaTech,NOV-LAP-916,SN-49573866,2022-08-19,2024-07-17,2024-07-07,24,No,Connectivity Issue,Manufacturing Defect,Customer reports connectivity issue affecting device.,No,No,Not Applicable,Not Applicable,Not Applicable,Not Applicable,Not Applicable,Not Applicable,Not Applicable,Not Applicable,Yes,Yes,Yes,Yes,Yes,Yes,Not Applicable,Not Applicable,Not Applicable,Not Applicable,Not Applicable,Not Applicable,Not Applicable,No,0,Not Applicable,No,Not Applicable,Yes,Yes,No,No,No,0,2468.09,1844.15,,0.84,Service Center,Valid Claim,Firefox,52,Light,-0.55765,B0036
REC01036,CLM01038,CUS00161,PRD00152,Television,LED,Connection,Display Panel,PrimeView,PRI-TEL-751,SN-66010779,2025-03-22,2026-07-07,2026-07-03,24,No,Connectivity Issue,Electrical Failure,Customer reports connectivity issue affecting connection.,No,Not Applicable,Not Applicable,Not Applicable,Not Applicable,Yes,Not Applicable,Not Applicable,Not Applicable,Not Applicable,Yes,Yes,No,Yes,Yes,Yes,Not Applicable,Not Applicable,No,Not Applicable,Not Applicable,Not Applicable,Yes,Yes,3,Yes,No,Not Applicable,Yes,Yes,No,No,No,1,1600.96,834.28,385.71,,Service Center,Manual Review,Edge,47,Dark,0.42023,B0518
REC01492,CLM01243,CUS00316,PRD00104,Air Conditioner,Portable,Indoor Unit,Main Unit,ZenCore,ZEN-AIR-175,SN-19390166,2024-03-18,2025-08-23,2025-08-13,24,No,Water Leakage,Electrical Failure,Customer reports water leakage affecting indoor unit.,Not Applicable,Not Applicable,Not Applicable,Not Applicable,No,Not Applicable,Not Applicable,No,Indoor Unit,Not Applicable,Yes,Yes,Yes,Yes, Yes ,Yes,No,Not Applicable,Not Applicable,Not Applicable,Not Applicable,Not Applicable,,No,0,Not Applicable,No,Not Applicable,Unknown,Yes,No,No,No,0,2280.41,970.45,0.0,0.805,Web,Manual Review,MobileWebView,18,Light,1.64466,B0010
REC00213,CLM00432,CUS00623,PRD00938,Air Conditioner,Cassette,Both,Compressor,HomePro,HOM-AIR-870,SN-27769877,2021-07-05,2026-07-04,2026-06-12,60,No,Cooling Failure,Accidental Damage,Customer reports cooling failure affecting both.,Not Applicable,Not Applicable,Not Applicable,Not Applicable,No,Not Applicable,Not Applicable,No,Both,Not Applicable,Yes,No,No,Yes,Yes,no,Yes,Not Applicable,Not Applicable,Yes,Not Applicable,Not Applicable,Yes,Yes,3,Unknown,No,Not Applicable,Yes,Yes,No,No,No,0,950.15,203.37,258.31,0.832,Email,Invalid Claim,Safari,35,System,0.24952,B0551
REC01019,CLM01132,CUS00077,PRD00621,Camera,Action Camera,Camera Body,Camera Body,PrimeView,PRI-CAM-338,SN-42005408,2024-07-06,2025-11-12,2025-11-06,24,No,Lens Failure,Manufacturing Defect,Customer reports lens failure affecting camera body.,No,No,Not Applicable,Not Applicable,Not Applicable,Not Applicable,Not Applicable,Not Applicable,Not Applicable,Not Applicable,Yes, No ,Yes,Yes,Yes,Yes,Not Applicable,Not Applicable,Not Applicable,Not Applicable,Not Applicable,Not Applicable,,No,0,Not Applicable,Yes,Yes,Yes,Yes,No,NO,No,0,1400.43,1288.15,0.0,0.869,Email,Valid Claim,MobileWebView,35,Dark,0.17448,B0164
REC00845,CLM01016,CUS00177,PRD00325,Smartphone,Rugged Smartphone,Phone,Main Unit,NovaTech,NOV-SMA-707,SN-37314629,2025-09-23,2026-01-15,2026-01-13,12,No,Display Failure,Manufacturing Defect,Customer reports display failure affecting phone.,No,No,Not Applicable,Not Applicable,Not Applicable,Not Applicable,Not Applicable,Not Applicable,Not Applicable,Not Applicable,Yes,Yes,Yes,Yes,Yes,Yes,Not Applicable,Not Applicable,Not Applicable,Not Applicable,Not Applicable,Not Applicable,Not Applicable,No,0,Not Applicable,No,Not Applicable,Yes,Yes,No,No,No,0,1597.15,634.56,0.0,0.955,Web,Valid Claim,Edge,32,Dark,-1.26831,B0261
REC00593,CLM00790,CUS00267,PRD00827,Camera,Mirrorless,Camera Body,Camera Body,,NOV-CAM-841,SN-50695897,2023-02-05,2024-07-30,2024-07-20,24,No,Lens Failure,Manufacturing Defect,Customer reports lens failure affecting camera body.,No,No,Not Applicable,Not Applicable,Not Applicable,Not Applicable,Not Applicable,Not Applicable,Not Applicable,Not Applicable,YES,Yes,No,Yes,Yes,Yes,Not Applicable,Not Applicable,Not Applicable,Not Applicable,Not Applicable,Not Applicable,Yes,Yes,1,Yes,No,Not Applicable,Yes,Yes,No,No,No,1,2295.21,416.91,172.79,0.907,Service Center,Valid Claim,Safari,21,System,-0.71392,B0132
REC00205,CLM01252,CUS00644,PRD00764,Washing Machine,Washer Dryer,Spinning,Main Unit,PrimeView,PRI-WAS-315,SN-87106861,2024-09-08,2026-02-17,2026-02-15,24,No,Mechanical Failure,Internal Component Failure,Customer reports mechanical failure affecting spinning.,Not Applicable,Not Applicable,Not Applicable,Household,Unknown,Not Applicable,No,Not Applicable,Not Applicable,Not Applicable,Yes,Yes,Yes,Yes,Yes,Yes,Not Applicable,Not Applicable,Not Applicable,Not Applicable,Not Applicable,Not Applicable,Not Applicable,No,0,Not Applicable,Yes,Yes,Yes,Yes,No,No,No,1,1684.87,1557.27,0.0,0.737,Web,Valid Claim,Edge,36,Light,0.60758,B0607
REC01182,CLM01219,CUS00459,PRD00480,Air Conditioner,Split,Both,Compressor,ZenCore,ZEN-AIR-191,SN-90005143,2019-07-24,2024-02-15,2024-01-27,60,No,Noise,Electrical Failure,Customer reports noise affecting both.,Not Applicable,Not Applicable,Not Applicable,Not Applicable,No,Not Applicable,Not Applicable,Yes,Both,Not Applicable,No,Yes,No,Yes,Yes,Yes,Yes,Not Applicable,Not Applicable,Yes,Not Applicable,Not Applicable,Not Applicable,No,0,Not Applicable,No,Not Applicable,Yes,Yes,No,No,No,0,2657.09,222.67,0.0,0.889,Service Center,Valid Claim,Chrome,51,System,-0.52082,B0056
REC01184,CLM00230,CUS00560,PRD00752,Refrigerator,Side-by-Side,Power,Main Unit,HomePro,,SN-66857661,2022-11-12,2024-04-21,2024-04-18,24,No,Power Failure,Electrical Failure,Customer reports power failure affecting power.,Not Applicable,Not Applicable,Not Applicable,Household,No,Not Applicable,Not Applicable,Not Applicable,Not Applicable,Not Applicable,Yes,,Yes,Yes,Yes,Yes,Not Applicable,Not Applicable,Not Applicable,Not Applicable,Not Applicable,Not Applicable,Yes,Yes,2,Yes,No,Not Applicable,Yes,Yes,No,No,No,0,1908.17,418.01,444.2,0.736,Mobile App,Valid Claim,Safari,24,Dark,-1.66167,B0556
REC01037,CLM01281,CUS00281,PRD00797,Printer,Inkjet,Paper Feed,Print Head,PrimeView,PRI-PRI-315,SN-47240363,2023-06-01,2024-05-26,2024-04-26,12,No,Paper Feed Failure,Internal Component Failure,Customer reports paper feed failure affecting paper feed.,Not Applicable,Not Applicable,Not Applicable,Not Applicable,No,Not Applicable,No,Not Applicable,Not Applicable,Original,Yes,Yes,No,Yes,Yes,No,Not Applicable,Not Applicable,Not Applicable,Not Applicable,Not Applicable,Yes,Yes,Yes,1,Yes,No,Not Applicable,Yes,Yes,No,No,No,1,891.21,791.12,54.66,0.617,Mobile App,Manual Review,Chrome,39,Light,0.44764,B0388
REC00240,CLM00195,CUS00033,PRD00095,Washing Machine,Washer Dryer,Water Leakage,Main Unit,PrimeView,PRI-WAS-909,SN-39107004,2023-09-22,2025-04-29,2025-04-21,24,No,Water Leakage,Manufacturing Defect,Customer reports water leakage affecting water leakage.,Not Applicable,Not Applicable,Not Applicable,Household,Yes,Not Applicable,Unknown,Not Applicable,Not Applicable,Not Applicable,Yes,Yes,Yes,Yes,Yes,Yes,Not Applicable,Not Applicable,Not Applicable,Not Applicable,Not Applicable,Not Applicable,Not Applicable,No,0,Not Applicable,No,Not Applicable,Yes,Yes,No,No,No,0,1749.31,387.17,0.0,0.797,Mobile App,Valid Claim,Safari,14,Dark,1.01646,B0126
REC01125,CLM00239,CUS00082,PRD00004,Refrigerator,French Door,Water Leakage,Main Unit,ZenCore,ZEN-REF-703,SN-51353051,2024-04-08,2025-09-27,2025-09-08,24,No,Water Leakage,Electrical Failure,Customer reports water leakage affecting water leakage.,Not Applicable,Not Applicable,Not Applicable,Business,No,Not Applicable,Not Applicable,Not Applicable,Not Applicable,Not Applicable,Yes,Yes,Yes,Yes,Yes,Yes,Not Applicable,Not Applicable,Not Applicable,Not Applicable,Not Applicable,Not Applicable,Not Applicable,No,0,Not Applicable,No,Not Applicable,Yes,Yes, No ,No,No,0,1451.58,742.49,0.0,0.952,Mobile App,Valid Claim,Firefox,27,Light,1.91016,B0287
REC00298,CLM00993,CUS00309,PRD00854,Air Conditioner,Cassette,Indoor Unit,Main Unit,Aster,AST-AIR-134,SN-91885862,2023-08-27,2024-11-30,2024-11-12,24,No,Water Leakage,Internal Component Failure,Customer reports water leakage affecting indoor unit.,Not Applicable,Not Applicable,Not Applicable,Not Applicable,Unknown,Not Applicable,Not Applicable,No,Indoor Unit,Not Applicable,,Yes,No,Yes,Yes,Yes,Yes,Not Applicable,Not Applicable,Not Applicable,Not Applicable,Not Applicable,No,Yes,1,Yes,No,Not Applicable,Yes,Yes,No,No,No,1,2509.32,2118.61,273.52,0.928,Email,Manual Review,Edge,18,Light,-0.44281,B0621
REC00004,CLM01207,CUS00073,PRD00092,Smartphone,Rugged Smartphone,Phone,Main Unit,PrimeView,PRI-SMA-730,SN-86715498,2023-05-04,2024-05-03,2024-04-26,12,No,Battery Problem,Manufacturing Defect,Customer reports battery problem affecting phone.,No,No,Yes,Not Applicable,Not Applicable,Not Applicable,Not Applicable,Not Applicable,Not Applicable,Not Applicable,Yes,Yes,No,Yes,Yes,Yes,Not Applicable,Not Applicable,Not Applicable,Not Applicable,Not Applicable,Not Applicable,Not Applicable,No,0,Not Applicable,No,Not Applicable,Yes,Yes,No,No,No,1,777.77,169.27,0.0,0.728,Mobile App,Valid Claim,MobileWebView,25,Dark,-0.22173,B0884
REC00439,CLM00619,CUS00645,PRD00825,Refrigerator,French Door,Water Leakage,Main Unit,ZenCore,ZEN-REF-664,SN-31946991,2022-06-02,2024-05-16,2024-05-01,24,No,Water Leakage,Commercial Misuse,Customer reports water leakage affecting water leakage.,Not Applicable,Not Applicable,Not Applicable,Household,No,Not Applicable,Not Applicable,Not Applicable,Not Applicable,Not Applicable,Yes,Yes,No,Yes,Yes,Yes,Not Applicable,Not Applicable,Not Applicable,Not Applicable,Not Applicable,Not Applicable,Not Applicable,No,0,Not Applicable,No,Not Applicable,Yes,Yes,No,No,No,0,756.81,663.33,0.0,0.873,Web,Invalid Claim,MobileWebView,24,Dark,-0.0901,B0487
REC01286,CLM00570,CUS00088,PRD00204,Printer,Inkjet,Ink or Toner,Ink Or Toner,NovaTech,NOV-PRI-648,SN-39472522,2024-08-04,2025-05-12,2025-05-05,0,No,Power Failure,Internal Component Failure,Customer reports power failure affecting ink or toner.,Not Applicable,Not Applicable,Not Applicable,Not Applicable,No,Not Applicable,No,Not Applicable,Not Applicable,Original,Yes,No,Yes,Yes,Yes,Yes,Not Applicable,Not Applicable,Not Applicable,Not Applicable,Not Applicable,Yes,Not Applicable,No,0,Not Applicable,No,Not Applicable,Yes,Yes,No,No,No,2,402.61,168.92,0.0,0.746,Web,Invalid Claim,Chrome,49,Dark,-0.44558,B0137
REC01195,CLM00160,CUS00194,PRD00363,Refrigerator,Double Door,Noise,Main Unit,Aster,AST-REF-452,SN-60780418,2024-01-20,2025-03-11,2025-02-21,24,No,Noise,Commercial Misuse,Customer reports noise affecting noise.,Not Applicable,Not Applicable,Not Applicable,Household,No,Not Applicable,Not Applicable,Not Applicable,Not Applicable,Not Applicable,Yes,Yes,Yes,Yes,Yes,Yes,Not Applicable,Not Applicable,Not Applicable,Not Applicable,Not Applicable,Not Applicable,Not Applicable,No,0,Not Applicable,No,Not Applicable,Yes,Yes,No,No,No,0,1510.26,846.15,0.0,0.9,Mobile App,Invalid Claim,Firefox,13,Dark,-0.09313,B0608
REC01170,CLM00992,CUS00023,PRD00422,Television,Mini-LED,Not Sure,Main Unit,HomePro,HOM-TEL-733,SN-94596867,2022-12-07,2024-07-29,2024-07-01,24,No,Power Failure,Manufacturing Defect,Customer reports power failure affecting not sure.,No,Not Applicable,Not Applicable,Not Applicable,Not Applicable,No,Not Applicable,Not Applicable,Not Applicable,Not Applicable,Yes,Yes,Yes,Yes,Yes,,Not Applicable,Not Applicable,Not Applicable,Not Applicable,Not Applicable,Not Applicable,Not Applicable,No,0,Not Applicable,No,Not Applicable,Yes,Yes,No,No,No,0,3044.52,1466.04,0.0,0.84,Web,Valid Claim,Edge,26,Dark,1.07893,B0382
REC00694,CLM00071,CUS00375,PRD00916,Television,LED,Picture,Main Unit,PrimeView,PRI-TEL-807,SN-52872341,2022-12-05,2024-11-21,2024-10-26,24,No,Display Failure,Electrical Failure,Customer reports display failure affecting picture.,No,Not Applicable,Not Applicable,Not Applicable,Not Applicable,Yes,Not Applicable,Not Applicable,Not Applicable,Not Applicable,Yes,Yes,Yes,Yes,Yes,Yes,Not Applicable,Not Applicable,Not Applicable,Not Applicable,Not Applicable,Not Applicable,Not Applicable,No,0,Not Applicable,No,Not Applicable,Yes,Yes,No,No,No,0,1825.82,645.73,0.0,0.972,Email,Valid Claim,Firefox,12,Light,-1.61636,B0891
REC01206,CLM01332,CUS00301,PRD00050,Air Conditioner,Window,Both,Main Unit,Aster,AST-AIR-829,SN-29225252,2023-05-19,2024-06-13,2024-06-10,24,No,Cooling Failure,Manufacturing Defect,Customer reports cooling failure affecting both.,Not Applicable,Not Applicable,Not Applicable,Not Applicable,Unknown,Not Applicable,Not Applicable,No,Both,Not Applicable,Yes,Yes,Yes,Yes,,Yes,Yes,Not Applicable,Not Applicable,Not Applicable,Not Applicable,Not Applicable,Not Applicable,No,0,Not Applicable,No,Not Applicable,Yes,Yes,No,No,No,2,2617.51,1989.71,0.0,0.925,Mobile App,Valid Claim,MobileWebView,28,Light,0.95352,B0852
REC00342,CLM00223,CUS00656,PRD00256,Printer,Laser,Paper Feed,Main Unit,HomePro,HOM-PRI-858,SN-76018258,2024-11-29,2025-06-16,2025-06-03,12,No,Paper Feed Failure,Electrical Failure,Customer reports paper feed failure affecting paper feed.,Not Applicable,Not Applicable,Not Applicable,Not Applicable,Yes,Not Applicable,Yes,Not Applicable,Not Applicable,Original,Yes,Yes,No,Yes,,Yes,Not Applicable,Not Applicable,Not Applicable,Not Applicable,Not Applicable,No,Not Applicable,No,0,Not Applicable,No,Not Applicable,Yes,Yes,No,No,No,0,301.18,147.21,0.0,0.961,Web,Manual Review,Edge,26,System,-0.30109,B0605
REC00257,CLM00531,CUS00667,PRD00071,Washing Machine,Front Load,Noise,Main Unit,ZenCore,ZEN-WAS-444,SN-52273245,2023-10-09,2025-07-23,2025-07-18,24,No,Noise,Internal Component Failure,Customer reports noise affecting noise.,Not Applicable,Not Applicable,Not Applicable,Household,No,Not Applicable,No,Not Applicable,Not Applicable,Not Applicable,Yes,Yes,No,Yes,No,Yes,Not Applicable,Not Applicable,Not Applicable,Not Applicable,Not Applicable,Not Applicable,Yes,Yes,2,Yes,Yes,Yes,Yes,Yes,No,N,No,0,1917.88,,649.57,0.942,Mobile App,Manual Review,Chrome,0,Dark,-1.41104,B0523
REC00594,CLM00385,CUS00188,PRD00518,Camera,DSLR,Not Sure,Camera Body,NovaTech,NOV-CAM-784,SN-73883892,2023-04-19,2024-10-02,2024-09-12,24,No,Lens Failure,Internal Component Failure,Customer reports lens failure affecting not sure.,No,No,Not Applicable,Not Applicable,Not Applicable,Not Applicable,Not Applicable,Not Applicable,Not Applicable,Not Applicable,Yes,Yes,No,Yes,Yes,Yes,Not Applicable,Not Applicable,Not Applicable,Not Applicable,Not Applicable,Not Applicable,Yes,Yes,1,Yes,No,NA,Yes,Yes,No,No,No,1,1715.94,900.63,30.93,0.945,Mobile App,Valid Claim,MobileWebView,51,System,0.908,B0434
REC00278,CLM01025,CUS00572,PRD00967,Television,OLED,Power,Main Unit,Aster,AST-TEL-866,SN-13838076,2024-12-28,2026-02-20,2026-02-05,24,No,Power Failure,Internal Component Failure,Customer reports power failure affecting power.,No,Not Applicable,Not Applicable,Not Applicable,Not Applicable,No,Not Applicable,Not Applicable,Not Applicable,Not Applicable,Yes,Yes,No,Yes,Yes,Yes,Not Applicable,Not Applicable,Not Applicable,Not Applicable,Not Applicable,Not Applicable,Not Applicable,No,0,Not Applicable,No,Not Applicable,Yes,Yes,No,No,No,0,1685.67,401.76,0.0,0.952,Mobile App,Valid Claim,Safari,12,Dark,0.58874,B0016
REC00512,CLM01338,CUS00498,PRD00801,Laptop,2-in-1,Device,Main Unit,NovaTech,NOV-LAP-803,SN-77507498,2024-08-03,2026-04-15,2026-03-31,24,No,Connectivity Issue,Electrical Failure,Customer reports connectivity issue affecting device.,Unknown,No,Not Applicable,Not Applicable,Not Applicable,Not Applicable,Not Applicable,Not Applicable,Not Applicable,Not Applicable,Yes,Yes,No,Yes,Yes,Yes,Not Applicable,Not Applicable,Not Applicable,Not Applicable,Not Applicable,Not Applicable,No,Yes,2,Unknown,No,Not Applicable,Yes,Yes,No,No,No,0,664.11,444.43,504.7,0.776,Web,Manual Review,Edge,21,Dark,-2.75034,B0173
REC00057,CLM01208,CUS00668,PRD00655,Laptop,Gaming Laptop,Device,Main Unit,ZenCore,ZEN-LAP-914,SN-57820355,2021-09-21,2024-09-15,2024-09-11,24,Yes,Display Failure,Internal Component Failure,Customer reports display failure affecting device.,No,No,Not Applicable,Not Applicable,Not Applicable,Not Applicable,Not Applicable,Not Applicable,Not Applicable,Not Applicable,Yes,No,No,Yes,Yes,Yes,Not Applicable,Not Applicable,Not Applicable,Not Applicable,Not Applicable,Not Applicable,Yes,Yes,2,Yes,No,Not Applicable,Yes,Yes,No,No,No,0,962.76,741.16,503.68,0.841,Web,Valid Claim,Edge,36,System,-0.73376,B0328
REC00172,CLM01346,CUS00426,PRD00770,Smartphone,Foldable Smartphone,Phone,Main Unit,NovaTech,NOV-SMA-863,SN-49486074,2023-03-12,2024-02-22,2024-02-17,12,No,Display Failure,Manufacturing Defect,Customer reports display failure affecting phone.,No,No,Not Applicable,Not Applicable,Not Applicable,Not Applicable,Not Applicable,Not Applicable,Not Applicable,Not Applicable,Yes,No,No,Yes,Yes,Yes,Not Applicable,Not Applicable,Not Applicable,Not Applicable,Not Applicable,Not Applicable,,Yes,2,Yes,No,Not Applicable,Yes,Yes,No,No,No,0,730.88,107.52,410.42,0.869,Email,Valid Claim,Chrome,26,System,-0.92412,B0943
REC00792,CLM00822,CUS00078,PRD00134,CAMERA,Mirrorless,Not Sure,Battery,NovaTech,NOV-CAM-390,SN-62636083,2025-08-23,2025-10-29,2025-10-09,6,No,Connectivity Issue,Internal Component Failure,Customer reports connectivity issue affecting not sure.,No,No,Yes,Not Applicable,Not Applicable,Not Applicable,Not Applicable,Not Applicable,Not Applicable,Not Applicable,Yes,Yes,No,Yes,Yes,YES,Not Applicable,Not Applicable,Not Applicable,Not Applicable,Not Applicable,Not Applicable,Not Applicable,No,0,Not Applicable,No,Not Applicable,Yes,Yes,No,No,No,0,2500.45,914.72,0.0,0.902,Mobile App,Valid Claim,MobileWebView,54,Light,0.48607,B0087
REC00249,CLM00730,CUS00568,PRD00699,Television,OLED,Sound,Main Unit,HomePro,HOM-TEL-408,SN-78715972,2024-09-26,2025-11-03,2025-10-10,24,No,Audio Failure,Electrical Failure,Customer reports audio failure affecting sound.,No,Not Applicable,Not Applicable,Not Applicable,Not Applicable,Yes,Not Applicable,Not Applicable,Not Applicable,Not Applicable,No,Yes,No,,No,Yes,Not Applicable,Not Applicable,Not Applicable,Not Applicable,Not Applicable,Not Applicable,Not Applicable,No,0,Not Applicable,No,N/A,Yes,Yes,Yes,No,No,0,530.4,228.24,0.0,0.94,Web,Invalid Claim,MobileWebView,59,Dark,0.88789,B0906
REC00590,CLM01468,CUS00590,PRD00208,Camera,DSLR,Camera Body,Camera Body,PrimeView,PRI-CAM-186,SN-98279105,2023-06-07,2025-06-03,2025-05-22,24,No,Power Failure,Electrical Failure,Customer reports power failure affecting camera body.,No,No,Not Applicable,Not Applicable,Not Applicable,Not Applicable,Not Applicable,Not Applicable,Not Applicable,Not Applicable,Yes,Yes,No,No,No,Yes,Not Applicable,Not Applicable,Not Applicable,Not Applicable,Not Applicable,Not Applicable,,No,0,Not Applicable,No,Not Applicable,Yes,Yes,No,No,No,1,540.19,349.9,0.0,0.906,Web,Manual Review,Chrome,14,System,-0.50936,B0907
REC00350,CLM00355,CUS00138,PRD00639,Air Conditioner,Portable,Outdoor Unit,Compressor,HomePro,HOM-AIR-267,SN-31296622,2020-06-12,2025-04-08,,60,No,Noise,Internal Component Failure,Customer reports noise affecting outdoor unit.,Not Applicable,Not Applicable,Not Applicable,Not Applicable,Unknown,Not Applicable,Not Applicable,No,Outdoor Unit,Not Applicable,Yes,Yes,No,Yes,No,Yes,Yes,Not Applicable,Not Applicable,Yes,Not Applicable,Not Applicable,Not Applicable,No,0,Not Applicable,No,Not Applicable,Yes,Yes,No,No,No,1,2732.03,630.87,0.0,0.982,Email,Manual Review,MobileWebView,27,System,-1.06355,B0918
REC00241,CLM00833,CUS00667,PRD00120,Smartphone,Foldable Smartphone,Battery,Battery,Aster,AST-SMA-716,SN-97191727,2024-06-23,2025-12-27,2025-12-26,12,No,Display Failure,Manufacturing Defect,Customer reports display failure affecting battery.,No,No,Yes,Not Applicable,Not Applicable,Not Applicable,Not Applicable,Not Applicable,Not Applicable,Not Applicable,Yes,Yes,No,Yes,No,Yes,Not Applicable,Yes,Not Applicable,Not Applicable,Not Applicable,Not Applicable,No,Yes,1,Yes,No,Not Applicable,Yes,Yes,No,No,No,1,1004.74,867.4,578.97,0.958,Web,Invalid Claim,Firefox,13,Light,0.94385,B0018
REC00930,CLM01294,CUS00412,PRD00571,Television,Mini-LED,Not Sure,Main Unit,PrimeView,PRI-TEL-889,SN-47028919,2023-10-24,2025-03-08,2025-03-07,24,No,Audio Failure,Internal Component Failure,Customer reports audio failure affecting not sure.,No,Not Applicable,Not Applicable,Not Applicable,Not Applicable,No,Not Applicable,Not Applicable,Not Applicable,Not Applicable,Yes,No,Yes,Yes,Yes,Yes,Not Applicable,Not Applicable,Not Applicable,Not Applicable,Not Applicable,Not Applicable,Yes,yes,3,Yes,No,NA,Yes,Yes,No,No,No,1,2705.78,1453.67,,0.982,Mobile App,Valid Claim,MobileWebView,32,Light,2.50616,B0275
REC01099,CLM00315,CUS00688,PRD00119,Laptop,Consumer Laptop,Battery,Battery,Aster,AST-LAP-704,SN-57005347,2024-10-02,2025-07-08,2025-07-07,12,No,Overheating,Physical Damage,Customer reports overheating affecting battery.,Yes,No,Yes,Not Applicable,Not Applicable,Not Applicable,Not Applicable,Not Applicable,Not Applicable,Not Applicable,Yes,Yes,No,Yes,Yes,Yes,Not Applicable,No,Not Applicable,Not Applicable,Not Applicable,Not Applicable,Not Applicable,No,0,Not Applicable,No,Not Applicable,Yes,Yes,No,No,No,1,1719.49,1607.39,0.0,0.798,Service Center,Invalid Claim,Safari,15,System,-0.86106,B0414
REC00556,CLM00390,CUS00160,PRD00476,Refrigerator,Side-by-Side,Cooling,Main Unit,Aster,AST-REF-243,SN-82319550,2022-01-19,2024-08-10,2024-07-25,24,No,Cooling Failure,Internal Component Failure,Customer reports cooling failure affecting cooling.,Not Applicable,Not Applicable,Not Applicable,Household,Yes,Not Applicable,Not Applicable,Not Applicable,Not Applicable,Not Applicable,Yes,No,No,Yes,Yes,Yes,Not Applicable,Not Applicable,Not Applicable,Not Applicable,Not Applicable,Not Applicable,Yes,Yes,3,Yes,No,Not Applicable,Yes,Yes,No,No,No,1,1991.3,1254.73,165.9,0.867,Mobile App,Invalid Claim,Firefox,57,Light,-0.23007,B0838
REC01018,CLM01345,CUS00439,PRD00449,Air Conditioner,Split,Outdoor Unit,Main Unit,Aster,AST-AIR-838,SN-73184460,2023-01-24,2024-12-25,2024-12-17,24,No,Noise,Internal Component Failure,Customer reports noise affecting outdoor unit.,Not Applicable,Not Applicable,Not Applicable,Not Applicable,No,Not Applicable,Not Applicable,No,Outdoor Unit,Not Applicable,No,No,Yes,Yes,Yes,Yes,Yes,Not Applicable,Not Applicable,Not Applicable,Not Applicable,Not Applicable,Not Applicable,No,0,Not Applicable,No,Not Applicable,Yes,Yes,No,No,No,0,1306.19,1216.84,0.0,0.856,Email,Valid Claim,Firefox,9,System,-0.27294,B0889
REC00802,CLM01081,CUS00499,PRD00886,Air Conditioner,Portable,Indoor Unit,Main Unit,Aster,AST-AIR-857,SN-63182794,2024-10-08,2026-06-17,2026-05-29,24,No,Power Failure,Manufacturing Defect,Customer reports power failure affecting indoor unit.,Not Applicable,Not Applicable,Not Applicable,Not Applicable,Yes,Not Applicable,Not Applicable,No,Indoor Unit,Not Applicable,Yes,Yes,No,Yes,Yes,Yes,Yes,Not Applicable,Not Applicable,Not Applicable,Not Applicable,Not Applicable,Yes,Yes,1,Yes,No,Not Applicable,Yes,Yes,No,No,No,1,2394.11,403.02,,0.872,Service Center,Valid Claim,MobileWebView,50,Light,-0.72139,B0615
REC00983,CLM00235,CUS00166,PRD00324,Air Conditioner,Cassette,Indoor Unit,Main Unit,ZenCore,ZEN-AIR-560,SN-62405863,2024-06-10,2026-02-24,not-a-date,24,No,Power Failure,Electrical Failure,Customer reports power failure affecting indoor unit.,Not Applicable,Not Applicable,Not Applicable,Not Applicable,Yes,Not Applicable,Not Applicable,No,Indoor Unit,Not Applicable,No,Yes,No,Yes,No,Yes,Yes,Not Applicable,Not Applicable,Not Applicable,Not Applicable,Not Applicable,,No,0,Not Applicable,No,Not Applicable,Yes,Yes,No,No,No,0,2576.3,2253.0,0.0,0.778,Web,Manual Review,Edge,1,Dark,0.17194,B0451
REC01455,CLM00512,CUS00387,PRD00336,Smartphone,Rugged Smartphone,Phone,Main Unit,NovaTech,NOV-SMA-411,SN-27963041,2024-03-06,2025-01-05,2024-12-16,12,NO,Battery Problem,Manufacturing Defect,Customer reports battery problem affecting phone.,No,No,Yes,Not Applicable,Not Applicable,Not Applicable,Not Applicable,Not Applicable,Not Applicable,Not Applicable,Yes,,No,Yes,,Yes,Not Applicable,Not Applicable,Not Applicable,Not Applicable,Not Applicable,Not Applicable,Not Applicable,No,0,Not Applicable,No,Not Applicable,Yes,Yes,No,No,No,0,990.1,107.01,0.0,0.835,Service Center,Valid Claim,Safari,25,System,-0.42227,B0993
REC00143,CLM01442,CUS00371,PRD00662,Air Conditioner,Cassette,Both,Main Unit,Aster,AST-AIR-394,SN-77340680,2023-03-19,2024-04-17,2024-04-07,24,No,Noise,Electrical Failure,Customer reports noise affecting both.,Not Applicable,Not Applicable,Not Applicable,Not Applicable,No,Not Applicable,Not Applicable,No,Both,Not Applicable,Yes,Yes,No,Yes,,Yes,Yes,Not Applicable,Not Applicable,Not Applicable,Not Applicable,Not Applicable,Not Applicable,No,0,Not Applicable,No,Not Applicable,Yes,Yes,No,No,No,50,791.94,722.57,0.0,0.473,Web,Manual Review,Firefox,18,Dark,0.76975,B0971
REC00649,CLM00374,CUS00217,PRD00387,Laptop,2-in-1,Device,Main Unit,ZenCore,ZEN-LAP-371,SN-82554670,2024-11-19,2025-12-23,2025-12-23,24,No,Display Failure,Accidental Damage,Customer reports display failure affecting device.,No,Unknown,Not Applicable,Not Applicable,Not Applicable,Not Applicable,Not Applicable,Not Applicable,Not Applicable,Not Applicable,Yes,No,No,,Yes,Yes,Not Applicable,Not Applicable,Not Applicable,Not Applicable,Not Applicable,Not Applicable,Not Applicable,No,0,Not Applicable,No,Not Applicable,Yes,Yes,No,No,No,2,911.73,647.37,0.0,0.772,Web,Invalid Claim,Edge,32,System,0.99726,B0539
REC00746,CLM00481,CUS00052,PRD00883,Camera,Mirrorless,Lens,Lens,PrimeView,PRI-CAM-167,SN-29379699,2024-10-09,2026-03-27,2026-03-18,24,No,Display Failure,Internal Component Failure,Customer reports display failure affecting lens.,No,No,Not Applicable,Not Applicable,Not Applicable,Not Applicable,Not Applicable,Not Applicable,Not Applicable,Not Applicable,Yes,,Yes,Yes,Yes,Yes,Not Applicable,Not Applicable,Not Applicable,Not Applicable,Yes,Not Applicable,Not Applicable,No,0,Not Applicable,Yes,Yes,Yes,Yes,No,No,No,1,1139.95,418.36,0.0,0.572,Service Center,Manual Review,Edge,48,Light,-0.06622,B0177
REC00953,CLM00202,CUS00685,PRD00485,Camera,DSLR,Battery,Battery,Aster,AST-CAM-788,SN-69200782,2025-05-29,2025-10-03,2025-09-28,6,No,Connectivity Issue,Manufacturing Defect,Customer reports connectivity issue affecting battery.,No,No,Yes,Not Applicable,Not Applicable,Not Applicable,Not Applicable,Not Applicable,Not Applicable,Not Applicable,No,No,No,Yes,Yes,No,Not Applicable,Not Applicable,Not Applicable,Not Applicable,Not Applicable,Not Applicable,Yes,Yes,3,Yes,No,Not Applicable,Yes,Yes,No,No,No,1,2609.32,1442.22,367.7,0.771,Web,Manual Review,MobileWebView,33,System,0.49642,B0820
REC01398,CLM01295,CUS00056,PRD00721,Washing Machine,Washer Dryer,Noise,Main Unit,ZenCore,ZEN-WAS-742,SN-12894746,2021-11-28,2024-10-09,2024-09-27,24,Yes,Noise,Electrical Failure,Customer reports noise affecting noise.,Not Applicable,Not Applicable,Not Applicable,Household,Yes,Not Applicable,No,Not Applicable,Not Applicable,Not Applicable,Yes,Yes,Yes,Yes,Yes,Yes,Not Applicable,Not Applicable,Not Applicable,Not Applicable,Not Applicable,Not Applicable,Not Applicable,No,0,Not Applicable,No,Not Applicable,Yes,Yes,No,No,No,2,536.52,110.09,0.0,0.878,Web,Valid Claim,Safari,28,System,-0.49091,B0108
REC00146,CLM01446,CUS00610,PRD00339,Washing Machine,Top Load,Power,Main Unit,PrimeView,PRI-WAS-192,SN-57349286,2022-11-14,2025-07-31,2025-07-28,24,Yes,Power Failure,Internal Component Failure,Customer reports power failure affecting power.,Not Applicable,Not Applicable,Not Applicable,Household,No,Not Applicable,No,Not Applicable,Not Applicable,Not Applicable,Yes,Yes,No,Yes,,Yes,Not Applicable,Not Applicable,Not Applicable,Not Applicable,Not Applicable,Not Applicable,Not Applicable,No,0,Not Applicable,Yes,Yes,Yes,Yes,No,No,No,1,459.1,337.68,0.0,0.565,Web,Manual Review,Firefox,37,Dark,-0.09299,B0817
REC00955,CLM00551,CUS00566,PRD00806,Television,LED,Not Sure,Display Panel,Aster,AST-TEL-887,SN-85468504,2024-01-15,2025-10-06,2025-09-03,24,No,Display Failure,Misuse,Customer reports display failure affecting not sure.,Unknown,Not Applicable,Not Applicable,Not Applicable,Not Applicable,No,Not Applicable,Not Applicable,Not Applicable,Not Applicable,Yes,Yes,Yes,No,Yes,Yes,Not Applicable,Not Applicable,Yes,Not Applicable,Not Applicable,Not Applicable,Not Applicable,No,0,Not Applicable,No,Not Applicable,Yes,Yes,No,No,No,2,1222.0,1047.05,0.0,0.938,Email,Invalid Claim,Safari,42,Dark,-1.08584,B0146
REC00672,CLM00114,CUS00423,PRD00164,Laptop,2-in-1,Charger,Power Adapter,ZenCore,ZEN-LAP-201,SN-59548456,2024-05-31,2024-11-29,2024-11-25,12,No,Connectivity Issue,Electrical Failure,Customer reports connectivity issue affecting charger.,No,No,Not Applicable,Not Applicable,Not Applicable,Not Applicable,Not Applicable,Not Applicable,Not Applicable,Not Applicable,Yes,Yes,No,Yes,Yes,Yes,Not Applicable,Not Applicable,Not Applicable,Not Applicable,Not Applicable,Not Applicable,Not Applicable,No,0,Not Applicable,No,Not Applicable,Unknown,Yes,No,No,No,2,1477.91,1122.26,0.0,0.766,Web,Manual Review,Firefox,22,Light,-0.87097,B0716
REC00333,CLM00768,CUS00077,PRD00223,Television,LED,Sound,Main Unit,PrimeView,PRI-TEL-942,SN-92589900,2022-04-27,2024-01-25,2023-12-21,24,No,Audio Failure,Electrical Failure,Customer reports audio failure affecting sound.,No,Not Applicable,Not Applicable,Not Applicable,Not Applicable,No,Not Applicable,Not Applicable,Not Applicable,Not Applicable,Yes,Yes,No,Yes,Yes,Yes,Not Applicable,Not Applicable,Not Applicable,Not Applicable,Not Applicable,Not Applicable,Not Applicable,No,0,Not Applicable,No,Not Applicable,Unknown,Yes,No,No,No,0,1530.93,1188.07,0.0,0.727,Service Center,Invalid Claim,Safari,8,Dark,-0.45994,B0660
REC00336,CLM00535,CUS00339,PRD00988,Smartphone,Rugged Smartphone,Phone,Main Unit,Aster,AST-SMA-718,SN-47998933,2025-06-01,2025-11-06,2025-10-22,12,No,Display Failure,Internal Component Failure,Customer reports display failure affecting phone.,No,No,Not Applicable,Not Applicable,Not Applicable,Not Applicable,Not Applicable,Not Applicable,Not Applicable,Not Applicable,Yes,Yes,No,No,Yes,Yes,Not Applicable,Not Applicable,Not Applicable,Not Applicable,Not Applicable,Not Applicable,Yes,Yes,1,Yes,No,Not Applicable,Yes,Yes,No,No,No,1,802.93,396.66,285.45,0.885,Web,Valid Claim,Safari,24,Light,-0.33787,B0660
REC-DUP-0039,CLM00898,CUS00052,PRD00966,Printer,Laser,Ink or Toner,Ink Or Toner,HomePro,HOM-PRI-234,SN-58188993,2026-02-25,2026-08-18,2026-08-04,0,No,Mechanical Failure,Electrical Failure,Customer reports mechanical failure affecting ink or toner.,Not Applicable,Not Applicable,Not Applicable,Not Applicable,No,Not Applicable,No,Not Applicable,Not Applicable,Original,Yes,Yes,No,Yes,Yes,Yes,Not Applicable,Not Applicable,Not Applicable,Not Applicable,Not Applicable,Yes,Not Applicable,No,0,Not Applicable,No,Not Applicable,Yes,Yes,No,No,No,1,491.2,213.72,0.0,0.757,Service Center,Invalid Claim,Edge,5,Light,-1.05653,B0340
REC00745,CLM00494,CUS00262,PRD00998,Smartphone,Standard Smartphone,Phone,Main Unit,PrimeView,PRI-SMA-740,SN-21956420,2025-02-08,2026-06-05,2026-05-31,12,No,Overheating,Misuse,Customer reports overheating affecting phone.,No,No,Not Applicable,Not Applicable,Not Applicable,Not Applicable,Not Applicable,Not Applicable,Not Applicable,Not Applicable,Yes,Yes,No,Yes,Yes,No,Not Applicable,Not Applicable,Not Applicable,Not Applicable,Not Applicable,Not Applicable,Yes,Yes,2,Yes,No,Not Applicable,Yes,Yes,No,No,No,0,444.57,178.05,604.98,0.813,Mobile App,Invalid Claim,Chrome,9,System,0.54755,B0504
REC01308,CLM00240,CUS00041,PRD00760,Refrigerator,French Door,Power,Main Unit,Aster,AST-REF-686,SN-60086727,2022-09-13,2024-10-28,2024-10-02,24,No,Power Failure,Internal Component Failure,Customer reports power failure affecting power.,Not Applicable,Not Applicable,Not Applicable,Household,No,Not Applicable,Not Applicable,Not Applicable,Not Applicable,Not Applicable,Yes,Yes,Yes,No,Yes,,Not Applicable,Not Applicable,Not Applicable,Not Applicable,Not Applicable,Not Applicable,Not Applicable,No,0,Not Applicable,No,Not Applicable,Yes,Yes,No,No,No,2,1387.08,1061.06,0.0,0.915,Email,Invalid Claim,MobileWebView,12,Dark,-0.35823,B0295
REC-DUP-0010,CLM00253,CUS00611,PRD00822,Smartphone,Foldable Smartphone,Phone,Main Unit,Aster,AST-SMA-769,SN-92772192,2025-07-12,2025-12-03,2025-11-25,12,No,Overheating,Electrical Failure,Customer reports overheating affecting phone.,No,No,Not Applicable,Not Applicable,Not Applicable,Not Applicable,Not Applicable,Not Applicable,Not Applicable,Not Applicable,Yes,No,No,Yes,Yes,No,Not Applicable,Not Applicable,Not Applicable,Not Applicable,Not Applicable,Not Applicable,Not Applicable,No,0,Not Applicable,No,Not Applicable,Yes,Yes,No,No,No,1,599.99,490.48,0.0,0.885,Mobile App,Manual Review,Firefox,35,Dark,1.73791,B0833
REC00289,CLM01291,CUS00111,PRD00451,Television,Mini-LED,Sound,Main Unit,PrimeView,PRI-TEL-251,SN-70605409,2022-11-15,2024-10-01,2024-09-14,24,No,Audio Failure,Electrical Failure,Customer reports audio failure affecting sound.,No,Not Applicable,Not Applicable,Not Applicable,Not Applicable,No,Not Applicable,Not Applicable,Not Applicable,Not Applicable,Yes,Yes,No,Yes,No,,Not Applicable,Not Applicable,Not Applicable,Not Applicable,Not Applicable,Not Applicable,,No,0,Not Applicable,No,Not Applicable,Yes,Yes,No,No,No,1,2222.3,1264.27,0.0,0.533,Web,Manual Review,Chrome,21,Dark,-0.85121,B0260
REC00438,CLM00356,CUS00491,PRD00474,Smartphone,Foldable Smartphone,Phone,Main Unit,PrimeView,PRI-SMA-628,SN-94248000,2024-04-19,2025-02-17,2025-01-21,12,No,Power Failure,Internal Component Failure,Customer reports power failure affecting phone.,Yes,Unknown,Not Applicable,Not Applicable,Not Applicable,Not Applicable,Not Applicable,Not Applicable,Not Applicable,Not Applicable,Yes,Yes,Yes,Yes,Yes,Yes,Not Applicable,Not Applicable,Not Applicable,Not Applicable,Not Applicable,Not Applicable,Yes,Yes,1,Unknown,No,Not Applicable,Yes,Yes,No,No,No,0,906.39,575.63,304.61,0.775,Email,Manual Review,Firefox,39,System,0.1675,B0651
REC01385,CLM00959,CUS00324,PRD00065,Smartphone,Rugged Smartphone,Phone,Main Unit,NovaTech,NOV-SMA-846,SN-23573440,2024-02-11,2025-08-27,2025-08-15,12,No,Overheating,Electrical Failure,Customer reports overheating affecting phone.,No,No,Not Applicable,Not Applicable,Not Applicable,Not Applicable,Not Applicable,Not Applicable,Not Applicable,Not Applicable,Yes,No,No,Yes,,Yes,Not Applicable,Not Applicable,Not Applicable,Not Applicable,Not Applicable,Not Applicable,Not Applicable,No,0,Not Applicable,No,Not Applicable,Yes,Yes,No,No,No,1,740.38,508.08,0.0,0.744,Mobile App,Invalid Claim,Safari,36,Dark,-1.33199,B0442
REC00686,CLM01251,CUS00153,PRD00129,Laptop,Consumer Laptop,Device,Main Unit,NovaTech,NOV-LAP-844,SN-47453077,2024-05-02,2025-07-24,2025-07-14,24,No,Overheating,Electrical Failure,Customer reports overheating affecting device.,No,No,Not Applicable,Not Applicable,Not Applicable,Not Applicable,Not Applicable,Not Applicable,Not Applicable,Not Applicable,Yes,No,Yes,Yes,Yes,Yes,Not Applicable,Not Applicable,Not Applicable,Not Applicable,Not Applicable,Not Applicable,Yes,Yes,1,Yes,Yes,Yes,Yes,Yes,No,No,No,2,2411.38,1131.26,138.73,,Mobile App,Valid Claim,Safari,6,Dark,-0.25504,B0244
REC00202,CLM00244,CUS00280,PRD00701,Washing Machine,Front Load,Water Leakage,Motor,,HOM-WAS-120,SN-49994446,2014-10-12,2024-04-29,2024-04-17,120,No,Water Leakage,Internal Component Failure,Customer reports water leakage affecting water leakage.,Not Applicable,Not Applicable,Not Applicable,Household,No,Not Applicable,No,Not Applicable,Not Applicable,Not Applicable,Yes,Yes,Yes,Yes,Yes,Yes,Not Applicable,Not Applicable,Not Applicable,Yes,Not Applicable,Not Applicable,Not Applicable,No,0,Not Applicable,No,Not Applicable,Yes,Yes,No,No,No,0,597.59,194.51,0.0,0.506,Web,Manual Review,MobileWebView,18,Light,1.60888,B0126
REC00713,CLM00280,CUS00537,PRD00868,Printer,Thermal,Power,Print Head,PrimeView,PRI-PRI-583,SN-84972684,2024-04-27,2025-04-09,2025-04-01,12,No,Power Failure,Manufacturing Defect,Customer reports power failure affecting power.,Not Applicable,Not Applicable,Not Applicable,Not Applicable,No,Not Applicable,Yes,Not Applicable,Not Applicable,Original,Yes,Yes,Yes,Yes,,Y,Not Applicable,Not Applicable,Not Applicable,Not Applicable,Not Applicable,Yes,Not Applicable,No,0,Not Applicable,No,Not Applicable,Yes,Yes,No,No,No,0,350.02,101.22,0.0,0.815,Mobile App,Valid Claim,Safari,14,Light,-0.61082,B0995
REC01189,CLM00154,CUS00274,PRD00902,Camera,Mirrorless,Camera Body,Camera Body,primeview,PRI-CAM-404,SN-19429964,2022-09-22,2025-09-16,2025-08-25,24,No,Battery Problem,Sensor Contamination Due To Misuse,Customer reports battery problem affecting camera body.,No,No,Yes,Not Applicable,Not Applicable,Not Applicable,Not Applicable,Not Applicable,Not Applicable,Not Applicable,No,Yes,Yes,Yes,Yes,Yes,Not Applicable,Not Applicable,Not Applicable,Not Applicable,Not Applicable,Not Applicable,Yes,Yes,1,Yes,Yes,Yes,Yes,Yes,No,No,No,0,1447.84,882.3,63.39,,Web,Invalid Claim,Edge,17,Light,-0.23658,B0300
REC00242,CLM00363,CUS00475,PRD00046,Smartphone,Foldable Smartphone,Phone,Main Unit,NovaTech,NOV-SMA-267,SN-55868842,2023-10-09,2024-05-04,2024-03-21,12,No,Power Failure,Accidental Damage,Customer reports power failure affecting phone.,Yes,No,Not Applicable,Not Applicable,Not Applicable,Not Applicable,Not Applicable,Not Applicable,Not Applicable,Not Applicable,Yes,No,Yes,,Yes,Yes,Not Applicable,Not Applicable,Not Applicable,Not Applicable,Not Applicable,Not Applicable,Yes,Yes,1,Yes,No,Not Applicable,Yes,Yes,No,No,No,0,1368.08,450.47,178.0,0.46,Mobile App,Invalid Claim,Firefox,36,Light,-1.01327,B0092
REC01252,CLM00587,CUS00668,PRD00362,Washing Machine,Washer Dryer,Spinning,Main Unit,HomePro,HOM-WAS-423,SN-47786852,2024-06-23,2025-10-21,2025-10-08,24,NO,Mechanical Failure,Electrical Failure,Customer reports mechanical failure affecting spinning.,Not Applicable,Not Applicable,Not Applicable,Business,No,Not Applicable,No,Not Applicable,Not Applicable,Not Applicable,Yes,No,No,Yes,Yes,Yes,Not Applicable,Not Applicable,Not Applicable,Not Applicable,Not Applicable,Not Applicable,Not Applicable,No,0,Not Applicable,No,Not Applicable,Yes,Yes,No,No,No,0,1911.86,1618.12,0.0,0.766,Email,Valid Claim,Firefox,30,Light,-0.13434,B0821
REC00689,CLM01263,CUS00549,PRD00422,Television,Mini-LED,Connection,Main Unit,Aster,AST-TEL-475,SN-75871720,2022-09-21,2024-02-06,2024-01-19,24,No,Connectivity Issue,Internal Component Failure,Customer reports connectivity issue affecting connection.,No,Not Applicable,Not Applicable,Not Applicable,Not Applicable,No,Not Applicable,Not Applicable,Not Applicable,Not Applicable,,Yes,Yes,Yes,Yes,Yes,Not Applicable,Not Applicable,Not Applicable,Not Applicable,Not Applicable,Not Applicable,Not Applicable,No,0,Not Applicable,No,Not Applicable,Yes,Yes,No,No,No,1,1946.02,261.92,0.0,0.975,Service Center,Valid Claim,Edge,17,System,-0.71148,B0274
REC00795,CLM01377,CUS00381,PRD00931,Air Conditioner,Window,Outdoor Unit,Main Unit,HomePro,HOM-AIR-388,SN-83897380,2024-08-03,2025-09-23,2025-09-21,24,No,Water Leakage,Internal Component Failure,Customer reports water leakage affecting outdoor unit.,Not Applicable,Not Applicable,Not Applicable,Not Applicable,No,Not Applicable,Not Applicable,No,Outdoor Unit,Not Applicable,Yes,No,No,Yes,Yes,,Yes,Not Applicable,Not Applicable,Not Applicable,Not Applicable,Not Applicable,,Yes,3,Unknown,No,Not Applicable,Yes,Yes,No,No,No,0,1926.39,1757.12,513.48,,Email,Manual Review,Chrome,20,System,-1.81927,B0624
REC01029,CLM00020,CUS00476,PRD00498,Refrigerator,Double Door,Water Leakage,Main Unit,ZenCore,ZEN-REF-517,SN-38414211,2024-01-17,2025-09-18,2025-09-12,24,No,Water Leakage,Manufacturing Defect,Customer reports water leakage affecting water leakage.,Not Applicable,Not Applicable,Not Applicable,Household,No,Not Applicable,Not Applicable,Not Applicable,Not Applicable,Not Applicable,Yes,Yes,No,Yes,Yes,Yes,Not Applicable,Not Applicable,Not Applicable,Not Applicable,Not Applicable,Not Applicable,Not Applicable,No,0,Not Applicable,No,Not Applicable,Yes,Yes,No,No,No,1,1162.25,472.54,0.0,0.82,Web,Valid Claim,MobileWebView,57,System,1.06415,B0531
REC01371,CLM01340,CUS00255,PRD00692,Television,QLED,Remote Control,Remote Control,HomePro,HOM-TEL-550,SN-95709275,2025-05-08,2025-07-11,2025-07-05,6,No,Connectivity Issue,Internal Component Failure,Customer reports connectivity issue affecting remote control.,No,Not Applicable,Not Applicable,Not Applicable,Not Applicable,No,Not Applicable,Not Applicable,Not Applicable,Not Applicable,Yes,Yes,Yes,Yes,No,,Not Applicable,Not Applicable,Not Applicable,Not Applicable,Not Applicable,Not Applicable,,No,0,Not Applicable,No,Not Applicable,Unknown,Yes,No,No,No,1,1951.05,303.15,0.0,0.826,Mobile App,Manual Review,Safari,43,Light,-1.65867,B0857
REC00034,CLM01463,CUS00530,PRD00761,Air Conditioner,Cassette,Outdoor Unit,Main Unit,Aster,AST-AIR-338,SN-74002281,2022-09-06,2025-08-22,2025-08-14,24,Yes,Water Leakage,Internal Component Failure,Customer reports water leakage affecting outdoor unit.,Not Applicable,Not Applicable,Not Applicable,Not Applicable,Yes,Not Applicable,Not Applicable,No,Outdoor Unit,Not Applicable,Yes,Yes,No,Yes,Yes,No,No,Not Applicable,Not Applicable,Not Applicable,Not Applicable,Not Applicable,Not Applicable,No,0,Not Applicable,No,Not Applicable,Yes,Yes,No,No,No,1,1765.02,1404.68,0.0,0.745,Web,Manual Review,Safari,42,System,-0.13112,B0302
REC00783,CLM00174,CUS00666,PRD00032,Smartphone,Foldable Smartphone,Phone,Main Unit,NovaTech,NOV-SMA-241,SN-65630377,2023-05-22,2024-08-02,2024-07-18,12,Yes,Power Failure,Misuse,Customer reports power failure affecting phone.,No,No,Not Applicable,Not Applicable,Not Applicable,Not Applicable,Not Applicable,Not Applicable,Not Applicable,Not Applicable,Yes,Yes,Yes,Yes,Yes,Yes,Not Applicable,Not Applicable,Not Applicable,Not Applicable,Not Applicable,Not Applicable,,Yes,3,No,No,Not Applicable,Yes,Yes,No,Yes,No,0,448.44,187.07,187.5,0.579,Web,Invalid Claim,MobileWebView,28,Light,-0.7803,B0115
REC00715,CLM00557,CUS00605,PRD00361,Washing Machine,Front Load,Power,Motor,HomePro,HOM-WAS-884,SN-49706666,2016-11-09,2026-01-23,2026-01-17,120,No,Power Failure,Electrical Failure,Customer reports power failure affecting power.,Not Applicable,Not Applicable,Not Applicable,Household,No,Not Applicable,Yes,Not Applicable,Not Applicable,Not Applicable,Yes,Yes,Yes,Yes,Yes,Yes,Not Applicable,Not Applicable,Not Applicable,Yes,Not Applicable,Not Applicable,Not Applicable,No,0,Not Applicable,No,Not Applicable,Yes,Yes,No,No,Yes,1,631.61,54.62,0.0,0.886,Service Center,Manual Review,Safari,57,Dark,-0.66016,B0416
REC00500,CLM00412,CUS00552,PRD00409,Television,QLED,Power,Main Unit,PrimeView,PRI-TEL-506,SN-54392933,2023-04-18,2026-01-17,2025-12-16,24, No ,Power Failure,Internal Component Failure,Customer reports power failure affecting power.,Yes,Not Applicable,Not Applicable,Not Applicable,Not Applicable,No,Not Applicable,Not Applicable,Not Applicable,Not Applicable,Yes,Yes,No,No,Yes,Yes,Not Applicable,Not Applicable,Not Applicable,Not Applicable,Not Applicable,Not Applicable,Not Applicable,No,0,Not Applicable,No,Not Applicable,Yes,Yes,No,No,No,1,2405.95,1897.81,0.0,0.815,Web,Invalid Claim,MobileWebView,33,Light,-1.06702,B0913
REC00841,CLM00806,CUS00138,PRD00354,Television,QLED,Power,Main Unit,Aster,AST-TEL-643,SN-85324638,2023-01-13,2024-07-08,2024-06-22,24,No,Power Failure,Electrical Failure,Customer reports power failure affecting power.,No,Not Applicable,Not Applicable,Not Applicable,Not Applicable,Yes,Not Applicable,Not Applicable,Not Applicable,Not Applicable,Yes,Yes,Yes,Yes,Yes,Yes,Not Applicable,Not Applicable,Not Applicable,Not Applicable,Not Applicable,Not Applicable,Not Applicable,No,0,Not Applicable,No,Not Applicable,Yes,Yes,No,No,No,1,2257.08,1013.26,0.0,0.752,Email,Valid Claim,Edge,40,Light,-0.19239,B0732
REC00139,CLM01415,CUS00071,PRD00075,Camera,Action Camera,Battery,Battery,NovaTech,NOV-CAM-851,SN-88303397,2024-03-02,2024-07-30,2024-07-09,6,No,Power Failure,Electrical Failure,Customer reports power failure affecting battery.,No,No,Yes,Not Applicable,Not Applicable,Not Applicable,Not Applicable,Not Applicable,Not Applicable,Not Applicable,Yes,Yes,Yes,Yes,No,Yes,Not Applicable,Not Applicable,Not Applicable,Not Applicable,Not Applicable,Not Applicable,Not Applicable,No,0,Not Applicable,No,Not Applicable,Yes,Yes,No,No, No ,0,2301.2,1093.82,0.0,0.825,Email,Manual Review,Safari,38,Light,-1.01562,B0442
REC00208,CLM00426,CUS00034,PRD00726,Television,Mini-LED,Not Sure,Main Unit,Aster,AST-TEL-504,SN-72694381,2024-06-16,2025-10-31,2025-10-12,24,No,Display Failure,Manufacturing Defect,Customer reports display failure affecting not sure.,No,Not Applicable,Not Applicable,Not Applicable,Not Applicable,Yes,Not Applicable,Not Applicable,Not Applicable,Not Applicable,Yes,Yes,No,Yes,Yes,No,Not Applicable,Not Applicable,Not Applicable,Not Applicable,Not Applicable,Not Applicable,Yes,Yes,2,Yes,No,Not Applicable,Yes,Yes,No,No,No,2,2205.76,1589.41,463.07,1.25,Mobile App,Manual Review,Firefox,30,System,0.41293,B0291
REC01259,CLM00134,CUS00652,PRD00612,Washing Machine,Top Load,Washing,Main Unit,HomePro,HOM-WAS-992,SN-19264217,2022-05-27,2024-05-05,2024-04-19,24,No,Mechanical Failure,Manufacturing Defect,Customer reports mechanical failure affecting washing.,Not Applicable,Not Applicable,Not Applicable,Household,No,Not Applicable,No,Not Applicable,Not Applicable,Not Applicable,Yes,Yes,Yes,Yes,Yes,,Not Applicable,Not Applicable,Not Applicable,Not Applicable,Not Applicable,Not Applicable,Not Applicable,No,0,Not Applicable,No,Not Applicable,Yes,Yes,No,No,No,1,450.2,282.87,0.0,0.623,Web,Manual Review,Chrome,50,Dark,-0.35197,B0846
REC00801,CLM01336,CUS00681,PRD00618,Laptop,Gaming Laptop,Device,Main Unit,ZenCore,ZEN-LAP-478,SN-84839526,2021-04-16,2024-03-06,2024-02-20,24,Yes,Overheating,Electrical Failure,Customer reports overheating affecting device.,No,No,Not Applicable,Not Applicable,Not Applicable,Not Applicable,Not Applicable,Not Applicable,Not Applicable,Not Applicable,Yes,,No,Yes,Yes,Yes,Not Applicable,Not Applicable,Not Applicable,Not Applicable,Not Applicable,Not Applicable,Not Applicable,No,0,Not Applicable,No,Not Applicable,Yes,Yes,No,No,No,0,1133.85,241.85,0.0,0.893,Email,Valid Claim,Safari,52,Light,1.87375,B0976
REC00321,CLM00318,CUS00239,PRD00320,Refrigerator,French Door,Cooling,Main Unit,HomePro,HOM-REF-256,SN-78016786,2024-11-16,2026-04-25,2026-03-13,24,No,Cooling Failure,Water Damage,Customer reports cooling failure affecting cooling.,Not Applicable,Not Applicable,Not Applicable,Business,Yes,Not Applicable,Not Applicable,Not Applicable,Not Applicable,Not Applicable,Yes,Yes,No,Yes,Yes,Yes,Not Applicable,Not Applicable,Not Applicable,Not Applicable,Not Applicable,Not Applicable,Not Applicable,No,0,Not Applicable,Yes,Yes,Yes,Yes,No,No,No,0,1138.09,719.98,0.0,0.978,Service Center,Invalid Claim,Edge,21,Dark,-0.88455,B0089
REC00743,CLM00176,CUS00021,PRD00128,Television,Mini-LED,Not Sure,Main Unit,HomePro,HOM-TEL-988,SN-92512713,2021-02-28,2025-01-05,2025-01-02,24,Yes,Connectivity Issue,Electrical Failure,Customer reports connectivity issue affecting not sure.,No,Not Applicable,Not Applicable,Not Applicable,Not Applicable,No,Not Applicable,Not Applicable,Not Applicable,Not Applicable,Yes,Yes,Yes,Yes,Yes,Yes,Not Applicable,Not Applicable,Not Applicable,Not Applicable,Not Applicable,Not Applicable,No,Yes,3,Unknown,No,Not Applicable,Yes,No,No,No,No,1,615.26,180.15,468.32,0.761,Web,Invalid Claim,MobileWebView,46,System,-0.49881,B0189
REC00128,CLM00865,CUS00382,PRD00648,Washing Machine,Washer Dryer,Other,Motor,HomePro,HOM-WAS-712,SN-66644300,2017-02-18,2026-08-10,2026-07-19,120,No,Mechanical Failure,Manufacturing Defect,Customer reports mechanical failure affecting other.,Not Applicable,Not Applicable,Not Applicable,Household,No,Not Applicable,No,Not Applicable,Not Applicable,Not Applicable,Yes,No,No,Yes,Yes,Yes,Not Applicable,Not Applicable,Not Applicable,Yes,Not Applicable,Not Applicable,Yes,Yes,2,Yes,No,Not Applicable,Yes,Yes,No,No,No,1,1782.49,857.35,398.52,0.889,Web,Valid Claim,Safari,35,Light,-1.21552,B0816
REC00495,CLM00753,CUS00526,PRD00539,Camera,Compact,Camera Body,Camera Body,PrimeView,PRI-CAM-637,SN-76244134,2024-04-25,2026-01-14,2026-01-11,24,No,Power Failure,Water Damage,Customer reports power failure affecting camera body.,No,Yes,Not Applicable,Not Applicable,Not Applicable,Not Applicable,Not Applicable,Not Applicable,Not Applicable,Not Applicable,Yes,Yes,Yes,Yes,Yes,Yes,Not Applicable,Not Applicable,Not Applicable,Not Applicable,Not Applicable,Not Applicable,Yes,Yes,2,Yes,No,Not Applicable,Yes,Yes,No,No,NO,0,3171.7,1891.04,518.05,0.824,Service Center,Invalid Claim,MobileWebView,54,Dark,0.39178,B0389
REC01292,CLM00900,CUS00320,PRD00194,Laptop,Gaming Laptop,Battery,Battery,NovaTech,NOV-LAP-877,SN-51021110,2024-10-31,2025-04-30,2025-04-09,12,No,Overheating,Manufacturing Defect,Customer reports overheating affecting battery.,No,No,Yes,Not Applicable,Not Applicable,Not Applicable,Not Applicable,Not Applicable,Not Applicable,Not Applicable,Yes,No,Yes,Yes,Yes,Yes,Not Applicable,Yes,Not Applicable,Not Applicable,Not Applicable,Not Applicable,Not Applicable,No,0,Not Applicable,Yes,Yes,Yes,Yes,No,No,No,0,2152.42,1398.23,0.0,0.818,Email,Valid Claim,Safari,47,Light,0.3732,B0006
REC00748,CLM00729,CUS00380,PRD00433,Printer,Laser,Power,Main Unit,NovaTech,NOV-PRI-768,SN-66183764,2023-12-02,2025-01-12,2024-12-09,12,No,Power Failure,Manufacturing Defect,Customer reports power failure affecting power.,Not Applicable,Not Applicable,Not Applicable,Not Applicable,No,Not Applicable,No,Not Applicable,Not Applicable,Compatible,Yes,Yes,Yes,Yes,Yes,Yes,Not Applicable,Not Applicable,Not Applicable,Not Applicable,Not Applicable,Yes,Not Applicable,No,0,Not Applicable,No,Not Applicable,Yes,Yes,No,No,No,1,844.47,799.51,0.0,0.744,Service Center,Invalid Claim,Edge,54,Dark,-0.33725,B0382
REC00244,CLM01195,CUS00500,PRD00660,Smartphone,Standard Smartphone,Phone,Main Unit,PrimeView,PRI-SMA-972,SN-72067258,2022-11-09,2024-06-19,2024-06-01,12,Yes,Connectivity Issue,Internal Component Failure,Customer reports connectivity issue affecting phone.,No,No,Not Applicable,Not Applicable,Not Applicable,Not Applicable,Not Applicable,Not Applicable,Not Applicable,Not Applicable,Yes,Yes,No,No,Yes,No,Not Applicable,Not Applicable,Not Applicable,Not Applicable,Not Applicable,Not Applicable,Not Applicable,No,0,Not Applicable,No,Not Applicable,Yes,Y,No,No,No,1,1448.96,1241.03,0.0,0.724,Service Center,Manual Review,Firefox,21,Light,-0.16648,B0509
REC00322,CLM00453,CUS00247,PRD00309,Television,LED,Remote Control,Remote Control,HomePro,HOM-TEL-163,SN-60157444,2023-11-09,2024-02-14,2024-02-02,6,No,Display Failure,Electrical Failure,Customer reports display failure affecting remote control.,No,Not Applicable,Not Applicable,Not Applicable,Not Applicable,No,Not Applicable,Not Applicable,Not Applicable,Not Applicable,Yes,Yes,Yes,Yes,Yes,Yes,Not Applicable,Not Applicable,Not Applicable,Not Applicable,Not Applicable,Not Applicable,Yes,Yes,1,Yes,No,Not Applicable,No,Yes,No,No,No,0,825.43,195.13,162.76,0.785,Mobile App,Invalid Claim,Safari,8,System,1.63172,B0965
REC00190,CLM01017,CUS00529,PRD00465,Washing Machine,Front Load,Noise,Main Unit,ZenCore,ZEN-WAS-905,SN-47228483,2023-01-26,2025-12-15,2025-12-10,24,Yes,Noise,Internal Component Failure,Customer reports noise affecting noise.,Not Applicable,Not Applicable,Not Applicable,Household,Yes,Not Applicable,No,Not Applicable,Not Applicable,Not Applicable,Yes,,Yes,Yes,Yes,Yes,Not Applicable,Not Applicable,Not Applicable,Not Applicable,Not Applicable,Not Applicable,Yes,Yes,1,Unknown,No,Not Applicable,Yes,Yes,No,No,No,1,1962.92,638.81,445.74,0.888,Web,Manual Review,MobileWebView,38,System,0.10764,B0933
REC00293,CLM01491,CUS00411,PRD00259,Television,LED,Picture,Main Unit,Aster,AST-TEL-477,SN-19437815,2023-07-23,2024-10-16,2024-09-21,24,No,Display Failure,Electrical Failure,Customer reports display failure affecting picture.,No,Not Applicable,Not Applicable,Not Applicable,Not Applicable,No,Not Applicable,Not Applicable,Not Applicable,Not Applicable,Yes,Yes,Yes,Yes,Yes,No,Not Applicable,Not Applicable,Not Applicable,Not Applicable,Not Applicable,Not Applicable,Not Applicable,No,0,Not Applicable,No,Not Applicable,Yes,Yes,No,No,No,1,2426.08,1192.87,0.0,0.77,Mobile App,Manual Review,Firefox,39,System,0.13329,B0588
REC00643,CLM00826,CUS00580,PRD00519,Printer,Thermal,Paper Feed,Main Unit,NovaTech,NOV-PRI-380,SN-92454659,2025-04-14,2026-03-28,2026-03-08,12,No,Paper Feed Failure,Manufacturing Defect,Customer reports paper feed failure affecting paper feed.,Not Applicable,Not Applicable,Not Applicable,Not Applicable,Yes,Not Applicable,No,Not Applicable,Not Applicable,Original,Yes,Yes,No,Yes,Yes,Yes,Not Applicable,Not Applicable,Not Applicable,Not Applicable,Not Applicable,Yes,,No,0,Not Applicable,No,Not Applicable,Yes,Yes,No,No,No,0,1118.62,425.84,0.0,0.737,Web,Valid Claim,Safari,27,Dark,0.58271,B0586
REC00627,CLM00447,CUS00115,PRD00044,Air Conditioner,Portable,Outdoor Unit,Main Unit,ZenCore,ZEN-AIR-286,SN-66475833,2022-12-18,2025-01-03,2024-12-13,24,No,Power Failure,Internal Component Failure,Customer reports power failure affecting outdoor unit.,Not Applicable,Not Applicable,Not Applicable,Not Applicable,Yes,Not Applicable,Not Applicable,No,Outdoor Unit,Not Applicable,Yes,Yes,Yes,Yes,Yes,Yes,Yes,Not Applicable,Not Applicable,Not Applicable,Not Applicable,Not Applicable,Yes,Yes,1,Yes,No,Not Applicable,Yes,Yes,No,No,No,2,1099.71,312.73,155.11,0.844,Mobile App,Invalid Claim,Safari,36,Light,1.51875,B0654
REC00718,CLM00173,CUS00339,PRD00684,Television,LED,Power,Main Unit,HomePro,HOM-TEL-187,SN-41092761,2023-04-01,2025-01-31,2025-01-17,24,No,Power Failure,Internal Component Failure,Customer reports power failure affecting power.,No,Not Applicable,Not Applicable,Not Applicable,Not Applicable,Yes,Not Applicable,Not Applicable,Not Applicable,Not Applicable,Yes,Yes,Yes,Yes,Yes,Yes,Not Applicable,Not Applicable,Not Applicable,Not Applicable,Not Applicable,Not Applicable,,No,0,Not Applicable,No,Not Applicable,No,Yes,No,No,No,1,1735.63,615.33,0.0,0.754,Web,Invalid Claim,MobileWebView,21,Dark,-1.37708,B0078
REC00989,CLM00922,CUS00638,PRD00786,Washing Machine,Front Load,Power,Main Unit,PrimeView,PRI-WAS-980,,2024-02-11,2025-05-04,2025-04-11,24,No,Power Failure,Misuse,Customer reports power failure affecting power.,Not Applicable,Not Applicable,Not Applicable,Household,No,Not Applicable,No,Not Applicable,Not Applicable,Not Applicable,Yes,Yes,No,Yes,No,Yes,Not Applicable,Not Applicable,Not Applicable,Not Applicable,Not Applicable,Not Applicable,Not Applicable,No,0,Not Applicable,No,Not Applicable,Yes,Yes,No,No,No,0,1743.44,628.42,0.0,0.845, Web ,Invalid Claim,Edge,45,System,0.20178,B0238
REC01272,CLM00861,CUS00002,PRD00486,Smartphone,Foldable Smartphone,Phone,Main Unit,PrimeView,PRI-SMA-988,SN-73376282,2023-12-31,2024-09-24,2024-09-22,12,No,Power Failure,Internal Component Failure,Customer reports power failure affecting phone.,No,No,Not Applicable,Not Applicable,Not Applicable,Not Applicable,Not Applicable,Not Applicable,Not Applicable,Not Applicable,Yes,Yes,Yes,Yes,Yes,Yes,Not Applicable,Not Applicable,Not Applicable,Not Applicable,Not Applicable,Not Applicable,Not Applicable,No,0,Not Applicable,No,Not Applicable,Yes,Yes,No,No,No,1,651.33,88.65,,0.736,Web,Valid Claim,Chrome,58,Light,1.20239,B0703
REC00088,CLM01037,CUS00228,PRD00531,Camera,DSLR,Camera Body,Camera Body,Aster,AST-CAM-435,SN-76080941,2024-03-28,2025-11-02,2025-10-24,24,No,Power Failure,Manufacturing Defect,Customer reports power failure affecting camera body.,No,No,Not Applicable,Not Applicable,Not Applicable,Not Applicable,Not Applicable,Not Applicable,Not Applicable,Not Applicable,Yes,No,Yes,Yes,Yes,Yes,Not Applicable,Not Applicable,Not Applicable,Not Applicable,Not Applicable,Not Applicable,Not Applicable,No,0,Not Applicable,No,Not Applicable,Yes,Yes,No,No,No,0,1130.62,884.3,0.0,0.76,Mobile App,Valid Claim,Firefox,46,Light,1.17614,B0807
REC00338,CLM00654,CUS00525,PRD00679,Printer,Inkjet,Printing,Main Unit,HomePro,HOM-PRI-590,SN-99723617,2025-10-24,2026-04-08,2026-03-14,12,No,Mechanical Failure,Internal Component Failure,Customer reports mechanical failure affecting printing.,Not Applicable,Not Applicable,Not Applicable,Not Applicable,Yes,Not Applicable,No,Not Applicable,Not Applicable,Original,Yes,Yes,Yes,Yes,Yes,Yes,Not Applicable,Not Applicable,Not Applicable,Not Applicable,Not Applicable,Yes,Yes,Yes,2,Yes,No,Not Applicable,Yes,Yes,No,No,No,1,181.35,76.12,210.3,0.847,Web,Valid Claim,Safari,47,System,0.55942,B0226
REC01420,CLM00815,CUS00378,PRD00146,Printer,Thermal,Ink or Toner,Ink Or Toner,PrimeView,PRI-PRI-325,SN-65314710,2023-05-26,2024-01-11,2023-12-25,0,No,Mechanical Failure,Internal Component Failure,Customer reports mechanical failure affecting ink or toner.,Not Applicable,Not Applicable,Not Applicable,Not Applicable,Yes,Not Applicable,No,Not Applicable,Not Applicable,Compatible,YES,Yes,Yes,,Yes,Yes,Not Applicable,Not Applicable,Not Applicable,Not Applicable,Not Applicable,Yes,Yes,Yes,3,Yes,No,Not Applicable,Yes,Yes,No,No,No,3,1088.2,98.28,187.36,0.908,Email,Invalid Claim,Chrome,27,System,-0.98312,B0538
REC01094,CLM00187,CUS00137,PRD00573,Television,LED,Sound,Display Panel,PrimeView,PRI-TEL-903,SN-78399153,2023-11-29,2025-10-14,2025-09-04,24,No,Audio Failure,Water Damage,Customer reports audio failure affecting sound.,Yes,Not Applicable,Not Applicable,Not Applicable,Not Applicable,Unknown,Not Applicable,Not Applicable,Not Applicable,Not Applicable,Yes,No,No,Yes,Yes,Yes,Not Applicable,Not Applicable,Yes,Not Applicable,Not Applicable,Not Applicable,No,Yes,2,Yes,No,Not Applicable,Yes,Yes,No,No,No,1,2223.03,1448.92,444.65,0.958,Web,Invalid Claim,Safari,23,Light,0.84796,B0453
REC01401,CLM00128,CUS00351,PRD00477,Laptop,Consumer Laptop,Device,Main Unit,ZenCore,ZEN-LAP-899,SN-85324689,2023-01-25,2025-12-13,2025-11-13,24,No,Power Failure,Internal Component Failure,Customer reports power failure affecting device.,Yes,No,Not Applicable,Not Applicable,Not Applicable,Not Applicable,Not Applicable,Not Applicable,Not Applicable,Not Applicable,Yes,Yes,No,Yes,Yes,Yes,Not Applicable,Not Applicable,Not Applicable,Not Applicable,Not Applicable,Not Applicable,Yes,Yes,2,Yes,No,Not Applicable,Yes,Yes,No,No,No,3,1620.75,1059.18,,0.973,Service Center,Invalid Claim,Safari,57,Dark,1.24974,B0360
REC01026,CLM01024,CUS00644,PRD00703,Laptop,Consumer Laptop,Device,Main Unit,ZenCore,ZEN-LAP-988,SN-44965176,2024-07-31,2026-07-26,2026-07-01,24,No,Display Failure,Manufacturing Defect,Customer reports display failure affecting device.,No,No,Not Applicable,Not Applicable,Not Applicable,Not Applicable,Not Applicable,Not Applicable,Not Applicable,Not Applicable,Yes,Yes,No,,Yes,No,Not Applicable,Not Applicable,Not Applicable,Not Applicable,Not Applicable,Not Applicable,Not Applicable,No,0,Not Applicable,No,Not Applicable,Yes,Yes,No,No,No,0,831.33,93.6,0.0,0.837,Mobile App,Manual Review,Edge,34,Light,0.12598,B0849
REC00675,CLM01422,CUS00347,PRD00023,Printer,Laser,Connection,Main Unit,NovaTech,NOV-PRI-650,,2025-02-18,2025-10-11,2025-09-27,12,No,Connectivity Issue,Manufacturing Defect,Customer reports connectivity issue affecting connection.,Not Applicable,Not Applicable,Not Applicable,Not Applicable,No,Not Applicable,No,Not Applicable,Not Applicable,Compatible,Yes,Yes,No,Yes,Yes,Yes,Not Applicable,Not Applicable,Not Applicable,Not Applicable,Not Applicable,Yes,Not Applicable,No,0,Not Applicable,No,Not Applicable,Yes,Yes,No,No,No,0,529.62,299.19,,0.653,Web,Manual Review,Chrome,20,Dark,0.92625,B0222
REC00100,CLM00667,CUS00373,PRD00446,Television,LED,Remote Control,Remote Control,PrimeView,PRI-TEL-426,SN-99618675,2025-04-30,2025-08-17,2025-08-04,6,No,Audio Failure,Manufacturing Defect,Customer reports audio failure affecting remote control.,Yes,Not Applicable,Not Applicable,Not Applicable,Not Applicable,Yes,Not Applicable,Not Applicable,Not Applicable,Not Applicable,No,Yes,Yes,Yes,Yes,,Not Applicable,Not Applicable,Not Applicable,Not Applicable,Not Applicable,Not Applicable,No,Yes,2,Yes,No,Not Applicable,Yes,Yes,No,No,No,0,810.39,575.04,431.6,,Service Center,Manual Review,Edge,13,Light,0.95439,B0327
REC00294,CLM00490,CUS00266,PRD00935,Printer,Inkjet,Paper Feed,Main Unit,NovaTech,NOV-PRI-226,SN-97721774,2023-08-04,2025-02-08,2025-01-25,12,Yes,Paper Feed Failure,Accidental Damage,Customer reports paper feed failure affecting paper feed.,Not Applicable,Not Applicable,Not Applicable,Not Applicable,No,Not Applicable,No,Not Applicable,Not Applicable,Original,Yes,,Yes,Yes,,Yes,Not Applicable,Not Applicable,Not Applicable,Not Applicable,Not Applicable,No,Not Applicable,No,0,Not Applicable,No,Not Applicable,Yes,Yes,No,No,No,1,997.13,829.37,0.0,0.903,Web,Invalid Claim,Firefox,58,Dark,-0.75916,B0211
REC00081,CLM00526,CUS00501,PRD00213,Printer,Inkjet,Connection,Main Unit,PrimeView,PRI-PRI-925,SN-23245881,2024-09-08,2025-08-06,2025-07-30,12,No,Connectivity Issue,Manufacturing Defect,Customer reports connectivity issue affecting connection.,Not Applicable,Not Applicable,Not Applicable,Not Applicable,No,Not Applicable,No,Not Applicable,Not Applicable,Unknown,Yes,Yes,Yes,Yes,Yes,Yes,Not Applicable,Not Applicable,Not Applicable,Not Applicable,Not Applicable,Yes,Yes,Yes,3,Yes,Yes,Yes,Yes,Yes,No,No,No,1,870.25,783.53,615.98,0.866,Web,Valid Claim,Chrome,35,System,-0.04653,B0679
REC00898,CLM00911,CUS00552,PRD00828,Camera,DSLR,Camera Body,Camera Body,PrimeView,PRI-CAM-867,SN-54065087,2024-12-23,2026-07-10,2026-07-04,24,No,Connectivity Issue,Normal Wear,Customer reports connectivity issue affecting camera body.,No,No,Not Applicable,Not Applicable,Not Applicable,Not Applicable,Not Applicable,Not Applicable,Not Applicable,Not Applicable,Yes,Yes,No,Yes,No,Yes,Not Applicable,Not Applicable,Not Applicable,Not Applicable,Not Applicable,Not Applicable,Not Applicable,No,0,Not Applicable,No,Not Applicable,Yes,Yes,No,No,No,2,2507.76,2030.92,0.0,0.836,Service Center,Invalid Claim,Safari,19,System,-0.24669,B0912
REC00644,CLM01010,CUS00231,PRD00082,Camera,Mirrorless,Camera Body,Camera Body,NovaTech,NOV-CAM-716,SN-93705228,2023-06-10,2026-03-16,2026-03-10,24,Yes,Connectivity Issue,Manufacturing Defect,Customer reports connectivity issue affecting camera body.,No,No,Not Applicable,Not Applicable,Not Applicable,Not Applicable,Not Applicable,Not Applicable,Not Applicable,Not Applicable,Yes,Yes,No,Yes,Yes,Yes,Not Applicable,Not Applicable,Not Applicable,Not Applicable,Not Applicable,Not Applicable,,No,0,Not Applicable,No,Not Applicable,Yes,No,No,No,Yes,1,1198.46,526.73,0.0,0.792,Web,Manual Review,Safari,22,Dark,0.31866,B0500
REC-DUP-0007,CLM01127,CUS00674,PRD00565,Refrigerator,French Door,Noise,Compressor,ZenCore,ZEN-REF-994,SN-83801265,2016-01-24,2025-09-11,2025-09-02,120,No,Noise,Manufacturing Defect,Customer reports noise affecting noise.,Not Applicable,Not Applicable,Not Applicable,Household,Yes,Not Applicable,Not Applicable,Not Applicable,Not Applicable,Not Applicable,Yes,Yes,Yes,Yes,Yes,Yes,Not Applicable,Not Applicable,Not Applicable,Yes,Not Applicable,Not Applicable,No,Yes,2,Yes,No,Not Applicable,Yes,Yes,No,No,No,1,1827.64,502.4,175.1,0.917,Mobile App,Manual Review,Chrome,43,Light,0.04015,B0756
REC01465,CLM01406,CUS00354,PRD00706,Smartphone,Foldable Smartphone,Phone,Main Unit,NovaTech,NOV-SMA-851,SN-83720316,2024-06-26,2025-06-08,2025-06-08,12,No,Battery Problem,Internal Component Failure,Customer reports battery problem affecting phone.,No,No,No,Not Applicable,Not Applicable,Not Applicable,Not Applicable,Not Applicable,Not Applicable,Not Applicable,No,Yes,Yes,Yes,Yes,Yes,Not Applicable,Not Applicable,Not Applicable,Not Applicable,Not Applicable,Not Applicable,Not Applicable,No,0,Not Applicable,No,Not Applicable,Yes,Yes,No,No,No,0,1525.09,1013.92,0.0,0.977,Mobile App,Valid Claim,Firefox,39,Light,-0.04855,B0778
REC01280,CLM00019,CUS00052,PRD00997,Camera,Compact,Lens,Lens,Aster,AST-CAM-747,SN-51904166,2022-08-20,2024-08-02,2024-07-24,24,No,Connectivity Issue,Electrical Failure,Customer reports connectivity issue affecting lens.,No,No,Not Applicable,Not Applicable,Not Applicable,Not Applicable,Not Applicable,Not Applicable,Not Applicable,Not Applicable,Yes,Yes,No,Yes,Yes,Yes,Not Applicable,Not Applicable,Not Applicable,Not Applicable,Yes,Not Applicable,Not Applicable,No,0,Not Applicable,No,Not Applicable,Yes,Yes,No,No,No,0,2538.3,1058.11,0.0,0.968,Web,Valid Claim,Firefox,18,Light,0.59781,B0231
REC00295,CLM00354,CUS00451,PRD00104,Refrigerator,Side-by-Side,Other,Main Unit,HomePro,HOM-REF-284,SN-37646739,2024-05-08,2025-10-09,2025-09-23,24,No,Mechanical Failure,Commercial Misuse,Customer reports mechanical failure affecting other.,Not Applicable,Not Applicable,Not Applicable,Household,No,Not Applicable,Not Applicable,Not Applicable,Not Applicable,Not Applicable,Yes,Yes,Yes,Yes,Yes,Yes,Not Applicable,Not Applicable,Not Applicable,Not Applicable,Not Applicable,Not Applicable,Not Applicable,No,0,Not Applicable,No,Not Applicable,Yes,Yes,No,No,No,0,1638.87,,0.0,0.873,Web,Invalid Claim,Firefox,46,Dark,-1.31532,B0146
REC00523,CLM00278,CUS00248,PRD00336,Television,Mini-LED,Sound,Main Unit,Aster,AST-TEL-450,SN-63077189,2023-01-22,2024-03-17,2024-03-05,24,No,Audio Failure,Water Damage,Customer reports audio failure affecting sound.,Yes,Not Applicable,Not Applicable,Not Applicable,Not Applicable,No,Not Applicable,Not Applicable,Not Applicable,Not Applicable,Yes,Yes,Yes,Yes,Yes,No,Not Applicable,Not Applicable,Not Applicable,Not Applicable,Not Applicable,Not Applicable,Not Applicable,No,0,Not Applicable,No,Not Applicable,Yes,Yes,No,No,No,1,756.87,704.52,,0.936,Service Center,Invalid Claim,MobileWebView,21,System,-0.92366,B0718
REC00077,CLM00951,CUS00562,PRD00183,Air Conditioner,Cassette,Outdoor Unit,Compressor,Aster,AST-AIR-400,SN-99900725,2020-07-25,2025-06-21,2025-06-12,60,No,Water Leakage,Internal Component Failure,Customer reports water leakage affecting outdoor unit.,Not Applicable,Not Applicable,Not Applicable,Not Applicable,No,Not Applicable,Not Applicable,Unknown,Outdoor Unit,Not Applicable,Yes,Yes,No,Yes,Yes,Yes,Yes,Not Applicable,Not Applicable,Yes,Not Applicable,Not Applicable,Not Applicable,No,0,Not Applicable,No,Not Applicable,Yes,Yes,No,No,No,1,662.37,416.46,0.0,0.922,Service Center,Valid Claim,Firefox,49,System,2.06786,B0607
REC-DUP-0036,CLM00901,CUS00536,PRD00234,Washing Machine,Top Load,Noise,Main Unit,ZenCore,ZEN-WAS-473,SN-32580844,2023-04-16,2024-10-05,2024-09-19,24,No,Noise,Internal Component Failure,Customer reports noise affecting noise.,Not Applicable,Not Applicable,Not Applicable,Business,Unknown,Not Applicable,No,Not Applicable,Not Applicable,Not Applicable,Yes,,Yes,Yes,Yes,Yes,Not Applicable,Not Applicable,Not Applicable,Not Applicable,Not Applicable,Not Applicable,Not Applicable,No,0,Not Applicable,No,Not Applicable,Yes,Yes,No,No,No,0,890.99,641.57,0.0,0.784,Service Center,Valid Claim,Firefox,59,System,-0.68859,B0097
REC00351,CLM00408,CUS00524,PRD00285,Printer,Thermal,Ink or Toner,Ink Or Toner,,NOV-PRI-519,SN-93516960,2024-01-25,2024-10-29,2024-10-22,0,No,Connectivity Issue,Physical Damage,Customer reports connectivity issue affecting ink or toner.,Not Applicable,Not Applicable,Not Applicable,Not Applicable,Yes,Not Applicable,No,Not Applicable,Not Applicable,Original,Yes,,Yes,,Yes,Yes,Not Applicable,Not Applicable,Not Applicable,Not Applicable,Not Applicable,Yes,Not Applicable,No,0,Not Applicable,Yes,Yes,Yes,Yes,No,No,No,1,693.23,298.48,0.0,0.576,Mobile App,Invalid Claim,Edge,36,Dark,1.30849,B0956
REC01335,CLM00863,CUS00536,PRD00618,Smartphone,Foldable Smartphone,Battery,Battery,NovaTech,NOV-SMA-936,SN-47481781,2023-06-05,2024-02-15,2024-01-29,12,No,Power Failure,Electrical Failure,Customer reports power failure affecting battery.,No,No,Yes,Not Applicable,Not Applicable,Not Applicable,Not Applicable,Not Applicable,Not Applicable,Not Applicable,Yes,Yes,Yes,Yes,Yes,No,Not Applicable,Yes,Not Applicable,Not Applicable,Not Applicable,Not Applicable,Yes,Yes,2,Yes,Yes,Yes,Yes,Yes,No,No,No,0,1548.69,444.71,,0.894,Service Center,Manual Review,Edge,7,System,-0.16646,B0898
REC00636,CLM00141,CUS00038,PRD00033,Laptop,2-in-1,Device,Main Unit,Aster,AST-LAP-919,SN-12360303,2025-03-31,2026-07-08,2026-07-01,24,No,Display Failure,Normal Wear,Customer reports display failure affecting device.,No,No,Not Applicable,Not Applicable,Not Applicable,Not Applicable,Not Applicable,Not Applicable,Not Applicable,Not Applicable,Yes,Yes,No,Yes,Yes,Yes,Not Applicable,Not Applicable,Not Applicable,Not Applicable,Not Applicable,Not Applicable,Not Applicable,No,0,Not Applicable,No,Not Applicable,Yes,Yes,No,No,No,1,509.41,157.2,0.0,0.761,Email,Invalid Claim,Edge,2,System,0.22191,B0701
REC00531,CLM01067,CUS00135,PRD00891,Refrigerator,Double Door,Cooling,Compressor,ZenCore,ZEN-REF-488,SN-94344777,2015-12-10,2025-08-16,2025-08-12,120,No,Cooling Failure,Internal Component Failure,Customer reports cooling failure affecting cooling.,Not Applicable,Not Applicable,Not Applicable,Household,No,Not Applicable,Not Applicable,Not Applicable,Not Applicable,Not Applicable,No,Yes,Yes,Yes,Yes,No,Not Applicable,Not Applicable,Not Applicable,Yes,Not Applicable,Not Applicable,Not Applicable,No,0,Not Applicable,No,Not Applicable,Yes,YES,No,No,No,1,2266.13,2089.67,0.0,0.529,Email,Manual Review,MobileWebView,18,Dark,0.87032,B0697
REC00684,CLM01393,CUS00347,PRD00729,Printer,Thermal,Printing,Main Unit,PrimeView,PRI-PRI-595,SN-64294350,2023-10-24,2024-06-11,2024-06-10,12,No,Mechanical Failure,Manufacturing Defect,Customer reports mechanical failure affecting printing.,Not Applicable,Not Applicable,Not Applicable,Not Applicable,No,Not Applicable,No,Not Applicable,Not Applicable,Compatible,Yes,Yes,No,Yes,Yes,Yes,Not Applicable,Not Applicable,Not Applicable,Not Applicable,Not Applicable,Yes,Not Applicable,No,0,Not Applicable,No,Not Applicable,Yes,Yes,No,Yes,No,0,352.77,268.11,0.0,0.777,Service Center,Valid Claim,Chrome,6,Dark,-1.44043,B0571
REC00144,CLM00123,CUS00576,PRD00238,Camera,Compact,Camera Body,Camera Body,PrimeView,PRI-CAM-648,SN-61200902,2024-04-07,2026-08-13,2026-08-09,24,No,Connectivity Issue,Internal Component Failure,Customer reports connectivity issue affecting camera body.,No,No,Not Applicable,Not Applicable,Not Applicable,Not Applicable,Not Applicable,Not Applicable,Not Applicable,Not Applicable,Yes,Yes,Yes,Yes,Yes,Yes,Not Applicable,Not Applicable,Not Applicable,Not Applicable,Not Applicable,Not Applicable,Not Applicable,No,0,Not Applicable,No,Not Applicable,Yes,Yes,No,No,No,0,1750.75,441.52,0.0,0.756,Web,Invalid Claim,Chrome,34,System,-1.19701,B0699
REC00549,CLM01225,CUS00520,PRD00175,Smartphone,Foldable Smartphone,Phone,Main Unit,Aster,AST-SMA-691,SN-50021717,2025-07-20,2026-04-04,2026-03-21,12,No,Power Failure,Internal Component Failure,Customer reports power failure affecting phone.,No,No,Not Applicable,Not Applicable,Not Applicable,Not Applicable,Not Applicable,Not Applicable,Not Applicable,Not Applicable,Yes,Yes,Yes,Yes,Yes,Yes,Not Applicable,Not Applicable,Not Applicable,Not Applicable,Not Applicable,Not Applicable,Not Applicable,No,0,Not Applicable,No,Not Applicable,Yes,Yes,No,No,No,2,701.43,636.58,0.0,0.992,Service Center,Valid Claim,Edge,25,Dark,-1.53592,B0057
REC00404,CLM00636,CUS00110,PRD00745,Television,Mini-LED,Not Sure,Main Unit,Aster,AST-TEL-384,SN-33191990,2022-12-30,2026-06-12,2022-10-15,24,Yes,Power Failure,Internal Component Failure,Customer reports power failure affecting not sure.,No,Not Applicable,Not Applicable,Not Applicable,Not Applicable,Unknown,Not Applicable,Not Applicable,Not Applicable,Not Applicable,Yes,Yes,Yes,Yes,No,,Not Applicable,Not Applicable,Not Applicable,Not Applicable,Not Applicable,Not Applicable,Not Applicable,No,0,Not Applicable,No,Not Applicable,Yes,No,No,No,No,3,1081.07,801.45,0.0,0.988,Web,Invalid Claim,Chrome,7,Dark,-0.66547,B0539
REC01380,CLM01181,CUS00295,PRD00415,Air Conditioner,Cassette,Outdoor Unit,Main Unit,ZenCore,ZEN-AIR-144,SN-78409040,2023-07-01,2024-12-11,2024-12-10,24,No,Noise,Electrical Failure,Customer reports noise affecting outdoor unit.,Not Applicable,Not Applicable,Not Applicable,Not Applicable,No,Not Applicable,Not Applicable,No,Outdoor Unit,Not Applicable,,Yes,Yes,Yes,Yes,Yes,Yes,Not Applicable,Not Applicable,Not Applicable,Not Applicable,Not Applicable,,No,0,Not Applicable,No,Not Applicable,Yes,Yes,No,No,No,0,1345.68,1002.3,0.0,0.741,Web,Valid Claim,Edge,24,Dark,-0.89156,B0202
REC01192,CLM01441,CUS00358,PRD00520,Laptop,Gaming Laptop,Charger,Power Adapter,NovaTech,NOV-LAP-584,SN-90785650,2024-04-02,2024-09-20,2024-09-05,12,No,Display Failure,Internal Component Failure,Customer reports display failure affecting charger.,No,No,Not Applicable,Not Applicable,Not Applicable,Not Applicable,Not Applicable,Not Applicable,Not Applicable,Not Applicable,Yes,Yes,Yes,Yes,Yes,Yes,Not Applicable,Not Applicable,Not Applicable,Not Applicable,Not Applicable,Not Applicable,Not Applicable,No,0,Not Applicable,No,Not Applicable,Unknown,Yes,No,No,No,1,941.14,854.22,0.0,0.959,Web,Manual Review,Edge,49,Dark,0.57943,B0282
REC00147,CLM00819,CUS00586,PRD00775,Printer,Thermal,Printing,Main Unit,NovaTech,NOV-PRI-515,SN-96825166,2026-03-23,2026-08-16,2026-07-29,12,No,Mechanical Failure,Physical Damage,Customer reports mechanical failure affecting printing.,Not Applicable,Not Applicable,Not Applicable,Not Applicable,No,Not Applicable,No,Not Applicable,Not Applicable,Original,Yes,Yes,Yes,Yes,Yes,Yes,Not Applicable,Not Applicable,Not Applicable,Not Applicable,Not Applicable,No,Not Applicable,No,0,Not Applicable,No,Not Applicable,Yes,Yes,No,No,No,0,771.98,595.43,0.0,0.956,Web,Invalid Claim,MobileWebView,9,Light,1.75325,B0542
REC00411,CLM00956,CUS00656,PRD00075,Camera,DSLR,Camera Body,Camera Body,Aster,AST-CAM-752,SN-49773436,2024-06-04,2025-06-11,2025-06-08,24,No,Battery Problem,Sensor Contamination Due To Misuse,Customer reports battery problem affecting camera body.,No,Unknown,Yes,Not Applicable,Not Applicable,Not Applicable,Not Applicable,Not Applicable,Not Applicable,Not Applicable,Yes,Yes,No,Yes,Yes,Yes,Not Applicable,Not Applicable,Not Applicable,Not Applicable,Not Applicable,Not Applicable,Not Applicable,No,0,Not Applicable,No,Not Applicable,Yes,yes,No,No,No,1,3306.82,581.31,0.0,0.968,Web,Invalid Claim,Safari,24,Dark,-0.13485,B0519
REC00613,CLM01182,CUS00661,PRD00004,Camera,Action Camera,Camera Body,Camera Body,Aster,AST-CAM-611,SN-45037942,2025-01-01,2026-02-08,2026-01-24,24,No,Connectivity Issue,Electrical Failure,Customer reports connectivity issue affecting camera body.,No,No,Not Applicable,Not Applicable,Not Applicable,Not Applicable,Not Applicable,Not Applicable,Not Applicable,Not Applicable,,Yes,No,Yes,No,No,Not Applicable,Not Applicable,Not Applicable,Not Applicable,Not Applicable,Not Applicable,Not Applicable,No,0,Not Applicable,No,Not Applicable,Yes,Yes,No,No,No,1,1414.66,938.02,0.0,0.735,Web,Manual Review,Safari,27,System,-0.85737,B0045
REC01324,CLM00925,CUS00471,PRD00456,Camera,Mirrorless,Camera Body,Camera Body,Aster,AST-CAM-956,SN-44500043,2023-08-11,2025-08-02,2025-07-27,24,No,Battery Problem,Physical Damage,Customer reports battery problem affecting camera body.,No,No,Yes,Not Applicable,Not Applicable,Not Applicable,Not Applicable,Not Applicable,Not Applicable,Not Applicable,No,Yes,Yes,Yes,Yes,Yes,Not Applicable,Not Applicable,Not Applicable,Not Applicable,Not Applicable,Not Applicable,No,Yes,1,Yes,No,Not Applicable,Yes,Yes,No,No,no,1,545.4,44.82,498.02,,Service Center,Invalid Claim,Safari,38,System,-0.73467,B0036
REC01458,CLM01460,CUS00050,PRD00344,Camera,Compact,Camera Body,Camera Body,Aster,AST-CAM-706,SN-38084827,2024-01-07,2025-12-23,2025-12-07,24,No,Lens Failure,Internal Component Failure,Customer reports lens failure affecting camera body.,No,Unknown,Not Applicable,Not Applicable,Not Applicable,Not Applicable,Not Applicable,Not Applicable,Not Applicable,Not Applicable,Yes,Yes,Yes,Yes,Yes,No,Not Applicable,Not Applicable,Not Applicable,Not Applicable,Not Applicable,Not Applicable,Not Applicable,No,0,Not Applicable,No,Not Applicable,Yes,Yes,No,No,No,2,831.87,623.76,0.0,0.747,Mobile App,Manual Review,Firefox,36,System,-0.95711,B0721
REC00656,CLM01120,CUS00588,PRD00746,Washing Machine,Washer Dryer,Water Leakage,Motor,ZenCore,ZEN-WAS-909,SN-20144737,2016-08-03,2026-03-04,2026-03-02,120,No,Water Leakage,Internal Component Failure,Customer reports water leakage affecting water leakage.,Not Applicable,Not Applicable,Not Applicable,Household,No,Not Applicable,Unknown,Not Applicable,Not Applicable,Not Applicable,Yes,Yes,Yes,Yes,,,Not Applicable,Not Applicable,Not Applicable,No,Not Applicable,Not Applicable,Not Applicable,No,0,Not Applicable,No,Not Applicable,Yes,Yes, No ,No,No,0,1421.33,170.11,0.0,0.82,Service Center,Manual Review,Firefox,38,System,0.03842,B0514
REC00101,CLM00580,CUS00347,PRD00833,Air Conditioner,Split,Outdoor Unit,Main Unit,HomePro,HOM-AIR-981,SN-79127611,2023-02-24,2024-12-02,2024-11-24,24,No,Cooling Failure,Water Damage,Customer reports cooling failure affecting outdoor unit.,Not Applicable,Not Applicable,Not Applicable,Not Applicable,No,Not Applicable,Not Applicable,No,Outdoor Unit,Not Applicable,Yes,Yes,Yes,Yes,Yes,Yes,Yes,Not Applicable,Not Applicable,Not Applicable,Not Applicable,Not Applicable,Not Applicable,No,0,Not Applicable,No,Not Applicable,Yes,Yes,No,No,No,0,2169.03,705.79,0.0,0.81,Web,Invalid Claim,Edge,30,Dark,-0.5383,B0084
REC00952,CLM01077,CUS00405,PRD00626,Printer,Inkjet,Power,Main Unit,NovaTech,NOV-PRI-488,SN-58185937,2023-07-29,2024-05-01,2024-04-12,12,No,Power Failure,Manufacturing Defect,Customer reports power failure affecting power.,Not Applicable,Not Applicable,Not Applicable,Not Applicable,No,Not Applicable,No,Not Applicable,Not Applicable,Compatible,Yes,Yes,No,Yes,Yes,Yes,Not Applicable,Not Applicable,Not Applicable,Not Applicable,Not Applicable,Yes,Not Applicable,No,0,Not Applicable,No,Not Applicable,Yes,Yes,No,No,No,0,529.54,369.47,0.0,0.749,Mobile App,Valid Claim,Chrome,32,Light,-0.43062,B0675
REC01052,CLM00471,CUS00463,PRD00133,Television,LED,Power,Main Unit,PrimeView,PRI-TEL-112,SN-94176721,2023-03-19,2024-07-09,2024-06-21,24,No,Power Failure,Internal Component Failure,Customer reports power failure affecting power.,No,Not Applicable,Not Applicable,Not Applicable,Not Applicable,Yes,Not Applicable,Not Applicable,Not Applicable,Not Applicable,Yes,Yes,Yes,Yes,No,Yes,Not Applicable,Not Applicable,Not Applicable,Not Applicable,Not Applicable,Not Applicable,Not Applicable,No,0,Not Applicable,No,Not Applicable,Yes, Yes ,No,No,No,1,1750.43,1155.33,0.0,0.897,Mobile App,Manual Review,Safari,37,Light,-1.07454,B0733
REC01476,CLM01203,CUS00273,PRD00053,Air Conditioner,Split,Not Sure,Main Unit,Aster,AST-AIR-101,SN-64426384,2024-10-10,2026-04-04,2026-03-18,24,No,Power Failure,Manufacturing Defect,Customer reports power failure affecting not sure.,Not Applicable,Not Applicable,Not Applicable,Not Applicable,No,Not Applicable,Not Applicable,No,Not Sure,Not Applicable,No,Yes,Yes,Yes,Yes,Yes,No,Not Applicable,Not Applicable,Not Applicable,Not Applicable,Not Applicable,Yes,Yes,3,Yes,No,Not Applicable,Yes,Yes,No,No,No,2,2426.96,384.17,502.4,0.771,Web,Manual Review,Safari,55,System,-1.74156,B0560
REC00972,CLM00630,CUS00100,PRD00705,Laptop,2-in-1,Charger,Power Adapter,NovaTech,NOV-LAP-239,SN-94044411,2025-02-13,2025-10-10,2025-09-18,12,No,Battery Problem,Electrical Failure,Customer reports battery problem affecting charger.,No,No,Yes,Not Applicable,Not Applicable,Not Applicable,Not Applicable,Not Applicable,Not Applicable,Not Applicable,,,No,Yes,,Yes,Not Applicable,Not Applicable,Not Applicable,Not Applicable,Not Applicable,Not Applicable,Yes,Yes,3,Yes,No,Not Applicable,Yes,Yes,No,No,No,2,970.18,525.54,,0.923,Mobile App,Valid Claim,Safari,15,System,1.44847,B0221
REC01011,CLM00162,CUS00624,PRD00772,Air Conditioner,Window,Indoor Unit,Main Unit,Aster,AST-AIR-652,SN-54401327,2022-11-01,2024-04-02,2024-03-25,24,No,Power Failure,Manufacturing Defect,Customer reports power failure affecting indoor unit.,Not Applicable,Not Applicable,Not Applicable,Not Applicable,Yes,Not Applicable,Not Applicable,No,Indoor Unit,Not Applicable,Yes,Yes,Yes,Yes,Yes,Yes,Yes,Not Applicable,Not Applicable,Not Applicable,Not Applicable,Not Applicable,,No,0,Not Applicable,No,Not Applicable,Yes,Yes,No,No,No,2,1358.06,157.08,0.0,0.971,service center,Valid Claim,Edge,10,Dark,1.1536,B0889
REC00912,CLM00058,CUS00513,PRD00197,Washing Machine,Front Load,Water Supply or Drain,Motor,PrimeView,PRI-WAS-606,SN-83522530,2014-10-29,2024-10-09,2024-09-24,120,No,Mechanical Failure,Internal Component Failure,Customer reports mechanical failure affecting water supply or drain.,Not Applicable,Not Applicable,Not Applicable,Household,Yes,Not Applicable,No,Not Applicable,Not Applicable,Not Applicable,Yes,Yes,Yes,Yes,No,Yes,Not Applicable,Not Applicable,Not Applicable,No,Not Applicable,Not Applicable,Not Applicable,No,0,Not Applicable,No,Not Applicable,Yes,Yes,No,No,No,0,687.44,323.88,0.0,0.595,Mobile App,Manual Review,Chrome,2,Dark,-0.68379,B0553
REC00132,CLM00199,CUS00260,PRD00867,Smartphone,Standard Smartphone,Phone,Main Unit,aster,AST-SMA-992,SN-57909975,2024-07-02,2025-03-17,2025-03-01,12,No,Connectivity Issue,Manufacturing Defect,Customer reports connectivity issue affecting phone.,No,No,Not Applicable,Not Applicable,Not Applicable,Not Applicable,Not Applicable,Not Applicable,Not Applicable,Not Applicable,Yes,Yes,Yes,Y,Yes,Yes,Not Applicable,Not Applicable,Not Applicable,Not Applicable,Not Applicable,Not Applicable,Not Applicable,No,0,Not Applicable,No,Not Applicable,Yes,Yes,No,No,No,0,721.51,,0.0,0.933,Email,Valid Claim,Chrome,19,Light,0.11719,B0835
REC00023,CLM00686,CUS00421,PRD00927,Smartphone,Foldable Smartphone,Phone,Main Unit,PrimeView,PRI-SMA-243,SN-45874467,2025-04-23,2026-04-21,2026-04-20,12,No,Battery Problem,Internal Component Failure,Customer reports battery problem affecting phone.,No,No,Yes,Not Applicable,Not Applicable,Not Applicable,Not Applicable,Not Applicable,Not Applicable,Not Applicable,Yes,Yes,Yes,Yes,,Yes,Not Applicable,Not Applicable,Not Applicable,Not Applicable,Not Applicable,Not Applicable,Yes,Yes,1,Yes,No,Not Applicable,Yes,Yes,NO,N,No,3,761.13,200.24,138.93,0.91,Mobile App,Valid Claim,Safari,17,System,0.68001,B0516
REC00175,CLM00568,CUS00681,PRD00313,Smartphone,Standard Smartphone,Phone,Main Unit,NovaTech,NOV-SMA-537,SN-47198610,2024-08-17,2025-08-05,2025-07-23,12,No,Power Failure,Misuse,Customer reports power failure affecting phone.,Yes,No,Not Applicable,Not Applicable,Not Applicable,Not Applicable,Not Applicable,Not Applicable,Not Applicable,Not Applicable,Yes,Yes,Yes,Yes,Yes,Yes,Not Applicable,Not Applicable,Not Applicable,Not Applicable,Not Applicable,Not Applicable,Not Applicable,No,0,Not Applicable,No,Not Applicable,Yes,Yes,No,No,No,1,926.81,248.47,0.0,0.749,Mobile App,Invalid Claim,MobileWebView,32,Light,-0.21745,B0916
REC01159,CLM01047,CUS00225,PRD00827,Refrigerator,Double Door,Water Leakage,Main Unit,HomePro,HOM-REF-767,SN-56264748,2024-06-17,2025-07-06,2025-06-22,24,No,Water Leakage,Electrical Failure,Customer reports water leakage affecting water leakage.,Not Applicable,Not Applicable,Not Applicable,Other,No,Not Applicable,Not Applicable,Not Applicable,Not Applicable,Not Applicable,Yes,Yes,No,Yes,,Yes,Not Applicable,Not Applicable,Not Applicable,Not Applicable,Not Applicable,Not Applicable,,No,0,Not Applicable,No,Not Applicable,Yes,Yes,No,No,No,2,1181.78,765.48,0.0,0.768,Mobile App,Valid Claim,Firefox,32,Dark,-0.85412,B0160
REC00123,CLM00306,CUS00587,PRD00357,Camera,Action Camera,Camera Body,Camera Body,NovaTech,NOV-CAM-899,SN-30179011,2023-11-22,2025-11-18,2025-11-13,24,No,Power Failure,Manufacturing Defect,Customer reports power failure affecting camera body.,No,No,Not Applicable,Not Applicable,Not Applicable,Not Applicable,Not Applicable,Not Applicable,Not Applicable,Not Applicable,,Yes,Yes,Yes,Yes,Yes,Not Applicable,Not Applicable,Not Applicable,Not Applicable,Not Applicable,Not Applicable,,No,0,Not Applicable,No,Not Applicable,Yes,Yes,No,No,No,1,2773.73,1112.79,0.0,0.721,Web,Valid Claim,Safari,39,Dark,-0.71392,B0886
REC01152,CLM00144,CUS00497,PRD00001,Camera,Action Camera,Camera Body,Camera Body,PrimeView,PRI-CAM-715,SN-16083784,2022-09-29,2025-07-12,2025-07-04,24,Yes,Display Failure,Internal Component Failure,Customer reports display failure affecting camera body.,No,No,Not Applicable,Not Applicable,Not Applicable,Not Applicable,Not Applicable,Not Applicable,Not Applicable,Not Applicable,Yes,Yes,No,Yes,No,No,Not Applicable,Not Applicable,Not Applicable,Not Applicable,Not Applicable,Not Applicable,Not Applicable,No,0,Not Applicable,Yes,Yes,Yes,Yes,No,No,No,1,886.56,243.49,0.0,0.839,Service Center,Manual Review,MobileWebView,12,System,-0.59218,B0163
REC00217,CLM01039,CUS00519,PRD00374,Refrigerator,Side-by-Side,Other,Compressor,HomePro,HOM-REF-197,SN-36539166,2015-06-07,2025-05-21,2025-05-15,120,No,Mechanical Failure,Internal Component Failure,Customer reports mechanical failure affecting other.,Not Applicable,Not Applicable,Not Applicable,Household,Unknown,Not Applicable,Not Applicable,Not Applicable,Not Applicable,Not Applicable,Yes,Yes,No,Y,Yes,No,Not Applicable,Not Applicable,Not Applicable,Yes,Not Applicable,Not Applicable,Not Applicable,No,0,Not Applicable,No,Not Applicable,Yes,Yes,No,No,No,1,789.91,352.65,0.0,0.861,Mobile App,Manual Review,Firefox,13,Light,0.27583,B0921
REC-DUP-0005,CLM01162,CUS00631,PRD00763,Air Conditioner,Portable,Indoor Unit,Main Unit,HomePro,HOM-AIR-665,SN-13640958,2025-01-02,2026-07-15,2026-07-08,24,No,Water Leakage,Manufacturing Defect,Customer reports water leakage affecting indoor unit.,Not Applicable,Not Applicable,Not Applicable,Not Applicable,No,Not Applicable,Not Applicable,No,Indoor Unit,Not Applicable,No,Yes,Yes,No,Yes,No,Yes,Not Applicable,Not Applicable,Not Applicable,Not Applicable,Not Applicable,Not Applicable,No,0,Not Applicable,No,Not Applicable,Yes,Y,No,No,No,2,1904.81,765.04,0.0,0.828,Service Center,Manual Review,Safari,14,Dark,0.67734,B0581
REC01311,CLM00670,CUS00504,PRD00946,Air Conditioner,Split,Outdoor Unit,Compressor,ZenCore,ZEN-AIR-815,SN-55420147,2021-09-06,2025-09-30,2025-09-28,60,No,Noise,Manufacturing Defect,Customer reports noise affecting outdoor unit.,Not Applicable,Not Applicable,Not Applicable,Not Applicable,No,Not Applicable,Not Applicable,Unknown,Outdoor Unit,Not Applicable,Yes,Yes,Yes,Yes,,Yes,Yes,Not Applicable,Not Applicable,Yes,Not Applicable,Not Applicable,No,Yes,1,Unknown,No,Not Applicable,Yes,Yes,No,No,No,1,489.72,235.18,478.16,0.869,Mobile App,Manual Review,MobileWebView,55,Dark,-0.00615,B0697
REC00268,CLM01476,CUS00684,PRD00027,Washing Machine,Front Load,Spinning,Main Unit,ZenCore,ZEN-WAS-193,SN-14828931,2023-08-27,2024-11-01,2024-10-23,24,No,Mechanical Failure,Internal Component Failure,Customer reports mechanical failure affecting spinning.,Not Applicable,Not Applicable,Not Applicable,Household,No,Not Applicable,No,Not Applicable,Not Applicable,Not Applicable,Yes,YES,Yes,Yes,Yes,No,Not Applicable,Not Applicable,Not Applicable,Not Applicable,Not Applicable,Not Applicable,Yes,Yes,3,Yes,No,Not Applicable,Yes,Yes,No,No,No,0,802.99,474.65,377.03,0.829,Web,Manual Review,Chrome,37,Dark,-0.8774,B0177
REC00222,CLM00340,CUS00125,PRD00433,Laptop,Business Laptop,Device,Main Unit,NovaTech,NOV-LAP-566,SN-19338301,2022-08-22,2024-04-15,2024-04-07,24,No,Battery Problem,Internal Component Failure,Customer reports battery problem affecting device.,No,Yes,No,Not Applicable,Not Applicable,Not Applicable,Not Applicable,Not Applicable,Not Applicable,Not Applicable,Yes,yes,Yes,Yes,Yes,Yes,Not Applicable,Not Applicable,Not Applicable,Not Applicable,Not Applicable,Not Applicable,Yes,Yes,2,Yes,No,not applicable,Yes,Yes,No,No,No,1,2579.89,1049.21,457.17,0.838,Web,Valid Claim,MobileWebView,54,Light,-0.66166,B0437
REC01408,CLM01224,CUS00130,PRD00535,Refrigerator,Double Door,Power,Main Unit,HomePro,HOM-REF-182,SN-31956717,2024-10-12,2026-07-08,2026-06-22,24,No,Power Failure,Manufacturing Defect,Customer reports power failure affecting power.,Not Applicable,Not Applicable,Not Applicable,Household,Yes,Not Applicable,Not Applicable,Not Applicable,Not Applicable,Not Applicable,Yes,Yes,No,Yes,Yes,yes,Not Applicable,Not Applicable,Not Applicable,Not Applicable,Not Applicable,Not Applicable,Not Applicable,No,0,Not Applicable,No,Not Applicable,Yes,Yes,No,No,No,0,2957.01,1121.95,0.0,0.882,Service Center,Valid Claim,Safari,34,Light,-0.9998,B0773
REC01349,CLM01469,CUS00185,PRD00643,Laptop,Consumer Laptop,Device,Main Unit,NovaTech,NOV-LAP-372,SN-63424914,2022-08-08,2024-02-28,2024-02-21,24,No,Connectivity Issue,Manufacturing Defect,Customer reports connectivity issue affecting device.,No,No,Not Applicable,Not Applicable,Not Applicable,Not Applicable,Not Applicable,Not Applicable,Not Applicable,Not Applicable,Yes,Yes,Yes,Yes,Yes,Yes,Not Applicable,Not Applicable,Not Applicable,Not Applicable,Not Applicable,Not Applicable,Yes,Yes,1,Yes,No,Not Applicable,Yes,Yes,No,No,No,1,892.51,515.22,50.21,0.588,Mobile App,Manual Review,Chrome,29,System,-0.20608,B0361
REC00605,CLM01090,CUS00484,PRD00192,Smartphone,Standard Smartphone,Not Sure,Battery,Aster,AST-SMA-580,SN-97570427,2025-10-05,2026-06-05,2026-06-01,12,No,Battery Problem,Electrical Failure,Customer reports battery problem affecting not sure.,No,No,No,Not Applicable,Not Applicable,Not Applicable,Not Applicable,Not Applicable,Not Applicable,Not Applicable,No,Yes,No,Yes,Yes,Yes,Not Applicable,Yes,Not Applicable,Not Applicable,Not Applicable,Not Applicable,Not Applicable,No,0,Not Applicable,No,Not Applicable,Yes,Yes,No,No,No,1,1467.28,1168.59,0.0,0.853,Mobile App,Valid Claim,Chrome,34,System,-0.223,B0213
REC00363,CLM01482,CUS00451,PRD00539,Washing Machine,Front Load,Power,Main Unit,PrimeView,PRI-WAS-340,SN-94432792,2022-12-20,2024-04-11,2024-03-12,24,No,Power Failure,Electrical Failure,Customer reports power failure affecting power.,Not Applicable,Not Applicable,Not Applicable,Household,No,Not Applicable,No,Not Applicable,Not Applicable,Not Applicable,Yes,Yes,Yes,Yes,Yes,No,Not Applicable,Not Applicable,Not Applicable,Not Applicable,Not Applicable,Not Applicable,Not Applicable,No,0,Not Applicable,No,Not Applicable,Yes,Yes,No,No,No,2,369.11,280.19,0.0,0.787,Email,Manual Review,Firefox,22,Light,-1.1922,B0328
REC00053,CLM01397,CUS00290,PRD00074,Smartphone,Rugged Smartphone,Phone,Main Unit,Aster,AST-SMA-523,SN-69913782,2023-01-16,2024-01-11,2023-12-14,12,No,Display Failure,Manufacturing Defect,Customer reports display failure affecting phone.,No,Unknown,Not Applicable,Not Applicable,Not Applicable,Not Applicable,Not Applicable,Not Applicable,Not Applicable,Not Applicable,No,Yes,Yes,Yes,Yes,Yes,Not Applicable,Not Applicable,Not Applicable,Not Applicable,Not Applicable,Not Applicable,Not Applicable,No,0,Not Applicable,No,Not Applicable,Yes,Yes,No,No,No,1,1498.41,612.25,0.0,0.904,Mobile App,Valid Claim,Chrome,45,Light,-2.66892,B0242
REC01056,CLM00377,CUS00463,PRD00116,Laptop,Business Laptop,Device,Main Unit,ZenCore,ZEN-LAP-805,SN-67554635,2022-01-06,2024-06-19,2024-05-14,24,Yes,Overheating,Electrical Failure,Customer reports overheating affecting device.,No,No,Not Applicable,Not Applicable,Not Applicable,Not Applicable,Not Applicable,Not Applicable,Not Applicable,Not Applicable,Yes,No,Yes,Yes,Yes,Yes,Not Applicable,Not Applicable,Not Applicable,Not Applicable,Not Applicable,Not Applicable,Yes,Yes,2,Yes,No,Not Applicable,Yes,Yes,No,No,Yes,1,993.92,736.4,243.89,0.823,Mobile App,Invalid Claim,Safari,44,Dark,-0.05332,B0366
REC00764,CLM01305,CUS00574,PRD00969,Air Conditioner,Split,Outdoor Unit,Main Unit,Aster,AST-AIR-814,SN-13356152,2022-03-15,2024-05-15,2024-05-04,24,Yes,Noise,Manufacturing Defect,Customer reports noise affecting outdoor unit.,Not Applicable,Not Applicable,Not Applicable,Not Applicable,No,Not Applicable,Not Applicable,No,Outdoor Unit,Not Applicable,Yes,Yes,Yes,Yes,Yes,Yes,Yes,Not Applicable,Not Applicable,Not Applicable,Not Applicable,Not Applicable,,No,0,Not Applicable,No,Not Applicable,Yes,Yes,No,No,No,2,2267.8,1441.82,0.0,0.812,Mobile App,Valid Claim,Chrome,1,Dark,-0.85245,B0952
REC01021,CLM00982,CUS00679,PRD00458,Air Conditioner,Window,Both,Main Unit,Aster,AST-AIR-410,SN-52566008,2024-01-13,2025-10-01,2025-09-26,24,No,Noise,Internal Component Failure,Customer reports noise affecting both.,Not Applicable,Not Applicable,Not Applicable,Not Applicable,No,Not Applicable,Not Applicable,No,Both,Not Applicable,Yes,No,Yes,Yes,Yes,Yes,No,Not Applicable,Not Applicable,Not Applicable,Not Applicable,Not Applicable,No,Yes,1,Yes,No,Not Applicable,Yes,Yes,No,Yes,No,0,1255.68,800.02,541.66,0.95,Web,Manual Review,Firefox,11,Light,0.4606,B0041
REC00814,CLM01440,CUS00013,PRD00695,Camera,Mirrorless,Camera Body,Camera Body,Aster,AST-CAM-342,SN-35442599,2024-08-16,31/31/2026,2026-08-31,24,Yes,Power Failure,Internal Component Failure,Customer reports power failure affecting camera body.,No,No,Not Applicable,Not Applicable,Not Applicable,Not Applicable,Not Applicable,Not Applicable,Not Applicable,Not Applicable,Yes,Yes,No,Yes,Yes,Yes,Not Applicable,Not Applicable,Not Applicable,Not Applicable,Not Applicable,Not Applicable,Not Applicable,No,0,Not Applicable,No,Not Applicable,Unknown,Yes,No,No,No,1,2365.34,1234.34,0.0,0.737,Web,Manual Review,Safari,43,System,0.47413,B0424
REC00261,CLM00281,CUS00310,PRD00048,Camera,Compact,Camera Body,Camera Body,PrimeView,PRI-CAM-893,SN-21658684,2024-05-05,2025-11-18,2025-10-28,24,No,Connectivity Issue,Internal Component Failure,Customer reports connectivity issue affecting camera body.,No,No,Not Applicable,Not Applicable,Not Applicable,Not Applicable,Not Applicable,Not Applicable,Not Applicable,Not Applicable,Yes,Yes,Yes,Yes,Yes,Yes,Not Applicable,Not Applicable,Not Applicable,Not Applicable,Not Applicable,Not Applicable,Not Applicable,No,-3,Not Applicable,Yes,Yes,Yes,Yes,No,No,No,0,680.14,360.93,0.0,0.849,Web,Valid Claim,Firefox,55,Light,-0.3115,B0232
REC01468,CLM00258,CUS00222,PRD00652,Refrigerator,Single Door,Other,Main Unit,Aster,AST-REF-988,SN-88540802,2023-02-02,2025-04-18,2025-03-26,24,No,Mechanical Failure,Misuse,Customer reports mechanical failure affecting other.,Not Applicable,Not Applicable,Not Applicable,Household,Yes,Not Applicable,Not Applicable,Not Applicable,Not Applicable,Not Applicable,Yes,No,No,Yes,Yes,Yes,Not Applicable,Not Applicable,Not Applicable,Not Applicable,Not Applicable,Not Applicable,,Yes,2,No,No,Not Applicable,Yes,Yes,No,No,No,1,1435.1,1016.01,551.22,0.82,Email,Invalid Claim,Firefox,42,Dark,-0.3621,B0169
REC00467,CLM00588,CUS00280,PRD00942,Television,OLED,Power,Main Unit,PrimeView,PRI-TEL-872,SN-37621542,2025-01-13,2026-05-28,2026-05-08,24,No,Power Failure,Misuse,Customer reports power failure affecting power.,No,Not Applicable,Not Applicable,Not Applicable,Not Applicable,Yes,Not Applicable,Not Applicable,Not Applicable,Not Applicable,Yes,,Yes,Yes,Yes,Yes,Not Applicable,Not Applicable,Not Applicable,Not Applicable,Not Applicable,Not Applicable,No,Yes,2,Unknown,No,Not Applicable,Yes,Yes,Yes,Yes,No,1,2014.59,381.28,77.19,0.877,Web,Invalid Claim,MobileWebView,37,System,-0.9571,B0873
REC01489,CLM00928,CUS00371,PRD00867,Camera,Action Camera,Not Sure,Camera Body,Aster,AST-CAM-467,SN-55598814,2022-11-08,2024-09-04,2024-08-24,24,No,Display Failure,Normal Wear,Customer reports display failure affecting not sure.,No,No,Not Applicable,Not Applicable,Not Applicable,Not Applicable,Not Applicable,Not Applicable,Not Applicable,Not Applicable,Yes,Yes,Yes,Yes,Yes,Yes,Not Applicable,Not Applicable,Not Applicable,Not Applicable,Not Applicable,Not Applicable,Not Applicable,No,0,Not Applicable,No,Not Applicable,Yes,Yes,No,No,No,1,3024.2,1665.22,0.0,0.822,Web,Invalid Claim,Edge,36,Light,-0.22886,B0251
REC00545,CLM01445,CUS00201,PRD00130,Printer,Inkjet,Paper Feed,Main Unit,PrimeView,PRI-PRI-353,SN-72029790,2025-08-24,2026-05-10,2026-05-09,12,No,Paper Feed Failure,Internal Component Failure,Customer reports paper feed failure affecting paper feed.,Not Applicable,Not Applicable,Not Applicable,Not Applicable,Yes,Not Applicable,No,Not Applicable,Not Applicable,Original,No,Yes,Yes,Yes,Yes,No,Not Applicable,Not Applicable,Not Applicable,Not Applicable,Not Applicable,No,Not Applicable,No,0,Not Applicable,No,Not Applicable,Yes,Yes,No,No,No,1,325.28,36.78,,0.952,Mobile App,Manual Review,Edge,36,System,0.46893,B0292
REC00928,CLM00428,CUS00017,PRD00115,Printer,Inkjet,Paper Feed,Main Unit,HomePro,HOM-PRI-215,SN-26495088,2025-09-22,2026-05-22,2026-05-08,12,No,Paper Feed Failure,Electrical Failure,Customer reports paper feed failure affecting paper feed.,Not Applicable,Not Applicable,Not Applicable,Not Applicable,Yes,Not Applicable,No,Not Applicable,Not Applicable,Original,Yes,Yes,Yes,Yes,Yes,Yes,Not Applicable,Not Applicable,Not Applicable,Not Applicable,Not Applicable,Yes,Not Applicable,No,0,Not Applicable,Yes,Yes,Yes,No,No,No,No,1,478.1,441.79,,0.554,Service Center,Manual Review,MobileWebView,27,Dark,-1.89144,B0510
REC00852,CLM00334,CUS00589,PRD00427,Camera,Compact,Camera Body,Camera Body,,NOV-CAM-522,SN-18031054,2022-10-24,2025-07-26,2025-07-15,24,No,Display Failure,Electrical Failure,Customer reports display failure affecting camera body.,No,No,Not Applicable,Not Applicable,Not Applicable,Not Applicable,Not Applicable,Not Applicable,Not Applicable,Not Applicable,Yes,Yes,Yes,Yes,Yes,Yes,Not Applicable,Not Applicable,Not Applicable,Not Applicable,Not Applicable,Not Applicable,Not Applicable,No,0,Not Applicable,No,Not Applicable,Yes,Yes,No,No,No,1,621.03,200.43,0.0,0.868,Web,Invalid Claim,Safari,6,Light,-3.0977,B0236
REC01495,CLM01236,CUS00454,PRD00276,Laptop,2-in-1,Device,Main Unit,NovaTech,NOV-LAP-217,SN-15549508,2024-08-29,2026-06-05,2026-05-25,24,No,Display Failure,Manufacturing Defect,Customer reports display failure affecting device.,No,No,Not Applicable,Not Applicable,Not Applicable,Not Applicable,Not Applicable,Not Applicable,Not Applicable,Not Applicable,Yes,Yes,No,Yes,Yes,Yes,Not Applicable,Not Applicable,Not Applicable,Not Applicable,Not Applicable,Not Applicable,Not Applicable,No,0,Not Applicable,No,Not Applicable,Yes,Yes,No,No,No,1,2579.1,417.16,0.0,0.849,Service Center,Valid Claim,MobileWebView,25,Light,-0.99771,B0073
REC00506,CLM01145,CUS00600,PRD00609,Laptop,Consumer Laptop,Device,Main Unit,ZenCore,ZEN-LAP-290,SN-65804505,2022-05-21,2024-05-20,2024-05-15,24,No,Connectivity Issue,Manufacturing Defect,Customer reports connectivity issue affecting device.,No,No,Not Applicable,Not Applicable,Not Applicable,Not Applicable,Not Applicable,Not Applicable,Not Applicable,Not Applicable,Yes,Yes,No,Yes,Yes,Yes,Not Applicable,Not Applicable,Not Applicable,Not Applicable,Not Applicable,Not Applicable,Not Applicable,No,0,Not Applicable,No,Not Applicable,Yes,Yes,No,No, No ,1,828.64,220.61,0.0,0.772,Mobile App,Valid Claim,Edge,33,Dark,0.98067,B0461
REC01225,CLM00129,CUS00096,PRD00679,Refrigerator,Single Door,Noise,Main Unit,ZenCore,ZEN-REF-228,SN-82060864,2022-07-29,2025-03-23,2025-02-17,24,Yes,Noise,Electrical Failure,Customer reports noise affecting noise.,Not Applicable,Not Applicable,Not Applicable,Household,No,Not Applicable,Not Applicable,Not Applicable,Not Applicable,Not Applicable,Yes,Yes,No,Yes,Yes,Yes,Not Applicable,Not Applicable,Not Applicable,Not Applicable,Not Applicable,Not Applicable,Not Applicable,No,0,Not Applicable,No,Not Applicable,Yes,Yes,No,No,No,3,519.96,487.02,0.0,0.791,Mobile App,Invalid Claim,Chrome,28,Light,0.397,B0541
REC-DUP-0003,CLM01207,CUS00073,PRD00092,Smartphone,Rugged Smartphone,Phone,Main Unit,PrimeView,PRI-SMA-730,SN-86715498,2023-05-04,2024-05-03,2024-04-26,12,No,Battery Problem,Manufacturing Defect,Customer reports battery problem affecting phone.,No,No,Yes,Not Applicable,Not Applicable,Not Applicable,Not Applicable,Not Applicable,Not Applicable,Not Applicable,Yes,Yes,No,Yes,Yes,Yes,Not Applicable,Not Applicable,Not Applicable,Not Applicable,Not Applicable,Not Applicable,Not Applicable,No,0,Not Applicable,No,Not Applicable,Yes,Yes,No,No,No,1,777.77,169.27,0.0,0.728,Mobile App,Valid Claim,MobileWebView,25,Dark,-0.22173,B0884
REC00472,CLM01425,CUS00195,PRD00477,Television,LED,Power,Main Unit,Aster,AST-TEL-645,SN-44516609,2024-05-21,2026-03-30,2026-03-27,24,No,Power Failure,Manufacturing Defect,Customer reports power failure affecting power.,No,Not Applicable,Not Applicable,Not Applicable,Not Applicable,No,Not Applicable,Not Applicable,Not Applicable,Not Applicable,Yes,Yes,Yes,Yes,Yes,No,Not Applicable,Not Applicable,Not Applicable,Not Applicable,Not Applicable,Not Applicable,Not Applicable,No,0,Not Applicable,No,Not Applicable,Yes,Yes,No,No,No,1,2355.24,1835.62,0.0,0.878,Service Center,Manual Review,Edge,2,Light,-0.22048,B0808
REC-DUP-0026,CLM00117,CUS00009,PRD00289,Laptop,Consumer Laptop,Charger,Power Adapter,Aster,AST-LAP-138,SN-58236458,2022-09-13,2024-01-18,2024-01-09,12,No,Overheating,Manufacturing Defect,Customer reports overheating affecting charger.,No,No,Not Applicable,Not Applicable,Not Applicable,Not Applicable,Not Applicable,Not Applicable,Not Applicable,Not Applicable,Yes,Yes,No,Yes,Yes,Yes,Not Applicable,Not Applicable,Not Applicable,Not Applicable,Not Applicable,Not Applicable,Yes,Yes,2,No,No,Not Applicable,Yes,Yes,No,No,No,0,1364.66,,376.98,0.825,Web,Invalid Claim,Firefox,28,System,0.22363,B0880
REC00125,CLM00017,CUS00496,PRD00743,Refrigerator,Double Door,Noise,Compressor,ZenCore,ZEN-REF-593,SN-41983596,2014-07-23,2025-03-03,2025-02-15,120,No,Noise,Internal Component Failure,Customer reports noise affecting noise.,Not Applicable,Not Applicable,Not Applicable,Business,Unknown,Not Applicable,Not Applicable,Not Applicable,Not Applicable,Not Applicable,Yes,Yes,No,Yes,Yes,Yes,Not Applicable,Not Applicable,Not Applicable,Yes,Not Applicable,Not Applicable,No,Yes,2,Yes,No,Not Applicable,Yes,Yes,No,No,No,1,2091.87,951.23,66.08,0.845,Web,Invalid Claim,Edge,10,System,0.7037,B0345
REC01053,CLM01369,CUS00273,PRD00522,Television,OLED,Not Sure,Main Unit,PrimeView,PRI-TEL-118,SN-51280719,2023-09-19,2025-11-05,2025-10-15,24,Yes,Power Failure,Internal Component Failure,Customer reports power failure affecting not sure.,No,Not Applicable,Not Applicable,Not Applicable,Not Applicable,Yes,Not Applicable,Not Applicable,Not Applicable,Not Applicable,,Yes,No,Yes,No,Yes,Not Applicable,Not Applicable,Not Applicable,Not Applicable,Not Applicable,Not Applicable,Yes,Yes,1,Yes,No,Not Applicable,Yes,Yes,No,No,No,1,2837.82,1725.17,333.99,0.929,Service Center,Manual Review,Firefox,2,Dark,-1.55724,B0117
REC00307,CLM00234,CUS00502,PRD00627,Smartphone,Rugged Smartphone,Phone,Main Unit,Aster,AST-SMA-705,SN-94605951,2025-03-07,2025-10-05,2025-10-01,12,No,Connectivity Issue,Electrical Failure,Customer reports connectivity issue affecting phone.,No,Unknown,Not Applicable,Not Applicable,Not Applicable,Not Applicable,Not Applicable,Not Applicable,Not Applicable,Not Applicable,Yes,No,Yes,Yes,Yes,No,Not Applicable,Not Applicable,Not Applicable,Not Applicable,Not Applicable,Not Applicable,Not Applicable,No,-1,Not Applicable,No,Not Applicable,Yes,Yes,No,No,No,0,1644.73,1315.61,0.0,0.889,Mobile App,Manual Review,MobileWebView,0,Dark,-1.02293,B0500
REC01001,CLM01114,CUS00036,PRD00183,Air Conditioner,Portable,Indoor Unit,Main Unit,ZenCore,ZEN-AIR-820,SN-56655869,2023-04-22,2025-04-19,2025-04-03,24,No,Water Leakage,Internal Component Failure,Customer reports water leakage affecting indoor unit.,Not Applicable,Not Applicable,Not Applicable,Not Applicable,Yes,Not Applicable,Not Applicable,No,Indoor Unit,Not Applicable,Yes,No,Yes,Yes,Yes,,Yes,Not Applicable,Not Applicable,Not Applicable,Not Applicable,Not Applicable,No,Yes,1,Yes,No,Not Applicable,Yes,Yes,No,No,No,0,2388.69,,279.58,0.857,Web,Manual Review,Safari,54,Light,-0.6619,B0861
REC00624,CLM01319,CUS00249,PRD00794,Smartphone,Rugged Smartphone,Phone,Main Unit,NovaTech,NOV-SMA-515,SN-10550062,2025-07-16,2026-03-05,2026-02-20,12,No,Overheating,Manufacturing Defect,Customer reports overheating affecting phone.,No,No,Not Applicable,Not Applicable,Not Applicable,Not Applicable,Not Applicable,Not Applicable,Not Applicable,Not Applicable,Yes,Yes,Yes,Yes,Yes,Yes,Not Applicable,Not Applicable,Not Applicable,Not Applicable,Not Applicable,Not Applicable,Not Applicable,No,0,Not Applicable,No,Not Applicable,Yes,Yes,No,No,No,3,1448.5,806.29,0.0,0.988,Mobile App,Valid Claim,Firefox,7,Light,-0.49624,B0641
REC00796,CLM00179,CUS00237,PRD00044,Refrigerator,Single Door,Noise,Main Unit,HomePro,HOM-REF-903,SN-77767186,2025-02-07,2026-02-24,2026-02-19,24,No,Noise,Electrical Failure,Customer reports noise affecting noise.,Not Applicable,Not Applicable,Not Applicable,Household,No,Not Applicable,Not Applicable,Not Applicable,Not Applicable,Not Applicable,Yes,Yes,Yes,Yes,No,Yes,Not Applicable,Not Applicable,Not Applicable,Not Applicable,Not Applicable,Not Applicable,Not Applicable,No,0,Not Applicable,No,Not Applicable,Yes,Yes,No,No,No,1,2489.83,2282.1,0.0,0.835,Mobile App,Manual Review,Firefox,44,System,0.88017,B0441
REC00485,CLM00765,CUS00183,PRD00155,Smartphone,Foldable Smartphone,Phone,Main Unit,PrimeView,PRI-SMA-508,SN-96117736,2025-04-14,2025-10-18,2025-08-26,12,No,Connectivity Issue,Electrical Failure,Customer reports connectivity issue affecting phone.,No,No,Not Applicable,Not Applicable,Not Applicable,Not Applicable,Not Applicable,Not Applicable,Not Applicable,Not Applicable,,Yes,Yes,Yes,Yes,Yes,Not Applicable,Not Applicable,Not Applicable,Not Applicable,Not Applicable,Not Applicable,Not Applicable,No,0,Not Applicable,Yes,Yes,Yes,Yes,No,No,Yes,0,431.01,311.34,0.0,0.893,Service Center,Invalid Claim,Safari,10,Dark,0.51355,B0794
REC00481,CLM00646,CUS00139,PRD00678,Air Conditioner,Portable,Outdoor Unit,Main Unit,HomePro,HOM-AIR-387,SN-35354802,2024-11-25,2026-08-06,2026-07-23,24,No,Water Leakage,Misuse,Customer reports water leakage affecting outdoor unit.,Not Applicable,Not Applicable,Not Applicable,Not Applicable,No,Not Applicable,Not Applicable,No,Outdoor Unit,Not Applicable,Yes,Yes,No,Yes,Yes,Yes,Yes,Not Applicable,Not Applicable,Not Applicable,Not Applicable,Not Applicable,N/A,No,0,Not Applicable,No,Not Applicable,Yes,Yes,No,No,No,0,522.74,95.86,0.0,0.795,Web,Invalid Claim,Edge,43,System,0.43983,B0752
REC01353,CLM00216,CUS00589,PRD00481,Laptop,Business Laptop,Device,Main Unit,Aster,AST-LAP-478,SN-41456718,2023-11-17,2025-03-07,2025-01-26,24,No,Display Failure,Manufacturing Defect,Customer reports display failure affecting device.,No,No,Not Applicable,Not Applicable,Not Applicable,Not Applicable,Not Applicable,Not Applicable,Not Applicable,Not Applicable,Yes,Yes,Yes,Yes,Yes,Yes,Not Applicable,Not Applicable,Not Applicable,Not Applicable,Not Applicable,Not Applicable,Not Applicable,No,0,Not Applicable,No,Not Applicable,Yes,Yes,No,No,No,0,1539.39,999999.0,0.0,0.905,Service Center,Invalid Claim,Edge,3,Light,1.12939,B0728
REC00808,CLM00595,CUS00130,PRD00426,Smartphone,Foldable Smartphone,Charger,Charger,PrimeView,PRI-SMA-906,SN-41481020,2026-03-26,2026-06-24,2026-05-31,6,No,Battery Problem,Rooted Or Unauthorized Software Modification,Customer reports battery problem affecting charger.,No,No,Yes,Not Applicable,Not Applicable,Not Applicable,Not Applicable,Not Applicable,Not Applicable,Not Applicable,Yes,Yes,Yes,Yes,Yes,Yes,Not Applicable,Not Applicable,Not Applicable,Not Applicable,Not Applicable,Not Applicable,Not Applicable,No,0,Not Applicable,No,Not Applicable,Yes,Yes,No,No,No,0,541.28,474.23,0.0,0.835,Web,Invalid Claim,Chrome,33,System,0.18357,B0383
REC01066,CLM01238,CUS00549,PRD00690,Washing Machine,Top Load,Spinning,Main Unit,ZenCore,ZEN-WAS-651,SN-31540750,2023-03-07,2025-02-19,2025-02-15,24,No,Mechanical Failure,Electrical Failure,Customer reports mechanical failure affecting spinning.,Not Applicable,Not Applicable,Not Applicable,Household,Yes,Not Applicable,Unknown,Not Applicable,Not Applicable,Not Applicable,Yes,Yes,Yes,Yes,Yes,Yes,Not Applicable,Not Applicable,Not Applicable,Not Applicable,Not Applicable,Not Applicable,Not Applicable,No,0,Not Applicable,No,Not Applicable,Yes,Yes,No,No,No,0,1056.41,466.12,0.0,0.876,Service Center,Valid Claim,Chrome,55,Light,-0.23806,B0801
REC00028,CLM00290,CUS00417,PRD00903,Smartphone,Standard Smartphone,Phone,Main Unit,NovaTech,NOV-SMA-266,SN-67123051,2025-05-18,2026-04-22,2026-04-10,12,No,Overheating,Internal Component Failure,Customer reports overheating affecting phone.,No,Yes,Not Applicable,Not Applicable,Not Applicable,Not Applicable,Not Applicable,Not Applicable,Not Applicable,Not Applicable,,Yes,Yes,Yes,Yes,Yes,Not Applicable,Not Applicable,Not Applicable,Not Applicable,Not Applicable,Not Applicable,,Yes,2,Yes,No,Not Applicable,Yes,Yes,No,No,No,0,1533.26,1339.51,,0.755,Service Center,Valid Claim,Edge,58,Light,0.17369,B0057
REC00742,CLM01140,CUS00146,PRD00956,Refrigerator,Side-by-Side,Water Leakage,Main Unit,ZenCore,ZEN-REF-923,SN-88181895,2023-07-06,2026-02-20,2026-02-07,24,Yes,Water Leakage,Manufacturing Defect,Customer reports water leakage affecting water leakage.,Not Applicable,Not Applicable,Not Applicable,Household,Yes,Not Applicable,Not Applicable,Not Applicable,Not Applicable,Not Applicable,Yes,Yes,No,Yes,No,Yes,Not Applicable,Not Applicable,Not Applicable,Not Applicable,Not Applicable,Not Applicable,Not Applicable,No,0,Not Applicable,no,Not Applicable,Yes,Yes,No,No,N,0,681.73,341.67,0.0,0.848,Email,Manual Review,Edge,0,Dark,-0.09732,B0484
REC00491,CLM00226,CUS00042,PRD00305,Printer,Laser,Paper Feed,Main Unit,PrimeView,PRI-PRI-496,SN-89997469,2024-03-24,2024-08-29,2024-07-31,12,No,Paper Feed Failure,Internal Component Failure,Customer reports paper feed failure affecting paper feed.,Not Applicable,Not Applicable,Not Applicable,Not Applicable,No,Not Applicable,Unknown,Not Applicable,Not Applicable,Original,Yes,Yes,Yes,Yes,Yes,Yes,Not Applicable,Not Applicable,Not Applicable,Not Applicable,Not Applicable,No,Not Applicable,No,0,Not Applicable,No,Not Applicable,Yes,Yes,No,No,No,1,943.56,706.5,0.0,0.88,Mobile App,Manual Review,Safari,42,Dark,0.3681,B0955
REC01217,CLM00126,CUS00190,PRD00839,Laptop,Business Laptop,Battery,Battery,ZenCore,ZEN-LAP-859,SN-50189960,2026-01-23,2026-05-20,2026-05-12,12,No,Power Failure,Internal Component Failure,Customer reports power failure affecting battery.,No,No,Unknown,Not Applicable,Not Applicable,Not Applicable,Not Applicable,Not Applicable,Not Applicable,Not Applicable,,Yes,No,,Yes,Yes,Not Applicable,Yes,Not Applicable,Not Applicable,Not Applicable,Not Applicable,N/A,No,0,Not Applicable,No,Not Applicable,No,Yes,No,Yes,No,0,2115.03,1506.88,0.0,0.689,Web,Invalid Claim,Firefox,8,System,-0.09855,B0045
REC01186,CLM00877,CUS00120,PRD00276,Washing Machine,Washer Dryer,Noise,Main Unit,PrimeView,PRI-WAS-329,SN-88981704,2023-02-26,2025-06-27,2025-06-01,24,Yes,Noise,Electrical Failure,Customer reports noise affecting noise.,Not Applicable,Not Applicable,Not Applicable,Household,No,Not Applicable,No,Not Applicable,Not Applicable,Not Applicable,Yes,Yes,No,Yes,Yes,,Not Applicable,Not Applicable,Not Applicable,Not Applicable,Not Applicable,Not Applicable,Yes,Yes,3,Yes,Yes,No,Yes,Yes,No,No,No,1,1553.24,1225.06,463.37,0.98,Service Center,Valid Claim,Safari,41,System,-0.88139,B0113
REC00642,CLM00540,CUS00214,PRD00590,Television,Mini-LED,Sound,Main Unit,Aster,AST-TEL-351,SN-64577044,2021-07-03,2024-10-28,2024-10-11,24,Yes,Audio Failure,Internal Component Failure,Customer reports audio failure affecting sound.,No,Not Applicable,Not Applicable,Not Applicable,Not Applicable,No,Not Applicable,Not Applicable,Not Applicable,Not Applicable,,Yes,Yes,Yes,Yes,Yes,Not Applicable,Not Applicable,Not Applicable,Not Applicable,Not Applicable,Not Applicable,Not Applicable,No,0,Not Applicable,No,Not Applicable,Yes,Yes,Yes,No,No,0,2516.22,373.06,0.0,0.854,Web,Invalid Claim,MobileWebView,21,Light,1.87314,B0106
REC01374,CLM00784,CUS00401,PRD00350,Air Conditioner,Cassette,Not Sure,Main Unit,ZenCore,ZEN-AIR-579,SN-61956794,2022-04-05,2024-02-28,2024-02-06,24,No,Power Failure,Internal Component Failure,Customer reports power failure affecting not sure.,Not Applicable,Not Applicable,Not Applicable,Not Applicable,No,Not Applicable,Not Applicable,No,Not Sure,Not Applicable,Yes,Yes,Yes,No,Yes,Yes,Yes,Not Applicable,Not Applicable,Not Applicable,Not Applicable,Not Applicable,Not Applicable,No,0,Not Applicable,No,Not Applicable,Yes,Yes,No,No,No,0,2778.08,974.3,0.0,0.921,Email,Valid Claim,Chrome,7,Light,1.8811,B0729
REC01070,CLM00858,CUS00258,PRD00643,Air Conditioner,Cassette,Outdoor Unit,Main Unit,HomePro,HOM-AIR-896,SN-16461093,2022-12-29,2024-01-06,2023-12-22,24,No,Water Leakage,Manufacturing Defect,Customer reports water leakage affecting outdoor unit.,Not Applicable,Not Applicable,Not Applicable,Not Applicable,No,Not Applicable,Not Applicable,No,Outdoor Unit,Not Applicable,Yes,Yes,No,Yes,Yes,Yes,Yes,Not Applicable,Not Applicable,Not Applicable,Not Applicable,Not Applicable,Not Applicable,No,0,Not Applicable,No,Not Applicable,Yes,Yes,No,No,No,1,2276.9,1213.47,0.0,0.933,Web,Valid Claim,Chrome,20,Dark,-1.19717,B0846
REC01025,CLM01479,CUS00549,PRD00823,Smartphone,Rugged Smartphone,Battery,Battery,PrimeView,PRI-SMA-108,SN-46346009,2023-12-16,2024-06-05,2024-05-25,12,No,Power Failure,Internal Component Failure,Customer reports power failure affecting battery.,No,No,Unknown,Not Applicable,Not Applicable,Not Applicable,Not Applicable,Not Applicable,Not Applicable,Not Applicable,Yes,Yes,Yes,Yes,Yes,Yes,Not Applicable,Yes,Not Applicable,Not Applicable,Not Applicable,Not Applicable,Not Applicable,No,0,Not Applicable,No,Not Applicable,Yes,Yes,No,No,No,1,1122.77,850.0,0.0,0.539,Email,Manual Review,Chrome,57,Light,-1.10361,B0376
REC00724,CLM00840,CUS00162,PRD00797,Television,QLED,Power,Main Unit,PrimeView,PRI-TEL-500,SN-40125602,2022-07-21,2025-01-08,2024-12-21,24,No,Power Failure,Internal Component Failure,Customer reports power failure affecting power.,No,Not Applicable,Not Applicable,Not Applicable,Not Applicable,No,Not Applicable,Not Applicable,Not Applicable,Not Applicable,Yes,Yes,Yes,Yes,Yes,No,Not Applicable,Not Applicable,Not Applicable,Not Applicable,Not Applicable,Not Applicable,Not Applicable,No,0,Not Applicable,Yes,Yes,Yes,Yes,No,No,No,1,1542.27,1310.05,0.0,0.78,Email,Invalid Claim,MobileWebView,3,Dark,0.81659,B0250
REC01141,CLM00769,CUS00123,PRD00218,Washing Machine,Top Load,Water Leakage,Motor,ZenCore,ZEN-WAS-493,SN-39308266,2016-12-20,2026-02-15,2026-01-14,120,No,Water Leakage,Electrical Failure,Customer reports water leakage affecting water leakage.,Not Applicable,Not Applicable,Not Applicable,Household,No,Not Applicable,No,Not Applicable,Not Applicable,Not Applicable,Yes,No,No,No,Yes,Yes,Not Applicable,Not Applicable,Not Applicable,Yes,Not Applicable,Not Applicable,Not Applicable,No,0,Not Applicable,No,Not Applicable,Yes,Yes,No,No,No,2,967.92,873.33,0.0,0.792,Web,Invalid Claim,Safari,37,Light,-1.13497,B0954
REC00011,CLM01220,CUS00432,PRD00184,Air Conditioner,Split,Indoor Unit,Compressor,ZenCore,ZEN-AIR-608,SN-76551351,2021-11-17,2026-01-08,2026-01-02,60,No,Cooling Failure,Internal Component Failure,Customer reports cooling failure affecting indoor unit.,Not Applicable,Not Applicable,Not Applicable,Not Applicable,Yes,Not Applicable,Not Applicable,No,Indoor Unit,Not Applicable,Yes,Yes,Yes,Yes,Yes,Yes,Yes,Not Applicable,Not Applicable,Yes,Not Applicable,Not Applicable,Yes,Yes,2,Yes,No,Not Applicable,Yes,Yes,No,No,No,0,1825.47,1435.63,276.19,0.886,Mobile App,Valid Claim,Chrome,25,Dark,0.09168,B0465
REC01263,CLM00403,CUS00312,PRD00539,Smartphone,Foldable Smartphone,Phone,Main Unit,Aster,AST-SMA-759,SN-12804271,2023-09-19,2025-04-04,2025-03-28,12,Yes,Power Failure,Normal Wear,Customer reports power failure affecting phone.,No,No,Not Applicable,Not Applicable,Not Applicable,Not Applicable,Not Applicable,Not Applicable,Not Applicable,Not Applicable,Yes,Yes,No,Yes,Yes,Yes,Not Applicable,Not Applicable,Not Applicable,Not Applicable,Not Applicable,Not Applicable,Yes, Yes ,1,Yes,No,Not Applicable,Yes,Yes,No,No,No,0,810.06,529.06,459.84,0.918,Web,Invalid Claim,Chrome,35,Light,-0.93665,B0091
REC01072,CLM01018,CUS00482,PRD00532,Camera,Compact,Camera Body,Camera Body,Aster,AST-CAM-495,SN-39091429,2023-11-27,2025-02-02,2025-01-21,24,No,Battery Problem,Internal Component Failure,Customer reports battery problem affecting camera body.,No,No,Yes,Not Applicable,Not Applicable,Not Applicable,Not Applicable,Not Applicable,Not Applicable,Not Applicable,Yes,No,No,No,,Yes,Not Applicable,Not Applicable,Not Applicable,Not Applicable,Not Applicable,Not Applicable,Yes,Yes,1,Yes,No,N/A,Yes,Yes,No,No,No,1,3072.78,,510.22,0.756,Mobile App,Valid Claim,MobileWebView,32,Light,1.00073,B0910
REC01361,CLM00916,CUS00663,PRD00030,Smartphone,Rugged Smartphone,Phone,Main Unit,NovaTech,NOV-SMA-938,SN-17685997,2025-01-28,2025-11-06,2025-10-13,12,No,Connectivity Issue,Electrical Failure,Customer reports connectivity issue affecting phone.,No,No,Not Applicable,Not Applicable,Not Applicable,Not Applicable,Not Applicable,Not Applicable,Not Applicable,Not Applicable,Yes,Yes,Yes,Yes,No,Yes,Not Applicable,Not Applicable,Not Applicable,Not Applicable,Not Applicable,Not Applicable,Not Applicable,No,0,Not Applicable,No,Not Applicable,Unknown,Yes,No,No,No,3,530.23,306.19,0.0,0.991,Mobile App,Manual Review,Safari,36,System,-0.43862,B0521
REC01433,CLM00623,CUS00117,PRD00984,Television,Mini-LED,Picture,Main Unit,HomePro,HOM-TEL-843,SN-91540653,2023-04-06,2024-05-19,2024-04-12,24,No,Display Failure,Panel Impact Damage,Customer reports display failure affecting picture.,Yes,Not Applicable,Not Applicable,Not Applicable,Not Applicable,No,Not Applicable,Not Applicable,Not Applicable,Not Applicable,Yes,Yes,No,Yes,Yes,,Not Applicable,Not Applicable,Not Applicable,Not Applicable,Not Applicable,Not Applicable,,Yes,1,Yes,No,Not Applicable,Yes,Yes,No,No,No,0,395.51,999999.0,,0.769,Mobile App,Invalid Claim,Firefox,40,System,-0.12859,B0503
REC00771,CLM00565,CUS00329,PRD00451,Smartphone,Standard Smartphone,Phone,Main Unit,Aster,AST-SMA-749,SN-19777280,2024-05-31,2026-04-05,2026-03-24,12,Yes,Display Failure,Manufacturing Defect,Customer reports display failure affecting phone.,No,No,Not Applicable,Not Applicable,Not Applicable,Not Applicable,Not Applicable,Not Applicable,Not Applicable,Not Applicable,No,Yes,No,Yes,No,Yes,Not Applicable,Not Applicable,Not Applicable,Not Applicable,Not Applicable,Not Applicable,,No,0,Not Applicable,No,Not Applicable,Yes,Yes,No,No,No,1,300.43,256.79,0.0,0.985,Web,Manual Review,Safari,46,System,0.6704,B0995
REC00448,CLM00198,CUS00176,PRD00559,Smartphone,Rugged Smartphone,Phone,Main Unit,Aster,AST-SMA-657,SN-19546222,2023-03-27,2024-03-27,2024-03-10,12,No,Power Failure,Electrical Failure,Customer reports power failure affecting phone.,No,No,Not Applicable,Not Applicable,Not Applicable,Not Applicable,Not Applicable,Not Applicable,Not Applicable,Not Applicable,Yes,No,No,Yes,,,Not Applicable,Not Applicable,Not Applicable,Not Applicable,Not Applicable,Not Applicable,Not Applicable,No,0,Not Applicable,No,Not Applicable,Unknown,Yes,No,No,No,0,1079.09,389.22,0.0,0.883,Web,Manual Review,MobileWebView,4,Dark,-1.05962,B0424
REC00210,CLM01030,CUS00668,PRD00443,Television,OLED,Picture,Display Panel,HomePro,HOM-TEL-143,SN-26301236,2022-10-30,2024-09-07,2024-08-21,24,No,Display Failure,Manufacturing Defect,Customer reports display failure affecting picture.,Yes,Not Applicable,Not Applicable,Not Applicable,Not Applicable,No,Not Applicable,Not Applicable,Not Applicable,Not Applicable,Yes,,No,Yes,Yes,Yes,Not Applicable,Not Applicable,Yes,Not Applicable,Not Applicable,Not Applicable,Not Applicable,No,0,Not Applicable,No,Not Applicable,Yes,Yes,No,No,No,0,455.43,100.79,0.0,,Email,Valid Claim,Chrome,50,Dark,-1.76398,B0131
REC01340,CLM00081,CUS00549,PRD00073,Smartphone,Standard Smartphone,Battery,Battery,Aster,AST-SMA-184,SN-81838230,2025-05-06,2026-04-24,2026-04-13,12,No,Connectivity Issue,Misuse,Customer reports connectivity issue affecting battery.,No,No,Yes,Not Applicable,Not Applicable,Not Applicable,Not Applicable,Not Applicable,Not Applicable,Not Applicable,No,Yes,No,Yes,Yes,Yes,Not Applicable,No,Not Applicable,Not Applicable,Not Applicable,Not Applicable,Not Applicable,No,0,Not Applicable,No,Not Applicable,Yes,Yes,No,No,No,1,905.1,829.85,0.0,0.922,Web,Invalid Claim,MobileWebView,58,Dark,0.13255,B0764
REC01180,CLM00357,CUS00164,PRD00829,Washing Machine,Top Load,Power,Main Unit,ZenCore,ZEN-WAS-890,SN-17571375,2022-06-16,2024-04-08,2024-03-30,24,No,Power Failure,Internal Component Failure,Customer reports power failure affecting power.,Not Applicable,Not Applicable,Not Applicable,Household,Yes,Not Applicable,Unknown,Not Applicable,Not Applicable,Not Applicable,Yes,Yes,No,Yes,Yes,Yes,Not Applicable,Not Applicable,Not Applicable,Not Applicable,Not Applicable,Not Applicable,Not Applicable,No,0,Not Applicable,Yes,Yes,Yes,Yes,No,No,No,1,748.91,410.31,0.0,0.745,Service Center,Valid Claim,MobileWebView,27,Dark,-1.03788,B0994
REC01144,CLM01033,CUS00512,PRD00032,Television,QLED,Remote Control,Remote Control,HomePro,HOM-TEL-209,SN-83890612,2024-11-02,2025-04-16,2025-04-09,6,No,Connectivity Issue,Electrical Failure,Customer reports connectivity issue affecting remote control.,No,Not Applicable,Not Applicable,Not Applicable,Not Applicable,Yes,Not Applicable,Not Applicable,Not Applicable,Not Applicable,Yes,Yes,Yes,Yes,,Yes,Not Applicable,Not Applicable,Not Applicable,Not Applicable,Not Applicable,Not Applicable,No,Yes,3,Unknown,No,Not Applicable,Yes,Yes,No,No,No,0,579.61,374.12,254.56,0.88,Mobile App,Manual Review,Chrome,28,System,-0.96766,B0678
REC00992,CLM01045,CUS00053,PRD00545,Air Conditioner,Cassette,Both,Compressor,HomePro,HOM-AIR-597,SN-40643504,2021-01-16,2025-11-02,2025-10-22,60,No,Noise,Manufacturing Defect,Customer reports noise affecting both.,Not Applicable,Not Applicable,Not Applicable,Not Applicable,No,Not Applicable,Not Applicable,No,Both,Not Applicable,No,Yes,No,Yes,Yes,Yes,No,Not Applicable,Not Applicable,Yes,Not Applicable,Not Applicable,Not Applicable,No,0,Not Applicable,Yes,Yes,Yes,Yes,No,No,No,2,2058.85,169.93,0.0,0.867,Web,Manual Review,Firefox,49,System,2.30624,B0758
REC01060,CLM00899,CUS00091,PRD00714,Television,OLED,Power,Main Unit,Aster,AST-TEL-355,SN-78928154,2024-04-28,2026-03-13,2026-03-08,24,No,Power Failure,Electrical Failure,Customer reports power failure affecting power.,No,Not Applicable,Not Applicable,Not Applicable,Not Applicable,No,Not Applicable,Not Applicable,Not Applicable,Not Applicable,Yes,Yes,Yes,Yes,Yes,Yes,Not Applicable,Not Applicable,Not Applicable,Not Applicable,Not Applicable,Not Applicable,Not Applicable,No,0,Not Applicable,No,Not Applicable,Yes,Yes,No,No,No,1,2037.87,1065.9,0.0,0.778,Web,Valid Claim,Firefox,14,Light,0.74475,B0331
REC00407,CLM00398,CUS00351,PRD00094,Laptop,Gaming Laptop,Device,Main Unit,ZenCore,ZEN-LAP-452,SN-51427873,2023-01-11,2024-07-06,2024-07-02,24,No,Overheating,Electrical Failure,Customer reports overheating affecting device.,No,No,Not Applicable,Not Applicable,Not Applicable,Not Applicable,Not Applicable,Not Applicable,Not Applicable,Not Applicable,Yes,Yes,Yes,Yes,Yes,Yes,Not Applicable,Not Applicable,Not Applicable,Not Applicable,Not Applicable,Not Applicable,Not Applicable,No,0,Not Applicable,No,Not Applicable,Yes,Yes,No,No,No,0,1594.47,378.05,0.0,0.798,Web,Valid Claim,Chrome,53,System,0.28363,B0890
REC00812,CLM00985,CUS00628,PRD00772,Laptop,Gaming Laptop,Device,Main Unit,ZenCore,ZEN-LAP-146,SN-90869861,2023-09-24,2025-02-13,2025-01-26,24,No,Display Failure,Internal Component Failure,Customer reports display failure affecting device.,No,No,Not Applicable,Not Applicable,Not Applicable,Not Applicable,Not Applicable,Not Applicable,Not Applicable,Not Applicable,Yes,No,Yes,Yes,Yes,Yes,Not Applicable,Not Applicable,Not Applicable,Not Applicable,Not Applicable,Not Applicable,Not Applicable,No,0,Not Applicable,No,Not Applicable,Yes,Yes,No,No,No,0,995.41,151.88,0.0,0.853,Web,Valid Claim,Chrome,24,Light,0.54367,B0267
REC01136,CLM00721,CUS00293,PRD00173,Camera,Compact,Camera Body,Camera Body,PrimeView,PRI-CAM-402,SN-23224200,2021-08-19,2024-01-05,2024-01-04,24,Yes,Lens Failure,Sensor Contamination Due To Misuse,Customer reports lens failure affecting camera body.,No,No,Not Applicable,Not Applicable,Not Applicable,Not Applicable,Not Applicable,Not Applicable,Not Applicable,Not Applicable,Yes,Yes,Yes,N,Yes,Yes,Not Applicable,Not Applicable,Not Applicable,Not Applicable,Not Applicable,Not Applicable,Not Applicable,No,0,Not Applicable,No,Not Applicable,Yes,No,No,No,No,0,1377.12,999.51,,0.907,Email,Invalid Claim,MobileWebView,15,System,0.45979,B0002
REC00561,CLM00731,CUS00599,PRD00459,Camera,Compact,Camera Body,Camera Body,NovaTech,NOV-CAM-707,SN-46841415,2023-06-01,2025-05-19,2025-05-07,24,No,Connectivity Issue,Electrical Failure,Customer reports connectivity issue affecting camera body.,No,No,Not Applicable,Not Applicable,Not Applicable,Not Applicable,Not Applicable,Not Applicable,Not Applicable,Not Applicable,Yes,,Yes,Yes,Yes,,Not Applicable,Not Applicable,Not Applicable,Not Applicable,Not Applicable,Not Applicable,Not Applicable,No,0,Not Applicable,No,Not Applicable,No,Yes,No,No,No,0,458.83,41.27,0.0,0.922,Mobile App,Invalid Claim,Safari,57,Light,-1.10945,B0594
REC-DUP-0037,CLM00352,CUS00500,PRD00785,Laptop,Business Laptop,Device,Main Unit,NovaTech,NOV-LAP-887,SN-80026480,2025-04-30,2026-09-15,2026-09-13,24,No,Battery Problem,Manufacturing Defect,Customer reports battery problem affecting device.,Unknown,Yes,Yes,Not Applicable,Not Applicable,Not Applicable,Not Applicable,Not Applicable,Not Applicable,Not Applicable,Yes,Yes,Yes,Yes,Yes,Yes,Not Applicable,Not Applicable,Not Applicable,Not Applicable,Not Applicable,Not Applicable,Not Applicable,No,0,Not Applicable,No,Not Applicable,Yes,Yes,No,No,No,0,618.29,235.69,0.0,0.728,Web,Valid Claim,MobileWebView,47,Light,-0.80711,B0156
REC-DUP-0023,CLM01034,CUS00483,PRD00616,Air Conditioner,Window,Indoor Unit,Main Unit,Aster,AST-AIR-166,SN-57575584,2022-09-16,2024-06-03,2024-05-23,24,No,Water Leakage,Manufacturing Defect,Customer reports water leakage affecting indoor unit.,Not Applicable,Not Applicable,Not Applicable,Not Applicable,Yes,Not Applicable,Not Applicable,No,Indoor Unit,Not Applicable,Yes,No,No,Yes,Yes,Yes,No,Not Applicable,Not Applicable,Not Applicable,Not Applicable,Not Applicable,Not Applicable,No,0,Not Applicable,Yes,Yes,Yes,Yes,No,No,No,1,1269.7,1169.56,0.0,0.995,Mobile App,Manual Review,Chrome,8,Light,1.04223,B0464
REC01020,CLM00803,CUS00369,PRD00065,Refrigerator,Double Door,Water Leakage,Compressor,ZenCore,ZEN-REF-144,SN-45505407,2015-01-04,2024-04-23,2024-04-13,120,No,Water Leakage,Normal Wear,Customer reports water leakage affecting water leakage.,Not Applicable,Not Applicable,Not Applicable,Household,No,Not Applicable,Not Applicable,Not Applicable,Not Applicable,Not Applicable,Yes,Yes,Yes,Yes,,,Not Applicable,Not Applicable,Not Applicable,Yes,Not Applicable,Not Applicable,Not Applicable,No,0,Not Applicable,No,Not Applicable,Yes,Yes,No,No,No,0,792.49,102.72,0.0,0.884,Mobile App,Invalid Claim,Safari,58,Dark,-0.29832,B0223
REC-DUP-0029,CLM01267,CUS00260,PRD00016,Refrigerator,Double Door,Power,Main Unit,Aster,AST-REF-667,SN-31869565,2024-11-29,2026-08-30,2026-08-24,24,No,Power Failure,Manufacturing Defect,Customer reports power failure affecting power.,Not Applicable,Not Applicable,Not Applicable,Household,Yes,Not Applicable,Not Applicable,Not Applicable,Not Applicable,Not Applicable,Yes,Yes,Yes,No,Yes,Yes,Not Applicable,Not Applicable,Not Applicable,Not Applicable,Not Applicable,Not Applicable,Not Applicable,No,0,Not Applicable,No,Not Applicable,Yes,Yes,No,No,No,0,2142.85,1817.83,0.0,0.858,Service Center,Valid Claim,Firefox,33,Dark,-0.61646,B0398
REC00565,CLM01184,CUS00407,PRD00591,Air Conditioner,Portable,Indoor Unit,Main Unit,,HOM-AIR-363,SN-64321263,2023-10-18,2025-03-25,2025-03-13,24,No,Noise,Internal Component Failure,Customer reports noise affecting indoor unit.,Not Applicable,Not Applicable,Not Applicable,Not Applicable,Yes,Not Applicable,Not Applicable,Yes,Indoor Unit,Not Applicable,Yes,Yes,Yes,Yes,Yes,Yes,Yes,Not Applicable,Not Applicable,Not Applicable,Not Applicable,Not Applicable,Not Applicable,No,0,Not Applicable,No,Not Applicable,Yes,Yes,No,No,No,1,1225.85,749.12,0.0,0.471,Mobile App,Manual Review,MobileWebView,18,Light,-0.14014,B0924
REC00084,CLM01057,CUS00233,PRD00874,Camera,DSLR,Camera Body,Camera Body,PrimeView,PRI-CAM-433,SN-37706293,2023-02-09,2025-09-26,2025-09-10,24,Yes,Battery Problem,Manufacturing Defect,Customer reports battery problem affecting camera body.,No,No,Yes,Not Applicable,Not Applicable,Not Applicable,Not Applicable,Not Applicable,Not Applicable,Not Applicable,Yes,Yes,Yes,Yes,Yes,No,Not Applicable,Not Applicable,Not Applicable,Not Applicable,Not Applicable,Not Applicable,Not Applicable,No,0,Not Applicable,No,Not Applicable,Yes,Yes,No,No,No,0,2985.46,1155.45,0.0,0.803,Mobile App,Manual Review,Chrome,15,Dark,1.48154,B0118
REC00888,CLM00657,CUS00077,PRD00532,Camera,Compact,Lens,Lens,Aster,AST-CAM-846,SN-22959500,2023-05-16,2024-07-14,2024-06-22,24,No,Lens Failure,Physical Damage,Customer reports lens failure affecting lens.,Yes,No,Not Applicable,Not Applicable,Not Applicable,Not Applicable,Not Applicable,Not Applicable,Not Applicable,Not Applicable,Yes,Yes,No,Yes,No,Yes,Not Applicable,Not Applicable,Not Applicable,Not Applicable,Yes,Not Applicable,No,Yes,2,Unknown,Yes,Yes,Yes,Yes,No,No,No,0,1130.66,807.68,443.98,0.96,Service Center,Invalid Claim,Safari,49,System,-0.46243,B0789
REC00707,CLM00875,CUS00005,PRD00451,Refrigerator,Side-by-Side,Noise,Compressor,HomePro,HOM-REF-706,SN-41627952,2016-01-27,2025-01-30,2025-01-24,120,No,Noise,Internal Component Failure,Customer reports noise affecting noise.,Not Applicable,Not Applicable,Not Applicable,Household,No,Not Applicable,Not Applicable,Not Applicable,Not Applicable,Not Applicable,Yes,Yes,No,No,Yes,Yes,Not Applicable,Not Applicable,Not Applicable,Yes,Not Applicable,Not Applicable,Not Applicable,No,0,Not Applicable,No,Not Applicable,Yes,Yes,No,No,No,2,2409.55,680.06,0.0,0.895,Web,Valid Claim,Chrome,15,Light,-0.02542,B0550
REC00592,CLM00556,CUS00541,PRD00689,Air Conditioner,Cassette,Outdoor Unit,Compressor,HomePro,HOM-AIR-680,SN-38389615,2020-11-06,2025-02-13,2025-01-22,60,No,Water Leakage,Electrical Failure,Customer reports water leakage affecting outdoor unit.,Not Applicable,Not Applicable,Not Applicable,Not Applicable,Yes,Not Applicable,Not Applicable,No,Outdoor Unit,Not Applicable,Yes,Yes,Yes,Yes,Yes,Yes,Yes,Not Applicable,Not Applicable,No,Not Applicable,Not Applicable,Not Applicable,No,0,Not Applicable,No,Not Applicable,Unknown,Yes,No,No,No,0,1623.43,1264.59,0.0,0.835,Mobile App,Manual Review,MobileWebView,49,Dark,-0.83406,B0564
REC00728,CLM00950,CUS00097,PRD00511,Camera,Compact,Camera Body,Camera Body,NovaTech,NOV-CAM-385,SN-26779173,2022-08-18,2025-02-06,2025-01-22,24,No,Connectivity Issue,Internal Component Failure,Customer reports connectivity issue affecting camera body.,No,No,Not Applicable,Not Applicable,Not Applicable,Not Applicable,Not Applicable,Not Applicable,Not Applicable,Not Applicable,Yes,No,No,Yes,Yes,Yes,Not Applicable,Not Applicable,Not Applicable,Not Applicable,Not Applicable,Not Applicable,No,Yes,2,no,No,Not Applicable,Yes,Yes,No,No,No,1,1774.38,1417.44,,0.928,Service Center,Invalid Claim,MobileWebView,29,System,0.09267,B0214
REC01472,CLM00263,CUS00539,PRD00153,Smartphone,Rugged Smartphone,Charger,Charger,NovaTech,NOV-SMA-809,SN-34195444,2025-09-14,2026-01-09,2025-12-27,6,No,Connectivity Issue,Electrical Failure,Customer reports connectivity issue affecting charger.,No,No,Not Applicable,Not Applicable,Not Applicable,Not Applicable,Not Applicable,Not Applicable,Not Applicable,Not Applicable,Yes,Yes,Yes,Yes,Yes,Yes,Not Applicable,Not Applicable,Not Applicable,Not Applicable,Not Applicable,Not Applicable,No,Yes,3,Unknown,No,Not Applicable,Yes,Yes,No,No,No,0,384.12,53.46,208.9,,EMAIL,Manual Review,MobileWebView,3,System,1.01889,B0144
REC01281,CLM01279,CUS00409,PRD00999,Refrigerator,Double Door,Power,Main Unit,HomePro,HOM-REF-444,SN-77566545,2023-04-13,2024-04-27,2024-04-18,24,No,Power Failure,Electrical Failure,Customer reports power failure affecting power.,Not Applicable,Not Applicable,Not Applicable,Household,No,Not Applicable,Not Applicable,Not Applicable,Not Applicable,Not Applicable,Yes,Yes,Yes,Yes,Yes,,Not Applicable,Not Applicable,Not Applicable,Not Applicable,Not Applicable,Not Applicable,No,Yes,2,Yes,No,Not Applicable,Yes,Yes,No,No,No,1,880.36,111.63,294.14,0.899,Web,Manual Review,Chrome,51,Light,1.35073,B0202
REC01102,CLM00995,CUS00045,PRD00278,Air Conditioner,Portable,Outdoor Unit,Main Unit,ZenCore,ZEN-AIR-959,SN-31799494,2024-08-07,2026-07-06,2026-06-27,24,No,Water Leakage,Manufacturing Defect,Customer reports water leakage affecting outdoor unit.,Not Applicable,Not Applicable,Not Applicable,Not Applicable,No,Not Applicable,Not Applicable,No,Outdoor Unit,Not Applicable,No,Yes,No,Yes,Yes,Yes,Yes,Not Applicable,Not Applicable,Not Applicable,Not Applicable,Not Applicable,Not Applicable,No,0,Not Applicable,Yes,No,Yes,Yes,No,No,No,1,608.5,353.07,0.0,0.917,Mobile App,Valid Claim,MobileWebView,33,Light,0.72392,B0701
REC01098,CLM01288,CUS00318,PRD00311,Smartphone,Foldable Smartphone,Battery,Battery,PrimeView,PRI-SMA-963,SN-18612150,2023-06-13,2024-02-12,2024-01-27,12,No,Connectivity Issue,Electrical Failure,Customer reports connectivity issue affecting battery.,No,No,Yes,Not Applicable,Not Applicable,Not Applicable,Not Applicable,Not Applicable,Not Applicable,Not Applicable,Yes,Yes,Yes,Yes,Yes,Yes,Not Applicable,No,Not Applicable,Not Applicable,Not Applicable,Not Applicable,Not Applicable,No,0,Not Applicable,No,Not Applicable,Yes,Yes,No,No,No,1,1044.25,928.02,0.0,0.98,Web,Manual Review,MobileWebView,32,Light,1.55543,B0812
REC00629,CLM01063,CUS00249,PRD00475,Camera,Action Camera,Not Sure,Camera Body,NovaTech,NOV-CAM-710,SN-40542893,2024-01-27,2025-11-11,2025-11-04,24,No,Battery Problem,Electrical Failure,Customer reports battery problem affecting not sure.,Yes,No,Yes,Not Applicable,Not Applicable,Not Applicable,Not Applicable,Not Applicable,Not Applicable,Not Applicable,No,YES,Yes,Yes,Yes,Yes,Not Applicable,Not Applicable,Not Applicable,Not Applicable,Not Applicable,Not Applicable,Not Applicable,No,0,Not Applicable,No,Not Applicable,Yes,Yes,No,No,Yes,0,2713.69,676.31,0.0,0.854,Web,Manual Review,Safari,40,Dark,-0.77559,B0462
REC00140,CLM00405,CUS00378,PRD00668,Laptop,Consumer Laptop,Not Sure,Main Unit,NovaTech,NOV-LAP-134,SN-81202853,2022-12-05,2024-04-18,2024-04-10,24,No,Display Failure,Internal Component Failure,Customer reports display failure affecting not sure.,No,No,Not Applicable,Not Applicable,Not Applicable,Not Applicable,Not Applicable,Not Applicable,Not Applicable,Not Applicable,Yes,,Yes,Yes,Yes,Yes,Not Applicable,Not Applicable,Not Applicable,Not Applicable,Not Applicable,Not Applicable,Not Applicable,No,0,Not Applicable,Yes,Yes,Yes,Yes,No,No,No,2,1383.77,1300.66,0.0,0.792,Web,Valid Claim,MobileWebView,56,Light,0.7568,B0474
REC00389,CLM00845,CUS00238,PRD00232,Camera,Action Camera,Lens,Lens,PrimeView,PRI-CAM-141,SN-13314909,2022-09-02,2024-01-27,2024-01-10,24,No,Connectivity Issue,Manufacturing Defect,Customer reports connectivity issue affecting lens.,No,No,Not Applicable,Not Applicable,Not Applicable,Not Applicable,Not Applicable,Not Applicable,Not Applicable,Not Applicable,No,No,Yes,Yes,Yes,Yes,Not Applicable,Not Applicable,Not Applicable,Not Applicable,Yes,Not Applicable,Yes,Yes,3,Yes,No,Not Applicable,Yes,Yes,Yes,No,No,0,2415.03,2183.17,204.48,0.854,Service Center,Invalid Claim,MobileWebView,41,Light,-0.00507,B0897
REC00687,CLM01444,CUS00216,PRD00159,Smartphone,Rugged Smartphone,Phone,Main Unit,NovaTech,NOV-SMA-713,SN-63255882,2024-08-25,2025-02-22,2025-02-07,12,No,Power Failure,Manufacturing Defect,Customer reports power failure affecting phone.,No,No,Not Applicable,Not Applicable,Not Applicable,Not Applicable,Not Applicable,Not Applicable,Not Applicable,Not Applicable,Yes,Yes,Yes,Yes,No,yes,Not Applicable,Not Applicable,Not Applicable,Not Applicable,Not Applicable,Not Applicable,Not Applicable,No,0,Not Applicable,No,Not Applicable,Yes,Yes,No,No,No,2,1779.84,943.19,0.0,0.896,Web,Manual Review,Firefox,2,System,0.50702,B0754
REC01035,CLM00883,CUS00256,PRD00498,Washing Machine,Top Load,Washing,Main Unit,HomePro,HOM-WAS-187,SN-52776434,2022-10-30,2024-04-05,2024-03-06,24,No,Mechanical Failure,Internal Component Failure,Customer reports mechanical failure affecting washing.,Not Applicable,Not Applicable,Not Applicable,Household,No,Not Applicable,No,Not Applicable,Not Applicable,Not Applicable,Yes,Yes,No,Yes,Yes,Yes,Not Applicable,Not Applicable,Not Applicable,Not Applicable,Not Applicable,Not Applicable,Yes,Yes,2,Yes,No,Not Applicable,Yes,Yes,No,No,No,2,857.24,529.06,530.77,0.751,Mobile App,Valid Claim,MobileWebView,24,Light,-0.71752,B0346
REC00817,CLM00393,CUS00685,PRD00871,Laptop,Gaming Laptop,Device,Main Unit,ZenCore,ZEN-LAP-993,SN-45792014,2020-10-29,2024-04-20,2024-04-12,24,Yes,Connectivity Issue,Internal Component Failure,Customer reports connectivity issue affecting device.,No,No,Not Applicable,Not Applicable,Not Applicable,Not Applicable,Not Applicable,Not Applicable,Not Applicable,Not Applicable,Yes,Yes,Yes,Yes,Yes,Yes,Not Applicable,Not Applicable,Not Applicable,Not Applicable,Not Applicable,Not Applicable,Yes,Yes,2,Yes,No,Not Applicable,Yes,Yes,No, No ,No,1,1880.54,259.61,286.2,0.528,Service Center,Invalid Claim,Safari,47,Dark,0.97279,B0718
REC00055,CLM01264,CUS00105,PRD00796,Television,QLED,Picture,Main Unit,Aster,AST-TEL-834,SN-51738422,2023-01-14,2024-09-13,2024-08-24,24,No,Display Failure,Manufacturing Defect,Customer reports display failure affecting picture.,No,Not Applicable,Not Applicable,Not Applicable,Not Applicable,Yes,Not Applicable,Not Applicable,Not Applicable,Not Applicable,Yes,Yes,Yes,Yes,,Yes,Not Applicable,Not Applicable,Not Applicable,Not Applicable,Not Applicable,Not Applicable,Not Applicable,No,0,Not Applicable,No,Not Applicable,Yes,Yes,No,No,No,1,1964.02,700.16,0.0,0.843,Mobile App,Valid Claim,Firefox,37,System,-1.16312,B0510
REC00739,CLM00103,CUS00014,PRD00636,Refrigerator,Double Door,Water Leakage,Compressor,HomePro,HOM-REF-904,SN-77939791,2016-05-04,2025-06-23,2025-06-17,120,No,Water Leakage,Internal Component Failure,Customer reports water leakage affecting water leakage.,Not Applicable,Not Applicable,Not Applicable,Household,No,Not Applicable,Not Applicable,Not Applicable,Not Applicable,Not Applicable,Yes,Yes,Yes,,Yes,Yes,Not Applicable,Not Applicable,Not Applicable,Yes,Not Applicable,Not Applicable,Yes,Yes,1,Yes,No,Not Applicable,Unknown,Yes,No,No,No,0,1143.25,725.66,457.96,0.737,Service Center,Manual Review,Safari,33,Light,-0.30857,B0326
REC00515,CLM00600,CUS00389,PRD00417,Smartphone,Foldable Smartphone,Phone,Main Unit,PrimeView,PRI-SMA-859,SN-33834235,2023-08-29,2024-04-12,2024-03-27,12,No,Overheating,Electrical Failure,Customer reports overheating affecting phone.,No,Unknown,Not Applicable,Not Applicable,Not Applicable,Not Applicable,Not Applicable,Not Applicable,Not Applicable,Not Applicable,No,Yes,Yes,Yes,Yes,,Not Applicable,Not Applicable,Not Applicable,Not Applicable,Not Applicable,Not Applicable,Yes,Yes,1,Yes,Yes,Yes,Yes,Yes,No,No,No,0,413.12,164.76,59.78,0.804,Service Center,Valid Claim,Safari,12,Dark,-1.21968,B0716
REC01270,CLM00677,CUS00482,PRD00380,Refrigerator,Double Door,Cooling,Main Unit,ZenCore,ZEN-REF-457,SN-92969572,2022-03-04,2024-02-22,2024-02-07,24,No,Cooling Failure,Water Damage,Customer reports cooling failure affecting cooling.,Not Applicable,Not Applicable,Not Applicable,Household,No,Not Applicable,Not Applicable,Not Applicable,Not Applicable,Not Applicable,Yes,Yes,No,Yes,Yes,Yes,Not Applicable,Not Applicable,Not Applicable,Not Applicable,Not Applicable,Not Applicable,Not Applicable,No,0,Not Applicable,No,Not Applicable,No,No,No,No,No,1,2492.03,1883.75,0.0,0.803,Web,Invalid Claim,MobileWebView,24,Light,-0.96978,B0782
REC01150,CLM00449,CUS00106,PRD00156,Refrigerator,French Door,Water Leakage,Compressor,ZenCore,ZEN-REF-355,SN-90969177,2016-07-19,2025-09-21,2025-09-12,120,No,Water Leakage,Internal Component Failure,Customer reports water leakage affecting water leakage.,Not Applicable,Not Applicable,Not Applicable,Household,No,Not Applicable,Not Applicable,Not Applicable,Not Applicable,Not Applicable,Yes,Yes,Yes,Yes,Yes,Yes,Not Applicable,Not Applicable,Not Applicable,No,Not Applicable,Not Applicable,Not Applicable,No,0,Not Applicable,No,Not Applicable,yes,Yes,No,No,No,1,1968.87,715.32,0.0,0.899,Mobile App,Manual Review,Chrome,1,Light,-1.71699,B0361
REC00180,CLM00553,CUS00193,PRD00776,Washing Machine,Washer Dryer,Water Supply or Drain,Main Unit,ZenCore,ZEN-WAS-619,SN-43623516,2023-01-15,2025-02-26,2025-02-22,24,No,Mechanical Failure,Manufacturing Defect,Customer reports mechanical failure affecting water supply or drain.,Not Applicable,Not Applicable,Not Applicable,Household,Unknown,Not Applicable,No,Not Applicable,Not Applicable,Not Applicable,Yes,Yes,Yes,Yes,Yes,Yes,Not Applicable,Not Applicable,Not Applicable,Not Applicable,Not Applicable,Not Applicable,Yes,Yes,1,Yes,No,Not Applicable,Yes,Yes,No,No,No,1,1993.37,274.6,247.77,0.826,Email,Invalid Claim,Safari,53,Light,-0.46111,B0779
REC00697,CLM00973,CUS00202,PRD00346,Refrigerator,Double Door,Other,Main Unit,HomePro,HOM-REF-741,SN-35168563,2023-03-26,2024-04-23,2024-04-15,24,No,Mechanical Failure,Manufacturing Defect,Customer reports mechanical failure affecting other.,Not Applicable,Not Applicable,Not Applicable,Household,No,Not Applicable,Not Applicable,Not Applicable,Not Applicable,Not Applicable,Yes,Yes,No,No,Yes,Yes,Not Applicable,Not Applicable,Not Applicable,Not Applicable,Not Applicable,Not Applicable,Not Applicable,No,0,Not Applicable,No,Not Applicable,Yes,Yes,No,No,No,0,535.67,130.63,0.0,,Web,Valid Claim,MobileWebView,21,System,-1.35821,B0047
REC01410,CLM00495,CUS00580,PRD00011,Washing Machine,Top Load,Power,Main Unit,ZenCore,ZEN-WAS-329,SN-14796956,2023-10-16,2025-01-21,2024-12-28,24,No,Power Failure,Electrical Failure,Customer reports power failure affecting power.,Not Applicable,Not Applicable,Not Applicable,Household,No,Not Applicable,No,Not Applicable,Not Applicable,Not Applicable,Yes,Yes,No,Yes,Yes,Yes,Not Applicable,Not Applicable,Not Applicable,Not Applicable,Not Applicable,Not Applicable,,No,0,Not Applicable,No,Not Applicable,Yes,Yes,Yes,No,No,0,2196.65,1660.4,0.0,0.579,Mobile App,Invalid Claim,Firefox,23,Light,-0.82788,B0860
REC00372,CLM01429,CUS00689,PRD00539,Washing Machine,Front Load,Noise,Motor,HomePro,HOM-WAS-356,SN-76628612,2017-01-10,2026-06-06,2026-05-07,120, No ,Noise,Internal Component Failure,Customer reports noise affecting noise.,Not Applicable,Not Applicable,Not Applicable,Other,No,Not Applicable,No,Not Applicable,Not Applicable,Not Applicable,Yes,Yes,Yes,Yes,Yes,Yes,Not Applicable,Not Applicable,Not Applicable,Yes,Not Applicable,Not Applicable,NO,Yes,3,Yes,No,Not Applicable,Yes,Yes,No,No,No,1,685.87,605.99,434.48,0.925, Email ,Manual Review,Edge,23,Dark,0.71275,B0171
REC00859,CLM00939,CUS00092,PRD00971,Laptop,Business Laptop,Charger,Power Adapter,Aster,AST-LAP-266,SN-33800051,2025-03-12,2026-07-27,2026-07-07,12,No,Overheating,Internal Component Failure,Customer reports overheating affecting charger.,No,No,Not Applicable,Not Applicable,Not Applicable,Not Applicable,Not Applicable,Not Applicable,Not Applicable,Not Applicable,Yes,Yes,Yes,Yes,Yes,No,Not Applicable,Not Applicable,Not Applicable,Not Applicable,Not Applicable,Not Applicable,Not Applicable,No,0,Not Applicable,No,Not Applicable,Yes,Yes,No,No,No,2,2533.82,956.78,0.0,0.88,Mobile App,Invalid Claim,Edge,50,Dark,-0.28395,B0362
REC01146,CLM00924,CUS00038,PRD00989,Refrigerator,French Door,Power,Compressor,HomePro,HOM-REF-365,SN-44084000,2016-04-24,2025-11-27,2025-11-17,120,No,Power Failure,Electrical Failure,Customer reports power failure affecting power.,Not Applicable,Not Applicable,Not Applicable,Household,Unknown,Not Applicable,Not Applicable,Not Applicable,Not Applicable,Not Applicable,No,Yes,Yes,Yes,Yes,Yes,Not Applicable,Not Applicable,Not Applicable,Yes,Not Applicable,Not Applicable,,No,0,Not Applicable,Yes,Yes,Yes,Yes,No,No,No,1,2557.4,374.2,0.0,0.765,Web,Valid Claim,Edge,59,Light,-1.86738,B0644
REC00486,CLM00045,CUS00188,PRD00705,Washing Machine,Front Load,Power,Main Unit,ZenCore,ZEN-WAS-730,SN-56624386,2023-01-31,2025-05-09,2025-04-29,24,Yes,Power Failure,Electrical Failure,Customer reports power failure affecting power.,Not Applicable,Not Applicable,Not Applicable,Household,No,Not Applicable,No,Not Applicable,Not Applicable,Not Applicable,Yes,Yes,Yes,Yes,No,Yes,Not Applicable,Not Applicable,Not Applicable,Not Applicable,Not Applicable,Not Applicable,Yes,Yes,2,Yes,No,Not Applicable,Yes,Yes,No,No,No,2,668.84,108.8,503.69,0.774,Email,Manual Review,MobileWebView,46,Dark,-0.22198,B0757
REC01179,CLM00507,CUS00693,PRD00270,Smartphone,Rugged Smartphone,Battery,Battery,PrimeView,PRI-SMA-442,SN-10702480,2025-09-28,2026-05-15,2026-04-15,12,No,Power Failure,Internal Component Failure,Customer reports power failure affecting battery.,No,No,Yes,Not Applicable,Not Applicable,Not Applicable,Not Applicable,Not Applicable,Not Applicable,Not Applicable,Yes,Yes,No,Yes,No,No,Not Applicable,Yes,Not Applicable,Not Applicable,Not Applicable,Not Applicable,Not Applicable,No,0,Not Applicable,No,Not Applicable,Yes,Yes,No,No,No,2,1051.72,534.91,0.0,0.682,Web,Manual Review,Firefox,10,System,-0.29249,B0002
REC01007,CLM01342,CUS00548,PRD00088,Laptop,Consumer Laptop,Device,Main Unit,aster,AST-LAP-783,SN-57300949,2023-06-07,2026-02-10,2026-01-19,24,Yes,Power Failure,Electrical Failure,Customer reports power failure affecting device.,No,No,Not Applicable,Not Applicable,Not Applicable,Not Applicable,Not Applicable,Not Applicable,Not Applicable,Not Applicable,Yes,No,No,Yes,Yes,Yes,Not Applicable,Not Applicable,Not Applicable,Not Applicable,Not Applicable,Not Applicable,Not Applicable,No,0,Not Applicable,No,Not Applicable,Yes,Yes,No,No,No,2,2459.53,1732.83,,0.902,Mobile App,Valid Claim,Firefox,28,Dark,0.3892,B0260
REC00417,CLM00644,CUS00543,PRD00320,Laptop,2-in-1,Device,Main Unit,ZenCore,ZEN-LAP-720,SN-41333610,2022-08-08,2025-07-19,2025-06-29,24,Yes,Display Failure,Internal Component Failure,Customer reports display failure affecting device.,No,No,Not Applicable,Not Applicable,Not Applicable,Not Applicable,Not Applicable,Not Applicable,Not Applicable,Not Applicable,Yes,Yes,Yes,Yes,Yes,Yes,Not Applicable,Not Applicable,Not Applicable,Not Applicable,Not Applicable,Not Applicable,Not Applicable,No,0,Not Applicable,No,Not Applicable,Yes,No,No,No,No,0,1215.54,,0.0,0.743,Web,Manual Review,Firefox,0,System,-0.27052,B0469
REC01245,CLM01192,CUS00219,PRD00713,Air Conditioner,Portable,Outdoor Unit,Main Unit,ZenCore,ZEN-AIR-867,SN-78543874,2023-03-14,2024-11-15,2024-11-05,24,No,Power Failure,Internal Component Failure,Customer reports power failure affecting outdoor unit.,Not Applicable,Not Applicable,Not Applicable,Not Applicable,No,Not Applicable,Not Applicable,No,Outdoor Unit,Not Applicable,Yes,Yes,No,Yes,Yes,Yes,Yes,Not Applicable,Not Applicable,Not Applicable,Not Applicable,Not Applicable,Not Applicable,No,0,Not Applicable,No,Not Applicable,Yes,Yes,No,No,Yes,0,2504.85,1907.28,0.0,0.905,Web,Manual Review,MobileWebView,3,Light,1.357,B0303
REC00129,CLM00163,CUS00080,PRD00627,Air Conditioner,Cassette,Indoor Unit,Main Unit,,HOM-AIR-701,SN-10670122,2023-11-19,2024-11-22,2024-10-30,24,No,Cooling Failure,Internal Component Failure,Customer reports cooling failure affecting indoor unit.,Not Applicable,Not Applicable,Not Applicable,Not Applicable,No,Not Applicable,Not Applicable,No,Indoor Unit,Not Applicable,Yes,Yes,No,Yes,Yes,Yes,Yes,Not Applicable,Not Applicable,Not Applicable,Not Applicable,Not Applicable,Not Applicable,No,0,Not Applicable,No,Not Applicable,Yes,Yes,No,No,No,1,1952.24,464.91,0.0,0.812,Web,Valid Claim,Chrome,21,Dark,0.95368,B0719
REC00704,CLM00189,CUS00250,PRD00330,Refrigerator,French Door,Water Leakage,Main Unit,ZenCore,ZEN-REF-756,SN-90664529,2021-10-04,2024-09-10,2024-09-05,24,Yes,Water Leakage,Internal Component Failure,Customer reports water leakage affecting water leakage.,Not Applicable,Not Applicable,Not Applicable,Household,No,Not Applicable,Not Applicable,Not Applicable,Not Applicable,Not Applicable,Yes,Yes,No,No,No,Yes,Not Applicable,Not Applicable,Not Applicable,Not Applicable,Not Applicable,Not Applicable,,No,0,Not Applicable,Yes,Yes,Yes,Yes,No,No,No,0,2192.01,280.83,0.0,0.532,Web,Manual Review,Edge,19,System,0.69422,B0516
REC01183,CLM00532,CUS00572,PRD00346,Air Conditioner,Portable,Indoor Unit,Main Unit, Aster ,AST-AIR-639,SN-96342810,2023-05-03,2025-04-10,2025-03-05,24,No,Noise,Internal Component Failure,Customer reports noise affecting indoor unit.,Not Applicable,Not Applicable,Not Applicable,Not Applicable,No,Not Applicable,Not Applicable,No,Indoor Unit,Not Applicable,Yes,Yes,No,No,Yes,Yes,Yes,Not Applicable,Not Applicable,Not Applicable,Not Applicable,Not Applicable,Not Applicable,No,0,Not Applicable,No,Not Applicable,Yes,Yes,No,No,No,0,1381.75,1204.12,0.0,0.823,Mobile App,Invalid Claim,Firefox,41,Dark,1.12765,B0008
REC00552,CLM01122,CUS00552,PRD00162,Refrigerator,Single Door,Not Sure,Main Unit,ZenCore,ZEN-REF-387,SN-25681053,2023-02-13,2024-04-10,2024-03-30,24,No,Water Leakage,Electrical Failure,Customer reports water leakage affecting not sure.,Not Applicable,Not Applicable,Not Applicable,Household,No,Not Applicable,Not Applicable,Not Applicable,Not Applicable,Not Applicable,Yes,Yes,Yes,Yes,Yes,No,Not Applicable,Not Applicable,Not Applicable,Not Applicable,Not Applicable,Not Applicable,Yes,Yes,3,Yes,No,Not Applicable,Yes,Yes,No,No,yes,1,1866.65,565.77,333.55,0.901,Service Center,Manual Review,MobileWebView,33,System,-0.15883,B0133
REC00868,CLM00048,CUS00500,PRD00303,Camera,Mirrorless,Camera Body,Camera Body,PrimeView,PRI-CAM-842,SN-73294397,2025-02-10,2026-05-19,2026-05-17,24,No,Power Failure,Liquid Damage,Customer reports power failure affecting camera body.,No,Yes,Not Applicable,Not Applicable,Not Applicable,Not Applicable,Not Applicable,Not Applicable,Not Applicable,Not Applicable,Yes,Yes,Yes,Yes,Yes,Yes,Not Applicable,Not Applicable,Not Applicable,Not Applicable,Not Applicable,Not Applicable,Not Applicable,No,0,Not Applicable,No,Not Applicable,Yes,Yes,No,No,No,2,2590.79,1194.64,0.0,,Mobile App,Invalid Claim,Firefox,40,Dark,-0.28058,B0790
REC00554,CLM00049,CUS00124,PRD00487,Smartphone,Foldable Smartphone,Charger,Charger,NovaTech,NOV-SMA-369,SN-92114225,2024-12-24,2025-04-03,2025-04-01,6,No,Display Failure,Manufacturing Defect,Customer reports display failure affecting charger.,No,No,Not Applicable,Not Applicable,Not Applicable,Not Applicable,Not Applicable,Not Applicable,Not Applicable,Not Applicable,Yes,Yes,No,Yes,Yes,Yes,Not Applicable,Not Applicable,Not Applicable,Not Applicable,Not Applicable,Not Applicable,Not Applicable,No,0,Not Applicable,No,Not Applicable,Yes,Yes,No,No,No,2,776.24,411.82,0.0,0.928,Mobile App,Valid Claim,Edge,12,Light,-0.11165,B0907
REC01233,CLM00269,CUS00583,PRD00978,Printer,Thermal,Printing,Main Unit,HomePro,HOM-PRI-164,SN-23794691,2025-03-05,2025-07-09,2025-06-09,12,No,Mechanical Failure,Physical Damage,Customer reports mechanical failure affecting printing.,Not Applicable,Not Applicable,Not Applicable,Not Applicable,No,Not Applicable,No,Not Applicable,Not Applicable,Unknown,Yes,Yes,Yes,Yes,No,Yes,Not Applicable,Not Applicable,Not Applicable,Not Applicable,Not Applicable,Yes,Not Applicable,No,0,Not Applicable,No,Not Applicable,Yes,Yes,No,No,No,0,1159.81,580.82,0.0,0.986,Service Center,Invalid Claim,Edge,57,System,1.44316,B0859
REC00201,CLM01333,CUS00570,PRD00137,Camera,DSLR,Camera Body,Camera Body,Aster,AST-CAM-813,SN-45944454,2024-07-23,2025-07-31,2025-07-30,24,No,Battery Problem,Internal Component Failure,Customer reports battery problem affecting camera body.,No,No,Yes,Not Applicable,Not Applicable,Not Applicable,Not Applicable,Not Applicable,Not Applicable,Not Applicable,No,Yes,Yes,Yes,Yes,Yes,Not Applicable,Not Applicable,Not Applicable,Not Applicable,Not Applicable,Not Applicable,Not Applicable,No,0,Not Applicable,No,Not Applicable,Yes,Yes,No,No,No,1,1038.99,408.64,0.0,0.876,Web,Valid Claim,Safari,43,Light,-0.30881,B0805
REC00797,CLM00839,CUS00194,PRD00880,Television,LED,Not Sure,Main Unit,Aster,AST-TEL-107,SN-29398896,2024-11-28,2026-06-08,2026-06-02,24,No,Power Failure,Physical Damage,Customer reports power failure affecting not sure.,Yes,Not Applicable,Not Applicable,Not Applicable,Not Applicable,No,Not Applicable,Not Applicable,Not Applicable,Not Applicable,Yes,,No,Yes,Yes,Yes,Not Applicable,Not Applicable,Not Applicable,Not Applicable,Not Applicable,Not Applicable,Not Applicable,No,0,Not Applicable,No,Not Applicable,Yes,No,No,No,No,0,2100.19,402.98,,0.972,Web,Invalid Claim,Chrome,43,System,-0.92228,B0770
REC01262,CLM00337,CUS00179,PRD00470,Laptop,Gaming Laptop,Charger,Power Adapter,NovaTech,NOV-LAP-911,SN-97038129,31/31/2026,2025-12-08,2025-11-30,12,No,Overheating,Electrical Failure,Customer reports overheating affecting charger.,No,No,Not Applicable,Not Applicable,Not Applicable,Not Applicable,Not Applicable,Not Applicable,Not Applicable,Not Applicable,Yes,Yes,No,Yes,Yes,Yes,Not Applicable,Not Applicable,Not Applicable,Not Applicable,Not Applicable,Not Applicable,Not Applicable,No,0,Not Applicable,No,Not Applicable,Yes,Yes,No,No,No,1,1739.64,917.71,0.0,0.918,Mobile App,Valid Claim,Chrome,29,Dark,-0.87508,B0989
REC01250,CLM01248,CUS00156,PRD00934,Camera,DSLR,Camera Body,Camera Body,Aster,AST-CAM-761,SN-99588034,2022-05-26,2024-05-25,2024-05-08,24,No,Power Failure,Electrical Failure,Customer reports power failure affecting camera body.,No,No,Not Applicable,Not Applicable,Not Applicable,Not Applicable,Not Applicable,Not Applicable,Not Applicable,Not Applicable,Yes,Yes,Yes,Yes,Yes,Yes,Not Applicable,Not Applicable,Not Applicable,Not Applicable,Not Applicable,Not Applicable,Not Applicable,No,0,Not Applicable,No,Not Applicable,Unknown,Yes,No,No,No,0,1309.84,563.05,,0.872,Mobile App,Manual Review,Chrome,39,System,-1.40362,B0519
REC00314,CLM00036,CUS00423,PRD00072,Television,LED,Connection,Main Unit,HomePro,HOM-TEL-343,SN-77009994,2023-09-26,2025-02-27,2025-02-14,24,No,Connectivity Issue,Manufacturing Defect,Customer reports connectivity issue affecting connection.,No,Not Applicable,Not Applicable,Not Applicable,Not Applicable,No,Not Applicable,Not Applicable,Not Applicable,Not Applicable,,Yes,Yes,,Yes,Yes,Not Applicable,Not Applicable,Not Applicable,Not Applicable,Not Applicable,Not Applicable,Not Applicable,No,0,Not Applicable,No,Not Applicable,Yes,Yes,Yes,No,No,1,1699.51,1150.13,0.0,0.734,Web,Invalid Claim,Firefox,23,Light,0.0902,B0901
REC00029,CLM00695,CUS00377,PRD00396,Camera,Mirrorless,Lens,Lens,Aster,AST-CAM-769,SN-22856622,2023-11-20,2025-10-26,2025-10-12,24,No,Lens Failure,Manufacturing Defect,Customer reports lens failure affecting lens.,Yes,No,Not Applicable,Not Applicable,Not Applicable,Not Applicable,Not Applicable,Not Applicable,Not Applicable,Not Applicable,Yes,,No,Yes,Yes,Yes,Not Applicable,Not Applicable,Not Applicable,Not Applicable,Yes,Not Applicable,Not Applicable,No,0,Not Applicable,No,Not Applicable,Unknown,Yes,No,No,No,0,3485.36,1114.17,0.0,0.827,Email,Manual Review,Chrome,32,Dark,0.62188,B0642
REC01115,CLM00298,CUS00530,PRD00921,Refrigerator,Double Door,Cooling,Main Unit,ZenCore,ZEN-REF-473,SN-78172236,2023-02-09,2024-08-31,2024-08-22,24,No,Cooling Failure,Electrical Failure,Customer reports cooling failure affecting cooling.,Not Applicable,Not Applicable,Not Applicable,Business,No,Not Applicable,Not Applicable,Not Applicable,Not Applicable,Not Applicable,No,Yes,No,Yes,,Yes,Not Applicable,Not Applicable,Not Applicable,Not Applicable,Not Applicable,Not Applicable,Not Applicable,No,0,Not Applicable,No,Not Applicable,Yes,Yes,No,No,No,1,2435.68,,0.0,0.775,Service Center,Valid Claim,Safari,42,System,0.96181,B0826
REC00060,CLM00060,CUS00185,PRD00355,Refrigerator,French Door,Water Leakage,Main Unit,ZenCore,,SN-21802421,2023-05-31,2025-06-27,2025-06-14,24,No,Water Leakage,Physical Damage,Customer reports water leakage affecting water leakage.,Not Applicable,Not Applicable,Not Applicable,Business,No,Not Applicable,Not Applicable,Not Applicable,Not Applicable,Not Applicable,Yes,Yes,Yes,Yes,Yes,Yes,Not Applicable,Not Applicable,Not Applicable,Not Applicable,Not Applicable,Not Applicable,Not Applicable,No,0,Not Applicable,No,Not Applicable,Yes,Yes, No ,No,No,0,1054.19,704.85,0.0,0.987,Service Center,Invalid Claim,Firefox,54,System,-0.91053,B0783
REC00614,CLM01266,CUS00307,PRD00727,Refrigerator,Single Door,Cooling,Main Unit,Aster,AST-REF-400,SN-74226110,2024-08-25,2025-08-28,2025-08-03,24,No,Cooling Failure,Internal Component Failure,Customer reports cooling failure affecting cooling.,Not Applicable,Not Applicable,Not Applicable,Household,No,Not Applicable,Not Applicable,Not Applicable,Not Applicable,Not Applicable,Yes,,Yes,Yes,Yes,Yes,Not Applicable,Not Applicable,Not Applicable,Not Applicable,Not Applicable,Not Applicable,Not Applicable,No,0,Not Applicable,No,Not Applicable,Yes,Yes,No,No,No,1,615.53,85.7,0.0,0.95,Mobile App,Valid Claim,Chrome,11,Dark,-1.40999,B0917
REC01379,CLM01101,CUS00129,PRD00134,Laptop,Gaming Laptop,Device,Main Unit,NovaTech,NOV-LAP-447,SN-68499829,2022-07-13,2024-02-19,2024-02-17,24,No,Connectivity Issue,Internal Component Failure,Customer reports connectivity issue affecting device.,No,No,Not Applicable,Not Applicable,Not Applicable,Not Applicable,Not Applicable,Not Applicable,Not Applicable,Not Applicable,,Yes,No,Yes,No,Yes,Not Applicable,Not Applicable,Not Applicable,Not Applicable,Not Applicable,Not Applicable,Not Applicable,No,0,Not Applicable,No,Not Applicable,Yes,Yes,No,No,No,1,1121.81,197.85,0.0,0.978,Service Center,Manual Review,Edge,30,Light,0.15497,B0609
REC01390,CLM00040,CUS00103,PRD00344,Refrigerator,Side-by-Side,Water Leakage,Main Unit,HomePro,HOM-REF-393,SN-45972002,2023-06-30,2025-05-28,2025-05-15,24,No,Water Leakage,Manufacturing Defect,Customer reports water leakage affecting water leakage.,Not Applicable,Not Applicable,Not Applicable,Household,Unknown,Not Applicable,Not Applicable,Not Applicable,Not Applicable,Not Applicable,Yes,Yes,Yes,Yes,Yes,Yes,Not Applicable,Not Applicable,Not Applicable,Not Applicable,Not Applicable,Not Applicable,Not Applicable,No,0,Not Applicable,No,Not Applicable,Unknown,Yes,No,No,No,2,2697.9,2018.68,0.0,0.869,Service Center,Manual Review,Edge,58,System,1.55803,B0554
REC01188,CLM00117,CUS00009,PRD00289,Laptop,Consumer Laptop,Charger,Power Adapter,Aster,AST-LAP-138,SN-58236458,2022-09-13,2024-01-18,2024-01-09,12,No,Overheating,Manufacturing Defect,Customer reports overheating affecting charger.,No,No,Not Applicable,Not Applicable,Not Applicable,Not Applicable,Not Applicable,Not Applicable,Not Applicable,Not Applicable,Yes,Yes,No,Yes,Yes,Yes,Not Applicable,Not Applicable,Not Applicable,Not Applicable,Not Applicable,Not Applicable,Yes,Yes,2,No,No,Not Applicable,Yes,Yes,No,No,No,0,1364.66,,376.98,0.825,Web,Invalid Claim,Firefox,28,System,0.22363,B0880
REC00595,CLM00846,CUS00115,PRD00720,Air Conditioner,Split,Indoor Unit,Compressor,Aster,AST-AIR-370,SN-73518665,2020-08-22,2025-12-07,2025-10-10,60,No,Noise,Electrical Failure,Customer reports noise affecting indoor unit.,Not Applicable,Not Applicable,Not Applicable,Not Applicable,Yes,Not Applicable,Not Applicable,No,Indoor Unit,Not Applicable,Yes,Yes,Yes,Yes,Yes,Yes,Yes,Not Applicable,Not Applicable,Yes,Not Applicable,Not Applicable,Not Applicable,No,0,Not Applicable,No,Not Applicable,Yes,Yes,No,No,No,1,1344.01,152.06,0.0,0.696,Mobile App,Invalid Claim,Edge,8,System,-0.27649,B0448
REC01122,CLM00108,CUS00076,PRD00432,Refrigerator,Double Door,Not Sure,Main Unit,HomePro,HOM-REF-327,SN-34023897,2023-06-22,2024-12-08,2024-11-26,24,No,Power Failure,Internal Component Failure,Customer reports power failure affecting not sure.,Not Applicable,Not Applicable,Not Applicable,Household,No,Not Applicable,Not Applicable,Not Applicable,Not Applicable,Not Applicable,,Yes,No,Yes,Yes,Yes,Not Applicable,Not Applicable,Not Applicable,Not Applicable,Not Applicable,Not Applicable,Not Applicable,No,0,Not Applicable,No,Not Applicable,Yes,Yes,No,No,No,0,1177.93,610.44,0.0,0.738,Web,Valid Claim,Edge,14,Dark,-0.17124,B0115
REC01106,CLM00984,CUS00655,PRD00830,Air Conditioner,Window,Not Sure,Main Unit,HomePro,HOM-AIR-383,SN-17876545,2025-03-21,2026-04-12,2026-03-27,24,No,Water Leakage,Internal Component Failure,Customer reports water leakage affecting not sure.,Not Applicable,Not Applicable,Not Applicable,Not Applicable,No,Not Applicable,Not Applicable,Unknown,Not Sure,Not Applicable,Yes,Yes,Yes,Yes,Yes,Yes,Yes,Not Applicable,Not Applicable,Not Applicable,Not Applicable,Not Applicable,Not Applicable,No,0,Not Applicable,No,Not Applicable,Yes,Yes,No,No,No,0,806.79,580.66,0.0,0.84,Service Center,Valid Claim,Firefox,44,Dark,-2.10566,B0580
REC01381,CLM00346,CUS00173,PRD00174,Air Conditioner,Window,Indoor Unit,Compressor,Aster,AST-AIR-177,SN-79103419,2020-05-31,2026-03-29,2026-03-22,60,No,Noise,Manufacturing Defect,Customer reports noise affecting indoor unit.,Not Applicable,Not Applicable,Not Applicable,Not Applicable,Yes,Not Applicable,Not Applicable,No,Indoor Unit,Not Applicable,Yes,Yes,No,Yes,,Yes,Yes,Not Applicable,Not Applicable,Yes,Not Applicable,Not Applicable,Yes, Yes ,2,Yes,No,Not Applicable,Yes,Yes,No,No,No,3,1974.14,914.56,207.69,0.732,Service Center,Invalid Claim,Edge,48,Light,-0.97771,B0010
REC01317,CLM00029,CUS00252,PRD00920,Smartphone,Foldable Smartphone,Phone,Main Unit,NovaTech,NOV-SMA-530,SN-22558304,2023-11-13,2025-06-04,2025-05-26,12,No,Display Failure,Water Damage,Customer reports display failure affecting phone.,No,Yes,Not Applicable,Not Applicable,Not Applicable,Not Applicable,Not Applicable,Not Applicable,Not Applicable,Not Applicable,Yes,No,Yes,,Yes,Yes,Not Applicable,Not Applicable,Not Applicable,Not Applicable,Not Applicable,Not Applicable,Not Applicable,No,0,Not Applicable,No,NA,Yes,Yes,No,No,No,4,889.63,842.72,0.0,0.733,Service Center,Invalid Claim,Chrome,36,Dark,-1.05117,B0914
REC00567,CLM00566,CUS00203,PRD00123,Air Conditioner,Cassette,Outdoor Unit,Main Unit,HomePro,HOM-AIR-706,SN-10532628,2024-08-10,2025-08-14,2025-07-31,24,No,Power Failure,Water Damage,Customer reports power failure affecting outdoor unit.,Not Applicable,Not Applicable,Not Applicable,Not Applicable,No,Not Applicable,Not Applicable,Yes,Outdoor Unit,Not Applicable,Yes,Yes,No,Yes,Yes,Yes,Yes,Not Applicable,Not Applicable,Not Applicable,Not Applicable,Not Applicable,Not Applicable,No,0,Not Applicable,No,Not Applicable,No,Yes,No,No,No,1,1467.77,712.81,0.0,0.842,Web,Invalid Claim,Edge,15,System,0.73707,B0368
REC01430,CLM00799,CUS00320,PRD00342,Washing Machine,Front Load,Water Leakage,Main Unit,PrimeView,PRI-WAS-973,SN-60989289,2023-11-11,2026-05-18,2026-05-14,24,No,Water Leakage,Accidental Damage,Customer reports water leakage affecting water leakage.,Not Applicable,Not Applicable,Not Applicable,Household,Yes,Not Applicable,No,Not Applicable,Not Applicable,Not Applicable,,Yes,No,Yes,Yes,Yes,Not Applicable,Not Applicable,Not Applicable,Not Applicable,Not Applicable,Not Applicable,Not Applicable,No,0,Not Applicable,No,Not Applicable,Yes,Yes,No,No,No,0,780.17,479.09,0.0,0.743,Web,Invalid Claim,Chrome,52,Dark,1.65518,B0528
REC00991,CLM01153,CUS00532,PRD00136,Smartphone,Foldable Smartphone,Phone,Main Unit,NovaTech,NOV-SMA-549,SN-16305611,2025-07-03,2026-06-21,2026-05-29,12,No,Display Failure,Manufacturing Defect,Customer reports display failure affecting phone.,No,No,Not Applicable,Not Applicable,Not Applicable,Not Applicable,Not Applicable,Not Applicable,Not Applicable,Not Applicable,No,Yes,No,Yes,Yes,Yes,Not Applicable,Not Applicable,Not Applicable,Not Applicable,Not Applicable,Not Applicable,Not Applicable,No,0,Not Applicable,No,Not Applicable,Yes,Yes,No,No,No,0,1311.92,477.51,0.0,0.789,Web,Valid Claim,Edge,7,Dark,0.26763,B0233
REC00115,CLM00352,CUS00500,PRD00785,Laptop,Business Laptop,Device,Main Unit,NovaTech,NOV-LAP-887,SN-80026480,2025-04-30,2026-09-15,2026-09-13,24,No,Battery Problem,Manufacturing Defect,Customer reports battery problem affecting device.,Unknown,Yes,Yes,Not Applicable,Not Applicable,Not Applicable,Not Applicable,Not Applicable,Not Applicable,Not Applicable,Yes,Yes,Yes,Yes,Yes,Yes,Not Applicable,Not Applicable,Not Applicable,Not Applicable,Not Applicable,Not Applicable,Not Applicable,No,0,Not Applicable,No,Not Applicable,Yes,Yes,No,No,No,0,618.29,235.69,0.0,0.728,Service Center,Valid Claim,MobileWebView,41,Light,-1.93811,B0156
REC00163,CLM01402,CUS00171,PRD00046,Washing Machine,Front Load,Water Leakage,Main Unit,PrimeView,PRI-WAS-146,SN-33834475,2023-08-28,2025-08-04,2025-07-14,24,No,Water Leakage,Manufacturing Defect,Customer reports water leakage affecting water leakage.,Not Applicable,Not Applicable,Not Applicable,Household,No,Not Applicable,No,Not Applicable,Not Applicable,Not Applicable,Yes,Yes,No,Yes,No,Yes,Not Applicable,Not Applicable,Not Applicable,Not Applicable,Not Applicable,Not Applicable,Not Applicable,No,0,Not Applicable,No,Not Applicable,Yes,Yes,No,No,No,0,820.43,509.02,0.0,0.893,Web,Manual Review,Firefox,50,Dark,0.52155,B0518
REC00897,CLM00225,CUS00153,PRD00527,Laptop,Consumer Laptop,Device,Main Unit,ZenCore,ZEN-LAP-649,SN-66741993,2024-01-19,2025-06-14,2025-06-10,24,No,Battery Problem,Electrical Failure,Customer reports battery problem affecting device.,Unknown,No,Yes,Not Applicable,Not Applicable,Not Applicable,Not Applicable,Not Applicable,Not Applicable,Not Applicable,Yes,yes,No,Yes,Yes,,Not Applicable,Not Applicable,Not Applicable,Not Applicable,Not Applicable,Not Applicable,Not Applicable,No,0,Not Applicable,No,Not Applicable,Yes,Yes,No,Yes,No,0,586.85,121.01,0.0,0.829,Mobile App,Valid Claim,Edge,34,Light,1.03889,B0844
REC01332,CLM00243,CUS00586,PRD00292,Washing Machine,Washer Dryer,Water Leakage,Main Unit,HomePro,HOM-WAS-495,SN-77668395,2023-10-16,2024-12-22,2024-12-12,24,No,Water Leakage,Electrical Failure,Customer reports water leakage affecting water leakage.,Not Applicable,Not Applicable,Not Applicable,Household,Yes,Not Applicable,No,Not Applicable,Not Applicable,Not Applicable,Yes,Yes,Yes,Yes,Yes,Yes,Not Applicable,Not Applicable,Not Applicable,Not Applicable,Not Applicable,Not Applicable,Yes,Yes,1,Yes,No,Not Applicable,Yes,Yes,No,No,No,0,2194.07,1978.88,120.69,0.864,Web,Valid Claim,Chrome,4,System,-0.76855,B0945
REC00693,CLM00515,CUS00527,PRD00336,Camera,DSLR,Camera Body,Camera Body,PrimeView,PRI-CAM-226,SN-29388183,2023-11-13,2025-07-07,2025-06-12,24,No,Display Failure,Manufacturing Defect,Customer reports display failure affecting camera body.,No,No,Not Applicable,Not Applicable,Not Applicable,Not Applicable,Not Applicable,Not Applicable,Not Applicable,Not Applicable,Yes,Yes,No,Yes,Yes,Yes,Not Applicable,Not Applicable,Not Applicable,Not Applicable,Not Applicable,Not Applicable,Not Applicable,No,0,Not Applicable,No,Not Applicable,Yes,Yes,No,No,No,0,2050.96,1129.49,0.0,0.615,Mobile App,Manual Review,Firefox,14,Light,-1.66216,B0175
REC01112,CLM00974,CUS00252,PRD00445,Laptop,Business Laptop,Device,Main Unit,NovaTech,,SN-51741693,2023-04-16,2025-10-23,2025-10-06,24,Yes,Power Failure,Internal Component Failure,Customer reports power failure affecting device.,No,No,Not Applicable,Not Applicable,Not Applicable,Not Applicable,Not Applicable,Not Applicable,Not Applicable,Not Applicable,Yes,Yes,No,Yes,Yes,Yes,Not Applicable,Not Applicable,Not Applicable,Not Applicable,Not Applicable,Not Applicable,Not Applicable,No,0,Not Applicable,No,Not Applicable,Yes,Yes,No,No,No,3,953.98,524.01,0.0,,Web,Valid Claim,Safari,20,Dark,0.12563,B0808
REC00758,CLM00149,CUS00180,PRD00965,Laptop,Business Laptop,Device,Main Unit,Aster,AST-LAP-274,SN-24306582,2023-06-14,2025-05-12,2025-04-16,24,No,Battery Problem,Manufacturing Defect,Customer reports battery problem affecting device.,No,Unknown,Yes,Not Applicable,Not Applicable,Not Applicable,Not Applicable,Not Applicable,Not Applicable,Not Applicable,Yes,Yes,Yes,Yes,Yes,Yes,Not Applicable,Not Applicable,Not Applicable,Not Applicable,Not Applicable,Not Applicable,,No,0,Not Applicable,No,Not Applicable,Yes,Yes,No,No,No,0,2032.82,780.6,0.0,0.888,Web,Valid Claim,MobileWebView,56,System,-0.14111,B0970
REC-DUP-0020,CLM00957,CUS00203,PRD00191,Refrigerator,Double Door,Water Leakage,Main Unit,HomePro,HOM-REF-776,SN-16278183,2024-08-08,2026-02-06,2026-01-25,24,No,Water Leakage,Manufacturing Defect,Customer reports water leakage affecting water leakage.,Not Applicable,Not Applicable,Not Applicable,Household,Yes,Not Applicable,Not Applicable,Not Applicable,Not Applicable,Not Applicable,Yes,Yes,Yes,Yes,Yes,Yes,Not Applicable,Not Applicable,Not Applicable,Not Applicable,Not Applicable,Not Applicable,Not Applicable,No,0,Not Applicable,No,Not Applicable,Yes,Yes,Yes,No,No,0,2306.13,988.62,0.0,0.8,Service Center,Invalid Claim,Firefox,30,Dark,0.60955,B0529
REC00219,CLM01324,CUS00630,PRD00340,Laptop,Gaming Laptop,Device,Main Unit,Aster,AST-LAP-208,SN-44883393,2024-09-19,2025-09-28,2025-09-20,24,No,Connectivity Issue,Internal Component Failure,Customer reports connectivity issue affecting device.,No,No,Not Applicable,Not Applicable,Not Applicable,Not Applicable,Not Applicable,Not Applicable,Not Applicable,Not Applicable,Yes,Yes,No,Yes,No,Yes,Not Applicable,Not Applicable,Not Applicable,Not Applicable,Not Applicable,Not Applicable,No,Yes,3,Yes,No,Not Applicable,Yes,Yes,No,No,No,1,1337.99,1218.36,331.37,0.935,Service Center,Manual Review,Safari,43,Dark,0.58809,B0063
REC00967,CLM01282,CUS00422,PRD00150,Refrigerator,Side-by-Side,Water Leakage,Main Unit,Aster,AST-REF-788,SN-47355555,2023-06-15,2024-10-06,2024-10-01,24,No,Water Leakage,Manufacturing Defect,Customer reports water leakage affecting water leakage.,Not Applicable,Not Applicable,Not Applicable,Household,No,Not Applicable,Not Applicable,Not Applicable,Not Applicable,Not Applicable,Yes,Yes,No,Yes,Yes,Yes,Not Applicable,Not Applicable,Not Applicable,Not Applicable,Not Applicable,Not Applicable,No,Yes,1,Yes,No,Not Applicable,Yes,Yes,No,No,No,1,1475.75,1076.07,149.93,,Mobile App,Manual Review,Firefox,27,System,-0.06972,B0651
REC00199,CLM00094,CUS00316,PRD00877,Television,LED,Connection,Main Unit,Aster,AST-TEL-597,SN-89708521,2025-01-27,2026-02-16,2026-01-30,24,No,Connectivity Issue,Internal Component Failure,Customer reports connectivity issue affecting connection.,No,Not Applicable,Not Applicable,Not Applicable,Not Applicable,No,Not Applicable,Not Applicable,Not Applicable,Not Applicable,No,Yes,Yes,Yes,Yes,Yes,Not Applicable,Not Applicable,Not Applicable,Not Applicable,Not Applicable,Not Applicable,Not Applicable,No,0,Not Applicable,No,Not Applicable,Yes,Yes,No,No,No,0,3169.4,2299.94,0.0,0.873,Service Center,Valid Claim,Chrome,2,Dark,-0.00445,B0212
REC00702,CLM00614,CUS00278,PRD00796,Washing Machine,Front Load,Power,Main Unit,HomePro,HOM-WAS-641,SN-41003026,2023-06-07,2025-03-31,2025-03-08,24,No,Power Failure,Internal Component Failure,Customer reports power failure affecting power.,Not Applicable,Not Applicable,Not Applicable,Household,Yes,Not Applicable,No,Not Applicable,Not Applicable,Not Applicable,No,Yes,No,Yes,Yes,Yes,Not Applicable,Not Applicable,Not Applicable,Not Applicable,Not Applicable,Not Applicable,Not Applicable,No,0,Not Applicable,No,Not Applicable,Yes,Yes,No,No,No,3,848.67,156.59,0.0,-0.25,Web,Valid Claim,Firefox,12,System,0.13772,B0158
REC01095,CLM00853,CUS00319,PRD00700,Smartphone,Standard Smartphone,Phone,Main Unit,PrimeView,PRI-SMA-692,SN-60655765,2023-11-20,2024-05-03,2024-04-26,12,No,Display Failure,Accidental Damage,Customer reports display failure affecting phone.,Yes,Yes,Not Applicable,Not Applicable,Not Applicable,Not Applicable,Not Applicable,Not Applicable,Not Applicable,Not Applicable,Yes,Yes,No,Yes,Yes,Yes,Not Applicable,Not Applicable,Not Applicable,Not Applicable,Not Applicable,Not Applicable,Yes,Yes,1,Yes,No,Not Applicable,Yes,Yes,No,No,No,1,1197.13,105.03,347.89,0.81,Web,Invalid Claim,Safari,39,Light,-2.26344,B0178
REC01085,CLM00981,CUS00651,PRD00311,Washing Machine,Top Load,Noise,Motor,HomePro,,SN-97044084,2016-06-04,2026-02-15,2026-01-23,120,No,Noise,Manufacturing Defect,Customer reports noise affecting noise.,Not Applicable,Not Applicable,Not Applicable,Household,No,Not Applicable,No,Not Applicable,Not Applicable,Not Applicable,Yes,Yes,Yes,Yes,Yes,Yes,Not Applicable,Not Applicable,Not Applicable,Yes,Not Applicable,Not Applicable,Not Applicable,No,0,Not Applicable,No,Not Applicable,Yes,Yes,No,No,No,1,664.22,166.3,0.0,0.966,Mobile App,Valid Claim,Safari,21,Light,0.11197,B0487
REC00225,CLM01366,CUS00629,PRD00322,Camera,DSLR,Camera Body,Camera Body,PrimeView,PRI-CAM-375,SN-47053221,2023-06-03,2025-11-19,2025-11-13,24,Yes,Connectivity Issue,Internal Component Failure,Customer reports connectivity issue affecting camera body.,No,No,Not Applicable,Not Applicable,Not Applicable,Not Applicable,Not Applicable,Not Applicable,Not Applicable,Not Applicable,Y,Yes,Yes,No,Yes,Yes,Not Applicable,Not Applicable,Not Applicable,Not Applicable,Not Applicable,Not Applicable,Not Applicable,No,0,Not Applicable,No,Not Applicable,Yes,Yes,No,No,No,0,1715.03,1084.12,0.0,0.901,Service Center,Valid Claim,Chrome,50,Light,0.26899,B0583
REC00904,CLM00391,CUS00661,PRD00286,Air Conditioner,Window,Indoor Unit,Main Unit,HomePro,HOM-AIR-917,SN-39815565,2022-12-16,2024-02-04,2024-01-15,24,No,Power Failure,Manufacturing Defect,Customer reports power failure affecting indoor unit.,Not Applicable,Not Applicable,Not Applicable,Not Applicable,Unknown,Not Applicable,Not Applicable,No,Indoor Unit,Not Applicable,Yes,Yes,No,Yes,Yes,Yes,No,Not Applicable,Not Applicable,Not Applicable,Not Applicable,Not Applicable,Not Applicable,No,0,Not Applicable,No,Not Applicable,Yes,Yes,No,No,No,2,1280.18,767.76,0.0,0.921,Mobile App,Manual Review,MobileWebView,53,System,0.89289,B0953
REC00260,CLM01072,CUS00047,PRD00102,Printer,Thermal,Power,Main Unit,,NOV-PRI-905,SN-13703862,2026-01-21,2026-07-12,2026-06-18,12,No,Power Failure,Manufacturing Defect,Customer reports power failure affecting power.,Not Applicable,Not Applicable,Not Applicable,Not Applicable,No,Not Applicable,No,Not Applicable,Not Applicable,Original,No,Yes,Yes,Yes,Yes,Yes,Not Applicable,Not Applicable,Not Applicable,Not Applicable,Not Applicable,No,Not Applicable,No,0,Not Applicable,No,Not Applicable,Yes,Yes,No,No,No,1,269.14,99.95,0.0,0.818,Web,Manual Review,Edge,45,Dark,-0.90696,B0286
REC01012,CLM00167,CUS00016,PRD00322,Laptop,Business Laptop,Device,Main Unit,Aster,AST-LAP-227,SN-77245160,2023-11-14,2025-02-17,2025-02-14,24,No,Connectivity Issue,Normal Wear,Customer reports connectivity issue affecting device.,No,No,Not Applicable,Not Applicable,Not Applicable,Not Applicable,Not Applicable,Not Applicable,Not Applicable,Not Applicable,Yes,Yes,No,Yes,Yes,No,Not Applicable,Not Applicable,Not Applicable,Not Applicable,Not Applicable,Not Applicable,Not Applicable,No,0,Not Applicable,No,Not Applicable,No,Yes,No,No,No,0,2179.03,923.86,0.0,0.576,Service Center,Invalid Claim,Safari,35,Dark,0.69215,B0332
REC00446,CLM01499,CUS00059,PRD00468,Camera,Action Camera,Lens,Lens,NovaTech,NOV-CAM-908,SN-86682965,2024-06-17,2026-01-12,2026-01-05,24,No,Connectivity Issue,Electrical Failure,Customer reports connectivity issue affecting lens.,No,No,Not Applicable,Not Applicable,Not Applicable,Not Applicable,Not Applicable,Not Applicable,Not Applicable,Not Applicable,Yes,Yes,Yes,Yes,,Yes,Not Applicable,Not Applicable,Not Applicable,Not Applicable,No,Not Applicable,Not Applicable,No,0,Not Applicable,No,Not Applicable,Yes,Yes,No,No,No,0,831.78,553.73,0.0,0.66,Email,Manual Review,Chrome,21,Light,-0.86619,B0803
REC01220,CLM01475,CUS00534,PRD00312,Refrigerator,Single Door,Power,Main Unit,HomePro,HOM-REF-706,SN-58639079,2023-03-31,2024-11-12,2024-10-23,24,No,Power Failure,Electrical Failure,Customer reports power failure affecting power.,Not Applicable,Not Applicable,Not Applicable,Household,No,Not Applicable,Not Applicable,Not Applicable,Not Applicable,Not Applicable,Yes,Yes,Yes,Yes,No,Yes,Not Applicable,Not Applicable,Not Applicable,Not Applicable,Not Applicable,Not Applicable,Not Applicable,No,0,Not Applicable,No,Not Applicable,Yes,Yes,No,No,NO,2,1297.55,601.34,0.0,0.855,Web,Manual Review,Safari,29,System,0.34557,B0671
REC00462,CLM01006,CUS00559,PRD00243,Air Conditioner,Cassette,Both,Main Unit,Aster,AST-AIR-823,SN-26091802,2024-05-13,2025-07-06,2025-07-01,24,No,Noise,Electrical Failure,Customer reports noise affecting both.,Not Applicable,Not Applicable,Not Applicable,Not Applicable,No,Not Applicable,Not Applicable,No,Both,Not Applicable,Yes,Yes,Yes,No,Yes,Yes,Yes,Not Applicable,Not Applicable,Not Applicable,Not Applicable,Not Applicable,Not Applicable,No,0,Not Applicable,No,Not Applicable,Yes,Yes,No,No,No,2,1544.41,1070.56,0.0,0.812,Email,Valid Claim,Chrome,29,Light,1.78187,B0373
REC00415,CLM00894,CUS00304,PRD00482,Smartphone,Rugged Smartphone,Phone,Main Unit,NovaTech,NOV-SMA-337,SN-70733289,2024-06-18,2025-01-04,2024-12-24,12,No,Connectivity Issue,Electrical Failure,Customer reports connectivity issue affecting phone.,No,No,Not Applicable,Not Applicable,Not Applicable,Not Applicable,Not Applicable,Not Applicable,Not Applicable,Not Applicable,Yes,Yes,No,Yes,Yes,Yes,Not Applicable,Not Applicable,Not Applicable,Not Applicable,Not Applicable,Not Applicable,Not Applicable,No,0,not applicable,No,Not Applicable,Yes,Yes,No,No,No,0,1484.09,386.76,0.0,0.777,Web,Valid Claim,Chrome,16,System,0.38792,B0834
REC00963,CLM00099,CUS00654,PRD00987,Refrigerator,Single Door,Cooling,Main Unit,ZenCore,ZEN-REF-983,SN-43252584,2023-08-18,2025-08-03,2025-07-07,24,No,Cooling Failure,Manufacturing Defect,Customer reports cooling failure affecting cooling.,Not Applicable,Not Applicable,Not Applicable,Business,Yes,Not Applicable,Not Applicable,Not Applicable,Not Applicable,Not Applicable,Yes,Yes,Yes,Yes,Yes,Yes,Not Applicable,Not Applicable,Not Applicable,Not Applicable,Not Applicable,Not Applicable,No,Yes,3,Yes,Yes,Yes,Yes,Yes,No,No,No,3,1510.42,803.21,,0.723,Mobile App,Manual Review,Edge,30,System,-1.29093,B0080
REC00131,CLM00165,CUS00020,PRD00879,Smartphone,Standard Smartphone,Not Sure,Main Unit,Aster,,SN-21219167,2024-03-25,2025-07-19,2025-06-21,12,Yes,Battery Problem,Liquid Damage,Customer reports battery problem affecting not sure.,No,Yes,Yes,Not Applicable,Not Applicable,Not Applicable,Not Applicable,Not Applicable,Not Applicable,Not Applicable,Yes,Yes,No,Yes,Yes,Yes,Not Applicable,Not Applicable,Not Applicable,Not Applicable,Not Applicable,Not Applicable,Not Applicable,No,0,Not Applicable,No,Not Applicable,Yes,Yes,No,No,No,0,858.0,,0.0,0.879,Web,Invalid Claim,MobileWebView,40,Dark,-0.77877,B0945
REC01224,CLM00009,CUS00239,PRD00919,Refrigerator,Single Door,Noise,Main Unit,HomePro,HOM-REF-830,SN-91258682,2023-05-05,2025-03-07,2025-02-20,24,No,Noise,Internal Component Failure,Customer reports noise affecting noise.,Not Applicable,Not Applicable,Not Applicable,Household,Yes,Not Applicable,Not Applicable,Not Applicable,Not Applicable,Not Applicable,Yes,Yes,Yes,Yes,Yes,Yes,Not Applicable,Not Applicable,Not Applicable,Not Applicable,Not Applicable,Not Applicable,Not Applicable,No,0,Not Applicable,No,Not Applicable,Yes,Yes,No,No,No,1,2642.6,230.96,0.0,0.929,Email,Valid Claim,Safari,29,System,-1.46543,B0944
REC01268,CLM00827,CUS00537,PRD00921,Air Conditioner,Cassette,Indoor Unit,Main Unit,HomePro,HOM-AIR-604,SN-91207530,2023-07-20,2025-01-05,not-a-date,24,No,Cooling Failure,Electrical Failure,Customer reports cooling failure affecting indoor unit.,Not Applicable,Not Applicable,Not Applicable,Not Applicable,No,Not Applicable,Not Applicable,No,Indoor Unit,Not Applicable,Yes,,Yes,Yes,Yes,Yes,Yes,Not Applicable,Not Applicable,Not Applicable,Not Applicable,Not Applicable,Yes,Yes,1,Yes,No,Not Applicable,Yes,Yes,No,No,Yes,2,613.63,534.1,470.22,0.802,Web,Manual Review,Safari,56,System,0.0533,B0879
REC00399,CLM00215,CUS00378,PRD00376,Air Conditioner,Cassette,Both,Main Unit,Aster,,SN-69109040,2025-04-28,2026-09-07,2026-08-03,24,No,Power Failure,Internal Component Failure,Customer reports power failure affecting both.,Not Applicable,Not Applicable,Not Applicable,Not Applicable,Yes,Not Applicable,Not Applicable,No,Both,Not Applicable,Yes,Yes,Yes,Yes,Yes,Yes,Yes,Not Applicable,Not Applicable,Not Applicable,Not Applicable,Not Applicable,Yes,Yes,3,Yes,No,Not Applicable,Yes,Yes,No,No,No,2,1981.31,1202.96,400.37,0.876,Mobile App,Invalid Claim,Firefox,6,Light,-0.5377,B0545
REC00901,CLM00543,CUS00353,PRD00053,Washing Machine,Washer Dryer,Noise,Main Unit,ZenCore,ZEN-WAS-460,SN-90157906,2023-01-30,2024-06-21,2024-06-10,24,No,Noise,Manufacturing Defect,Customer reports noise affecting noise.,Not Applicable,Not Applicable,Not Applicable,Household,No,Not Applicable,No,Not Applicable,Not Applicable,Not Applicable,Yes,Yes,No,Yes,,No,Not Applicable,Not Applicable,Not Applicable,Not Applicable,Not Applicable,Not Applicable,Not Applicable,No,0,Not Applicable,No,Not Applicable,Yes,Yes,No,No,No,0,686.95,80.25,0.0,0.903,Web,Manual Review,Chrome,20,Dark,0.06124,B0279
REC01403,CLM00429,CUS00647,PRD00693,Refrigerator,Single Door,Cooling,Main Unit,HomePro,HOM-REF-978,SN-65627288,2022-12-26,2024-07-11,2024-05-22,24,No,Cooling Failure,Internal Component Failure,Customer reports cooling failure affecting cooling.,Not Applicable,Not Applicable,Not Applicable,Business,Yes,Not Applicable,Not Applicable,Not Applicable,Not Applicable,Not Applicable,Yes,Yes,No,Yes,Yes,Yes,Not Applicable,Not Applicable,Not Applicable,Not Applicable,Not Applicable,Not Applicable,,N,0,Not Applicable,Yes,No,Yes,Yes,Yes,No,No,0,2943.72,1158.92,0.0,0.775,Email,Invalid Claim,MobileWebView,57,System,1.72188,B0205
REC01232,CLM00811,CUS00493,PRD00993,Printer,Inkjet,Power,Main Unit,NovaTech,NOV-PRI-825,SN-86494360,2025-12-21,2026-05-05,2026-05-01,12,No,Power Failure,Electrical Failure,Customer reports power failure affecting power.,Not Applicable,Not Applicable,Not Applicable,Not Applicable,Unknown,Not Applicable,No,Not Applicable,Not Applicable,Original,Yes,Yes,Yes,Yes,Yes,Yes,Not Applicable,Not Applicable,Not Applicable,Not Applicable,Not Applicable,No,Not Applicable,No,0,Not Applicable,No,Not Applicable,Yes,Yes,No,No,No,1,314.87,73.07,0.0,0.803,Service Center,Manual Review,Firefox,41,Light,0.43014,B0881
REC00623,CLM00906,CUS00211,PRD00313,Laptop,Gaming Laptop,Device,Main Unit,Aster,AST-LAP-628,SN-39817792,2025-01-07,2026-02-08,2026-02-02,24,No,Battery Problem,Internal Component Failure,Customer reports battery problem affecting device.,Unknown,No,No,Not Applicable,Not Applicable,Not Applicable,Not Applicable,Not Applicable,Not Applicable,Not Applicable,Yes,Yes,No,Yes,Yes,No,Not Applicable,Not Applicable,Not Applicable,Not Applicable,Not Applicable,Not Applicable,Not Applicable,No,0,Not Applicable,No,Not Applicable,Yes,Yes,No,No,No,0,999.08,583.88,0.0,0.982,Service Center,Manual Review,MobileWebView,28,System,-1.60581,B0031
REC00799,CLM00802,CUS00683,PRD00660,Air Conditioner,Split,Indoor Unit,Main Unit,HomePro,HOM-AIR-798,SN-90993714,2024-01-11,2025-02-08,2024-12-05,24,No,Power Failure,Improper Refrigerant Handling,Customer reports power failure affecting indoor unit.,Not Applicable,Not Applicable,Not Applicable,Not Applicable,Yes,Not Applicable,Not Applicable,No,Indoor Unit,Not Applicable,Yes,Yes,No,Yes,,Yes,Yes,Not Applicable,Not Applicable,Not Applicable,Not Applicable,Not Applicable,,No,0,Not Applicable,No,Not Applicable,Yes,Yes,No,No,No,0,1387.24,558.02,,0.591,Mobile App,Invalid Claim,Safari,25,System,0.57425,B0020
REC01203,CLM00975,CUS00636,PRD00593,Washing Machine,Top Load,Noise,Motor,ZenCore,ZEN-WAS-460,SN-17759354,2015-07-14,2026-05-04,2026-04-28,120,No,Noise,Internal Component Failure,Customer reports noise affecting noise.,Not Applicable,Not Applicable,Not Applicable,Household,No,Not Applicable,No,Not Applicable,Not Applicable,Not Applicable,Yes,Yes,Yes,Yes,No,Yes,Not Applicable,Not Applicable,Not Applicable,Yes,Not Applicable,Not Applicable,,No,0,Not Applicable,Yes,Yes,No,Yes,No,No,No,1,506.47,380.87,0.0,0.966,Email,Invalid Claim,Safari,53,Dark,-0.35289,B0135
REC00425,CLM00661,CUS00083,PRD00638,Camera,Mirrorless,Camera Body,Camera Body,NovaTech,NOV-CAM-212,SN-52649126,2022-11-18,2024-02-01,2024-01-27,24,No,Power Failure,Internal Component Failure,Customer reports power failure affecting camera body.,No,No,Not Applicable,Not Applicable,Not Applicable,Not Applicable,Not Applicable,Not Applicable,Not Applicable,Not Applicable,Yes,Yes,Yes,No,Yes,Yes,Not Applicable,Not Applicable,Not Applicable,Not Applicable,Not Applicable,Not Applicable,Not Applicable,No,0,Not Applicable,No,Not Applicable,Yes,Yes,No,No,No,1,2276.67,432.75,0.0,0.914,Service Center,Valid Claim,Edge,51,Dark,-0.96695,B0158
REC00097,CLM00847,CUS00676,PRD00944,Air Conditioner,Window,Outdoor Unit,Main Unit,Aster,AST-AIR-511,SN-92365184,2024-04-06,2025-09-25,2025-08-18,24,No,Cooling Failure,Electrical Failure,Customer reports cooling failure affecting outdoor unit.,Not Applicable,Not Applicable,Not Applicable,Not Applicable,No,Not Applicable,Not Applicable,Unknown,Outdoor Unit,Not Applicable,Yes,Yes,No,Yes,Yes,No,Yes,Not Applicable,Not Applicable,Not Applicable,Not Applicable,Not Applicable,No,Yes,2,Yes,No,Not Applicable,Yes,Yes,No,No,No,0,574.3,495.68,208.79,0.973,Email,Invalid Claim,Edge,18,Dark,-0.28067,B0218
REC01120,CLM01313,CUS00533,PRD00369,Camera,Action Camera,Camera Body,Camera Body,NovaTech,NOV-CAM-359,SN-15445576,2023-12-29,2025-12-13,2025-12-11,24,No,Connectivity Issue,Electrical Failure,Customer reports connectivity issue affecting camera body.,No,No,Not Applicable,Not Applicable,Not Applicable,Not Applicable,Not Applicable,Not Applicable,Not Applicable,Not Applicable,Yes,Yes,Yes,Yes,Yes,Yes,Not Applicable,Not Applicable,Not Applicable,Not Applicable,Not Applicable,Not Applicable,Not Applicable,No,0,Not Applicable,Yes,Yes,Yes,Yes,No,No,No,0,961.29,579.97,0.0,0.787,Service Center,Valid Claim,MobileWebView,47,System,-1.5776,B0897
REC01441,CLM00997,CUS00434,PRD00803,Camera,Mirrorless,Camera Body,Camera Body,PrimeView,PRI-CAM-851,SN-27390222,2022-04-16,2024-08-26,2024-08-22,24,Yes,Battery Problem,Manufacturing Defect,Customer reports battery problem affecting camera body.,Unknown,No,No,Not Applicable,Not Applicable,Not Applicable,Not Applicable,Not Applicable,Not Applicable,Not Applicable,Yes,Yes,Yes,Yes,Yes,Yes,Not Applicable,Not Applicable,Not Applicable,Not Applicable,Not Applicable,Not Applicable,Not Applicable,No,0,Not Applicable,No,Not Applicable,Yes,Yes,No,No,No,0,1736.65,639.88,0.0,0.836,Mobile App,Valid Claim,Edge,22,System,-0.80675,B0735
REC00176,CLM00744,CUS00427,PRD00166,Air Conditioner,Split,Indoor Unit,Main Unit,HomePro,HOM-AIR-168,SN-34700251,2023-11-04,2024-12-10,2024-12-06,24,No,Noise,Improper Refrigerant Handling,Customer reports noise affecting indoor unit.,Not Applicable,Not Applicable,Not Applicable,Not Applicable,No,Not Applicable,Not Applicable,No,Indoor Unit,Not Applicable,Yes,Yes,No,Yes,,Yes,Yes,Not Applicable,Not Applicable,Not Applicable,Not Applicable,Not Applicable,Not Applicable,No,0,Not Applicable,No,Not Applicable,Yes,Yes,No,No,No,0,2355.08,2121.24,,0.974,Email,Invalid Claim,Edge,28,System,-1.18011,B0338
REC00884,CLM00895,CUS00040,PRD00103,Smartphone,Foldable Smartphone,Phone,Main Unit,NovaTech,NOV-SMA-385,SN-88632911,2025-10-15,2026-08-01,2026-07-06,12,No,Power Failure,Electrical Failure,Customer reports power failure affecting phone.,No,No,Not Applicable,Not Applicable,Not Applicable,Not Applicable,Not Applicable,Not Applicable,Not Applicable,Not Applicable,Yes,Yes,Yes,Yes,Yes,Yes,Not Applicable,Not Applicable,Not Applicable,Not Applicable,Not Applicable,Not Applicable,Not Applicable,No,0,Not Applicable,No,Not Applicable,Yes,No,No,No,No,0,1471.68,409.56,0.0,0.508,Web,Manual Review,Firefox,51,Dark,-0.45863,B0284
REC00159,CLM00777,CUS00263,PRD00549,Camera,DSLR,Camera Body,Camera Body,PrimeView,PRI-CAM-801,SN-20061433,2023-05-26,2024-09-26,2024-09-16,24,No,Display Failure,Electrical Failure,Customer reports display failure affecting camera body.,No,No,Not Applicable,Not Applicable,Not Applicable,Not Applicable,Not Applicable,Not Applicable,Not Applicable,Not Applicable,Yes,Yes,Yes,Yes,Yes,No,Not Applicable,Not Applicable,Not Applicable,Not Applicable,Not Applicable,Not Applicable,Not Applicable,No,0,Not Applicable,No,Not Applicable,Yes,Yes,No,No,No,1,718.83,223.32,0.0,0.74,Service Center,Manual Review,Edge,19,Light,-0.20869,B0019
REC00566,CLM01131,CUS00381,PRD00118,Camera,DSLR,Lens,Lens,Aster,AST-CAM-138,SN-33023614,2023-08-03,2025-04-17,2025-04-10,24,No,Connectivity Issue,Manufacturing Defect,Customer reports connectivity issue affecting lens.,No,No,Not Applicable,Not Applicable,Not Applicable,Not Applicable,Not Applicable,Not Applicable,Not Applicable,Not Applicable,Yes,Yes,Yes,Yes,Yes,Yes,Not Applicable,Not Applicable,Not Applicable,Not Applicable,Yes,Not Applicable,Not Applicable, No ,0,Not Applicable,No,Not Applicable,Yes,Yes,No,No,No,0,713.48,519.72,0.0,0.605,Mobile App,Manual Review,Edge,23,Light,0.67342,B0859
REC00608,CLM00796,CUS00540,PRD00505,Television,QLED,Sound,Main Unit,PrimeView,PRI-TEL-208,SN-16569841,2024-10-24,2026-07-22,2026-06-28,24,No,Audio Failure,Manufacturing Defect,Customer reports audio failure affecting sound.,No,Not Applicable,Not Applicable,Not Applicable,Not Applicable,Yes,Not Applicable,Not Applicable,Not Applicable,Not Applicable,Yes,Yes,Yes,Yes,Yes,,Not Applicable,Not Applicable,Not Applicable,Not Applicable,Not Applicable,Not Applicable,Not Applicable,No,0,Not Applicable,No,Not Applicable,No,Yes,No,No,No,1,1160.7,602.77,0.0,0.924,Mobile App,Invalid Claim,Safari,5,Light,2.2434,B0762
REC00753,CLM00007,CUS00015,PRD00590,Camera,Compact,Camera Body,Camera Body,Aster,AST-CAM-434,SN-16787486,2022-10-20,2024-02-15,2024-01-23,24,No,Connectivity Issue,Electrical Failure,Customer reports connectivity issue affecting camera body.,No,Yes,Not Applicable,Not Applicable,Not Applicable,Not Applicable,Not Applicable,Not Applicable,Not Applicable,Not Applicable,Yes,Yes,Yes,Yes,Yes,,Not Applicable,Not Applicable,Not Applicable,Not Applicable,Not Applicable,Not Applicable,Yes,Yes,1,Yes,No,Not Applicable,Yes,Yes,No,No,No,0,3239.72,2296.8,259.46,0.978,Service Center,Valid Claim,Safari,21,Dark,-0.50896,B0657
REC01117,CLM00751,CUS00384,PRD00155,Printer,Thermal,Connection,Main Unit,PrimeView,PRI-PRI-660,SN-68636129,2025-02-15,2025-10-07,2025-09-29,12,No,Connectivity Issue,Internal Component Failure,Customer reports connectivity issue affecting connection.,Not Applicable,Not Applicable,Not Applicable,Not Applicable,Yes,Not Applicable,No,Not Applicable,Not Applicable,Compatible,Yes,Yes,Yes,Yes,Yes,No,Not Applicable,Not Applicable,Not Applicable,Not Applicable,Not Applicable,Yes,No,Yes,2,Yes,No,Not Applicable,Yes,Yes,No,No,No,1,385.58,64.99,429.6,0.79,Web,Manual Review,Chrome,16,Dark,1.92876,B0746
REC01462,CLM00063,CUS00147,PRD00418,Television,Mini-LED,Picture,Main Unit,Aster,AST-TEL-912,SN-26723023,2024-07-27,2025-08-01,2025-07-27,24,No,Display Failure,Internal Component Failure,Customer reports display failure affecting picture.,No,Not Applicable,Not Applicable,Not Applicable,Not Applicable,No,Not Applicable,Not Applicable,Not Applicable,Not Applicable,No,Yes,Yes,Yes,No,,Not Applicable,Not Applicable,Not Applicable,Not Applicable,Not Applicable,Not Applicable,Not Applicable,no,0,Not Applicable,No,Not Applicable,Yes,Yes,No,No,No,0,3147.17,483.21,0.0,0.726,Service Center,Manual Review,Safari,20,Dark,0.35726,B0328
REC01297,CLM01367,CUS00301,PRD00912,Camera,Mirrorless,Camera Body,Camera Body,PrimeView,PRI-CAM-393,SN-42946562,2023-11-19,2026-02-12,2026-01-18,24,Yes,Power Failure,Internal Component Failure,Customer reports power failure affecting camera body.,No,No,Not Applicable,Not Applicable,Not Applicable,Not Applicable,Not Applicable,Not Applicable,Not Applicable,Not Applicable,Yes,Yes,Yes,Yes,No,Yes,Not Applicable,Not Applicable,Not Applicable,Not Applicable,Not Applicable,Not Applicable,Not Applicable,No,0,Not Applicable,No,Not Applicable,Yes,Yes,No,No,No,1,1579.83,382.66,-100.0,0.805,Service Center,Manual Review,Chrome,12,Dark,-0.1287,B0462
REC00908,CLM00887,CUS00384,PRD00322,Printer,Inkjet,Power,Main Unit,NovaTech,NOV-PRI-547,SN-27872008,2025-04-18,2025-10-22,2025-09-12,12,No,Power Failure,Electrical Failure,Customer reports power failure affecting power.,Not Applicable,Not Applicable,Not Applicable,Not Applicable,No,Not Applicable,No,Not Applicable,Not Applicable,Original,Yes,No,Yes,Yes,No,Yes,Not Applicable,Not Applicable,Not Applicable,Not Applicable,Not Applicable,Yes,Not Applicable,No,0,Not Applicable,No,Not Applicable,Yes,Yes,No,No,No,2,319.69,214.61,99999.0,0.764,Mobile App,Invalid Claim,MobileWebView,42,Light,0.61831,B0564
REC00066,CLM01416,CUS00395,PRD00405,Refrigerator,Single Door,Water Leakage,Compressor,ZenCore,ZEN-REF-830,SN-32671279,2017-01-10,2026-03-22,2026-03-07,120,No,Water Leakage,Manufacturing Defect,Customer reports water leakage affecting water leakage.,Not Applicable,Not Applicable,Not Applicable,Business,Yes,Not Applicable,Not Applicable,Not Applicable,Not Applicable,Not Applicable,Yes,Yes,No,Yes,Yes,Yes,Not Applicable,Not Applicable,Not Applicable,No,Not Applicable,Not Applicable,not applicable,No,0,Not Applicable,No,Not Applicable,Yes,Yes,No,No,No,1,1716.36,1193.87,-100.0,0.938,Email,Manual Review,Chrome,29,Dark,0.0961,B0376
REC01246,CLM00890,CUS00529,PRD00939,Printer,Inkjet,Paper Feed,Main Unit,NovaTech,NOV-PRI-606,SN-19029715,2025-10-25,2026-07-30,2026-07-21,12,No,Paper Feed Failure,Normal Wear,Customer reports paper feed failure affecting paper feed.,Not Applicable,Not Applicable,Not Applicable,Not Applicable,No,Not Applicable,No,Not Applicable,Not Applicable,Original,Yes,Yes,No,No,Yes,Yes,Not Applicable,Not Applicable,Not Applicable,Not Applicable,Not Applicable,Yes,Not Applicable,No,0,Not Applicable,No,Not Applicable,Yes,Yes,No,No,No,1,479.47,252.75,0.0,0.981,Web,Invalid Claim,Safari,23,System,0.84035,B0314
REC01109,CLM00774,CUS00221,PRD00992,Smartphone,Rugged Smartphone,Phone,Main Unit,Aster,AST-SMA-596,SN-46465176,2022-11-11,2024-06-22,2024-06-18,12,Yes,Display Failure,Water Damage,Customer reports display failure affecting phone.,Yes,Yes,Not Applicable,Not Applicable,Not Applicable,Not Applicable,Not Applicable,Not Applicable,Not Applicable,Not Applicable,No,,No,Yes,Yes,Yes,Not Applicable,Not Applicable,Not Applicable,Not Applicable,Not Applicable,Not Applicable,Not Applicable,No,0,Not Applicable,No,Not Applicable,Yes,Yes,No,No,No,1,517.18,317.12,0.0,0.602,Mobile App,Invalid Claim,Chrome,38,Light,-2.17829,B0183
REC00497,CLM00608,CUS00149,PRD00073,Printer,Thermal,Connection,Main Unit,HomePro,HOM-PRI-574,SN-24343111,2025-03-24,2025-10-31,2025-10-21,12,No,Connectivity Issue,Internal Component Failure,Customer reports connectivity issue affecting connection.,Not Applicable,Not Applicable,Not Applicable,Not Applicable,No,Not Applicable,Yes,Not Applicable,Not Applicable,Original,Yes,Yes,Yes,Yes,Yes,Yes,Not Applicable,Not Applicable,Not Applicable,Not Applicable,Not Applicable,Yes,Not Applicable,No,0,Not Applicable,No,Not Applicable,Yes,Yes,No,No,No,0,1117.27,167.09,0.0,0.908,Mobile App,Valid Claim,Firefox,52,Light,-1.3833,B0596
REC01360,CLM00168,CUS00450,PRD00488,Laptop,2-in-1,Device,Main Unit,NovaTech,NOV-LAP-293,SN-85454136,2023-09-06,2024-11-19,2024-11-12,24,No,Connectivity Issue,Liquid Damage,Customer reports connectivity issue affecting device.,No,Yes,Not Applicable,Not Applicable,Not Applicable,Not Applicable,Not Applicable,Not Applicable,Not Applicable,Not Applicable,Yes,,Yes,Yes,Yes,Yes,Not Applicable,Not Applicable,Not Applicable,Not Applicable,Not Applicable,Not Applicable,Yes,Yes,3,No,No,Not Applicable,Yes,Yes,No,No,No,0,2051.12,1024.61,510.51,0.842,web,Invalid Claim,Edge,45,System,1.09251,B0403
REC00818,CLM01160,CUS00425,PRD00778,Television,LED,Connection,Display Panel,PrimeView,PRI-TEL-316,SN-91934015,2024-06-06,2026-01-04,2025-12-21,24,No,Connectivity Issue,Internal Component Failure,Customer reports connectivity issue affecting connection.,Yes,Not Applicable,Not Applicable,Not Applicable,Not Applicable,No,Not Applicable,Not Applicable,Not Applicable,Not Applicable,Yes,Yes,No,Yes,Yes,Yes,Not Applicable,Not Applicable,Yes,Not Applicable,Not Applicable,Not Applicable,Not Applicable,No,0,Not Applicable,No,Not Applicable,Yes,Yes,No,No,No,0,1589.74,479.19,0.0,0.865,Web,Valid Claim,Edge,50,Dark,1.12304,B0310
REC00682,CLM00021,CUS00140,PRD00612,Smartphone,Standard Smartphone,Not Sure,Main Unit,Aster,AST-SMA-255,SN-70392366,2024-12-21,2026-01-04,2025-11-28,12,No,Overheating,Internal Component Failure,Customer reports overheating affecting not sure.,No,No,Not Applicable,Not Applicable,Not Applicable,Not Applicable,Not Applicable,Not Applicable,Not Applicable,Not Applicable,Yes,Yes,No,No,Yes,yes,Not Applicable,Not Applicable,Not Applicable,Not Applicable,Not Applicable,Not Applicable,,Yes,2,Yes,No,Not Applicable,Yes,Yes,No,No,No,1,865.44,776.45,119.62,0.479, Web ,Invalid Claim,Edge,27,Light,1.3869,B0656
REC00973,CLM00207,CUS00365,PRD00509,Camera,Compact,Camera Body,Camera Body,PrimeView,PRI-CAM-166,SN-24911706,2022-08-01,2024-07-15,2024-06-22,24,No,Connectivity Issue,Internal Component Failure,Customer reports connectivity issue affecting camera body.,No,No,Not Applicable,Not Applicable,Not Applicable,Not Applicable,Not Applicable,Not Applicable,Not Applicable,Not Applicable,Yes,Yes,Yes,Yes,Yes,No,Not Applicable,Not Applicable,Not Applicable,Not Applicable,Not Applicable,Not Applicable,Not Applicable,No,0,Not Applicable,No,Not Applicable,Yes,Yes,No,No,No,3,3018.01,-1.0,0.0,0.887,Mobile App,Manual Review,Edge,25,Light,0.02772,B0282
REC00091,CLM01301,CUS00262,PRD00082,Printer,Laser,Paper Feed,Main Unit,HomePro,HOM-PRI-316,SN-59686956,2023-11-08,2024-08-20,2024-08-05,12,No,Paper Feed Failure,Internal Component Failure,Customer reports paper feed failure affecting paper feed.,Not Applicable,Not Applicable,Not Applicable,Not Applicable,No,Not Applicable,No,Not Applicable,Not Applicable,Original,Yes,No,Yes,Yes,Yes,Yes,Not Applicable,Not Applicable,Not Applicable,Not Applicable,Not Applicable,Yes,Not Applicable,No,0,Not Applicable,No,Not Applicable,Yes,Yes,No,No,No,0,503.07,69.75,0.0,0.744,Email,Valid Claim,MobileWebView,14,Dark,-0.82325,B0242
REC00763,CLM00707,CUS00058,PRD00337,Air Conditioner,Split,Not Sure,Compressor,HomePro,HOM-AIR-854,SN-91317158,2021-10-18,2026-04-10,2026-04-06,60,No,Power Failure,Manufacturing Defect,Customer reports power failure affecting not sure.,Not Applicable,Not Applicable,Not Applicable,Not Applicable,No,Not Applicable,Not Applicable,Yes,Not Sure,Not Applicable,Yes,Yes,No,No,Yes,Yes,Yes,Not Applicable,Not Applicable,Yes,Not Applicable,Not Applicable,Not Applicable,No,0,Not Applicable,No,Not Applicable,Yes,Yes,No, No ,No,2,2537.72,1545.88,0.0,0.798,Web,Valid Claim,Chrome,11,Dark,0.31032,B0792
REC00042,CLM00573,CUS00459,PRD00804,Television,LED,Picture,Main Unit,PrimeView,,SN-84004205,2023-03-17,2026-03-07,2026-02-09,24,Yes,Display Failure,Internal Component Failure,Customer reports display failure affecting picture.,No,Not Applicable,Not Applicable,Not Applicable,Not Applicable,Yes,Not Applicable,Not Applicable,Not Applicable,Not Applicable,Yes,Yes,Yes,Yes,Yes,Yes,Not Applicable,Not Applicable,Not Applicable,Not Applicable,Not Applicable,Not Applicable,Yes,Yes,3,No,No,Not Applicable,Yes,Yes,No,No,No,1,624.85,342.73,468.76,,Email,Invalid Claim,Edge,59,System,-1.08948,B0161
REC00766,CLM00454,CUS00200,PRD00652,Washing Machine,Top Load,Spinning,Main Unit,HomePro,HOM-WAS-345,SN-60259210,2022-08-21,2024-07-07,2024-06-26,24,No,Mechanical Failure,Manufacturing Defect,Customer reports mechanical failure affecting spinning.,Not Applicable,Not Applicable,Not Applicable,Household,Unknown,Not Applicable,No,Not Applicable,Not Applicable,Not Applicable,Yes,Yes,Yes,Yes,,Yes,Not Applicable,Not Applicable,Not Applicable,Not Applicable,Not Applicable,Not Applicable,N/A,No,0,Not Applicable,No,Not Applicable,Yes,Yes,No,No,No,2,424.43,295.52,0.0,0.891,Mobile App,Valid Claim,Chrome,47,Light,1.70131,B0606
REC01300,CLM01116,CUS00611,PRD00790,Washing Machine,Top Load,Power,Main Unit,ZenCore,ZEN-WAS-703,SN-77726941,2023-02-22,2025-02-02,2025-01-26,24,No,Power Failure,Internal Component Failure,Customer reports power failure affecting power.,Not Applicable,Not Applicable,Not Applicable,Household,Yes,Not Applicable,No,Not Applicable,Not Applicable,Not Applicable,Yes,Yes,No,Yes,,Yes,Not Applicable,Not Applicable,Not Applicable,Not Applicable,Not Applicable,Not Applicable,Yes,Yes,3,Yes,No,Not Applicable,Yes,Yes,No,No,No,2,1754.41,1079.03,253.41,0.925,Mobile App,Valid Claim,Firefox,47,Dark,-0.70089,B0770
REC00706,CLM00120,CUS00215,PRD00606,Laptop,Business Laptop,Device,Main Unit,Aster,AST-LAP-871,SN-54414883,2024-04-03,2026-02-07,2026-01-22,24,No,Power Failure,Electrical Failure,Customer reports power failure affecting device.,No,No,Not Applicable,Not Applicable,Not Applicable,Not Applicable,Not Applicable,Not Applicable,Not Applicable,Not Applicable,Yes,Yes,No,Yes,Yes,Yes,Not Applicable,Not Applicable,Not Applicable,Not Applicable,Not Applicable,Not Applicable,Yes,Yes,3,Unknown,No,Not Applicable,Yes,Yes,No,No,No,3,1495.49,1221.63,,0.84,Web,Manual Review,Edge,40,System,-0.46395,B0358
REC00099,CLM00070,CUS00143,PRD00247,Smartphone,Foldable Smartphone,Phone,Main Unit,NovaTech,NOV-SMA-449,SN-60823021,2024-04-05,2025-03-11,2025-03-01,12,No,Battery Problem,Electrical Failure,Customer reports battery problem affecting phone.,No,No,Yes,Not Applicable,Not Applicable,Not Applicable,Not Applicable,Not Applicable,Not Applicable,Not Applicable,Yes,,No,Yes,Yes,Yes,Not Applicable,Not Applicable,Not Applicable,Not Applicable,Not Applicable,Not Applicable,Not Applicable,No,0,Not Applicable,No,Not Applicable,Yes,Yes,No,No,No,0,534.36,483.02,,0.793,Mobile App,Valid Claim,MobileWebView,37,Light,-0.39749,B0317
REC00153,CLM00350,CUS00060,PRD00725,Washing Machine,Washer Dryer,Power,Main Unit,PrimeView,PRI-WAS-127,SN-39552993,2023-07-12,2025-01-18,2025-01-01,24,No,Power Failure,Accidental Damage,Customer reports power failure affecting power.,Not Applicable,Not Applicable,Not Applicable,Household,No,Not Applicable,No,Not Applicable,Not Applicable,Not Applicable,Yes,Yes,No,Yes,Yes,No,Not Applicable,Not Applicable,Not Applicable,Not Applicable,Not Applicable,Not Applicable,Yes,Yes,3,Yes,No,Not Applicable,Yes,Yes,No,No,No,3,1009.06,372.65,81.79,0.808,Mobile App,Invalid Claim,MobileWebView,10,Dark,0.61388,B0953
REC-DUP-0031,CLM00414,CUS00316,PRD00669,Air Conditioner,Portable,Indoor Unit,Main Unit,HomePro,HOM-AIR-589,SN-92833842,2024-04-21,2025-10-09,2025-10-03,24,No,Cooling Failure,Internal Component Failure,Customer reports cooling failure affecting indoor unit.,Not Applicable,Not Applicable,Not Applicable,Not Applicable,Unknown,Not Applicable,Not Applicable,No,Indoor Unit,Not Applicable,Yes,Yes,Yes,No,Yes,Yes,Yes,Not Applicable,Not Applicable,Not Applicable,Not Applicable,Not Applicable,,No,0,Not Applicable,No,Not Applicable,Yes,Yes,No,No,No,2,2150.93,1817.5,0.0,0.984,Email,Valid Claim,Safari,43,Dark,-0.16821,B0336
REC01346,CLM01489,CUS00367,PRD00689,Air Conditioner,Split,Outdoor Unit,Compressor,Aster,AST-AIR-669,SN-44544780,2021-03-30,2025-04-11,2025-04-04,60,No,Noise,Internal Component Failure,Customer reports noise affecting outdoor unit.,Not Applicable,Not Applicable,Not Applicable,Not Applicable,No,Not Applicable,Not Applicable,No,Outdoor Unit,Not Applicable,No,Yes,Yes,Yes,Yes,Yes,No,Not Applicable,Not Applicable,No,Not Applicable,Not Applicable,Not Applicable,No,0,Not Applicable,No,Not Applicable,Yes,Yes,No,No,Yes,2,1611.36,797.11,,0.853,Service Center,Manual Review,Firefox,55,Dark,0.69724,B0486
REC00114,CLM01062,CUS00234,PRD00374,Laptop,Consumer Laptop,Device,Main Unit,NovaTech,NOV-LAP-414,SN-41348782,2025-04-11,2026-06-04,2026-05-14,24,No,Connectivity Issue,Electrical Failure,Customer reports connectivity issue affecting device.,No,No,Not Applicable,Not Applicable,Not Applicable,Not Applicable,Not Applicable,Not Applicable,Not Applicable,Not Applicable,Yes,Yes,No,Yes,Yes, Yes ,Not Applicable,Not Applicable,Not Applicable,Not Applicable,Not Applicable,Not Applicable,Not Applicable,No,0,Not Applicable,No,Not Applicable,Yes,No,No,No,No,1,2234.5,1039.42,0.0,0.483,Email,Manual Review,Firefox,44,Light,0.22713,B0478
REC01236,CLM00620,CUS00544,PRD00686,Laptop,Consumer Laptop,Device,Main Unit, NovaTech ,NOV-LAP-516,,2025-01-11,2026-02-02,2026-01-01,24,No,Display Failure,Internal Component Failure,Customer reports display failure affecting device.,No,No,Not Applicable,Not Applicable,Not Applicable,Not Applicable,Not Applicable,Not Applicable,Not Applicable,Not Applicable,Yes,Yes,Yes,Yes,Yes,Yes,Not Applicable,Not Applicable,Not Applicable,Not Applicable,Not Applicable,Not Applicable,Yes,Yes,1,Yes,No,Not Applicable,Yes,Yes,No,No,No,1,2003.18,1099.64,549.7,0.879,Web,Invalid Claim,Chrome,33,System,-0.10071,B0283
REC00798,CLM01310,CUS00397,PRD00953,Camera,DSLR,Camera Body,Camera Body,NovaTech,NOV-CAM-805,SN-69464901,2022-11-04,2024-04-08,2024-04-01,24,No,Display Failure,Manufacturing Defect,Customer reports display failure affecting camera body.,No,No,Not Applicable,Not Applicable,Not Applicable,Not Applicable,Not Applicable,Not Applicable,Not Applicable,Not Applicable,Yes,Yes,Yes,Yes,Yes,Yes,Not Applicable,Not Applicable,Not Applicable,Not Applicable,Not Applicable,Not Applicable,Yes,Yes,2,Yes,No,Not Applicable,Unknown,Yes,No,No,No,2,1778.34,684.21,,0.822,Mobile App,Manual Review,Edge,36,System,0.83446,B0596
REC01041,CLM00147,CUS00303,PRD00184,Smartphone,Foldable Smartphone,Not Sure,Main Unit,Aster,AST-SMA-346,SN-36772965,2026-01-05,2026-06-07,2026-05-26,12,No,Battery Problem,Normal Wear,Customer reports battery problem affecting not sure.,Yes,No,Yes,Not Applicable,Not Applicable,Not Applicable,Not Applicable,Not Applicable,Not Applicable,Not Applicable,Yes,Yes,No,Yes,No,,Not Applicable,Not Applicable,Not Applicable,Not Applicable,Not Applicable,Not Applicable,Not Applicable,No,0,Not Applicable,No,Not Applicable,Yes,Yes,No,No,No,0,555.95,104.26,0.0,0.814,Service Center,Invalid Claim,Edge,47,System,-0.36308,B0589
REC00937,CLM01388,CUS00193,PRD00318,Laptop,2-in-1,Battery,Battery,NovaTech,NOV-LAP-424,SN-99311450,2024-06-10,2025-02-20,2025-01-28,12,No,Power Failure,Electrical Failure,Customer reports power failure affecting battery.,No,Yes,Yes,Not Applicable,Not Applicable,Not Applicable,Not Applicable,Not Applicable,Not Applicable,Not Applicable,Yes,Yes,Yes,Yes,Yes,Yes,Not Applicable,Yes,Not Applicable,Not Applicable,Not Applicable,Not Applicable,Not Applicable,No,0,N/A,No,Not Applicable,Yes,Yes,No,No,No,0,516.62,,0.0,0.978,Web,Valid Claim,Firefox,0,System,-1.765,B0995
REC00659,CLM00455,CUS00643,PRD00457,Refrigerator,Side-by-Side,Other,Main Unit,HomePro,HOM-REF-966,SN-23008320,2021-05-22,2024-01-17,2023-12-11,24,Yes,Mechanical Failure,Misuse,Customer reports mechanical failure affecting other.,Not Applicable,Not Applicable,Not Applicable,Business,No,Not Applicable,Not Applicable,Not Applicable,Not Applicable,Not Applicable,Yes,No,No,Yes,Yes,Yes,Not Applicable,Not Applicable,Not Applicable,Not Applicable,Not Applicable,Not Applicable,Not Applicable,No,0,Not Applicable,No,Not Applicable,Yes,Yes,No,N,No,2,2894.48,1309.44,0.0,0.773,Mobile App,Invalid Claim,Firefox,0,System,-0.5998,B0354
REC01363,CLM01451,CUS00160,PRD00376,Camera,Compact,Camera Body,Camera Body,Aster,AST-CAM-864,SN-80960792,2023-07-15,2025-01-03,2024-12-30,24,No,Power Failure,Internal Component Failure,Customer reports power failure affecting camera body.,No,No,Not Applicable,Not Applicable,Not Applicable,Not Applicable,Not Applicable,Not Applicable,Not Applicable,Not Applicable,Yes,yes,No,,Yes,No,Not Applicable,Not Applicable,Not Applicable,Not Applicable,Not Applicable,Not Applicable,Not Applicable,No,0,Not Applicable,No,Not Applicable,Yes,Yes,No,No,No,1,2690.34,914.87,0.0,0.805,Mobile App,Manual Review,Safari,18,Dark,-0.48099,B0102
REC00776,CLM00639,CUS00319,PRD00857,Refrigerator,Side-by-Side,Noise,Main Unit,HomePro,HOM-REF-672,SN-71484274,2022-12-30,2025-06-23,2025-06-20,24,Yes,Noise,Manufacturing Defect,Customer reports noise affecting noise.,Not Applicable,Not Applicable,Not Applicable,Household,Yes,Not Applicable,Not Applicable,Not Applicable,Not Applicable,Not Applicable,Yes,Yes,Yes,No,No,Yes,Not Applicable,Not Applicable,Not Applicable,Not Applicable,Not Applicable,Not Applicable,Not Applicable,No,0,Not Applicable,No,Not Applicable,Yes,Yes,No,No,No,2,1567.04,1089.52,0.0,0.914,Web,Manual Review,MobileWebView,8,Dark,-0.85544,B0671
REC00317,CLM00016,CUS00616,PRD00849,Camera,Mirrorless,Not Sure,Camera Body,Aster,AST-CAM-626,SN-97756661,2022-01-20,2024-01-07,2023-12-26,24,No,Battery Problem,Accidental Damage,Customer reports battery problem affecting not sure.,Yes,No,No,Not Applicable,Not Applicable,Not Applicable,Not Applicable,Not Applicable,Not Applicable,Not Applicable,Yes,Yes,No,Yes,,Yes,Not Applicable,Not Applicable,Not Applicable,Not Applicable,Not Applicable,Not Applicable,Not Applicable,No,0,Not Applicable,No,Not Applicable,Yes,Yes,No,No,No,1,2411.17,2179.42,0.0,0.52,Web,Invalid Claim,MobileWebView,26,System,-0.57171,B0769
REC01006,CLM00640,CUS00560,PRD00196,Laptop,Gaming Laptop,Device,Main Unit,NovaTech,NOV-LAP-745,SN-82061314,2024-07-19,2026-02-26,2026-02-25,24,No,Connectivity Issue,Internal Component Failure,Customer reports connectivity issue affecting device.,No,No,Not Applicable,Not Applicable,Not Applicable,Not Applicable,Not Applicable,Not Applicable,Not Applicable,Not Applicable,Yes,Yes,Yes,Yes,Yes,Yes,Not Applicable,Not Applicable,Not Applicable,Not Applicable,Not Applicable,Not Applicable,,No,0,Not Applicable,No,Not Applicable,Yes,Yes,No,No,No,1,1753.68,1364.2,0.0,0.929,Mobile App,Valid Claim,Chrome,56,System,-1.11731,B0172
REC00388,CLM00191,CUS00134,PRD00910,Refrigerator,Single Door,Not Sure,Main Unit,Aster,AST-REF-334,SN-36587555,2022-12-24,2024-12-09,2024-11-20,24,No,Cooling Failure,Manufacturing Defect,Customer reports cooling failure affecting not sure.,Not Applicable,Not Applicable,Not Applicable,Household,No,Not Applicable,Not Applicable,Not Applicable,Not Applicable,Not Applicable,Yes,Yes,No,Yes,Yes,Yes,Not Applicable,Not Applicable,Not Applicable,Not Applicable,Not Applicable,Not Applicable,Not Applicable,No,0,Not Applicable,No,Not Applicable,Yes,Yes,Yes,No,No,1,1219.08,287.21,0.0,0.855,Web,Invalid Claim,Firefox,45,Dark,0.59702,B0576
REC00833,CLM00361,CUS00439,PRD00064,Camera,DSLR,Camera Body,Camera Body,Aster,AST-CAM-732,SN-96826832,2023-06-06,2024-08-06,2024-07-24,24,No,Battery Problem,Internal Component Failure,Customer reports battery problem affecting camera body.,No,No,Yes,Not Applicable,Not Applicable,Not Applicable,Not Applicable,Not Applicable,Not Applicable,Not Applicable,No,No,No,Yes,No,Yes,Not Applicable,Not Applicable,Not Applicable,Not Applicable,Not Applicable,Not Applicable,Not Applicable,No,0,Not Applicable,No,Not Applicable,Yes,Yes,No,No,No,4,1677.88,214.12,0.0,0.881,Service Center,Manual Review,Safari,40,Dark,-0.61133,B0061
REC00455,CLM00738,CUS00051,PRD00989,Washing Machine,Top Load,Power,Main Unit,PrimeView,PRI-WAS-212,SN-95410830,2022-03-27,2025-02-16,2025-01-19,24,No,Power Failure,Manufacturing Defect,Customer reports power failure affecting power.,Not Applicable,Not Applicable,Not Applicable,Household,No,Not Applicable,No,Not Applicable,Not Applicable,Not Applicable,Yes,Yes,Yes,Yes,Yes,,Not Applicable,Not Applicable,Not Applicable,Not Applicable,Not Applicable,Not Applicable,Not Applicable,No,0,Not Applicable,Yes,Yes,Unknown,Yes,No,No,No,0,1740.87,248.32,0.0,0.861,Web,Invalid Claim,Firefox,3,System,-0.85888,B0713
REC01190,CLM01331,CUS00626,PRD00190,Air Conditioner,Window,Outdoor Unit,Main Unit,HomePro,HOM-AIR-933,SN-19243971,2023-03-09,2025-01-09,2024-12-30,24,No,Cooling Failure,Manufacturing Defect,Customer reports cooling failure affecting outdoor unit.,Not Applicable,Not Applicable,Not Applicable,Not Applicable,Yes,Not Applicable,Not Applicable,No,Outdoor Unit,Not Applicable,Yes,Yes,No,Yes,,Yes,Yes,Not Applicable,Not Applicable,Not Applicable,Not Applicable,Not Applicable,Yes,Yes,2,Yes,No,Not Applicable,Yes,Yes,No,No,No,0,1066.01,647.12,279.13,0.832,Web,Valid Claim,Edge,55,System,-0.33541,B0250
REC00037,CLM00257,CUS00469,PRD00360,Laptop,2-in-1,Device,Main Unit,Aster,AST-LAP-211,SN-55078322,2022-07-22,2024-05-25,2024-05-04,24,No,Display Failure,Internal Component Failure,Customer reports display failure affecting device.,No,No,Not Applicable,Not Applicable,Not Applicable,Not Applicable,Not Applicable,Not Applicable,Not Applicable,Not Applicable,Yes,Yes,Yes,Yes,Yes,Yes,Not Applicable,Not Applicable,Not Applicable,Not Applicable,Not Applicable,Not Applicable,Yes,Yes,2,Yes,No,Not Applicable,Yes,Yes,No,No,No,0,1140.48,256.59,,0.881,Web,Valid Claim,MobileWebView,13,System,-0.7088,B0715
REC00885,CLM00536,CUS00373,PRD00130,Television,Mini-LED,Not Sure,Main Unit,PrimeView,PRI-TEL-509,SN-23199334,2022-07-03,2024-04-05,2024-03-25,24,No,Audio Failure,Manufacturing Defect,Customer reports audio failure affecting not sure.,No,Not Applicable,Not Applicable,Not Applicable,Not Applicable,Yes,Not Applicable,Not Applicable,Not Applicable,Not Applicable,Yes,No,No,Yes,Yes,Yes,Not Applicable,Not Applicable,Not Applicable,Not Applicable,Not Applicable,Not Applicable,Not Applicable,No,0,Not Applicable,No,Not Applicable,No,Yes,No,No,No,0,2535.13,1678.05,0.0,0.825,Web,Invalid Claim,Chrome,50,Light,-0.51465,B0289
REC00282,CLM00090,CUS00149,PRD00784,Printer,Laser,Paper Feed,Main Unit,PrimeView,PRI-PRI-815,SN-40183310,2024-03-23,2026-01-12,2026-01-09,12,Yes,Paper Feed Failure,Manufacturing Defect,Customer reports paper feed failure affecting paper feed.,Not Applicable,Not Applicable,Not Applicable,Not Applicable,No,Not Applicable,No,Not Applicable,Not Applicable,Compatible,Yes,Yes,No,Yes,Yes,Yes,Not Applicable,Not Applicable,Not Applicable,Not Applicable,Not Applicable,No,Not Applicable,No,0,Not Applicable,No,Not Applicable,Yes,Yes,No,No,No,1,1155.65,989.17,0.0,0.86,Service Center,Manual Review,Safari,50,System,0.82207,B0844
REC01128,CLM01349,CUS00577,PRD00691,Printer,Inkjet,Power,Main Unit,PrimeView,PRI-PRI-785,SN-85198289,2024-09-11,2025-01-06,2024-12-25,12,No,Power Failure,Electrical Failure,Customer reports power failure affecting power.,Not Applicable,Not Applicable,Not Applicable,Not Applicable,No,Not Applicable,No,Not Applicable,Not Applicable,Original,Yes,,Yes,Yes,Yes,Yes,Not Applicable,Not Applicable,Not Applicable,Not Applicable,Not Applicable,Yes,,No,0,Not Applicable,No,Not Applicable,Yes,Yes,No,Yes,No,0,918.93,520.16,0.0,0.768,Mobile App,Valid Claim,Safari,48,Dark,0.29307,B0047
REC00133,CLM01480,CUS00451,PRD00390,Laptop,Gaming Laptop,Battery,Battery,NovaTech,NOV-LAP-299,SN-11082238,2024-04-30,2024-12-02,2024-11-11,12,No,Battery Problem,Electrical Failure,Customer reports battery problem affecting battery.,No,No,Yes,Not Applicable,Not Applicable,Not Applicable,Not Applicable,Not Applicable,Not Applicable,Not Applicable,Yes,,Yes,Yes,Yes,No,Not Applicable,No,Not Applicable,Not Applicable,Not Applicable,Not Applicable,,Yes,2,Yes,No,Not Applicable,Yes,Yes,No,No,N,2,1791.81,936.08,446.91,0.988,Service Center,Manual Review,Edge,53,Dark,0.50143,B0917
REC00965,CLM00469,CUS00027,PRD00662,Air Conditioner,Cassette,Both,Main Unit,HomePro,HOM-AIR-832,SN-49964166,2023-01-19,2024-06-18,2024-06-05,24,No,Noise,Manufacturing Defect,Customer reports noise affecting both.,Not Applicable,Not Applicable,Not Applicable,Not Applicable,No,Not Applicable,Not Applicable,No,Both,Not Applicable,Yes,Yes,Yes,Yes,Yes,Yes,Yes,Not Applicable,Not Applicable,Not Applicable,Not Applicable,Not Applicable,,Yes,1,Yes,No,Not Applicable,Yes,Yes,No,No,No,1,857.9,411.28,110.16,0.869,Web,Valid Claim,Chrome,45,System,0.3183,B0223
REC01205,CLM00560,CUS00364,PRD00077,Washing Machine,Front Load,Water Leakage,Main Unit,HomePro,HOM-WAS-159,SN-66227107,2024-01-22,2026-08-18,2026-07-25,24,No,Water Leakage,Manufacturing Defect,Customer reports water leakage affecting water leakage.,Not Applicable,Not Applicable,Not Applicable,Household,Yes,Not Applicable,No,Not Applicable,Not Applicable,Not Applicable,Yes,,Yes,Yes,Yes,Yes,Not Applicable,Not Applicable,Not Applicable,Not Applicable,Not Applicable,Not Applicable,Not Applicable,No,0,Not Applicable,No,Not Applicable,Yes,Yes,No,No,No,0,589.95,518.52,,0.92,Web,Invalid Claim,Firefox,28,System,-0.14864,B0843
REC01005,CLM00604,CUS00322,PRD00231,Printer,Inkjet,Connection,Main Unit,NovaTech,NOV-PRI-740,SN-82894806,2025-06-19,2026-01-14,2026-01-06,12,No,Connectivity Issue,Manufacturing Defect,Customer reports connectivity issue affecting connection.,Not Applicable,Not Applicable,Not Applicable,Not Applicable,No,Not Applicable,No,Not Applicable,Not Applicable,Original,Yes,Yes,Yes,Yes,Yes,Yes,Not Applicable,Not Applicable,Not Applicable,Not Applicable,Not Applicable,No,Not Applicable,No,0,Not Applicable,No,Not Applicable,Yes,Yes,Yes,No,No,2,688.77,619.55,0.0,0.936,Web,Invalid Claim,Edge,38,System,0.71355,B0967
REC01010,CLM00972,CUS00567,PRD00674,Television,Mini-LED,Power,Main Unit,HomePro,HOM-TEL-829,SN-45122442,2023-09-09,2026-08-03,2026-06-17,24,No,Power Failure,Electrical Failure,Customer reports power failure affecting power.,No,Not Applicable,Not Applicable,Not Applicable,Not Applicable,Yes,Not Applicable,Not Applicable,Not Applicable,Not Applicable,Yes,Yes,No,Yes,Yes,Yes,Not Applicable,Not Applicable,Not Applicable,Not Applicable,Not Applicable,Not Applicable,,No,0,NA,No,not applicable,Yes,Yes,No,No,No,1,2241.5,,,0.88,Mobile App,Invalid Claim,Edge,1,Dark,-0.7437,B0682
REC01116,CLM01146,CUS00312,PRD00965,Smartphone,Standard Smartphone,Phone,Main Unit,PrimeView,PRI-SMA-530,SN-81322633,2025-09-18,2026-05-11,2026-04-18,12,No,Overheating,Internal Component Failure,Customer reports overheating affecting phone.,No,No,Not Applicable,Not Applicable,Not Applicable,Not Applicable,Not Applicable,Not Applicable,Not Applicable,Not Applicable,Yes,No,Yes,Yes,Yes,Yes,Not Applicable,Not Applicable,Not Applicable,Not Applicable,Not Applicable,Not Applicable,Not Applicable,No,0,Not Applicable,No,Not Applicable,Unknown,Yes,No,No,No,3,250.01,95.22,,0.724,Mobile App,Manual Review,Firefox,21,Light,1.69759,B0833
REC00596,CLM01048,CUS00346,PRD00247,Laptop,Gaming Laptop,Battery,Battery,ZenCore,ZEN-LAP-332,SN-18446550,2025-07-13,2026-05-12,2026-05-10,12,No,Overheating,Internal Component Failure,Customer reports overheating affecting battery.,No,No,Yes,Not Applicable,Not Applicable,Not Applicable,Not Applicable,Not Applicable,Not Applicable,Not Applicable,Yes,Yes,Yes,Yes,Yes,No,Not Applicable,No,Not Applicable,Not Applicable,Not Applicable,Not Applicable,Not Applicable,No,0,Not Applicable,No,Not Applicable,Yes,Yes,No,No,No,0,724.56,549.99,0.0,0.782,Service Center,Manual Review,Firefox,53,Dark,0.80786,B0410
REC01402,CLM01200,CUS00528,PRD00556,Camera,Action Camera,Lens,Lens,PrimeView,PRI-CAM-525,SN-76456758,2022-04-11,2024-02-10,2024-02-09,24,No,Power Failure,Manufacturing Defect,Customer reports power failure affecting lens.,No,No,Not Applicable,Not Applicable,Not Applicable,Not Applicable,Not Applicable,Not Applicable,Not Applicable,Not Applicable,Yes,Yes,Yes,Yes,Yes,Yes,Not Applicable,Not Applicable,Not Applicable,Not Applicable,Yes,Not Applicable,Not Applicable,No,0,Not Applicable,No,Not Applicable,Yes,Yes,No,No,No,1,3051.36,2567.05,0.0,0.829,Service Center,Valid Claim,Chrome,36,Light,-0.25035,B0522
REC01478,CLM00834,CUS00274,PRD00152,Washing Machine,Front Load,Noise,Motor,HomePro,HOM-WAS-446,SN-39221230,2015-06-07,2024-08-12,2024-08-01,120,No,Noise,Manufacturing Defect,Customer reports noise affecting noise.,Not Applicable,Not Applicable,Not Applicable,Household,No,Not Applicable,No,Not Applicable,Not Applicable,Not Applicable,Yes,Yes,No,Yes,Yes,Yes,Not Applicable,Not Applicable,Not Applicable,Yes,Not Applicable,Not Applicable,Not Applicable,No,0,Not Applicable,No,Not Applicable,Yes,Yes,No,No,No,1,1933.79,881.51,0.0,0.831,Mobile App,Valid Claim,Firefox,15,Light,1.73958,B0612
REC00343,CLM00800,CUS00336,PRD00231,Washing Machine,Top Load,Noise,Main Unit,ZenCore,ZEN-WAS-389,SN-53655404,2022-09-12,2025-01-06,2024-12-25,24,Yes,Noise,Electrical Failure,Customer reports noise affecting noise.,Not Applicable,Not Applicable,Not Applicable,Household,Yes,Not Applicable,No,Not Applicable,Not Applicable,Not Applicable,Yes,,Yes,Yes,Yes,Yes,Not Applicable,Not Applicable,Not Applicable,Not Applicable,Not Applicable,Not Applicable,Not Applicable,No,0,Not Applicable,No,Not Applicable,Yes,Yes,No,No,No,0,481.84,218.29,0.0,0.773,Service Center,Valid Claim,MobileWebView,1,Dark,0.91701,B0214
REC00192,CLM00028,CUS00572,PRD00341,Television,Mini-LED,Power,Main Unit,Aster,AST-TEL-654,SN-29785305,2023-12-26,2025-11-21,2025-11-11,24,No,Power Failure,Internal Component Failure,Customer reports power failure affecting power.,No,Not Applicable,Not Applicable,Not Applicable,Not Applicable,No,Not Applicable,Not Applicable,Not Applicable,Not Applicable,Yes,Yes,Yes,,Yes,Yes,Not Applicable,Not Applicable,Not Applicable,Not Applicable,Not Applicable,Not Applicable,Not Applicable,No,0,Not Applicable,No,Not Applicable,Yes,Yes,No,No,No,2,971.28,132.83,0.0,0.887,Email,Valid Claim,Safari,47,System,-1.68727,B0304
REC00216,CLM00516,CUS00132,PRD00723,Washing Machine,Washer Dryer,Noise,Main Unit,ZenCore,ZEN-WAS-304,SN-18736707,2023-09-04,2025-03-15,2025-03-13,24,No,Noise,Overloading,Customer reports noise affecting noise.,Not Applicable,Not Applicable,Not Applicable,Household,No,Not Applicable,No,Not Applicable,Not Applicable,Not Applicable,No,Yes,Yes,Yes,Yes,,Not Applicable,Not Applicable,Not Applicable,Not Applicable,Not Applicable,Not Applicable,,No,0,Not Applicable,No,Not Applicable,Yes,Yes,No,No,No,3,515.63,93.67,0.0,0.93,Web,Invalid Claim,MobileWebView,10,Dark,0.00517,B0924
REC00347,CLM01239,CUS00229,PRD00453,Refrigerator,French Door,Other,Main Unit,HomePro,HOM-REF-188,SN-34026991,2025-01-13,2026-06-22,2026-06-14,24,No,Mechanical Failure,Internal Component Failure,Customer reports mechanical failure affecting other.,Not Applicable,Not Applicable,Not Applicable,Household,Yes,Not Applicable,Not Applicable,Not Applicable,Not Applicable,Not Applicable,Yes,Yes,Yes,No,Yes,Yes,Not Applicable,Not Applicable,Not Applicable,Not Applicable,Not Applicable,Not Applicable,Not Applicable,No,0,Not Applicable,Yes,Yes,Yes,Yes,No,No,No,2,735.35,344.11,0.0,0.766,Web,Valid Claim,Firefox,14,Light,0.80736,B0219
REC00734,CLM00111,CUS00545,PRD00178,Printer,Inkjet,Not Sure,Main Unit,PrimeView,PRI-PRI-228,SN-34092772,2023-03-12,2024-08-30,2024-08-18,12,No,Mechanical Failure,Manufacturing Defect,Customer reports mechanical failure affecting not sure.,Not Applicable,Not Applicable,Not Applicable,Not Applicable,No,Not Applicable,Unknown,Not Applicable,Not Applicable,Original,Yes,Yes,No,Yes,Yes,Yes,Not Applicable,Not Applicable,Not Applicable,Not Applicable,Not Applicable,Yes,Not Applicable,No,99,Not Applicable,No,Not Applicable,Yes,Yes,No,No,No,2,468.54,227.99,0.0,0.765,Web,Invalid Claim,MobileWebView,26,System,-0.41333,B0344
REC00611,CLM00797,CUS00173,PRD00194,Television,QLED,Power,Main Unit,PrimeView,PRI-TEL-194,SN-45311140,2023-12-01,2026-01-24,2026-01-10,24,No,Power Failure,Misuse,Customer reports power failure affecting power.,No,Not Applicable,Not Applicable,Not Applicable,Not Applicable,No,Not Applicable,Not Applicable,Not Applicable,Not Applicable,Yes,Yes,Yes,Yes,,Yes,Not Applicable,Not Applicable,Not Applicable,Not Applicable,Not Applicable,Not Applicable,Not Applicable,No,0,Not Applicable,No,Not Applicable,Yes,Yes,No,No,No,2,2421.92,949.93,0.0,0.977,Email,Invalid Claim,Safari,0,System,-1.57811,B0176
REC01418,CLM00113,CUS00165,PRD00356,Air Conditioner,Split,Outdoor Unit,Compressor,Aster,AST-AIR-465,SN-75535073,2021-10-27,2026-04-01,2026-02-28,60,No,Power Failure,Improper Installation,Customer reports power failure affecting outdoor unit.,Not Applicable,Not Applicable,Not Applicable,Not Applicable,Yes,Not Applicable,Not Applicable,Unknown,Outdoor Unit,Not Applicable,No,Yes,Yes,Yes,Yes,Yes,Yes,Not Applicable,Not Applicable,Yes,Not Applicable,Not Applicable,Not Applicable,No,0,Not Applicable,No,Not Applicable,Yes,Yes,No,No,No,1,2661.64,1691.33,0.0,0.784,Mobile App,Invalid Claim,Safari,23,Dark,0.88177,B0475
REC00586,CLM00613,CUS00406,PRD00300,Camera,Action Camera,Camera Body,Camera Body,NovaTech,NOV-CAM-642,SN-54110180,2024-10-05,2026-07-17,2026-07-12,24,No,Lens Failure,Manufacturing Defect,Customer reports lens failure affecting camera body.,No,No,Not Applicable,Not Applicable,Not Applicable,Not Applicable,Not Applicable,Not Applicable,Not Applicable,Not Applicable,Yes,Yes,Yes,Yes,Yes,Yes,Not Applicable,Not Applicable,Not Applicable,Not Applicable,Not Applicable,Not Applicable,Not Applicable,No,0,Not Applicable,No,Not Applicable,No,Yes,No,No,No,0,1932.5,877.54,0.0,0.93,Email,Invalid Claim,Edge,40,Dark,-0.79281,B0019
REC00108,CLM01076,CUS00136,PRD00889,Printer,Inkjet,Connection,Main Unit,PrimeView,PRI-PRI-806,SN-39369999,2025-09-24,2026-03-26,2026-03-17,12,No,Connectivity Issue,Electrical Failure,Customer reports connectivity issue affecting connection.,Not Applicable,Not Applicable,Not Applicable,Not Applicable,No,Not Applicable,No,Not Applicable,Not Applicable,Original,Yes,No,Yes,Yes,Yes,Yes,Not Applicable,Not Applicable,Not Applicable,Not Applicable,Not Applicable,Yes,Not Applicable,No,0,Not Applicable,No,Not Applicable,Yes,Yes,No,No,No,0,369.62,118.0,0.0,0.951,Mobile App,Valid Claim,Chrome,44,Light,-0.31859,B0921
REC00374,CLM00002,CUS00207,PRD00225,Television,Mini-LED,Power,Display Panel,PrimeView,PRI-TEL-507,SN-24850991,2023-08-30,2025-05-14,2025-05-02,24,No,Power Failure,Internal Component Failure,Customer reports power failure affecting power.,No,Not Applicable,Not Applicable,Not Applicable,Not Applicable,No,Not Applicable,Not Applicable,Not Applicable,Not Applicable,Yes,Yes,Yes,Yes,Yes,Yes,Not Applicable,Not Applicable,Yes,Not Applicable,Not Applicable,Not Applicable,Not Applicable,No,0,Not Applicable,No,Not Applicable,Yes,Yes,No,No,No,1,2518.99,205.31,0.0,0.754,Service Center,Valid Claim,Chrome,29,Dark,1.04054,B0513
REC00634,CLM01167,CUS00017,PRD00186,Smartphone,Rugged Smartphone,Phone,Main Unit,NovaTech,NOV-SMA-213,SN-88175343,2023-12-07,2024-11-23,2024-10-29,12,No,Display Failure,Manufacturing Defect,Customer reports display failure affecting phone.,No,No,Not Applicable,Not Applicable,Not Applicable,Not Applicable,Not Applicable,Not Applicable,Not Applicable,Not Applicable,Yes,Yes,No,Yes,Yes,Yes,Not Applicable,Not Applicable,Not Applicable,Not Applicable,Not Applicable,Not Applicable,Not Applicable,No,0,Not Applicable,No,Not Applicable,Yes,No,No,No,No,0,1345.82,587.97,0.0,0.75,Service Center,Manual Review,Edge,9,System,0.07118,B0063
REC00633,CLM00345,CUS00359,PRD00935,Printer,Laser,Connection,Main Unit,NovaTech,NOV-PRI-104,SN-88115346,2023-06-26,2024-01-21,2024-01-17,12,No,Connectivity Issue,Manufacturing Defect,Customer reports connectivity issue affecting connection.,Not Applicable,Not Applicable,Not Applicable,Not Applicable,No,Not Applicable,No,Not Applicable,Not Applicable,Original,No,No,Yes,Yes,Yes,,Not Applicable,Not Applicable,Not Applicable,Not Applicable,Not Applicable,Yes,Not Applicable,No,0,Not Applicable,No,Not Applicable,Yes,Yes,No,No,No,1,410.41,294.7,0.0,0.856,Web,Valid Claim,MobileWebView,21,System,1.62426,B0115
REC00033,CLM01237,CUS00257,PRD00693,Smartphone,Foldable Smartphone,Phone,Main Unit,NovaTech,NOV-SMA-107,SN-67597924,2024-09-30,2025-07-07,2025-06-23,12,No,Connectivity Issue,Internal Component Failure,Customer reports connectivity issue affecting phone.,No,No,Not Applicable,Not Applicable,Not Applicable,Not Applicable,Not Applicable,Not Applicable,Not Applicable,Not Applicable,Yes,No,No,Yes,Yes,Yes,Not Applicable,Not Applicable,Not Applicable,Not Applicable,Not Applicable,Not Applicable,No,Yes,3,Yes,No,Not Applicable,Yes,Yes,No,Yes,No,1,1424.02,1087.22,131.72,0.737,Service Center,Manual Review,Chrome,11,Dark,0.1565,B0415
REC00141,CLM00965,CUS00123,PRD00637,Air Conditioner,Portable,Indoor Unit,Main Unit,ZenCore,ZEN-AIR-268,SN-79339938,2022-06-23,2025-01-20,2025-01-01,24,Yes,Power Failure,Manufacturing Defect,Customer reports power failure affecting indoor unit.,Not Applicable,Not Applicable,Not Applicable,Not Applicable,No,Not Applicable,Not Applicable,No,Indoor Unit,Not Applicable,No,Yes,No,Yes,Yes,Yes,Yes,Not Applicable,Not Applicable,Not Applicable,Not Applicable,Not Applicable,Not Applicable,No,0,Not Applicable,No,Not Applicable,Yes,Yes,No,No,No,0,2340.39,1291.13,,0.892,Mobile App,Valid Claim,Safari,21,Light,-1.28772,B0636
REC00209,CLM00245,CUS00328,PRD00145,Printer,Thermal,Connection,Print Head,NovaTech,NOV-PRI-236,SN-46187339,2025-12-12,2026-08-22,2026-08-12,12,No,Connectivity Issue,Electrical Failure,Customer reports connectivity issue affecting connection.,Not Applicable,Not Applicable,Not Applicable,Not Applicable,Unknown,Not Applicable,No,Not Applicable,Not Applicable,Original,No,Yes,Yes,Yes,Yes,Yes,Not Applicable,Not Applicable,Not Applicable,Not Applicable,Not Applicable,Yes,,No,0,Not Applicable,No,Not Applicable,Yes,Yes,No,No,No,0,750.97,179.54,0.0,0.558,Service Center,Manual Review,Chrome,52,System,-0.36045,B0444
REC00673,CLM00533,CUS00662,PRD00675,Laptop,Business Laptop,Device,Main Unit,ZenCore,ZEN-LAP-436,SN-59953573,2022-11-01,2024-08-23,2024-07-29,24,No,Display Failure,Normal Wear,Customer reports display failure affecting device.,No,No,Not Applicable,Not Applicable,Not Applicable,Not Applicable,Not Applicable,Not Applicable,Not Applicable,Not Applicable,Yes,Yes,Yes,Yes,Yes,Yes,Not Applicable,Not Applicable,Not Applicable,Not Applicable,Not Applicable,Not Applicable,Yes,Yes,3,Yes,No,Not Applicable,Yes,Yes,No,No,No,2,2590.61,684.45,,0.986,Web,Invalid Claim,MobileWebView,9,Light,0.43739,B0158
REC00488,CLM00459,CUS00300,PRD00491,Smartphone,Rugged Smartphone,Phone,Main Unit,Aster,AST-SMA-972,SN-57641966,2024-08-12,2025-04-26,2025-04-16,12,No,Battery Problem,Internal Component Failure,Customer reports battery problem affecting phone.,No,No,No,Not Applicable,Not Applicable,Not Applicable,Not Applicable,Not Applicable,Not Applicable,Not Applicable,Yes,Yes,Yes,Yes,Yes,Yes,Not Applicable,Not Applicable,Not Applicable,Not Applicable,Not Applicable,Not Applicable,Not Applicable,No,0,Not Applicable,No,Not Applicable,Unknown,Yes,No,No,Yes,0,782.54,698.58,0.0,0.733,Web,Manual Review,Edge,13,Dark,-1.32807,B0838
REC01299,CLM00563,CUS00372,PRD00803,Printer,Inkjet,Power,Main Unit,HomePro,HOM-PRI-959,SN-98318896,2025-08-03,2025-12-14,2025-12-12,12,No,Power Failure,Unsupported Consumable,Customer reports power failure affecting power.,Not Applicable,Not Applicable,Not Applicable,Not Applicable,No,Not Applicable,No,Not Applicable,Not Applicable,Compatible,Yes,,Yes,Yes,Yes,Yes,Not Applicable,Not Applicable,Not Applicable,Not Applicable,Not Applicable,Yes,,No,0,Not Applicable,No,Not Applicable,Yes,Yes,No,No,no,1,1145.2,713.33,0.0,,Mobile App,Invalid Claim,Firefox,0,Dark,-0.18608,B0264
REC00194,CLM00358,CUS00695,PRD00514,Laptop,Consumer Laptop,Device,Main Unit,Aster,AST-LAP-408,SN-37255998,2022-09-29,2024-02-03,2024-01-16,24,No,Battery Problem,Electrical Failure,Customer reports battery problem affecting device.,No,Unknown,Yes,Not Applicable,Not Applicable,Not Applicable,Not Applicable,Not Applicable,Not Applicable,Not Applicable,Yes,No,Yes,Yes,Yes,Yes,Not Applicable,Not Applicable,Not Applicable,Not Applicable,Not Applicable,Not Applicable,Yes,Yes,1,Yes,No,Not Applicable,Yes,Yes,No,No,No,2,2058.27,283.91,278.03,0.671,Web,Manual Review,Edge,25,Dark,-1.17211,B0612
REC00681,CLM01427,CUS00300,PRD00463,Refrigerator,Double Door,Water Leakage,Main Unit,ZenCore,ZEN-REF-985,SN-29668452,2024-12-26,2026-04-10,2026-03-16,24,No,Water Leakage,Internal Component Failure,Customer reports water leakage affecting water leakage.,Not Applicable,Not Applicable,Not Applicable,Household,No,Not Applicable,Not Applicable,Not Applicable,Not Applicable,Not Applicable,Yes,Yes,Yes,No,Yes,No,Not Applicable,Not Applicable,Not Applicable,Not Applicable,Not Applicable,Not Applicable,Not Applicable,No,0,Not Applicable,No,Not Applicable,Yes,Yes,No,No,No,1,2992.74,2474.72,0.0,0.84,Web,Manual Review,MobileWebView,2,System,-0.02006,B0299
REC01132,CLM00261,CUS00057,PRD00244,Television,Mini-LED,Connection,Display Panel,PrimeView,PRI-TEL-951,SN-39944121,2023-03-09,2024-12-15,2024-12-06,24,No,Connectivity Issue,Internal Component Failure,Customer reports connectivity issue affecting connection.,No,Not Applicable,Not Applicable,Not Applicable,Not Applicable,No,Not Applicable,Not Applicable,Not Applicable,Not Applicable,Yes,Yes,Yes,Yes,Yes,Yes,Not Applicable,Not Applicable,Yes,Not Applicable,Not Applicable,Not Applicable,,No,0,Not Applicable,No,Not Applicable,Yes,Yes,No,No,No,0,1948.43,,0.0,0.976,Email,Valid Claim,MobileWebView,30,Dark,0.56326,B0847
REC01119,CLM00522,CUS00326,PRD00416,Camera,Mirrorless,Lens,Lens,NovaTech,NOV-CAM-721,SN-97838676,2024-08-07,2026-08-08,2026-07-31,24,No,Lens Failure,Sensor Contamination Due To Misuse,Customer reports lens failure affecting lens.,No,Yes,Not Applicable,Not Applicable,Not Applicable,Not Applicable,Not Applicable,Not Applicable,Not Applicable,Not Applicable,Yes,Yes,Yes,Yes,Yes,Yes,Not Applicable,Not Applicable,Not Applicable,Not Applicable,Yes,Not Applicable,,No,0,Not Applicable,Yes,Yes,Yes,Yes,No,No,No,0,413.8,74.92,0.0,0.993,Mobile App,Invalid Claim,Firefox,51,System,0.76037,B0414
REC00356,CLM00159,CUS00591,PRD00660,Washing Machine,Front Load,Power,Main Unit,ZenCore,ZEN-WAS-422,SN-33252195,2022-07-18,2024-04-13,2024-04-07,24,No,Power Failure,Internal Component Failure,Customer reports power failure affecting power.,Not Applicable,Not Applicable,Not Applicable,Household,Yes,Not Applicable,No,Not Applicable,Not Applicable,Not Applicable,Yes,Yes,Yes,Yes,Yes,Yes,Not Applicable,Not Applicable,Not Applicable,Not Applicable,Not Applicable,Not Applicable,Not Applicable,No,0,Not Applicable,No,Not Applicable,Yes,Yes,No,No,No,0,725.51,439.53,0.0,0.922,Mobile App,Valid Claim,Firefox,42,System,0.1318,B0654
REC00651,CLM00413,CUS00693,PRD00134,Washing Machine,Front Load,Water Leakage,Main Unit,ZenCore,ZEN-WAS-595,SN-69991966,2023-07-11,2025-03-24,2025-02-10,24,No,Water Leakage,Internal Component Failure,Customer reports water leakage affecting water leakage.,Not Applicable,Not Applicable,Not Applicable,Household,No,Not Applicable,No,Not Applicable,Not Applicable,Not Applicable,Yes,Yes,Yes,Yes,Yes,Yes,Not Applicable,Not Applicable,Not Applicable,Not Applicable,Not Applicable,Not Applicable,Not Applicable,No,99,Not Applicable,No,Not Applicable,Yes,Yes,No,No,No,1,1614.33,1213.34,0.0,0.878,Service Center,Invalid Claim,Firefox,20,System,0.25694,B0822
REC00584,CLM00991,CUS00337,PRD00752,Laptop,Consumer Laptop,Device,Main Unit,Aster,AST-LAP-864,SN-52355823,2023-10-28,2025-09-25,2025-09-12,24,No,Battery Problem,Manufacturing Defect,Customer reports battery problem affecting device.,No,No,Yes,Not Applicable,Not Applicable,Not Applicable,Not Applicable,Not Applicable,Not Applicable,Not Applicable,Yes,No,Yes,Yes,No,Yes,Not Applicable,Not Applicable,Not Applicable,Not Applicable,Not Applicable,Not Applicable,Not Applicable,No,0,Not Applicable,No,Not Applicable,Yes,Yes,No,No,No,0,1576.48,843.11,0.0,0.872,Email,Manual Review,Edge,59,Light,-0.05061,B0232
REC00962,CLM00736,CUS00366,PRD00854,Printer,Laser,Printing,Main Unit,NovaTech,NOV-PRI-692,SN-66540182,2025-05-25,2025-09-27,2025-09-14,12,No,Mechanical Failure,Electrical Failure,Customer reports mechanical failure affecting printing.,Not Applicable,Not Applicable,Not Applicable,Not Applicable,Yes,Not Applicable,No,Not Applicable,Not Applicable,Original,Yes,Yes,Yes,Yes,No,Yes,Not Applicable,Not Applicable,Not Applicable,Not Applicable,Not Applicable,Yes,Not Applicable,No,0,Not Applicable,No,Not Applicable,Yes,Yes,No,No,No,0,838.63,353.75,0.0,0.817,Mobile App,Manual Review,MobileWebView,4,System,-2.03477,B0442
REC00865,CLM00442,CUS00384,PRD00740,Laptop,Gaming Laptop,Not Sure,Main Unit,Aster,AST-LAP-470,SN-18401975,2023-01-29,2024-05-26,2024-05-20,24,No,Overheating,Internal Component Failure,Customer reports overheating affecting not sure.,No,No,Not Applicable,Not Applicable,Not Applicable,Not Applicable,Not Applicable,Not Applicable,Not Applicable,Not Applicable,Yes,Yes,Yes,Yes,Yes,Yes,Not Applicable,Not Applicable,Not Applicable,Not Applicable,Not Applicable,Not Applicable,Not Applicable,No,0,Not Applicable,No,Not Applicable,Yes,Yes,No,Yes,No,0,1759.02,599.35,0.0,0.811,Web,Valid Claim,MobileWebView,47,Light,0.09132,B0333
