ClaimID,PolicyClass,HardInvalidReasons,ManualReviewReasons,WarrantyPolicyVersion,ProductCategoryTruth,ClaimedComponentTruth,ApplicableWarrantyMonthsTruth,EffectiveWarrantyMonthsTruth,WarrantyTimingReferenceMonthsTruth,WarrantyTimingContextTruth,ComponentWarrantyEligibleTruth,ReportingDeadlineDaysTruth,FaultCoveredTruth,RequiredEvidenceTruth,MissingRequiredEvidenceTruth,RequiredDocumentCoverageRatioTruth,CriticalDocumentMissingTruth,WarrantyRemainingDaysTruth,ReportingDelayDaysTruth
CLM00344,Valid Claim,,,2.0.0,Camera,Camera Body,24,24,24,Active,Yes,30,Yes,warranty_proof | identity_evidence | fault_evidence,,1.0,No,270,9
CLM00641,Manual Review,,Missing required evidence,2.0.0,Refrigerator,Main Unit,24,24,24,Active,Yes,30,Yes,warranty_proof | identity_evidence | fault_evidence | repair_report,fault_evidence,0.75,No,281,13
CLM01432,Manual Review,,Low OCR confidence,2.0.0,Printer,Main Unit,12,12,12,Active,Yes,30,Yes,warranty_proof | identity_evidence | fault_evidence | repair_report | usage_meter_evidence,,1.0,No,175,7
CLM01207,Valid Claim,,,2.0.0,Smartphone,Main Unit,12,12,12,Near Expiry,Yes,30,Yes,warranty_proof | identity_evidence | fault_evidence,,1.0,No,1,7
CLM00119,Invalid Claim,Warranty expired | Reporting period exceeded,Low OCR confidence,2.0.0,Smartphone,Charger,6,6,6,Expired,Yes,30,Yes,warranty_proof | identity_evidence | fault_evidence,,1.0,No,-5,41
CLM01487,Manual Review,,Low OCR confidence,2.0.0,Washing Machine,Main Unit,24,24,24,Active,Yes,30,Yes,warranty_proof | identity_evidence | fault_evidence,,1.0,No,163,12
CLM01290,Valid Claim,,,2.0.0,Camera,Camera Body,24,24,24,Active,Yes,30,Yes,warranty_proof | identity_evidence | fault_evidence,,1.0,No,116,21
CLM00704,Invalid Claim,Warranty expired,Missing required evidence,2.0.0,Washing Machine,Main Unit,24,24,24,Expired,Yes,30,Yes,warranty_proof | identity_evidence | fault_evidence,identity_evidence,0.6667,Yes,-205,12
CLM00876,Invalid Claim,Serial mismatch,,2.0.0,Smartphone,Main Unit,12,12,12,Active,Yes,30,Yes,warranty_proof | identity_evidence | fault_evidence,,1.0,No,135,18
CLM00652,Invalid Claim,Serial mismatch,Repair authorization uncertain,2.0.0,Television,Main Unit,24,24,24,Active,Yes,30,Yes,warranty_proof | identity_evidence | fault_evidence | repair_report,,1.0,No,144,28
CLM01220,Valid Claim,,,2.0.0,Air Conditioner,Compressor,60,60,60,Active,Yes,30,Yes,warranty_proof | identity_evidence | fault_evidence | installation_evidence | repair_report | service_diagnostic,,1.0,No,313,6
CLM00421,Valid Claim,,,2.0.0,Television,Main Unit,24,36,36,Active,Yes,30,Yes,warranty_proof | identity_evidence | fault_evidence,,1.0,No,157,6
CLM00629,Invalid Claim,Fault/damage excluded,Product/model inconsistency,2.0.0,Washing Machine,Main Unit,24,24,24,Near Expiry,Yes,30,No,warranty_proof | identity_evidence | fault_evidence,,1.0,No,6,27
CLM01138,Manual Review,,Serial verification uncertain,2.0.0,Air Conditioner,Main Unit,24,24,24,Active,Yes,30,Yes,warranty_proof | identity_evidence | fault_evidence | installation_evidence,,1.0,No,122,29
CLM01343,Valid Claim,,,2.0.0,Laptop,Main Unit,24,24,24,Near Expiry,Yes,30,Yes,warranty_proof | identity_evidence | fault_evidence,,1.0,No,16,21
CLM00998,Valid Claim,,,2.0.0,Refrigerator,Main Unit,24,24,24,Active,Yes,30,Yes,warranty_proof | identity_evidence | fault_evidence | repair_report,,1.0,No,86,16
CLM01034,Manual Review,,Missing required evidence,2.0.0,Air Conditioner,Main Unit,24,24,24,Active,Yes,30,Yes,warranty_proof | identity_evidence | fault_evidence | installation_evidence,installation_evidence,0.75,Yes,105,11
CLM00347,Invalid Claim,Warranty expired,,2.0.0,Television,Main Unit,24,24,24,Expired,Yes,30,Yes,warranty_proof | identity_evidence | fault_evidence,,1.0,No,-108,5
CLM01230,Manual Review,,Missing required evidence,2.0.0,Air Conditioner,Main Unit,24,36,36,Active,Yes,30,Yes,warranty_proof | identity_evidence | fault_evidence | installation_evidence | repair_report,repair_report,0.8,No,225,24
CLM01296,Manual Review,,Missing required evidence,2.0.0,Printer,Main Unit,12,24,24,Active,Yes,30,Yes,warranty_proof | identity_evidence | fault_evidence | usage_meter_evidence,identity_evidence,0.75,Yes,182,8
CLM00011,Manual Review,,Missing required evidence,2.0.0,Printer,Main Unit,12,12,12,Active,Yes,30,Yes,warranty_proof | identity_evidence | fault_evidence | usage_meter_evidence,usage_meter_evidence,0.75,No,220,5
CLM01170,Manual Review,,Missing required evidence,2.0.0,Laptop,Main Unit,24,36,36,Active,Yes,30,Yes,warranty_proof | identity_evidence | fault_evidence,fault_evidence,0.6667,No,226,29
CLM00686,Valid Claim,,,2.0.0,Smartphone,Main Unit,12,12,12,Near Expiry,Yes,30,Yes,warranty_proof | identity_evidence | fault_evidence | repair_report,,1.0,No,2,1
CLM01270,Manual Review,,Missing required evidence,2.0.0,Air Conditioner,Compressor,60,60,60,Active,Yes,30,Yes,warranty_proof | identity_evidence | fault_evidence | installation_evidence | service_diagnostic,service_diagnostic,0.8,No,109,8
CLM00715,Valid Claim,,,2.0.0,Television,Main Unit,24,24,24,Active,Yes,30,Yes,warranty_proof | identity_evidence | fault_evidence,,1.0,No,342,6
CLM00493,Invalid Claim,Reporting period exceeded,Low OCR confidence,2.0.0,Television,Main Unit,24,24,24,Active,Yes,30,Yes,warranty_proof | identity_evidence | fault_evidence,,1.0,No,333,57
CLM00926,Valid Claim,,,2.0.0,Washing Machine,Motor,120,120,120,Active,Yes,30,Yes,warranty_proof | identity_evidence | fault_evidence | service_diagnostic,,1.0,No,113,26
CLM00290,Valid Claim,,,2.0.0,Smartphone,Main Unit,12,12,12,Near Expiry,Yes,30,Yes,warranty_proof | identity_evidence | fault_evidence | repair_report,,1.0,No,26,12
CLM00695,Manual Review,,Serial verification uncertain,2.0.0,Camera,Lens,24,24,24,Near Expiry,Yes,30,Yes,warranty_proof | identity_evidence | fault_evidence | component_identity_evidence,,1.0,No,25,14
CLM00362,Valid Claim,,,2.0.0,Refrigerator,Main Unit,24,24,24,Active,Yes,30,Yes,warranty_proof | identity_evidence | fault_evidence,,1.0,No,329,7
CLM01154,Valid Claim,,,2.0.0,Television,Main Unit,24,36,36,Active,Yes,30,Yes,warranty_proof | identity_evidence | fault_evidence,,1.0,No,347,12
CLM00200,Manual Review,,Missing required evidence,2.0.0,Printer,Main Unit,12,24,24,Near Expiry,Yes,30,Yes,warranty_proof | identity_evidence | fault_evidence | usage_meter_evidence,fault_evidence | usage_meter_evidence,0.5,No,4,19
CLM01237,Manual Review,,Missing required evidence,2.0.0,Smartphone,Main Unit,12,12,12,Active,Yes,30,Yes,warranty_proof | identity_evidence | fault_evidence | repair_report,repair_report,0.75,No,85,14
CLM01463,Manual Review,,Missing required evidence,2.0.0,Air Conditioner,Main Unit,24,36,36,Near Expiry,Yes,30,Yes,warranty_proof | identity_evidence | fault_evidence | installation_evidence,fault_evidence | installation_evidence,0.5,Yes,15,8
CLM01470,Manual Review,,Missing required evidence,2.0.0,Air Conditioner,Main Unit,24,24,24,Active,Yes,30,Yes,warranty_proof | identity_evidence | fault_evidence | installation_evidence,fault_evidence,0.75,No,313,14
CLM01199,Valid Claim,,,2.0.0,Smartphone,Main Unit,12,12,12,Active,Yes,30,Yes,warranty_proof | identity_evidence | fault_evidence,,1.0,No,220,25
CLM00257,Valid Claim,,,2.0.0,Laptop,Main Unit,24,24,24,Active,Yes,30,Yes,warranty_proof | identity_evidence | fault_evidence | repair_report,,1.0,No,58,21
CLM00319,Invalid Claim,Fault/damage excluded,Missing required evidence | Serial verification uncertain,2.0.0,Washing Machine,Main Unit,24,24,24,Active,Yes,30,No,warranty_proof | identity_evidence | fault_evidence,identity_evidence,0.6667,Yes,351,4
CLM00848,Invalid Claim,Warranty expired,Missing required evidence,2.0.0,Camera,Camera Body,24,36,36,Expired,Yes,30,Yes,warranty_proof | identity_evidence | fault_evidence,fault_evidence,0.6667,No,-250,22
CLM00590,Manual Review,,Low OCR confidence,2.0.0,Television,Main Unit,24,24,24,Active,Yes,30,Yes,warranty_proof | identity_evidence | fault_evidence,,1.0,No,86,24
CLM00435,Valid Claim,,,2.0.0,Television,Main Unit,24,24,24,Active,Yes,30,Yes,warranty_proof | identity_evidence | fault_evidence,,1.0,No,229,11
CLM00573,Invalid Claim,Unauthorized repair,,2.0.0,Television,Main Unit,24,36,36,Near Expiry,Yes,30,Yes,warranty_proof | identity_evidence | fault_evidence | repair_report,,1.0,No,10,26
CLM00913,Invalid Claim,Fault/damage excluded,Missing required evidence,2.0.0,Washing Machine,Main Unit,24,36,36,Active,Yes,30,No,warranty_proof | identity_evidence | fault_evidence,fault_evidence,0.6667,No,190,29
CLM00979,Valid Claim,,,2.0.0,Camera,Camera Body,24,24,24,Near Expiry,Yes,30,Yes,warranty_proof | identity_evidence | fault_evidence | repair_report,,1.0,No,6,17
CLM00422,Valid Claim,,,2.0.0,Washing Machine,Main Unit,24,24,24,Active,Yes,30,Yes,warranty_proof | identity_evidence | fault_evidence,,1.0,No,308,15
CLM01379,Valid Claim,,,2.0.0,Air Conditioner,Main Unit,24,36,36,Active,Yes,30,Yes,warranty_proof | identity_evidence | fault_evidence | installation_evidence,,1.0,No,151,26
CLM00964,Valid Claim,,,2.0.0,Smartphone,Main Unit,12,24,24,Active,Yes,30,Yes,warranty_proof | identity_evidence | fault_evidence | repair_report,,1.0,No,336,3
CLM01008,Valid Claim,,,2.0.0,Smartphone,Main Unit,12,12,12,Active,Yes,30,Yes,warranty_proof | identity_evidence | fault_evidence,,1.0,No,57,22
CLM01326,Manual Review,,Missing required evidence,2.0.0,Laptop,Main Unit,24,24,24,Active,Yes,30,Yes,warranty_proof | identity_evidence | fault_evidence,warranty_proof | identity_evidence,0.3333,Yes,330,8
CLM00589,Invalid Claim,Serial mismatch,Missing required evidence,2.0.0,Washing Machine,Main Unit,24,24,24,Active,Yes,30,Yes,warranty_proof | identity_evidence | fault_evidence,fault_evidence,0.6667,No,239,10
CLM00479,Valid Claim,,,2.0.0,Washing Machine,Main Unit,24,24,24,Active,Yes,30,Yes,warranty_proof | identity_evidence | fault_evidence,,1.0,No,297,10
CLM00514,Valid Claim,,,2.0.0,Laptop,Main Unit,24,36,36,Active,Yes,30,Yes,warranty_proof | identity_evidence | fault_evidence | repair_report,,1.0,No,351,19
CLM01397,Valid Claim,,,2.0.0,Smartphone,Main Unit,12,12,12,Near Expiry,Yes,30,Yes,warranty_proof | identity_evidence | fault_evidence,,1.0,No,5,28
CLM01471,Manual Review,,Contradictory evidence | Serial verification uncertain,2.0.0,Air Conditioner,Main Unit,24,24,24,Active,Yes,30,Yes,warranty_proof | identity_evidence | fault_evidence | installation_evidence | repair_report,,1.0,No,126,0
CLM01264,Valid Claim,,,2.0.0,Television,Main Unit,24,24,24,Active,Yes,30,Yes,warranty_proof | identity_evidence | fault_evidence,,1.0,No,123,20
CLM00618,Manual Review,,Missing required evidence,2.0.0,Television,Main Unit,24,36,36,Active,Yes,30,Yes,warranty_proof | identity_evidence | fault_evidence,identity_evidence | fault_evidence,0.3333,Yes,84,14
CLM01208,Valid Claim,,,2.0.0,Laptop,Main Unit,24,36,36,Near Expiry,Yes,30,Yes,warranty_proof | identity_evidence | fault_evidence | repair_report,,1.0,No,6,4
CLM00489,Valid Claim,,,2.0.0,Refrigerator,Main Unit,24,24,24,Active,Yes,30,Yes,warranty_proof | identity_evidence | fault_evidence,,1.0,No,313,21
CLM00634,Invalid Claim,Reporting period exceeded,,2.0.0,Television,Main Unit,24,24,24,Active,Yes,30,Yes,warranty_proof | identity_evidence | fault_evidence,,1.0,No,313,55
CLM00060,Invalid Claim,Warranty expired | Fault/damage excluded,,2.0.0,Refrigerator,Main Unit,24,24,24,Expired,Yes,30,No,warranty_proof | identity_evidence | fault_evidence,,1.0,No,-27,13
CLM00014,Invalid Claim,Reporting period exceeded,Missing required evidence,2.0.0,Television,Remote Control,6,6,6,Active,Yes,30,Yes,warranty_proof | identity_evidence | fault_evidence,identity_evidence,0.6667,Yes,56,42
CLM00558,Invalid Claim,Duplicate claim,Missing required evidence,2.0.0,Television,Main Unit,24,36,36,Active,Yes,30,Yes,warranty_proof | identity_evidence | fault_evidence | repair_report,identity_evidence,0.75,Yes,163,4
CLM00112,Invalid Claim,Duplicate claim,,2.0.0,Printer,Print Head,12,12,12,Near Expiry,Yes,30,Yes,warranty_proof | identity_evidence | fault_evidence | usage_meter_evidence,,1.0,No,27,22
CLM00732,Invalid Claim,Reporting period exceeded,Missing required evidence,2.0.0,Television,Main Unit,24,24,24,Active,Yes,30,Yes,warranty_proof | identity_evidence | fault_evidence | repair_report,repair_report,0.75,No,191,36
CLM00857,Valid Claim,,,2.0.0,Printer,Main Unit,12,12,12,Active,Yes,30,Yes,warranty_proof | identity_evidence | fault_evidence | usage_meter_evidence,,1.0,No,240,5
CLM01416,Manual Review,,Missing required evidence,2.0.0,Refrigerator,Compressor,120,120,120,Active,Yes,30,Yes,warranty_proof | identity_evidence | fault_evidence | service_diagnostic,service_diagnostic,0.75,No,294,15
CLM00528,Invalid Claim,Warranty expired,Missing required evidence | Product/model inconsistency,2.0.0,Refrigerator,Main Unit,24,24,24,Expired,Yes,30,Yes,warranty_proof | identity_evidence | fault_evidence,identity_evidence | fault_evidence,0.3333,Yes,-349,7
CLM00420,Invalid Claim,Warranty expired,Missing required evidence | Low OCR confidence,2.0.0,Smartphone,Main Unit,12,12,12,Expired,Yes,30,Yes,warranty_proof | identity_evidence | fault_evidence,fault_evidence,0.6667,No,-78,16
CLM01040,Valid Claim,,,2.0.0,Refrigerator,Main Unit,24,24,24,Active,Yes,30,Yes,warranty_proof | identity_evidence | fault_evidence,,1.0,No,37,3
CLM01436,Manual Review,,Missing required evidence,2.0.0,Camera,Camera Body,24,36,36,Active,Yes,30,Yes,warranty_proof | identity_evidence | fault_evidence | repair_report,repair_report,0.75,No,51,24
CLM00648,Invalid Claim,Warranty expired | Fault/damage excluded,Missing required evidence,2.0.0,Washing Machine,Main Unit,24,24,24,Expired,Yes,30,No,warranty_proof | identity_evidence | fault_evidence,fault_evidence,0.6667,No,-124,17
CLM00668,Invalid Claim,Serial mismatch,,2.0.0,Smartphone,Main Unit,12,12,12,Active,Yes,30,Yes,warranty_proof | identity_evidence | fault_evidence | repair_report,,1.0,No,70,18
CLM00971,Manual Review,,Low OCR confidence,2.0.0,Laptop,Power Adapter,12,12,12,Near Expiry,Yes,30,Yes,warranty_proof | identity_evidence | fault_evidence | repair_report,,1.0,No,22,7
CLM00365,Manual Review,,Missing required evidence | Contradictory evidence,2.0.0,Laptop,Main Unit,24,24,24,Active,Yes,30,Yes,warranty_proof | identity_evidence | fault_evidence | repair_report,repair_report,0.75,No,333,23
CLM00180,Manual Review,,Missing required evidence | Low OCR confidence,2.0.0,Television,Main Unit,24,24,24,Near Expiry,Yes,30,Yes,warranty_proof | identity_evidence | fault_evidence | repair_report,repair_report,0.75,No,17,14
CLM00576,Valid Claim,,,2.0.0,Camera,Camera Body,24,24,24,Active,Yes,30,Yes,warranty_proof | identity_evidence | fault_evidence | repair_report,,1.0,No,40,9
CLM00951,Valid Claim,,,2.0.0,Air Conditioner,Compressor,60,60,60,Active,Yes,30,Yes,warranty_proof | identity_evidence | fault_evidence | installation_evidence | service_diagnostic,,1.0,No,34,9
CLM00091,Valid Claim,,,2.0.0,Air Conditioner,Compressor,60,60,60,Active,Yes,30,Yes,warranty_proof | identity_evidence | fault_evidence | installation_evidence | service_diagnostic,,1.0,No,292,1
CLM01068,Valid Claim,,,2.0.0,Smartphone,Main Unit,12,12,12,Active,Yes,30,Yes,warranty_proof | identity_evidence | fault_evidence | repair_report,,1.0,No,86,6
CLM00371,Invalid Claim,Reporting period exceeded,Low OCR confidence,2.0.0,Laptop,Main Unit,24,24,24,Active,Yes,30,Yes,warranty_proof | identity_evidence | fault_evidence,,1.0,No,307,39
CLM00526,Valid Claim,,,2.0.0,Printer,Main Unit,12,12,12,Active,Yes,30,Yes,warranty_proof | identity_evidence | fault_evidence | repair_report | usage_meter_evidence,,1.0,No,33,7
CLM00406,Invalid Claim,Fault/damage excluded,Missing required evidence,2.0.0,Air Conditioner,Main Unit,24,24,24,Active,Yes,30,No,warranty_proof | identity_evidence | fault_evidence | installation_evidence | repair_report,fault_evidence | installation_evidence | repair_report,0.4,Yes,294,11
CLM00254,Valid Claim,,,2.0.0,Laptop,Main Unit,24,24,24,Near Expiry,Yes,30,Yes,warranty_proof | identity_evidence | fault_evidence,,1.0,No,28,8
CLM01057,Manual Review,,Missing required evidence,2.0.0,Camera,Camera Body,24,36,36,Active,Yes,30,Yes,warranty_proof | identity_evidence | fault_evidence,fault_evidence,0.6667,No,136,16
CLM00262,Invalid Claim,Warranty expired,,2.0.0,Smartphone,Main Unit,12,12,12,Expired,Yes,30,Yes,warranty_proof | identity_evidence | fault_evidence | repair_report,,1.0,No,-200,14
CLM00708,Manual Review,,Missing required evidence,2.0.0,Printer,Main Unit,12,12,12,Active,Yes,30,Yes,warranty_proof | identity_evidence | fault_evidence | repair_report | usage_meter_evidence,repair_report | usage_meter_evidence,0.6,No,62,10
CLM01151,Valid Claim,,,2.0.0,Television,Main Unit,24,24,24,Active,Yes,30,Yes,warranty_proof | identity_evidence | fault_evidence,,1.0,No,288,24
CLM01037,Valid Claim,,,2.0.0,Camera,Camera Body,24,24,24,Active,Yes,30,Yes,warranty_proof | identity_evidence | fault_evidence,,1.0,No,146,9
CLM00940,Invalid Claim,Fault/damage excluded | Unauthorized repair,,2.0.0,Washing Machine,Main Unit,24,24,24,Active,Yes,30,No,warranty_proof | identity_evidence | fault_evidence | repair_report,,1.0,No,260,18
CLM01115,Manual Review,,Product/model inconsistency | Low OCR confidence,2.0.0,Washing Machine,Main Unit,24,24,24,Active,Yes,30,Yes,warranty_proof | identity_evidence | fault_evidence,,1.0,No,142,13
CLM01301,Valid Claim,,,2.0.0,Printer,Main Unit,12,12,12,Active,Yes,30,Yes,warranty_proof | identity_evidence | fault_evidence | usage_meter_evidence,,1.0,No,80,15
CLM01212,Manual Review,,Missing required evidence,2.0.0,Printer,Main Unit,12,12,12,Active,Yes,30,Yes,warranty_proof | identity_evidence | fault_evidence | repair_report | usage_meter_evidence,repair_report,0.8,No,122,17
CLM01168,Valid Claim,,,2.0.0,Air Conditioner,Compressor,60,60,60,Active,Yes,30,Yes,warranty_proof | identity_evidence | fault_evidence | installation_evidence | service_diagnostic,,1.0,No,58,12
CLM00622,Invalid Claim,Claimed component not warranty eligible | Warranty expired | Fault/damage excluded,,2.0.0,Printer,Ink Or Toner,0,0,12,Active,No,30,No,warranty_proof | identity_evidence | fault_evidence | usage_meter_evidence,,1.0,No,-278,16
CLM01001,Valid Claim,,,2.0.0,Camera,Lens,24,24,24,Active,Yes,30,Yes,warranty_proof | identity_evidence | fault_evidence | repair_report | component_identity_evidence,,1.0,No,121,13
CLM00208,Valid Claim,,,2.0.0,Television,Main Unit,24,24,24,Active,Yes,30,Yes,warranty_proof | identity_evidence | fault_evidence,,1.0,No,242,16
CLM00847,Invalid Claim,Reporting period exceeded,Missing required evidence,2.0.0,Air Conditioner,Main Unit,24,24,24,Active,Yes,30,Yes,warranty_proof | identity_evidence | fault_evidence | installation_evidence | repair_report,fault_evidence | repair_report,0.6,No,193,38
CLM01364,Valid Claim,,,2.0.0,Washing Machine,Motor,120,120,120,Active,Yes,30,Yes,warranty_proof | identity_evidence | fault_evidence | service_diagnostic,,1.0,No,177,8
CLM00070,Valid Claim,,,2.0.0,Smartphone,Main Unit,12,12,12,Near Expiry,Yes,30,Yes,warranty_proof | identity_evidence | fault_evidence,,1.0,No,25,10
CLM00667,Manual Review,,Missing required evidence,2.0.0,Television,Remote Control,6,6,6,Active,Yes,30,Yes,warranty_proof | identity_evidence | fault_evidence | repair_report,repair_report,0.75,No,74,13
CLM00580,Invalid Claim,Fault/damage excluded,,2.0.0,Air Conditioner,Main Unit,24,24,24,Active,Yes,30,No,warranty_proof | identity_evidence | fault_evidence | installation_evidence,,1.0,No,84,8
CLM00443,Manual Review,,Serial verification uncertain | Low OCR confidence,2.0.0,Smartphone,Main Unit,12,12,12,Active,Yes,30,Yes,warranty_proof | identity_evidence | fault_evidence,,1.0,No,67,29
CLM00221,Valid Claim,,,2.0.0,Washing Machine,Main Unit,24,36,36,Active,Yes,30,Yes,warranty_proof | identity_evidence | fault_evidence,,1.0,No,355,11
CLM01457,Manual Review,,Missing required evidence,2.0.0,Camera,Camera Body,24,24,24,Active,Yes,30,Yes,warranty_proof | identity_evidence | fault_evidence,identity_evidence | fault_evidence,0.3333,Yes,350,7
CLM00519,Invalid Claim,Unauthorized repair | Duplicate claim,Missing required evidence,2.0.0,Air Conditioner,Compressor,60,60,60,Active,Yes,30,Yes,warranty_proof | identity_evidence | fault_evidence | installation_evidence | repair_report | service_diagnostic,service_diagnostic,0.8333,No,207,13
CLM01419,Manual Review,,Missing required evidence,2.0.0,Printer,Main Unit,12,24,24,Active,Yes,30,Yes,warranty_proof | identity_evidence | fault_evidence | repair_report | usage_meter_evidence,fault_evidence,0.8,No,265,7
CLM01004,Valid Claim,,,2.0.0,Refrigerator,Main Unit,24,36,36,Active,Yes,30,Yes,warranty_proof | identity_evidence | fault_evidence,,1.0,No,150,16
CLM01076,Valid Claim,,,2.0.0,Printer,Main Unit,12,12,12,Active,Yes,30,Yes,warranty_proof | identity_evidence | fault_evidence | usage_meter_evidence,,1.0,No,182,9
CLM00628,Invalid Claim,Warranty expired,Missing required evidence,2.0.0,Laptop,Main Unit,24,24,24,Expired,Yes,30,Yes,warranty_proof | identity_evidence | fault_evidence,identity_evidence,0.6667,Yes,-42,16
CLM01036,Valid Claim,,,2.0.0,Laptop,Main Unit,24,24,24,Active,Yes,30,Yes,warranty_proof | identity_evidence | fault_evidence | repair_report,,1.0,No,188,10
CLM00353,Invalid Claim,Serial mismatch,,2.0.0,Refrigerator,Main Unit,24,24,24,Active,Yes,30,Yes,warranty_proof | identity_evidence | fault_evidence,,1.0,No,192,7
CLM00241,Manual Review,,Missing required evidence,2.0.0,Air Conditioner,Main Unit,24,24,24,Active,Yes,30,Yes,warranty_proof | identity_evidence | fault_evidence | installation_evidence,identity_evidence | fault_evidence,0.5,Yes,330,11
CLM01497,Manual Review,,Missing required evidence,2.0.0,Printer,Main Unit,12,12,12,Active,Yes,30,Yes,warranty_proof | identity_evidence | fault_evidence | usage_meter_evidence,usage_meter_evidence,0.75,No,176,18
CLM01062,Manual Review,,Product/model inconsistency | Low OCR confidence,2.0.0,Laptop,Main Unit,24,24,24,Active,Yes,30,Yes,warranty_proof | identity_evidence | fault_evidence,,1.0,No,311,21
CLM00352,Valid Claim,,,2.0.0,Laptop,Main Unit,24,24,24,Active,Yes,30,Yes,warranty_proof | identity_evidence | fault_evidence,,1.0,No,227,2
CLM01443,Manual Review,,Missing required evidence,2.0.0,Printer,Main Unit,12,12,12,Near Expiry,Yes,30,Yes,warranty_proof | identity_evidence | fault_evidence | usage_meter_evidence,fault_evidence,0.75,No,20,26
CLM00301,Manual Review,,Missing required evidence,2.0.0,Air Conditioner,Main Unit,24,36,36,Active,Yes,30,Yes,warranty_proof | identity_evidence | fault_evidence | installation_evidence,installation_evidence,0.75,Yes,326,30
CLM00582,Manual Review,,Missing required evidence,2.0.0,Smartphone,Main Unit,12,12,12,Active,Yes,30,Yes,warranty_proof | identity_evidence | fault_evidence,identity_evidence,0.6667,Yes,232,26
CLM00267,Invalid Claim,Fault/damage excluded,Missing required evidence | Low OCR confidence,2.0.0,Laptop,Main Unit,24,24,24,Active,Yes,30,No,warranty_proof | identity_evidence | fault_evidence,fault_evidence,0.6667,No,341,12
CLM00381,Manual Review,,Missing required evidence | Low OCR confidence,2.0.0,Refrigerator,Main Unit,24,24,24,Active,Yes,30,Yes,warranty_proof | identity_evidence | fault_evidence | repair_report,repair_report,0.75,No,365,15
CLM01404,Valid Claim,,,2.0.0,Printer,Main Unit,12,12,12,Active,Yes,30,Yes,warranty_proof | identity_evidence | fault_evidence | usage_meter_evidence,,1.0,No,226,11
CLM01253,Manual Review,,Missing required evidence,2.0.0,Printer,Main Unit,12,12,12,Active,Yes,30,Yes,warranty_proof | identity_evidence | fault_evidence | usage_meter_evidence,warranty_proof,0.75,Yes,228,19
CLM00306,Valid Claim,,,2.0.0,Camera,Camera Body,24,24,24,Near Expiry,Yes,30,Yes,warranty_proof | identity_evidence | fault_evidence,,1.0,No,4,5
CLM00653,Valid Claim,,,2.0.0,Air Conditioner,Main Unit,24,24,24,Near Expiry,Yes,30,Yes,warranty_proof | identity_evidence | fault_evidence | installation_evidence,,1.0,No,22,2
CLM00017,Invalid Claim,Warranty expired,Missing required evidence,2.0.0,Refrigerator,Compressor,120,120,120,Expired,Yes,30,Yes,warranty_proof | identity_evidence | fault_evidence | repair_report | service_diagnostic,repair_report,0.8,No,-223,16
CLM00503,Valid Claim,,,2.0.0,Air Conditioner,Main Unit,24,24,24,Active,Yes,30,Yes,warranty_proof | identity_evidence | fault_evidence | installation_evidence,,1.0,No,145,19
CLM00933,Invalid Claim,Fault/damage excluded | Duplicate claim,,2.0.0,Washing Machine,Main Unit,24,24,24,Active,Yes,30,No,warranty_proof | identity_evidence | fault_evidence,,1.0,No,49,9
CLM00865,Valid Claim,,,2.0.0,Washing Machine,Motor,120,120,120,Active,Yes,30,Yes,warranty_proof | identity_evidence | fault_evidence | repair_report | service_diagnostic,,1.0,No,192,22
CLM00163,Valid Claim,,,2.0.0,Air Conditioner,Main Unit,24,24,24,Active,Yes,30,Yes,warranty_proof | identity_evidence | fault_evidence | installation_evidence,,1.0,No,362,23
CLM01052,Valid Claim,,,2.0.0,Television,Remote Control,6,6,6,Near Expiry,Yes,30,Yes,warranty_proof | identity_evidence | fault_evidence,,1.0,No,14,19
CLM00165,Invalid Claim,Fault/damage excluded,,2.0.0,Smartphone,Main Unit,12,24,24,Active,Yes,30,No,warranty_proof | identity_evidence | fault_evidence,,1.0,No,249,28
CLM00199,Valid Claim,,,2.0.0,Smartphone,Main Unit,12,12,12,Active,Yes,30,Yes,warranty_proof | identity_evidence | fault_evidence,,1.0,No,107,16
CLM01480,Manual Review,,Missing required evidence,2.0.0,Laptop,Battery,12,12,12,Active,Yes,30,Yes,warranty_proof | identity_evidence | fault_evidence | repair_report | battery_diagnostic,fault_evidence | battery_diagnostic,0.6,No,149,21
CLM00053,Invalid Claim,Fault/damage excluded,Missing required evidence | Contradictory evidence,2.0.0,Washing Machine,Main Unit,24,24,24,Near Expiry,Yes,30,No,warranty_proof | identity_evidence | fault_evidence,fault_evidence,0.6667,No,6,13
CLM00330,Invalid Claim,Fault/damage excluded,Missing required evidence,2.0.0,Laptop,Battery,12,12,12,Active,Yes,30,No,warranty_proof | identity_evidence | fault_evidence | battery_diagnostic,battery_diagnostic,0.75,No,75,9
CLM00470,Invalid Claim,Fault/damage excluded,,2.0.0,Washing Machine,Main Unit,24,36,36,Active,Yes,30,No,warranty_proof | identity_evidence | fault_evidence,,1.0,No,338,6
CLM01216,Valid Claim,,,2.0.0,Refrigerator,Main Unit,24,24,24,Active,Yes,30,Yes,warranty_proof | identity_evidence | fault_evidence,,1.0,No,313,5
CLM01023,Valid Claim,,,2.0.0,Laptop,Main Unit,24,24,24,Near Expiry,Yes,30,Yes,warranty_proof | identity_evidence | fault_evidence,,1.0,No,20,8
CLM01415,Manual Review,,Missing required evidence,2.0.0,Camera,Battery,6,6,6,Active,Yes,30,Yes,warranty_proof | identity_evidence | fault_evidence,identity_evidence,0.6667,Yes,34,21
CLM00405,Valid Claim,,,2.0.0,Laptop,Main Unit,24,24,24,Active,Yes,30,Yes,warranty_proof | identity_evidence | fault_evidence,,1.0,No,231,8
CLM00965,Valid Claim,,,2.0.0,Air Conditioner,Main Unit,24,36,36,Active,Yes,30,Yes,warranty_proof | identity_evidence | fault_evidence | installation_evidence,,1.0,No,154,19
CLM00224,Invalid Claim,Fault/damage excluded,,2.0.0,Washing Machine,Main Unit,24,24,24,Active,Yes,30,No,warranty_proof | identity_evidence | fault_evidence,,1.0,No,269,9
CLM01442,Manual Review,,Low OCR confidence,2.0.0,Air Conditioner,Main Unit,24,24,24,Active,Yes,30,Yes,warranty_proof | identity_evidence | fault_evidence | installation_evidence,,1.0,No,336,10
CLM00123,Invalid Claim,Warranty expired,,2.0.0,Camera,Camera Body,24,24,24,Expired,Yes,30,Yes,warranty_proof | identity_evidence | fault_evidence,,1.0,No,-128,4
CLM00547,Invalid Claim,Fault/damage excluded,,2.0.0,Laptop,Main Unit,24,24,24,Active,Yes,30,No,warranty_proof | identity_evidence | fault_evidence,,1.0,No,148,15
CLM01446,Manual Review,,Low OCR confidence,2.0.0,Washing Machine,Main Unit,24,36,36,Active,Yes,30,Yes,warranty_proof | identity_evidence | fault_evidence,,1.0,No,106,3
CLM00819,Invalid Claim,Fault/damage excluded,Missing required evidence,2.0.0,Printer,Main Unit,12,12,12,Active,Yes,30,No,warranty_proof | identity_evidence | fault_evidence | usage_meter_evidence,usage_meter_evidence,0.75,No,219,18
CLM00170,Invalid Claim,Fault/damage excluded,Missing required evidence,2.0.0,Air Conditioner,Main Unit,24,24,24,Active,Yes,30,No,warranty_proof | identity_evidence | fault_evidence | installation_evidence,identity_evidence,0.75,Yes,340,19
CLM00574,Invalid Claim,Warranty expired | Fault/damage excluded,,2.0.0,Television,Main Unit,24,24,24,Expired,Yes,30,No,warranty_proof | identity_evidence | fault_evidence | repair_report,,1.0,No,-22,9
CLM01022,Valid Claim,,,2.0.0,Laptop,Main Unit,24,24,24,Active,Yes,30,Yes,warranty_proof | identity_evidence | fault_evidence,,1.0,No,274,6
CLM01398,Valid Claim,,,2.0.0,Camera,Lens,24,24,24,Active,Yes,30,Yes,warranty_proof | identity_evidence | fault_evidence | component_identity_evidence,,1.0,No,185,9
CLM00402,Valid Claim,,,2.0.0,Printer,Main Unit,12,12,12,Active,Yes,30,Yes,warranty_proof | identity_evidence | fault_evidence | usage_meter_evidence,,1.0,No,210,19
CLM00350,Invalid Claim,Fault/damage excluded,Missing required evidence,2.0.0,Washing Machine,Main Unit,24,24,24,Active,Yes,30,No,warranty_proof | identity_evidence | fault_evidence | repair_report,fault_evidence,0.75,No,175,17
CLM01221,Valid Claim,,,2.0.0,Camera,Camera Body,24,36,36,Active,Yes,30,Yes,warranty_proof | identity_evidence | fault_evidence,,1.0,No,333,10
CLM00383,Invalid Claim,Reporting period exceeded | Serial mismatch,Missing required evidence,2.0.0,Refrigerator,Main Unit,24,36,36,Active,Yes,30,Yes,warranty_proof | identity_evidence | fault_evidence,fault_evidence,0.6667,No,160,48
CLM01233,Manual Review,,Serial verification uncertain,2.0.0,Air Conditioner,Main Unit,24,24,24,Active,Yes,30,Yes,warranty_proof | identity_evidence | fault_evidence | installation_evidence,,1.0,No,91,7
CLM00780,Manual Review,,Missing required evidence,2.0.0,Refrigerator,Main Unit,24,24,24,Active,Yes,30,Yes,warranty_proof | identity_evidence | fault_evidence,identity_evidence,0.6667,Yes,299,8
CLM00775,Manual Review,,Missing required evidence,2.0.0,Air Conditioner,Compressor,60,60,60,Active,Yes,30,Yes,warranty_proof | identity_evidence | fault_evidence | installation_evidence | service_diagnostic,fault_evidence | service_diagnostic,0.6,No,227,2
CLM00777,Manual Review,,Missing required evidence,2.0.0,Camera,Camera Body,24,24,24,Active,Yes,30,Yes,warranty_proof | identity_evidence | fault_evidence,fault_evidence,0.6667,No,242,10
CLM00409,Valid Claim,,,2.0.0,Printer,Print Head,12,12,12,Active,Yes,30,Yes,warranty_proof | identity_evidence | fault_evidence | usage_meter_evidence,,1.0,No,207,5
CLM00101,Invalid Claim,Warranty expired | Reporting period exceeded,,2.0.0,Air Conditioner,Main Unit,24,24,24,Expired,Yes,30,Yes,warranty_proof | identity_evidence | fault_evidence | installation_evidence,,1.0,No,-229,68
CLM00475,Invalid Claim,Fault/damage excluded,Serial verification uncertain,2.0.0,Washing Machine,Main Unit,24,24,24,Active,Yes,30,No,warranty_proof | identity_evidence | fault_evidence,,1.0,No,182,7
CLM01402,Manual Review,,Missing required evidence,2.0.0,Washing Machine,Main Unit,24,24,24,Near Expiry,Yes,30,Yes,warranty_proof | identity_evidence | fault_evidence,identity_evidence,0.6667,Yes,24,21
CLM01102,Valid Claim,,,2.0.0,Printer,Main Unit,12,24,24,Near Expiry,Yes,30,Yes,warranty_proof | identity_evidence | fault_evidence | usage_meter_evidence,,1.0,No,25,10
CLM00100,Invalid Claim,Fault/damage excluded | Unauthorized repair,,2.0.0,Camera,Camera Body,24,36,36,Active,Yes,30,No,warranty_proof | identity_evidence | fault_evidence | repair_report,,1.0,No,308,7
CLM01424,Manual Review,,Missing required evidence,2.0.0,Camera,Camera Body,24,36,36,Near Expiry,Yes,30,Yes,warranty_proof | identity_evidence | fault_evidence,identity_evidence,0.6667,Yes,21,20
CLM00092,Valid Claim,,,2.0.0,Television,Main Unit,24,24,24,Active,Yes,30,Yes,warranty_proof | identity_evidence | fault_evidence,,1.0,No,160,4
CLM00684,Valid Claim,,,2.0.0,Refrigerator,Compressor,120,120,120,Active,Yes,30,Yes,warranty_proof | identity_evidence | fault_evidence | service_diagnostic,,1.0,No,83,17
CLM01050,Valid Claim,,,2.0.0,Printer,Main Unit,12,24,24,Active,Yes,30,Yes,warranty_proof | identity_evidence | fault_evidence | usage_meter_evidence,,1.0,No,276,11
CLM00151,Manual Review,,Low OCR confidence,2.0.0,Refrigerator,Main Unit,24,24,24,Active,Yes,30,Yes,warranty_proof | identity_evidence | fault_evidence,,1.0,No,136,7
CLM00867,Invalid Claim,Fault/damage excluded,Missing required evidence,2.0.0,Television,Main Unit,24,24,24,Active,Yes,30,No,warranty_proof | identity_evidence | fault_evidence,fault_evidence,0.6667,No,92,5
CLM01346,Valid Claim,,,2.0.0,Smartphone,Main Unit,12,12,12,Near Expiry,Yes,30,Yes,warranty_proof | identity_evidence | fault_evidence | repair_report,,1.0,No,19,5
CLM00359,Manual Review,,Missing required evidence,2.0.0,Printer,Print Head,12,12,12,Active,Yes,30,Yes,warranty_proof | identity_evidence | fault_evidence | usage_meter_evidence,identity_evidence | fault_evidence,0.5,Yes,133,11
CLM00719,Invalid Claim,Reporting period exceeded,,2.0.0,Laptop,Main Unit,24,36,36,Near Expiry,Yes,30,Yes,warranty_proof | identity_evidence | fault_evidence,,1.0,No,25,38
CLM00568,Invalid Claim,Fault/damage excluded,,2.0.0,Smartphone,Main Unit,12,12,12,Near Expiry,Yes,30,No,warranty_proof | identity_evidence | fault_evidence,,1.0,No,12,13
CLM00744,Invalid Claim,Fault/damage excluded,,2.0.0,Air Conditioner,Main Unit,24,24,24,Active,Yes,30,No,warranty_proof | identity_evidence | fault_evidence | installation_evidence,,1.0,No,329,4
CLM00534,Invalid Claim,Fault/damage excluded,,2.0.0,Laptop,Main Unit,24,24,24,Active,Yes,30,No,warranty_proof | identity_evidence | fault_evidence | repair_report,,1.0,No,359,8
CLM00382,Invalid Claim,Fault/damage excluded,Serial verification uncertain,2.0.0,Smartphone,Main Unit,12,12,12,Active,Yes,30,No,warranty_proof | identity_evidence | fault_evidence,,1.0,No,218,9
CLM00773,Manual Review,,Missing required evidence,2.0.0,Air Conditioner,Compressor,60,60,60,Near Expiry,Yes,30,Yes,warranty_proof | identity_evidence | fault_evidence | installation_evidence | service_diagnostic,identity_evidence,0.8,Yes,4,26
CLM00553,Invalid Claim,Warranty expired,,2.0.0,Washing Machine,Main Unit,24,24,24,Expired,Yes,30,Yes,warranty_proof | identity_evidence | fault_evidence | repair_report,,1.0,No,-42,4
CLM00193,Manual Review,,Missing required evidence,2.0.0,Washing Machine,Main Unit,24,24,24,Active,Yes,30,Yes,warranty_proof | identity_evidence | fault_evidence,identity_evidence | fault_evidence,0.3333,Yes,73,15
CLM00813,Invalid Claim,Fault/damage excluded,Missing required evidence,2.0.0,Laptop,Battery,12,12,12,Active,Yes,30,No,warranty_proof | identity_evidence | fault_evidence | battery_diagnostic,battery_diagnostic,0.75,No,207,7
CLM01152,Valid Claim,,,2.0.0,Washing Machine,Main Unit,24,24,24,Active,Yes,30,Yes,warranty_proof | identity_evidence | fault_evidence,,1.0,No,56,14
CLM00309,Invalid Claim,Fault/damage excluded,,2.0.0,Refrigerator,Main Unit,24,24,24,Active,Yes,30,No,warranty_proof | identity_evidence | fault_evidence,,1.0,No,315,9
CLM01014,Manual Review,,Missing required evidence,2.0.0,Smartphone,Main Unit,12,12,12,Active,Yes,30,Yes,warranty_proof | identity_evidence | fault_evidence,identity_evidence,0.6667,Yes,166,18
CLM00860,Valid Claim,,,2.0.0,Refrigerator,Main Unit,24,24,24,Near Expiry,Yes,30,Yes,warranty_proof | identity_evidence | fault_evidence,,1.0,No,13,10
CLM01356,Manual Review,,Missing required evidence,2.0.0,Camera,Camera Body,24,24,24,Active,Yes,30,Yes,warranty_proof | identity_evidence | fault_evidence,identity_evidence,0.6667,Yes,200,5
CLM00498,Manual Review,,Missing required evidence,2.0.0,Air Conditioner,Main Unit,24,24,24,Active,Yes,30,Yes,warranty_proof | identity_evidence | fault_evidence | installation_evidence,installation_evidence,0.75,Yes,88,14
CLM00364,Invalid Claim,Fault/damage excluded,Missing required evidence | Contradictory evidence,2.0.0,Laptop,Main Unit,24,24,24,Active,Yes,30,No,warranty_proof | identity_evidence | fault_evidence | repair_report,fault_evidence | repair_report,0.5,No,271,11
CLM01017,Manual Review,,Repair authorization uncertain,2.0.0,Washing Machine,Main Unit,24,36,36,Active,Yes,30,Yes,warranty_proof | identity_evidence | fault_evidence | repair_report,,1.0,No,42,5
CLM01433,Manual Review,,Missing required evidence,2.0.0,Washing Machine,Motor,120,120,120,Near Expiry,Yes,30,Yes,warranty_proof | identity_evidence | fault_evidence | repair_report | service_diagnostic,repair_report,0.8,No,19,10
CLM00028,Valid Claim,,,2.0.0,Television,Main Unit,24,24,24,Active,Yes,30,Yes,warranty_proof | identity_evidence | fault_evidence,,1.0,No,35,10
CLM01194,Valid Claim,,,2.0.0,Printer,Main Unit,12,12,12,Active,Yes,30,Yes,warranty_proof | identity_evidence | fault_evidence | usage_meter_evidence,,1.0,No,36,11
CLM00358,Manual Review,,Low OCR confidence,2.0.0,Laptop,Main Unit,24,24,24,Active,Yes,30,Yes,warranty_proof | identity_evidence | fault_evidence | repair_report,,1.0,No,239,18
CLM01180,Valid Claim,,,2.0.0,Smartphone,Main Unit,12,12,12,Active,Yes,30,Yes,warranty_proof | identity_evidence | fault_evidence,,1.0,No,234,16
CLM01420,Manual Review,,Missing required evidence | Repair authorization uncertain,2.0.0,Air Conditioner,Main Unit,24,24,24,Active,Yes,30,Yes,warranty_proof | identity_evidence | fault_evidence | installation_evidence | repair_report,repair_report,0.8,No,281,3
CLM01058,Manual Review,,Missing required evidence | Low OCR confidence,2.0.0,Washing Machine,Main Unit,24,24,24,Active,Yes,30,Yes,warranty_proof | identity_evidence | fault_evidence | repair_report,repair_report,0.75,No,313,19
CLM00937,Invalid Claim,Fault/damage excluded,,2.0.0,Printer,Main Unit,12,24,24,Active,Yes,30,No,warranty_proof | identity_evidence | fault_evidence | usage_meter_evidence,,1.0,No,197,15
CLM00094,Valid Claim,,,2.0.0,Television,Main Unit,24,24,24,Active,Yes,30,Yes,warranty_proof | identity_evidence | fault_evidence,,1.0,No,345,17
CLM00430,Manual Review,,Missing required evidence,2.0.0,Air Conditioner,Main Unit,24,24,24,Active,Yes,30,Yes,warranty_proof | identity_evidence | fault_evidence | installation_evidence,identity_evidence,0.75,Yes,273,23
CLM01333,Valid Claim,,,2.0.0,Camera,Camera Body,24,24,24,Active,Yes,30,Yes,warranty_proof | identity_evidence | fault_evidence,,1.0,No,357,1
CLM00244,Manual Review,,Low OCR confidence,2.0.0,Washing Machine,Motor,120,120,120,Active,Yes,30,Yes,warranty_proof | identity_evidence | fault_evidence | service_diagnostic,,1.0,No,166,12
CLM01474,Manual Review,,Low OCR confidence,2.0.0,Printer,Main Unit,12,12,12,Active,Yes,30,Yes,warranty_proof | identity_evidence | fault_evidence | usage_meter_evidence,,1.0,No,31,26
CLM00196,Invalid Claim,Fault/damage excluded,,2.0.0,Printer,Main Unit,12,12,12,Active,Yes,30,No,warranty_proof | identity_evidence | fault_evidence | usage_meter_evidence,,1.0,No,34,21
CLM01252,Valid Claim,,,2.0.0,Washing Machine,Main Unit,24,24,24,Active,Yes,30,Yes,warranty_proof | identity_evidence | fault_evidence,,1.0,No,203,2
CLM01378,Manual Review,,Missing required evidence,2.0.0,Air Conditioner,Compressor,60,60,60,Active,Yes,30,Yes,warranty_proof | identity_evidence | fault_evidence | installation_evidence | service_diagnostic,fault_evidence,0.8,No,288,20
CLM01466,Manual Review,,Serial verification uncertain,2.0.0,Smartphone,Charger,6,6,6,Active,Yes,30,Yes,warranty_proof | identity_evidence | fault_evidence,,1.0,No,36,29
CLM00426,Manual Review,,Missing required evidence | Low OCR confidence,2.0.0,Television,Main Unit,24,24,24,Active,Yes,30,Yes,warranty_proof | identity_evidence | fault_evidence | repair_report,fault_evidence,0.75,No,228,19
CLM00245,Manual Review,,Low OCR confidence,2.0.0,Printer,Print Head,12,12,12,Active,Yes,30,Yes,warranty_proof | identity_evidence | fault_evidence | usage_meter_evidence,,1.0,No,112,10
CLM01030,Valid Claim,,,2.0.0,Television,Display Panel,24,24,24,Active,Yes,30,Yes,warranty_proof | identity_evidence | fault_evidence | screen_fault_image,,1.0,No,53,17
CLM00591,Valid Claim,,,2.0.0,Laptop,Main Unit,24,24,24,Active,Yes,30,Yes,warranty_proof | identity_evidence | fault_evidence,,1.0,No,351,20
CLM00747,Invalid Claim,Reporting period exceeded | Serial mismatch,Low OCR confidence,2.0.0,Printer,Main Unit,12,12,12,Near Expiry,Yes,30,Yes,warranty_proof | identity_evidence | fault_evidence | usage_meter_evidence,,1.0,No,27,40
CLM00432,Invalid Claim,Fault/damage excluded,Missing required evidence | Repair authorization uncertain,2.0.0,Air Conditioner,Compressor,60,60,60,Near Expiry,Yes,30,No,warranty_proof | identity_evidence | fault_evidence | installation_evidence | repair_report | service_diagnostic,fault_evidence,0.8333,No,1,22
CLM00125,Invalid Claim,Warranty expired,Missing required evidence | Repair authorization uncertain,2.0.0,Smartphone,Charger,6,6,6,Expired,Yes,30,Yes,warranty_proof | identity_evidence | fault_evidence | repair_report,fault_evidence,0.75,No,-96,22
CLM01186,Manual Review,,Missing required evidence,2.0.0,Air Conditioner,Compressor,60,60,60,Near Expiry,Yes,30,Yes,warranty_proof | identity_evidence | fault_evidence | installation_evidence | service_diagnostic,fault_evidence,0.8,No,19,26
CLM00516,Invalid Claim,Fault/damage excluded,,2.0.0,Washing Machine,Main Unit,24,24,24,Active,Yes,30,No,warranty_proof | identity_evidence | fault_evidence,,1.0,No,173,2
CLM01039,Manual Review,,Missing required evidence,2.0.0,Refrigerator,Compressor,120,120,120,Near Expiry,Yes,30,Yes,warranty_proof | identity_evidence | fault_evidence | service_diagnostic,fault_evidence,0.75,No,17,6
CLM01020,Valid Claim,,,2.0.0,Printer,Main Unit,12,12,12,Active,Yes,30,Yes,warranty_proof | identity_evidence | fault_evidence | usage_meter_evidence,,1.0,No,66,15
CLM01324,Manual Review,,Missing required evidence,2.0.0,Laptop,Main Unit,24,24,24,Active,Yes,30,Yes,warranty_proof | identity_evidence | fault_evidence | repair_report,identity_evidence | repair_report,0.5,Yes,356,8
CLM00869,Invalid Claim,Reporting period exceeded,Missing required evidence,2.0.0,Refrigerator,Main Unit,24,24,24,Near Expiry,Yes,30,Yes,warranty_proof | identity_evidence | fault_evidence,fault_evidence,0.6667,No,21,33
CLM01173,Manual Review,,Serial verification uncertain,2.0.0,Smartphone,Main Unit,12,12,12,Active,Yes,30,Yes,warranty_proof | identity_evidence | fault_evidence,,1.0,No,214,14
CLM00340,Valid Claim,,,2.0.0,Laptop,Main Unit,24,24,24,Active,Yes,30,Yes,warranty_proof | identity_evidence | fault_evidence | repair_report,,1.0,No,129,8
CLM00299,Invalid Claim,Warranty expired,,2.0.0,Laptop,Main Unit,24,24,24,Expired,Yes,30,Yes,warranty_proof | identity_evidence | fault_evidence,,1.0,No,-3,7
CLM00864,Valid Claim,,,2.0.0,Television,Main Unit,24,36,36,Near Expiry,Yes,30,Yes,warranty_proof | identity_evidence | fault_evidence,,1.0,No,28,14
CLM01366,Valid Claim,,,2.0.0,Camera,Camera Body,24,36,36,Active,Yes,30,Yes,warranty_proof | identity_evidence | fault_evidence,,1.0,No,196,6
CLM01401,Manual Review,,Missing required evidence,2.0.0,Camera,Camera Body,24,24,24,Active,Yes,30,Yes,warranty_proof | identity_evidence | fault_evidence | repair_report,repair_report,0.75,No,125,6
CLM00660,Invalid Claim,Reporting period exceeded,,2.0.0,Smartphone,Main Unit,12,12,12,Active,Yes,30,Yes,warranty_proof | identity_evidence | fault_evidence,,1.0,No,95,32
CLM00856,Invalid Claim,Fault/damage excluded,Low OCR confidence,2.0.0,Camera,Camera Body,24,36,36,Active,Yes,30,No,warranty_proof | identity_evidence | fault_evidence,,1.0,No,221,6
CLM00903,Invalid Claim,Warranty expired,Missing required evidence,2.0.0,Printer,Main Unit,12,12,12,Expired,Yes,30,Yes,warranty_proof | identity_evidence | fault_evidence | usage_meter_evidence,usage_meter_evidence,0.75,No,-9,9
CLM00676,Invalid Claim,Fault/damage excluded,Missing required evidence | Repair authorization uncertain,2.0.0,Air Conditioner,Main Unit,24,24,24,Near Expiry,Yes,30,No,warranty_proof | identity_evidence | fault_evidence | installation_evidence | repair_report,installation_evidence | repair_report,0.6,Yes,22,9
CLM01104,Manual Review,,Low OCR confidence,2.0.0,Refrigerator,Compressor,120,120,120,Active,Yes,30,Yes,warranty_proof | identity_evidence | fault_evidence | service_diagnostic,,1.0,No,66,1
CLM00805,Invalid Claim,Fault/damage excluded,Missing required evidence,2.0.0,Laptop,Main Unit,24,24,24,Active,Yes,30,No,warranty_proof | identity_evidence | fault_evidence,identity_evidence,0.6667,Yes,245,3
CLM00878,Manual Review,,Missing required evidence,2.0.0,Laptop,Main Unit,24,24,24,Active,Yes,30,Yes,warranty_proof | identity_evidence | fault_evidence,fault_evidence,0.6667,No,92,0
CLM01360,Valid Claim,,,2.0.0,Air Conditioner,Main Unit,24,24,24,Active,Yes,30,Yes,warranty_proof | identity_evidence | fault_evidence | installation_evidence | repair_report,,1.0,No,167,15
CLM00697,Invalid Claim,Serial mismatch,Contradictory evidence | Repair authorization uncertain | Low OCR confidence,2.0.0,Camera,Battery,6,6,6,Active,Yes,30,Yes,warranty_proof | identity_evidence | fault_evidence | repair_report,,1.0,No,35,17
CLM00674,Invalid Claim,Warranty expired | Fault/damage excluded,,2.0.0,Washing Machine,Main Unit,24,24,24,Expired,Yes,30,No,warranty_proof | identity_evidence | fault_evidence,,1.0,No,-350,8
CLM01494,Manual Review,,Low OCR confidence,2.0.0,Refrigerator,Compressor,120,120,120,Near Expiry,Yes,30,Yes,warranty_proof | identity_evidence | fault_evidence | repair_report | service_diagnostic,,1.0,No,30,13
CLM00996,Valid Claim,,,2.0.0,Television,Main Unit,24,24,24,Active,Yes,30,Yes,warranty_proof | identity_evidence | fault_evidence,,1.0,No,152,12
CLM00726,Invalid Claim,Fault/damage excluded,Missing required evidence,2.0.0,Printer,Main Unit,12,12,12,Active,Yes,30,No,warranty_proof | identity_evidence | fault_evidence | repair_report | usage_meter_evidence,identity_evidence | repair_report,0.6,Yes,140,7
CLM00195,Valid Claim,,,2.0.0,Washing Machine,Main Unit,24,24,24,Active,Yes,30,Yes,warranty_proof | identity_evidence | fault_evidence,,1.0,No,146,8
CLM00833,Invalid Claim,Warranty expired,Missing required evidence,2.0.0,Smartphone,Battery,12,12,12,Expired,Yes,30,Yes,warranty_proof | identity_evidence | fault_evidence | repair_report | battery_diagnostic,identity_evidence | repair_report,0.6,Yes,-187,1
CLM00363,Invalid Claim,Fault/damage excluded | Reporting period exceeded,Low OCR confidence,2.0.0,Smartphone,Main Unit,12,12,12,Active,Yes,30,No,warranty_proof | identity_evidence | fault_evidence | repair_report,,1.0,No,158,44
CLM00164,Valid Claim,,,2.0.0,Smartphone,Main Unit,12,12,12,Active,Yes,30,Yes,warranty_proof | identity_evidence | fault_evidence | repair_report,,1.0,No,151,1
CLM01195,Manual Review,,Missing required evidence,2.0.0,Smartphone,Main Unit,12,24,24,Active,Yes,30,Yes,warranty_proof | identity_evidence | fault_evidence,fault_evidence,0.6667,No,143,18
CLM01232,Valid Claim,,,2.0.0,Television,Main Unit,24,36,36,Active,Yes,30,Yes,warranty_proof | identity_evidence | fault_evidence | repair_report,,1.0,No,80,17
CLM00457,Manual Review,,Missing required evidence | Low OCR confidence,2.0.0,Printer,Main Unit,12,12,12,Active,Yes,30,Yes,warranty_proof | identity_evidence | fault_evidence | usage_meter_evidence,fault_evidence,0.75,No,96,8
CLM00904,Manual Review,,Product/model inconsistency | Low OCR confidence,2.0.0,Smartphone,Main Unit,12,12,12,Active,Yes,30,Yes,warranty_proof | identity_evidence | fault_evidence,,1.0,No,85,22
CLM00873,Manual Review,,Low OCR confidence,2.0.0,Camera,Battery,6,6,6,Active,Yes,30,Yes,warranty_proof | identity_evidence | fault_evidence,,1.0,No,104,9
CLM00730,Invalid Claim,Duplicate claim,Missing required evidence,2.0.0,Television,Main Unit,24,24,24,Active,Yes,30,Yes,warranty_proof | identity_evidence | fault_evidence,identity_evidence,0.6667,Yes,327,24
CLM00681,Invalid Claim,Serial mismatch,Missing required evidence | Product/model inconsistency,2.0.0,Air Conditioner,Compressor,60,60,60,Active,Yes,30,Yes,warranty_proof | identity_evidence | fault_evidence | installation_evidence | service_diagnostic,fault_evidence,0.8,No,330,9
CLM00456,Valid Claim,,,2.0.0,Laptop,Main Unit,24,24,24,Near Expiry,Yes,30,Yes,warranty_proof | identity_evidence | fault_evidence,,1.0,No,8,29
CLM00763,Invalid Claim,Warranty expired,,2.0.0,Laptop,Main Unit,24,24,24,Expired,Yes,30,Yes,warranty_proof | identity_evidence | fault_evidence,,1.0,No,-147,27
CLM01176,Manual Review,,Missing required evidence,2.0.0,Printer,Main Unit,12,12,12,Active,Yes,30,Yes,warranty_proof | identity_evidence | fault_evidence | repair_report | usage_meter_evidence,usage_meter_evidence,0.8,No,162,23
CLM00069,Manual Review,,Missing required evidence,2.0.0,Refrigerator,Compressor,120,120,120,Near Expiry,Yes,30,Yes,warranty_proof | identity_evidence | fault_evidence | repair_report | service_diagnostic,identity_evidence | fault_evidence,0.6,Yes,17,11
CLM01287,Valid Claim,,,2.0.0,Washing Machine,Main Unit,24,24,24,Active,Yes,30,Yes,warranty_proof | identity_evidence | fault_evidence,,1.0,No,94,17
CLM00127,Invalid Claim,Unauthorized repair,,2.0.0,Smartphone,Main Unit,12,12,12,Active,Yes,30,Yes,warranty_proof | identity_evidence | fault_evidence | repair_report,,1.0,No,44,16
CLM00531,Manual Review,,Missing required evidence,2.0.0,Washing Machine,Main Unit,24,24,24,Active,Yes,30,Yes,warranty_proof | identity_evidence | fault_evidence | repair_report,identity_evidence,0.75,Yes,78,5
CLM01380,Manual Review,,Missing required evidence,2.0.0,Air Conditioner,Main Unit,24,24,24,Near Expiry,Yes,30,Yes,warranty_proof | identity_evidence | fault_evidence | installation_evidence,installation_evidence,0.75,Yes,18,18
CLM00197,Invalid Claim,Unauthorized repair,,2.0.0,Television,Remote Control,6,6,6,Active,Yes,30,Yes,warranty_proof | identity_evidence | fault_evidence | repair_report,,1.0,No,112,14
CLM01072,Manual Review,,Missing required evidence,2.0.0,Printer,Main Unit,12,12,12,Active,Yes,30,Yes,warranty_proof | identity_evidence | fault_evidence | usage_meter_evidence,usage_meter_evidence,0.75,No,193,24
CLM00281,Valid Claim,,,2.0.0,Camera,Camera Body,24,24,24,Active,Yes,30,Yes,warranty_proof | identity_evidence | fault_evidence,,1.0,No,168,21
CLM01477,Manual Review,,Missing required evidence,2.0.0,Smartphone,Main Unit,12,24,24,Near Expiry,Yes,30,Yes,warranty_proof | identity_evidence | fault_evidence | repair_report,repair_report,0.75,No,18,13
CLM00043,Manual Review,,Contradictory evidence,2.0.0,Printer,Print Head,12,12,12,Active,Yes,30,Yes,warranty_proof | identity_evidence | fault_evidence | usage_meter_evidence,,1.0,No,190,15
CLM01178,Manual Review,,Product/model inconsistency,2.0.0,Refrigerator,Main Unit,24,24,24,Active,Yes,30,Yes,warranty_proof | identity_evidence | fault_evidence,,1.0,No,99,26
CLM00828,Invalid Claim,Fault/damage excluded,Low OCR confidence,2.0.0,Refrigerator,Compressor,120,120,120,Active,Yes,30,No,warranty_proof | identity_evidence | fault_evidence | service_diagnostic,,1.0,No,214,18
CLM00437,Invalid Claim,Reporting period exceeded,,2.0.0,Television,Main Unit,24,36,36,Active,Yes,30,Yes,warranty_proof | identity_evidence | fault_evidence,,1.0,No,225,35
CLM01092,Valid Claim,,,2.0.0,Camera,Battery,6,6,6,Near Expiry,Yes,30,Yes,warranty_proof | identity_evidence | fault_evidence,,1.0,No,17,2
CLM01476,Manual Review,,Missing required evidence,2.0.0,Washing Machine,Main Unit,24,24,24,Active,Yes,30,Yes,warranty_proof | identity_evidence | fault_evidence | repair_report,fault_evidence,0.75,No,299,9
CLM00124,Invalid Claim,Unauthorized repair,Missing required evidence,2.0.0,Television,Main Unit,24,36,36,Near Expiry,Yes,30,Yes,warranty_proof | identity_evidence | fault_evidence | repair_report,repair_report,0.75,No,22,23
CLM00554,Invalid Claim,Fault/damage excluded | Serial mismatch,,2.0.0,Laptop,Main Unit,24,24,24,Active,Yes,30,No,warranty_proof | identity_evidence | fault_evidence,,1.0,No,77,24
CLM01123,Valid Claim,,,2.0.0,Smartphone,Main Unit,12,12,12,Active,Yes,30,Yes,warranty_proof | identity_evidence | fault_evidence,,1.0,No,48,10
CLM00977,Invalid Claim,Warranty expired,Missing required evidence,2.0.0,Refrigerator,Main Unit,24,24,24,Expired,Yes,30,Yes,warranty_proof | identity_evidence | fault_evidence,identity_evidence,0.6667,Yes,-309,11
CLM01080,Valid Claim,,,2.0.0,Television,Main Unit,24,36,36,Active,Yes,30,Yes,warranty_proof | identity_evidence | fault_evidence | repair_report,,1.0,No,73,24
CLM00139,Invalid Claim,Fault/damage excluded,Missing required evidence,2.0.0,Camera,Camera Body,24,24,24,Active,Yes,30,No,warranty_proof | identity_evidence | fault_evidence,fault_evidence,0.6667,No,294,10
CLM01231,Valid Claim,,,2.0.0,Smartphone,Main Unit,12,24,24,Active,Yes,30,Yes,warranty_proof | identity_evidence | fault_evidence | repair_report,,1.0,No,216,21
CLM00650,Invalid Claim,Fault/damage excluded,,2.0.0,Television,Main Unit,24,24,24,Active,Yes,30,No,warranty_proof | identity_evidence | fault_evidence,,1.0,No,148,19
CLM00033,Manual Review,,Serial verification uncertain,2.0.0,Air Conditioner,Main Unit,24,24,24,Active,Yes,30,Yes,warranty_proof | identity_evidence | fault_evidence | installation_evidence,,1.0,No,222,25
CLM01025,Valid Claim,,,2.0.0,Television,Main Unit,24,24,24,Active,Yes,30,Yes,warranty_proof | identity_evidence | fault_evidence,,1.0,No,311,15
CLM00279,Manual Review,,Product/model inconsistency,2.0.0,Refrigerator,Main Unit,24,24,24,Active,Yes,30,Yes,warranty_proof | identity_evidence | fault_evidence,,1.0,No,353,4
CLM00627,Invalid Claim,Fault/damage excluded,,2.0.0,Printer,Main Unit,12,12,12,Near Expiry,Yes,30,No,warranty_proof | identity_evidence | fault_evidence | usage_meter_evidence,,1.0,No,17,20
CLM00901,Valid Claim,,,2.0.0,Washing Machine,Main Unit,24,24,24,Active,Yes,30,Yes,warranty_proof | identity_evidence | fault_evidence,,1.0,No,193,16
CLM00090,Manual Review,,Missing required evidence,2.0.0,Printer,Main Unit,12,24,24,Active,Yes,30,Yes,warranty_proof | identity_evidence | fault_evidence | usage_meter_evidence,usage_meter_evidence,0.75,No,70,3
CLM00513,Manual Review,,Missing required evidence,2.0.0,Television,Main Unit,24,24,24,Active,Yes,30,Yes,warranty_proof | identity_evidence | fault_evidence,identity_evidence,0.6667,Yes,188,15
CLM00142,Manual Review,,Low OCR confidence,2.0.0,Washing Machine,Main Unit,24,24,24,Near Expiry,Yes,30,Yes,warranty_proof | identity_evidence | fault_evidence | repair_report,,1.0,No,17,16
CLM00612,Valid Claim,,,2.0.0,Refrigerator,Main Unit,24,24,24,Active,Yes,30,Yes,warranty_proof | identity_evidence | fault_evidence,,1.0,No,186,10
CLM01452,Manual Review,,Missing required evidence,2.0.0,Smartphone,Main Unit,12,12,12,Active,Yes,30,Yes,warranty_proof | identity_evidence | fault_evidence | repair_report,repair_report,0.75,No,111,19
CLM00161,Invalid Claim,Fault/damage excluded,,2.0.0,Laptop,Power Adapter,12,12,12,Near Expiry,Yes,30,No,warranty_proof | identity_evidence | fault_evidence,,1.0,No,23,8
CLM00506,Invalid Claim,Fault/damage excluded | Reporting period exceeded,,2.0.0,Camera,Camera Body,24,24,24,Active,Yes,30,No,warranty_proof | identity_evidence | fault_evidence,,1.0,No,270,31
CLM01291,Manual Review,,Missing required evidence | Low OCR confidence,2.0.0,Television,Main Unit,24,24,24,Active,Yes,30,Yes,warranty_proof | identity_evidence | fault_evidence,identity_evidence,0.6667,Yes,45,17
CLM00369,Manual Review,,Missing required evidence | Low OCR confidence,2.0.0,Laptop,Main Unit,24,24,24,Active,Yes,30,Yes,warranty_proof | identity_evidence | fault_evidence,identity_evidence,0.6667,Yes,143,15
CLM01046,Manual Review,,Missing required evidence | Product/model inconsistency,2.0.0,Air Conditioner,Main Unit,24,24,24,Active,Yes,30,Yes,warranty_proof | identity_evidence | fault_evidence | installation_evidence | repair_report,installation_evidence,0.8,Yes,214,12
CLM00220,Invalid Claim,Warranty expired,,2.0.0,Television,Main Unit,24,24,24,Expired,Yes,30,Yes,warranty_proof | identity_evidence | fault_evidence,,1.0,No,-124,17
CLM01491,Manual Review,,Missing required evidence,2.0.0,Television,Main Unit,24,24,24,Active,Yes,30,Yes,warranty_proof | identity_evidence | fault_evidence,fault_evidence,0.6667,No,280,25
CLM00490,Invalid Claim,Fault/damage excluded,Missing required evidence,2.0.0,Printer,Main Unit,12,24,24,Active,Yes,30,No,warranty_proof | identity_evidence | fault_evidence | usage_meter_evidence,usage_meter_evidence,0.75,No,177,14
CLM00354,Invalid Claim,Fault/damage excluded,,2.0.0,Refrigerator,Main Unit,24,24,24,Active,Yes,30,No,warranty_proof | identity_evidence | fault_evidence,,1.0,No,211,16
CLM01407,Manual Review,,Missing required evidence | Repair authorization uncertain,2.0.0,Camera,Camera Body,24,24,24,Active,Yes,30,Yes,warranty_proof | identity_evidence | fault_evidence | repair_report,repair_report,0.75,No,173,9
CLM00136,Invalid Claim,Fault/damage excluded,,2.0.0,Smartphone,Main Unit,12,12,12,Active,Yes,30,No,warranty_proof | identity_evidence | fault_evidence,,1.0,No,151,15
CLM00993,Manual Review,,Missing required evidence,2.0.0,Air Conditioner,Main Unit,24,24,24,Active,Yes,30,Yes,warranty_proof | identity_evidence | fault_evidence | installation_evidence | repair_report,repair_report,0.8,No,270,18
CLM00685,Invalid Claim,Fault/damage excluded,,2.0.0,Printer,Main Unit,12,24,24,Near Expiry,Yes,30,No,warranty_proof | identity_evidence | fault_evidence | repair_report | usage_meter_evidence,,1.0,No,11,15
CLM00213,Valid Claim,,,2.0.0,Television,Remote Control,6,6,6,Active,Yes,30,Yes,warranty_proof | identity_evidence | fault_evidence,,1.0,No,101,16
CLM01486,Manual Review,,Missing required evidence,2.0.0,Refrigerator,Main Unit,24,24,24,Active,Yes,30,Yes,warranty_proof | identity_evidence | fault_evidence,fault_evidence,0.6667,No,74,9
CLM00713,Manual Review,,Missing required evidence,2.0.0,Laptop,Main Unit,24,24,24,Active,Yes,30,Yes,warranty_proof | identity_evidence | fault_evidence | repair_report,fault_evidence,0.75,No,189,9
CLM00366,Invalid Claim,Warranty expired,Missing required evidence,2.0.0,Washing Machine,Main Unit,24,24,24,Expired,Yes,30,Yes,warranty_proof | identity_evidence | fault_evidence | repair_report,repair_report,0.75,No,-237,1
CLM00728,Invalid Claim,Fault/damage excluded,,2.0.0,Smartphone,Main Unit,12,12,12,Active,Yes,30,No,warranty_proof | identity_evidence | fault_evidence,,1.0,No,111,11
CLM00599,Manual Review,,Contradictory evidence,2.0.0,Washing Machine,Main Unit,24,24,24,Active,Yes,30,Yes,warranty_proof | identity_evidence | fault_evidence,,1.0,No,238,23
CLM01292,Manual Review,,Missing required evidence,2.0.0,Air Conditioner,Main Unit,24,24,24,Near Expiry,Yes,30,Yes,warranty_proof | identity_evidence | fault_evidence | installation_evidence,fault_evidence,0.75,No,1,18
CLM00234,Manual Review,,Missing required evidence,2.0.0,Smartphone,Main Unit,12,12,12,Active,Yes,30,Yes,warranty_proof | identity_evidence | fault_evidence,fault_evidence,0.6667,No,153,4
CLM00233,Manual Review,,Missing required evidence,2.0.0,Camera,Camera Body,24,24,24,Active,Yes,30,Yes,warranty_proof | identity_evidence | fault_evidence | repair_report,repair_report,0.75,No,261,11
CLM00181,Valid Claim,,,2.0.0,Laptop,Power Adapter,12,12,12,Active,Yes,30,Yes,warranty_proof | identity_evidence | fault_evidence,,1.0,No,92,12
CLM00703,Valid Claim,,,2.0.0,Air Conditioner,Main Unit,24,36,36,Near Expiry,Yes,30,Yes,warranty_proof | identity_evidence | fault_evidence | installation_evidence,,1.0,No,6,9
CLM00897,Manual Review,,Missing required evidence | Low OCR confidence,2.0.0,Laptop,Main Unit,24,24,24,Active,Yes,30,Yes,warranty_proof | identity_evidence | fault_evidence,fault_evidence,0.6667,No,270,16
CLM00222,Invalid Claim,Warranty expired,Low OCR confidence,2.0.0,Laptop,Main Unit,24,24,24,Expired,Yes,30,Yes,warranty_proof | identity_evidence | fault_evidence,,1.0,No,-184,17
CLM00277,Invalid Claim,Fault/damage excluded,,2.0.0,Smartphone,Main Unit,12,12,12,Active,Yes,30,No,warranty_proof | identity_evidence | fault_evidence | repair_report,,1.0,No,170,5
CLM00036,Invalid Claim,Duplicate claim,,2.0.0,Television,Main Unit,24,24,24,Active,Yes,30,Yes,warranty_proof | identity_evidence | fault_evidence,,1.0,No,211,13
CLM00782,Valid Claim,,,2.0.0,Refrigerator,Main Unit,24,24,24,Near Expiry,Yes,30,Yes,warranty_proof | identity_evidence | fault_evidence,,1.0,No,11,6
CLM01209,Manual Review,,Missing required evidence,2.0.0,Laptop,Main Unit,24,36,36,Active,Yes,30,Yes,warranty_proof | identity_evidence | fault_evidence,fault_evidence,0.6667,No,295,11
CLM00016,Invalid Claim,Fault/damage excluded,Low OCR confidence,2.0.0,Camera,Camera Body,24,24,24,Near Expiry,Yes,30,No,warranty_proof | identity_evidence | fault_evidence,,1.0,No,13,12
CLM01447,Manual Review,,Missing required evidence,2.0.0,Refrigerator,Main Unit,24,24,24,Near Expiry,Yes,30,Yes,warranty_proof | identity_evidence | fault_evidence,identity_evidence,0.6667,Yes,20,25
CLM00064,Manual Review,,Repair authorization uncertain,2.0.0,Camera,Lens,24,24,24,Near Expiry,Yes,30,Yes,warranty_proof | identity_evidence | fault_evidence | repair_report | component_identity_evidence,,1.0,No,26,8
CLM00396,Valid Claim,,,2.0.0,Refrigerator,Main Unit,24,24,24,Active,Yes,30,Yes,warranty_proof | identity_evidence | fault_evidence,,1.0,No,236,3
CLM00318,Invalid Claim,Fault/damage excluded | Reporting period exceeded,,2.0.0,Refrigerator,Main Unit,24,24,24,Active,Yes,30,No,warranty_proof | identity_evidence | fault_evidence,,1.0,No,205,43
CLM00453,Invalid Claim,Serial mismatch,,2.0.0,Television,Remote Control,6,6,6,Active,Yes,30,Yes,warranty_proof | identity_evidence | fault_evidence | repair_report,,1.0,No,85,12
CLM00034,Invalid Claim,Fault/damage excluded | Unauthorized repair,,2.0.0,Printer,Main Unit,12,12,12,Near Expiry,Yes,30,No,warranty_proof | identity_evidence | fault_evidence | repair_report | usage_meter_evidence,,1.0,No,10,1
CLM00078,Manual Review,,Product/model inconsistency,2.0.0,Printer,Main Unit,12,12,12,Active,Yes,30,Yes,warranty_proof | identity_evidence | fault_evidence | repair_report | usage_meter_evidence,,1.0,No,176,25
CLM00817,Manual Review,,Missing required evidence,2.0.0,Washing Machine,Main Unit,24,24,24,Active,Yes,30,Yes,warranty_proof | identity_evidence | fault_evidence | repair_report,identity_evidence,0.75,Yes,249,6
CLM01413,Manual Review,,Low OCR confidence,2.0.0,Camera,Camera Body,24,24,24,Active,Yes,30,Yes,warranty_proof | identity_evidence | fault_evidence,,1.0,No,306,23
CLM01308,Valid Claim,,,2.0.0,Laptop,Main Unit,24,36,36,Active,Yes,30,Yes,warranty_proof | identity_evidence | fault_evidence | repair_report,,1.0,No,292,21
CLM00672,Valid Claim,,,2.0.0,Camera,Camera Body,24,24,24,Active,Yes,30,Yes,warranty_proof | identity_evidence | fault_evidence | repair_report,,1.0,No,39,11
CLM01339,Valid Claim,,,2.0.0,Washing Machine,Main Unit,24,24,24,Active,Yes,30,Yes,warranty_proof | identity_evidence | fault_evidence,,1.0,No,120,4
CLM00246,Invalid Claim,Fault/damage excluded,,2.0.0,Television,Main Unit,24,24,24,Near Expiry,Yes,30,No,warranty_proof | identity_evidence | fault_evidence,,1.0,No,20,5
CLM00961,Invalid Claim,Fault/damage excluded,Low OCR confidence,2.0.0,Laptop,Main Unit,24,24,24,Active,Yes,30,No,warranty_proof | identity_evidence | fault_evidence | repair_report,,1.0,No,268,15
CLM00062,Valid Claim,,,2.0.0,Washing Machine,Main Unit,24,24,24,Active,Yes,30,Yes,warranty_proof | identity_evidence | fault_evidence,,1.0,No,224,10
CLM00768,Invalid Claim,Reporting period exceeded,Serial verification uncertain,2.0.0,Television,Main Unit,24,24,24,Active,Yes,30,Yes,warranty_proof | identity_evidence | fault_evidence,,1.0,No,93,35
CLM00546,Invalid Claim,Warranty expired,Missing required evidence,2.0.0,Refrigerator,Compressor,120,120,120,Expired,Yes,30,Yes,warranty_proof | identity_evidence | fault_evidence | repair_report | service_diagnostic,repair_report,0.8,No,-70,4
CLM00675,Valid Claim,,,2.0.0,Washing Machine,Main Unit,24,24,24,Active,Yes,30,Yes,warranty_proof | identity_evidence | fault_evidence,,1.0,No,167,4
CLM00535,Valid Claim,,,2.0.0,Smartphone,Main Unit,12,12,12,Active,Yes,30,Yes,warranty_proof | identity_evidence | fault_evidence | repair_report,,1.0,No,207,15
CLM01244,Valid Claim,,,2.0.0,Washing Machine,Main Unit,24,24,24,Active,Yes,30,Yes,warranty_proof | identity_evidence | fault_evidence,,1.0,No,191,8
CLM00654,Valid Claim,,,2.0.0,Printer,Main Unit,12,12,12,Active,Yes,30,Yes,warranty_proof | identity_evidence | fault_evidence | repair_report | usage_meter_evidence,,1.0,No,199,25
CLM00143,Invalid Claim,Warranty expired,,2.0.0,Laptop,Main Unit,24,24,24,Expired,Yes,30,Yes,warranty_proof | identity_evidence | fault_evidence,,1.0,No,-22,7
CLM00579,Invalid Claim,Reporting period exceeded,Missing required evidence,2.0.0,Television,Main Unit,24,24,24,Active,Yes,30,Yes,warranty_proof | identity_evidence | fault_evidence,fault_evidence,0.6667,No,220,32
CLM00611,Manual Review,,Missing required evidence,2.0.0,Refrigerator,Main Unit,24,24,24,Active,Yes,30,Yes,warranty_proof | identity_evidence | fault_evidence,fault_evidence,0.6667,No,48,6
CLM00223,Manual Review,,Missing required evidence,2.0.0,Printer,Main Unit,12,12,12,Active,Yes,30,Yes,warranty_proof | identity_evidence | fault_evidence | usage_meter_evidence,usage_meter_evidence,0.75,No,166,13
CLM00800,Valid Claim,,,2.0.0,Washing Machine,Main Unit,24,36,36,Active,Yes,30,Yes,warranty_proof | identity_evidence | fault_evidence,,1.0,No,249,12
CLM00251,Invalid Claim,Warranty expired | Unauthorized repair,,2.0.0,Refrigerator,Main Unit,24,24,24,Expired,Yes,30,Yes,warranty_proof | identity_evidence | fault_evidence | repair_report,,1.0,No,-249,27
CLM00184,Invalid Claim,Fault/damage excluded,Missing required evidence | Low OCR confidence,2.0.0,Television,Remote Control,6,6,6,Active,Yes,30,No,warranty_proof | identity_evidence | fault_evidence,fault_evidence,0.6667,No,67,24
CLM01162,Manual Review,,Missing required evidence,2.0.0,Air Conditioner,Main Unit,24,24,24,Active,Yes,30,Yes,warranty_proof | identity_evidence | fault_evidence | installation_evidence,fault_evidence,0.75,No,171,7
CLM01239,Valid Claim,,,2.0.0,Refrigerator,Main Unit,24,24,24,Active,Yes,30,Yes,warranty_proof | identity_evidence | fault_evidence,,1.0,No,205,8
CLM00384,Invalid Claim,Warranty expired | Serial mismatch,,2.0.0,Television,Main Unit,24,36,36,Expired,Yes,30,Yes,warranty_proof | identity_evidence | fault_evidence | repair_report,,1.0,No,-14,10
CLM00201,Invalid Claim,Warranty expired,Missing required evidence | Serial verification uncertain,2.0.0,Air Conditioner,Main Unit,24,24,24,Expired,Yes,30,Yes,warranty_proof | identity_evidence | fault_evidence | installation_evidence,installation_evidence,0.75,Yes,-177,14
CLM00355,Manual Review,,Missing required evidence,2.0.0,Air Conditioner,Compressor,60,60,60,Active,Yes,30,Yes,warranty_proof | identity_evidence | fault_evidence | installation_evidence | service_diagnostic,identity_evidence,0.8,Yes,65,5
CLM00408,Invalid Claim,Claimed component not warranty eligible | Warranty expired | Fault/damage excluded,Low OCR confidence,2.0.0,Printer,Ink Or Toner,0,0,12,Active,No,30,No,warranty_proof | identity_evidence | fault_evidence | usage_meter_evidence,,1.0,No,-278,7
CLM00084,Valid Claim,,,2.0.0,Camera,Camera Body,24,24,24,Active,Yes,30,Yes,warranty_proof | identity_evidence | fault_evidence,,1.0,No,293,17
CLM00945,Invalid Claim,Reporting period exceeded,,2.0.0,Refrigerator,Main Unit,24,24,24,Near Expiry,Yes,30,Yes,warranty_proof | identity_evidence | fault_evidence,,1.0,No,28,48
CLM00157,Invalid Claim,Fault/damage excluded,Missing required evidence,2.0.0,Air Conditioner,Main Unit,24,24,24,Active,Yes,30,No,warranty_proof | identity_evidence | fault_evidence | installation_evidence,identity_evidence | installation_evidence,0.5,Yes,193,12
CLM01100,Manual Review,,Serial verification uncertain,2.0.0,Television,Main Unit,24,24,24,Active,Yes,30,Yes,warranty_proof | identity_evidence | fault_evidence,,1.0,No,35,7
CLM00159,Valid Claim,,,2.0.0,Washing Machine,Main Unit,24,24,24,Active,Yes,30,Yes,warranty_proof | identity_evidence | fault_evidence,,1.0,No,96,6
CLM01161,Manual Review,,Product/model inconsistency,2.0.0,Camera,Lens,24,24,24,Near Expiry,Yes,30,Yes,warranty_proof | identity_evidence | fault_evidence | component_identity_evidence,,1.0,No,20,13
CLM01307,Manual Review,,Missing required evidence,2.0.0,Washing Machine,Main Unit,24,24,24,Active,Yes,30,Yes,warranty_proof | identity_evidence | fault_evidence,identity_evidence,0.6667,Yes,260,20
CLM00688,Invalid Claim,Warranty expired,Missing required evidence,2.0.0,Television,Main Unit,24,36,36,Expired,Yes,30,Yes,warranty_proof | identity_evidence | fault_evidence,fault_evidence,0.6667,No,-109,3
CLM01019,Valid Claim,,,2.0.0,Smartphone,Main Unit,12,24,24,Active,Yes,30,Yes,warranty_proof | identity_evidence | fault_evidence,,1.0,No,104,25
CLM00625,Invalid Claim,Warranty expired | Fault/damage excluded,Missing required evidence,2.0.0,Television,Main Unit,24,24,24,Expired,Yes,30,No,warranty_proof | identity_evidence | fault_evidence,fault_evidence,0.6667,No,-337,21
CLM01053,Valid Claim,,,2.0.0,Smartphone,Main Unit,12,12,12,Active,Yes,30,Yes,warranty_proof | identity_evidence | fault_evidence,,1.0,No,201,10
CLM01482,Manual Review,,Missing required evidence,2.0.0,Washing Machine,Main Unit,24,24,24,Active,Yes,30,Yes,warranty_proof | identity_evidence | fault_evidence,fault_evidence,0.6667,No,253,30
CLM00870,Invalid Claim,Fault/damage excluded,,2.0.0,Refrigerator,Main Unit,24,24,24,Active,Yes,30,No,warranty_proof | identity_evidence | fault_evidence,,1.0,No,91,8
CLM00480,Manual Review,,Missing required evidence | Contradictory evidence,2.0.0,Printer,Main Unit,12,12,12,Active,Yes,30,Yes,warranty_proof | identity_evidence | fault_evidence | usage_meter_evidence,fault_evidence,0.75,No,75,15
CLM00693,Manual Review,,Product/model inconsistency,2.0.0,Camera,Camera Body,24,36,36,Active,Yes,30,Yes,warranty_proof | identity_evidence | fault_evidence | repair_report,,1.0,No,162,14
CLM00271,Manual Review,,Repair authorization uncertain,2.0.0,Air Conditioner,Compressor,60,60,60,Active,Yes,30,Yes,warranty_proof | identity_evidence | fault_evidence | installation_evidence | repair_report | service_diagnostic,,1.0,No,140,7
CLM01449,Manual Review,,Missing required evidence,2.0.0,Refrigerator,Main Unit,24,24,24,Near Expiry,Yes,30,Yes,warranty_proof | identity_evidence | fault_evidence,identity_evidence,0.6667,Yes,30,29
CLM00868,Manual Review,,Product/model inconsistency,2.0.0,Refrigerator,Main Unit,24,24,24,Active,Yes,30,Yes,warranty_proof | identity_evidence | fault_evidence | repair_report,,1.0,No,364,8
CLM00527,Valid Claim,,,2.0.0,Camera,Camera Body,24,24,24,Active,Yes,30,Yes,warranty_proof | identity_evidence | fault_evidence | repair_report,,1.0,No,146,15
CLM00419,Invalid Claim,Warranty expired | Reporting period exceeded,,2.0.0,Television,Main Unit,24,24,24,Expired,Yes,30,Yes,warranty_proof | identity_evidence | fault_evidence,,1.0,No,-260,36
CLM01429,Manual Review,,Missing required evidence,2.0.0,Washing Machine,Motor,120,120,120,Active,Yes,30,Yes,warranty_proof | identity_evidence | fault_evidence | repair_report | service_diagnostic,repair_report,0.8,No,218,30
CLM01276,Valid Claim,,,2.0.0,Camera,Camera Body,24,24,24,Active,Yes,30,Yes,warranty_proof | identity_evidence | fault_evidence,,1.0,No,222,12
CLM00002,Valid Claim,,,2.0.0,Television,Display Panel,24,24,24,Active,Yes,30,Yes,warranty_proof | identity_evidence | fault_evidence | screen_fault_image,,1.0,No,108,12
CLM00838,Manual Review,,Contradictory evidence,2.0.0,Laptop,Main Unit,24,36,36,Active,Yes,30,Yes,warranty_proof | identity_evidence | fault_evidence,,1.0,No,210,23
CLM00414,Valid Claim,,,2.0.0,Air Conditioner,Main Unit,24,24,24,Active,Yes,30,Yes,warranty_proof | identity_evidence | fault_evidence | installation_evidence,,1.0,No,194,6
CLM01235,Valid Claim,,,2.0.0,Television,Display Panel,24,24,24,Active,Yes,30,Yes,warranty_proof | identity_evidence | fault_evidence | screen_fault_image,,1.0,No,262,17
CLM01289,Valid Claim,,,2.0.0,Refrigerator,Main Unit,24,24,24,Active,Yes,30,Yes,warranty_proof | identity_evidence | fault_evidence,,1.0,No,302,9
CLM00296,Valid Claim,,,2.0.0,Smartphone,Charger,6,6,6,Active,Yes,30,Yes,warranty_proof | identity_evidence | fault_evidence,,1.0,No,102,11
CLM00252,Invalid Claim,Warranty expired,Contradictory evidence,2.0.0,Laptop,Main Unit,24,24,24,Expired,Yes,30,Yes,warranty_proof | identity_evidence | fault_evidence,,1.0,No,-350,5
CLM01387,Manual Review,,Missing required evidence,2.0.0,Smartphone,Main Unit,12,12,12,Active,Yes,30,Yes,warranty_proof | identity_evidence | fault_evidence | repair_report,repair_report,0.75,No,219,11
CLM00052,Invalid Claim,Reporting period exceeded,Missing required evidence,2.0.0,Camera,Camera Body,24,36,36,Active,Yes,30,Yes,warranty_proof | identity_evidence | fault_evidence,fault_evidence,0.6667,No,99,40
CLM00855,Manual Review,,Missing required evidence | Product/model inconsistency,2.0.0,Smartphone,Main Unit,12,12,12,Active,Yes,30,Yes,warranty_proof | identity_evidence | fault_evidence | repair_report,identity_evidence | fault_evidence,0.5,Yes,83,20
CLM00497,Invalid Claim,Claimed component not warranty eligible | Warranty expired | Fault/damage excluded,Low OCR confidence,2.0.0,Printer,Ink Or Toner,0,0,12,Active,No,30,No,warranty_proof | identity_evidence | fault_evidence | usage_meter_evidence,,1.0,No,-226,4
CLM01434,Manual Review,,Missing required evidence,2.0.0,Camera,Camera Body,24,24,24,Active,Yes,30,Yes,warranty_proof | identity_evidence | fault_evidence,fault_evidence,0.6667,No,295,24
CLM01390,Manual Review,,Missing required evidence,2.0.0,Washing Machine,Main Unit,24,24,24,Active,Yes,30,Yes,warranty_proof | identity_evidence | fault_evidence,identity_evidence,0.6667,Yes,220,4
CLM00656,Valid Claim,,,2.0.0,Laptop,Main Unit,24,36,36,Active,Yes,30,Yes,warranty_proof | identity_evidence | fault_evidence,,1.0,No,349,10
CLM00191,Invalid Claim,Duplicate claim,,2.0.0,Refrigerator,Main Unit,24,24,24,Near Expiry,Yes,30,Yes,warranty_proof | identity_evidence | fault_evidence,,1.0,No,15,19
CLM00845,Invalid Claim,Duplicate claim,,2.0.0,Camera,Lens,24,24,24,Active,Yes,30,Yes,warranty_proof | identity_evidence | fault_evidence | repair_report | component_identity_evidence,,1.0,No,219,17
CLM00850,Valid Claim,,,2.0.0,Laptop,Main Unit,24,24,24,Active,Yes,30,Yes,warranty_proof | identity_evidence | fault_evidence | repair_report,,1.0,No,192,12
CLM00700,Invalid Claim,Warranty expired,,2.0.0,Smartphone,Main Unit,12,12,12,Expired,Yes,30,Yes,warranty_proof | identity_evidence | fault_evidence | repair_report,,1.0,No,-134,13
CLM00724,Invalid Claim,Fault/damage excluded,Missing required evidence,2.0.0,Air Conditioner,Main Unit,24,24,24,Active,Yes,30,No,warranty_proof | identity_evidence | fault_evidence | installation_evidence | repair_report,fault_evidence,0.8,No,136,19
CLM01359,Manual Review,,Serial verification uncertain,2.0.0,Television,Main Unit,24,24,24,Active,Yes,30,Yes,warranty_proof | identity_evidence | fault_evidence | repair_report,,1.0,No,234,18
CLM01453,Manual Review,,Low OCR confidence,2.0.0,Refrigerator,Main Unit,24,24,24,Active,Yes,30,Yes,warranty_proof | identity_evidence | fault_evidence,,1.0,No,355,18
CLM00935,Invalid Claim,Warranty expired,Missing required evidence | Serial verification uncertain,2.0.0,Refrigerator,Main Unit,24,24,24,Expired,Yes,30,Yes,warranty_proof | identity_evidence | fault_evidence,identity_evidence,0.6667,Yes,-364,16
CLM00682,Invalid Claim,Fault/damage excluded,Missing required evidence,2.0.0,Air Conditioner,Main Unit,24,36,36,Active,Yes,30,No,warranty_proof | identity_evidence | fault_evidence | installation_evidence,fault_evidence,0.75,No,262,9
CLM00386,Invalid Claim,Duplicate claim,Missing required evidence,2.0.0,Smartphone,Charger,6,6,6,Active,Yes,30,Yes,warranty_proof | identity_evidence | fault_evidence | repair_report,identity_evidence,0.75,Yes,106,27
CLM00764,Invalid Claim,Warranty expired | Duplicate claim,,2.0.0,Laptop,Main Unit,24,36,36,Expired,Yes,30,Yes,warranty_proof | identity_evidence | fault_evidence,,1.0,No,-36,9
CLM00215,Invalid Claim,Reporting period exceeded,,2.0.0,Air Conditioner,Main Unit,24,24,24,Active,Yes,30,Yes,warranty_proof | identity_evidence | fault_evidence | installation_evidence | repair_report,,1.0,No,233,35
CLM01166,Valid Claim,,,2.0.0,Printer,Main Unit,12,12,12,Near Expiry,Yes,30,Yes,warranty_proof | identity_evidence | fault_evidence | usage_meter_evidence,,1.0,No,13,20
CLM00631,Invalid Claim,Warranty expired | Duplicate claim,,2.0.0,Camera,Camera Body,24,36,36,Expired,Yes,30,Yes,warranty_proof | identity_evidence | fault_evidence,,1.0,No,-51,2
CLM00332,Valid Claim,,,2.0.0,Television,Main Unit,24,24,24,Active,Yes,30,Yes,warranty_proof | identity_evidence | fault_evidence,,1.0,No,305,2
CLM00312,Invalid Claim,Unauthorized repair,,2.0.0,Laptop,Main Unit,24,24,24,Active,Yes,30,Yes,warranty_proof | identity_evidence | fault_evidence | repair_report,,1.0,No,335,9
CLM00636,Invalid Claim,Warranty expired | Reporting period exceeded,Missing required evidence | Product/model inconsistency,2.0.0,Television,Main Unit,24,36,36,Expired,Yes,30,Yes,warranty_proof | identity_evidence | fault_evidence,identity_evidence,0.6667,Yes,-164,34
CLM00360,Valid Claim,,,2.0.0,Refrigerator,Main Unit,24,24,24,Active,Yes,30,Yes,warranty_proof | identity_evidence | fault_evidence,,1.0,No,350,6
CLM00395,Valid Claim,,,2.0.0,Television,Main Unit,24,24,24,Active,Yes,30,Yes,warranty_proof | identity_evidence | fault_evidence | repair_report,,1.0,No,254,12
CLM00398,Valid Claim,,,2.0.0,Laptop,Main Unit,24,24,24,Active,Yes,30,Yes,warranty_proof | identity_evidence | fault_evidence,,1.0,No,189,4
CLM00327,Invalid Claim,Warranty expired | Fault/damage excluded | Unauthorized repair,,2.0.0,Refrigerator,Main Unit,24,24,24,Expired,Yes,30,No,warranty_proof | identity_evidence | fault_evidence | repair_report,,1.0,No,-24,22
CLM01130,Manual Review,,Missing required evidence,2.0.0,Television,Main Unit,24,24,24,Active,Yes,30,Yes,warranty_proof | identity_evidence | fault_evidence,fault_evidence,0.6667,No,263,13
CLM00808,Manual Review,,Repair authorization uncertain,2.0.0,Camera,Camera Body,24,24,24,Active,Yes,30,Yes,warranty_proof | identity_evidence | fault_evidence | repair_report,,1.0,No,65,16
CLM00956,Invalid Claim,Fault/damage excluded,,2.0.0,Camera,Camera Body,24,24,24,Active,Yes,30,No,warranty_proof | identity_evidence | fault_evidence,,1.0,No,358,3
CLM00030,Manual Review,,Low OCR confidence,2.0.0,Television,Main Unit,24,24,24,Active,Yes,30,Yes,warranty_proof | identity_evidence | fault_evidence,,1.0,No,50,5
CLM00427,Manual Review,,Missing required evidence | Product/model inconsistency | Low OCR confidence,2.0.0,Television,Main Unit,24,24,24,Active,Yes,30,Yes,warranty_proof | identity_evidence | fault_evidence,identity_evidence,0.6667,Yes,52,17
CLM00302,Manual Review,,Missing required evidence,2.0.0,Laptop,Battery,12,12,12,Active,Yes,30,Yes,warranty_proof | identity_evidence | fault_evidence | repair_report | battery_diagnostic,battery_diagnostic,0.8,No,233,12
CLM00894,Valid Claim,,,2.0.0,Smartphone,Main Unit,12,12,12,Active,Yes,30,Yes,warranty_proof | identity_evidence | fault_evidence,,1.0,No,165,11
CLM00264,Manual Review,,Serial verification uncertain,2.0.0,Printer,Main Unit,12,12,12,Active,Yes,30,Yes,warranty_proof | identity_evidence | fault_evidence | usage_meter_evidence,,1.0,No,33,3
CLM00644,Manual Review,,Product/model inconsistency,2.0.0,Laptop,Main Unit,24,36,36,Near Expiry,Yes,30,Yes,warranty_proof | identity_evidence | fault_evidence,,1.0,No,20,20
CLM00841,Invalid Claim,Fault/damage excluded | Serial mismatch,,2.0.0,Television,Main Unit,24,24,24,Active,Yes,30,No,warranty_proof | identity_evidence | fault_evidence,,1.0,No,212,16
CLM01000,Valid Claim,,,2.0.0,Refrigerator,Compressor,120,120,120,Active,Yes,30,Yes,warranty_proof | identity_evidence | fault_evidence | repair_report | service_diagnostic,,1.0,No,310,29
CLM01250,Valid Claim,,,2.0.0,Washing Machine,Main Unit,24,36,36,Active,Yes,30,Yes,warranty_proof | identity_evidence | fault_evidence,,1.0,No,117,14
CLM00562,Invalid Claim,Warranty expired,,2.0.0,Washing Machine,Main Unit,24,24,24,Expired,Yes,30,Yes,warranty_proof | identity_evidence | fault_evidence,,1.0,No,-170,10
CLM00075,Invalid Claim,Fault/damage excluded,,2.0.0,Camera,Camera Body,24,36,36,Active,Yes,30,No,warranty_proof | identity_evidence | fault_evidence | repair_report,,1.0,No,308,4
CLM00548,Invalid Claim,Warranty expired,,2.0.0,Television,Main Unit,24,36,36,Expired,Yes,30,Yes,warranty_proof | identity_evidence | fault_evidence,,1.0,No,-278,3
CLM00980,Valid Claim,,,2.0.0,Camera,Camera Body,24,24,24,Active,Yes,30,Yes,warranty_proof | identity_evidence | fault_evidence,,1.0,No,109,21
CLM00661,Valid Claim,,,2.0.0,Camera,Camera Body,24,24,24,Active,Yes,30,Yes,warranty_proof | identity_evidence | fault_evidence,,1.0,No,291,5
CLM00781,Valid Claim,,,2.0.0,Air Conditioner,Main Unit,24,24,24,Active,Yes,30,Yes,warranty_proof | identity_evidence | fault_evidence | installation_evidence,,1.0,No,56,8
CLM01376,Valid Claim,,,2.0.0,Smartphone,Main Unit,12,12,12,Near Expiry,Yes,30,Yes,warranty_proof | identity_evidence | fault_evidence,,1.0,No,4,4
CLM00854,Manual Review,,Missing required evidence,2.0.0,Laptop,Main Unit,24,24,24,Active,Yes,30,Yes,warranty_proof | identity_evidence | fault_evidence | repair_report,repair_report,0.75,No,213,20
CLM01322,Valid Claim,,,2.0.0,Air Conditioner,Compressor,60,60,60,Active,Yes,30,Yes,warranty_proof | identity_evidence | fault_evidence | installation_evidence | service_diagnostic,,1.0,No,71,7
CLM00086,Invalid Claim,Fault/damage excluded,Missing required evidence,2.0.0,Camera,Camera Body,24,36,36,Active,Yes,30,No,warranty_proof | identity_evidence | fault_evidence | repair_report,fault_evidence,0.75,No,296,16
CLM01384,Valid Claim,,,2.0.0,Camera,Battery,6,6,6,Active,Yes,30,Yes,warranty_proof | identity_evidence | fault_evidence,,1.0,No,32,12
CLM00050,Manual Review,,Serial verification uncertain,2.0.0,Air Conditioner,Main Unit,24,24,24,Near Expiry,Yes,30,Yes,warranty_proof | identity_evidence | fault_evidence | installation_evidence,,1.0,No,18,8
CLM00921,Invalid Claim,Reporting period exceeded,,2.0.0,Laptop,Main Unit,24,24,24,Active,Yes,30,Yes,warranty_proof | identity_evidence | fault_evidence,,1.0,No,111,31
CLM01177,Valid Claim,,,2.0.0,Refrigerator,Main Unit,24,24,24,Active,Yes,30,Yes,warranty_proof | identity_evidence | fault_evidence,,1.0,No,127,22
CLM01075,Valid Claim,,,2.0.0,Air Conditioner,Main Unit,24,24,24,Active,Yes,30,Yes,warranty_proof | identity_evidence | fault_evidence | installation_evidence,,1.0,No,101,9
CLM00564,Manual Review,,Serial verification uncertain,2.0.0,Camera,Camera Body,24,24,24,Active,Yes,30,Yes,warranty_proof | identity_evidence | fault_evidence,,1.0,No,56,22
CLM00779,Manual Review,,Missing required evidence,2.0.0,Television,Main Unit,24,24,24,Active,Yes,30,Yes,warranty_proof | identity_evidence | fault_evidence,identity_evidence,0.6667,Yes,93,12
CLM00356,Manual Review,,Repair authorization uncertain,2.0.0,Smartphone,Main Unit,12,12,12,Active,Yes,30,Yes,warranty_proof | identity_evidence | fault_evidence | repair_report,,1.0,No,61,27
CLM00619,Invalid Claim,Fault/damage excluded,,2.0.0,Refrigerator,Main Unit,24,24,24,Near Expiry,Yes,30,No,warranty_proof | identity_evidence | fault_evidence,,1.0,No,17,15
CLM00214,Valid Claim,,,2.0.0,Washing Machine,Main Unit,24,24,24,Active,Yes,30,Yes,warranty_proof | identity_evidence | fault_evidence,,1.0,No,146,22
CLM00812,Manual Review,,Missing required evidence,2.0.0,Washing Machine,Main Unit,24,24,24,Active,Yes,30,Yes,warranty_proof | identity_evidence | fault_evidence,fault_evidence,0.6667,No,358,3
CLM00571,Valid Claim,,,2.0.0,Washing Machine,Main Unit,24,24,24,Active,Yes,30,Yes,warranty_proof | identity_evidence | fault_evidence | repair_report,,1.0,No,260,6
CLM00621,Invalid Claim,Warranty expired,,2.0.0,Camera,Lens,24,24,24,Expired,Yes,30,Yes,warranty_proof | identity_evidence | fault_evidence | component_identity_evidence,,1.0,No,-251,10
CLM00368,Manual Review,,Low OCR confidence,2.0.0,Television,Main Unit,24,24,24,Active,Yes,30,Yes,warranty_proof | identity_evidence | fault_evidence,,1.0,No,114,24
CLM01261,Manual Review,,Missing required evidence,2.0.0,Refrigerator,Main Unit,24,36,36,Active,Yes,30,Yes,warranty_proof | identity_evidence | fault_evidence | repair_report,repair_report,0.75,No,172,19
CLM01499,Manual Review,,Missing required evidence | Low OCR confidence,2.0.0,Camera,Lens,24,24,24,Active,Yes,30,Yes,warranty_proof | identity_evidence | fault_evidence | component_identity_evidence,component_identity_evidence,0.75,No,156,7
CLM01410,Manual Review,,Missing required evidence,2.0.0,Washing Machine,Main Unit,24,36,36,Active,Yes,30,Yes,warranty_proof | identity_evidence | fault_evidence,identity_evidence | fault_evidence,0.3333,Yes,143,23
CLM00198,Manual Review,,Serial verification uncertain,2.0.0,Smartphone,Main Unit,12,12,12,Near Expiry,Yes,30,Yes,warranty_proof | identity_evidence | fault_evidence,,1.0,No,0,17
CLM00755,Valid Claim,,,2.0.0,Air Conditioner,Main Unit,24,24,24,Active,Yes,30,Yes,warranty_proof | identity_evidence | fault_evidence | installation_evidence,,1.0,No,359,19
CLM00287,Manual Review,,Low OCR confidence,2.0.0,Air Conditioner,Main Unit,24,24,24,Active,Yes,30,Yes,warranty_proof | identity_evidence | fault_evidence | installation_evidence,,1.0,No,121,24
CLM00463,Invalid Claim,Warranty expired | Fault/damage excluded,,2.0.0,Television,Main Unit,24,24,24,Expired,Yes,30,No,warranty_proof | identity_evidence | fault_evidence | repair_report,,1.0,No,-160,16
CLM01396,Valid Claim,,,2.0.0,Camera,Camera Body,24,24,24,Active,Yes,30,Yes,warranty_proof | identity_evidence | fault_evidence | repair_report,,1.0,No,150,15
CLM00801,Invalid Claim,Unauthorized repair,Missing required evidence,2.0.0,Television,Main Unit,24,24,24,Active,Yes,30,Yes,warranty_proof | identity_evidence | fault_evidence | repair_report,repair_report,0.75,No,361,6
CLM00699,Invalid Claim,Warranty expired,Missing required evidence,2.0.0,Camera,Camera Body,24,24,24,Expired,Yes,30,Yes,warranty_proof | identity_evidence | fault_evidence,fault_evidence,0.6667,No,-205,15
CLM00738,Invalid Claim,Warranty expired,Serial verification uncertain,2.0.0,Washing Machine,Main Unit,24,24,24,Expired,Yes,30,Yes,warranty_proof | identity_evidence | fault_evidence,,1.0,No,-326,28
CLM00231,Invalid Claim,Claimed component not warranty eligible | Warranty expired | Fault/damage excluded,Missing required evidence,2.0.0,Printer,Ink Or Toner,0,0,12,Near Expiry,No,30,No,warranty_proof | identity_evidence | fault_evidence | usage_meter_evidence,fault_evidence,0.75,No,-364,5
CLM00294,Invalid Claim,Serial mismatch,Low OCR confidence,2.0.0,Air Conditioner,Compressor,60,60,60,Near Expiry,Yes,30,Yes,warranty_proof | identity_evidence | fault_evidence | installation_evidence | service_diagnostic,,1.0,No,8,24
CLM01009,Manual Review,,Missing required evidence,2.0.0,Laptop,Main Unit,24,24,24,Active,Yes,30,Yes,warranty_proof | identity_evidence | fault_evidence,fault_evidence,0.6667,No,116,14
CLM01074,Valid Claim,,,2.0.0,Camera,Camera Body,24,24,24,Active,Yes,30,Yes,warranty_proof | identity_evidence | fault_evidence,,1.0,No,250,19
CLM01041,Manual Review,,Missing required evidence,2.0.0,Washing Machine,Motor,120,120,120,Near Expiry,Yes,30,Yes,warranty_proof | identity_evidence | fault_evidence | service_diagnostic,identity_evidence,0.75,Yes,17,30
CLM01142,Valid Claim,,,2.0.0,Washing Machine,Motor,120,120,120,Active,Yes,30,Yes,warranty_proof | identity_evidence | fault_evidence | service_diagnostic,,1.0,No,317,0
CLM01006,Valid Claim,,,2.0.0,Air Conditioner,Main Unit,24,24,24,Active,Yes,30,Yes,warranty_proof | identity_evidence | fault_evidence | installation_evidence,,1.0,No,311,5
CLM01085,Manual Review,,Low OCR confidence,2.0.0,Refrigerator,Main Unit,24,24,24,Active,Yes,30,Yes,warranty_proof | identity_evidence | fault_evidence,,1.0,No,293,4
CLM01095,Valid Claim,,,2.0.0,Smartphone,Main Unit,12,12,12,Active,Yes,30,Yes,warranty_proof | identity_evidence | fault_evidence | repair_report,,1.0,No,229,2
CLM01386,Manual Review,,Missing required evidence,2.0.0,Camera,Camera Body,24,24,24,Active,Yes,30,Yes,warranty_proof | identity_evidence | fault_evidence | repair_report,identity_evidence,0.75,Yes,355,21
CLM00073,Invalid Claim,Fault/damage excluded,,2.0.0,Laptop,Main Unit,24,24,24,Active,Yes,30,No,warranty_proof | identity_evidence | fault_evidence,,1.0,No,98,24
CLM00588,Invalid Claim,Fault/damage excluded | Duplicate claim,Missing required evidence | Repair authorization uncertain,2.0.0,Television,Main Unit,24,24,24,Active,Yes,30,No,warranty_proof | identity_evidence | fault_evidence | repair_report,repair_report,0.75,No,230,20
CLM00380,Invalid Claim,Fault/damage excluded | Duplicate claim,,2.0.0,Laptop,Battery,12,12,12,Active,Yes,30,No,warranty_proof | identity_evidence | fault_evidence | battery_diagnostic,,1.0,No,116,2
CLM00067,Valid Claim,,,2.0.0,Television,Main Unit,24,24,24,Active,Yes,30,Yes,warranty_proof | identity_evidence | fault_evidence,,1.0,No,233,14
CLM00288,Valid Claim,,,2.0.0,Laptop,Power Adapter,12,12,12,Active,Yes,30,Yes,warranty_proof | identity_evidence | fault_evidence | repair_report,,1.0,No,168,1
CLM00842,Valid Claim,,,2.0.0,Washing Machine,Main Unit,24,36,36,Active,Yes,30,Yes,warranty_proof | identity_evidence | fault_evidence,,1.0,No,41,3
CLM01425,Manual Review,,Missing required evidence,2.0.0,Television,Main Unit,24,24,24,Active,Yes,30,Yes,warranty_proof | identity_evidence | fault_evidence,fault_evidence,0.6667,No,52,3
CLM00079,Invalid Claim,Fault/damage excluded,,2.0.0,Television,Main Unit,24,24,24,Near Expiry,Yes,30,No,warranty_proof | identity_evidence | fault_evidence,,1.0,No,0,7
CLM00367,Manual Review,,Contradictory evidence,2.0.0,Television,Main Unit,24,24,24,Active,Yes,30,Yes,warranty_proof | identity_evidence | fault_evidence,,1.0,No,309,9
CLM01032,Manual Review,,Missing required evidence,2.0.0,Air Conditioner,Main Unit,24,24,24,Near Expiry,Yes,30,Yes,warranty_proof | identity_evidence | fault_evidence | installation_evidence | repair_report,identity_evidence,0.8,Yes,9,3
CLM00734,Manual Review,,Missing required evidence,2.0.0,Camera,Battery,6,6,6,Active,Yes,30,Yes,warranty_proof | identity_evidence | fault_evidence | repair_report,repair_report,0.75,No,86,12
CLM01061,Valid Claim,,,2.0.0,Laptop,Main Unit,24,24,24,Active,Yes,30,Yes,warranty_proof | identity_evidence | fault_evidence,,1.0,No,144,1
CLM00931,Invalid Claim,Fault/damage excluded,,2.0.0,Air Conditioner,Main Unit,24,36,36,Near Expiry,Yes,30,No,warranty_proof | identity_evidence | fault_evidence | installation_evidence,,1.0,No,25,3
CLM00789,Invalid Claim,Reporting period exceeded,Low OCR confidence,2.0.0,Refrigerator,Main Unit,24,24,24,Active,Yes,30,Yes,warranty_proof | identity_evidence | fault_evidence,,1.0,No,293,46
CLM01352,Manual Review,,Product/model inconsistency | Low OCR confidence,2.0.0,Washing Machine,Motor,120,120,120,Active,Yes,30,Yes,warranty_proof | identity_evidence | fault_evidence | service_diagnostic,,1.0,No,232,6
CLM00646,Invalid Claim,Fault/damage excluded,,2.0.0,Air Conditioner,Main Unit,24,24,24,Active,Yes,30,No,warranty_proof | identity_evidence | fault_evidence | installation_evidence,,1.0,No,111,14
CLM00701,Invalid Claim,Reporting period exceeded,,2.0.0,Washing Machine,Main Unit,24,24,24,Active,Yes,30,Yes,warranty_proof | identity_evidence | fault_evidence,,1.0,No,142,62
CLM00529,Invalid Claim,Warranty expired,,2.0.0,Washing Machine,Main Unit,24,24,24,Expired,Yes,30,Yes,warranty_proof | identity_evidence | fault_evidence,,1.0,No,-294,2
CLM00423,Invalid Claim,Fault/damage excluded,Missing required evidence,2.0.0,Air Conditioner,Main Unit,24,24,24,Active,Yes,30,No,warranty_proof | identity_evidence | fault_evidence | installation_evidence,fault_evidence,0.75,No,213,25
CLM00765,Invalid Claim,Reporting period exceeded,Contradictory evidence,2.0.0,Smartphone,Main Unit,12,12,12,Active,Yes,30,Yes,warranty_proof | identity_evidence | fault_evidence,,1.0,No,178,53
CLM00045,Manual Review,,Missing required evidence,2.0.0,Washing Machine,Main Unit,24,36,36,Active,Yes,30,Yes,warranty_proof | identity_evidence | fault_evidence | repair_report,identity_evidence,0.75,Yes,267,10
CLM00467,Valid Claim,,,2.0.0,Television,Main Unit,24,36,36,Active,Yes,30,Yes,warranty_proof | identity_evidence | fault_evidence,,1.0,No,207,11
CLM00459,Manual Review,,Contradictory evidence | Serial verification uncertain,2.0.0,Smartphone,Main Unit,12,12,12,Active,Yes,30,Yes,warranty_proof | identity_evidence | fault_evidence,,1.0,No,108,10
CLM00148,Invalid Claim,Fault/damage excluded,Missing required evidence | Low OCR confidence,2.0.0,Washing Machine,Main Unit,24,24,24,Active,Yes,30,No,warranty_proof | identity_evidence | fault_evidence,fault_evidence,0.6667,No,287,6
CLM00750,Invalid Claim,Warranty expired,Contradictory evidence,2.0.0,Refrigerator,Main Unit,24,24,24,Expired,Yes,30,Yes,warranty_proof | identity_evidence | fault_evidence | repair_report,,1.0,No,-282,8
CLM00226,Manual Review,,Missing required evidence,2.0.0,Printer,Main Unit,12,12,12,Active,Yes,30,Yes,warranty_proof | identity_evidence | fault_evidence | usage_meter_evidence,usage_meter_evidence,0.75,No,207,29
CLM00105,Invalid Claim,Reporting period exceeded | Serial mismatch,,2.0.0,Camera,Camera Body,24,24,24,Active,Yes,30,Yes,warranty_proof | identity_evidence | fault_evidence,,1.0,No,247,32
CLM01073,Valid Claim,,,2.0.0,Printer,Main Unit,12,24,24,Active,Yes,30,Yes,warranty_proof | identity_evidence | fault_evidence | usage_meter_evidence,,1.0,No,137,24
CLM01370,Manual Review,,Serial verification uncertain,2.0.0,Printer,Main Unit,12,12,12,Active,Yes,30,Yes,warranty_proof | identity_evidence | fault_evidence | usage_meter_evidence,,1.0,No,107,29
CLM00753,Invalid Claim,Fault/damage excluded,,2.0.0,Camera,Camera Body,24,24,24,Active,Yes,30,No,warranty_proof | identity_evidence | fault_evidence | repair_report,,1.0,No,101,3
CLM00316,Valid Claim,,,2.0.0,Refrigerator,Main Unit,24,24,24,Active,Yes,30,Yes,warranty_proof | identity_evidence | fault_evidence,,1.0,No,77,6
CLM00608,Valid Claim,,,2.0.0,Printer,Main Unit,12,12,12,Active,Yes,30,Yes,warranty_proof | identity_evidence | fault_evidence | usage_meter_evidence,,1.0,No,144,10
CLM01490,Manual Review,,Low OCR confidence,2.0.0,Television,Main Unit,24,24,24,Active,Yes,30,Yes,warranty_proof | identity_evidence | fault_evidence,,1.0,No,257,4
CLM00602,Invalid Claim,Unauthorized repair,,2.0.0,Television,Main Unit,24,24,24,Active,Yes,30,Yes,warranty_proof | identity_evidence | fault_evidence | repair_report,,1.0,No,112,11
CLM00412,Invalid Claim,Warranty expired | Reporting period exceeded,,2.0.0,Television,Main Unit,24,24,24,Expired,Yes,30,Yes,warranty_proof | identity_evidence | fault_evidence,,1.0,No,-274,32
CLM00712,Invalid Claim,Fault/damage excluded,,2.0.0,Television,Main Unit,24,24,24,Active,Yes,30,No,warranty_proof | identity_evidence | fault_evidence,,1.0,No,192,8
CLM00499,Invalid Claim,Claimed component not warranty eligible | Warranty expired | Fault/damage excluded,,2.0.0,Printer,Ink Or Toner,0,0,12,Active,No,30,No,warranty_proof | identity_evidence | fault_evidence | usage_meter_evidence,,1.0,No,-322,5
CLM00317,Invalid Claim,Claimed component not warranty eligible | Warranty expired | Fault/damage excluded,,2.0.0,Printer,Ink Or Toner,0,0,12,Active,No,30,No,warranty_proof | identity_evidence | fault_evidence | usage_meter_evidence,,1.0,No,-167,19
CLM00742,Invalid Claim,Duplicate claim,,2.0.0,Smartphone,Main Unit,12,12,12,Active,Yes,30,Yes,warranty_proof | identity_evidence | fault_evidence,,1.0,No,189,15
CLM01431,Manual Review,,Serial verification uncertain,2.0.0,Camera,Camera Body,24,24,24,Active,Yes,30,Yes,warranty_proof | identity_evidence | fault_evidence,,1.0,No,209,7
CLM01145,Valid Claim,,,2.0.0,Laptop,Main Unit,24,24,24,Near Expiry,Yes,30,Yes,warranty_proof | identity_evidence | fault_evidence,,1.0,No,1,5
CLM00530,Invalid Claim,Fault/damage excluded,Serial verification uncertain,2.0.0,Refrigerator,Main Unit,24,24,24,Active,Yes,30,No,warranty_proof | identity_evidence | fault_evidence,,1.0,No,91,13
CLM00605,Invalid Claim,Fault/damage excluded,,2.0.0,Camera,Camera Body,24,24,24,Active,Yes,30,No,warranty_proof | identity_evidence | fault_evidence,,1.0,No,134,25
CLM00461,Invalid Claim,Fault/damage excluded | Reporting period exceeded,,2.0.0,Air Conditioner,Main Unit,24,24,24,Active,Yes,30,No,warranty_proof | identity_evidence | fault_evidence | installation_evidence,,1.0,No,297,54
CLM01382,Manual Review,,Missing required evidence,2.0.0,Laptop,Main Unit,24,24,24,Active,Yes,30,Yes,warranty_proof | identity_evidence | fault_evidence | repair_report,repair_report,0.75,No,205,23
CLM01483,Manual Review,,Missing required evidence | Product/model inconsistency,2.0.0,Television,Main Unit,24,36,36,Active,Yes,30,Yes,warranty_proof | identity_evidence | fault_evidence | repair_report,repair_report,0.75,No,315,13
CLM01338,Manual Review,,Missing required evidence | Repair authorization uncertain,2.0.0,Laptop,Main Unit,24,24,24,Active,Yes,30,Yes,warranty_proof | identity_evidence | fault_evidence | repair_report,repair_report,0.75,No,110,15
CLM01135,Manual Review,,Missing required evidence | Low OCR confidence,2.0.0,Washing Machine,Motor,120,120,120,Active,Yes,30,Yes,warranty_proof | identity_evidence | fault_evidence | service_diagnostic,service_diagnostic,0.75,No,182,7
CLM00987,Manual Review,,Missing required evidence,2.0.0,Air Conditioner,Main Unit,24,24,24,Active,Yes,30,Yes,warranty_proof | identity_evidence | fault_evidence | installation_evidence | repair_report,fault_evidence,0.8,No,233,5
CLM00600,Valid Claim,,,2.0.0,Smartphone,Main Unit,12,12,12,Active,Yes,30,Yes,warranty_proof | identity_evidence | fault_evidence | repair_report,,1.0,No,139,16
CLM00477,Invalid Claim,Fault/damage excluded,,2.0.0,Camera,Camera Body,24,24,24,Active,Yes,30,No,warranty_proof | identity_evidence | fault_evidence,,1.0,No,146,17
CLM00500,Manual Review,,Missing required evidence,2.0.0,Washing Machine,Main Unit,24,36,36,Active,Yes,30,Yes,warranty_proof | identity_evidence | fault_evidence | repair_report,repair_report,0.75,No,279,12
CLM00776,Manual Review,,Missing required evidence,2.0.0,Smartphone,Main Unit,12,12,12,Active,Yes,30,Yes,warranty_proof | identity_evidence | fault_evidence,fault_evidence,0.6667,No,48,13
CLM00918,Invalid Claim,Fault/damage excluded,,2.0.0,Laptop,Main Unit,24,24,24,Active,Yes,30,No,warranty_proof | identity_evidence | fault_evidence | repair_report,,1.0,No,305,1
CLM00484,Invalid Claim,Fault/damage excluded,Missing required evidence | Contradictory evidence,2.0.0,Camera,Lens,24,24,24,Active,Yes,30,No,warranty_proof | identity_evidence | fault_evidence | component_identity_evidence,identity_evidence,0.75,Yes,306,8
CLM00871,Invalid Claim,Serial mismatch,Missing required evidence,2.0.0,Laptop,Main Unit,24,24,24,Active,Yes,30,Yes,warranty_proof | identity_evidence | fault_evidence | repair_report,repair_report,0.75,No,329,18
CLM01112,Valid Claim,,,2.0.0,Air Conditioner,Main Unit,24,24,24,Active,Yes,30,Yes,warranty_proof | identity_evidence | fault_evidence | installation_evidence | repair_report,,1.0,No,32,10
CLM00278,Invalid Claim,Fault/damage excluded,Missing required evidence,2.0.0,Television,Main Unit,24,24,24,Active,Yes,30,No,warranty_proof | identity_evidence | fault_evidence,fault_evidence,0.6667,No,311,12
CLM00485,Invalid Claim,Warranty expired,,2.0.0,Refrigerator,Main Unit,24,24,24,Expired,Yes,30,Yes,warranty_proof | identity_evidence | fault_evidence,,1.0,No,-14,13
CLM00004,Invalid Claim,Fault/damage excluded,Missing required evidence,2.0.0,Laptop,Power Adapter,12,12,12,Active,Yes,30,No,warranty_proof | identity_evidence | fault_evidence,fault_evidence,0.6667,No,251,9
CLM01456,Manual Review,,Missing required evidence | Serial verification uncertain,2.0.0,Air Conditioner,Main Unit,24,24,24,Active,Yes,30,Yes,warranty_proof | identity_evidence | fault_evidence | installation_evidence,identity_evidence | fault_evidence,0.5,Yes,129,16
CLM00735,Valid Claim,,,2.0.0,Laptop,Battery,12,12,12,Active,Yes,30,Yes,warranty_proof | identity_evidence | fault_evidence | battery_diagnostic,,1.0,No,152,25
CLM01218,Manual Review,,Repair authorization uncertain,2.0.0,Television,Main Unit,24,24,24,Active,Yes,30,Yes,warranty_proof | identity_evidence | fault_evidence | repair_report,,1.0,No,341,8
CLM00284,Valid Claim,,,2.0.0,Camera,Camera Body,24,24,24,Active,Yes,30,Yes,warranty_proof | identity_evidence | fault_evidence,,1.0,No,262,4
CLM00156,Invalid Claim,Reporting period exceeded,,2.0.0,Smartphone,Main Unit,12,12,12,Active,Yes,30,Yes,warranty_proof | identity_evidence | fault_evidence,,1.0,No,68,31
CLM01067,Manual Review,,Missing required evidence | Low OCR confidence,2.0.0,Refrigerator,Compressor,120,120,120,Active,Yes,30,Yes,warranty_proof | identity_evidence | fault_evidence | service_diagnostic,fault_evidence,0.75,No,116,4
CLM00626,Invalid Claim,Fault/damage excluded,Missing required evidence | Low OCR confidence,2.0.0,Laptop,Main Unit,24,24,24,Near Expiry,Yes,30,No,warranty_proof | identity_evidence | fault_evidence,identity_evidence,0.6667,Yes,1,3
CLM00818,Invalid Claim,Serial mismatch,,2.0.0,Camera,Camera Body,24,24,24,Active,Yes,30,Yes,warranty_proof | identity_evidence | fault_evidence | repair_report,,1.0,No,37,17
CLM00035,Valid Claim,,,2.0.0,Printer,Main Unit,12,12,12,Active,Yes,30,Yes,warranty_proof | identity_evidence | fault_evidence | usage_meter_evidence,,1.0,No,190,9
CLM00343,Valid Claim,,,2.0.0,Camera,Lens,24,24,24,Near Expiry,Yes,30,Yes,warranty_proof | identity_evidence | fault_evidence | component_identity_evidence,,1.0,No,14,4
CLM01088,Manual Review,,Missing required evidence | Serial verification uncertain,2.0.0,Refrigerator,Main Unit,24,24,24,Active,Yes,30,Yes,warranty_proof | identity_evidence | fault_evidence,fault_evidence,0.6667,No,282,26
CLM00517,Valid Claim,,,2.0.0,Laptop,Power Adapter,12,12,12,Active,Yes,30,Yes,warranty_proof | identity_evidence | fault_evidence | repair_report,,1.0,No,157,15
CLM00885,Invalid Claim,Warranty expired,Missing required evidence,2.0.0,Washing Machine,Main Unit,24,24,24,Expired,Yes,30,Yes,warranty_proof | identity_evidence | fault_evidence,identity_evidence,0.6667,Yes,-177,15
CLM00248,Valid Claim,,,2.0.0,Washing Machine,Main Unit,24,24,24,Active,Yes,30,Yes,warranty_proof | identity_evidence | fault_evidence,,1.0,No,48,16
CLM00370,Invalid Claim,Fault/damage excluded,,2.0.0,Air Conditioner,Main Unit,24,24,24,Active,Yes,30,No,warranty_proof | identity_evidence | fault_evidence | installation_evidence,,1.0,No,211,11
CLM00749,Valid Claim,,,2.0.0,Printer,Main Unit,12,12,12,Active,Yes,30,Yes,warranty_proof | identity_evidence | fault_evidence | usage_meter_evidence,,1.0,No,124,7
CLM01484,Manual Review,,Missing required evidence,2.0.0,Printer,Print Head,12,12,12,Active,Yes,30,Yes,warranty_proof | identity_evidence | fault_evidence | usage_meter_evidence,fault_evidence,0.75,No,178,17
CLM01247,Valid Claim,,,2.0.0,Refrigerator,Main Unit,24,24,24,Active,Yes,30,Yes,warranty_proof | identity_evidence | fault_evidence,,1.0,No,61,11
CLM01031,Valid Claim,,,2.0.0,Washing Machine,Main Unit,24,24,24,Active,Yes,30,Yes,warranty_proof | identity_evidence | fault_evidence,,1.0,No,275,29
CLM01445,Manual Review,,Missing required evidence,2.0.0,Printer,Main Unit,12,12,12,Active,Yes,30,Yes,warranty_proof | identity_evidence | fault_evidence | usage_meter_evidence,fault_evidence | usage_meter_evidence,0.5,No,106,1
CLM01330,Valid Claim,,,2.0.0,Washing Machine,Main Unit,24,36,36,Active,Yes,30,Yes,warranty_proof | identity_evidence | fault_evidence,,1.0,No,316,17
CLM01298,Valid Claim,,,2.0.0,Refrigerator,Main Unit,24,24,24,Active,Yes,30,Yes,warranty_proof | identity_evidence | fault_evidence,,1.0,No,341,7
CLM01394,Manual Review,,Low OCR confidence,2.0.0,Air Conditioner,Main Unit,24,24,24,Active,Yes,30,Yes,warranty_proof | identity_evidence | fault_evidence | installation_evidence,,1.0,No,184,18
CLM01225,Valid Claim,,,2.0.0,Smartphone,Main Unit,12,12,12,Active,Yes,30,Yes,warranty_proof | identity_evidence | fault_evidence,,1.0,No,107,14
CLM00866,Invalid Claim,Warranty expired | Fault/damage excluded | Unauthorized repair,Missing required evidence | Serial verification uncertain | Low OCR confidence,2.0.0,Smartphone,Main Unit,12,12,12,Expired,Yes,30,No,warranty_proof | identity_evidence | fault_evidence | repair_report,repair_report,0.75,No,-21,5
CLM00274,Invalid Claim,Fault/damage excluded,,2.0.0,Smartphone,Battery,12,12,12,Active,Yes,30,No,warranty_proof | identity_evidence | fault_evidence | battery_diagnostic,,1.0,No,67,15
CLM01122,Manual Review,,Missing required evidence | Contradictory evidence,2.0.0,Refrigerator,Main Unit,24,24,24,Active,Yes,30,Yes,warranty_proof | identity_evidence | fault_evidence | repair_report,fault_evidence,0.75,No,309,11
CLM00581,Valid Claim,,,2.0.0,Printer,Main Unit,12,12,12,Near Expiry,Yes,30,Yes,warranty_proof | identity_evidence | fault_evidence | usage_meter_evidence,,1.0,No,30,6
CLM00049,Valid Claim,,,2.0.0,Smartphone,Charger,6,6,6,Active,Yes,30,Yes,warranty_proof | identity_evidence | fault_evidence,,1.0,No,82,2
CLM00188,Invalid Claim,Warranty expired,,2.0.0,Smartphone,Main Unit,12,12,12,Expired,Yes,30,Yes,warranty_proof | identity_evidence | fault_evidence,,1.0,No,-6,6
CLM00390,Invalid Claim,Warranty expired,,2.0.0,Refrigerator,Main Unit,24,24,24,Expired,Yes,30,Yes,warranty_proof | identity_evidence | fault_evidence | repair_report,,1.0,No,-204,16
CLM01439,Manual Review,,Missing required evidence | Product/model inconsistency,2.0.0,Smartphone,Main Unit,12,12,12,Active,Yes,30,Yes,warranty_proof | identity_evidence | fault_evidence,identity_evidence,0.6667,Yes,71,5
CLM01128,Valid Claim,,,2.0.0,Television,Main Unit,24,24,24,Active,Yes,30,Yes,warranty_proof | identity_evidence | fault_evidence | repair_report,,1.0,No,105,8
CLM01144,Manual Review,,Missing required evidence,2.0.0,Smartphone,Main Unit,12,24,24,Active,Yes,30,Yes,warranty_proof | identity_evidence | fault_evidence,fault_evidence,0.6667,No,275,16
CLM00293,Invalid Claim,Warranty expired,Missing required evidence | Serial verification uncertain,2.0.0,Laptop,Main Unit,24,36,36,Expired,Yes,30,Yes,warranty_proof | identity_evidence | fault_evidence | repair_report,fault_evidence,0.75,No,-229,11
CLM00731,Invalid Claim,Serial mismatch,,2.0.0,Camera,Camera Body,24,24,24,Near Expiry,Yes,30,Yes,warranty_proof | identity_evidence | fault_evidence,,1.0,No,13,12
CLM01400,Valid Claim,,,2.0.0,Television,Main Unit,24,24,24,Near Expiry,Yes,30,Yes,warranty_proof | identity_evidence | fault_evidence,,1.0,No,27,7
CLM00310,Invalid Claim,Fault/damage excluded,,2.0.0,Printer,Main Unit,12,12,12,Active,Yes,30,No,warranty_proof | identity_evidence | fault_evidence | usage_meter_evidence,,1.0,No,203,18
CLM01204,Manual Review,,Missing required evidence,2.0.0,Air Conditioner,Compressor,60,60,60,Near Expiry,Yes,30,Yes,warranty_proof | identity_evidence | fault_evidence | installation_evidence | service_diagnostic,installation_evidence,0.8,Yes,0,27
CLM01184,Manual Review,,Low OCR confidence,2.0.0,Air Conditioner,Main Unit,24,24,24,Active,Yes,30,Yes,warranty_proof | identity_evidence | fault_evidence | installation_evidence,,1.0,No,207,12
CLM01131,Manual Review,,Low OCR confidence,2.0.0,Camera,Lens,24,24,24,Active,Yes,30,Yes,warranty_proof | identity_evidence | fault_evidence | component_identity_evidence,,1.0,No,108,7
CLM00566,Invalid Claim,Fault/damage excluded | Serial mismatch,,2.0.0,Air Conditioner,Main Unit,24,24,24,Active,Yes,30,No,warranty_proof | identity_evidence | fault_evidence | installation_evidence,,1.0,No,361,14
CLM01044,Valid Claim,,,2.0.0,Printer,Print Head,12,12,12,Active,Yes,30,Yes,warranty_proof | identity_evidence | fault_evidence | usage_meter_evidence,,1.0,No,186,19
CLM01051,Valid Claim,,,2.0.0,Smartphone,Main Unit,12,12,12,Active,Yes,30,Yes,warranty_proof | identity_evidence | fault_evidence | repair_report,,1.0,No,179,11
CLM00342,Valid Claim,,,2.0.0,Television,Remote Control,6,6,6,Active,Yes,30,Yes,warranty_proof | identity_evidence | fault_evidence,,1.0,No,65,21
CLM00326,Manual Review,,Missing required evidence,2.0.0,Printer,Main Unit,12,12,12,Active,Yes,30,Yes,warranty_proof | identity_evidence | fault_evidence | usage_meter_evidence,usage_meter_evidence,0.75,No,162,21
CLM01174,Manual Review,,Missing required evidence,2.0.0,Refrigerator,Main Unit,24,24,24,Active,Yes,30,Yes,warranty_proof | identity_evidence | fault_evidence,fault_evidence,0.6667,No,111,21
CLM00256,Invalid Claim,Warranty expired | Unauthorized repair,Missing required evidence | Serial verification uncertain,2.0.0,Smartphone,Charger,6,6,6,Expired,Yes,30,Yes,warranty_proof | identity_evidence | fault_evidence | repair_report,repair_report,0.75,No,-101,25
CLM01461,Manual Review,,Serial verification uncertain,2.0.0,Smartphone,Main Unit,12,12,12,Active,Yes,30,Yes,warranty_proof | identity_evidence | fault_evidence | repair_report,,1.0,No,158,11
CLM00482,Invalid Claim,Fault/damage excluded,Missing required evidence,2.0.0,Camera,Battery,6,6,6,Active,Yes,30,No,warranty_proof | identity_evidence | fault_evidence,identity_evidence,0.6667,Yes,72,19
CLM00986,Valid Claim,,,2.0.0,Television,Main Unit,24,24,24,Active,Yes,30,Yes,warranty_proof | identity_evidence | fault_evidence,,1.0,No,184,18
CLM00596,Valid Claim,,,2.0.0,Washing Machine,Motor,120,120,120,Active,Yes,30,Yes,warranty_proof | identity_evidence | fault_evidence | repair_report | service_diagnostic,,1.0,No,50,11
CLM00291,Manual Review,,Missing required evidence,2.0.0,Printer,Main Unit,12,12,12,Active,Yes,30,Yes,warranty_proof | identity_evidence | fault_evidence | usage_meter_evidence,identity_evidence | fault_evidence,0.5,Yes,70,16
CLM00694,Manual Review,,Missing required evidence,2.0.0,Television,Main Unit,24,24,24,Active,Yes,30,Yes,warranty_proof | identity_evidence | fault_evidence,identity_evidence,0.6667,Yes,300,2
CLM00586,Invalid Claim,Fault/damage excluded,,2.0.0,Television,Main Unit,24,24,24,Active,Yes,30,No,warranty_proof | identity_evidence | fault_evidence,,1.0,No,39,25
CLM01348,Valid Claim,,,2.0.0,Smartphone,Main Unit,12,12,12,Active,Yes,30,Yes,warranty_proof | identity_evidence | fault_evidence,,1.0,No,162,9
CLM00415,Invalid Claim,Warranty expired,,2.0.0,Laptop,Battery,12,12,12,Expired,Yes,30,Yes,warranty_proof | identity_evidence | fault_evidence | battery_diagnostic,,1.0,No,-177,2
CLM00852,Invalid Claim,Fault/damage excluded,,2.0.0,Refrigerator,Main Unit,24,24,24,Active,Yes,30,No,warranty_proof | identity_evidence | fault_evidence,,1.0,No,159,18
CLM00991,Manual Review,,Missing required evidence,2.0.0,Laptop,Main Unit,24,24,24,Active,Yes,30,Yes,warranty_proof | identity_evidence | fault_evidence,identity_evidence,0.6667,Yes,33,13
CLM00175,Valid Claim,,,2.0.0,Smartphone,Main Unit,12,12,12,Active,Yes,30,Yes,warranty_proof | identity_evidence | fault_evidence,,1.0,No,162,4
CLM00613,Invalid Claim,Serial mismatch,,2.0.0,Camera,Camera Body,24,24,24,Active,Yes,30,Yes,warranty_proof | identity_evidence | fault_evidence,,1.0,No,80,5
CLM01042,Valid Claim,,,2.0.0,Smartphone,Battery,12,12,12,Active,Yes,30,Yes,warranty_proof | identity_evidence | fault_evidence | battery_diagnostic,,1.0,No,230,20
CLM00286,Invalid Claim,Fault/damage excluded,,2.0.0,Smartphone,Main Unit,12,12,12,Active,Yes,30,No,warranty_proof | identity_evidence | fault_evidence,,1.0,No,47,19
CLM01492,Manual Review,,Missing required evidence,2.0.0,Air Conditioner,Main Unit,24,24,24,Near Expiry,Yes,30,Yes,warranty_proof | identity_evidence | fault_evidence | installation_evidence,installation_evidence,0.75,Yes,7,14
CLM01468,Manual Review,,Missing required evidence,2.0.0,Camera,Camera Body,24,24,24,Near Expiry,Yes,30,Yes,warranty_proof | identity_evidence | fault_evidence,identity_evidence,0.6667,Yes,4,12
CLM00169,Invalid Claim,Fault/damage excluded,,2.0.0,Television,Display Panel,24,24,24,Near Expiry,Yes,30,No,warranty_proof | identity_evidence | fault_evidence | screen_fault_image,,1.0,No,19,21
CLM00556,Manual Review,,Missing required evidence | Serial verification uncertain,2.0.0,Air Conditioner,Compressor,60,60,60,Active,Yes,30,Yes,warranty_proof | identity_evidence | fault_evidence | installation_evidence | service_diagnostic,service_diagnostic,0.8,No,266,22
CLM00790,Valid Claim,,,2.0.0,Camera,Camera Body,24,24,24,Active,Yes,30,Yes,warranty_proof | identity_evidence | fault_evidence | repair_report,,1.0,No,190,10
CLM00385,Valid Claim,,,2.0.0,Camera,Camera Body,24,24,24,Active,Yes,30,Yes,warranty_proof | identity_evidence | fault_evidence | repair_report,,1.0,No,199,20
CLM00846,Invalid Claim,Warranty expired | Reporting period exceeded,Low OCR confidence,2.0.0,Air Conditioner,Compressor,60,60,60,Expired,Yes,30,Yes,warranty_proof | identity_evidence | fault_evidence | installation_evidence | service_diagnostic,,1.0,No,-107,58
CLM01048,Manual Review,,Missing required evidence,2.0.0,Laptop,Battery,12,12,12,Active,Yes,30,Yes,warranty_proof | identity_evidence | fault_evidence | battery_diagnostic,fault_evidence | battery_diagnostic,0.5,No,62,2
CLM00445,Invalid Claim,Warranty expired | Reporting period exceeded,,2.0.0,Printer,Main Unit,12,24,24,Expired,Yes,30,Yes,warranty_proof | identity_evidence | fault_evidence | usage_meter_evidence,,1.0,No,-217,35
CLM00122,Invalid Claim,Warranty expired,,2.0.0,Smartphone,Charger,6,6,6,Expired,Yes,30,Yes,warranty_proof | identity_evidence | fault_evidence,,1.0,No,-78,25
CLM00311,Valid Claim,,,2.0.0,Smartphone,Main Unit,12,12,12,Active,Yes,30,Yes,warranty_proof | identity_evidence | fault_evidence | repair_report,,1.0,No,158,1
CLM00758,Invalid Claim,Warranty expired,Missing required evidence,2.0.0,Camera,Camera Body,24,24,24,Expired,Yes,30,Yes,warranty_proof | identity_evidence | fault_evidence | repair_report,identity_evidence,0.75,Yes,-325,19
CLM01327,Manual Review,,Missing required evidence,2.0.0,Laptop,Power Adapter,12,12,12,Active,Yes,30,Yes,warranty_proof | identity_evidence | fault_evidence,fault_evidence,0.6667,No,43,3
CLM00013,Invalid Claim,Warranty expired,,2.0.0,Air Conditioner,Main Unit,24,36,36,Expired,Yes,30,Yes,warranty_proof | identity_evidence | fault_evidence | installation_evidence,,1.0,No,-253,5
CLM01353,Valid Claim,,,2.0.0,Air Conditioner,Compressor,60,60,60,Active,Yes,30,Yes,warranty_proof | identity_evidence | fault_evidence | installation_evidence | service_diagnostic,,1.0,No,314,23
CLM00788,Valid Claim,,,2.0.0,Washing Machine,Main Unit,24,24,24,Near Expiry,Yes,30,Yes,warranty_proof | identity_evidence | fault_evidence | repair_report,,1.0,No,18,0
CLM01090,Valid Claim,,,2.0.0,Smartphone,Battery,12,12,12,Active,Yes,30,Yes,warranty_proof | identity_evidence | fault_evidence | battery_diagnostic,,1.0,No,122,4
CLM00810,Invalid Claim,Fault/damage excluded,,2.0.0,Smartphone,Charger,6,6,6,Active,Yes,30,No,warranty_proof | identity_evidence | fault_evidence,,1.0,No,92,11
CLM00549,Manual Review,,Product/model inconsistency,2.0.0,Refrigerator,Main Unit,24,36,36,Active,Yes,30,Yes,warranty_proof | identity_evidence | fault_evidence | repair_report,,1.0,No,222,10
CLM00796,Invalid Claim,Serial mismatch,,2.0.0,Television,Main Unit,24,24,24,Active,Yes,30,Yes,warranty_proof | identity_evidence | fault_evidence,,1.0,No,94,24
CLM01003,Manual Review,,Contradictory evidence,2.0.0,Camera,Camera Body,24,24,24,Active,Yes,30,Yes,warranty_proof | identity_evidence | fault_evidence,,1.0,No,338,29
CLM00152,Invalid Claim,Warranty expired,Serial verification uncertain,2.0.0,Television,Main Unit,24,24,24,Expired,Yes,30,Yes,warranty_proof | identity_evidence | fault_evidence,,1.0,No,-220,8
CLM00797,Invalid Claim,Warranty expired | Fault/damage excluded,,2.0.0,Television,Main Unit,24,24,24,Expired,Yes,30,No,warranty_proof | identity_evidence | fault_evidence,,1.0,No,-54,14
CLM01070,Manual Review,,Missing required evidence,2.0.0,Washing Machine,Main Unit,24,24,24,Active,Yes,30,Yes,warranty_proof | identity_evidence | fault_evidence,fault_evidence,0.6667,No,318,26
CLM01182,Manual Review,,Missing required evidence,2.0.0,Camera,Camera Body,24,24,24,Active,Yes,30,Yes,warranty_proof | identity_evidence | fault_evidence,identity_evidence | fault_evidence,0.3333,Yes,327,15
CLM01266,Valid Claim,,,2.0.0,Refrigerator,Main Unit,24,24,24,Active,Yes,30,Yes,warranty_proof | identity_evidence | fault_evidence,,1.0,No,362,25
CLM00680,Valid Claim,,,2.0.0,Printer,Main Unit,12,12,12,Near Expiry,Yes,30,Yes,warranty_proof | identity_evidence | fault_evidence | usage_meter_evidence,,1.0,No,12,1
CLM00410,Invalid Claim,Warranty expired | Fault/damage excluded,,2.0.0,Camera,Camera Body,24,24,24,Expired,Yes,30,No,warranty_proof | identity_evidence | fault_evidence,,1.0,No,-262,11
CLM00451,Invalid Claim,Fault/damage excluded | Reporting period exceeded | Serial mismatch,,2.0.0,Laptop,Power Adapter,12,12,12,Active,Yes,30,No,warranty_proof | identity_evidence | fault_evidence,,1.0,No,84,44
CLM00844,Invalid Claim,Fault/damage excluded,,2.0.0,Refrigerator,Main Unit,24,36,36,Active,Yes,30,No,warranty_proof | identity_evidence | fault_evidence,,1.0,No,164,13
CLM00376,Invalid Claim,Warranty expired,Missing required evidence | Low OCR confidence,2.0.0,Air Conditioner,Main Unit,24,24,24,Expired,Yes,30,Yes,warranty_proof | identity_evidence | fault_evidence | installation_evidence,installation_evidence,0.75,Yes,-172,15
CLM00089,Invalid Claim,Reporting period exceeded | Serial mismatch,Low OCR confidence,2.0.0,Washing Machine,Main Unit,24,24,24,Active,Yes,30,Yes,warranty_proof | identity_evidence | fault_evidence,,1.0,No,245,40
CLM00616,Invalid Claim,Fault/damage excluded,Contradictory evidence,2.0.0,Washing Machine,Main Unit,24,24,24,Active,Yes,30,No,warranty_proof | identity_evidence | fault_evidence,,1.0,No,343,9
CLM01121,Valid Claim,,,2.0.0,Refrigerator,Main Unit,24,36,36,Near Expiry,Yes,30,Yes,warranty_proof | identity_evidence | fault_evidence,,1.0,No,26,6
CLM00906,Manual Review,,Missing required evidence,2.0.0,Laptop,Main Unit,24,24,24,Active,Yes,30,Yes,warranty_proof | identity_evidence | fault_evidence,fault_evidence,0.6667,No,333,6
CLM01319,Valid Claim,,,2.0.0,Smartphone,Main Unit,12,12,12,Active,Yes,30,Yes,warranty_proof | identity_evidence | fault_evidence,,1.0,No,133,13
CLM00041,Invalid Claim,Fault/damage excluded,Contradictory evidence | Product/model inconsistency,2.0.0,Printer,Main Unit,12,24,24,Near Expiry,Yes,30,No,warranty_proof | identity_evidence | fault_evidence | usage_meter_evidence,,1.0,No,26,14
CLM00295,Valid Claim,,,2.0.0,Printer,Main Unit,12,12,12,Active,Yes,30,Yes,warranty_proof | identity_evidence | fault_evidence | usage_meter_evidence,,1.0,No,156,11
CLM00447,Invalid Claim,Warranty expired,,2.0.0,Air Conditioner,Main Unit,24,24,24,Expired,Yes,30,Yes,warranty_proof | identity_evidence | fault_evidence | installation_evidence | repair_report,,1.0,No,-16,21
CLM01093,Manual Review,,Missing required evidence,2.0.0,Laptop,Main Unit,24,24,24,Near Expiry,Yes,30,Yes,warranty_proof | identity_evidence | fault_evidence,identity_evidence,0.6667,Yes,30,11
CLM01063,Manual Review,,Contradictory evidence,2.0.0,Camera,Camera Body,24,24,24,Active,Yes,30,Yes,warranty_proof | identity_evidence | fault_evidence,,1.0,No,77,7
CLM01450,Manual Review,,Missing required evidence | Product/model inconsistency,2.0.0,Refrigerator,Compressor,120,120,120,Active,Yes,30,Yes,warranty_proof | identity_evidence | fault_evidence | service_diagnostic,identity_evidence,0.75,Yes,236,16
CLM00273,Invalid Claim,Fault/damage excluded,Low OCR confidence,2.0.0,Television,Main Unit,24,36,36,Near Expiry,Yes,30,No,warranty_proof | identity_evidence | fault_evidence,,1.0,No,29,4
CLM00664,Invalid Claim,Fault/damage excluded,,2.0.0,Smartphone,Main Unit,12,12,12,Active,Yes,30,No,warranty_proof | identity_evidence | fault_evidence,,1.0,No,177,5
CLM00345,Valid Claim,,,2.0.0,Printer,Main Unit,12,12,12,Active,Yes,30,Yes,warranty_proof | identity_evidence | fault_evidence | usage_meter_evidence,,1.0,No,157,4
CLM01167,Manual Review,,Product/model inconsistency,2.0.0,Smartphone,Main Unit,12,12,12,Near Expiry,Yes,30,Yes,warranty_proof | identity_evidence | fault_evidence,,1.0,No,14,25
CLM01069,Manual Review,,Product/model inconsistency,2.0.0,Camera,Camera Body,24,24,24,Active,Yes,30,Yes,warranty_proof | identity_evidence | fault_evidence,,1.0,No,328,16
CLM00141,Invalid Claim,Fault/damage excluded,,2.0.0,Laptop,Main Unit,24,24,24,Active,Yes,30,No,warranty_proof | identity_evidence | fault_evidence,,1.0,No,266,7
CLM00097,Invalid Claim,Warranty expired,Serial verification uncertain | Low OCR confidence,2.0.0,Television,Main Unit,24,24,24,Expired,Yes,30,Yes,warranty_proof | identity_evidence | fault_evidence | repair_report,,1.0,No,-111,13
CLM01108,Manual Review,,Missing required evidence,2.0.0,Air Conditioner,Compressor,60,60,60,Active,Yes,30,Yes,warranty_proof | identity_evidence | fault_evidence | installation_evidence | service_diagnostic,fault_evidence,0.8,No,264,8
CLM00237,Invalid Claim,Warranty expired | Fault/damage excluded,,2.0.0,Camera,Camera Body,24,24,24,Expired,Yes,30,No,warranty_proof | identity_evidence | fault_evidence,,1.0,No,-131,13
CLM01155,Valid Claim,,,2.0.0,Laptop,Main Unit,24,24,24,Active,Yes,30,Yes,warranty_proof | identity_evidence | fault_evidence,,1.0,No,46,22
CLM00814,Manual Review,,Missing required evidence,2.0.0,Smartphone,Main Unit,12,24,24,Active,Yes,30,Yes,warranty_proof | identity_evidence | fault_evidence,identity_evidence,0.6667,Yes,350,19
CLM00540,Invalid Claim,Warranty expired | Duplicate claim,,2.0.0,Television,Main Unit,24,36,36,Expired,Yes,30,Yes,warranty_proof | identity_evidence | fault_evidence,,1.0,No,-117,17
CLM00826,Valid Claim,,,2.0.0,Printer,Main Unit,12,12,12,Near Expiry,Yes,30,Yes,warranty_proof | identity_evidence | fault_evidence | usage_meter_evidence,,1.0,No,17,20
CLM01010,Manual Review,,Contradictory evidence | Product/model inconsistency,2.0.0,Camera,Camera Body,24,36,36,Active,Yes,30,Yes,warranty_proof | identity_evidence | fault_evidence,,1.0,No,86,6
CLM00709,Valid Claim,,,2.0.0,Smartphone,Main Unit,12,12,12,Active,Yes,30,Yes,warranty_proof | identity_evidence | fault_evidence,,1.0,No,132,12
CLM00509,Invalid Claim,Fault/damage excluded | Reporting period exceeded,Contradictory evidence,2.0.0,Printer,Main Unit,12,12,12,Active,Yes,30,No,warranty_proof | identity_evidence | fault_evidence | usage_meter_evidence,,1.0,No,139,33
CLM00255,Invalid Claim,Fault/damage excluded,,2.0.0,Laptop,Main Unit,24,24,24,Active,Yes,30,No,warranty_proof | identity_evidence | fault_evidence,,1.0,No,296,12
CLM01272,Valid Claim,,,2.0.0,Printer,Main Unit,12,12,12,Active,Yes,30,Yes,warranty_proof | identity_evidence | fault_evidence | usage_meter_evidence,,1.0,No,190,20
CLM00374,Invalid Claim,Fault/damage excluded,,2.0.0,Laptop,Main Unit,24,24,24,Active,Yes,30,No,warranty_proof | identity_evidence | fault_evidence,,1.0,No,331,0
CLM00816,Invalid Claim,Fault/damage excluded,Missing required evidence,2.0.0,Laptop,Main Unit,24,24,24,Active,Yes,30,No,warranty_proof | identity_evidence | fault_evidence,fault_evidence,0.6667,No,318,11
CLM00413,Invalid Claim,Reporting period exceeded,,2.0.0,Washing Machine,Main Unit,24,24,24,Active,Yes,30,Yes,warranty_proof | identity_evidence | fault_evidence,,1.0,No,109,42
CLM01141,Valid Claim,,,2.0.0,Smartphone,Main Unit,12,12,12,Near Expiry,Yes,30,Yes,warranty_proof | identity_evidence | fault_evidence | repair_report,,1.0,No,10,10
CLM00795,Manual Review,,Missing required evidence,2.0.0,Television,Main Unit,24,24,24,Active,Yes,30,Yes,warranty_proof | identity_evidence | fault_evidence,identity_evidence,0.6667,Yes,146,13
CLM00051,Invalid Claim,Fault/damage excluded,,2.0.0,Air Conditioner,Compressor,60,60,60,Active,Yes,30,No,warranty_proof | identity_evidence | fault_evidence | installation_evidence | service_diagnostic,,1.0,No,260,12
CLM00949,Manual Review,,Missing required evidence,2.0.0,Washing Machine,Main Unit,24,24,24,Active,Yes,30,Yes,warranty_proof | identity_evidence | fault_evidence | repair_report,fault_evidence | repair_report,0.5,No,348,22
CLM01120,Manual Review,,Missing required evidence,2.0.0,Washing Machine,Motor,120,120,120,Active,Yes,30,Yes,warranty_proof | identity_evidence | fault_evidence | service_diagnostic,service_diagnostic,0.75,No,152,2
CLM00787,Invalid Claim,Warranty expired,Missing required evidence,2.0.0,Camera,Camera Body,24,24,24,Expired,Yes,30,Yes,warranty_proof | identity_evidence | fault_evidence,identity_evidence,0.6667,Yes,-285,14
CLM00909,Manual Review,,Missing required evidence | Serial verification uncertain,2.0.0,Air Conditioner,Main Unit,24,24,24,Active,Yes,30,Yes,warranty_proof | identity_evidence | fault_evidence | installation_evidence | repair_report,repair_report,0.8,No,277,13
CLM00455,Invalid Claim,Fault/damage excluded | Reporting period exceeded,,2.0.0,Refrigerator,Main Unit,24,36,36,Active,Yes,30,No,warranty_proof | identity_evidence | fault_evidence,,1.0,No,126,37
CLM00772,Valid Claim,,,2.0.0,Air Conditioner,Main Unit,24,36,36,Active,Yes,30,Yes,warranty_proof | identity_evidence | fault_evidence | installation_evidence,,1.0,No,38,2
CLM00955,Invalid Claim,Serial mismatch,,2.0.0,Smartphone,Charger,6,6,6,Active,Yes,30,Yes,warranty_proof | identity_evidence | fault_evidence,,1.0,No,53,7
CLM00717,Valid Claim,,,2.0.0,Camera,Camera Body,24,24,24,Active,Yes,30,Yes,warranty_proof | identity_evidence | fault_evidence,,1.0,No,51,13
CLM00204,Manual Review,,Product/model inconsistency | Serial verification uncertain,2.0.0,Air Conditioner,Main Unit,24,24,24,Active,Yes,30,Yes,warranty_proof | identity_evidence | fault_evidence | installation_evidence,,1.0,No,139,0
CLM01278,Manual Review,,Missing required evidence,2.0.0,Washing Machine,Main Unit,24,24,24,Active,Yes,30,Yes,warranty_proof | identity_evidence | fault_evidence,fault_evidence,0.6667,No,72,25
CLM01418,Manual Review,,Missing required evidence,2.0.0,Laptop,Main Unit,24,24,24,Active,Yes,30,Yes,warranty_proof | identity_evidence | fault_evidence | repair_report,identity_evidence,0.75,Yes,81,18
CLM00632,Invalid Claim,Warranty expired,Missing required evidence,2.0.0,Smartphone,Battery,12,12,12,Expired,Yes,30,Yes,warranty_proof | identity_evidence | fault_evidence | battery_diagnostic,warranty_proof | battery_diagnostic,0.5,Yes,-199,5
CLM00690,Invalid Claim,Claimed component not warranty eligible | Warranty expired | Fault/damage excluded,,2.0.0,Printer,Ink Or Toner,0,0,12,Active,No,30,No,warranty_proof | identity_evidence | fault_evidence | usage_meter_evidence,,1.0,No,-242,21
CLM00902,Manual Review,,Serial verification uncertain,2.0.0,Refrigerator,Main Unit,24,24,24,Active,Yes,30,Yes,warranty_proof | identity_evidence | fault_evidence,,1.0,No,65,12
CLM01430,Manual Review,,Missing required evidence,2.0.0,Printer,Main Unit,12,12,12,Near Expiry,Yes,30,Yes,warranty_proof | identity_evidence | fault_evidence | usage_meter_evidence,usage_meter_evidence,0.75,No,1,10
CLM00837,Valid Claim,,,2.0.0,Air Conditioner,Main Unit,24,24,24,Active,Yes,30,Yes,warranty_proof | identity_evidence | fault_evidence | installation_evidence,,1.0,No,201,8
CLM00378,Invalid Claim,Fault/damage excluded,,2.0.0,Smartphone,Main Unit,12,12,12,Active,Yes,30,No,warranty_proof | identity_evidence | fault_evidence,,1.0,No,50,13
CLM00114,Manual Review,,Serial verification uncertain,2.0.0,Laptop,Power Adapter,12,12,12,Active,Yes,30,Yes,warranty_proof | identity_evidence | fault_evidence,,1.0,No,183,4
CLM00533,Invalid Claim,Fault/damage excluded,,2.0.0,Laptop,Main Unit,24,24,24,Active,Yes,30,No,warranty_proof | identity_evidence | fault_evidence | repair_report,,1.0,No,70,25
CLM01485,Manual Review,,Product/model inconsistency,2.0.0,Printer,Main Unit,12,12,12,Active,Yes,30,Yes,warranty_proof | identity_evidence | fault_evidence | usage_meter_evidence,,1.0,No,210,23
CLM01422,Manual Review,,Low OCR confidence,2.0.0,Printer,Main Unit,12,12,12,Active,Yes,30,Yes,warranty_proof | identity_evidence | fault_evidence | usage_meter_evidence,,1.0,No,130,14
CLM00282,Invalid Claim,Fault/damage excluded,,2.0.0,Refrigerator,Compressor,120,120,120,Active,Yes,30,No,warranty_proof | identity_evidence | fault_evidence | service_diagnostic,,1.0,No,214,9
CLM00059,Invalid Claim,Reporting period exceeded,,2.0.0,Television,Main Unit,24,24,24,Near Expiry,Yes,30,Yes,warranty_proof | identity_evidence | fault_evidence | repair_report,,1.0,No,14,32
CLM01426,Manual Review,,Missing required evidence,2.0.0,Air Conditioner,Compressor,60,60,60,Active,Yes,30,Yes,warranty_proof | identity_evidence | fault_evidence | installation_evidence | repair_report | service_diagnostic,repair_report,0.8333,No,195,15
CLM00314,Valid Claim,,,2.0.0,Smartphone,Main Unit,12,12,12,Active,Yes,30,Yes,warranty_proof | identity_evidence | fault_evidence | repair_report,,1.0,No,81,25
CLM00116,Manual Review,,Low OCR confidence,2.0.0,Smartphone,Battery,12,12,12,Active,Yes,30,Yes,warranty_proof | identity_evidence | fault_evidence | battery_diagnostic,,1.0,No,114,19
CLM01427,Manual Review,,Missing required evidence,2.0.0,Refrigerator,Main Unit,24,24,24,Active,Yes,30,Yes,warranty_proof | identity_evidence | fault_evidence,fault_evidence,0.6667,No,260,25
CLM00021,Invalid Claim,Warranty expired | Reporting period exceeded,Low OCR confidence,2.0.0,Smartphone,Main Unit,12,12,12,Expired,Yes,30,Yes,warranty_proof | identity_evidence | fault_evidence | repair_report,,1.0,No,-14,37
CLM01082,Manual Review,,Missing required evidence,2.0.0,Laptop,Main Unit,24,36,36,Active,Yes,30,Yes,warranty_proof | identity_evidence | fault_evidence,fault_evidence,0.6667,No,239,6
CLM01393,Valid Claim,,,2.0.0,Printer,Main Unit,12,12,12,Active,Yes,30,Yes,warranty_proof | identity_evidence | fault_evidence | usage_meter_evidence,,1.0,No,135,1
CLM00647,Manual Review,,Serial verification uncertain,2.0.0,Camera,Camera Body,24,24,24,Near Expiry,Yes,30,Yes,warranty_proof | identity_evidence | fault_evidence,,1.0,No,20,6
CLM01251,Valid Claim,,,2.0.0,Laptop,Main Unit,24,24,24,Active,Yes,30,Yes,warranty_proof | identity_evidence | fault_evidence | repair_report,,1.0,No,282,10
CLM01444,Manual Review,,Missing required evidence,2.0.0,Smartphone,Main Unit,12,12,12,Active,Yes,30,Yes,warranty_proof | identity_evidence | fault_evidence,identity_evidence,0.6667,Yes,184,15
CLM00138,Manual Review,,Missing required evidence,2.0.0,Camera,Camera Body,24,24,24,Near Expiry,Yes,30,Yes,warranty_proof | identity_evidence | fault_evidence,fault_evidence,0.6667,No,30,24
CLM01263,Valid Claim,,,2.0.0,Television,Main Unit,24,24,24,Active,Yes,30,Yes,warranty_proof | identity_evidence | fault_evidence,,1.0,No,228,18
CLM00329,Invalid Claim,Fault/damage excluded,,2.0.0,Smartphone,Main Unit,12,12,12,Active,Yes,30,No,warranty_proof | identity_evidence | fault_evidence | repair_report,,1.0,No,172,20
CLM00015,Invalid Claim,Unauthorized repair,,2.0.0,Camera,Camera Body,24,36,36,Near Expiry,Yes,30,Yes,warranty_proof | identity_evidence | fault_evidence | repair_report,,1.0,No,5,11
CLM00716,Manual Review,,Repair authorization uncertain,2.0.0,Smartphone,Main Unit,12,12,12,Near Expiry,Yes,30,Yes,warranty_proof | identity_evidence | fault_evidence | repair_report,,1.0,No,15,19
CLM00515,Manual Review,,Low OCR confidence,2.0.0,Camera,Camera Body,24,24,24,Active,Yes,30,Yes,warranty_proof | identity_evidence | fault_evidence,,1.0,No,129,25
CLM00071,Valid Claim,,,2.0.0,Television,Main Unit,24,24,24,Near Expiry,Yes,30,Yes,warranty_proof | identity_evidence | fault_evidence,,1.0,No,14,26
CLM00032,Invalid Claim,Warranty expired,,2.0.0,Smartphone,Main Unit,12,12,12,Expired,Yes,30,Yes,warranty_proof | identity_evidence | fault_evidence,,1.0,No,-37,22
CLM01111,Manual Review,,Missing required evidence,2.0.0,Refrigerator,Main Unit,24,24,24,Active,Yes,30,Yes,warranty_proof | identity_evidence | fault_evidence | repair_report,repair_report,0.75,No,331,11
CLM00973,Valid Claim,,,2.0.0,Refrigerator,Main Unit,24,24,24,Active,Yes,30,Yes,warranty_proof | identity_evidence | fault_evidence,,1.0,No,337,8
CLM00068,Invalid Claim,Warranty expired | Serial mismatch,,2.0.0,Refrigerator,Main Unit,24,24,24,Expired,Yes,30,Yes,warranty_proof | identity_evidence | fault_evidence,,1.0,No,-96,21
CLM00474,Valid Claim,,,2.0.0,Camera,Camera Body,24,24,24,Near Expiry,Yes,30,Yes,warranty_proof | identity_evidence | fault_evidence | repair_report,,1.0,No,24,12
CLM00464,Invalid Claim,Warranty expired,Missing required evidence,2.0.0,Refrigerator,Main Unit,24,24,24,Expired,Yes,30,Yes,warranty_proof | identity_evidence | fault_evidence | repair_report,repair_report,0.75,No,-151,22
CLM00891,Manual Review,,Missing required evidence,2.0.0,Refrigerator,Main Unit,24,24,24,Active,Yes,30,Yes,warranty_proof | identity_evidence | fault_evidence,identity_evidence,0.6667,Yes,107,0
CLM00614,Valid Claim,,,2.0.0,Washing Machine,Main Unit,24,24,24,Active,Yes,30,Yes,warranty_proof | identity_evidence | fault_evidence,,1.0,No,68,23
CLM00265,Valid Claim,,,2.0.0,Smartphone,Main Unit,12,12,12,Active,Yes,30,Yes,warranty_proof | identity_evidence | fault_evidence,,1.0,No,182,15
CLM00189,Manual Review,,Missing required evidence | Low OCR confidence,2.0.0,Refrigerator,Main Unit,24,36,36,Near Expiry,Yes,30,Yes,warranty_proof | identity_evidence | fault_evidence,identity_evidence,0.6667,Yes,24,5
CLM00696,Invalid Claim,Reporting period exceeded,,2.0.0,Laptop,Main Unit,24,24,24,Active,Yes,30,Yes,warranty_proof | identity_evidence | fault_evidence,,1.0,No,31,39
CLM00120,Manual Review,,Repair authorization uncertain,2.0.0,Laptop,Main Unit,24,24,24,Active,Yes,30,Yes,warranty_proof | identity_evidence | fault_evidence | repair_report,,1.0,No,55,16
CLM00875,Valid Claim,,,2.0.0,Refrigerator,Compressor,120,120,120,Active,Yes,30,Yes,warranty_proof | identity_evidence | fault_evidence | service_diagnostic,,1.0,No,362,6
CLM01389,Manual Review,,Missing required evidence | Low OCR confidence,2.0.0,Printer,Print Head,12,12,12,Active,Yes,30,Yes,warranty_proof | identity_evidence | fault_evidence | usage_meter_evidence,usage_meter_evidence,0.75,No,161,13
CLM00307,Manual Review,,Missing required evidence,2.0.0,Smartphone,Main Unit,12,12,12,Active,Yes,30,Yes,warranty_proof | identity_evidence | fault_evidence | repair_report,repair_report,0.75,No,200,19
CLM01306,Valid Claim,,,2.0.0,Air Conditioner,Main Unit,24,36,36,Active,Yes,30,Yes,warranty_proof | identity_evidence | fault_evidence | installation_evidence,,1.0,No,158,24
CLM00577,Valid Claim,,,2.0.0,Printer,Print Head,12,12,12,Active,Yes,30,Yes,warranty_proof | identity_evidence | fault_evidence | repair_report | usage_meter_evidence,,1.0,No,205,9
CLM01175,Valid Claim,,,2.0.0,Air Conditioner,Main Unit,24,24,24,Active,Yes,30,Yes,warranty_proof | identity_evidence | fault_evidence | installation_evidence,,1.0,No,235,20
CLM00280,Valid Claim,,,2.0.0,Printer,Print Head,12,12,12,Near Expiry,Yes,30,Yes,warranty_proof | identity_evidence | fault_evidence | usage_meter_evidence,,1.0,No,18,8
CLM00275,Invalid Claim,Reporting period exceeded,Missing required evidence,2.0.0,Laptop,Main Unit,24,24,24,Active,Yes,30,Yes,warranty_proof | identity_evidence | fault_evidence | repair_report,repair_report,0.75,No,37,32
CLM00557,Manual Review,,Contradictory evidence,2.0.0,Washing Machine,Motor,120,120,120,Active,Yes,30,Yes,warranty_proof | identity_evidence | fault_evidence | service_diagnostic,,1.0,No,290,6
CLM00825,Manual Review,,Missing required evidence,2.0.0,Washing Machine,Main Unit,24,24,24,Active,Yes,30,Yes,warranty_proof | identity_evidence | fault_evidence,identity_evidence | fault_evidence,0.3333,Yes,207,9
CLM00809,Invalid Claim,Reporting period exceeded | Serial mismatch,,2.0.0,Air Conditioner,Compressor,60,60,60,Active,Yes,30,Yes,warranty_proof | identity_evidence | fault_evidence | installation_evidence | repair_report | service_diagnostic,,1.0,No,187,37
CLM00173,Invalid Claim,Serial mismatch,,2.0.0,Television,Main Unit,24,24,24,Active,Yes,30,Yes,warranty_proof | identity_evidence | fault_evidence,,1.0,No,60,14
CLM01035,Manual Review,,Low OCR confidence,2.0.0,Television,Main Unit,24,36,36,Active,Yes,30,Yes,warranty_proof | identity_evidence | fault_evidence,,1.0,No,120,8
CLM00212,Manual Review,,Missing required evidence,2.0.0,Washing Machine,Main Unit,24,24,24,Active,Yes,30,Yes,warranty_proof | identity_evidence | fault_evidence | repair_report,fault_evidence,0.75,No,135,3
CLM00872,Invalid Claim,Warranty expired | Reporting period exceeded,,2.0.0,Printer,Main Unit,12,12,12,Expired,Yes,30,Yes,warranty_proof | identity_evidence | fault_evidence | usage_meter_evidence,,1.0,No,-142,33
CLM00711,Invalid Claim,Warranty expired,Low OCR confidence,2.0.0,Refrigerator,Compressor,120,120,120,Expired,Yes,30,Yes,warranty_proof | identity_evidence | fault_evidence | service_diagnostic,,1.0,No,-297,13
CLM00106,Invalid Claim,Warranty expired | Fault/damage excluded,,2.0.0,Laptop,Power Adapter,12,12,12,Expired,Yes,30,No,warranty_proof | identity_evidence | fault_evidence,,1.0,No,-45,13
CLM00840,Invalid Claim,Warranty expired,Missing required evidence,2.0.0,Television,Main Unit,24,24,24,Expired,Yes,30,Yes,warranty_proof | identity_evidence | fault_evidence,fault_evidence,0.6667,No,-171,18
CLM00791,Invalid Claim,Fault/damage excluded,,2.0.0,Camera,Camera Body,24,24,24,Active,Yes,30,No,warranty_proof | identity_evidence | fault_evidence | repair_report,,1.0,No,235,7
CLM00218,Invalid Claim,Warranty expired | Duplicate claim,Missing required evidence,2.0.0,Television,Main Unit,24,24,24,Expired,Yes,30,Yes,warranty_proof | identity_evidence | fault_evidence,identity_evidence,0.6667,Yes,-235,13
CLM00487,Valid Claim,,,2.0.0,Air Conditioner,Main Unit,24,24,24,Active,Yes,30,Yes,warranty_proof | identity_evidence | fault_evidence | installation_evidence | repair_report,,1.0,No,104,18
CLM00950,Invalid Claim,Warranty expired | Unauthorized repair,Missing required evidence,2.0.0,Camera,Camera Body,24,24,24,Expired,Yes,30,Yes,warranty_proof | identity_evidence | fault_evidence | repair_report,repair_report,0.75,No,-172,15
CLM00550,Valid Claim,,,2.0.0,Television,Main Unit,24,24,24,Near Expiry,Yes,30,Yes,warranty_proof | identity_evidence | fault_evidence,,1.0,No,18,12
CLM00404,Manual Review,,Low OCR confidence,2.0.0,Washing Machine,Main Unit,24,24,24,Active,Yes,30,Yes,warranty_proof | identity_evidence | fault_evidence,,1.0,No,341,13
CLM01083,Manual Review,,Missing required evidence,2.0.0,Smartphone,Main Unit,12,12,12,Active,Yes,30,Yes,warranty_proof | identity_evidence | fault_evidence | repair_report,repair_report,0.75,No,111,15
CLM00609,Invalid Claim,Serial mismatch,Missing required evidence,2.0.0,Washing Machine,Main Unit,24,36,36,Active,Yes,30,Yes,warranty_proof | identity_evidence | fault_evidence,identity_evidence,0.6667,Yes,56,9
CLM00448,Valid Claim,,,2.0.0,Laptop,Main Unit,24,24,24,Active,Yes,30,Yes,warranty_proof | identity_evidence | fault_evidence,,1.0,No,33,10
CLM00111,Invalid Claim,Warranty expired,,2.0.0,Printer,Main Unit,12,12,12,Expired,Yes,30,Yes,warranty_proof | identity_evidence | fault_evidence | usage_meter_evidence,,1.0,No,-171,12
CLM01277,Valid Claim,,,2.0.0,Smartphone,Main Unit,12,12,12,Active,Yes,30,Yes,warranty_proof | identity_evidence | fault_evidence,,1.0,No,90,8
CLM00266,Invalid Claim,Fault/damage excluded,,2.0.0,Washing Machine,Main Unit,24,24,24,Active,Yes,30,No,warranty_proof | identity_evidence | fault_evidence | repair_report,,1.0,No,231,5
CLM00492,Valid Claim,,,2.0.0,Smartphone,Battery,12,12,12,Near Expiry,Yes,30,Yes,warranty_proof | identity_evidence | fault_evidence | battery_diagnostic,,1.0,No,4,5
CLM00544,Invalid Claim,Reporting period exceeded,,2.0.0,Smartphone,Main Unit,12,12,12,Active,Yes,30,Yes,warranty_proof | identity_evidence | fault_evidence,,1.0,No,59,33
CLM00103,Manual Review,,Serial verification uncertain,2.0.0,Refrigerator,Compressor,120,120,120,Active,Yes,30,Yes,warranty_proof | identity_evidence | fault_evidence | repair_report | service_diagnostic,,1.0,No,315,6
CLM00888,Valid Claim,,,2.0.0,Air Conditioner,Main Unit,24,24,24,Active,Yes,30,Yes,warranty_proof | identity_evidence | fault_evidence | installation_evidence | repair_report,,1.0,No,246,30
CLM01500,Manual Review,,Repair authorization uncertain,2.0.0,Smartphone,Main Unit,12,12,12,Near Expiry,Yes,30,Yes,warranty_proof | identity_evidence | fault_evidence | repair_report,,1.0,No,29,9
CLM01140,Manual Review,,Missing required evidence,2.0.0,Refrigerator,Main Unit,24,36,36,Active,Yes,30,Yes,warranty_proof | identity_evidence | fault_evidence,identity_evidence,0.6667,Yes,136,13
CLM00176,Invalid Claim,Warranty expired,Missing required evidence | Product/model inconsistency | Repair authorization uncertain,2.0.0,Television,Main Unit,24,36,36,Expired,Yes,30,Yes,warranty_proof | identity_evidence | fault_evidence | repair_report,repair_report,0.75,No,-312,3
CLM00005,Manual Review,,Missing required evidence,2.0.0,Refrigerator,Main Unit,24,24,24,Near Expiry,Yes,30,Yes,warranty_proof | identity_evidence | fault_evidence,fault_evidence,0.6667,No,6,16
CLM00494,Invalid Claim,Warranty expired | Fault/damage excluded,Missing required evidence,2.0.0,Smartphone,Main Unit,12,12,12,Expired,Yes,30,No,warranty_proof | identity_evidence | fault_evidence | repair_report,fault_evidence,0.75,No,-117,5
CLM00481,Manual Review,,Low OCR confidence,2.0.0,Camera,Lens,24,24,24,Active,Yes,30,Yes,warranty_proof | identity_evidence | fault_evidence | component_identity_evidence,,1.0,No,196,9
CLM00146,Valid Claim,,,2.0.0,Camera,Camera Body,24,24,24,Active,Yes,30,Yes,warranty_proof | identity_evidence | fault_evidence | repair_report,,1.0,No,92,12
CLM00729,Invalid Claim,Warranty expired | Reporting period exceeded,,2.0.0,Printer,Main Unit,12,12,12,Expired,Yes,30,Yes,warranty_proof | identity_evidence | fault_evidence | usage_meter_evidence,,1.0,No,-41,34
CLM01300,Manual Review,,Missing required evidence,2.0.0,Camera,Camera Body,24,24,24,Active,Yes,30,Yes,warranty_proof | identity_evidence | fault_evidence,identity_evidence,0.6667,Yes,151,7
CLM00135,Invalid Claim,Reporting period exceeded,,2.0.0,Smartphone,Main Unit,12,12,12,Near Expiry,Yes,30,Yes,warranty_proof | identity_evidence | fault_evidence,,1.0,No,13,47
CLM00594,Manual Review,,Missing required evidence | Low OCR confidence,2.0.0,Air Conditioner,Compressor,60,60,60,Active,Yes,30,Yes,warranty_proof | identity_evidence | fault_evidence | installation_evidence | repair_report | service_diagnostic,installation_evidence | repair_report,0.6667,Yes,218,7
CLM00944,Invalid Claim,Unauthorized repair,,2.0.0,Refrigerator,Compressor,120,120,120,Near Expiry,Yes,30,Yes,warranty_proof | identity_evidence | fault_evidence | repair_report | service_diagnostic,,1.0,No,4,8
CLM00007,Valid Claim,,,2.0.0,Camera,Camera Body,24,24,24,Active,Yes,30,Yes,warranty_proof | identity_evidence | fault_evidence | repair_report,,1.0,No,248,23
CLM01372,Manual Review,,Missing required evidence,2.0.0,Printer,Main Unit,12,12,12,Active,Yes,30,Yes,warranty_proof | identity_evidence | fault_evidence | repair_report | usage_meter_evidence,fault_evidence | repair_report,0.6,No,70,27
CLM01283,Manual Review,,Missing required evidence,2.0.0,Printer,Main Unit,12,24,24,Active,Yes,30,Yes,warranty_proof | identity_evidence | fault_evidence | repair_report | usage_meter_evidence,identity_evidence,0.8,Yes,270,8
CLM01002,Valid Claim,,,2.0.0,Television,Main Unit,24,24,24,Active,Yes,30,Yes,warranty_proof | identity_evidence | fault_evidence,,1.0,No,32,20
CLM00431,Valid Claim,,,2.0.0,Printer,Main Unit,12,12,12,Active,Yes,30,Yes,warranty_proof | identity_evidence | fault_evidence | usage_meter_evidence,,1.0,No,122,2
CLM00149,Valid Claim,,,2.0.0,Laptop,Main Unit,24,24,24,Active,Yes,30,Yes,warranty_proof | identity_evidence | fault_evidence,,1.0,No,33,26
CLM00268,Manual Review,,Missing required evidence,2.0.0,Laptop,Battery,12,12,12,Near Expiry,Yes,30,Yes,warranty_proof | identity_evidence | fault_evidence | battery_diagnostic,fault_evidence,0.75,No,21,9
CLM01215,Valid Claim,,,2.0.0,Washing Machine,Main Unit,24,24,24,Active,Yes,30,Yes,warranty_proof | identity_evidence | fault_evidence | repair_report,,1.0,No,324,9
CLM00259,Valid Claim,,,2.0.0,Television,Main Unit,24,24,24,Active,Yes,30,Yes,warranty_proof | identity_evidence | fault_evidence | repair_report,,1.0,No,91,19
CLM00520,Invalid Claim,Unauthorized repair,Product/model inconsistency,2.0.0,Washing Machine,Main Unit,24,24,24,Active,Yes,30,Yes,warranty_proof | identity_evidence | fault_evidence | repair_report,,1.0,No,189,22
CLM00707,Valid Claim,,,2.0.0,Air Conditioner,Compressor,60,60,60,Active,Yes,30,Yes,warranty_proof | identity_evidence | fault_evidence | installation_evidence | service_diagnostic,,1.0,No,191,4
CLM01305,Valid Claim,,,2.0.0,Air Conditioner,Main Unit,24,36,36,Active,Yes,30,Yes,warranty_proof | identity_evidence | fault_evidence | installation_evidence,,1.0,No,304,11
CLM01163,Valid Claim,,,2.0.0,Washing Machine,Main Unit,24,24,24,Active,Yes,30,Yes,warranty_proof | identity_evidence | fault_evidence | repair_report,,1.0,No,252,9
CLM00454,Valid Claim,,,2.0.0,Washing Machine,Main Unit,24,24,24,Active,Yes,30,Yes,warranty_proof | identity_evidence | fault_evidence,,1.0,No,45,11
CLM01363,Valid Claim,,,2.0.0,Printer,Print Head,12,12,12,Active,Yes,30,Yes,warranty_proof | identity_evidence | fault_evidence | usage_meter_evidence,,1.0,No,93,1
CLM00227,Valid Claim,,,2.0.0,Washing Machine,Main Unit,24,24,24,Active,Yes,30,Yes,warranty_proof | identity_evidence | fault_evidence,,1.0,No,35,7
CLM00473,Invalid Claim,Warranty expired,,2.0.0,Smartphone,Main Unit,12,12,12,Expired,Yes,30,Yes,warranty_proof | identity_evidence | fault_evidence | repair_report,,1.0,No,-64,9
CLM00276,Invalid Claim,Warranty expired | Fault/damage excluded | Reporting period exceeded,,2.0.0,Television,Main Unit,24,24,24,Expired,Yes,30,No,warranty_proof | identity_evidence | fault_evidence,,1.0,No,-137,38
CLM00565,Manual Review,,Missing required evidence,2.0.0,Smartphone,Main Unit,12,24,24,Active,Yes,30,Yes,warranty_proof | identity_evidence | fault_evidence,identity_evidence,0.6667,Yes,56,12
CLM01335,Manual Review,,Repair authorization uncertain,2.0.0,Air Conditioner,Main Unit,24,24,24,Active,Yes,30,Yes,warranty_proof | identity_evidence | fault_evidence | installation_evidence | repair_report,,1.0,No,267,6
CLM00096,Invalid Claim,Duplicate claim,,2.0.0,Laptop,Main Unit,24,24,24,Near Expiry,Yes,30,Yes,warranty_proof | identity_evidence | fault_evidence,,1.0,No,21,16
CLM01106,Valid Claim,,,2.0.0,Camera,Camera Body,24,24,24,Active,Yes,30,Yes,warranty_proof | identity_evidence | fault_evidence,,1.0,No,103,24
CLM00095,Valid Claim,,,2.0.0,Camera,Battery,6,6,6,Active,Yes,30,Yes,warranty_proof | identity_evidence | fault_evidence,,1.0,No,82,9
CLM00639,Manual Review,,Missing required evidence,2.0.0,Refrigerator,Main Unit,24,36,36,Active,Yes,30,Yes,warranty_proof | identity_evidence | fault_evidence,identity_evidence,0.6667,Yes,190,3
CLM00538,Invalid Claim,Claimed component not warranty eligible | Warranty expired | Fault/damage excluded,,2.0.0,Printer,Ink Or Toner,0,0,12,Active,No,30,No,warranty_proof | identity_evidence | fault_evidence | repair_report | usage_meter_evidence,,1.0,No,-238,9
CLM00292,Invalid Claim,Fault/damage excluded,,2.0.0,Air Conditioner,Main Unit,24,24,24,Active,Yes,30,No,warranty_proof | identity_evidence | fault_evidence | installation_evidence,,1.0,No,332,9
CLM00024,Manual Review,,Missing required evidence | Product/model inconsistency,2.0.0,Washing Machine,Main Unit,24,24,24,Active,Yes,30,Yes,warranty_proof | identity_evidence | fault_evidence,fault_evidence,0.6667,No,348,27
CLM01091,Manual Review,,Missing required evidence,2.0.0,Air Conditioner,Main Unit,24,36,36,Active,Yes,30,Yes,warranty_proof | identity_evidence | fault_evidence | installation_evidence,identity_evidence,0.75,Yes,344,27
CLM00055,Manual Review,,Product/model inconsistency,2.0.0,Refrigerator,Main Unit,24,36,36,Active,Yes,30,Yes,warranty_proof | identity_evidence | fault_evidence,,1.0,No,34,1
CLM00253,Manual Review,,Missing required evidence,2.0.0,Smartphone,Main Unit,12,12,12,Active,Yes,30,Yes,warranty_proof | identity_evidence | fault_evidence,fault_evidence,0.6667,No,221,8
CLM00174,Invalid Claim,Fault/damage excluded | Unauthorized repair,Low OCR confidence,2.0.0,Smartphone,Main Unit,12,24,24,Active,Yes,30,No,warranty_proof | identity_evidence | fault_evidence | repair_report,,1.0,No,293,15
CLM00171,Invalid Claim,Duplicate claim,,2.0.0,Printer,Main Unit,12,24,24,Active,Yes,30,Yes,warranty_proof | identity_evidence | fault_evidence | usage_meter_evidence,,1.0,No,39,23
CLM00250,Invalid Claim,Fault/damage excluded,,2.0.0,Laptop,Main Unit,24,24,24,Active,Yes,30,No,warranty_proof | identity_evidence | fault_evidence,,1.0,No,73,28
CLM01066,Valid Claim,,,2.0.0,Smartphone,Main Unit,12,12,12,Active,Yes,30,Yes,warranty_proof | identity_evidence | fault_evidence,,1.0,No,230,15
CLM00718,Valid Claim,,,2.0.0,Camera,Camera Body,24,24,24,Near Expiry,Yes,30,Yes,warranty_proof | identity_evidence | fault_evidence,,1.0,No,9,26
CLM01260,Manual Review,,Product/model inconsistency,2.0.0,Smartphone,Main Unit,12,12,12,Active,Yes,30,Yes,warranty_proof | identity_evidence | fault_evidence | repair_report,,1.0,No,189,21
CLM00917,Invalid Claim,Fault/damage excluded,Missing required evidence,2.0.0,Washing Machine,Main Unit,24,24,24,Near Expiry,Yes,30,No,warranty_proof | identity_evidence | fault_evidence,identity_evidence,0.6667,Yes,22,13
CLM00065,Invalid Claim,Fault/damage excluded,Missing required evidence | Serial verification uncertain | Low OCR confidence,2.0.0,Smartphone,Main Unit,12,12,12,Near Expiry,Yes,30,No,warranty_proof | identity_evidence | fault_evidence,warranty_proof,0.6667,Yes,10,8
CLM00325,Invalid Claim,Warranty expired,,2.0.0,Television,Main Unit,24,24,24,Expired,Yes,30,Yes,warranty_proof | identity_evidence | fault_evidence,,1.0,No,-332,17
CLM00822,Valid Claim,,,2.0.0,Camera,Battery,6,6,6,Active,Yes,30,Yes,warranty_proof | identity_evidence | fault_evidence,,1.0,No,117,20
CLM01191,Manual Review,,Missing required evidence | Contradictory evidence,2.0.0,Smartphone,Main Unit,12,12,12,Active,Yes,30,Yes,warranty_proof | identity_evidence | fault_evidence,fault_evidence,0.6667,No,248,21
CLM01013,Valid Claim,,,2.0.0,Laptop,Main Unit,24,24,24,Active,Yes,30,Yes,warranty_proof | identity_evidence | fault_evidence | repair_report,,1.0,No,292,13
CLM01377,Manual Review,,Repair authorization uncertain,2.0.0,Air Conditioner,Main Unit,24,24,24,Active,Yes,30,Yes,warranty_proof | identity_evidence | fault_evidence | installation_evidence | repair_report,,1.0,No,314,2
CLM00179,Manual Review,,Missing required evidence,2.0.0,Refrigerator,Main Unit,24,24,24,Active,Yes,30,Yes,warranty_proof | identity_evidence | fault_evidence,identity_evidence,0.6667,Yes,348,5
CLM00839,Invalid Claim,Fault/damage excluded,Product/model inconsistency,2.0.0,Television,Main Unit,24,24,24,Active,Yes,30,No,warranty_proof | identity_evidence | fault_evidence,,1.0,No,173,6
CLM01310,Manual Review,,Serial verification uncertain,2.0.0,Camera,Camera Body,24,24,24,Active,Yes,30,Yes,warranty_proof | identity_evidence | fault_evidence | repair_report,,1.0,No,210,7
CLM00802,Invalid Claim,Fault/damage excluded | Reporting period exceeded,Low OCR confidence,2.0.0,Air Conditioner,Main Unit,24,24,24,Active,Yes,30,No,warranty_proof | identity_evidence | fault_evidence | installation_evidence,,1.0,No,337,65
CLM01125,Valid Claim,,,2.0.0,Television,Main Unit,24,36,36,Active,Yes,30,Yes,warranty_proof | identity_evidence | fault_evidence | repair_report,,1.0,No,73,12
CLM01336,Valid Claim,,,2.0.0,Laptop,Main Unit,24,36,36,Active,Yes,30,Yes,warranty_proof | identity_evidence | fault_evidence,,1.0,No,41,15
CLM01081,Valid Claim,,,2.0.0,Air Conditioner,Main Unit,24,24,24,Active,Yes,30,Yes,warranty_proof | identity_evidence | fault_evidence | installation_evidence | repair_report,,1.0,No,113,19
CLM00027,Invalid Claim,Fault/damage excluded,Missing required evidence,2.0.0,Washing Machine,Main Unit,24,24,24,Active,Yes,30,No,warranty_proof | identity_evidence | fault_evidence,identity_evidence | fault_evidence,0.3333,Yes,327,22
CLM00645,Invalid Claim,Fault/damage excluded,,2.0.0,Washing Machine,Main Unit,24,24,24,Active,Yes,30,No,warranty_proof | identity_evidence | fault_evidence | repair_report,,1.0,No,116,5
CLM00177,Invalid Claim,Unauthorized repair,Missing required evidence,2.0.0,Camera,Camera Body,24,24,24,Active,Yes,30,Yes,warranty_proof | identity_evidence | fault_evidence | repair_report,warranty_proof,0.75,Yes,248,6
CLM00655,Manual Review,,Serial verification uncertain,2.0.0,Camera,Camera Body,24,24,24,Active,Yes,30,Yes,warranty_proof | identity_evidence | fault_evidence,,1.0,No,251,22
CLM01437,Manual Review,,Missing required evidence | Contradictory evidence,2.0.0,Smartphone,Main Unit,12,24,24,Active,Yes,30,Yes,warranty_proof | identity_evidence | fault_evidence,fault_evidence,0.6667,No,167,11
CLM00595,Invalid Claim,Fault/damage excluded,,2.0.0,Smartphone,Charger,6,6,6,Active,Yes,30,No,warranty_proof | identity_evidence | fault_evidence,,1.0,No,94,24
CLM00524,Valid Claim,,,2.0.0,Air Conditioner,Main Unit,24,24,24,Active,Yes,30,Yes,warranty_proof | identity_evidence | fault_evidence | installation_evidence,,1.0,No,251,22
CLM00893,Valid Claim,,,2.0.0,Television,Main Unit,24,24,24,Near Expiry,Yes,30,Yes,warranty_proof | identity_evidence | fault_evidence | repair_report,,1.0,No,19,10
CLM00209,Manual Review,,Missing required evidence,2.0.0,Washing Machine,Main Unit,24,36,36,Active,Yes,30,Yes,warranty_proof | identity_evidence | fault_evidence,fault_evidence,0.6667,No,286,13
CLM00985,Valid Claim,,,2.0.0,Laptop,Main Unit,24,24,24,Active,Yes,30,Yes,warranty_proof | identity_evidence | fault_evidence,,1.0,No,223,18
CLM00757,Manual Review,,Missing required evidence,2.0.0,Television,Main Unit,24,24,24,Near Expiry,Yes,30,Yes,warranty_proof | identity_evidence | fault_evidence,identity_evidence,0.6667,Yes,7,29
CLM01440,Manual Review,,Serial verification uncertain,2.0.0,Camera,Camera Body,24,36,36,Active,Yes,30,Yes,warranty_proof | identity_evidence | fault_evidence,,1.0,No,345,5
CLM00762,Invalid Claim,Warranty expired,,2.0.0,Smartphone,Main Unit,12,12,12,Expired,Yes,30,Yes,warranty_proof | identity_evidence | fault_evidence | repair_report,,1.0,No,-53,10
CLM01198,Manual Review,,Missing required evidence,2.0.0,Smartphone,Main Unit,12,12,12,Active,Yes,30,Yes,warranty_proof | identity_evidence | fault_evidence,identity_evidence,0.6667,Yes,144,5
CLM00393,Invalid Claim,Warranty expired,Low OCR confidence,2.0.0,Laptop,Main Unit,24,36,36,Expired,Yes,30,Yes,warranty_proof | identity_evidence | fault_evidence | repair_report,,1.0,No,-174,8
CLM01160,Valid Claim,,,2.0.0,Television,Display Panel,24,24,24,Active,Yes,30,Yes,warranty_proof | identity_evidence | fault_evidence | screen_fault_image,,1.0,No,153,14
CLM01005,Valid Claim,,,2.0.0,Refrigerator,Compressor,120,120,120,Active,Yes,30,Yes,warranty_proof | identity_evidence | fault_evidence | service_diagnostic,,1.0,No,232,22
CLM00706,Invalid Claim,Warranty expired | Serial mismatch,,2.0.0,Refrigerator,Main Unit,24,24,24,Expired,Yes,30,Yes,warranty_proof | identity_evidence | fault_evidence | repair_report,,1.0,No,-98,19
CLM00666,Invalid Claim,Warranty expired | Serial mismatch,,2.0.0,Television,Main Unit,24,36,36,Expired,Yes,30,Yes,warranty_proof | identity_evidence | fault_evidence,,1.0,No,-141,11
CLM00504,Valid Claim,,,2.0.0,Camera,Camera Body,24,24,24,Near Expiry,Yes,30,Yes,warranty_proof | identity_evidence | fault_evidence,,1.0,No,6,14
CLM00510,Invalid Claim,Warranty expired,,2.0.0,Laptop,Power Adapter,12,12,12,Expired,Yes,30,Yes,warranty_proof | identity_evidence | fault_evidence,,1.0,No,-102,3
CLM00968,Valid Claim,,,2.0.0,Washing Machine,Main Unit,24,24,24,Active,Yes,30,Yes,warranty_proof | identity_evidence | fault_evidence,,1.0,No,311,12
CLM00183,Valid Claim,,,2.0.0,Washing Machine,Main Unit,24,24,24,Active,Yes,30,Yes,warranty_proof | identity_evidence | fault_evidence,,1.0,No,331,14
CLM00324,Valid Claim,,,2.0.0,Washing Machine,Main Unit,24,24,24,Active,Yes,30,Yes,warranty_proof | identity_evidence | fault_evidence,,1.0,No,300,9
CLM00077,Valid Claim,,,2.0.0,Television,Main Unit,24,24,24,Active,Yes,30,Yes,warranty_proof | identity_evidence | fault_evidence,,1.0,No,295,4
CLM01015,Valid Claim,,,2.0.0,Refrigerator,Main Unit,24,24,24,Active,Yes,30,Yes,warranty_proof | identity_evidence | fault_evidence,,1.0,No,202,3
CLM00446,Invalid Claim,Fault/damage excluded | Reporting period exceeded,,2.0.0,Television,Main Unit,24,24,24,Active,Yes,30,No,warranty_proof | identity_evidence | fault_evidence,,1.0,No,265,45
CLM00401,Invalid Claim,Warranty expired,Missing required evidence,2.0.0,Television,Main Unit,24,24,24,Expired,Yes,30,Yes,warranty_proof | identity_evidence | fault_evidence | repair_report,repair_report,0.75,No,-216,8
CLM00970,Invalid Claim,Fault/damage excluded,,2.0.0,Television,Main Unit,24,24,24,Active,Yes,30,No,warranty_proof | identity_evidence | fault_evidence,,1.0,No,82,12
CLM00351,Invalid Claim,Warranty expired,Low OCR confidence,2.0.0,Refrigerator,Main Unit,24,24,24,Expired,Yes,30,Yes,warranty_proof | identity_evidence | fault_evidence,,1.0,No,-312,17
CLM00361,Manual Review,,Missing required evidence,2.0.0,Camera,Camera Body,24,24,24,Active,Yes,30,Yes,warranty_proof | identity_evidence | fault_evidence,warranty_proof | identity_evidence,0.3333,Yes,304,13
CLM01267,Valid Claim,,,2.0.0,Refrigerator,Main Unit,24,24,24,Active,Yes,30,Yes,warranty_proof | identity_evidence | fault_evidence,,1.0,No,91,6
CLM00593,Manual Review,,Missing required evidence,2.0.0,Air Conditioner,Compressor,60,60,60,Active,Yes,30,Yes,warranty_proof | identity_evidence | fault_evidence | installation_evidence | service_diagnostic,warranty_proof | fault_evidence,0.6,Yes,58,3
CLM01055,Manual Review,,Missing required evidence | Serial verification uncertain,2.0.0,Printer,Main Unit,12,24,24,Active,Yes,30,Yes,warranty_proof | identity_evidence | fault_evidence | usage_meter_evidence,fault_evidence,0.75,No,40,20
CLM00733,Manual Review,,Missing required evidence,2.0.0,Television,Display Panel,24,24,24,Active,Yes,30,Yes,warranty_proof | identity_evidence | fault_evidence | screen_fault_image,identity_evidence,0.75,Yes,121,5
CLM00642,Valid Claim,,,2.0.0,Refrigerator,Main Unit,24,24,24,Active,Yes,30,Yes,warranty_proof | identity_evidence | fault_evidence,,1.0,No,273,6
CLM00308,Valid Claim,,,2.0.0,Television,Main Unit,24,24,24,Active,Yes,30,Yes,warranty_proof | identity_evidence | fault_evidence,,1.0,No,241,17
CLM00739,Valid Claim,,,2.0.0,Washing Machine,Main Unit,24,24,24,Active,Yes,30,Yes,warranty_proof | identity_evidence | fault_evidence,,1.0,No,66,12
CLM00806,Valid Claim,,,2.0.0,Television,Main Unit,24,24,24,Active,Yes,30,Yes,warranty_proof | identity_evidence | fault_evidence,,1.0,No,189,16
CLM00012,Invalid Claim,Warranty expired,Missing required evidence | Low OCR confidence,2.0.0,Television,Main Unit,24,36,36,Expired,Yes,30,Yes,warranty_proof | identity_evidence | fault_evidence,identity_evidence,0.6667,Yes,-227,18
CLM00236,Invalid Claim,Warranty expired,,2.0.0,Washing Machine,Main Unit,24,24,24,Expired,Yes,30,Yes,warranty_proof | identity_evidence | fault_evidence | repair_report,,1.0,No,-9,9
CLM00389,Valid Claim,,,2.0.0,Camera,Camera Body,24,24,24,Active,Yes,30,Yes,warranty_proof | identity_evidence | fault_evidence,,1.0,No,237,23
CLM01016,Valid Claim,,,2.0.0,Smartphone,Main Unit,12,12,12,Active,Yes,30,Yes,warranty_proof | identity_evidence | fault_evidence,,1.0,No,251,2
CLM00881,Manual Review,,Missing required evidence,2.0.0,Camera,Camera Body,24,24,24,Active,Yes,30,Yes,warranty_proof | identity_evidence | fault_evidence,warranty_proof,0.6667,Yes,156,14
CLM01127,Manual Review,,Missing required evidence,2.0.0,Refrigerator,Compressor,120,120,120,Active,Yes,30,Yes,warranty_proof | identity_evidence | fault_evidence | repair_report | service_diagnostic,repair_report,0.8,No,135,9
CLM01084,Valid Claim,,,2.0.0,Television,Main Unit,24,24,24,Active,Yes,30,Yes,warranty_proof | identity_evidence | fault_evidence,,1.0,No,311,14
CLM01054,Valid Claim,,,2.0.0,Air Conditioner,Main Unit,24,24,24,Active,Yes,30,Yes,warranty_proof | identity_evidence | fault_evidence | installation_evidence | repair_report,,1.0,No,270,24
CLM00061,Invalid Claim,Unauthorized repair | Duplicate claim,Missing required evidence,2.0.0,Television,Main Unit,24,24,24,Active,Yes,30,Yes,warranty_proof | identity_evidence | fault_evidence | repair_report,identity_evidence | repair_report,0.5,Yes,119,14
CLM00505,Invalid Claim,Fault/damage excluded | Reporting period exceeded,Low OCR confidence,2.0.0,Air Conditioner,Main Unit,24,36,36,Active,Yes,30,No,warranty_proof | identity_evidence | fault_evidence | installation_evidence,,1.0,No,51,36
CLM00334,Invalid Claim,Warranty expired,,2.0.0,Camera,Camera Body,24,24,24,Expired,Yes,30,Yes,warranty_proof | identity_evidence | fault_evidence,,1.0,No,-275,11
CLM01190,Manual Review,,Low OCR confidence,2.0.0,Television,Main Unit,24,24,24,Active,Yes,30,Yes,warranty_proof | identity_evidence | fault_evidence,,1.0,No,73,9
CLM00988,Valid Claim,,,2.0.0,Printer,Main Unit,12,12,12,Active,Yes,30,Yes,warranty_proof | identity_evidence | fault_evidence | usage_meter_evidence,,1.0,No,100,18
CLM01317,Valid Claim,,,2.0.0,Laptop,Main Unit,24,24,24,Active,Yes,30,Yes,warranty_proof | identity_evidence | fault_evidence,,1.0,No,154,4
CLM01303,Valid Claim,,,2.0.0,Refrigerator,Main Unit,24,24,24,Active,Yes,30,Yes,warranty_proof | identity_evidence | fault_evidence,,1.0,No,62,23
CLM00440,Invalid Claim,Fault/damage excluded,Missing required evidence,2.0.0,Laptop,Main Unit,24,24,24,Near Expiry,Yes,30,No,warranty_proof | identity_evidence | fault_evidence,identity_evidence,0.6667,Yes,5,16
CLM00399,Invalid Claim,Warranty expired | Fault/damage excluded,,2.0.0,Smartphone,Main Unit,12,12,12,Expired,Yes,30,No,warranty_proof | identity_evidence | fault_evidence | repair_report,,1.0,No,-26,12
CLM00939,Invalid Claim,Warranty expired,Missing required evidence,2.0.0,Laptop,Power Adapter,12,12,12,Expired,Yes,30,Yes,warranty_proof | identity_evidence | fault_evidence,fault_evidence,0.6667,No,-137,20
CLM00083,Manual Review,,Missing required evidence,2.0.0,Refrigerator,Compressor,120,120,120,Active,Yes,30,Yes,warranty_proof | identity_evidence | fault_evidence | service_diagnostic,service_diagnostic,0.75,No,256,13
CLM00963,Invalid Claim,Warranty expired,,2.0.0,Television,Main Unit,24,24,24,Expired,Yes,30,Yes,warranty_proof | identity_evidence | fault_evidence,,1.0,No,-261,15
CLM00186,Invalid Claim,Fault/damage excluded | Reporting period exceeded,Missing required evidence,2.0.0,Refrigerator,Main Unit,24,24,24,Active,Yes,30,No,warranty_proof | identity_evidence | fault_evidence | repair_report,repair_report,0.75,No,125,50
CLM01357,Manual Review,,Missing required evidence,2.0.0,Laptop,Main Unit,24,24,24,Active,Yes,30,Yes,warranty_proof | identity_evidence | fault_evidence,identity_evidence,0.6667,Yes,259,8
CLM01293,Manual Review,,Missing required evidence | Low OCR confidence,2.0.0,Camera,Lens,24,24,24,Active,Yes,30,Yes,warranty_proof | identity_evidence | fault_evidence | repair_report | component_identity_evidence,fault_evidence | repair_report,0.6,No,73,5
CLM00442,Valid Claim,,,2.0.0,Laptop,Main Unit,24,24,24,Active,Yes,30,Yes,warranty_proof | identity_evidence | fault_evidence,,1.0,No,248,6
CLM01133,Valid Claim,,,2.0.0,Laptop,Main Unit,24,36,36,Active,Yes,30,Yes,warranty_proof | identity_evidence | fault_evidence,,1.0,No,54,30
CLM01286,Valid Claim,,,2.0.0,Washing Machine,Motor,120,120,120,Active,Yes,30,Yes,warranty_proof | identity_evidence | fault_evidence | service_diagnostic,,1.0,No,49,11
CLM00048,Invalid Claim,Fault/damage excluded,,2.0.0,Camera,Camera Body,24,24,24,Active,Yes,30,No,warranty_proof | identity_evidence | fault_evidence,,1.0,No,267,2
CLM00941,Manual Review,,Missing required evidence,2.0.0,Air Conditioner,Main Unit,24,24,24,Active,Yes,30,Yes,warranty_proof | identity_evidence | fault_evidence | installation_evidence | repair_report,repair_report,0.8,No,85,23
CLM00934,Invalid Claim,Warranty expired,,2.0.0,Washing Machine,Main Unit,24,24,24,Expired,Yes,30,Yes,warranty_proof | identity_evidence | fault_evidence,,1.0,No,-297,7
CLM01392,Valid Claim,,,2.0.0,Laptop,Main Unit,24,36,36,Active,Yes,30,Yes,warranty_proof | identity_evidence | fault_evidence,,1.0,No,114,7
CLM00468,Invalid Claim,Fault/damage excluded,,2.0.0,Refrigerator,Main Unit,24,24,24,Active,Yes,30,No,warranty_proof | identity_evidence | fault_evidence | repair_report,,1.0,No,149,19
CLM00914,Invalid Claim,Fault/damage excluded,Contradictory evidence,2.0.0,Printer,Print Head,12,12,12,Active,Yes,30,No,warranty_proof | identity_evidence | fault_evidence | usage_meter_evidence,,1.0,No,158,3
CLM01158,Valid Claim,,,2.0.0,Smartphone,Battery,12,12,12,Active,Yes,30,Yes,warranty_proof | identity_evidence | fault_evidence | repair_report | battery_diagnostic,,1.0,No,89,6
CLM00633,Invalid Claim,Warranty expired | Duplicate claim,Missing required evidence | Contradictory evidence | Product/model inconsistency,2.0.0,Refrigerator,Main Unit,24,24,24,Expired,Yes,30,Yes,warranty_proof | identity_evidence | fault_evidence,fault_evidence,0.6667,No,-261,23
CLM00210,Manual Review,,Missing required evidence,2.0.0,Smartphone,Main Unit,12,12,12,Near Expiry,Yes,30,Yes,warranty_proof | identity_evidence | fault_evidence,fault_evidence,0.6667,No,22,26
CLM00953,Invalid Claim,Reporting period exceeded,Missing required evidence,2.0.0,Laptop,Battery,12,12,12,Near Expiry,Yes,30,Yes,warranty_proof | identity_evidence | fault_evidence | battery_diagnostic,fault_evidence,0.75,No,18,40
CLM01201,Manual Review,,Missing required evidence,2.0.0,Printer,Main Unit,12,12,12,Active,Yes,30,Yes,warranty_proof | identity_evidence | fault_evidence | repair_report | usage_meter_evidence,repair_report,0.8,No,36,26
CLM00820,Invalid Claim,Fault/damage excluded,,2.0.0,Television,Main Unit,24,24,24,Active,Yes,30,No,warranty_proof | identity_evidence | fault_evidence,,1.0,No,71,13
CLM01096,Manual Review,,Low OCR confidence,2.0.0,Television,Main Unit,24,24,24,Near Expiry,Yes,30,Yes,warranty_proof | identity_evidence | fault_evidence,,1.0,No,8,12
CLM00727,Invalid Claim,Warranty expired | Fault/damage excluded,,2.0.0,Washing Machine,Main Unit,24,24,24,Expired,Yes,30,No,warranty_proof | identity_evidence | fault_evidence,,1.0,No,-281,19
CLM00637,Valid Claim,,,2.0.0,Printer,Main Unit,12,12,12,Active,Yes,30,Yes,warranty_proof | identity_evidence | fault_evidence | usage_meter_evidence,,1.0,No,174,1
CLM01315,Manual Review,,Missing required evidence,2.0.0,Laptop,Main Unit,24,24,24,Active,Yes,30,Yes,warranty_proof | identity_evidence | fault_evidence,fault_evidence,0.6667,No,61,13
CLM00895,Manual Review,,Product/model inconsistency | Low OCR confidence,2.0.0,Smartphone,Main Unit,12,12,12,Active,Yes,30,Yes,warranty_proof | identity_evidence | fault_evidence,,1.0,No,75,26
CLM00536,Invalid Claim,Serial mismatch,,2.0.0,Television,Main Unit,24,24,24,Active,Yes,30,Yes,warranty_proof | identity_evidence | fault_evidence,,1.0,No,89,11
CLM00710,Manual Review,,Product/model inconsistency,2.0.0,Smartphone,Main Unit,12,12,12,Active,Yes,30,Yes,warranty_proof | identity_evidence | fault_evidence,,1.0,No,193,11
CLM00678,Invalid Claim,Fault/damage excluded | Reporting period exceeded,,2.0.0,Printer,Main Unit,12,12,12,Active,Yes,30,No,warranty_proof | identity_evidence | fault_evidence | usage_meter_evidence,,1.0,No,248,33
CLM00657,Invalid Claim,Fault/damage excluded,Missing required evidence | Repair authorization uncertain,2.0.0,Camera,Lens,24,24,24,Active,Yes,30,No,warranty_proof | identity_evidence | fault_evidence | repair_report | component_identity_evidence,identity_evidence | repair_report,0.6,Yes,306,22
CLM00424,Invalid Claim,Unauthorized repair,,2.0.0,Washing Machine,Main Unit,24,24,24,Active,Yes,30,Yes,warranty_proof | identity_evidence | fault_evidence | repair_report,,1.0,No,255,14
CLM00756,Manual Review,,Missing required evidence,2.0.0,Washing Machine,Main Unit,24,24,24,Near Expiry,Yes,30,Yes,warranty_proof | identity_evidence | fault_evidence,identity_evidence,0.6667,Yes,20,29
CLM00022,Valid Claim,,,2.0.0,Smartphone,Main Unit,12,12,12,Active,Yes,30,Yes,warranty_proof | identity_evidence | fault_evidence,,1.0,No,193,3
CLM01412,Valid Claim,,,2.0.0,Air Conditioner,Main Unit,24,24,24,Active,Yes,30,Yes,warranty_proof | identity_evidence | fault_evidence | installation_evidence,,1.0,No,82,30
CLM00321,Invalid Claim,Warranty expired,Low OCR confidence,2.0.0,Television,Remote Control,6,6,6,Expired,Yes,30,Yes,warranty_proof | identity_evidence | fault_evidence,,1.0,No,-80,17
CLM00190,Manual Review,,Missing required evidence,2.0.0,Laptop,Main Unit,24,24,24,Active,Yes,30,Yes,warranty_proof | identity_evidence | fault_evidence,fault_evidence,0.6667,No,39,8
CLM00804,Invalid Claim,Serial mismatch,,2.0.0,Refrigerator,Main Unit,24,24,24,Active,Yes,30,Yes,warranty_proof | identity_evidence | fault_evidence,,1.0,No,119,6
CLM00575,Valid Claim,,,2.0.0,Smartphone,Main Unit,12,12,12,Active,Yes,30,Yes,warranty_proof | identity_evidence | fault_evidence,,1.0,No,143,25
CLM00225,Valid Claim,,,2.0.0,Laptop,Main Unit,24,24,24,Active,Yes,30,Yes,warranty_proof | identity_evidence | fault_evidence,,1.0,No,219,4
CLM00911,Invalid Claim,Fault/damage excluded,Missing required evidence,2.0.0,Camera,Camera Body,24,24,24,Active,Yes,30,No,warranty_proof | identity_evidence | fault_evidence,identity_evidence,0.6667,Yes,166,6
CLM01399,Valid Claim,,,2.0.0,Television,Main Unit,24,24,24,Active,Yes,30,Yes,warranty_proof | identity_evidence | fault_evidence,,1.0,No,82,19
CLM00452,Manual Review,,Missing required evidence,2.0.0,Washing Machine,Main Unit,24,24,24,Active,Yes,30,Yes,warranty_proof | identity_evidence | fault_evidence,identity_evidence,0.6667,Yes,85,13
CLM00543,Manual Review,,Missing required evidence,2.0.0,Washing Machine,Main Unit,24,24,24,Active,Yes,30,Yes,warranty_proof | identity_evidence | fault_evidence,fault_evidence,0.6667,No,223,11
CLM01361,Valid Claim,,,2.0.0,Television,Main Unit,24,24,24,Active,Yes,30,Yes,warranty_proof | identity_evidence | fault_evidence,,1.0,No,250,4
CLM00249,Invalid Claim,Warranty expired | Fault/damage excluded,,2.0.0,Air Conditioner,Compressor,60,60,60,Expired,Yes,30,No,warranty_proof | identity_evidence | fault_evidence | installation_evidence | repair_report | service_diagnostic,,1.0,No,-127,4
CLM00391,Manual Review,,Missing required evidence,2.0.0,Air Conditioner,Main Unit,24,24,24,Active,Yes,30,Yes,warranty_proof | identity_evidence | fault_evidence | installation_evidence,installation_evidence,0.75,Yes,316,20
CLM00705,Valid Claim,,,2.0.0,Refrigerator,Main Unit,24,24,24,Active,Yes,30,Yes,warranty_proof | identity_evidence | fault_evidence,,1.0,No,47,7
CLM00691,Invalid Claim,Warranty expired,Missing required evidence | Serial verification uncertain,2.0.0,Air Conditioner,Main Unit,24,24,24,Expired,Yes,30,Yes,warranty_proof | identity_evidence | fault_evidence | installation_evidence,fault_evidence,0.75,No,-138,21
CLM00433,Invalid Claim,Warranty expired | Fault/damage excluded | Serial mismatch | Unauthorized repair,Missing required evidence | Low OCR confidence,2.0.0,Smartphone,Main Unit,12,12,12,Expired,Yes,30,No,warranty_proof | identity_evidence | fault_evidence | repair_report,identity_evidence,0.75,Yes,-23,26
CLM00887,Invalid Claim,Reporting period exceeded,Missing required evidence,2.0.0,Printer,Main Unit,12,12,12,Active,Yes,30,Yes,warranty_proof | identity_evidence | fault_evidence | usage_meter_evidence,identity_evidence,0.75,Yes,178,40
CLM01064,Manual Review,,Missing required evidence,2.0.0,Refrigerator,Main Unit,24,24,24,Active,Yes,30,Yes,warranty_proof | identity_evidence | fault_evidence | repair_report,repair_report,0.75,No,302,1
CLM01381,Valid Claim,,,2.0.0,Washing Machine,Main Unit,24,24,24,Active,Yes,30,Yes,warranty_proof | identity_evidence | fault_evidence,,1.0,No,221,10
CLM00472,Manual Review,,Product/model inconsistency,2.0.0,Smartphone,Main Unit,12,12,12,Active,Yes,30,Yes,warranty_proof | identity_evidence | fault_evidence | repair_report,,1.0,No,194,5
CLM00058,Manual Review,,Missing required evidence | Low OCR confidence,2.0.0,Washing Machine,Motor,120,120,120,Near Expiry,Yes,30,Yes,warranty_proof | identity_evidence | fault_evidence | service_diagnostic,identity_evidence | service_diagnostic,0.5,Yes,20,15
CLM01314,Manual Review,,Missing required evidence,2.0.0,Printer,Main Unit,12,12,12,Active,Yes,30,Yes,warranty_proof | identity_evidence | fault_evidence | usage_meter_evidence,fault_evidence,0.75,No,147,20
CLM00434,Manual Review,,Missing required evidence,2.0.0,Camera,Camera Body,24,24,24,Near Expiry,Yes,30,Yes,warranty_proof | identity_evidence | fault_evidence,identity_evidence,0.6667,Yes,26,20
CLM01262,Valid Claim,,,2.0.0,Camera,Camera Body,24,36,36,Active,Yes,30,Yes,warranty_proof | identity_evidence | fault_evidence,,1.0,No,255,29
CLM01362,Valid Claim,,,2.0.0,Washing Machine,Main Unit,24,24,24,Active,Yes,30,Yes,warranty_proof | identity_evidence | fault_evidence,,1.0,No,238,6
CLM00943,Invalid Claim,Fault/damage excluded | Serial mismatch | Unauthorized repair,,2.0.0,Washing Machine,Main Unit,24,24,24,Active,Yes,30,No,warranty_proof | identity_evidence | fault_evidence | repair_report,,1.0,No,128,12
CLM01417,Manual Review,,Missing required evidence,2.0.0,Refrigerator,Main Unit,24,24,24,Active,Yes,30,Yes,warranty_proof | identity_evidence | fault_evidence,identity_evidence,0.6667,Yes,61,12
CLM01205,Valid Claim,,,2.0.0,Camera,Camera Body,24,24,24,Active,Yes,30,Yes,warranty_proof | identity_evidence | fault_evidence,,1.0,No,89,24
CLM00238,Invalid Claim,Fault/damage excluded,,2.0.0,Television,Main Unit,24,36,36,Active,Yes,30,No,warranty_proof | identity_evidence | fault_evidence,,1.0,No,220,2
CLM00466,Manual Review,,Missing required evidence,2.0.0,Printer,Print Head,12,12,12,Active,Yes,30,Yes,warranty_proof | identity_evidence | fault_evidence | repair_report | usage_meter_evidence,fault_evidence,0.8,No,177,27
CLM01311,Manual Review,,Missing required evidence,2.0.0,Laptop,Main Unit,24,24,24,Near Expiry,Yes,30,Yes,warranty_proof | identity_evidence | fault_evidence,fault_evidence,0.6667,No,23,5
CLM01113,Manual Review,,Missing required evidence,2.0.0,Television,Main Unit,24,24,24,Active,Yes,30,Yes,warranty_proof | identity_evidence | fault_evidence,identity_evidence,0.6667,Yes,179,5
CLM00785,Valid Claim,,,2.0.0,Smartphone,Main Unit,12,12,12,Active,Yes,30,Yes,warranty_proof | identity_evidence | fault_evidence,,1.0,No,63,4
CLM01148,Manual Review,,Missing required evidence,2.0.0,Washing Machine,Main Unit,24,24,24,Active,Yes,30,Yes,warranty_proof | identity_evidence | fault_evidence | repair_report,repair_report,0.75,No,360,17
CLM00545,Valid Claim,,,2.0.0,Television,Main Unit,24,24,24,Active,Yes,30,Yes,warranty_proof | identity_evidence | fault_evidence,,1.0,No,353,11
CLM01350,Valid Claim,,,2.0.0,Printer,Print Head,12,12,12,Active,Yes,30,Yes,warranty_proof | identity_evidence | fault_evidence | usage_meter_evidence,,1.0,No,245,22
CLM00428,Manual Review,,Product/model inconsistency | Low OCR confidence,2.0.0,Printer,Main Unit,12,12,12,Active,Yes,30,Yes,warranty_proof | identity_evidence | fault_evidence | usage_meter_evidence,,1.0,No,123,14
CLM01210,Manual Review,,Missing required evidence | Product/model inconsistency | Low OCR confidence,2.0.0,Washing Machine,Main Unit,24,24,24,Near Expiry,Yes,30,Yes,warranty_proof | identity_evidence | fault_evidence,fault_evidence,0.6667,No,8,8
CLM01294,Valid Claim,,,2.0.0,Television,Main Unit,24,24,24,Active,Yes,30,Yes,warranty_proof | identity_evidence | fault_evidence | repair_report,,1.0,No,230,1
CLM01478,Manual Review,,Missing required evidence,2.0.0,Printer,Main Unit,12,12,12,Active,Yes,30,Yes,warranty_proof | identity_evidence | fault_evidence | repair_report | usage_meter_evidence,repair_report,0.8,No,107,4
CLM00778,Manual Review,,Low OCR confidence,2.0.0,Refrigerator,Main Unit,24,24,24,Near Expiry,Yes,30,Yes,warranty_proof | identity_evidence | fault_evidence,,1.0,No,9,5
CLM01126,Valid Claim,,,2.0.0,Air Conditioner,Main Unit,24,24,24,Near Expiry,Yes,30,Yes,warranty_proof | identity_evidence | fault_evidence | installation_evidence,,1.0,No,4,13
CLM00056,Manual Review,,Serial verification uncertain,2.0.0,Refrigerator,Main Unit,24,24,24,Near Expiry,Yes,30,Yes,warranty_proof | identity_evidence | fault_evidence,,1.0,No,12,2
CLM01187,Manual Review,,Missing required evidence | Product/model inconsistency,2.0.0,Air Conditioner,Main Unit,24,24,24,Near Expiry,Yes,30,Yes,warranty_proof | identity_evidence | fault_evidence | installation_evidence | repair_report,repair_report,0.8,No,30,10
CLM01007,Manual Review,,Missing required evidence,2.0.0,Television,Main Unit,24,36,36,Active,Yes,30,Yes,warranty_proof | identity_evidence | fault_evidence,fault_evidence,0.6667,No,263,3
CLM01388,Valid Claim,,,2.0.0,Laptop,Battery,12,12,12,Active,Yes,30,Yes,warranty_proof | identity_evidence | fault_evidence | battery_diagnostic,,1.0,No,110,23
CLM00766,Valid Claim,,,2.0.0,Camera,Camera Body,24,24,24,Active,Yes,30,Yes,warranty_proof | identity_evidence | fault_evidence,,1.0,No,237,7
CLM00388,Valid Claim,,,2.0.0,Refrigerator,Main Unit,24,24,24,Active,Yes,30,Yes,warranty_proof | identity_evidence | fault_evidence,,1.0,No,213,16
CLM00760,Invalid Claim,Warranty expired,Missing required evidence,2.0.0,Air Conditioner,Compressor,60,60,60,Expired,Yes,30,Yes,warranty_proof | identity_evidence | fault_evidence | installation_evidence | repair_report | service_diagnostic,repair_report,0.8333,No,-26,21
CLM00130,Valid Claim,,,2.0.0,Refrigerator,Main Unit,24,24,24,Active,Yes,30,Yes,warranty_proof | identity_evidence | fault_evidence,,1.0,No,185,6
CLM01473,Manual Review,,Missing required evidence,2.0.0,Printer,Main Unit,12,12,12,Active,Yes,30,Yes,warranty_proof | identity_evidence | fault_evidence | usage_meter_evidence,usage_meter_evidence,0.75,No,82,6
CLM00039,Valid Claim,,,2.0.0,Laptop,Battery,12,12,12,Active,Yes,30,Yes,warranty_proof | identity_evidence | fault_evidence | repair_report | battery_diagnostic,,1.0,No,230,6
CLM00770,Invalid Claim,Fault/damage excluded,Missing required evidence,2.0.0,Air Conditioner,Main Unit,24,24,24,Active,Yes,30,No,warranty_proof | identity_evidence | fault_evidence | installation_evidence,installation_evidence,0.75,Yes,69,6
CLM01462,Manual Review,,Repair authorization uncertain,2.0.0,Refrigerator,Main Unit,24,24,24,Active,Yes,30,Yes,warranty_proof | identity_evidence | fault_evidence | repair_report,,1.0,No,43,19
CLM00559,Manual Review,,Contradictory evidence,2.0.0,Camera,Camera Body,24,24,24,Active,Yes,30,Yes,warranty_proof | identity_evidence | fault_evidence,,1.0,No,75,10
CLM00957,Invalid Claim,Duplicate claim,,2.0.0,Refrigerator,Main Unit,24,24,24,Active,Yes,30,Yes,warranty_proof | identity_evidence | fault_evidence,,1.0,No,183,12
CLM00392,Valid Claim,,,2.0.0,Television,Remote Control,6,6,6,Active,Yes,30,Yes,warranty_proof | identity_evidence | fault_evidence,,1.0,No,124,5
CLM00153,Manual Review,,Low OCR confidence,2.0.0,Printer,Print Head,12,12,12,Active,Yes,30,Yes,warranty_proof | identity_evidence | fault_evidence | usage_meter_evidence,,1.0,No,129,3
CLM01408,Manual Review,,Missing required evidence | Repair authorization uncertain,2.0.0,Television,Main Unit,24,24,24,Active,Yes,30,Yes,warranty_proof | identity_evidence | fault_evidence | repair_report,fault_evidence,0.75,No,295,3
CLM01143,Manual Review,,Serial verification uncertain,2.0.0,Laptop,Main Unit,24,36,36,Active,Yes,30,Yes,warranty_proof | identity_evidence | fault_evidence,,1.0,No,298,11
CLM01077,Valid Claim,,,2.0.0,Printer,Main Unit,12,12,12,Active,Yes,30,Yes,warranty_proof | identity_evidence | fault_evidence | usage_meter_evidence,,1.0,No,89,19
CLM00202,Manual Review,,Missing required evidence,2.0.0,Camera,Battery,6,6,6,Active,Yes,30,Yes,warranty_proof | identity_evidence | fault_evidence | repair_report,warranty_proof | fault_evidence,0.5,Yes,57,5
CLM00767,Manual Review,,Missing required evidence,2.0.0,Laptop,Main Unit,24,24,24,Active,Yes,30,Yes,warranty_proof | identity_evidence | fault_evidence,fault_evidence,0.6667,No,43,12
CLM00551,Invalid Claim,Fault/damage excluded | Reporting period exceeded,,2.0.0,Television,Display Panel,24,24,24,Active,Yes,30,No,warranty_proof | identity_evidence | fault_evidence | screen_fault_image,,1.0,No,101,33
CLM00836,Manual Review,,Missing required evidence,2.0.0,Smartphone,Battery,12,12,12,Active,Yes,30,Yes,warranty_proof | identity_evidence | fault_evidence | battery_diagnostic,battery_diagnostic,0.75,No,176,2
CLM00978,Valid Claim,,,2.0.0,Washing Machine,Main Unit,24,24,24,Active,Yes,30,Yes,warranty_proof | identity_evidence | fault_evidence | repair_report,,1.0,No,138,12
CLM01438,Manual Review,,Missing required evidence,2.0.0,Refrigerator,Main Unit,24,24,24,Active,Yes,30,Yes,warranty_proof | identity_evidence | fault_evidence | repair_report,identity_evidence,0.75,Yes,106,30
CLM01229,Manual Review,,Missing required evidence | Low OCR confidence,2.0.0,Washing Machine,Main Unit,24,36,36,Active,Yes,30,Yes,warranty_proof | identity_evidence | fault_evidence | repair_report,fault_evidence,0.75,No,292,21
CLM00031,Manual Review,,Missing required evidence,2.0.0,Smartphone,Battery,12,12,12,Near Expiry,Yes,30,Yes,warranty_proof | identity_evidence | fault_evidence | battery_diagnostic,battery_diagnostic,0.75,No,0,6
CLM01240,Valid Claim,,,2.0.0,Air Conditioner,Main Unit,24,36,36,Active,Yes,30,Yes,warranty_proof | identity_evidence | fault_evidence | installation_evidence | repair_report,,1.0,No,285,25
CLM00736,Manual Review,,Missing required evidence,2.0.0,Printer,Main Unit,12,12,12,Active,Yes,30,Yes,warranty_proof | identity_evidence | fault_evidence | usage_meter_evidence,identity_evidence,0.75,Yes,240,13
CLM00099,Manual Review,,Missing required evidence,2.0.0,Refrigerator,Main Unit,24,24,24,Near Expiry,Yes,30,Yes,warranty_proof | identity_evidence | fault_evidence | repair_report,repair_report,0.75,No,15,27
CLM01256,Manual Review,,Missing required evidence | Low OCR confidence,2.0.0,Television,Main Unit,24,36,36,Active,Yes,30,Yes,warranty_proof | identity_evidence | fault_evidence | repair_report,identity_evidence | fault_evidence,0.5,Yes,275,21
CLM00469,Valid Claim,,,2.0.0,Air Conditioner,Main Unit,24,24,24,Active,Yes,30,Yes,warranty_proof | identity_evidence | fault_evidence | installation_evidence | repair_report,,1.0,No,215,13
CLM00761,Invalid Claim,Warranty expired,,2.0.0,Printer,Main Unit,12,12,12,Expired,Yes,30,Yes,warranty_proof | identity_evidence | fault_evidence | usage_meter_evidence,,1.0,No,-84,21
CLM01282,Manual Review,,Missing required evidence,2.0.0,Refrigerator,Main Unit,24,24,24,Active,Yes,30,Yes,warranty_proof | identity_evidence | fault_evidence | repair_report,repair_report,0.75,No,252,5
CLM01110,Valid Claim,,,2.0.0,Laptop,Main Unit,24,24,24,Active,Yes,30,Yes,warranty_proof | identity_evidence | fault_evidence,,1.0,No,67,9
CLM01371,Valid Claim,,,2.0.0,Camera,Battery,6,6,6,Active,Yes,30,Yes,warranty_proof | identity_evidence | fault_evidence | repair_report,,1.0,No,99,15
CLM01341,Manual Review,,Missing required evidence | Product/model inconsistency,2.0.0,Television,Display Panel,24,24,24,Active,Yes,30,Yes,warranty_proof | identity_evidence | fault_evidence | repair_report | screen_fault_image,repair_report,0.8,No,162,26
CLM00080,Valid Claim,,,2.0.0,Smartphone,Charger,6,6,6,Active,Yes,30,Yes,warranty_proof | identity_evidence | fault_evidence,,1.0,No,65,7
CLM00630,Valid Claim,,,2.0.0,Laptop,Power Adapter,12,12,12,Active,Yes,30,Yes,warranty_proof | identity_evidence | fault_evidence | repair_report,,1.0,No,126,22
CLM00207,Manual Review,,Missing required evidence,2.0.0,Camera,Camera Body,24,24,24,Near Expiry,Yes,30,Yes,warranty_proof | identity_evidence | fault_evidence,fault_evidence,0.6667,No,17,23
CLM00047,Invalid Claim,Warranty expired | Fault/damage excluded,,2.0.0,Printer,Main Unit,12,12,12,Expired,Yes,30,No,warranty_proof | identity_evidence | fault_evidence | repair_report | usage_meter_evidence,,1.0,No,-112,11
CLM00076,Invalid Claim,Fault/damage excluded,Contradictory evidence,2.0.0,Air Conditioner,Main Unit,24,24,24,Active,Yes,30,No,warranty_proof | identity_evidence | fault_evidence | installation_evidence | repair_report,,1.0,No,285,21
CLM01320,Valid Claim,,,2.0.0,Printer,Main Unit,12,12,12,Active,Yes,30,Yes,warranty_proof | identity_evidence | fault_evidence | usage_meter_evidence,,1.0,No,149,24
CLM00725,Invalid Claim,Reporting period exceeded,Low OCR confidence,2.0.0,Camera,Camera Body,24,24,24,Near Expiry,Yes,30,Yes,warranty_proof | identity_evidence | fault_evidence | repair_report,,1.0,No,17,44
CLM00333,Invalid Claim,Warranty expired | Fault/damage excluded,,2.0.0,Air Conditioner,Main Unit,24,36,36,Expired,Yes,30,No,warranty_proof | identity_evidence | fault_evidence | installation_evidence,,1.0,No,-266,17
CLM00994,Valid Claim,,,2.0.0,Printer,Main Unit,12,24,24,Active,Yes,30,Yes,warranty_proof | identity_evidence | fault_evidence | usage_meter_evidence,,1.0,No,55,9
CLM00920,Valid Claim,,,2.0.0,Camera,Camera Body,24,24,24,Active,Yes,30,Yes,warranty_proof | identity_evidence | fault_evidence,,1.0,No,363,9
CLM00082,Invalid Claim,Warranty expired,,2.0.0,Printer,Main Unit,12,12,12,Expired,Yes,30,Yes,warranty_proof | identity_evidence | fault_evidence | usage_meter_evidence,,1.0,No,-85,7
CLM01196,Manual Review,,Missing required evidence,2.0.0,Air Conditioner,Main Unit,24,24,24,Active,Yes,30,Yes,warranty_proof | identity_evidence | fault_evidence | installation_evidence | repair_report,repair_report,0.8,No,105,8
CLM00235,Manual Review,,Missing required evidence,2.0.0,Air Conditioner,Main Unit,24,24,24,Active,Yes,30,Yes,warranty_proof | identity_evidence | fault_evidence | installation_evidence,identity_evidence,0.75,Yes,106,24
CLM00665,Invalid Claim,Fault/damage excluded,,2.0.0,Smartphone,Main Unit,12,24,24,Near Expiry,Yes,30,No,warranty_proof | identity_evidence | fault_evidence | repair_report,,1.0,No,19,17
CLM01249,Valid Claim,,,2.0.0,Smartphone,Charger,6,6,6,Active,Yes,30,Yes,warranty_proof | identity_evidence | fault_evidence,,1.0,No,99,2
CLM01234,Valid Claim,,,2.0.0,Television,Remote Control,6,6,6,Active,Yes,30,Yes,warranty_proof | identity_evidence | fault_evidence | repair_report,,1.0,No,81,9
CLM01411,Manual Review,,Missing required evidence,2.0.0,Refrigerator,Main Unit,24,24,24,Active,Yes,30,Yes,warranty_proof | identity_evidence | fault_evidence,identity_evidence,0.6667,Yes,143,9
CLM00832,Invalid Claim,Fault/damage excluded,Missing required evidence,2.0.0,Printer,Main Unit,12,12,12,Active,Yes,30,No,warranty_proof | identity_evidence | fault_evidence | repair_report | usage_meter_evidence,usage_meter_evidence,0.8,No,76,15
CLM00922,Invalid Claim,Fault/damage excluded,Missing required evidence,2.0.0,Washing Machine,Main Unit,24,24,24,Active,Yes,30,No,warranty_proof | identity_evidence | fault_evidence,identity_evidence,0.6667,Yes,283,23
CLM00615,Invalid Claim,Serial mismatch,,2.0.0,Air Conditioner,Main Unit,24,24,24,Near Expiry,Yes,30,Yes,warranty_proof | identity_evidence | fault_evidence | installation_evidence,,1.0,No,24,5
CLM01153,Valid Claim,,,2.0.0,Smartphone,Main Unit,12,12,12,Near Expiry,Yes,30,Yes,warranty_proof | identity_evidence | fault_evidence,,1.0,No,12,23
CLM01045,Manual Review,,Missing required evidence,2.0.0,Air Conditioner,Compressor,60,60,60,Active,Yes,30,Yes,warranty_proof | identity_evidence | fault_evidence | installation_evidence | service_diagnostic,installation_evidence,0.8,Yes,75,11
CLM00752,Invalid Claim,Reporting period exceeded,Contradictory evidence | Repair authorization uncertain | Low OCR confidence,2.0.0,Laptop,Main Unit,24,24,24,Active,Yes,30,Yes,warranty_proof | identity_evidence | fault_evidence | repair_report,,1.0,No,204,53
CLM00603,Valid Claim,,,2.0.0,Camera,Camera Body,24,24,24,Active,Yes,30,Yes,warranty_proof | identity_evidence | fault_evidence,,1.0,No,357,3
CLM01414,Manual Review,,Missing required evidence | Low OCR confidence,2.0.0,Air Conditioner,Compressor,60,60,60,Active,Yes,30,Yes,warranty_proof | identity_evidence | fault_evidence | installation_evidence | service_diagnostic,identity_evidence,0.8,Yes,61,5
CLM00999,Manual Review,,Missing required evidence,2.0.0,Laptop,Battery,12,12,12,Active,Yes,30,Yes,warranty_proof | identity_evidence | fault_evidence | battery_diagnostic,battery_diagnostic,0.75,No,111,8
CLM00025,Invalid Claim,Fault/damage excluded,Product/model inconsistency,2.0.0,Washing Machine,Main Unit,24,24,24,Active,Yes,30,No,warranty_proof | identity_evidence | fault_evidence | repair_report,,1.0,No,155,27
CLM00659,Invalid Claim,Warranty expired,,2.0.0,Television,Main Unit,24,24,24,Expired,Yes,30,Yes,warranty_proof | identity_evidence | fault_evidence,,1.0,No,-182,8
CLM00960,Valid Claim,,,2.0.0,Laptop,Main Unit,24,24,24,Active,Yes,30,Yes,warranty_proof | identity_evidence | fault_evidence,,1.0,No,73,14
CLM00722,Invalid Claim,Fault/damage excluded,,2.0.0,Air Conditioner,Main Unit,24,24,24,Active,Yes,30,No,warranty_proof | identity_evidence | fault_evidence | installation_evidence,,1.0,No,336,11
CLM01114,Manual Review,,Missing required evidence,2.0.0,Air Conditioner,Main Unit,24,24,24,Near Expiry,Yes,30,Yes,warranty_proof | identity_evidence | fault_evidence | installation_evidence | repair_report,repair_report,0.8,No,3,16
CLM01136,Valid Claim,,,2.0.0,Air Conditioner,Main Unit,24,24,24,Active,Yes,30,Yes,warranty_proof | identity_evidence | fault_evidence | installation_evidence,,1.0,No,46,21
CLM01103,Valid Claim,,,2.0.0,Washing Machine,Main Unit,24,36,36,Active,Yes,30,Yes,warranty_proof | identity_evidence | fault_evidence,,1.0,No,153,4
CLM01496,Manual Review,,Missing required evidence,2.0.0,Air Conditioner,Main Unit,24,36,36,Active,Yes,30,Yes,warranty_proof | identity_evidence | fault_evidence | installation_evidence,installation_evidence,0.75,Yes,357,15
CLM00604,Invalid Claim,Duplicate claim,Missing required evidence,2.0.0,Printer,Main Unit,12,12,12,Active,Yes,30,Yes,warranty_proof | identity_evidence | fault_evidence | usage_meter_evidence,usage_meter_evidence,0.75,No,156,8
CLM00640,Valid Claim,,,2.0.0,Laptop,Main Unit,24,24,24,Active,Yes,30,Yes,warranty_proof | identity_evidence | fault_evidence,,1.0,No,143,1
CLM01342,Valid Claim,,,2.0.0,Laptop,Main Unit,24,36,36,Active,Yes,30,Yes,warranty_proof | identity_evidence | fault_evidence,,1.0,No,117,22
CLM00501,Valid Claim,,,2.0.0,Smartphone,Battery,12,12,12,Active,Yes,30,Yes,warranty_proof | identity_evidence | fault_evidence | repair_report | battery_diagnostic,,1.0,No,187,18
CLM00807,Valid Claim,,,2.0.0,Laptop,Main Unit,24,24,24,Active,Yes,30,Yes,warranty_proof | identity_evidence | fault_evidence,,1.0,No,246,4
CLM00972,Invalid Claim,Warranty expired | Reporting period exceeded,,2.0.0,Television,Main Unit,24,24,24,Expired,Yes,30,Yes,warranty_proof | identity_evidence | fault_evidence,,1.0,No,-328,47
CLM00162,Valid Claim,,,2.0.0,Air Conditioner,Main Unit,24,24,24,Active,Yes,30,Yes,warranty_proof | identity_evidence | fault_evidence | installation_evidence,,1.0,No,213,8
CLM00167,Invalid Claim,Fault/damage excluded | Serial mismatch,Missing required evidence | Low OCR confidence,2.0.0,Laptop,Main Unit,24,24,24,Active,Yes,30,No,warranty_proof | identity_evidence | fault_evidence,fault_evidence,0.6667,No,270,3
CLM01150,Valid Claim,,,2.0.0,Camera,Camera Body,24,24,24,Active,Yes,30,Yes,warranty_proof | identity_evidence | fault_evidence,,1.0,No,344,27
CLM00578,Invalid Claim,Fault/damage excluded,Product/model inconsistency,2.0.0,Printer,Print Head,12,12,12,Active,Yes,30,No,warranty_proof | identity_evidence | fault_evidence | usage_meter_evidence,,1.0,No,166,9
CLM00689,Valid Claim,,,2.0.0,Printer,Main Unit,12,12,12,Active,Yes,30,Yes,warranty_proof | identity_evidence | fault_evidence | usage_meter_evidence,,1.0,No,133,16
CLM00270,Valid Claim,,,2.0.0,Refrigerator,Main Unit,24,24,24,Active,Yes,30,Yes,warranty_proof | identity_evidence | fault_evidence | repair_report,,1.0,No,232,6
CLM00003,Manual Review,,Product/model inconsistency | Low OCR confidence,2.0.0,Laptop,Main Unit,24,24,24,Active,Yes,30,Yes,warranty_proof | identity_evidence | fault_evidence,,1.0,No,228,5
CLM01345,Valid Claim,,,2.0.0,Air Conditioner,Main Unit,24,24,24,Near Expiry,Yes,30,Yes,warranty_proof | identity_evidence | fault_evidence | installation_evidence,,1.0,No,30,8
CLM01132,Valid Claim,,,2.0.0,Camera,Camera Body,24,24,24,Active,Yes,30,Yes,warranty_proof | identity_evidence | fault_evidence,,1.0,No,236,6
CLM00803,Invalid Claim,Fault/damage excluded,,2.0.0,Refrigerator,Compressor,120,120,120,Active,Yes,30,No,warranty_proof | identity_evidence | fault_evidence | service_diagnostic,,1.0,No,256,10
CLM00982,Manual Review,,Missing required evidence,2.0.0,Air Conditioner,Main Unit,24,24,24,Active,Yes,30,Yes,warranty_proof | identity_evidence | fault_evidence | installation_evidence | repair_report,installation_evidence | repair_report,0.6,Yes,104,5
CLM01344,Valid Claim,,,2.0.0,Refrigerator,Main Unit,24,24,24,Active,Yes,30,Yes,warranty_proof | identity_evidence | fault_evidence,,1.0,No,102,17
CLM00874,Invalid Claim,Fault/damage excluded,Serial verification uncertain,2.0.0,Camera,Camera Body,24,24,24,Active,Yes,30,No,warranty_proof | identity_evidence | fault_evidence | repair_report,,1.0,No,319,19
CLM00018,Manual Review,,Missing required evidence,2.0.0,Camera,Camera Body,24,24,24,Active,Yes,30,Yes,warranty_proof | identity_evidence | fault_evidence | repair_report,fault_evidence,0.75,No,95,12
CLM01479,Manual Review,,Low OCR confidence,2.0.0,Smartphone,Battery,12,12,12,Active,Yes,30,Yes,warranty_proof | identity_evidence | fault_evidence | battery_diagnostic,,1.0,No,194,11
CLM01024,Manual Review,,Missing required evidence,2.0.0,Laptop,Main Unit,24,24,24,Near Expiry,Yes,30,Yes,warranty_proof | identity_evidence | fault_evidence,fault_evidence,0.6667,No,5,25
CLM00610,Valid Claim,,,2.0.0,Laptop,Main Unit,24,24,24,Active,Yes,30,Yes,warranty_proof | identity_evidence | fault_evidence | repair_report,,1.0,No,255,13
CLM00658,Invalid Claim,Warranty expired,Missing required evidence,2.0.0,Laptop,Battery,12,12,12,Expired,Yes,30,Yes,warranty_proof | identity_evidence | fault_evidence | repair_report | battery_diagnostic,battery_diagnostic,0.8,No,-84,14
CLM00020,Valid Claim,,,2.0.0,Refrigerator,Main Unit,24,24,24,Active,Yes,30,Yes,warranty_proof | identity_evidence | fault_evidence,,1.0,No,121,6
CLM00786,Manual Review,,Missing required evidence | Contradictory evidence,2.0.0,Air Conditioner,Main Unit,24,24,24,Active,Yes,30,Yes,warranty_proof | identity_evidence | fault_evidence | installation_evidence,identity_evidence,0.75,Yes,307,10
CLM00331,Invalid Claim,Fault/damage excluded,Low OCR confidence,2.0.0,Television,Main Unit,24,24,24,Active,Yes,30,No,warranty_proof | identity_evidence | fault_evidence,,1.0,No,347,13
CLM00460,Valid Claim,,,2.0.0,Printer,Main Unit,12,12,12,Active,Yes,30,Yes,warranty_proof | identity_evidence | fault_evidence | repair_report | usage_meter_evidence,,1.0,No,71,11
CLM00966,Invalid Claim,Unauthorized repair,,2.0.0,Camera,Camera Body,24,24,24,Active,Yes,30,Yes,warranty_proof | identity_evidence | fault_evidence | repair_report,,1.0,No,134,23
CLM00948,Valid Claim,,,2.0.0,Air Conditioner,Main Unit,24,36,36,Active,Yes,30,Yes,warranty_proof | identity_evidence | fault_evidence | installation_evidence | repair_report,,1.0,No,191,27
CLM00883,Valid Claim,,,2.0.0,Washing Machine,Main Unit,24,24,24,Active,Yes,30,Yes,warranty_proof | identity_evidence | fault_evidence | repair_report,,1.0,No,208,30
CLM01038,Manual Review,,Missing required evidence,2.0.0,Television,Display Panel,24,24,24,Active,Yes,30,Yes,warranty_proof | identity_evidence | fault_evidence | repair_report | screen_fault_image,screen_fault_image,0.8,No,258,4
CLM01281,Manual Review,,Missing required evidence | Low OCR confidence,2.0.0,Printer,Print Head,12,12,12,Near Expiry,Yes,30,Yes,warranty_proof | identity_evidence | fault_evidence | repair_report | usage_meter_evidence,fault_evidence,0.8,No,6,30
CLM00042,Manual Review,,Missing required evidence,2.0.0,Laptop,Main Unit,24,24,24,Active,Yes,30,Yes,warranty_proof | identity_evidence | fault_evidence,fault_evidence,0.6667,No,163,11
CLM00542,Invalid Claim,Serial mismatch,,2.0.0,Washing Machine,Main Unit,24,24,24,Active,Yes,30,Yes,warranty_proof | identity_evidence | fault_evidence,,1.0,No,147,8
CLM01325,Manual Review,,Missing required evidence | Low OCR confidence,2.0.0,Television,Main Unit,24,24,24,Active,Yes,30,Yes,warranty_proof | identity_evidence | fault_evidence,fault_evidence,0.6667,No,140,20
CLM00147,Invalid Claim,Fault/damage excluded,Missing required evidence,2.0.0,Smartphone,Main Unit,12,12,12,Active,Yes,30,No,warranty_proof | identity_evidence | fault_evidence,identity_evidence | fault_evidence,0.3333,Yes,212,12
CLM00074,Valid Claim,,,2.0.0,Air Conditioner,Main Unit,24,24,24,Active,Yes,30,Yes,warranty_proof | identity_evidence | fault_evidence | installation_evidence,,1.0,No,252,7
CLM00217,Invalid Claim,Fault/damage excluded,,2.0.0,Air Conditioner,Main Unit,24,24,24,Active,Yes,30,No,warranty_proof | identity_evidence | fault_evidence | installation_evidence | repair_report,,1.0,No,167,4
CLM01271,Valid Claim,,,2.0.0,Laptop,Power Adapter,12,12,12,Active,Yes,30,Yes,warranty_proof | identity_evidence | fault_evidence | repair_report,,1.0,No,70,12
CLM01472,Manual Review,,Contradictory evidence | Repair authorization uncertain,2.0.0,Camera,Camera Body,24,24,24,Active,Yes,30,Yes,warranty_proof | identity_evidence | fault_evidence | repair_report,,1.0,No,184,5
CLM00323,Invalid Claim,Fault/damage excluded,,2.0.0,Laptop,Main Unit,24,24,24,Active,Yes,30,No,warranty_proof | identity_evidence | fault_evidence | repair_report,,1.0,No,75,16
CLM00521,Manual Review,,Missing required evidence | Serial verification uncertain,2.0.0,Camera,Battery,6,6,6,Near Expiry,Yes,30,Yes,warranty_proof | identity_evidence | fault_evidence | repair_report,repair_report,0.75,No,22,9
CLM00849,Valid Claim,,,2.0.0,Refrigerator,Main Unit,24,24,24,Active,Yes,30,Yes,warranty_proof | identity_evidence | fault_evidence,,1.0,No,150,8
CLM00418,Invalid Claim,Claimed component not warranty eligible | Warranty expired | Fault/damage excluded,,2.0.0,Printer,Ink Or Toner,0,0,12,Active,No,30,No,warranty_proof | identity_evidence | fault_evidence | usage_meter_evidence,,1.0,No,-235,13
CLM00192,Valid Claim,,,2.0.0,Refrigerator,Main Unit,24,24,24,Near Expiry,Yes,30,Yes,warranty_proof | identity_evidence | fault_evidence,,1.0,No,2,4
CLM00561,Valid Claim,,,2.0.0,Washing Machine,Main Unit,24,24,24,Active,Yes,30,Yes,warranty_proof | identity_evidence | fault_evidence,,1.0,No,120,15
CLM00471,Manual Review,,Missing required evidence,2.0.0,Television,Main Unit,24,24,24,Active,Yes,30,Yes,warranty_proof | identity_evidence | fault_evidence,identity_evidence,0.6667,Yes,253,18
CLM01369,Manual Review,,Missing required evidence,2.0.0,Television,Main Unit,24,36,36,Active,Yes,30,Yes,warranty_proof | identity_evidence | fault_evidence | repair_report,identity_evidence,0.75,Yes,318,21
CLM00942,Invalid Claim,Serial mismatch,Missing required evidence,2.0.0,Air Conditioner,Compressor,60,60,60,Active,Yes,30,Yes,warranty_proof | identity_evidence | fault_evidence | installation_evidence | service_diagnostic,installation_evidence,0.8,Yes,167,21
CLM00038,Invalid Claim,Claimed component not warranty eligible | Warranty expired | Fault/damage excluded,Missing required evidence,2.0.0,Printer,Ink Or Toner,0,0,12,Active,No,30,No,warranty_proof | identity_evidence | fault_evidence | repair_report | usage_meter_evidence,repair_report | usage_meter_evidence,0.6,No,-172,9
CLM00377,Invalid Claim,Reporting period exceeded,Contradictory evidence,2.0.0,Laptop,Main Unit,24,36,36,Active,Yes,30,Yes,warranty_proof | identity_evidence | fault_evidence | repair_report,,1.0,No,201,36
CLM00118,Valid Claim,,,2.0.0,Refrigerator,Main Unit,24,24,24,Active,Yes,30,Yes,warranty_proof | identity_evidence | fault_evidence,,1.0,No,304,17
CLM01242,Manual Review,,Contradictory evidence,2.0.0,Refrigerator,Main Unit,24,24,24,Active,Yes,30,Yes,warranty_proof | identity_evidence | fault_evidence,,1.0,No,341,11
CLM01358,Valid Claim,,,2.0.0,Smartphone,Main Unit,12,12,12,Active,Yes,30,Yes,warranty_proof | identity_evidence | fault_evidence,,1.0,No,86,14
CLM00899,Valid Claim,,,2.0.0,Television,Main Unit,24,24,24,Active,Yes,30,Yes,warranty_proof | identity_evidence | fault_evidence,,1.0,No,46,5
CLM00115,Invalid Claim,Duplicate claim,,2.0.0,Television,Main Unit,24,24,24,Active,Yes,30,Yes,warranty_proof | identity_evidence | fault_evidence,,1.0,No,354,7
CLM00476,Manual Review,,Missing required evidence | Low OCR confidence,2.0.0,Laptop,Main Unit,24,24,24,Active,Yes,30,Yes,warranty_proof | identity_evidence | fault_evidence,fault_evidence,0.6667,No,94,5
CLM00110,Valid Claim,,,2.0.0,Smartphone,Main Unit,12,12,12,Active,Yes,30,Yes,warranty_proof | identity_evidence | fault_evidence,,1.0,No,152,11
CLM00450,Valid Claim,,,2.0.0,Refrigerator,Main Unit,24,24,24,Active,Yes,30,Yes,warranty_proof | identity_evidence | fault_evidence,,1.0,No,293,17
CLM01157,Valid Claim,,,2.0.0,Air Conditioner,Compressor,60,60,60,Near Expiry,Yes,30,Yes,warranty_proof | identity_evidence | fault_evidence | installation_evidence | service_diagnostic,,1.0,No,19,19
CLM01238,Valid Claim,,,2.0.0,Washing Machine,Main Unit,24,24,24,Near Expiry,Yes,30,Yes,warranty_proof | identity_evidence | fault_evidence,,1.0,No,16,4
CLM00910,Invalid Claim,Warranty expired | Reporting period exceeded,,2.0.0,Smartphone,Main Unit,12,12,12,Expired,Yes,30,Yes,warranty_proof | identity_evidence | fault_evidence,,1.0,No,-163,35
CLM01060,Valid Claim,,,2.0.0,Washing Machine,Main Unit,24,24,24,Active,Yes,30,Yes,warranty_proof | identity_evidence | fault_evidence | repair_report,,1.0,No,250,18
CLM01026,Valid Claim,,,2.0.0,Camera,Camera Body,24,24,24,Active,Yes,30,Yes,warranty_proof | identity_evidence | fault_evidence,,1.0,No,128,18
CLM00858,Valid Claim,,,2.0.0,Air Conditioner,Main Unit,24,24,24,Active,Yes,30,Yes,warranty_proof | identity_evidence | fault_evidence | installation_evidence,,1.0,No,358,15
CLM01299,Valid Claim,,,2.0.0,Laptop,Main Unit,24,24,24,Active,Yes,30,Yes,warranty_proof | identity_evidence | fault_evidence,,1.0,No,140,10
CLM01018,Valid Claim,,,2.0.0,Camera,Camera Body,24,24,24,Active,Yes,30,Yes,warranty_proof | identity_evidence | fault_evidence | repair_report,,1.0,No,298,12
CLM01213,Manual Review,,Serial verification uncertain,2.0.0,Washing Machine,Main Unit,24,24,24,Active,Yes,30,Yes,warranty_proof | identity_evidence | fault_evidence,,1.0,No,211,6
CLM00683,Invalid Claim,Reporting period exceeded,,2.0.0,Television,Main Unit,24,24,24,Active,Yes,30,Yes,warranty_proof | identity_evidence | fault_evidence,,1.0,No,205,31
CLM01107,Manual Review,,Missing required evidence,2.0.0,Television,Main Unit,24,24,24,Active,Yes,30,Yes,warranty_proof | identity_evidence | fault_evidence | repair_report,repair_report,0.75,No,131,7
CLM00483,Invalid Claim,Serial mismatch,Missing required evidence,2.0.0,Air Conditioner,Main Unit,24,24,24,Near Expiry,Yes,30,Yes,warranty_proof | identity_evidence | fault_evidence | installation_evidence,identity_evidence,0.75,Yes,5,15
CLM00488,Invalid Claim,Fault/damage excluded,Missing required evidence,2.0.0,Laptop,Main Unit,24,24,24,Active,Yes,30,No,warranty_proof | identity_evidence | fault_evidence | repair_report,identity_evidence | fault_evidence,0.5,Yes,285,14
CLM00552,Invalid Claim,Warranty expired,,2.0.0,Refrigerator,Main Unit,24,24,24,Expired,Yes,30,Yes,warranty_proof | identity_evidence | fault_evidence,,1.0,No,-53,12
CLM00508,Invalid Claim,Warranty expired | Fault/damage excluded,Missing required evidence,2.0.0,Air Conditioner,Main Unit,24,24,24,Expired,Yes,30,No,warranty_proof | identity_evidence | fault_evidence | installation_evidence,fault_evidence,0.75,No,-285,9
CLM01405,Valid Claim,,,2.0.0,Smartphone,Main Unit,12,12,12,Active,Yes,30,Yes,warranty_proof | identity_evidence | fault_evidence,,1.0,No,248,5
CLM01254,Valid Claim,,,2.0.0,Laptop,Battery,12,12,12,Active,Yes,30,Yes,warranty_proof | identity_evidence | fault_evidence | battery_diagnostic,,1.0,No,222,9
CLM00297,Manual Review,,Low OCR confidence,2.0.0,Laptop,Main Unit,24,24,24,Active,Yes,30,Yes,warranty_proof | identity_evidence | fault_evidence,,1.0,No,280,21
CLM00247,Valid Claim,,,2.0.0,Smartphone,Main Unit,12,24,24,Active,Yes,30,Yes,warranty_proof | identity_evidence | fault_evidence,,1.0,No,42,24
CLM00348,Manual Review,,Missing required evidence | Product/model inconsistency | Serial verification uncertain,2.0.0,Refrigerator,Main Unit,24,24,24,Active,Yes,30,Yes,warranty_proof | identity_evidence | fault_evidence | repair_report,identity_evidence | repair_report,0.5,Yes,345,6
CLM00981,Valid Claim,,,2.0.0,Washing Machine,Motor,120,120,120,Active,Yes,30,Yes,warranty_proof | identity_evidence | fault_evidence | service_diagnostic,,1.0,No,109,23
CLM00416,Invalid Claim,Fault/damage excluded | Serial mismatch,,2.0.0,Camera,Camera Body,24,24,24,Active,Yes,30,No,warranty_proof | identity_evidence | fault_evidence,,1.0,No,65,15
CLM00592,Invalid Claim,Fault/damage excluded,,2.0.0,Printer,Main Unit,12,12,12,Active,Yes,30,No,warranty_proof | identity_evidence | fault_evidence | repair_report | usage_meter_evidence,,1.0,No,170,21
CLM00166,Invalid Claim,Fault/damage excluded,Contradictory evidence,2.0.0,Refrigerator,Main Unit,24,24,24,Active,Yes,30,No,warranty_proof | identity_evidence | fault_evidence,,1.0,No,231,7
CLM00882,Manual Review,,Missing required evidence | Serial verification uncertain,2.0.0,Television,Display Panel,24,24,24,Active,Yes,30,Yes,warranty_proof | identity_evidence | fault_evidence | repair_report | screen_fault_image,repair_report,0.8,No,146,15
CLM00072,Valid Claim,,,2.0.0,Refrigerator,Main Unit,24,24,24,Active,Yes,30,Yes,warranty_proof | identity_evidence | fault_evidence,,1.0,No,41,0
CLM00037,Manual Review,,Missing required evidence,2.0.0,Laptop,Main Unit,24,24,24,Active,Yes,30,Yes,warranty_proof | identity_evidence | fault_evidence | repair_report,identity_evidence,0.75,Yes,67,1
CLM01464,Manual Review,,Missing required evidence | Serial verification uncertain,2.0.0,Television,Main Unit,24,24,24,Active,Yes,30,Yes,warranty_proof | identity_evidence | fault_evidence,identity_evidence,0.6667,Yes,161,17
CLM00372,Invalid Claim,Warranty expired | Fault/damage excluded,,2.0.0,Laptop,Main Unit,24,24,24,Expired,Yes,30,No,warranty_proof | identity_evidence | fault_evidence | repair_report,,1.0,No,-205,11
CLM00187,Invalid Claim,Fault/damage excluded | Reporting period exceeded,Missing required evidence,2.0.0,Television,Display Panel,24,24,24,Active,Yes,30,No,warranty_proof | identity_evidence | fault_evidence | repair_report | screen_fault_image,repair_report,0.8,No,46,40
CLM00853,Invalid Claim,Fault/damage excluded,,2.0.0,Smartphone,Main Unit,12,12,12,Active,Yes,30,No,warranty_proof | identity_evidence | fault_evidence | repair_report,,1.0,No,201,7
CLM01134,Manual Review,,Missing required evidence,2.0.0,Smartphone,Main Unit,12,12,12,Active,Yes,30,Yes,warranty_proof | identity_evidence | fault_evidence,fault_evidence,0.6667,No,217,15
CLM00511,Invalid Claim,Fault/damage excluded | Reporting period exceeded,,2.0.0,Laptop,Main Unit,24,24,24,Active,Yes,30,No,warranty_proof | identity_evidence | fault_evidence,,1.0,No,129,34
CLM01288,Manual Review,,Missing required evidence,2.0.0,Smartphone,Battery,12,12,12,Active,Yes,30,Yes,warranty_proof | identity_evidence | fault_evidence | battery_diagnostic,battery_diagnostic,0.75,No,122,16
CLM00315,Invalid Claim,Fault/damage excluded,Missing required evidence,2.0.0,Laptop,Battery,12,12,12,Active,Yes,30,No,warranty_proof | identity_evidence | fault_evidence | battery_diagnostic,battery_diagnostic,0.75,No,86,1
CLM01454,Manual Review,,Serial verification uncertain,2.0.0,Camera,Camera Body,24,24,24,Active,Yes,30,Yes,warranty_proof | identity_evidence | fault_evidence,,1.0,No,277,19
CLM01165,Manual Review,,Missing required evidence | Low OCR confidence,2.0.0,Refrigerator,Main Unit,24,24,24,Active,Yes,30,Yes,warranty_proof | identity_evidence | fault_evidence,identity_evidence | fault_evidence,0.3333,Yes,253,10
CLM00995,Valid Claim,,,2.0.0,Air Conditioner,Main Unit,24,24,24,Active,Yes,30,Yes,warranty_proof | identity_evidence | fault_evidence | installation_evidence,,1.0,No,32,9
CLM00952,Valid Claim,,,2.0.0,Printer,Main Unit,12,12,12,Near Expiry,Yes,30,Yes,warranty_proof | identity_evidence | fault_evidence | repair_report | usage_meter_evidence,,1.0,No,19,17
CLM00322,Valid Claim,,,2.0.0,Laptop,Power Adapter,12,12,12,Active,Yes,30,Yes,warranty_proof | identity_evidence | fault_evidence,,1.0,No,65,24
CLM01245,Manual Review,,Missing required evidence,2.0.0,Camera,Camera Body,24,24,24,Active,Yes,30,Yes,warranty_proof | identity_evidence | fault_evidence,identity_evidence,0.6667,Yes,73,13
CLM00984,Valid Claim,,,2.0.0,Air Conditioner,Main Unit,24,24,24,Active,Yes,30,Yes,warranty_proof | identity_evidence | fault_evidence | installation_evidence,,1.0,No,343,16
CLM01269,Valid Claim,,,2.0.0,Smartphone,Main Unit,12,24,24,Active,Yes,30,Yes,warranty_proof | identity_evidence | fault_evidence,,1.0,No,286,3
CLM00740,Valid Claim,,,2.0.0,Printer,Print Head,12,12,12,Near Expiry,Yes,30,Yes,warranty_proof | identity_evidence | fault_evidence | usage_meter_evidence,,1.0,No,3,19
CLM00774,Invalid Claim,Fault/damage excluded,Low OCR confidence,2.0.0,Smartphone,Main Unit,12,24,24,Active,Yes,30,No,warranty_proof | identity_evidence | fault_evidence,,1.0,No,142,4
CLM01312,Valid Claim,,,2.0.0,Laptop,Main Unit,24,24,24,Active,Yes,30,Yes,warranty_proof | identity_evidence | fault_evidence,,1.0,No,136,6
CLM01159,Valid Claim,,,2.0.0,Laptop,Main Unit,24,24,24,Active,Yes,30,Yes,warranty_proof | identity_evidence | fault_evidence,,1.0,No,281,2
CLM00974,Valid Claim,,,2.0.0,Laptop,Main Unit,24,36,36,Active,Yes,30,Yes,warranty_proof | identity_evidence | fault_evidence,,1.0,No,175,17
CLM00407,Valid Claim,,,2.0.0,Laptop,Main Unit,24,24,24,Active,Yes,30,Yes,warranty_proof | identity_evidence | fault_evidence,,1.0,No,201,12
CLM00737,Valid Claim,,,2.0.0,Laptop,Main Unit,24,24,24,Active,Yes,30,Yes,warranty_proof | identity_evidence | fault_evidence | repair_report,,1.0,No,319,4
CLM00298,Valid Claim,,,2.0.0,Refrigerator,Main Unit,24,24,24,Active,Yes,30,Yes,warranty_proof | identity_evidence | fault_evidence,,1.0,No,162,9
CLM01146,Manual Review,,Serial verification uncertain,2.0.0,Smartphone,Main Unit,12,12,12,Active,Yes,30,Yes,warranty_proof | identity_evidence | fault_evidence,,1.0,No,130,23
CLM00751,Manual Review,,Missing required evidence,2.0.0,Printer,Main Unit,12,12,12,Active,Yes,30,Yes,warranty_proof | identity_evidence | fault_evidence | repair_report | usage_meter_evidence,fault_evidence | repair_report,0.6,No,131,8
CLM00930,Invalid Claim,Fault/damage excluded,Missing required evidence,2.0.0,Laptop,Battery,12,12,12,Active,Yes,30,No,warranty_proof | identity_evidence | fault_evidence | battery_diagnostic,identity_evidence,0.75,Yes,197,5
CLM00522,Invalid Claim,Warranty expired | Fault/damage excluded,,2.0.0,Camera,Lens,24,24,24,Expired,Yes,30,No,warranty_proof | identity_evidence | fault_evidence | component_identity_evidence,,1.0,No,-1,8
CLM01313,Valid Claim,,,2.0.0,Camera,Camera Body,24,24,24,Near Expiry,Yes,30,Yes,warranty_proof | identity_evidence | fault_evidence,,1.0,No,16,2
CLM00606,Invalid Claim,Fault/damage excluded,,2.0.0,Laptop,Main Unit,24,24,24,Active,Yes,30,No,warranty_proof | identity_evidence | fault_evidence | repair_report,,1.0,No,33,28
CLM00108,Valid Claim,,,2.0.0,Refrigerator,Main Unit,24,24,24,Active,Yes,30,Yes,warranty_proof | identity_evidence | fault_evidence,,1.0,No,196,12
CLM00205,Valid Claim,,,2.0.0,Camera,Camera Body,24,24,24,Active,Yes,30,Yes,warranty_proof | identity_evidence | fault_evidence | repair_report,,1.0,No,159,15
CLM00300,Valid Claim,,,2.0.0,Air Conditioner,Compressor,60,60,60,Near Expiry,Yes,30,Yes,warranty_proof | identity_evidence | fault_evidence | installation_evidence | repair_report | service_diagnostic,,1.0,No,30,7
CLM00239,Valid Claim,,,2.0.0,Refrigerator,Main Unit,24,24,24,Active,Yes,30,Yes,warranty_proof | identity_evidence | fault_evidence,,1.0,No,193,19
CLM01493,Manual Review,,Missing required evidence,2.0.0,Printer,Print Head,12,12,12,Active,Yes,30,Yes,warranty_proof | identity_evidence | fault_evidence | usage_meter_evidence,fault_evidence,0.75,No,175,4
CLM00947,Invalid Claim,Warranty expired | Fault/damage excluded,,2.0.0,Television,Display Panel,24,24,24,Expired,Yes,30,No,warranty_proof | identity_evidence | fault_evidence | screen_fault_image,,1.0,No,-187,15
CLM01349,Valid Claim,,,2.0.0,Printer,Main Unit,12,12,12,Active,Yes,30,Yes,warranty_proof | identity_evidence | fault_evidence | usage_meter_evidence,,1.0,No,248,12
CLM01304,Manual Review,,Missing required evidence,2.0.0,Camera,Lens,24,24,24,Active,Yes,30,Yes,warranty_proof | identity_evidence | fault_evidence | component_identity_evidence,fault_evidence,0.75,No,235,14
CLM01223,Manual Review,,Low OCR confidence,2.0.0,Smartphone,Main Unit,12,12,12,Active,Yes,30,Yes,warranty_proof | identity_evidence | fault_evidence,,1.0,No,218,17
CLM00927,Manual Review,,Missing required evidence,2.0.0,Printer,Main Unit,12,12,12,Active,Yes,30,Yes,warranty_proof | identity_evidence | fault_evidence | usage_meter_evidence,identity_evidence,0.75,Yes,161,10
CLM00261,Valid Claim,,,2.0.0,Television,Display Panel,24,24,24,Active,Yes,30,Yes,warranty_proof | identity_evidence | fault_evidence | screen_fault_image,,1.0,No,84,9
CLM00889,Valid Claim,,,2.0.0,Printer,Main Unit,12,12,12,Active,Yes,30,Yes,warranty_proof | identity_evidence | fault_evidence | repair_report | usage_meter_evidence,,1.0,No,247,19
CLM00541,Manual Review,,Missing required evidence,2.0.0,Laptop,Main Unit,24,24,24,Active,Yes,30,Yes,warranty_proof | identity_evidence | fault_evidence,identity_evidence,0.6667,Yes,50,10
CLM00285,Invalid Claim,Duplicate claim,,2.0.0,Television,Main Unit,24,24,24,Active,Yes,30,Yes,warranty_proof | identity_evidence | fault_evidence | repair_report,,1.0,No,142,11
CLM00721,Invalid Claim,Fault/damage excluded,Product/model inconsistency,2.0.0,Camera,Camera Body,24,36,36,Active,Yes,30,No,warranty_proof | identity_evidence | fault_evidence,,1.0,No,227,1
CLM00886,Invalid Claim,Fault/damage excluded,Product/model inconsistency,2.0.0,Washing Machine,Main Unit,24,36,36,Active,Yes,30,No,warranty_proof | identity_evidence | fault_evidence,,1.0,No,216,27
CLM00583,Manual Review,,Missing required evidence | Low OCR confidence,2.0.0,Television,Main Unit,24,24,24,Active,Yes,30,Yes,warranty_proof | identity_evidence | fault_evidence,identity_evidence,0.6667,Yes,85,16
CLM00702,Invalid Claim,Fault/damage excluded,,2.0.0,Camera,Camera Body,24,24,24,Near Expiry,Yes,30,No,warranty_proof | identity_evidence | fault_evidence,,1.0,No,20,5
CLM01448,Manual Review,,Low OCR confidence,2.0.0,Smartphone,Main Unit,12,12,12,Active,Yes,30,Yes,warranty_proof | identity_evidence | fault_evidence,,1.0,No,129,5
CLM00769,Invalid Claim,Reporting period exceeded,,2.0.0,Washing Machine,Motor,120,120,120,Active,Yes,30,Yes,warranty_proof | identity_evidence | fault_evidence | service_diagnostic,,1.0,No,308,32
CLM01099,Valid Claim,,,2.0.0,Television,Main Unit,24,24,24,Active,Yes,30,Yes,warranty_proof | identity_evidence | fault_evidence,,1.0,No,342,6
CLM00462,Invalid Claim,Claimed component not warranty eligible | Warranty expired | Fault/damage excluded | Reporting period exceeded,,2.0.0,Printer,Ink Or Toner,0,0,12,Active,No,30,No,warranty_proof | identity_evidence | fault_evidence | usage_meter_evidence,,1.0,No,-302,44
CLM01033,Manual Review,,Missing required evidence | Repair authorization uncertain,2.0.0,Television,Remote Control,6,6,6,Near Expiry,Yes,30,Yes,warranty_proof | identity_evidence | fault_evidence | repair_report,repair_report,0.75,No,16,7
CLM00898,Invalid Claim,Claimed component not warranty eligible | Warranty expired | Fault/damage excluded,,2.0.0,Printer,Ink Or Toner,0,0,12,Active,No,30,No,warranty_proof | identity_evidence | fault_evidence | usage_meter_evidence,,1.0,No,-174,14
CLM00924,Valid Claim,,,2.0.0,Refrigerator,Compressor,120,120,120,Active,Yes,30,Yes,warranty_proof | identity_evidence | fault_evidence | service_diagnostic,,1.0,No,148,10
CLM00425,Manual Review,,Missing required evidence,2.0.0,Printer,Print Head,12,12,12,Active,Yes,30,Yes,warranty_proof | identity_evidence | fault_evidence | usage_meter_evidence,fault_evidence,0.75,No,204,8
CLM00335,Valid Claim,,,2.0.0,Air Conditioner,Main Unit,24,24,24,Active,Yes,30,Yes,warranty_proof | identity_evidence | fault_evidence | installation_evidence,,1.0,No,123,13
CLM01172,Manual Review,,Missing required evidence | Repair authorization uncertain,2.0.0,Washing Machine,Main Unit,24,24,24,Active,Yes,30,Yes,warranty_proof | identity_evidence | fault_evidence | repair_report,fault_evidence | repair_report,0.5,No,105,26
CLM00449,Manual Review,,Missing required evidence,2.0.0,Refrigerator,Compressor,120,120,120,Active,Yes,30,Yes,warranty_proof | identity_evidence | fault_evidence | service_diagnostic,service_diagnostic,0.75,No,301,9
CLM00601,Invalid Claim,Warranty expired,Missing required evidence,2.0.0,Air Conditioner,Main Unit,24,24,24,Expired,Yes,30,Yes,warranty_proof | identity_evidence | fault_evidence | installation_evidence,identity_evidence,0.75,Yes,-274,12
CLM00144,Manual Review,,Missing required evidence,2.0.0,Camera,Camera Body,24,36,36,Active,Yes,30,Yes,warranty_proof | identity_evidence | fault_evidence,identity_evidence | fault_evidence,0.3333,Yes,79,8
CLM00026,Manual Review,,Missing required evidence,2.0.0,Printer,Main Unit,12,12,12,Active,Yes,30,Yes,warranty_proof | identity_evidence | fault_evidence | usage_meter_evidence,usage_meter_evidence,0.75,No,206,23
CLM00328,Manual Review,,Missing required evidence | Low OCR confidence,2.0.0,Washing Machine,Main Unit,24,24,24,Active,Yes,30,Yes,warranty_proof | identity_evidence | fault_evidence,fault_evidence,0.6667,No,212,25
CLM00569,Invalid Claim,Fault/damage excluded | Reporting period exceeded,,2.0.0,Laptop,Main Unit,24,24,24,Active,Yes,30,No,warranty_proof | identity_evidence | fault_evidence,,1.0,No,175,33
CLM00759,Manual Review,,Serial verification uncertain,2.0.0,Printer,Main Unit,12,12,12,Active,Yes,30,Yes,warranty_proof | identity_evidence | fault_evidence | usage_meter_evidence,,1.0,No,173,16
CLM01049,Valid Claim,,,2.0.0,Washing Machine,Motor,120,120,120,Active,Yes,30,Yes,warranty_proof | identity_evidence | fault_evidence | service_diagnostic,,1.0,No,167,15
CLM00502,Invalid Claim,Reporting period exceeded,Missing required evidence,2.0.0,Laptop,Main Unit,24,24,24,Active,Yes,30,Yes,warranty_proof | identity_evidence | fault_evidence | repair_report,fault_evidence,0.75,No,198,46
CLM01047,Valid Claim,,,2.0.0,Refrigerator,Main Unit,24,24,24,Active,Yes,30,Yes,warranty_proof | identity_evidence | fault_evidence,,1.0,No,346,14
CLM01459,Manual Review,,Missing required evidence,2.0.0,Printer,Main Unit,12,12,12,Active,Yes,30,Yes,warranty_proof | identity_evidence | fault_evidence | usage_meter_evidence,identity_evidence | fault_evidence,0.5,Yes,162,7
CLM00465,Valid Claim,,,2.0.0,Washing Machine,Main Unit,24,24,24,Active,Yes,30,Yes,warranty_proof | identity_evidence | fault_evidence,,1.0,No,348,7
CLM01094,Manual Review,,Missing required evidence,2.0.0,Refrigerator,Main Unit,24,36,36,Active,Yes,30,Yes,warranty_proof | identity_evidence | fault_evidence,identity_evidence,0.6667,Yes,163,20
CLM00555,Valid Claim,,,2.0.0,Printer,Main Unit,12,12,12,Active,Yes,30,Yes,warranty_proof | identity_evidence | fault_evidence | usage_meter_evidence,,1.0,No,224,6
CLM00585,Manual Review,,Missing required evidence,2.0.0,Smartphone,Main Unit,12,12,12,Active,Yes,30,Yes,warranty_proof | identity_evidence | fault_evidence,identity_evidence,0.6667,Yes,74,10
CLM01428,Manual Review,,Missing required evidence,2.0.0,Washing Machine,Main Unit,24,24,24,Active,Yes,30,Yes,warranty_proof | identity_evidence | fault_evidence | repair_report,identity_evidence,0.75,Yes,185,15
CLM00908,Invalid Claim,Fault/damage excluded,,2.0.0,Washing Machine,Motor,120,120,120,Near Expiry,Yes,30,No,warranty_proof | identity_evidence | fault_evidence | service_diagnostic,,1.0,No,9,19
CLM00669,Invalid Claim,Fault/damage excluded,,2.0.0,Washing Machine,Main Unit,24,24,24,Active,Yes,30,No,warranty_proof | identity_evidence | fault_evidence,,1.0,No,153,19
CLM00375,Manual Review,,Missing required evidence,2.0.0,Air Conditioner,Main Unit,24,24,24,Near Expiry,Yes,30,Yes,warranty_proof | identity_evidence | fault_evidence | installation_evidence,fault_evidence,0.75,No,0,18
CLM00145,Valid Claim,,,2.0.0,Refrigerator,Main Unit,24,24,24,Active,Yes,30,Yes,warranty_proof | identity_evidence | fault_evidence,,1.0,No,39,13
CLM00992,Valid Claim,,,2.0.0,Television,Main Unit,24,24,24,Active,Yes,30,Yes,warranty_proof | identity_evidence | fault_evidence,,1.0,No,131,28
CLM01189,Valid Claim,,,2.0.0,Smartphone,Main Unit,12,12,12,Active,Yes,30,Yes,warranty_proof | identity_evidence | fault_evidence,,1.0,No,84,14
CLM01109,Valid Claim,,,2.0.0,Smartphone,Charger,6,6,6,Active,Yes,30,Yes,warranty_proof | identity_evidence | fault_evidence | repair_report,,1.0,No,120,7
CLM01021,Valid Claim,,,2.0.0,Television,Main Unit,24,36,36,Active,Yes,30,Yes,warranty_proof | identity_evidence | fault_evidence,,1.0,No,170,15
CLM00228,Valid Claim,,,2.0.0,Refrigerator,Main Unit,24,24,24,Active,Yes,30,Yes,warranty_proof | identity_evidence | fault_evidence,,1.0,No,174,1
CLM00649,Manual Review,,Repair authorization uncertain,2.0.0,Refrigerator,Compressor,120,120,120,Active,Yes,30,Yes,warranty_proof | identity_evidence | fault_evidence | repair_report | service_diagnostic,,1.0,No,228,11
CLM00617,Valid Claim,,,2.0.0,Television,Main Unit,24,24,24,Active,Yes,30,Yes,warranty_proof | identity_evidence | fault_evidence,,1.0,No,226,15
CLM00525,Manual Review,,Missing required evidence | Low OCR confidence,2.0.0,Washing Machine,Main Unit,24,24,24,Active,Yes,30,Yes,warranty_proof | identity_evidence | fault_evidence | repair_report,repair_report,0.75,No,125,13
CLM01012,Manual Review,,Serial verification uncertain,2.0.0,Camera,Battery,6,6,6,Active,Yes,30,Yes,warranty_proof | identity_evidence | fault_evidence,,1.0,No,76,5
CLM00507,Manual Review,,Missing required evidence | Low OCR confidence,2.0.0,Smartphone,Battery,12,12,12,Active,Yes,30,Yes,warranty_proof | identity_evidence | fault_evidence | battery_diagnostic,identity_evidence | fault_evidence,0.5,Yes,136,30
CLM00357,Valid Claim,,,2.0.0,Washing Machine,Main Unit,24,24,24,Active,Yes,30,Yes,warranty_proof | identity_evidence | fault_evidence,,1.0,No,69,9
CLM01423,Manual Review,,Missing required evidence,2.0.0,Air Conditioner,Main Unit,24,24,24,Active,Yes,30,Yes,warranty_proof | identity_evidence | fault_evidence | installation_evidence | repair_report,identity_evidence,0.8,Yes,112,3
CLM01219,Valid Claim,,,2.0.0,Air Conditioner,Compressor,60,60,60,Active,Yes,30,Yes,warranty_proof | identity_evidence | fault_evidence | installation_evidence | service_diagnostic,,1.0,No,160,19
CLM00532,Invalid Claim,Reporting period exceeded,,2.0.0,Air Conditioner,Main Unit,24,24,24,Near Expiry,Yes,30,Yes,warranty_proof | identity_evidence | fault_evidence | installation_evidence,,1.0,No,23,36
CLM00230,Valid Claim,,,2.0.0,Refrigerator,Main Unit,24,24,24,Active,Yes,30,Yes,warranty_proof | identity_evidence | fault_evidence | repair_report,,1.0,No,205,3
CLM00714,Invalid Claim,Unauthorized repair,,2.0.0,Refrigerator,Compressor,120,120,120,Active,Yes,30,Yes,warranty_proof | identity_evidence | fault_evidence | repair_report | service_diagnostic,,1.0,No,244,14
CLM00877,Valid Claim,,,2.0.0,Washing Machine,Main Unit,24,36,36,Active,Yes,30,Yes,warranty_proof | identity_evidence | fault_evidence | repair_report,,1.0,No,244,26
CLM00823,Invalid Claim,Fault/damage excluded,,2.0.0,Refrigerator,Main Unit,24,24,24,Active,Yes,30,No,warranty_proof | identity_evidence | fault_evidence,,1.0,No,310,18
CLM00117,Invalid Claim,Warranty expired | Unauthorized repair,,2.0.0,Laptop,Power Adapter,12,12,12,Expired,Yes,30,Yes,warranty_proof | identity_evidence | fault_evidence | repair_report,,1.0,No,-127,9
CLM00154,Invalid Claim,Warranty expired | Fault/damage excluded,,2.0.0,Camera,Camera Body,24,24,24,Expired,Yes,30,No,warranty_proof | identity_evidence | fault_evidence | repair_report,,1.0,No,-359,22
CLM01331,Valid Claim,,,2.0.0,Air Conditioner,Main Unit,24,24,24,Active,Yes,30,Yes,warranty_proof | identity_evidence | fault_evidence | installation_evidence | repair_report,,1.0,No,59,10
CLM00537,Invalid Claim,Warranty expired | Duplicate claim,,2.0.0,Camera,Camera Body,24,24,24,Expired,Yes,30,Yes,warranty_proof | identity_evidence | fault_evidence,,1.0,No,-351,2
CLM01441,Manual Review,,Serial verification uncertain,2.0.0,Laptop,Power Adapter,12,12,12,Active,Yes,30,Yes,warranty_proof | identity_evidence | fault_evidence,,1.0,No,194,15
CLM00087,Valid Claim,,,2.0.0,Smartphone,Main Unit,12,12,12,Active,Yes,30,Yes,warranty_proof | identity_evidence | fault_evidence,,1.0,No,83,27
CLM01255,Valid Claim,,,2.0.0,Air Conditioner,Main Unit,24,36,36,Active,Yes,30,Yes,warranty_proof | identity_evidence | fault_evidence | installation_evidence,,1.0,No,350,2
CLM00160,Invalid Claim,Fault/damage excluded,,2.0.0,Refrigerator,Main Unit,24,24,24,Active,Yes,30,No,warranty_proof | identity_evidence | fault_evidence,,1.0,No,315,18
CLM01374,Manual Review,,Missing required evidence,2.0.0,Laptop,Power Adapter,12,12,12,Active,Yes,30,Yes,warranty_proof | identity_evidence | fault_evidence | repair_report,repair_report,0.75,No,192,20
CLM01318,Valid Claim,,,2.0.0,Smartphone,Main Unit,12,12,12,Near Expiry,Yes,30,Yes,warranty_proof | identity_evidence | fault_evidence,,1.0,No,29,7
CLM00967,Invalid Claim,Fault/damage excluded,,2.0.0,Smartphone,Main Unit,12,12,12,Near Expiry,Yes,30,No,warranty_proof | identity_evidence | fault_evidence | repair_report,,1.0,No,23,6
CLM00884,Valid Claim,,,2.0.0,Television,Main Unit,24,24,24,Active,Yes,30,Yes,warranty_proof | identity_evidence | fault_evidence,,1.0,No,209,3
CLM01079,Valid Claim,,,2.0.0,Television,Main Unit,24,24,24,Active,Yes,30,Yes,warranty_proof | identity_evidence | fault_evidence,,1.0,No,337,23
CLM01351,Manual Review,,Low OCR confidence,2.0.0,Television,Main Unit,24,36,36,Active,Yes,30,Yes,warranty_proof | identity_evidence | fault_evidence | repair_report,,1.0,No,365,24
CLM01156,Manual Review,,Low OCR confidence,2.0.0,Washing Machine,Main Unit,24,36,36,Active,Yes,30,Yes,warranty_proof | identity_evidence | fault_evidence | repair_report,,1.0,No,287,19
CLM00975,Invalid Claim,Warranty expired | Serial mismatch,Missing required evidence,2.0.0,Washing Machine,Motor,120,120,120,Expired,Yes,30,Yes,warranty_proof | identity_evidence | fault_evidence | service_diagnostic,identity_evidence,0.75,Yes,-294,6
CLM00150,Invalid Claim,Unauthorized repair,,2.0.0,Camera,Camera Body,24,24,24,Active,Yes,30,Yes,warranty_proof | identity_evidence | fault_evidence | repair_report,,1.0,No,322,10
CLM00560,Invalid Claim,Warranty expired,,2.0.0,Washing Machine,Main Unit,24,24,24,Expired,Yes,30,Yes,warranty_proof | identity_evidence | fault_evidence,,1.0,No,-208,24
CLM01332,Valid Claim,,,2.0.0,Air Conditioner,Main Unit,24,24,24,Active,Yes,30,Yes,warranty_proof | identity_evidence | fault_evidence | installation_evidence,,1.0,No,340,3
CLM00411,Valid Claim,,,2.0.0,Camera,Camera Body,24,24,24,Active,Yes,30,Yes,warranty_proof | identity_evidence | fault_evidence,,1.0,No,103,12
CLM01481,Manual Review,,Missing required evidence,2.0.0,Smartphone,Main Unit,12,12,12,Active,Yes,30,Yes,warranty_proof | identity_evidence | fault_evidence,fault_evidence,0.6667,No,90,6
CLM01226,Valid Claim,,,2.0.0,Washing Machine,Main Unit,24,24,24,Active,Yes,30,Yes,warranty_proof | identity_evidence | fault_evidence,,1.0,No,112,12
CLM00206,Invalid Claim,Warranty expired,,2.0.0,Laptop,Main Unit,24,24,24,Expired,Yes,30,Yes,warranty_proof | identity_evidence | fault_evidence,,1.0,No,-270,7
CLM01354,Manual Review,,Missing required evidence,2.0.0,Camera,Camera Body,24,24,24,Active,Yes,30,Yes,warranty_proof | identity_evidence | fault_evidence,identity_evidence,0.6667,Yes,349,2
CLM01355,Manual Review,,Missing required evidence | Low OCR confidence,2.0.0,Television,Main Unit,24,24,24,Active,Yes,30,Yes,warranty_proof | identity_evidence | fault_evidence,identity_evidence,0.6667,Yes,246,9
CLM00338,Invalid Claim,Fault/damage excluded,Missing required evidence,2.0.0,Washing Machine,Main Unit,24,24,24,Near Expiry,Yes,30,No,warranty_proof | identity_evidence | fault_evidence,identity_evidence | fault_evidence,0.3333,Yes,14,12
CLM01421,Manual Review,,Missing required evidence,2.0.0,Washing Machine,Main Unit,24,24,24,Active,Yes,30,Yes,warranty_proof | identity_evidence | fault_evidence,fault_evidence,0.6667,No,299,8
CLM00102,Invalid Claim,Unauthorized repair,Missing required evidence,2.0.0,Air Conditioner,Compressor,60,60,60,Active,Yes,30,Yes,warranty_proof | identity_evidence | fault_evidence | installation_evidence | repair_report | service_diagnostic,fault_evidence | repair_report,0.6667,No,363,11
CLM00741,Invalid Claim,Fault/damage excluded,,2.0.0,Television,Main Unit,24,24,24,Active,Yes,30,No,warranty_proof | identity_evidence | fault_evidence,,1.0,No,83,12
CLM00126,Invalid Claim,Serial mismatch,Low OCR confidence,2.0.0,Laptop,Battery,12,12,12,Active,Yes,30,Yes,warranty_proof | identity_evidence | fault_evidence | battery_diagnostic,,1.0,No,248,8
CLM01495,Manual Review,,Missing required evidence,2.0.0,Television,Main Unit,24,24,24,Active,Yes,30,Yes,warranty_proof | identity_evidence | fault_evidence | repair_report,repair_report,0.75,No,261,26
CLM01065,Manual Review,,Missing required evidence | Low OCR confidence,2.0.0,Camera,Camera Body,24,24,24,Active,Yes,30,Yes,warranty_proof | identity_evidence | fault_evidence | repair_report,identity_evidence | repair_report,0.5,Yes,120,23
CLM01475,Manual Review,,Missing required evidence,2.0.0,Refrigerator,Main Unit,24,24,24,Active,Yes,30,Yes,warranty_proof | identity_evidence | fault_evidence,identity_evidence,0.6667,Yes,139,20
CLM00001,Valid Claim,,,2.0.0,Camera,Camera Body,24,24,24,Active,Yes,30,Yes,warranty_proof | identity_evidence | fault_evidence,,1.0,No,89,23
CLM01214,Valid Claim,,,2.0.0,Washing Machine,Main Unit,24,24,24,Near Expiry,Yes,30,Yes,warranty_proof | identity_evidence | fault_evidence,,1.0,No,9,4
CLM01258,Valid Claim,,,2.0.0,Laptop,Main Unit,24,24,24,Near Expiry,Yes,30,Yes,warranty_proof | identity_evidence | fault_evidence,,1.0,No,19,13
CLM00009,Valid Claim,,,2.0.0,Refrigerator,Main Unit,24,24,24,Active,Yes,30,Yes,warranty_proof | identity_evidence | fault_evidence,,1.0,No,59,15
CLM00129,Invalid Claim,Reporting period exceeded,,2.0.0,Refrigerator,Main Unit,24,36,36,Active,Yes,30,Yes,warranty_proof | identity_evidence | fault_evidence,,1.0,No,128,34
CLM00679,Invalid Claim,Warranty expired,Serial verification uncertain,2.0.0,Refrigerator,Main Unit,24,36,36,Expired,Yes,30,Yes,warranty_proof | identity_evidence | fault_evidence,,1.0,No,-239,4
CLM00567,Invalid Claim,Warranty expired,Missing required evidence | Contradictory evidence,2.0.0,Television,Main Unit,24,24,24,Expired,Yes,30,Yes,warranty_proof | identity_evidence | fault_evidence,fault_evidence,0.6667,No,-317,16
CLM00305,Invalid Claim,Fault/damage excluded,,2.0.0,Washing Machine,Main Unit,24,24,24,Active,Yes,30,No,warranty_proof | identity_evidence | fault_evidence,,1.0,No,339,23
CLM01137,Manual Review,,Missing required evidence,2.0.0,Laptop,Main Unit,24,24,24,Active,Yes,30,Yes,warranty_proof | identity_evidence | fault_evidence | repair_report,identity_evidence | fault_evidence,0.5,Yes,327,6
CLM01309,Manual Review,,Low OCR confidence,2.0.0,Television,Remote Control,6,6,6,Active,Yes,30,Yes,warranty_proof | identity_evidence | fault_evidence,,1.0,No,82,10
CLM00624,Invalid Claim,Reporting period exceeded,,2.0.0,Smartphone,Main Unit,12,12,12,Active,Yes,30,Yes,warranty_proof | identity_evidence | fault_evidence,,1.0,No,188,41
CLM00811,Manual Review,,Missing required evidence,2.0.0,Printer,Main Unit,12,12,12,Active,Yes,30,Yes,warranty_proof | identity_evidence | fault_evidence | usage_meter_evidence,usage_meter_evidence,0.75,No,230,4
CLM00269,Invalid Claim,Fault/damage excluded,Missing required evidence,2.0.0,Printer,Main Unit,12,12,12,Active,Yes,30,No,warranty_proof | identity_evidence | fault_evidence | usage_meter_evidence,identity_evidence,0.75,Yes,239,30
CLM01373,Valid Claim,,,2.0.0,Television,Main Unit,24,24,24,Active,Yes,30,Yes,warranty_proof | identity_evidence | fault_evidence,,1.0,No,132,3
CLM00098,Valid Claim,,,2.0.0,Smartphone,Main Unit,12,12,12,Active,Yes,30,Yes,warranty_proof | identity_evidence | fault_evidence,,1.0,No,138,6
CLM00620,Invalid Claim,Reporting period exceeded,,2.0.0,Laptop,Main Unit,24,24,24,Active,Yes,30,Yes,warranty_proof | identity_evidence | fault_evidence | repair_report,,1.0,No,343,32
CLM00829,Invalid Claim,Fault/damage excluded,Missing required evidence,2.0.0,Laptop,Main Unit,24,36,36,Active,Yes,30,No,warranty_proof | identity_evidence | fault_evidence,fault_evidence,0.6667,No,278,12
CLM00441,Manual Review,,Low OCR confidence,2.0.0,Camera,Camera Body,24,24,24,Active,Yes,30,Yes,warranty_proof | identity_evidence | fault_evidence,,1.0,No,295,14
CLM01197,Valid Claim,,,2.0.0,Refrigerator,Main Unit,24,24,24,Active,Yes,30,Yes,warranty_proof | identity_evidence | fault_evidence,,1.0,No,50,13
CLM00006,Manual Review,,Product/model inconsistency,2.0.0,Camera,Camera Body,24,24,24,Active,Yes,30,Yes,warranty_proof | identity_evidence | fault_evidence,,1.0,No,87,12
CLM01087,Valid Claim,,,2.0.0,Laptop,Main Unit,24,36,36,Active,Yes,30,Yes,warranty_proof | identity_evidence | fault_evidence,,1.0,No,42,4
CLM01365,Manual Review,,Missing required evidence,2.0.0,Air Conditioner,Main Unit,24,24,24,Active,Yes,30,Yes,warranty_proof | identity_evidence | fault_evidence | installation_evidence,fault_evidence,0.75,No,333,16
CLM00824,Manual Review,,Missing required evidence,2.0.0,Refrigerator,Main Unit,24,24,24,Active,Yes,30,Yes,warranty_proof | identity_evidence | fault_evidence | repair_report,repair_report,0.75,No,304,13
CLM01202,Valid Claim,,,2.0.0,Air Conditioner,Main Unit,24,24,24,Active,Yes,30,Yes,warranty_proof | identity_evidence | fault_evidence | installation_evidence | repair_report,,1.0,No,213,7
CLM01192,Manual Review,,Contradictory evidence,2.0.0,Air Conditioner,Main Unit,24,24,24,Active,Yes,30,Yes,warranty_proof | identity_evidence | fault_evidence | installation_evidence,,1.0,No,119,10
CLM00890,Invalid Claim,Fault/damage excluded,,2.0.0,Printer,Main Unit,12,12,12,Active,Yes,30,No,warranty_proof | identity_evidence | fault_evidence | usage_meter_evidence,,1.0,No,87,9
CLM01098,Valid Claim,,,2.0.0,Washing Machine,Main Unit,24,24,24,Active,Yes,30,Yes,warranty_proof | identity_evidence | fault_evidence,,1.0,No,292,20
CLM00387,Invalid Claim,Warranty expired,,2.0.0,Air Conditioner,Main Unit,24,24,24,Expired,Yes,30,Yes,warranty_proof | identity_evidence | fault_evidence | installation_evidence,,1.0,No,-293,12
CLM00958,Invalid Claim,Fault/damage excluded,Missing required evidence,2.0.0,Camera,Camera Body,24,24,24,Active,Yes,30,No,warranty_proof | identity_evidence | fault_evidence,identity_evidence,0.6667,Yes,255,19
CLM01248,Manual Review,,Serial verification uncertain,2.0.0,Camera,Camera Body,24,24,24,Near Expiry,Yes,30,Yes,warranty_proof | identity_evidence | fault_evidence,,1.0,No,1,17
CLM00242,Valid Claim,,,2.0.0,Printer,Main Unit,12,12,12,Active,Yes,30,Yes,warranty_proof | identity_evidence | fault_evidence | repair_report | usage_meter_evidence,,1.0,No,242,28
CLM00587,Valid Claim,,,2.0.0,Washing Machine,Main Unit,24,24,24,Active,Yes,30,Yes,warranty_proof | identity_evidence | fault_evidence,,1.0,No,245,13
CLM00140,Invalid Claim,Fault/damage excluded,,2.0.0,Smartphone,Main Unit,12,12,12,Active,Yes,30,No,warranty_proof | identity_evidence | fault_evidence,,1.0,No,98,9
CLM01259,Valid Claim,,,2.0.0,Refrigerator,Compressor,120,120,120,Active,Yes,30,Yes,warranty_proof | identity_evidence | fault_evidence | service_diagnostic,,1.0,No,158,22
CLM00905,Invalid Claim,Fault/damage excluded,,2.0.0,Refrigerator,Main Unit,24,24,24,Active,Yes,30,No,warranty_proof | identity_evidence | fault_evidence,,1.0,No,54,12
CLM01368,Manual Review,,Missing required evidence,2.0.0,Air Conditioner,Main Unit,24,24,24,Active,Yes,30,Yes,warranty_proof | identity_evidence | fault_evidence | installation_evidence,fault_evidence,0.75,No,201,9
CLM01227,Manual Review,,Missing required evidence,2.0.0,Refrigerator,Compressor,120,120,120,Active,Yes,30,Yes,warranty_proof | identity_evidence | fault_evidence | repair_report | service_diagnostic,repair_report | service_diagnostic,0.6,No,318,11
CLM00932,Invalid Claim,Reporting period exceeded,,2.0.0,Camera,Lens,24,24,24,Active,Yes,30,Yes,warranty_proof | identity_evidence | fault_evidence | component_identity_evidence,,1.0,No,189,31
CLM00134,Manual Review,,Low OCR confidence,2.0.0,Washing Machine,Main Unit,24,24,24,Near Expiry,Yes,30,Yes,warranty_proof | identity_evidence | fault_evidence,,1.0,No,22,16
CLM01029,Valid Claim,,,2.0.0,Smartphone,Battery,12,12,12,Active,Yes,30,Yes,warranty_proof | identity_evidence | fault_evidence | battery_diagnostic,,1.0,No,70,10
CLM00792,Manual Review,,Missing required evidence,2.0.0,Television,Main Unit,24,24,24,Active,Yes,30,Yes,warranty_proof | identity_evidence | fault_evidence,fault_evidence,0.6667,No,121,13
CLM00337,Valid Claim,,,2.0.0,Laptop,Power Adapter,12,12,12,Active,Yes,30,Yes,warranty_proof | identity_evidence | fault_evidence,,1.0,No,183,8
CLM00403,Invalid Claim,Fault/damage excluded,,2.0.0,Smartphone,Main Unit,12,24,24,Active,Yes,30,No,warranty_proof | identity_evidence | fault_evidence | repair_report,,1.0,No,168,7
CLM01206,Manual Review,,Missing required evidence,2.0.0,Printer,Main Unit,12,12,12,Active,Yes,30,Yes,warranty_proof | identity_evidence | fault_evidence | usage_meter_evidence,usage_meter_evidence,0.75,No,185,10
CLM00692,Invalid Claim,Fault/damage excluded,,2.0.0,Air Conditioner,Main Unit,24,24,24,Active,Yes,30,No,warranty_proof | identity_evidence | fault_evidence | installation_evidence,,1.0,No,152,4
CLM00835,Manual Review,,Missing required evidence,2.0.0,Printer,Main Unit,12,12,12,Near Expiry,Yes,30,Yes,warranty_proof | identity_evidence | fault_evidence | usage_meter_evidence,usage_meter_evidence,0.75,No,8,3
CLM00458,Invalid Claim,Warranty expired,Missing required evidence,2.0.0,Washing Machine,Motor,120,120,120,Expired,Yes,30,Yes,warranty_proof | identity_evidence | fault_evidence | service_diagnostic,identity_evidence,0.75,Yes,-25,5
CLM00827,Manual Review,,Contradictory evidence,2.0.0,Air Conditioner,Main Unit,24,24,24,Active,Yes,30,Yes,warranty_proof | identity_evidence | fault_evidence | installation_evidence | repair_report,,1.0,No,196,2
CLM01027,Manual Review,,Repair authorization uncertain | Low OCR confidence,2.0.0,Printer,Main Unit,12,12,12,Active,Yes,30,Yes,warranty_proof | identity_evidence | fault_evidence | repair_report | usage_meter_evidence,,1.0,No,47,4
CLM00677,Invalid Claim,Fault/damage excluded | Serial mismatch,Product/model inconsistency,2.0.0,Refrigerator,Main Unit,24,24,24,Near Expiry,Yes,30,No,warranty_proof | identity_evidence | fault_evidence,,1.0,No,11,15
CLM01337,Valid Claim,,,2.0.0,Laptop,Main Unit,24,24,24,Active,Yes,30,Yes,warranty_proof | identity_evidence | fault_evidence,,1.0,No,183,21
CLM00861,Valid Claim,,,2.0.0,Smartphone,Main Unit,12,12,12,Active,Yes,30,Yes,warranty_proof | identity_evidence | fault_evidence,,1.0,No,98,2
CLM00491,Invalid Claim,Warranty expired | Fault/damage excluded,,2.0.0,Washing Machine,Main Unit,24,24,24,Expired,Yes,30,No,warranty_proof | identity_evidence | fault_evidence,,1.0,No,-277,7
CLM00983,Valid Claim,,,2.0.0,Smartphone,Main Unit,12,12,12,Active,Yes,30,Yes,warranty_proof | identity_evidence | fault_evidence,,1.0,No,202,10
CLM01179,Valid Claim,,,2.0.0,Refrigerator,Main Unit,24,24,24,Active,Yes,30,Yes,warranty_proof | identity_evidence | fault_evidence,,1.0,No,216,25
CLM00892,Manual Review,,Contradictory evidence,2.0.0,Smartphone,Main Unit,12,24,24,Active,Yes,30,Yes,warranty_proof | identity_evidence | fault_evidence,,1.0,No,120,7
CLM01124,Manual Review,,Serial verification uncertain,2.0.0,Washing Machine,Main Unit,24,24,24,Active,Yes,30,Yes,warranty_proof | identity_evidence | fault_evidence,,1.0,No,359,7
CLM00397,Invalid Claim,Warranty expired,,2.0.0,Printer,Main Unit,12,12,12,Expired,Yes,30,Yes,warranty_proof | identity_evidence | fault_evidence | usage_meter_evidence,,1.0,No,-175,15
CLM01118,Valid Claim,,,2.0.0,Washing Machine,Main Unit,24,24,24,Active,Yes,30,Yes,warranty_proof | identity_evidence | fault_evidence,,1.0,No,66,21
CLM00019,Valid Claim,,,2.0.0,Camera,Lens,24,24,24,Near Expiry,Yes,30,Yes,warranty_proof | identity_evidence | fault_evidence | component_identity_evidence,,1.0,No,18,9
CLM01279,Manual Review,,Missing required evidence,2.0.0,Refrigerator,Main Unit,24,24,24,Active,Yes,30,Yes,warranty_proof | identity_evidence | fault_evidence | repair_report,repair_report,0.75,No,351,9
CLM00478,Invalid Claim,Warranty expired,Missing required evidence,2.0.0,Refrigerator,Main Unit,24,24,24,Expired,Yes,30,Yes,warranty_proof | identity_evidence | fault_evidence,fault_evidence,0.6667,No,-90,4
CLM00303,Manual Review,,Missing required evidence,2.0.0,Air Conditioner,Main Unit,24,24,24,Active,Yes,30,Yes,warranty_proof | identity_evidence | fault_evidence | installation_evidence | repair_report,identity_evidence,0.8,Yes,80,5
CLM00771,Manual Review,,Missing required evidence,2.0.0,Laptop,Main Unit,24,24,24,Near Expiry,Yes,30,Yes,warranty_proof | identity_evidence | fault_evidence,identity_evidence,0.6667,Yes,25,8
CLM00336,Manual Review,,Low OCR confidence,2.0.0,Air Conditioner,Main Unit,24,24,24,Near Expiry,Yes,30,Yes,warranty_proof | identity_evidence | fault_evidence | installation_evidence,,1.0,No,11,16
CLM00570,Invalid Claim,Claimed component not warranty eligible | Warranty expired | Fault/damage excluded,,2.0.0,Printer,Ink Or Toner,0,0,12,Active,No,30,No,warranty_proof | identity_evidence | fault_evidence | usage_meter_evidence,,1.0,No,-281,7
CLM00793,Valid Claim,,,2.0.0,Television,Display Panel,24,24,24,Active,Yes,30,Yes,warranty_proof | identity_evidence | fault_evidence | screen_fault_image,,1.0,No,272,6
CLM00178,Valid Claim,,,2.0.0,Laptop,Main Unit,24,24,24,Active,Yes,30,Yes,warranty_proof | identity_evidence | fault_evidence,,1.0,No,190,3
CLM00093,Invalid Claim,Warranty expired | Fault/damage excluded,Missing required evidence | Serial verification uncertain | Repair authorization uncertain,2.0.0,Smartphone,Main Unit,12,12,12,Expired,Yes,30,No,warranty_proof | identity_evidence | fault_evidence | repair_report,fault_evidence,0.75,No,-4,23
CLM00304,Invalid Claim,Fault/damage excluded,Serial verification uncertain,2.0.0,Washing Machine,Main Unit,24,36,36,Active,Yes,30,No,warranty_proof | identity_evidence | fault_evidence,,1.0,No,311,8
CLM00131,Valid Claim,,,2.0.0,Printer,Main Unit,12,12,12,Active,Yes,30,Yes,warranty_proof | identity_evidence | fault_evidence | usage_meter_evidence,,1.0,No,197,2
CLM00900,Valid Claim,,,2.0.0,Laptop,Battery,12,12,12,Active,Yes,30,Yes,warranty_proof | identity_evidence | fault_evidence | battery_diagnostic,,1.0,No,184,21
CLM00635,Invalid Claim,Fault/damage excluded,,2.0.0,Television,Main Unit,24,24,24,Active,Yes,30,No,warranty_proof | identity_evidence | fault_evidence,,1.0,No,218,8
CLM00572,Invalid Claim,Duplicate claim,Missing required evidence,2.0.0,Camera,Camera Body,24,24,24,Active,Yes,30,Yes,warranty_proof | identity_evidence | fault_evidence,identity_evidence,0.6667,Yes,318,5
CLM00523,Invalid Claim,Warranty expired,,2.0.0,Air Conditioner,Main Unit,24,24,24,Expired,Yes,30,Yes,warranty_proof | identity_evidence | fault_evidence | installation_evidence,,1.0,No,-85,11
CLM00229,Valid Claim,,,2.0.0,Television,Main Unit,24,24,24,Active,Yes,30,Yes,warranty_proof | identity_evidence | fault_evidence | repair_report,,1.0,No,191,17
CLM01367,Manual Review,,Missing required evidence,2.0.0,Camera,Camera Body,24,36,36,Active,Yes,30,Yes,warranty_proof | identity_evidence | fault_evidence,identity_evidence,0.6667,Yes,280,25
CLM01139,Manual Review,,Missing required evidence,2.0.0,Printer,Main Unit,12,24,24,Active,Yes,30,Yes,warranty_proof | identity_evidence | fault_evidence | repair_report | usage_meter_evidence,identity_evidence | repair_report,0.6,Yes,43,4
CLM00563,Invalid Claim,Fault/damage excluded,,2.0.0,Printer,Main Unit,12,12,12,Active,Yes,30,No,warranty_proof | identity_evidence | fault_evidence | usage_meter_evidence,,1.0,No,232,2
CLM01116,Valid Claim,,,2.0.0,Washing Machine,Main Unit,24,24,24,Near Expiry,Yes,30,Yes,warranty_proof | identity_evidence | fault_evidence | repair_report,,1.0,No,20,7
CLM00379,Invalid Claim,Reporting period exceeded,Missing required evidence,2.0.0,Printer,Main Unit,12,12,12,Active,Yes,30,Yes,warranty_proof | identity_evidence | fault_evidence | usage_meter_evidence,identity_evidence,0.75,Yes,204,48
CLM00673,Invalid Claim,Warranty expired | Fault/damage excluded,,2.0.0,Air Conditioner,Main Unit,24,24,24,Expired,Yes,30,No,warranty_proof | identity_evidence | fault_evidence | installation_evidence | repair_report,,1.0,No,-250,5
CLM01385,Manual Review,,Missing required evidence,2.0.0,Washing Machine,Main Unit,24,24,24,Near Expiry,Yes,30,Yes,warranty_proof | identity_evidence | fault_evidence | repair_report,fault_evidence,0.75,No,0,22
CLM01257,Valid Claim,,,2.0.0,Camera,Battery,6,6,6,Active,Yes,30,Yes,warranty_proof | identity_evidence | fault_evidence,,1.0,No,118,4
CLM01391,Valid Claim,,,2.0.0,Printer,Main Unit,12,12,12,Active,Yes,30,Yes,warranty_proof | identity_evidence | fault_evidence | repair_report | usage_meter_evidence,,1.0,No,243,15
CLM00859,Valid Claim,,,2.0.0,Camera,Camera Body,24,24,24,Near Expiry,Yes,30,Yes,warranty_proof | identity_evidence | fault_evidence,,1.0,No,21,7
CLM01086,Manual Review,,Missing required evidence,2.0.0,Television,Main Unit,24,24,24,Active,Yes,30,Yes,warranty_proof | identity_evidence | fault_evidence,identity_evidence,0.6667,Yes,83,14
CLM00240,Invalid Claim,Warranty expired,,2.0.0,Refrigerator,Main Unit,24,24,24,Expired,Yes,30,Yes,warranty_proof | identity_evidence | fault_evidence,,1.0,No,-45,26
CLM01347,Valid Claim,,,2.0.0,Television,Main Unit,24,24,24,Active,Yes,30,Yes,warranty_proof | identity_evidence | fault_evidence,,1.0,No,288,26
CLM01043,Valid Claim,,,2.0.0,Laptop,Main Unit,24,36,36,Active,Yes,30,Yes,warranty_proof | identity_evidence | fault_evidence,,1.0,No,355,4
CLM00670,Manual Review,,Missing required evidence | Repair authorization uncertain,2.0.0,Air Conditioner,Compressor,60,60,60,Active,Yes,30,Yes,warranty_proof | identity_evidence | fault_evidence | installation_evidence | repair_report | service_diagnostic,repair_report,0.8333,No,341,2
CLM01149,Manual Review,,Missing required evidence | Serial verification uncertain,2.0.0,Refrigerator,Main Unit,24,24,24,Active,Yes,30,Yes,warranty_proof | identity_evidence | fault_evidence | repair_report,repair_report,0.75,No,219,17
CLM01285,Valid Claim,,,2.0.0,Printer,Main Unit,12,12,12,Active,Yes,30,Yes,warranty_proof | identity_evidence | fault_evidence | usage_meter_evidence,,1.0,No,105,8
CLM00671,Invalid Claim,Warranty expired,Missing required evidence,2.0.0,Air Conditioner,Main Unit,24,24,24,Expired,Yes,30,Yes,warranty_proof | identity_evidence | fault_evidence | installation_evidence,identity_evidence,0.75,Yes,-46,6
CLM00912,Valid Claim,,,2.0.0,Camera,Camera Body,24,24,24,Active,Yes,30,Yes,warranty_proof | identity_evidence | fault_evidence,,1.0,No,187,7
CLM01321,Valid Claim,,,2.0.0,Laptop,Power Adapter,12,12,12,Near Expiry,Yes,30,Yes,warranty_proof | identity_evidence | fault_evidence,,1.0,No,10,16
CLM00029,Invalid Claim,Warranty expired | Fault/damage excluded,,2.0.0,Smartphone,Main Unit,12,12,12,Expired,Yes,30,No,warranty_proof | identity_evidence | fault_evidence,,1.0,No,-203,9
CLM00880,Invalid Claim,Warranty expired,,2.0.0,Camera,Camera Body,24,24,24,Expired,Yes,30,Yes,warranty_proof | identity_evidence | fault_evidence,,1.0,No,-216,20
CLM00158,Valid Claim,,,2.0.0,Printer,Main Unit,12,12,12,Near Expiry,Yes,30,Yes,warranty_proof | identity_evidence | fault_evidence | usage_meter_evidence,,1.0,No,17,11
CLM00821,Valid Claim,,,2.0.0,Smartphone,Main Unit,12,12,12,Active,Yes,30,Yes,warranty_proof | identity_evidence | fault_evidence,,1.0,No,37,4
CLM00394,Manual Review,,Missing required evidence,2.0.0,Air Conditioner,Main Unit,24,24,24,Active,Yes,30,Yes,warranty_proof | identity_evidence | fault_evidence | installation_evidence | repair_report,repair_report,0.8,No,88,11
CLM01164,Manual Review,,Missing required evidence,2.0.0,Refrigerator,Main Unit,24,24,24,Active,Yes,30,Yes,warranty_proof | identity_evidence | fault_evidence,identity_evidence,0.6667,Yes,33,9
CLM00182,Invalid Claim,Serial mismatch,,2.0.0,Laptop,Battery,12,12,12,Active,Yes,30,Yes,warranty_proof | identity_evidence | fault_evidence | battery_diagnostic,,1.0,No,219,5
CLM00925,Invalid Claim,Fault/damage excluded,Missing required evidence,2.0.0,Camera,Camera Body,24,24,24,Near Expiry,Yes,30,No,warranty_proof | identity_evidence | fault_evidence | repair_report,repair_report,0.75,No,9,6
CLM01119,Valid Claim,,,2.0.0,Camera,Camera Body,24,24,24,Active,Yes,30,Yes,warranty_proof | identity_evidence | fault_evidence | repair_report,,1.0,No,186,16
CLM00203,Manual Review,,Low OCR confidence,2.0.0,Television,Main Unit,24,24,24,Active,Yes,30,Yes,warranty_proof | identity_evidence | fault_evidence,,1.0,No,122,12
CLM01323,Manual Review,,Missing required evidence | Low OCR confidence,2.0.0,Printer,Print Head,12,12,12,Active,Yes,30,Yes,warranty_proof | identity_evidence | fault_evidence | usage_meter_evidence,identity_evidence,0.75,Yes,161,1
CLM00496,Invalid Claim,Fault/damage excluded,,2.0.0,Camera,Camera Body,24,24,24,Active,Yes,30,No,warranty_proof | identity_evidence | fault_evidence,,1.0,No,142,5
CLM01089,Valid Claim,,,2.0.0,Smartphone,Main Unit,12,24,24,Active,Yes,30,Yes,warranty_proof | identity_evidence | fault_evidence,,1.0,No,78,26
CLM01395,Valid Claim,,,2.0.0,Laptop,Power Adapter,12,12,12,Active,Yes,30,Yes,warranty_proof | identity_evidence | fault_evidence,,1.0,No,141,14
CLM01334,Valid Claim,,,2.0.0,Camera,Camera Body,24,24,24,Active,Yes,30,Yes,warranty_proof | identity_evidence | fault_evidence | repair_report,,1.0,No,124,3
CLM00243,Valid Claim,,,2.0.0,Washing Machine,Main Unit,24,24,24,Active,Yes,30,Yes,warranty_proof | identity_evidence | fault_evidence | repair_report,,1.0,No,298,10
CLM01193,Manual Review,,Missing required evidence,2.0.0,Printer,Main Unit,12,12,12,Active,Yes,30,Yes,warranty_proof | identity_evidence | fault_evidence | usage_meter_evidence,fault_evidence | usage_meter_evidence,0.5,No,135,13
CLM00663,Valid Claim,,,2.0.0,Camera,Camera Body,24,24,24,Active,Yes,30,Yes,warranty_proof | identity_evidence | fault_evidence,,1.0,No,31,13
CLM00863,Manual Review,,Missing required evidence,2.0.0,Smartphone,Battery,12,12,12,Active,Yes,30,Yes,warranty_proof | identity_evidence | fault_evidence | repair_report | battery_diagnostic,fault_evidence,0.8,No,111,17
CLM00698,Valid Claim,,,2.0.0,Refrigerator,Main Unit,24,24,24,Active,Yes,30,Yes,warranty_proof | identity_evidence | fault_evidence,,1.0,No,242,5
CLM01105,Manual Review,,Missing required evidence,2.0.0,Printer,Main Unit,12,12,12,Active,Yes,30,Yes,warranty_proof | identity_evidence | fault_evidence | usage_meter_evidence,fault_evidence,0.75,No,156,11
CLM01435,Manual Review,,Product/model inconsistency,2.0.0,Air Conditioner,Main Unit,24,24,24,Active,Yes,30,Yes,warranty_proof | identity_evidence | fault_evidence | installation_evidence,,1.0,No,82,26
CLM01274,Valid Claim,,,2.0.0,Laptop,Main Unit,24,24,24,Active,Yes,30,Yes,warranty_proof | identity_evidence | fault_evidence,,1.0,No,97,7
CLM00081,Invalid Claim,Fault/damage excluded,Missing required evidence,2.0.0,Smartphone,Battery,12,12,12,Near Expiry,Yes,30,No,warranty_proof | identity_evidence | fault_evidence | battery_diagnostic,battery_diagnostic,0.75,No,12,11
CLM00486,Manual Review,,Low OCR confidence,2.0.0,Washing Machine,Main Unit,24,24,24,Active,Yes,30,Yes,warranty_proof | identity_evidence | fault_evidence,,1.0,No,343,16
CLM00720,Invalid Claim,Warranty expired | Fault/damage excluded,Serial verification uncertain,2.0.0,Laptop,Main Unit,24,24,24,Expired,Yes,30,No,warranty_proof | identity_evidence | fault_evidence | repair_report,,1.0,No,-292,5
CLM00831,Invalid Claim,Reporting period exceeded,Serial verification uncertain,2.0.0,Refrigerator,Compressor,120,120,120,Active,Yes,30,Yes,warranty_proof | identity_evidence | fault_evidence | service_diagnostic,,1.0,No,118,42
CLM00008,Valid Claim,,,2.0.0,Smartphone,Main Unit,12,12,12,Active,Yes,30,Yes,warranty_proof | identity_evidence | fault_evidence,,1.0,No,110,23
CLM00219,Manual Review,,Low OCR confidence,2.0.0,Smartphone,Main Unit,12,12,12,Near Expiry,Yes,30,Yes,warranty_proof | identity_evidence | fault_evidence,,1.0,No,2,7
CLM01489,Manual Review,,Missing required evidence | Contradictory evidence,2.0.0,Air Conditioner,Compressor,60,60,60,Active,Yes,30,Yes,warranty_proof | identity_evidence | fault_evidence | installation_evidence | service_diagnostic,installation_evidence | service_diagnostic,0.6,Yes,353,7
CLM00539,Valid Claim,,,2.0.0,Air Conditioner,Main Unit,24,24,24,Active,Yes,30,Yes,warranty_proof | identity_evidence | fault_evidence | installation_evidence,,1.0,No,151,10
CLM01059,Valid Claim,,,2.0.0,Refrigerator,Main Unit,24,24,24,Active,Yes,30,Yes,warranty_proof | identity_evidence | fault_evidence,,1.0,No,52,6
CLM01469,Manual Review,,Low OCR confidence,2.0.0,Laptop,Main Unit,24,24,24,Active,Yes,30,Yes,warranty_proof | identity_evidence | fault_evidence | repair_report,,1.0,No,162,7
CLM00723,Valid Claim,,,2.0.0,Air Conditioner,Compressor,60,60,60,Active,Yes,30,Yes,warranty_proof | identity_evidence | fault_evidence | installation_evidence | service_diagnostic,,1.0,No,190,5
CLM00066,Manual Review,,Missing required evidence | Low OCR confidence,2.0.0,Washing Machine,Main Unit,24,24,24,Near Expiry,Yes,30,Yes,warranty_proof | identity_evidence | fault_evidence,fault_evidence,0.6667,No,3,9
CLM01246,Manual Review,,Repair authorization uncertain,2.0.0,Laptop,Main Unit,24,36,36,Active,Yes,30,Yes,warranty_proof | identity_evidence | fault_evidence | repair_report,,1.0,No,218,4
CLM00216,Invalid Claim,Reporting period exceeded,,2.0.0,Laptop,Main Unit,24,24,24,Active,Yes,30,Yes,warranty_proof | identity_evidence | fault_evidence,,1.0,No,255,40
CLM00088,Invalid Claim,Warranty expired | Reporting period exceeded,,2.0.0,Printer,Main Unit,12,12,12,Expired,Yes,30,Yes,warranty_proof | identity_evidence | fault_evidence | repair_report | usage_meter_evidence,,1.0,No,-195,55
CLM01056,Valid Claim,,,2.0.0,Television,Main Unit,24,24,24,Active,Yes,30,Yes,warranty_proof | identity_evidence | fault_evidence,,1.0,No,93,25
CLM00194,Valid Claim,,,2.0.0,Refrigerator,Main Unit,24,24,24,Active,Yes,30,Yes,warranty_proof | identity_evidence | fault_evidence | repair_report,,1.0,No,308,25
CLM00896,Valid Claim,,,2.0.0,Smartphone,Main Unit,12,12,12,Active,Yes,30,Yes,warranty_proof | identity_evidence | fault_evidence | repair_report,,1.0,No,239,14
CLM00962,Invalid Claim,Claimed component not warranty eligible | Warranty expired | Fault/damage excluded,Missing required evidence,2.0.0,Printer,Ink Or Toner,0,0,12,Active,No,30,No,warranty_proof | identity_evidence | fault_evidence | repair_report | usage_meter_evidence,identity_evidence,0.8,Yes,-135,3
CLM00438,Valid Claim,,,2.0.0,Camera,Lens,24,24,24,Active,Yes,30,Yes,warranty_proof | identity_evidence | fault_evidence | component_identity_evidence,,1.0,No,280,1
CLM00168,Invalid Claim,Fault/damage excluded | Unauthorized repair,,2.0.0,Laptop,Main Unit,24,24,24,Active,Yes,30,No,warranty_proof | identity_evidence | fault_evidence | repair_report,,1.0,No,291,7
CLM00916,Manual Review,,Missing required evidence | Serial verification uncertain,2.0.0,Smartphone,Main Unit,12,12,12,Active,Yes,30,Yes,warranty_proof | identity_evidence | fault_evidence,identity_evidence,0.6667,Yes,83,24
CLM00748,Valid Claim,,,2.0.0,Printer,Print Head,12,12,12,Active,Yes,30,Yes,warranty_proof | identity_evidence | fault_evidence | usage_meter_evidence,,1.0,No,181,19
CLM01451,Manual Review,,Missing required evidence,2.0.0,Camera,Camera Body,24,24,24,Active,Yes,30,Yes,warranty_proof | identity_evidence | fault_evidence,fault_evidence,0.6667,No,193,4
CLM01185,Manual Review,,Missing required evidence,2.0.0,Laptop,Main Unit,24,24,24,Near Expiry,Yes,30,Yes,warranty_proof | identity_evidence | fault_evidence,identity_evidence,0.6667,Yes,5,8
CLM01268,Manual Review,,Missing required evidence,2.0.0,Air Conditioner,Main Unit,24,24,24,Active,Yes,30,Yes,warranty_proof | identity_evidence | fault_evidence | installation_evidence,fault_evidence,0.75,No,243,11
CLM00155,Invalid Claim,Serial mismatch,,2.0.0,Washing Machine,Main Unit,24,24,24,Active,Yes,30,Yes,warranty_proof | identity_evidence | fault_evidence,,1.0,No,33,4
CLM01280,Valid Claim,,,2.0.0,Washing Machine,Motor,120,120,120,Active,Yes,30,Yes,warranty_proof | identity_evidence | fault_evidence | service_diagnostic,,1.0,No,195,8
CLM01275,Manual Review,,Missing required evidence,2.0.0,Refrigerator,Main Unit,24,36,36,Active,Yes,30,Yes,warranty_proof | identity_evidence | fault_evidence | repair_report,fault_evidence,0.75,No,121,2
CLM01078,Manual Review,,Missing required evidence | Low OCR confidence,2.0.0,Laptop,Main Unit,24,24,24,Active,Yes,30,Yes,warranty_proof | identity_evidence | fault_evidence | repair_report,fault_evidence | repair_report,0.5,No,235,2
CLM00417,Invalid Claim,Fault/damage excluded | Reporting period exceeded,,2.0.0,Air Conditioner,Main Unit,24,24,24,Active,Yes,30,No,warranty_proof | identity_evidence | fault_evidence | installation_evidence | repair_report,,1.0,No,56,43
CLM01340,Manual Review,,Missing required evidence | Serial verification uncertain,2.0.0,Television,Remote Control,6,6,6,Active,Yes,30,Yes,warranty_proof | identity_evidence | fault_evidence,identity_evidence,0.6667,Yes,120,6
CLM00320,Invalid Claim,Fault/damage excluded,Product/model inconsistency,2.0.0,Smartphone,Charger,6,6,6,Active,Yes,30,No,warranty_proof | identity_evidence | fault_evidence,,1.0,No,95,11
CLM00010,Invalid Claim,Fault/damage excluded | Unauthorized repair,Missing required evidence,2.0.0,Camera,Camera Body,24,36,36,Active,Yes,30,No,warranty_proof | identity_evidence | fault_evidence | repair_report,fault_evidence,0.75,No,53,3
CLM00784,Valid Claim,,,2.0.0,Air Conditioner,Main Unit,24,24,24,Active,Yes,30,Yes,warranty_proof | identity_evidence | fault_evidence | installation_evidence,,1.0,No,37,22
CLM01329,Valid Claim,,,2.0.0,Printer,Main Unit,12,12,12,Active,Yes,30,Yes,warranty_proof | identity_evidence | fault_evidence | usage_meter_evidence,,1.0,No,157,13
CLM00436,Invalid Claim,Fault/damage excluded,Serial verification uncertain,2.0.0,Smartphone,Main Unit,12,12,12,Active,Yes,30,No,warranty_proof | identity_evidence | fault_evidence,,1.0,No,140,3
CLM01071,Valid Claim,,,2.0.0,Air Conditioner,Main Unit,24,24,24,Active,Yes,30,Yes,warranty_proof | identity_evidence | fault_evidence | installation_evidence,,1.0,No,194,14
CLM00104,Invalid Claim,Warranty expired,Missing required evidence,2.0.0,Smartphone,Main Unit,12,12,12,Expired,Yes,30,Yes,warranty_proof | identity_evidence | fault_evidence | repair_report,repair_report,0.75,No,-212,17
CLM01101,Manual Review,,Missing required evidence,2.0.0,Laptop,Main Unit,24,24,24,Active,Yes,30,Yes,warranty_proof | identity_evidence | fault_evidence,identity_evidence,0.6667,Yes,145,2
CLM01181,Valid Claim,,,2.0.0,Air Conditioner,Main Unit,24,24,24,Active,Yes,30,Yes,warranty_proof | identity_evidence | fault_evidence | installation_evidence,,1.0,No,202,1
CLM00346,Invalid Claim,Warranty expired,,2.0.0,Air Conditioner,Compressor,60,60,60,Expired,Yes,30,Yes,warranty_proof | identity_evidence | fault_evidence | installation_evidence | repair_report | service_diagnostic,,1.0,No,-302,7
CLM01028,Manual Review,,Contradictory evidence,2.0.0,Laptop,Power Adapter,12,12,12,Active,Yes,30,Yes,warranty_proof | identity_evidence | fault_evidence,,1.0,No,118,9
CLM00638,Invalid Claim,Reporting period exceeded,,2.0.0,Printer,Main Unit,12,12,12,Active,Yes,30,Yes,warranty_proof | identity_evidence | fault_evidence | repair_report | usage_meter_evidence,,1.0,No,148,32
CLM01498,Manual Review,,Missing required evidence,2.0.0,Smartphone,Main Unit,12,12,12,Active,Yes,30,Yes,warranty_proof | identity_evidence | fault_evidence,identity_evidence,0.6667,Yes,172,13
CLM00959,Invalid Claim,Warranty expired,,2.0.0,Smartphone,Main Unit,12,12,12,Expired,Yes,30,Yes,warranty_proof | identity_evidence | fault_evidence,,1.0,No,-197,12
CLM00107,Invalid Claim,Duplicate claim,,2.0.0,Smartphone,Battery,12,12,12,Active,Yes,30,Yes,warranty_proof | identity_evidence | fault_evidence | repair_report | battery_diagnostic,,1.0,No,143,9
CLM01455,Manual Review,,Low OCR confidence,2.0.0,Laptop,Main Unit,24,24,24,Active,Yes,30,Yes,warranty_proof | identity_evidence | fault_evidence,,1.0,No,200,16
CLM00584,Manual Review,,Low OCR confidence,2.0.0,Laptop,Main Unit,24,24,24,Active,Yes,30,Yes,warranty_proof | identity_evidence | fault_evidence,,1.0,No,39,18
CLM01465,Manual Review,,Missing required evidence,2.0.0,Refrigerator,Main Unit,24,24,24,Active,Yes,30,Yes,warranty_proof | identity_evidence | fault_evidence | repair_report,identity_evidence | repair_report,0.5,Yes,171,12
CLM00040,Manual Review,,Serial verification uncertain,2.0.0,Refrigerator,Main Unit,24,24,24,Active,Yes,30,Yes,warranty_proof | identity_evidence | fault_evidence,,1.0,No,33,13
CLM00754,Invalid Claim,Unauthorized repair,,2.0.0,Laptop,Main Unit,24,24,24,Active,Yes,30,Yes,warranty_proof | identity_evidence | fault_evidence | repair_report,,1.0,No,174,18
CLM00989,Manual Review,,Missing required evidence,2.0.0,Printer,Main Unit,12,12,12,Active,Yes,30,Yes,warranty_proof | identity_evidence | fault_evidence | usage_meter_evidence,fault_evidence,0.75,No,198,5
CLM00651,Manual Review,,Missing required evidence,2.0.0,Printer,Main Unit,12,24,24,Active,Yes,30,Yes,warranty_proof | identity_evidence | fault_evidence | usage_meter_evidence,fault_evidence,0.75,No,129,11
CLM01297,Valid Claim,,,2.0.0,Air Conditioner,Main Unit,24,24,24,Active,Yes,30,Yes,warranty_proof | identity_evidence | fault_evidence | installation_evidence,,1.0,No,174,19
CLM01217,Valid Claim,,,2.0.0,Smartphone,Battery,12,12,12,Active,Yes,30,Yes,warranty_proof | identity_evidence | fault_evidence | battery_diagnostic,,1.0,No,31,29
CLM00185,Valid Claim,,,2.0.0,Washing Machine,Main Unit,24,36,36,Active,Yes,30,Yes,warranty_proof | identity_evidence | fault_evidence | repair_report,,1.0,No,128,8
CLM00054,Invalid Claim,Fault/damage excluded | Serial mismatch,,2.0.0,Television,Display Panel,24,24,24,Active,Yes,30,No,warranty_proof | identity_evidence | fault_evidence | repair_report | screen_fault_image,,1.0,No,363,28
CLM01295,Valid Claim,,,2.0.0,Washing Machine,Main Unit,24,36,36,Active,Yes,30,Yes,warranty_proof | identity_evidence | fault_evidence,,1.0,No,50,12
CLM00023,Invalid Claim,Warranty expired | Reporting period exceeded,,2.0.0,Washing Machine,Main Unit,24,24,24,Expired,Yes,30,Yes,warranty_proof | identity_evidence | fault_evidence,,1.0,No,-125,34
CLM01458,Manual Review,,Missing required evidence,2.0.0,Printer,Main Unit,12,24,24,Active,Yes,30,Yes,warranty_proof | identity_evidence | fault_evidence | usage_meter_evidence,identity_evidence | usage_meter_evidence,0.5,Yes,179,16
CLM00128,Invalid Claim,Warranty expired,,2.0.0,Laptop,Main Unit,24,24,24,Expired,Yes,30,Yes,warranty_proof | identity_evidence | fault_evidence | repair_report,,1.0,No,-322,30
CLM01200,Valid Claim,,,2.0.0,Camera,Lens,24,24,24,Active,Yes,30,Yes,warranty_proof | identity_evidence | fault_evidence | component_identity_evidence,,1.0,No,61,1
CLM00429,Invalid Claim,Reporting period exceeded | Duplicate claim,,2.0.0,Refrigerator,Main Unit,24,24,24,Active,Yes,30,Yes,warranty_proof | identity_evidence | fault_evidence,,1.0,No,168,50
CLM00121,Valid Claim,,,2.0.0,Camera,Camera Body,24,24,24,Active,Yes,30,Yes,warranty_proof | identity_evidence | fault_evidence | repair_report,,1.0,No,147,7
CLM01488,Manual Review,,Missing required evidence | Repair authorization uncertain,2.0.0,Smartphone,Charger,6,6,6,Active,Yes,30,Yes,warranty_proof | identity_evidence | fault_evidence | repair_report,repair_report,0.75,No,67,3
CLM01284,Manual Review,,Missing required evidence,2.0.0,Television,Main Unit,24,24,24,Active,Yes,30,Yes,warranty_proof | identity_evidence | fault_evidence,fault_evidence,0.6667,No,107,4
CLM01241,Valid Claim,,,2.0.0,Television,Main Unit,24,24,24,Active,Yes,30,Yes,warranty_proof | identity_evidence | fault_evidence,,1.0,No,168,18
CLM01224,Valid Claim,,,2.0.0,Refrigerator,Main Unit,24,24,24,Active,Yes,30,Yes,warranty_proof | identity_evidence | fault_evidence,,1.0,No,96,16
CLM00843,Valid Claim,,,2.0.0,Television,Main Unit,24,24,24,Active,Yes,30,Yes,warranty_proof | identity_evidence | fault_evidence,,1.0,No,186,12
CLM00495,Invalid Claim,Duplicate claim,Low OCR confidence,2.0.0,Washing Machine,Main Unit,24,24,24,Active,Yes,30,Yes,warranty_proof | identity_evidence | fault_evidence,,1.0,No,268,24
CLM00687,Invalid Claim,Fault/damage excluded,,2.0.0,Air Conditioner,Main Unit,24,24,24,Near Expiry,Yes,30,No,warranty_proof | identity_evidence | fault_evidence | installation_evidence | repair_report,,1.0,No,19,15
CLM00439,Manual Review,,Missing required evidence,2.0.0,Refrigerator,Main Unit,24,24,24,Active,Yes,30,Yes,warranty_proof | identity_evidence | fault_evidence,fault_evidence,0.6667,No,149,16
CLM00133,Invalid Claim,Fault/damage excluded,,2.0.0,Television,Main Unit,24,24,24,Active,Yes,30,No,warranty_proof | identity_evidence | fault_evidence,,1.0,No,148,8
CLM00798,Invalid Claim,Reporting period exceeded,,2.0.0,Camera,Camera Body,24,36,36,Active,Yes,30,Yes,warranty_proof | identity_evidence | fault_evidence | repair_report,,1.0,No,256,37
CLM00598,Valid Claim,,,2.0.0,Camera,Camera Body,24,24,24,Near Expiry,Yes,30,Yes,warranty_proof | identity_evidence | fault_evidence,,1.0,No,2,11
CLM00289,Invalid Claim,Fault/damage excluded,Missing required evidence,2.0.0,Laptop,Main Unit,24,36,36,Active,Yes,30,No,warranty_proof | identity_evidence | fault_evidence | repair_report,identity_evidence,0.75,Yes,354,3
CLM01228,Valid Claim,,,2.0.0,Television,Main Unit,24,24,24,Active,Yes,30,Yes,warranty_proof | identity_evidence | fault_evidence | repair_report,,1.0,No,332,14
CLM00113,Invalid Claim,Fault/damage excluded | Reporting period exceeded,,2.0.0,Air Conditioner,Compressor,60,60,60,Active,Yes,30,No,warranty_proof | identity_evidence | fault_evidence | installation_evidence | service_diagnostic,,1.0,No,209,32
CLM01265,Valid Claim,,,2.0.0,Refrigerator,Main Unit,24,24,24,Active,Yes,30,Yes,warranty_proof | identity_evidence | fault_evidence,,1.0,No,315,16
CLM00815,Invalid Claim,Claimed component not warranty eligible | Warranty expired | Fault/damage excluded,,2.0.0,Printer,Ink Or Toner,0,0,12,Active,No,30,No,warranty_proof | identity_evidence | fault_evidence | repair_report | usage_meter_evidence,,1.0,No,-230,17
CLM00339,Manual Review,,Missing required evidence,2.0.0,Air Conditioner,Compressor,60,60,60,Near Expiry,Yes,30,Yes,warranty_proof | identity_evidence | fault_evidence | installation_evidence | service_diagnostic,installation_evidence | service_diagnostic,0.6,Yes,11,16
CLM00745,Invalid Claim,Fault/damage excluded,,2.0.0,Television,Display Panel,24,24,24,Active,Yes,30,No,warranty_proof | identity_evidence | fault_evidence | screen_fault_image,,1.0,No,181,12
CLM00313,Invalid Claim,Reporting period exceeded,Product/model inconsistency,2.0.0,Printer,Main Unit,12,12,12,Near Expiry,Yes,30,Yes,warranty_proof | identity_evidence | fault_evidence | usage_meter_evidence,,1.0,No,7,31
CLM00400,Invalid Claim,Fault/damage excluded,Serial verification uncertain,2.0.0,Printer,Print Head,12,12,12,Active,Yes,30,No,warranty_proof | identity_evidence | fault_evidence | usage_meter_evidence,,1.0,No,179,10
CLM01302,Valid Claim,,,2.0.0,Television,Main Unit,24,24,24,Active,Yes,30,Yes,warranty_proof | identity_evidence | fault_evidence,,1.0,No,81,17
CLM00373,Valid Claim,,,2.0.0,Washing Machine,Main Unit,24,36,36,Active,Yes,30,Yes,warranty_proof | identity_evidence | fault_evidence,,1.0,No,270,13
CLM00969,Manual Review,,Missing required evidence | Serial verification uncertain,2.0.0,Laptop,Main Unit,24,24,24,Near Expiry,Yes,30,Yes,warranty_proof | identity_evidence | fault_evidence,identity_evidence,0.6667,Yes,8,13
CLM01316,Manual Review,,Missing required evidence,2.0.0,Refrigerator,Main Unit,24,24,24,Active,Yes,30,Yes,warranty_proof | identity_evidence | fault_evidence | repair_report,repair_report,0.75,No,321,21
CLM00607,Valid Claim,,,2.0.0,Refrigerator,Main Unit,24,24,24,Active,Yes,30,Yes,warranty_proof | identity_evidence | fault_evidence,,1.0,No,178,15
CLM00799,Invalid Claim,Warranty expired | Fault/damage excluded,,2.0.0,Washing Machine,Main Unit,24,24,24,Expired,Yes,30,No,warranty_proof | identity_evidence | fault_evidence,,1.0,No,-188,4
CLM00283,Invalid Claim,Fault/damage excluded,Contradictory evidence,2.0.0,Laptop,Battery,12,12,12,Active,Yes,30,No,warranty_proof | identity_evidence | fault_evidence | battery_diagnostic,,1.0,No,159,4
CLM01183,Manual Review,,Missing required evidence,2.0.0,Refrigerator,Main Unit,24,24,24,Active,Yes,30,Yes,warranty_proof | identity_evidence | fault_evidence | repair_report,fault_evidence | repair_report,0.5,No,257,15
CLM00623,Invalid Claim,Fault/damage excluded | Reporting period exceeded,,2.0.0,Television,Main Unit,24,24,24,Active,Yes,30,No,warranty_proof | identity_evidence | fault_evidence | repair_report,,1.0,No,322,37
CLM00349,Invalid Claim,Warranty expired | Fault/damage excluded,,2.0.0,Smartphone,Main Unit,12,24,24,Expired,Yes,30,No,warranty_proof | identity_evidence | fault_evidence,,1.0,No,-191,9
CLM00743,Invalid Claim,Reporting period exceeded | Duplicate claim,,2.0.0,Printer,Main Unit,12,12,12,Active,Yes,30,Yes,warranty_proof | identity_evidence | fault_evidence | usage_meter_evidence,,1.0,No,123,42
CLM00044,Invalid Claim,Fault/damage excluded,,2.0.0,Television,Main Unit,24,24,24,Active,Yes,30,No,warranty_proof | identity_evidence | fault_evidence,,1.0,No,354,8
CLM00746,Valid Claim,,,2.0.0,Camera,Camera Body,24,24,24,Active,Yes,30,Yes,warranty_proof | identity_evidence | fault_evidence | repair_report,,1.0,No,311,22
CLM00862,Manual Review,,Missing required evidence,2.0.0,Air Conditioner,Main Unit,24,36,36,Active,Yes,30,Yes,warranty_proof | identity_evidence | fault_evidence | installation_evidence | repair_report,identity_evidence,0.8,Yes,233,12
CLM00137,Invalid Claim,Fault/damage excluded | Serial mismatch,,2.0.0,Washing Machine,Main Unit,24,24,24,Active,Yes,30,No,warranty_proof | identity_evidence | fault_evidence | repair_report,,1.0,No,106,9
CLM01403,Manual Review,,Missing required evidence | Serial verification uncertain,2.0.0,Camera,Camera Body,24,36,36,Active,Yes,30,Yes,warranty_proof | identity_evidence | fault_evidence,fault_evidence,0.6667,No,66,3
CLM00997,Valid Claim,,,2.0.0,Camera,Camera Body,24,36,36,Active,Yes,30,Yes,warranty_proof | identity_evidence | fault_evidence,,1.0,No,233,4
CLM01328,Manual Review,,Missing required evidence,2.0.0,Refrigerator,Main Unit,24,24,24,Active,Yes,30,Yes,warranty_proof | identity_evidence | fault_evidence | repair_report,identity_evidence,0.75,Yes,223,3
CLM00518,Valid Claim,,,2.0.0,Smartphone,Battery,12,12,12,Active,Yes,30,Yes,warranty_proof | identity_evidence | fault_evidence | battery_diagnostic,,1.0,No,84,21
CLM01273,Manual Review,,Low OCR confidence,2.0.0,Television,Remote Control,6,6,6,Active,Yes,30,Yes,warranty_proof | identity_evidence | fault_evidence | repair_report,,1.0,No,108,12
CLM01169,Manual Review,,Missing required evidence,2.0.0,Camera,Camera Body,24,24,24,Active,Yes,30,Yes,warranty_proof | identity_evidence | fault_evidence | repair_report,repair_report,0.75,No,326,4
CLM01188,Manual Review,,Missing required evidence,2.0.0,Television,Main Unit,24,24,24,Active,Yes,30,Yes,warranty_proof | identity_evidence | fault_evidence | repair_report,repair_report,0.75,No,357,4
CLM00232,Valid Claim,,,2.0.0,Television,Main Unit,24,24,24,Active,Yes,30,Yes,warranty_proof | identity_evidence | fault_evidence,,1.0,No,223,12
CLM01211,Manual Review,,Low OCR confidence,2.0.0,Television,Display Panel,24,24,24,Active,Yes,30,Yes,warranty_proof | identity_evidence | fault_evidence | screen_fault_image,,1.0,No,44,13
CLM00936,Invalid Claim,Fault/damage excluded,,2.0.0,Camera,Camera Body,24,24,24,Active,Yes,30,No,warranty_proof | identity_evidence | fault_evidence,,1.0,No,244,21
CLM00907,Invalid Claim,Warranty expired,,2.0.0,Refrigerator,Main Unit,24,24,24,Expired,Yes,30,Yes,warranty_proof | identity_evidence | fault_evidence,,1.0,No,-2,9
CLM00954,Valid Claim,,,2.0.0,Laptop,Main Unit,24,24,24,Active,Yes,30,Yes,warranty_proof | identity_evidence | fault_evidence,,1.0,No,93,21
CLM00946,Valid Claim,,,2.0.0,Camera,Lens,24,24,24,Active,Yes,30,Yes,warranty_proof | identity_evidence | fault_evidence | repair_report | component_identity_evidence,,1.0,No,269,25
CLM01375,Valid Claim,,,2.0.0,Camera,Camera Body,24,24,24,Near Expiry,Yes,30,Yes,warranty_proof | identity_evidence | fault_evidence,,1.0,No,5,2
CLM01383,Valid Claim,,,2.0.0,Washing Machine,Main Unit,24,24,24,Active,Yes,30,Yes,warranty_proof | identity_evidence | fault_evidence,,1.0,No,40,3
CLM00512,Valid Claim,,,2.0.0,Smartphone,Main Unit,12,12,12,Active,Yes,30,Yes,warranty_proof | identity_evidence | fault_evidence,,1.0,No,60,20
CLM00662,Invalid Claim,Fault/damage excluded,Missing required evidence,2.0.0,Washing Machine,Main Unit,24,24,24,Active,Yes,30,No,warranty_proof | identity_evidence | fault_evidence | repair_report,repair_report,0.75,No,256,28
CLM01409,Valid Claim,,,2.0.0,Washing Machine,Main Unit,24,24,24,Active,Yes,30,Yes,warranty_proof | identity_evidence | fault_evidence,,1.0,No,145,16
CLM01460,Manual Review,,Missing required evidence,2.0.0,Camera,Camera Body,24,24,24,Near Expiry,Yes,30,Yes,warranty_proof | identity_evidence | fault_evidence,fault_evidence,0.6667,No,15,16
CLM00444,Invalid Claim,Warranty expired | Fault/damage excluded | Reporting period exceeded,,2.0.0,Television,Main Unit,24,24,24,Expired,Yes,30,No,warranty_proof | identity_evidence | fault_evidence,,1.0,No,-93,35
CLM00211,Valid Claim,,,2.0.0,Washing Machine,Main Unit,24,36,36,Active,Yes,30,Yes,warranty_proof | identity_evidence | fault_evidence,,1.0,No,116,25
CLM00109,Manual Review,,Low OCR confidence,2.0.0,Washing Machine,Main Unit,24,24,24,Near Expiry,Yes,30,Yes,warranty_proof | identity_evidence | fault_evidence,,1.0,No,18,15
CLM00063,Manual Review,,Missing required evidence,2.0.0,Television,Main Unit,24,24,24,Active,Yes,30,Yes,warranty_proof | identity_evidence | fault_evidence,identity_evidence | fault_evidence,0.3333,Yes,360,5
CLM00851,Valid Claim,,,2.0.0,Television,Main Unit,24,36,36,Active,Yes,30,Yes,warranty_proof | identity_evidence | fault_evidence,,1.0,No,212,9
CLM00923,Valid Claim,,,2.0.0,Printer,Main Unit,12,12,12,Active,Yes,30,Yes,warranty_proof | identity_evidence | fault_evidence | usage_meter_evidence,,1.0,No,98,9
CLM01406,Valid Claim,,,2.0.0,Smartphone,Main Unit,12,12,12,Near Expiry,Yes,30,Yes,warranty_proof | identity_evidence | fault_evidence,,1.0,No,18,0
CLM01147,Valid Claim,,,2.0.0,Smartphone,Battery,12,12,12,Active,Yes,30,Yes,warranty_proof | identity_evidence | fault_evidence | battery_diagnostic,,1.0,No,176,7
CLM01129,Manual Review,,Missing required evidence,2.0.0,Laptop,Main Unit,24,24,24,Active,Yes,30,Yes,warranty_proof | identity_evidence | fault_evidence,fault_evidence,0.6667,No,44,7
CLM00258,Invalid Claim,Warranty expired | Fault/damage excluded | Unauthorized repair,,2.0.0,Refrigerator,Main Unit,24,24,24,Expired,Yes,30,No,warranty_proof | identity_evidence | fault_evidence | repair_report,,1.0,No,-75,23
CLM00915,Valid Claim,,,2.0.0,Laptop,Battery,12,12,12,Active,Yes,30,Yes,warranty_proof | identity_evidence | fault_evidence | battery_diagnostic,,1.0,No,155,5
CLM00132,Invalid Claim,Reporting period exceeded,,2.0.0,Television,Main Unit,24,36,36,Active,Yes,30,Yes,warranty_proof | identity_evidence | fault_evidence,,1.0,No,191,67
CLM00919,Invalid Claim,Warranty expired | Serial mismatch,Contradictory evidence,2.0.0,Camera,Camera Body,24,24,24,Expired,Yes,30,Yes,warranty_proof | identity_evidence | fault_evidence,,1.0,No,-90,4
CLM00263,Manual Review,,Missing required evidence | Repair authorization uncertain,2.0.0,Smartphone,Charger,6,6,6,Active,Yes,30,Yes,warranty_proof | identity_evidence | fault_evidence | repair_report,repair_report,0.75,No,64,13
CLM00260,Manual Review,,Product/model inconsistency,2.0.0,Camera,Camera Body,24,24,24,Active,Yes,30,Yes,warranty_proof | identity_evidence | fault_evidence | repair_report,,1.0,No,341,15
CLM01171,Manual Review,,Missing required evidence | Low OCR confidence,2.0.0,Air Conditioner,Main Unit,24,24,24,Active,Yes,30,Yes,warranty_proof | identity_evidence | fault_evidence | installation_evidence,installation_evidence,0.75,Yes,53,5
CLM01467,Manual Review,,Missing required evidence,2.0.0,Laptop,Main Unit,24,24,24,Active,Yes,30,Yes,warranty_proof | identity_evidence | fault_evidence,identity_evidence,0.6667,Yes,54,2
CLM01203,Manual Review,,Missing required evidence,2.0.0,Air Conditioner,Main Unit,24,24,24,Active,Yes,30,Yes,warranty_proof | identity_evidence | fault_evidence | installation_evidence | repair_report,installation_evidence,0.8,Yes,189,17
CLM00597,Valid Claim,,,2.0.0,Printer,Main Unit,12,12,12,Active,Yes,30,Yes,warranty_proof | identity_evidence | fault_evidence | usage_meter_evidence,,1.0,No,138,6
CLM00834,Valid Claim,,,2.0.0,Washing Machine,Motor,120,120,120,Active,Yes,30,Yes,warranty_proof | identity_evidence | fault_evidence | service_diagnostic,,1.0,No,299,11
CLM00046,Manual Review,,Missing required evidence | Contradictory evidence,2.0.0,Refrigerator,Compressor,120,120,120,Active,Yes,30,Yes,warranty_proof | identity_evidence | fault_evidence | service_diagnostic,service_diagnostic,0.75,No,100,12
CLM01117,Manual Review,,Missing required evidence,2.0.0,Refrigerator,Compressor,120,120,120,Active,Yes,30,Yes,warranty_proof | identity_evidence | fault_evidence | service_diagnostic,identity_evidence | service_diagnostic,0.5,Yes,123,21
CLM00057,Manual Review,,Low OCR confidence,2.0.0,Camera,Camera Body,24,24,24,Active,Yes,30,Yes,warranty_proof | identity_evidence | fault_evidence,,1.0,No,314,6
CLM00172,Manual Review,,Contradictory evidence,2.0.0,Refrigerator,Compressor,120,120,120,Active,Yes,30,Yes,warranty_proof | identity_evidence | fault_evidence | service_diagnostic,,1.0,No,43,3
CLM00341,Valid Claim,,,2.0.0,Refrigerator,Main Unit,24,24,24,Active,Yes,30,Yes,warranty_proof | identity_evidence | fault_evidence,,1.0,No,232,24
CLM00272,Invalid Claim,Reporting period exceeded,Missing required evidence | Low OCR confidence,2.0.0,Smartphone,Main Unit,12,12,12,Active,Yes,30,Yes,warranty_proof | identity_evidence | fault_evidence,fault_evidence,0.6667,No,137,41
CLM00938,Manual Review,,Serial verification uncertain,2.0.0,Smartphone,Battery,12,12,12,Near Expiry,Yes,30,Yes,warranty_proof | identity_evidence | fault_evidence | repair_report | battery_diagnostic,,1.0,No,5,10
CLM00783,Manual Review,,Missing required evidence,2.0.0,Laptop,Battery,12,12,12,Near Expiry,Yes,30,Yes,warranty_proof | identity_evidence | fault_evidence | battery_diagnostic,battery_diagnostic,0.75,No,4,8
CLM01222,Manual Review,,Missing required evidence,2.0.0,Air Conditioner,Compressor,60,60,60,Active,Yes,30,Yes,warranty_proof | identity_evidence | fault_evidence | installation_evidence | service_diagnostic,service_diagnostic,0.8,No,83,18
CLM00794,Invalid Claim,Fault/damage excluded,Missing required evidence,2.0.0,Washing Machine,Main Unit,24,24,24,Active,Yes,30,No,warranty_proof | identity_evidence | fault_evidence,fault_evidence,0.6667,No,83,13
CLM00928,Invalid Claim,Fault/damage excluded,,2.0.0,Camera,Camera Body,24,24,24,Active,Yes,30,No,warranty_proof | identity_evidence | fault_evidence,,1.0,No,65,11
CLM01097,Valid Claim,,,2.0.0,Camera,Camera Body,24,24,24,Active,Yes,30,Yes,warranty_proof | identity_evidence | fault_evidence,,1.0,No,149,15
CLM00976,Invalid Claim,Reporting period exceeded,,2.0.0,Air Conditioner,Main Unit,24,24,24,Near Expiry,Yes,30,Yes,warranty_proof | identity_evidence | fault_evidence | installation_evidence,,1.0,No,29,32
CLM01243,Manual Review,,Missing required evidence | Serial verification uncertain,2.0.0,Air Conditioner,Main Unit,24,24,24,Active,Yes,30,Yes,warranty_proof | identity_evidence | fault_evidence | installation_evidence,installation_evidence,0.75,Yes,207,10
CLM00643,Manual Review,,Low OCR confidence,2.0.0,Laptop,Battery,12,12,12,Active,Yes,30,Yes,warranty_proof | identity_evidence | fault_evidence | battery_diagnostic,,1.0,No,144,17
CLM00879,Manual Review,,Contradictory evidence,2.0.0,Air Conditioner,Main Unit,24,24,24,Active,Yes,30,Yes,warranty_proof | identity_evidence | fault_evidence | installation_evidence,,1.0,No,261,8
CLM01236,Valid Claim,,,2.0.0,Laptop,Main Unit,24,24,24,Active,Yes,30,Yes,warranty_proof | identity_evidence | fault_evidence,,1.0,No,85,11
CLM01011,Manual Review,,Missing required evidence | Serial verification uncertain,2.0.0,Air Conditioner,Compressor,60,60,60,Active,Yes,30,Yes,warranty_proof | identity_evidence | fault_evidence | installation_evidence | repair_report | service_diagnostic,repair_report,0.8333,No,145,23
CLM00085,Valid Claim,,,2.0.0,Smartphone,Main Unit,12,12,12,Active,Yes,30,Yes,warranty_proof | identity_evidence | fault_evidence,,1.0,No,185,9
CLM00929,Valid Claim,,,2.0.0,Refrigerator,Main Unit,24,24,24,Active,Yes,30,Yes,warranty_proof | identity_evidence | fault_evidence,,1.0,No,293,21
CLM00830,Invalid Claim,Fault/damage excluded,,2.0.0,Camera,Battery,6,6,6,Active,Yes,30,No,warranty_proof | identity_evidence | fault_evidence,,1.0,No,66,5
CLM00990,Valid Claim,,,2.0.0,Refrigerator,Main Unit,24,36,36,Active,Yes,30,Yes,warranty_proof | identity_evidence | fault_evidence,,1.0,No,156,0
