Iteration,Feature,ImportanceMean,ImportanceStd,ImportanceLower,CandidateWeak,KnownNoise,KnownRedundancyCandidate
0,AffectedUnit,0.0,0.0,0.0,True,False,False
0,ApplicableWarrantyMonths,0.0,0.0,0.0,True,False,True
0,AvailableDocumentCount,0.0,0.0,0.0,True,False,True
0,AvailableRequiredDocumentCount,0.0,0.0,0.0,True,False,True
0,BatteryDiagnosticAvailable,0.0,0.0,0.0,True,False,False
0,BatterySymptomReported,0.0,0.0,0.0,True,False,False
0,Brand,0.0,0.0,0.0,True,False,False
0,BrowserFamily,0.0,0.0,0.0,True,True,False
0,ClaimAmount,0.0,0.0,0.0,True,False,True
0,ClaimAmountRatio,0.0,0.0,0.0,True,False,True
0,ClaimDayOfWeek,0.0,0.0,0.0,True,False,False
0,ClaimMonth,0.0,0.0,0.0,True,False,False
0,ClaimSubmissionChannel,0.0,0.0,0.0,True,False,False
0,ClaimedComponent,0.0,0.0,0.0,True,False,False
0,ComponentIdentityEvidenceAvailable,0.0,0.0,0.0,True,False,False
0,ComponentWarrantyEligible,0.0,0.0,0.0,True,False,False
0,ConsumableTypeUsed,0.0,0.0,0.0,True,False,False
0,CriticalDocumentMissing,0.0,0.0,0.0,True,False,True
0,CustomerIssueArea,0.0,0.0,0.0,True,False,False
0,CustomerReportedDamageIndicator,0.0,0.0,0.0,True,False,False
0,DamageType,0.0,0.0,0.0,True,False,True
0,DocumentDuplicateIndicator,0.0,0.0,0.0,True,False,False
0,ElectronicWarrantyAvailable,0.0,0.0,0.0,True,False,True
0,ErrorCodeAvailable,0.0,0.0,0.0,True,False,False
0,ExtendedWarranty,0.0,0.0,0.0,True,False,False
0,FaultEvidenceAvailable,0.0,0.0,0.0,True,False,False
0,FaultType,0.0,0.0,0.0,True,False,False
0,ForeignObjectIncidentReported,0.0,0.0,0.0,True,False,False
0,HasPreviousReplacement,0.0,0.0,0.0,True,False,True
0,HasRepairHistory,0.0,0.0,0.0,True,False,True
0,InstallationEvidenceAvailable,0.0,0.0,0.0,True,False,False
0,IntermittentIssueReported,0.0,0.0,0.0,True,False,False
0,LiquidExposureReported,0.0,0.0,0.0,True,False,False
0,PhysicalDamageReported,0.0,0.0,0.0,True,False,False
0,PreviousRepair,0.0,0.0,0.0,True,False,True
0,PreviousRepairCost,0.0,0.0,0.0,True,False,True
0,PreviousReplacement,0.0,0.0,0.0,True,False,True
0,PriorClaimCount,0.0,0.0,0.0,True,False,False
0,ProductAgeDays,0.0,0.0,0.0,True,False,False
0,ProductCategory,0.0,0.0,0.0,True,False,False
0,ProductImageAvailable,0.0,0.0,0.0,True,False,False
0,ProductPurchasePrice,0.0,0.0,0.0,True,False,True
0,ProductSubtype,0.0,0.0,0.0,True,False,False
0,PurchaseProofAvailable,0.0,0.0,0.0,True,False,True
0,RandomScore,0.0,0.0,0.0,True,True,False
0,ReceiptAvailable,0.0,0.0,0.0,True,False,True
0,RecentReinstallationReported,0.0,0.0,0.0,True,False,False
0,RepairCount,0.0,0.0,0.0,True,False,True
0,RepairReportAvailable,0.0,0.0,0.0,True,False,True
0,ReplacementWithinWarranty,0.0,0.0,0.0,True,False,True
0,ReportingDeadlineDays,0.0,0.0,0.0,True,False,False
0,RequiredDocumentCount,0.0,0.0,0.0,True,False,False
0,ScreenFaultImageAvailable,0.0,0.0,0.0,True,False,False
0,SerialEvidenceAvailable,0.0,0.0,0.0,True,False,False
0,ServiceDiagnosticAvailable,0.0,0.0,0.0,True,False,False
0,SpecialComponentWarrantyStatus,0.0,0.0,0.0,True,False,True
0,SubmissionMinute,0.0,0.0,0.0,True,True,False
0,UiTheme,0.0,0.0,0.0,True,True,False
0,UnknownRequiredDocumentCount,0.0,0.0,0.0,True,False,False
0,UsageMeterEvidenceAvailable,0.0,0.0,0.0,True,False,False
0,UsageType,0.0,0.0,0.0,True,False,False
0,WarrantyCardAvailable,0.0,0.0,0.0,True,False,True
0,WarrantyDurationMonths,0.0,0.0,0.0,True,False,True
0,WarrantyProofAvailable,0.0,0.0,0.0,True,False,True
0,RequiredDocumentCoverageRatio,0.0022220206783965524,0.0022220206783965524,0.0,False,False,True
0,WarrantyStatus,0.0033330310175948286,0.0019243263552257465,0.001408704662369082,False,False,True
0,MissingDocumentCount,0.0038487625965723388,0.0041030974637183614,-0.0002543348671460227,False,False,True
0,DuplicateClaimIndicator,0.006766927872735279,0.003165229078659402,0.0036016987940758766,False,False,False
0,OCRQualityBand,0.007202938895202543,0.002141612811438277,0.005061326083764266,False,False,False
0,ProductModelConsistent,0.009993229401039125,0.005764675753133978,0.0042285536479051465,False,False,False
0,MissingRequiredDocumentCount,0.012128591990880247,0.004821359228435231,0.007307232762445016,False,False,True
0,RequiredDocumentsComplete,0.01268022415007905,0.003454746914362375,0.009225477235716675,False,False,True
0,ContradictionIndicator,0.020475172177166046,0.0037824773688173523,0.016692694808348695,False,False,False
0,RepairAuthorized,0.030096395053770042,0.00770186792944603,0.022394527124324014,False,False,True
0,SerialNumberMatch,0.03827317589414231,0.0037358667249136777,0.03453730916922863,False,False,True
0,ProductIdentityMatch,0.049307641922464285,0.004629418348261474,0.04467822357420281,False,False,True
0,ClaimReportingWithinPeriod,0.05885737544162814,0.006166950096684189,0.05269042534494395,False,False,True
0,ClaimReportingDelayDays,0.05941768230979623,0.0084661334261247,0.05095154888367153,False,False,True
0,OCRConfidence,0.07385671612912356,0.015138286181147138,0.05871842994797642,False,False,False
0,WarrantyRemainingDays,0.11756404106098951,0.013472351123584844,0.10409168993740467,False,False,True
0,FaultCovered,0.20415081628553086,0.01930412005421917,0.1848466962313117,False,False,True
1,AffectedUnit,0.0,0.0,0.0,True,False,False
1,ApplicableWarrantyMonths,0.0,0.0,0.0,True,False,True
1,AvailableDocumentCount,0.0,0.0,0.0,True,False,True
1,AvailableRequiredDocumentCount,0.0,0.0,0.0,True,False,True
1,BatteryDiagnosticAvailable,0.0,0.0,0.0,True,False,False
1,BatterySymptomReported,0.0,0.0,0.0,True,False,False
1,Brand,0.0,0.0,0.0,True,False,False
1,ClaimAmount,0.0,0.0,0.0,True,False,True
1,ClaimAmountRatio,0.0,0.0,0.0,True,False,True
1,ClaimDayOfWeek,0.0,0.0,0.0,True,False,False
1,ClaimMonth,0.0,0.0,0.0,True,False,False
1,ClaimSubmissionChannel,0.0,0.0,0.0,True,False,False
1,ClaimedComponent,0.0,0.0,0.0,True,False,False
1,ComponentIdentityEvidenceAvailable,0.0,0.0,0.0,True,False,False
1,ComponentWarrantyEligible,0.0,0.0,0.0,True,False,False
1,ConsumableTypeUsed,0.0,0.0,0.0,True,False,False
1,CriticalDocumentMissing,0.0,0.0,0.0,True,False,True
1,CustomerIssueArea,0.0,0.0,0.0,True,False,False
1,CustomerReportedDamageIndicator,0.0,0.0,0.0,True,False,False
1,DamageType,0.0,0.0,0.0,True,False,True
1,DocumentDuplicateIndicator,0.0,0.0,0.0,True,False,False
1,ElectronicWarrantyAvailable,0.0,0.0,0.0,True,False,True
1,ExtendedWarranty,0.0,0.0,0.0,True,False,False
1,FaultEvidenceAvailable,0.0,0.0,0.0,True,False,False
1,FaultType,0.0,0.0,0.0,True,False,False
1,ForeignObjectIncidentReported,0.0,0.0,0.0,True,False,False
1,HasPreviousReplacement,0.0,0.0,0.0,True,False,True
1,HasRepairHistory,0.0,0.0,0.0,True,False,True
1,InstallationEvidenceAvailable,0.0,0.0,0.0,True,False,False
1,IntermittentIssueReported,0.0,0.0,0.0,True,False,False
1,LiquidExposureReported,0.0,0.0,0.0,True,False,False
1,PhysicalDamageReported,0.0,0.0,0.0,True,False,False
1,PreviousRepair,0.0,0.0,0.0,True,False,True
1,PreviousRepairCost,0.0,0.0,0.0,True,False,True
1,PreviousReplacement,0.0,0.0,0.0,True,False,True
1,PriorClaimCount,0.0,0.0,0.0,True,False,False
1,ProductAgeDays,0.0,0.0,0.0,True,False,False
1,ProductCategory,0.0,0.0,0.0,True,False,False
1,ProductImageAvailable,0.0,0.0,0.0,True,False,False
1,ProductPurchasePrice,0.0,0.0,0.0,True,False,True
1,ProductSubtype,0.0,0.0,0.0,True,False,False
1,PurchaseProofAvailable,0.0,0.0,0.0,True,False,True
1,RandomScore,0.0,0.0,0.0,True,True,False
1,ReceiptAvailable,0.0,0.0,0.0,True,False,True
1,RecentReinstallationReported,0.0,0.0,0.0,True,False,False
1,RepairCount,0.0,0.0,0.0,True,False,True
1,RepairReportAvailable,0.0,0.0,0.0,True,False,True
1,ReplacementWithinWarranty,0.0,0.0,0.0,True,False,True
1,ReportingDeadlineDays,0.0,0.0,0.0,True,False,False
1,RequiredDocumentCount,0.0,0.0,0.0,True,False,False
1,RequiredDocumentCoverageRatio,0.0,0.0,0.0,True,False,True
1,ScreenFaultImageAvailable,0.0,0.0,0.0,True,False,False
1,SerialEvidenceAvailable,0.0,0.0,0.0,True,False,False
1,ServiceDiagnosticAvailable,0.0,0.0,0.0,True,False,False
1,SpecialComponentWarrantyStatus,0.0,0.0,0.0,True,False,True
1,SubmissionMinute,0.0,0.0,0.0,True,True,False
1,UiTheme,0.0,0.0,0.0,True,True,False
1,UnknownRequiredDocumentCount,0.0,0.0,0.0,True,False,False
1,UsageMeterEvidenceAvailable,0.0,0.0,0.0,True,False,False
1,UsageType,0.0,0.0,0.0,True,False,False
1,WarrantyCardAvailable,0.0,0.0,0.0,True,False,True
1,WarrantyDurationMonths,0.0,0.0,0.0,True,False,True
1,WarrantyProofAvailable,0.0,0.0,0.0,True,False,True
1,WarrantyStatus,0.0,0.0,0.0,True,False,True
1,ErrorCodeAvailable,0.0005555051695991381,0.0014697285307700774,-0.0009142233611709393,True,False,False
1,DuplicateClaimIndicator,0.005581688036457089,0.0029528452077679634,0.0026288428286891253,False,False,False
1,OCRQualityBand,0.006100048578988285,0.004383322272176576,0.0017167263068117089,False,False,False
1,MissingRequiredDocumentCount,0.00992001228694199,0.0036642839767827722,0.006255728310159218,False,False,True
1,RequiredDocumentsComplete,0.010473672110100612,0.005381930896258206,0.005091741213842407,False,False,True
1,ProductModelConsistent,0.011655295536514967,0.0049336790927819825,0.006721616443732985,False,False,False
1,MissingDocumentCount,0.01544309846562092,0.0031276093429609565,0.012315489122659963,False,False,True
1,ContradictionIndicator,0.019365244799815606,0.00490664363229837,0.014458601167517236,False,False,False
1,RepairAuthorized,0.0306586417344602,0.006077363426080327,0.024581278308379875,False,False,True
1,ProductIdentityMatch,0.045278366758698785,0.005689035912957462,0.03958933084574132,False,False,True
1,SerialNumberMatch,0.04579849207193913,0.0068875793350903335,0.038910912736848796,False,False,True
1,ClaimReportingWithinPeriod,0.05607538490381199,0.005174473207550996,0.05090091169626099,False,False,True
1,ClaimReportingDelayDays,0.06061170172251722,0.005614972942401843,0.05499672878011537,False,False,True
1,OCRConfidence,0.07776544638044133,0.007288189656290243,0.07047725672415109,False,False,False
1,WarrantyRemainingDays,0.13222760869546227,0.011124286439012324,0.12110332225644994,False,False,True
1,FaultCovered,0.20561412728448203,0.012461652292482401,0.19315247499199964,False,False,True
2,AffectedUnit,0.0,0.0,0.0,True,False,False
2,ApplicableWarrantyMonths,0.0,0.0,0.0,True,False,True
2,AvailableDocumentCount,0.0,0.0,0.0,True,False,True
2,AvailableRequiredDocumentCount,0.0,0.0,0.0,True,False,True
2,BatteryDiagnosticAvailable,0.0,0.0,0.0,True,False,False
2,BatterySymptomReported,0.0,0.0,0.0,True,False,False
2,Brand,0.0,0.0,0.0,True,False,False
2,ClaimAmount,0.0,0.0,0.0,True,False,True
2,ClaimAmountRatio,0.0,0.0,0.0,True,False,True
2,ClaimDayOfWeek,0.0,0.0,0.0,True,False,False
2,ClaimMonth,0.0,0.0,0.0,True,False,False
2,ClaimSubmissionChannel,0.0,0.0,0.0,True,False,False
2,ClaimedComponent,0.0,0.0,0.0,True,False,False
2,ComponentIdentityEvidenceAvailable,0.0,0.0,0.0,True,False,False
2,ComponentWarrantyEligible,0.0,0.0,0.0,True,False,False
2,ConsumableTypeUsed,0.0,0.0,0.0,True,False,False
2,CriticalDocumentMissing,0.0,0.0,0.0,True,False,True
2,CustomerIssueArea,0.0,0.0,0.0,True,False,False
2,CustomerReportedDamageIndicator,0.0,0.0,0.0,True,False,False
2,DamageType,0.0,0.0,0.0,True,False,True
2,DocumentDuplicateIndicator,0.0,0.0,0.0,True,False,False
2,ElectronicWarrantyAvailable,0.0,0.0,0.0,True,False,True
2,ErrorCodeAvailable,0.0,0.0,0.0,True,False,False
2,ExtendedWarranty,0.0,0.0,0.0,True,False,False
2,FaultEvidenceAvailable,0.0,0.0,0.0,True,False,False
2,FaultType,0.0,0.0,0.0,True,False,False
2,ForeignObjectIncidentReported,0.0,0.0,0.0,True,False,False
2,HasPreviousReplacement,0.0,0.0,0.0,True,False,True
2,HasRepairHistory,0.0,0.0,0.0,True,False,True
2,InstallationEvidenceAvailable,0.0,0.0,0.0,True,False,False
2,IntermittentIssueReported,0.0,0.0,0.0,True,False,False
2,LiquidExposureReported,0.0,0.0,0.0,True,False,False
2,PhysicalDamageReported,0.0,0.0,0.0,True,False,False
2,PreviousRepair,0.0,0.0,0.0,True,False,True
2,PreviousRepairCost,0.0,0.0,0.0,True,False,True
2,PreviousReplacement,0.0,0.0,0.0,True,False,True
2,PriorClaimCount,0.0,0.0,0.0,True,False,False
2,ProductAgeDays,0.0,0.0,0.0,True,False,False
2,ProductCategory,0.0,0.0,0.0,True,False,False
2,ProductImageAvailable,0.0,0.0,0.0,True,False,False
2,ProductPurchasePrice,0.0,0.0,0.0,True,False,True
2,ProductSubtype,0.0,0.0,0.0,True,False,False
2,PurchaseProofAvailable,0.0,0.0,0.0,True,False,True
2,ReceiptAvailable,0.0,0.0,0.0,True,False,True
2,RecentReinstallationReported,0.0,0.0,0.0,True,False,False
2,RepairCount,0.0,0.0,0.0,True,False,True
2,RepairReportAvailable,0.0,0.0,0.0,True,False,True
2,ReplacementWithinWarranty,0.0,0.0,0.0,True,False,True
2,ReportingDeadlineDays,0.0,0.0,0.0,True,False,False
2,RequiredDocumentCount,0.0,0.0,0.0,True,False,False
2,ScreenFaultImageAvailable,0.0,0.0,0.0,True,False,False
2,SerialEvidenceAvailable,0.0,0.0,0.0,True,False,False
2,ServiceDiagnosticAvailable,0.0,0.0,0.0,True,False,False
2,SpecialComponentWarrantyStatus,0.0,0.0,0.0,True,False,True
2,SubmissionMinute,0.0,0.0,0.0,True,True,False
2,UiTheme,0.0,0.0,0.0,True,True,False
2,UnknownRequiredDocumentCount,0.0,0.0,0.0,True,False,False
2,UsageMeterEvidenceAvailable,0.0,0.0,0.0,True,False,False
2,UsageType,0.0,0.0,0.0,True,False,False
2,WarrantyCardAvailable,0.0,0.0,0.0,True,False,True
2,WarrantyDurationMonths,0.0,0.0,0.0,True,False,True
2,WarrantyProofAvailable,0.0,0.0,0.0,True,False,True
2,RequiredDocumentCoverageRatio,0.0016665155087974143,0.0021514622705895887,-0.00048494676179217447,True,False,True
2,WarrantyStatus,0.0050108833665881425,0.0014997229905817087,0.0035111603760064336,False,False,True
2,DuplicateClaimIndicator,0.006731918182543956,0.0031731565885452116,0.003558761593998744,False,False,False
2,OCRQualityBand,0.00885246302010094,0.005846921829380975,0.0030055411907199646,False,False,False
2,MissingDocumentCount,0.009374908462964363,0.004654313744575797,0.0047205947183885655,False,False,True
2,ProductModelConsistent,0.009975181856294188,0.0061504765936601,0.0038247052626340884,False,False,False
2,MissingRequiredDocumentCount,0.01765458156568464,0.008573513541851556,0.009081068023833084,False,False,True
2,SerialNumberMatch,0.018371385354387468,0.0035176766959008035,0.014853708658486665,False,False,True
2,ContradictionIndicator,0.019935235052987846,0.0058495574882103125,0.014085677564777533,False,False,False
2,RequiredDocumentsComplete,0.02153050714006749,0.008425008605753575,0.013105498534313914,False,False,True
2,RepairAuthorized,0.028986830184836748,0.00591139851907601,0.02307543166576074,False,False,True
2,ClaimReportingWithinPeriod,0.06015174307531597,0.004523225647375303,0.055628517427940664,False,False,True
2,ProductIdentityMatch,0.06111282374658927,0.006333721503475628,0.05477910224311364,False,False,True
2,ClaimReportingDelayDays,0.06469566482670429,0.006359110370761735,0.05833655445594255,False,False,True
2,OCRConfidence,0.07058359496129953,0.01086650693226098,0.059717088029038544,False,False,False
2,WarrantyRemainingDays,0.12458015647160438,0.0072981941719187085,0.11728196229968567,False,False,True
2,FaultCovered,0.20247749105007865,0.012844095785249797,0.18963339526482884,False,False,True
3,AffectedUnit,0.0,0.0,0.0,True,False,False
3,ApplicableWarrantyMonths,0.0,0.0,0.0,True,False,True
3,AvailableDocumentCount,0.0,0.0,0.0,True,False,True
3,AvailableRequiredDocumentCount,0.0,0.0,0.0,True,False,True
3,BatteryDiagnosticAvailable,0.0,0.0,0.0,True,False,False
3,BatterySymptomReported,0.0,0.0,0.0,True,False,False
3,Brand,0.0,0.0,0.0,True,False,False
3,ClaimAmount,0.0,0.0,0.0,True,False,True
3,ClaimAmountRatio,0.0,0.0,0.0,True,False,True
3,ClaimDayOfWeek,0.0,0.0,0.0,True,False,False
3,ClaimMonth,0.0,0.0,0.0,True,False,False
3,ClaimSubmissionChannel,0.0,0.0,0.0,True,False,False
3,ClaimedComponent,0.0,0.0,0.0,True,False,False
3,ComponentIdentityEvidenceAvailable,0.0,0.0,0.0,True,False,False
3,ComponentWarrantyEligible,0.0,0.0,0.0,True,False,False
3,ConsumableTypeUsed,0.0,0.0,0.0,True,False,False
3,CriticalDocumentMissing,0.0,0.0,0.0,True,False,True
3,CustomerIssueArea,0.0,0.0,0.0,True,False,False
3,CustomerReportedDamageIndicator,0.0,0.0,0.0,True,False,False
3,DamageType,0.0,0.0,0.0,True,False,True
3,DocumentDuplicateIndicator,0.0,0.0,0.0,True,False,False
3,ElectronicWarrantyAvailable,0.0,0.0,0.0,True,False,True
3,ErrorCodeAvailable,0.0,0.0,0.0,True,False,False
3,ExtendedWarranty,0.0,0.0,0.0,True,False,False
3,FaultEvidenceAvailable,0.0,0.0,0.0,True,False,False
3,FaultType,0.0,0.0,0.0,True,False,False
3,ForeignObjectIncidentReported,0.0,0.0,0.0,True,False,False
3,HasPreviousReplacement,0.0,0.0,0.0,True,False,True
3,HasRepairHistory,0.0,0.0,0.0,True,False,True
3,InstallationEvidenceAvailable,0.0,0.0,0.0,True,False,False
3,IntermittentIssueReported,0.0,0.0,0.0,True,False,False
3,LiquidExposureReported,0.0,0.0,0.0,True,False,False
3,PhysicalDamageReported,0.0,0.0,0.0,True,False,False
3,PreviousRepair,0.0,0.0,0.0,True,False,True
3,PreviousRepairCost,0.0,0.0,0.0,True,False,True
3,PreviousReplacement,0.0,0.0,0.0,True,False,True
3,PriorClaimCount,0.0,0.0,0.0,True,False,False
3,ProductAgeDays,0.0,0.0,0.0,True,False,False
3,ProductCategory,0.0,0.0,0.0,True,False,False
3,ProductImageAvailable,0.0,0.0,0.0,True,False,False
3,ProductPurchasePrice,0.0,0.0,0.0,True,False,True
3,ProductSubtype,0.0,0.0,0.0,True,False,False
3,PurchaseProofAvailable,0.0,0.0,0.0,True,False,True
3,ReceiptAvailable,0.0,0.0,0.0,True,False,True
3,RecentReinstallationReported,0.0,0.0,0.0,True,False,False
3,RepairCount,0.0,0.0,0.0,True,False,True
3,RepairReportAvailable,0.0,0.0,0.0,True,False,True
3,ReplacementWithinWarranty,0.0,0.0,0.0,True,False,True
3,ReportingDeadlineDays,0.0,0.0,0.0,True,False,False
3,RequiredDocumentCount,0.0,0.0,0.0,True,False,False
3,RequiredDocumentCoverageRatio,0.0,0.0,0.0,True,False,True
3,ScreenFaultImageAvailable,0.0,0.0,0.0,True,False,False
3,SerialEvidenceAvailable,0.0,0.0,0.0,True,False,False
3,ServiceDiagnosticAvailable,0.0,0.0,0.0,True,False,False
3,SpecialComponentWarrantyStatus,0.0,0.0,0.0,True,False,True
3,UiTheme,0.0,0.0,0.0,True,True,False
3,UnknownRequiredDocumentCount,0.0,0.0,0.0,True,False,False
3,UsageMeterEvidenceAvailable,0.0,0.0,0.0,True,False,False
3,UsageType,0.0,0.0,0.0,True,False,False
3,WarrantyCardAvailable,0.0,0.0,0.0,True,False,True
3,WarrantyDurationMonths,0.0,0.0,0.0,True,False,True
3,WarrantyProofAvailable,0.0,0.0,0.0,True,False,True
3,WarrantyStatus,0.004455378196989004,0.0022447802422983706,0.0022105979546906337,False,False,True
3,DuplicateClaimIndicator,0.0061801614045451925,0.0031228262127198335,0.003057335191825359,False,False,False
3,OCRQualityBand,0.0072027692195240495,0.004384568080142047,0.0028182011393820027,False,False,False
3,MissingRequiredDocumentCount,0.011569658915580802,0.006609482019509423,0.00496017689607138,False,False,True
3,ProductModelConsistent,0.011641164113612504,0.0053940651890360845,0.006247098924576419,False,False,False
3,RequiredDocumentsComplete,0.01322724238787426,0.006257593290572371,0.006969649097301889,False,False,True
3,MissingDocumentCount,0.014889859535472727,0.008260477000828732,0.006629382534643995,False,False,True
3,ContradictionIndicator,0.02102204606078488,0.004278471463106226,0.016743574597678654,False,False,False
3,RepairAuthorized,0.029563253576085496,0.008281794435967587,0.02128145914011791,False,False,True
3,ProductIdentityMatch,0.0464269639519984,0.0037515572887481547,0.042675406663250245,False,False,True
3,SerialNumberMatch,0.05127496367835155,0.005287991325426412,0.045986972352925135,False,False,True
3,ClaimReportingWithinPeriod,0.05664479338040043,0.005684170633793016,0.05096062274660742,False,False,True
3,ClaimReportingDelayDays,0.061150366313533336,0.006111045828477975,0.05503932048505536,False,False,True
3,OCRConfidence,0.07495352865465664,0.009421514504785894,0.06553201414987074,False,False,False
3,WarrantyRemainingDays,0.118992671658379,0.013813940060588989,0.10517873159779001,False,False,True
3,FaultCovered,0.20844737338107489,0.016780644734862404,0.19166672864621248,False,False,True
4,AffectedUnit,0.0,0.0,0.0,True,False,False
4,ApplicableWarrantyMonths,0.0,0.0,0.0,True,False,True
4,AvailableDocumentCount,0.0,0.0,0.0,True,False,True
4,AvailableRequiredDocumentCount,0.0,0.0,0.0,True,False,True
4,BatteryDiagnosticAvailable,0.0,0.0,0.0,True,False,False
4,BatterySymptomReported,0.0,0.0,0.0,True,False,False
4,Brand,0.0,0.0,0.0,True,False,False
4,ClaimAmount,0.0,0.0,0.0,True,False,True
4,ClaimAmountRatio,0.0,0.0,0.0,True,False,True
4,ClaimDayOfWeek,0.0,0.0,0.0,True,False,False
4,ClaimMonth,0.0,0.0,0.0,True,False,False
4,ClaimSubmissionChannel,0.0,0.0,0.0,True,False,False
4,ClaimedComponent,0.0,0.0,0.0,True,False,False
4,ComponentIdentityEvidenceAvailable,0.0,0.0,0.0,True,False,False
4,ComponentWarrantyEligible,0.0,0.0,0.0,True,False,False
4,ConsumableTypeUsed,0.0,0.0,0.0,True,False,False
4,CriticalDocumentMissing,0.0,0.0,0.0,True,False,True
4,CustomerIssueArea,0.0,0.0,0.0,True,False,False
4,CustomerReportedDamageIndicator,0.0,0.0,0.0,True,False,False
4,DamageType,0.0,0.0,0.0,True,False,True
4,DocumentDuplicateIndicator,0.0,0.0,0.0,True,False,False
4,ElectronicWarrantyAvailable,0.0,0.0,0.0,True,False,True
4,ErrorCodeAvailable,0.0,0.0,0.0,True,False,False
4,ExtendedWarranty,0.0,0.0,0.0,True,False,False
4,FaultEvidenceAvailable,0.0,0.0,0.0,True,False,False
4,FaultType,0.0,0.0,0.0,True,False,False
4,ForeignObjectIncidentReported,0.0,0.0,0.0,True,False,False
4,HasPreviousReplacement,0.0,0.0,0.0,True,False,True
4,HasRepairHistory,0.0,0.0,0.0,True,False,True
4,InstallationEvidenceAvailable,0.0,0.0,0.0,True,False,False
4,IntermittentIssueReported,0.0,0.0,0.0,True,False,False
4,LiquidExposureReported,0.0,0.0,0.0,True,False,False
4,PhysicalDamageReported,0.0,0.0,0.0,True,False,False
4,PreviousRepair,0.0,0.0,0.0,True,False,True
4,PreviousRepairCost,0.0,0.0,0.0,True,False,True
4,PreviousReplacement,0.0,0.0,0.0,True,False,True
4,PriorClaimCount,0.0,0.0,0.0,True,False,False
4,ProductAgeDays,0.0,0.0,0.0,True,False,False
4,ProductCategory,0.0,0.0,0.0,True,False,False
4,ProductImageAvailable,0.0,0.0,0.0,True,False,False
4,ProductPurchasePrice,0.0,0.0,0.0,True,False,True
4,ProductSubtype,0.0,0.0,0.0,True,False,False
4,PurchaseProofAvailable,0.0,0.0,0.0,True,False,True
4,ReceiptAvailable,0.0,0.0,0.0,True,False,True
4,RecentReinstallationReported,0.0,0.0,0.0,True,False,False
4,RepairCount,0.0,0.0,0.0,True,False,True
4,RepairReportAvailable,0.0,0.0,0.0,True,False,True
4,ReplacementWithinWarranty,0.0,0.0,0.0,True,False,True
4,ReportingDeadlineDays,0.0,0.0,0.0,True,False,False
4,RequiredDocumentCount,0.0,0.0,0.0,True,False,False
4,RequiredDocumentCoverageRatio,0.0,0.0,0.0,True,False,True
4,ScreenFaultImageAvailable,0.0,0.0,0.0,True,False,False
4,SerialEvidenceAvailable,0.0,0.0,0.0,True,False,False
4,ServiceDiagnosticAvailable,0.0,0.0,0.0,True,False,False
4,SpecialComponentWarrantyStatus,0.0,0.0,0.0,True,False,True
4,UnknownRequiredDocumentCount,0.0,0.0,0.0,True,False,False
4,UsageMeterEvidenceAvailable,0.0,0.0,0.0,True,False,False
4,UsageType,0.0,0.0,0.0,True,False,False
4,WarrantyCardAvailable,0.0,0.0,0.0,True,False,True
4,WarrantyDurationMonths,0.0,0.0,0.0,True,False,True
4,WarrantyProofAvailable,0.0,0.0,0.0,True,False,True
4,MissingRequiredDocumentCount,0.0016265887845588606,0.0044053185758112165,-0.002778729791252356,True,False,True
4,MissingDocumentCount,0.0016547457861585402,0.0021362676239996417,-0.00048152183784110156,True,False,True
4,WarrantyStatus,0.0033330310175948286,0.0019243263552257465,0.001408704662369082,False,False,True
4,DuplicateClaimIndicator,0.006164298505200255,0.0021746745446891073,0.0039896239605111475,False,False,False
4,OCRQualityBand,0.009960532436733283,0.005736115231803106,0.004224417204930176,False,False,False
4,ProductModelConsistent,0.013872598165967406,0.008129211094033847,0.005743387071933559,False,False,False
4,ContradictionIndicator,0.020473764562057947,0.006959626903388764,0.013514137658669184,False,False,False
4,RepairAuthorized,0.02956292853983805,0.005918734447314025,0.023644194092524027,False,False,True
4,ProductIdentityMatch,0.04696779613065563,0.005290080480998859,0.04167771564965677,False,False,True
4,ClaimReportingWithinPeriod,0.047366963483196536,0.0032667392999037653,0.04410022418329277,False,False,True
4,SerialNumberMatch,0.049676342490430694,0.002891314484304248,0.046785028006126446,False,False,True
4,RequiredDocumentsComplete,0.06365702305790444,0.017511683040323432,0.046145340017581006,False,False,True
4,ClaimReportingDelayDays,0.07354144897561782,0.008273977274118065,0.06526747170149975,False,False,True
4,OCRConfidence,0.07382797865224533,0.011635143975157653,0.06219283467708768,False,False,False
4,WarrantyRemainingDays,0.11892954908128923,0.015586199506142161,0.10334334957514707,False,False,True
4,FaultCovered,0.20690943777062504,0.01586609441039567,0.19104334336022938,False,False,True
5,AffectedUnit,0.0,0.0,0.0,True,False,False
5,AvailableDocumentCount,0.0,0.0,0.0,True,False,True
5,AvailableRequiredDocumentCount,0.0,0.0,0.0,True,False,True
5,BatteryDiagnosticAvailable,0.0,0.0,0.0,True,False,False
5,BatterySymptomReported,0.0,0.0,0.0,True,False,False
5,Brand,0.0,0.0,0.0,True,False,False
5,ClaimAmount,0.0,0.0,0.0,True,False,True
5,ClaimAmountRatio,0.0,0.0,0.0,True,False,True
5,ClaimDayOfWeek,0.0,0.0,0.0,True,False,False
5,ClaimMonth,0.0,0.0,0.0,True,False,False
5,ClaimSubmissionChannel,0.0,0.0,0.0,True,False,False
5,ClaimedComponent,0.0,0.0,0.0,True,False,False
5,ComponentIdentityEvidenceAvailable,0.0,0.0,0.0,True,False,False
5,ComponentWarrantyEligible,0.0,0.0,0.0,True,False,False
5,ConsumableTypeUsed,0.0,0.0,0.0,True,False,False
5,CriticalDocumentMissing,0.0,0.0,0.0,True,False,True
5,CustomerIssueArea,0.0,0.0,0.0,True,False,False
5,CustomerReportedDamageIndicator,0.0,0.0,0.0,True,False,False
5,DamageType,0.0,0.0,0.0,True,False,True
5,DocumentDuplicateIndicator,0.0,0.0,0.0,True,False,False
5,ElectronicWarrantyAvailable,0.0,0.0,0.0,True,False,True
5,ErrorCodeAvailable,0.0,0.0,0.0,True,False,False
5,ExtendedWarranty,0.0,0.0,0.0,True,False,False
5,FaultEvidenceAvailable,0.0,0.0,0.0,True,False,False
5,FaultType,0.0,0.0,0.0,True,False,False
5,ForeignObjectIncidentReported,0.0,0.0,0.0,True,False,False
5,HasPreviousReplacement,0.0,0.0,0.0,True,False,True
5,HasRepairHistory,0.0,0.0,0.0,True,False,True
5,InstallationEvidenceAvailable,0.0,0.0,0.0,True,False,False
5,IntermittentIssueReported,0.0,0.0,0.0,True,False,False
5,LiquidExposureReported,0.0,0.0,0.0,True,False,False
5,PhysicalDamageReported,0.0,0.0,0.0,True,False,False
5,PreviousRepair,0.0,0.0,0.0,True,False,True
5,PreviousRepairCost,0.0,0.0,0.0,True,False,True
5,PreviousReplacement,0.0,0.0,0.0,True,False,True
5,PriorClaimCount,0.0,0.0,0.0,True,False,False
5,ProductAgeDays,0.0,0.0,0.0,True,False,False
5,ProductCategory,0.0,0.0,0.0,True,False,False
5,ProductImageAvailable,0.0,0.0,0.0,True,False,False
5,ProductPurchasePrice,0.0,0.0,0.0,True,False,True
5,ProductSubtype,0.0,0.0,0.0,True,False,False
5,PurchaseProofAvailable,0.0,0.0,0.0,True,False,True
5,ReceiptAvailable,0.0,0.0,0.0,True,False,True
5,RecentReinstallationReported,0.0,0.0,0.0,True,False,False
5,RepairCount,0.0,0.0,0.0,True,False,True
5,RepairReportAvailable,0.0,0.0,0.0,True,False,True
5,ReplacementWithinWarranty,0.0,0.0,0.0,True,False,True
5,ReportingDeadlineDays,0.0,0.0,0.0,True,False,False
5,RequiredDocumentCount,0.0,0.0,0.0,True,False,False
5,RequiredDocumentCoverageRatio,0.0,0.0,0.0,True,False,True
5,ScreenFaultImageAvailable,0.0,0.0,0.0,True,False,False
5,SerialEvidenceAvailable,0.0,0.0,0.0,True,False,False
5,ServiceDiagnosticAvailable,0.0,0.0,0.0,True,False,False
5,SpecialComponentWarrantyStatus,0.0,0.0,0.0,True,False,True
5,UnknownRequiredDocumentCount,0.0,0.0,0.0,True,False,False
5,UsageMeterEvidenceAvailable,0.0,0.0,0.0,True,False,False
5,UsageType,0.0,0.0,0.0,True,False,False
5,WarrantyCardAvailable,0.0,0.0,0.0,True,False,True
5,WarrantyDurationMonths,0.0,0.0,0.0,True,False,True
5,WarrantyProofAvailable,0.0,0.0,0.0,True,False,True
5,RequiredDocumentsComplete,0.004389796064206641,0.004426615042819875,-3.6818978613233945e-05,False,False,True
5,WarrantyStatus,0.0050223991283435965,0.0014956744641750883,0.003526724664168508,False,False,True
5,MissingRequiredDocumentCount,0.005493719721372428,0.004284431018779333,0.001209288702593095,False,False,True
5,DuplicateClaimIndicator,0.006144974450814411,0.003829434829892505,0.002315539620921906,False,False,False
5,OCRQualityBand,0.007744784901355842,0.0036703921246527115,0.00407439277670313,False,False,False
5,ProductModelConsistent,0.007777810428585094,0.006182713267283733,0.0015950971613013613,False,False,False
5,MissingDocumentCount,0.008254321906678685,0.003452872556012001,0.004801449350666684,False,False,True
5,ContradictionIndicator,0.017707056387392728,0.005398180442422201,0.012308875944970526,False,False,False
5,RepairAuthorized,0.02736207202440656,0.00610241077192883,0.021259661252477732,False,False,True
5,ProductIdentityMatch,0.0458624145504624,0.0053036802835406205,0.04055873426692178,False,False,True
5,SerialNumberMatch,0.05363027966451847,0.00465443528819085,0.04897584437632762,False,False,True
5,ClaimReportingWithinPeriod,0.0583120436809417,0.006697846440236034,0.051614197240705664,False,False,True
5,ClaimReportingDelayDays,0.061130528120922595,0.0051584763674426565,0.05597205175347994,False,False,True
5,OCRConfidence,0.07717387094516749,0.005371659677178469,0.07180221126798902,False,False,False
5,WarrantyRemainingDays,0.12055421078065975,0.014178570383890293,0.10637564039676946,False,False,True
5,FaultCovered,0.20476422253478355,0.019587977188449308,0.18517624534633423,False,False,True
6,AffectedUnit,0.0,0.0,0.0,True,False,False
6,AvailableRequiredDocumentCount,0.0,0.0,0.0,True,False,True
6,BatteryDiagnosticAvailable,0.0,0.0,0.0,True,False,False
6,BatterySymptomReported,0.0,0.0,0.0,True,False,False
6,Brand,0.0,0.0,0.0,True,False,False
6,ClaimAmount,0.0,0.0,0.0,True,False,True
6,ClaimAmountRatio,0.0,0.0,0.0,True,False,True
6,ClaimDayOfWeek,0.0,0.0,0.0,True,False,False
6,ClaimMonth,0.0,0.0,0.0,True,False,False
6,ClaimSubmissionChannel,0.0,0.0,0.0,True,False,False
6,ClaimedComponent,0.0,0.0,0.0,True,False,False
6,ComponentIdentityEvidenceAvailable,0.0,0.0,0.0,True,False,False
6,ComponentWarrantyEligible,0.0,0.0,0.0,True,False,False
6,ConsumableTypeUsed,0.0,0.0,0.0,True,False,False
6,CriticalDocumentMissing,0.0,0.0,0.0,True,False,True
6,CustomerIssueArea,0.0,0.0,0.0,True,False,False
6,CustomerReportedDamageIndicator,0.0,0.0,0.0,True,False,False
6,DamageType,0.0,0.0,0.0,True,False,True
6,DocumentDuplicateIndicator,0.0,0.0,0.0,True,False,False
6,ElectronicWarrantyAvailable,0.0,0.0,0.0,True,False,True
6,ErrorCodeAvailable,0.0,0.0,0.0,True,False,False
6,ExtendedWarranty,0.0,0.0,0.0,True,False,False
6,FaultEvidenceAvailable,0.0,0.0,0.0,True,False,False
6,FaultType,0.0,0.0,0.0,True,False,False
6,ForeignObjectIncidentReported,0.0,0.0,0.0,True,False,False
6,HasPreviousReplacement,0.0,0.0,0.0,True,False,True
6,HasRepairHistory,0.0,0.0,0.0,True,False,True
6,InstallationEvidenceAvailable,0.0,0.0,0.0,True,False,False
6,IntermittentIssueReported,0.0,0.0,0.0,True,False,False
6,LiquidExposureReported,0.0,0.0,0.0,True,False,False
6,PhysicalDamageReported,0.0,0.0,0.0,True,False,False
6,PreviousRepair,0.0,0.0,0.0,True,False,True
6,PreviousRepairCost,0.0,0.0,0.0,True,False,True
6,PreviousReplacement,0.0,0.0,0.0,True,False,True
6,PriorClaimCount,0.0,0.0,0.0,True,False,False
6,ProductAgeDays,0.0,0.0,0.0,True,False,False
6,ProductCategory,0.0,0.0,0.0,True,False,False
6,ProductImageAvailable,0.0,0.0,0.0,True,False,False
6,ProductPurchasePrice,0.0,0.0,0.0,True,False,True
6,ProductSubtype,0.0,0.0,0.0,True,False,False
6,PurchaseProofAvailable,0.0,0.0,0.0,True,False,True
6,ReceiptAvailable,0.0,0.0,0.0,True,False,True
6,RecentReinstallationReported,0.0,0.0,0.0,True,False,False
6,RepairCount,0.0,0.0,0.0,True,False,True
6,RepairReportAvailable,0.0,0.0,0.0,True,False,True
6,ReplacementWithinWarranty,0.0,0.0,0.0,True,False,True
6,ReportingDeadlineDays,0.0,0.0,0.0,True,False,False
6,RequiredDocumentCount,0.0,0.0,0.0,True,False,False
6,RequiredDocumentCoverageRatio,0.0,0.0,0.0,True,False,True
6,ScreenFaultImageAvailable,0.0,0.0,0.0,True,False,False
6,SerialEvidenceAvailable,0.0,0.0,0.0,True,False,False
6,ServiceDiagnosticAvailable,0.0,0.0,0.0,True,False,False
6,SpecialComponentWarrantyStatus,0.0,0.0,0.0,True,False,True
6,UnknownRequiredDocumentCount,0.0,0.0,0.0,True,False,False
6,UsageMeterEvidenceAvailable,0.0,0.0,0.0,True,False,False
6,UsageType,0.0,0.0,0.0,True,False,False
6,WarrantyCardAvailable,0.0,0.0,0.0,True,False,True
6,WarrantyDurationMonths,0.0,0.0,0.0,True,False,True
6,WarrantyProofAvailable,0.0,0.0,0.0,True,False,True
6,DuplicateClaimIndicator,0.00335203242493165,0.0029585214350579536,0.0003935109898736966,False,False,False
6,WarrantyStatus,0.004444041356793105,0.0,0.004444041356793105,False,False,True
6,RequiredDocumentsComplete,0.0071712303657082005,0.0037821765045509942,0.0033890538611572063,False,False,True
6,MissingDocumentCount,0.008263747966942306,0.006030386795404529,0.0022333611715377767,False,False,True
6,OCRQualityBand,0.009408753852162027,0.0034440704359801405,0.005964683416181887,False,False,False
6,ProductModelConsistent,0.011096329350870154,0.0038289981521922077,0.007267331198677947,False,False,False
6,MissingRequiredDocumentCount,0.013233444214331855,0.006634548454283519,0.0065988957600483355,False,False,True
6,ContradictionIndicator,0.02101501030953286,0.006146969214282049,0.01486804109525081,False,False,False
6,RepairAuthorized,0.026726794182239846,0.007039060646284258,0.019687733535955588,False,False,True
6,SerialNumberMatch,0.05086966296696205,0.0030465042819237294,0.04782315868503832,False,False,True
6,ProductIdentityMatch,0.050884296853722366,0.0037682895705960307,0.047116007283126336,False,False,True
6,ClaimReportingWithinPeriod,0.058324536144037153,0.00748506629347476,0.0508394698505624,False,False,True
6,ClaimReportingDelayDays,0.05953565928052054,0.005860968271264243,0.0536746910092563,False,False,True
6,OCRConfidence,0.07109491317766276,0.011257468795060236,0.05983744438260252,False,False,False
6,WarrantyRemainingDays,0.12362593923517645,0.009859255246235555,0.1137666839889409,False,False,True
6,FaultCovered,0.21066512924180764,0.01252648492976027,0.19813864431204736,False,False,True
7,AffectedUnit,0.0,0.0,0.0,True,False,False
7,AvailableRequiredDocumentCount,0.0,0.0,0.0,True,False,True
7,BatteryDiagnosticAvailable,0.0,0.0,0.0,True,False,False
7,BatterySymptomReported,0.0,0.0,0.0,True,False,False
7,Brand,0.0,0.0,0.0,True,False,False
7,ClaimAmountRatio,0.0,0.0,0.0,True,False,True
7,ClaimDayOfWeek,0.0,0.0,0.0,True,False,False
7,ClaimMonth,0.0,0.0,0.0,True,False,False
7,ClaimSubmissionChannel,0.0,0.0,0.0,True,False,False
7,ClaimedComponent,0.0,0.0,0.0,True,False,False
7,ComponentIdentityEvidenceAvailable,0.0,0.0,0.0,True,False,False
7,ComponentWarrantyEligible,0.0,0.0,0.0,True,False,False
7,ConsumableTypeUsed,0.0,0.0,0.0,True,False,False
7,CriticalDocumentMissing,0.0,0.0,0.0,True,False,True
7,CustomerIssueArea,0.0,0.0,0.0,True,False,False
7,CustomerReportedDamageIndicator,0.0,0.0,0.0,True,False,False
7,DamageType,0.0,0.0,0.0,True,False,True
7,DocumentDuplicateIndicator,0.0,0.0,0.0,True,False,False
7,ElectronicWarrantyAvailable,0.0,0.0,0.0,True,False,True
7,ErrorCodeAvailable,0.0,0.0,0.0,True,False,False
7,ExtendedWarranty,0.0,0.0,0.0,True,False,False
7,FaultEvidenceAvailable,0.0,0.0,0.0,True,False,False
7,FaultType,0.0,0.0,0.0,True,False,False
7,ForeignObjectIncidentReported,0.0,0.0,0.0,True,False,False
7,HasPreviousReplacement,0.0,0.0,0.0,True,False,True
7,HasRepairHistory,0.0,0.0,0.0,True,False,True
7,InstallationEvidenceAvailable,0.0,0.0,0.0,True,False,False
7,IntermittentIssueReported,0.0,0.0,0.0,True,False,False
7,LiquidExposureReported,0.0,0.0,0.0,True,False,False
7,PhysicalDamageReported,0.0,0.0,0.0,True,False,False
7,PreviousRepair,0.0,0.0,0.0,True,False,True
7,PreviousRepairCost,0.0,0.0,0.0,True,False,True
7,PreviousReplacement,0.0,0.0,0.0,True,False,True
7,PriorClaimCount,0.0,0.0,0.0,True,False,False
7,ProductAgeDays,0.0,0.0,0.0,True,False,False
7,ProductCategory,0.0,0.0,0.0,True,False,False
7,ProductImageAvailable,0.0,0.0,0.0,True,False,False
7,ProductPurchasePrice,0.0,0.0,0.0,True,False,True
7,ProductSubtype,0.0,0.0,0.0,True,False,False
7,PurchaseProofAvailable,0.0,0.0,0.0,True,False,True
7,ReceiptAvailable,0.0,0.0,0.0,True,False,True
7,RecentReinstallationReported,0.0,0.0,0.0,True,False,False
7,RepairCount,0.0,0.0,0.0,True,False,True
7,RepairReportAvailable,0.0,0.0,0.0,True,False,True
7,ReplacementWithinWarranty,0.0,0.0,0.0,True,False,True
7,ReportingDeadlineDays,0.0,0.0,0.0,True,False,False
7,RequiredDocumentCount,0.0,0.0,0.0,True,False,False
7,ScreenFaultImageAvailable,0.0,0.0,0.0,True,False,False
7,SerialEvidenceAvailable,0.0,0.0,0.0,True,False,False
7,ServiceDiagnosticAvailable,0.0,0.0,0.0,True,False,False
7,SpecialComponentWarrantyStatus,0.0,0.0,0.0,True,False,True
7,UnknownRequiredDocumentCount,0.0,0.0,0.0,True,False,False
7,UsageMeterEvidenceAvailable,0.0,0.0,0.0,True,False,False
7,UsageType,0.0,0.0,0.0,True,False,False
7,WarrantyCardAvailable,0.0,0.0,0.0,True,False,True
7,WarrantyDurationMonths,0.0,0.0,0.0,True,False,True
7,WarrantyProofAvailable,0.0,0.0,0.0,True,False,True
7,MissingRequiredDocumentCount,0.0016306859645824623,0.006235509851405188,-0.004604823886822726,True,False,True
7,RequiredDocumentCoverageRatio,0.0027775258479956905,0.0021514622705895887,0.0006260635774061017,False,False,True
7,WarrantyStatus,0.003899950148751774,0.003485372947880627,0.00041457720087114715,False,False,True
7,DuplicateClaimIndicator,0.003938060185842002,0.0026549931163480757,0.001283067069493926,False,False,False
7,RequiredDocumentsComplete,0.006047649303047048,0.008548444386259835,-0.0025007950832127875,False,False,True
7,ProductModelConsistent,0.007776712772505551,0.0036803263705106996,0.004096386401994851,False,False,False
7,OCRQualityBand,0.00885726977038788,0.004416154860733449,0.00444111490965443,False,False,False
7,MissingDocumentCount,0.011019810088167326,0.008848812519507991,0.002170997568659334,False,False,True
7,ContradictionIndicator,0.024331468780146095,0.0038256366384209384,0.020505832141725158,False,False,False
7,RepairAuthorized,0.027349519901748998,0.009839068351867257,0.01751045154988174,False,False,True
7,SerialNumberMatch,0.028331486756699525,0.004502421863367871,0.023829064893331656,False,False,True
7,ProductIdentityMatch,0.056204047628388876,0.010202425726783333,0.04600162190160555,False,False,True
7,ClaimReportingWithinPeriod,0.060728002059685524,0.003273266876041116,0.057454735183644405,False,False,True
7,ClaimReportingDelayDays,0.06413089146373877,0.004242837613147126,0.059888053850591635,False,False,True
7,OCRConfidence,0.07159968748738751,0.009726066416525016,0.0618736210708625,False,False,False
7,WarrantyRemainingDays,0.11692264197630195,0.012811565772443129,0.10411107620385882,False,False,True
7,FaultCovered,0.21558614624844807,0.012585295077868801,0.20300085117057928,False,False,True
8,AffectedUnit,0.0,0.0,0.0,True,False,False
8,AvailableRequiredDocumentCount,0.0,0.0,0.0,True,False,True
8,BatteryDiagnosticAvailable,0.0,0.0,0.0,True,False,False
8,BatterySymptomReported,0.0,0.0,0.0,True,False,False
8,Brand,0.0,0.0,0.0,True,False,False
8,ClaimDayOfWeek,0.0,0.0,0.0,True,False,False
8,ClaimMonth,0.0,0.0,0.0,True,False,False
8,ClaimSubmissionChannel,0.0,0.0,0.0,True,False,False
8,ClaimedComponent,0.0,0.0,0.0,True,False,False
8,ComponentIdentityEvidenceAvailable,0.0,0.0,0.0,True,False,False
8,ComponentWarrantyEligible,0.0,0.0,0.0,True,False,False
8,ConsumableTypeUsed,0.0,0.0,0.0,True,False,False
8,CriticalDocumentMissing,0.0,0.0,0.0,True,False,True
8,CustomerIssueArea,0.0,0.0,0.0,True,False,False
8,CustomerReportedDamageIndicator,0.0,0.0,0.0,True,False,False
8,DamageType,0.0,0.0,0.0,True,False,True
8,DocumentDuplicateIndicator,0.0,0.0,0.0,True,False,False
8,ElectronicWarrantyAvailable,0.0,0.0,0.0,True,False,True
8,ErrorCodeAvailable,0.0,0.0,0.0,True,False,False
8,ExtendedWarranty,0.0,0.0,0.0,True,False,False
8,FaultEvidenceAvailable,0.0,0.0,0.0,True,False,False
8,FaultType,0.0,0.0,0.0,True,False,False
8,ForeignObjectIncidentReported,0.0,0.0,0.0,True,False,False
8,HasPreviousReplacement,0.0,0.0,0.0,True,False,True
8,HasRepairHistory,0.0,0.0,0.0,True,False,True
8,InstallationEvidenceAvailable,0.0,0.0,0.0,True,False,False
8,IntermittentIssueReported,0.0,0.0,0.0,True,False,False
8,LiquidExposureReported,0.0,0.0,0.0,True,False,False
8,PhysicalDamageReported,0.0,0.0,0.0,True,False,False
8,PreviousRepair,0.0,0.0,0.0,True,False,True
8,PreviousRepairCost,0.0,0.0,0.0,True,False,True
8,PreviousReplacement,0.0,0.0,0.0,True,False,True
8,PriorClaimCount,0.0,0.0,0.0,True,False,False
8,ProductAgeDays,0.0,0.0,0.0,True,False,False
8,ProductCategory,0.0,0.0,0.0,True,False,False
8,ProductImageAvailable,0.0,0.0,0.0,True,False,False
8,ProductPurchasePrice,0.0,0.0,0.0,True,False,True
8,ProductSubtype,0.0,0.0,0.0,True,False,False
8,PurchaseProofAvailable,0.0,0.0,0.0,True,False,True
8,ReceiptAvailable,0.0,0.0,0.0,True,False,True
8,RecentReinstallationReported,0.0,0.0,0.0,True,False,False
8,RepairCount,0.0,0.0,0.0,True,False,True
8,RepairReportAvailable,0.0,0.0,0.0,True,False,True
8,ReplacementWithinWarranty,0.0,0.0,0.0,True,False,True
8,ReportingDeadlineDays,0.0,0.0,0.0,True,False,False
8,RequiredDocumentCount,0.0,0.0,0.0,True,False,False
8,ScreenFaultImageAvailable,0.0,0.0,0.0,True,False,False
8,SerialEvidenceAvailable,0.0,0.0,0.0,True,False,False
8,ServiceDiagnosticAvailable,0.0,0.0,0.0,True,False,False
8,SpecialComponentWarrantyStatus,0.0,0.0,0.0,True,False,True
8,UnknownRequiredDocumentCount,0.0,0.0,0.0,True,False,False
8,UsageMeterEvidenceAvailable,0.0,0.0,0.0,True,False,False
8,UsageType,0.0,0.0,0.0,True,False,False
8,WarrantyCardAvailable,0.0,0.0,0.0,True,False,True
8,WarrantyDurationMonths,0.0,0.0,0.0,True,False,True
8,WarrantyProofAvailable,0.0,0.0,0.0,True,False,True
8,RequiredDocumentCoverageRatio,0.0027775258479956905,0.0021514622705895887,0.0006260635774061017,False,False,True
8,WarrantyStatus,0.004455378196989004,0.0022447802422983706,0.0022105979546906337,False,False,True
8,DuplicateClaimIndicator,0.004490442824097857,0.0039029218448562576,0.0005875209792415991,False,False,False
8,MissingDocumentCount,0.0049453516197622005,0.006432115178072682,-0.0014867635583104815,False,False,True
8,OCRQualityBand,0.0066431917696596066,0.002209766203808188,0.004433425565851419,False,False,False
8,MissingRequiredDocumentCount,0.009362755679093601,0.006796563872317581,0.00256619180677602,False,False,True
8,RequiredDocumentsComplete,0.009362755679093601,0.006796563872317581,0.00256619180677602,False,False,True
8,ProductModelConsistent,0.009996938490817633,0.005325811314722039,0.0046711271760955944,False,False,False
8,ContradictionIndicator,0.019359404176720718,0.007285073773979006,0.012074330402741713,False,False,False
8,ProductIdentityMatch,0.02830623424001856,0.004913657090967925,0.023392577149050634,False,False,True
8,RepairAuthorized,0.03124437600892087,0.005471208976745318,0.02577316703217555,False,False,True
8,ClaimReportingWithinPeriod,0.05489353458462795,0.006751125533462639,0.04814240905116531,False,False,True
8,SerialNumberMatch,0.06054392339686836,0.0075975545876921105,0.05294636880917625,False,False,True
8,ClaimReportingDelayDays,0.0634859653493188,0.008034382643044279,0.055451582706274524,False,False,True
8,OCRConfidence,0.07288031256421576,0.00898838020482113,0.06389193235939464,False,False,False
8,WarrantyRemainingDays,0.12309462887713538,0.010198090513923333,0.11289653836321205,False,False,True
8,FaultCovered,0.20185899391654916,0.014905173485373104,0.18695382043117606,False,False,True
9,AffectedUnit,0.0,0.0,0.0,True,False,False
9,AvailableRequiredDocumentCount,0.0,0.0,0.0,True,False,True
9,BatteryDiagnosticAvailable,0.0,0.0,0.0,True,False,False
9,BatterySymptomReported,0.0,0.0,0.0,True,False,False
9,Brand,0.0,0.0,0.0,True,False,False
9,ClaimDayOfWeek,0.0,0.0,0.0,True,False,False
9,ClaimMonth,0.0,0.0,0.0,True,False,False
9,ClaimSubmissionChannel,0.0,0.0,0.0,True,False,False
9,ClaimedComponent,0.0,0.0,0.0,True,False,False
9,ComponentIdentityEvidenceAvailable,0.0,0.0,0.0,True,False,False
9,ComponentWarrantyEligible,0.0,0.0,0.0,True,False,False
9,ConsumableTypeUsed,0.0,0.0,0.0,True,False,False
9,CustomerIssueArea,0.0,0.0,0.0,True,False,False
9,CustomerReportedDamageIndicator,0.0,0.0,0.0,True,False,False
9,DamageType,0.0,0.0,0.0,True,False,True
9,DocumentDuplicateIndicator,0.0,0.0,0.0,True,False,False
9,ElectronicWarrantyAvailable,0.0,0.0,0.0,True,False,True
9,ExtendedWarranty,0.0,0.0,0.0,True,False,False
9,FaultEvidenceAvailable,0.0,0.0,0.0,True,False,False
9,FaultType,0.0,0.0,0.0,True,False,False
9,ForeignObjectIncidentReported,0.0,0.0,0.0,True,False,False
9,HasPreviousReplacement,0.0,0.0,0.0,True,False,True
9,HasRepairHistory,0.0,0.0,0.0,True,False,True
9,InstallationEvidenceAvailable,0.0,0.0,0.0,True,False,False
9,IntermittentIssueReported,0.0,0.0,0.0,True,False,False
9,LiquidExposureReported,0.0,0.0,0.0,True,False,False
9,PhysicalDamageReported,0.0,0.0,0.0,True,False,False
9,PreviousRepair,0.0,0.0,0.0,True,False,True
9,PreviousRepairCost,0.0,0.0,0.0,True,False,True
9,PreviousReplacement,0.0,0.0,0.0,True,False,True
9,PriorClaimCount,0.0,0.0,0.0,True,False,False
9,ProductAgeDays,0.0,0.0,0.0,True,False,False
9,ProductCategory,0.0,0.0,0.0,True,False,False
9,ProductImageAvailable,0.0,0.0,0.0,True,False,False
9,ProductPurchasePrice,0.0,0.0,0.0,True,False,True
9,ProductSubtype,0.0,0.0,0.0,True,False,False
9,PurchaseProofAvailable,0.0,0.0,0.0,True,False,True
9,ReceiptAvailable,0.0,0.0,0.0,True,False,True
9,RecentReinstallationReported,0.0,0.0,0.0,True,False,False
9,RepairCount,0.0,0.0,0.0,True,False,True
9,RepairReportAvailable,0.0,0.0,0.0,True,False,True
9,ReplacementWithinWarranty,0.0,0.0,0.0,True,False,True
9,ReportingDeadlineDays,0.0,0.0,0.0,True,False,False
9,RequiredDocumentCount,0.0,0.0,0.0,True,False,False
9,ScreenFaultImageAvailable,0.0,0.0,0.0,True,False,False
9,SerialEvidenceAvailable,0.0,0.0,0.0,True,False,False
9,ServiceDiagnosticAvailable,0.0,0.0,0.0,True,False,False
9,SpecialComponentWarrantyStatus,0.0,0.0,0.0,True,False,True
9,UnknownRequiredDocumentCount,0.0,0.0,0.0,True,False,False
9,UsageMeterEvidenceAvailable,0.0,0.0,0.0,True,False,False
9,UsageType,0.0,0.0,0.0,True,False,False
9,WarrantyCardAvailable,0.0,0.0,0.0,True,False,True
9,WarrantyDurationMonths,0.0,0.0,0.0,True,False,True
9,WarrantyProofAvailable,0.0,0.0,0.0,True,False,True
9,ErrorCodeAvailable,0.0005515819287195134,0.0014593486110691882,-0.0009077666823496748,True,False,False
9,RequiredDocumentCoverageRatio,0.0016665155087974143,0.0021514622705895887,-0.00048494676179217447,True,False,True
9,MissingRequiredDocumentCount,0.0022063277148780536,0.0022063277148780536,0.0,False,False,True
9,WarrantyStatus,0.004455378196989004,0.0022447802422983706,0.0022105979546906337,False,False,True
9,DuplicateClaimIndicator,0.005609220533451212,0.00373454537985883,0.001874675153592382,False,False,False
9,OCRQualityBand,0.00719340095424488,0.005386064168940761,0.0018073367853041191,False,False,False
9,ProductModelConsistent,0.008318532717830604,0.006042307514397823,0.002276225203432781,False,False,False
9,MissingDocumentCount,0.011576202697793567,0.004388555471211173,0.007187647226582394,False,False,True
9,RequiredDocumentsComplete,0.012669023270438007,0.003460306849843776,0.009208716420594232,False,False,True
9,ContradictionIndicator,0.021026950761737315,0.0057368361652261534,0.01529011459651116,False,False,False
9,SerialNumberMatch,0.025442522694823555,0.0018786304525898738,0.02356389224223368,False,False,True
9,RepairAuthorized,0.02789792455283388,0.004308585943752714,0.023589338609081165,False,False,True
9,ClaimReportingWithinPeriod,0.05492659995190269,0.0043067517946764194,0.05061984815722627,False,False,True
9,ClaimReportingDelayDays,0.05775954661145452,0.005988397351934115,0.05177114925952041,False,False,True
9,ProductIdentityMatch,0.06284133515977411,0.0056994006550809915,0.05714193450469312,False,False,True
9,OCRConfidence,0.07212868811840287,0.006973387182524582,0.06515530093587829,False,False,False
9,WarrantyRemainingDays,0.12345925796702364,0.004114721016465136,0.11934453695055851,False,False,True
9,FaultCovered,0.21064161873711207,0.015072561754750156,0.1955690569823619,False,False,True
10,AffectedUnit,0.0,0.0,0.0,True,False,False
10,AvailableRequiredDocumentCount,0.0,0.0,0.0,True,False,True
10,BatteryDiagnosticAvailable,0.0,0.0,0.0,True,False,False
10,BatterySymptomReported,0.0,0.0,0.0,True,False,False
10,Brand,0.0,0.0,0.0,True,False,False
10,ClaimDayOfWeek,0.0,0.0,0.0,True,False,False
10,ClaimMonth,0.0,0.0,0.0,True,False,False
10,ClaimSubmissionChannel,0.0,0.0,0.0,True,False,False
10,ClaimedComponent,0.0,0.0,0.0,True,False,False
10,ComponentIdentityEvidenceAvailable,0.0,0.0,0.0,True,False,False
10,ComponentWarrantyEligible,0.0,0.0,0.0,True,False,False
10,ConsumableTypeUsed,0.0,0.0,0.0,True,False,False
10,CustomerIssueArea,0.0,0.0,0.0,True,False,False
10,CustomerReportedDamageIndicator,0.0,0.0,0.0,True,False,False
10,DocumentDuplicateIndicator,0.0,0.0,0.0,True,False,False
10,ElectronicWarrantyAvailable,0.0,0.0,0.0,True,False,True
10,ErrorCodeAvailable,0.0,0.0,0.0,True,False,False
10,ExtendedWarranty,0.0,0.0,0.0,True,False,False
10,FaultEvidenceAvailable,0.0,0.0,0.0,True,False,False
10,FaultType,0.0,0.0,0.0,True,False,False
10,ForeignObjectIncidentReported,0.0,0.0,0.0,True,False,False
10,HasPreviousReplacement,0.0,0.0,0.0,True,False,True
10,HasRepairHistory,0.0,0.0,0.0,True,False,True
10,InstallationEvidenceAvailable,0.0,0.0,0.0,True,False,False
10,IntermittentIssueReported,0.0,0.0,0.0,True,False,False
10,LiquidExposureReported,0.0,0.0,0.0,True,False,False
10,PhysicalDamageReported,0.0,0.0,0.0,True,False,False
10,PreviousRepair,0.0,0.0,0.0,True,False,True
10,PreviousRepairCost,0.0,0.0,0.0,True,False,True
10,PreviousReplacement,0.0,0.0,0.0,True,False,True
10,PriorClaimCount,0.0,0.0,0.0,True,False,False
10,ProductAgeDays,0.0,0.0,0.0,True,False,False
10,ProductCategory,0.0,0.0,0.0,True,False,False
10,ProductImageAvailable,0.0,0.0,0.0,True,False,False
10,ProductPurchasePrice,0.0,0.0,0.0,True,False,True
10,ProductSubtype,0.0,0.0,0.0,True,False,False
10,PurchaseProofAvailable,0.0,0.0,0.0,True,False,True
10,ReceiptAvailable,0.0,0.0,0.0,True,False,True
10,RecentReinstallationReported,0.0,0.0,0.0,True,False,False
10,RepairCount,0.0,0.0,0.0,True,False,True
10,RepairReportAvailable,0.0,0.0,0.0,True,False,True
10,ReplacementWithinWarranty,0.0,0.0,0.0,True,False,True
10,ReportingDeadlineDays,0.0,0.0,0.0,True,False,False
10,RequiredDocumentCount,0.0,0.0,0.0,True,False,False
10,ScreenFaultImageAvailable,0.0,0.0,0.0,True,False,False
10,SerialEvidenceAvailable,0.0,0.0,0.0,True,False,False
10,ServiceDiagnosticAvailable,0.0,0.0,0.0,True,False,False
10,SpecialComponentWarrantyStatus,0.0,0.0,0.0,True,False,True
10,UnknownRequiredDocumentCount,0.0,0.0,0.0,True,False,False
10,UsageMeterEvidenceAvailable,0.0,0.0,0.0,True,False,False
10,UsageType,0.0,0.0,0.0,True,False,False
10,WarrantyCardAvailable,0.0,0.0,0.0,True,False,True
10,WarrantyDurationMonths,0.0,0.0,0.0,True,False,True
10,WarrantyProofAvailable,0.0,0.0,0.0,True,False,True
10,RequiredDocumentCoverageRatio,0.0016665155087974143,0.0021514622705895887,-0.00048494676179217447,True,False,True
10,MissingRequiredDocumentCount,0.003849008728245243,0.0051550877553130274,-0.0013060790270677846,False,False,True
10,DuplicateClaimIndicator,0.004513281400602212,0.00226911021531636,0.002244171185285852,False,False,False
10,WarrantyStatus,0.005033735968539496,0.002694989228129552,0.002338746740409944,False,False,True
10,OCRQualityBand,0.006090823971175344,0.004396046087048827,0.0016947778841265165,False,False,False
10,ProductModelConsistent,0.0094299857835181,0.004103587043147395,0.005326398740370704,False,False,False
10,MissingDocumentCount,0.014887526366825596,0.007315052939554915,0.007572473427270681,False,False,True
10,RequiredDocumentsComplete,0.01709920906785481,0.006798424942563807,0.010300784125291002,False,False,True
10,ProductIdentityMatch,0.020041765308562012,0.002219082880074918,0.017822682428487092,False,False,True
10,ContradictionIndicator,0.02160427057466366,0.0034194617235994876,0.01818480885106417,False,False,False
10,RepairAuthorized,0.03239288820203383,0.006988295889827376,0.025404592312206452,False,False,True
10,ClaimReportingWithinPeriod,0.05026308780255387,0.006334746022429428,0.04392834178012444,False,False,True
10,SerialNumberMatch,0.058301202077835595,0.007440266774902663,0.05086093530293293,False,False,True
10,ClaimReportingDelayDays,0.061090818508323194,0.008612322191193737,0.05247849631712946,False,False,True
10,OCRConfidence,0.06886123354469727,0.00985166287900374,0.059009570665693525,False,False,False
10,WarrantyRemainingDays,0.11693756376953979,0.013954802006729687,0.1029827617628101,False,False,True
10,FaultCovered,0.2084307543973411,0.016944802490380207,0.19148595190696088,False,False,True
11,AffectedUnit,0.0,0.0,0.0,True,False,False
11,AvailableRequiredDocumentCount,0.0,0.0,0.0,True,False,True
11,BatteryDiagnosticAvailable,0.0,0.0,0.0,True,False,False
11,BatterySymptomReported,0.0,0.0,0.0,True,False,False
11,Brand,0.0,0.0,0.0,True,False,False
11,ClaimDayOfWeek,0.0,0.0,0.0,True,False,False
11,ClaimMonth,0.0,0.0,0.0,True,False,False
11,ClaimSubmissionChannel,0.0,0.0,0.0,True,False,False
11,ClaimedComponent,0.0,0.0,0.0,True,False,False
11,ComponentIdentityEvidenceAvailable,0.0,0.0,0.0,True,False,False
11,ComponentWarrantyEligible,0.0,0.0,0.0,True,False,False
11,ConsumableTypeUsed,0.0,0.0,0.0,True,False,False
11,CustomerIssueArea,0.0,0.0,0.0,True,False,False
11,CustomerReportedDamageIndicator,0.0,0.0,0.0,True,False,False
11,DocumentDuplicateIndicator,0.0,0.0,0.0,True,False,False
11,ExtendedWarranty,0.0,0.0,0.0,True,False,False
11,FaultEvidenceAvailable,0.0,0.0,0.0,True,False,False
11,FaultType,0.0,0.0,0.0,True,False,False
11,ForeignObjectIncidentReported,0.0,0.0,0.0,True,False,False
11,HasPreviousReplacement,0.0,0.0,0.0,True,False,True
11,HasRepairHistory,0.0,0.0,0.0,True,False,True
11,InstallationEvidenceAvailable,0.0,0.0,0.0,True,False,False
11,IntermittentIssueReported,0.0,0.0,0.0,True,False,False
11,LiquidExposureReported,0.0,0.0,0.0,True,False,False
11,PhysicalDamageReported,0.0,0.0,0.0,True,False,False
11,PreviousRepair,0.0,0.0,0.0,True,False,True
11,PreviousRepairCost,0.0,0.0,0.0,True,False,True
11,PreviousReplacement,0.0,0.0,0.0,True,False,True
11,PriorClaimCount,0.0,0.0,0.0,True,False,False
11,ProductAgeDays,0.0,0.0,0.0,True,False,False
11,ProductCategory,0.0,0.0,0.0,True,False,False
11,ProductImageAvailable,0.0,0.0,0.0,True,False,False
11,ProductPurchasePrice,0.0,0.0,0.0,True,False,True
11,ProductSubtype,0.0,0.0,0.0,True,False,False
11,PurchaseProofAvailable,0.0,0.0,0.0,True,False,True
11,ReceiptAvailable,0.0,0.0,0.0,True,False,True
11,RecentReinstallationReported,0.0,0.0,0.0,True,False,False
11,RepairCount,0.0,0.0,0.0,True,False,True
11,RepairReportAvailable,0.0,0.0,0.0,True,False,True
11,ReplacementWithinWarranty,0.0,0.0,0.0,True,False,True
11,ReportingDeadlineDays,0.0,0.0,0.0,True,False,False
11,RequiredDocumentCount,0.0,0.0,0.0,True,False,False
11,ScreenFaultImageAvailable,0.0,0.0,0.0,True,False,False
11,SerialEvidenceAvailable,0.0,0.0,0.0,True,False,False
11,ServiceDiagnosticAvailable,0.0,0.0,0.0,True,False,False
11,SpecialComponentWarrantyStatus,0.0,0.0,0.0,True,False,True
11,UnknownRequiredDocumentCount,0.0,0.0,0.0,True,False,False
11,UsageMeterEvidenceAvailable,0.0,0.0,0.0,True,False,False
11,UsageType,0.0,0.0,0.0,True,False,False
11,WarrantyCardAvailable,0.0,0.0,0.0,True,False,True
11,WarrantyDurationMonths,0.0,0.0,0.0,True,False,True
11,WarrantyProofAvailable,0.0,0.0,0.0,True,False,True
11,ErrorCodeAvailable,0.0011110103391982762,0.0019243263552257465,-0.0008133160160274703,True,False,False
11,RequiredDocumentCoverageRatio,0.0027775258479956905,0.0021514622705895887,0.0006260635774061017,False,False,True
11,WarrantyStatus,0.0038885361871939667,0.0014697285307700774,0.0024188076564238895,False,False,True
11,DuplicateClaimIndicator,0.006160596548060948,0.002193544706621558,0.00396705184143939,False,False,False
11,OCRQualityBand,0.008302375153827007,0.007470898187146018,0.000831476966680989,False,False,False
11,ProductModelConsistent,0.008878211328882571,0.0038482177654199754,0.005029993563462596,False,False,False
11,MissingDocumentCount,0.01379112508653757,0.0074871420930698864,0.006303982993467684,False,False,True
11,MissingRequiredDocumentCount,0.01379112508653757,0.0074871420930698864,0.006303982993467684,False,False,True
11,RequiredDocumentsComplete,0.016006970675105314,0.009115696789997366,0.006891273885107949,False,False,True
11,ContradictionIndicator,0.019362337751829037,0.00621147043834584,0.013150867313483198,False,False,False
11,RepairAuthorized,0.026830329603539996,0.005422238775436381,0.021408090828103615,False,False,True
11,ProductIdentityMatch,0.046974529300695844,0.0030461291723355047,0.04392840012836034,False,False,True
11,SerialNumberMatch,0.049237731463941864,0.0034038683904138367,0.045833863073528026,False,False,True
11,ClaimReportingDelayDays,0.05762247201233042,0.006780741810986179,0.05084173020134424,False,False,True
11,ClaimReportingWithinPeriod,0.06212741025957627,0.00636664186803024,0.055760768391546034,False,False,True
11,OCRConfidence,0.062278593820289774,0.009351538776570549,0.05292705504371922,False,False,False
11,WarrantyRemainingDays,0.11153027753092029,0.013789607434417272,0.09774067009650302,False,False,True
11,FaultCovered,0.20500262126182223,0.01822010289623986,0.18678251836558238,False,False,True
12,AffectedUnit,0.0,0.0,0.0,True,False,False
12,AvailableRequiredDocumentCount,0.0,0.0,0.0,True,False,True
12,BatteryDiagnosticAvailable,0.0,0.0,0.0,True,False,False
12,BatterySymptomReported,0.0,0.0,0.0,True,False,False
12,Brand,0.0,0.0,0.0,True,False,False
12,ClaimDayOfWeek,0.0,0.0,0.0,True,False,False
12,ClaimMonth,0.0,0.0,0.0,True,False,False
12,ClaimSubmissionChannel,0.0,0.0,0.0,True,False,False
12,ClaimedComponent,0.0,0.0,0.0,True,False,False
12,ComponentIdentityEvidenceAvailable,0.0,0.0,0.0,True,False,False
12,ComponentWarrantyEligible,0.0,0.0,0.0,True,False,False
12,ConsumableTypeUsed,0.0,0.0,0.0,True,False,False
12,CustomerIssueArea,0.0,0.0,0.0,True,False,False
12,CustomerReportedDamageIndicator,0.0,0.0,0.0,True,False,False
12,DocumentDuplicateIndicator,0.0,0.0,0.0,True,False,False
12,ErrorCodeAvailable,0.0,0.0,0.0,True,False,False
12,ExtendedWarranty,0.0,0.0,0.0,True,False,False
12,FaultEvidenceAvailable,0.0,0.0,0.0,True,False,False
12,FaultType,0.0,0.0,0.0,True,False,False
12,ForeignObjectIncidentReported,0.0,0.0,0.0,True,False,False
12,HasRepairHistory,0.0,0.0,0.0,True,False,True
12,InstallationEvidenceAvailable,0.0,0.0,0.0,True,False,False
12,IntermittentIssueReported,0.0,0.0,0.0,True,False,False
12,LiquidExposureReported,0.0,0.0,0.0,True,False,False
12,PhysicalDamageReported,0.0,0.0,0.0,True,False,False
12,PreviousRepair,0.0,0.0,0.0,True,False,True
12,PreviousRepairCost,0.0,0.0,0.0,True,False,True
12,PreviousReplacement,0.0,0.0,0.0,True,False,True
12,PriorClaimCount,0.0,0.0,0.0,True,False,False
12,ProductAgeDays,0.0,0.0,0.0,True,False,False
12,ProductCategory,0.0,0.0,0.0,True,False,False
12,ProductImageAvailable,0.0,0.0,0.0,True,False,False
12,ProductPurchasePrice,0.0,0.0,0.0,True,False,True
12,ProductSubtype,0.0,0.0,0.0,True,False,False
12,PurchaseProofAvailable,0.0,0.0,0.0,True,False,True
12,ReceiptAvailable,0.0,0.0,0.0,True,False,True
12,RecentReinstallationReported,0.0,0.0,0.0,True,False,False
12,RepairCount,0.0,0.0,0.0,True,False,True
12,RepairReportAvailable,0.0,0.0,0.0,True,False,True
12,ReplacementWithinWarranty,0.0,0.0,0.0,True,False,True
12,ReportingDeadlineDays,0.0,0.0,0.0,True,False,False
12,RequiredDocumentCount,0.0,0.0,0.0,True,False,False
12,ScreenFaultImageAvailable,0.0,0.0,0.0,True,False,False
12,SerialEvidenceAvailable,0.0,0.0,0.0,True,False,False
12,ServiceDiagnosticAvailable,0.0,0.0,0.0,True,False,False
12,SpecialComponentWarrantyStatus,0.0,0.0,0.0,True,False,True
12,UnknownRequiredDocumentCount,0.0,0.0,0.0,True,False,False
12,UsageMeterEvidenceAvailable,0.0,0.0,0.0,True,False,False
12,UsageType,0.0,0.0,0.0,True,False,False
12,WarrantyCardAvailable,0.0,0.0,0.0,True,False,True
12,WarrantyDurationMonths,0.0,0.0,0.0,True,False,True
12,WarrantyProofAvailable,0.0,0.0,0.0,True,False,True
12,WarrantyStatus,0.00222209779975846,0.0031422481825139547,-0.0009201503827554946,False,False,True
12,RequiredDocumentCoverageRatio,0.0027775258479956905,0.0021514622705895887,0.0006260635774061017,False,False,True
12,ProductModelConsistent,0.00498851997114777,0.006032620757493269,-0.0010441007863454992,False,False,False
12,OCRQualityBand,0.006637133697201203,0.004945166826536313,0.0016919668706648896,False,False,False
12,DuplicateClaimIndicator,0.006766767551982467,0.0022775960060406426,0.004489171545941824,False,False,False
12,RequiredDocumentsComplete,0.008261021243335151,0.006028140196472091,0.0022328810468630602,False,False,True
12,MissingDocumentCount,0.011023089311947981,0.006632022281548419,0.0043910670303995624,False,False,True
12,MissingRequiredDocumentCount,0.011023089311947981,0.006632022281548419,0.0043910670303995624,False,False,True
12,ContradictionIndicator,0.017173260579063154,0.0060125003420975764,0.011160760236965578,False,False,False
12,SerialNumberMatch,0.022233497962807283,0.0030941962047509068,0.019139301758056376,False,False,True
12,RepairAuthorized,0.030087242707551934,0.007654859025791593,0.022432383681760343,False,False,True
12,ClaimReportingDelayDays,0.053740011987495825,0.004966648079946839,0.04877336390754899,False,False,True
12,ProductIdentityMatch,0.0600045320874906,0.004804303702507711,0.05520022838498288,False,False,True
12,ClaimReportingWithinPeriod,0.06109958277963136,0.00892335965714732,0.05217622312248404,False,False,True
12,OCRConfidence,0.06997128158971823,0.01032393633160175,0.05964734525811648,False,False,False
12,WarrantyRemainingDays,0.11907243841596345,0.008756894523644879,0.11031554389231857,False,False,True
12,FaultCovered,0.2142989623268713,0.007977619924607984,0.2063213424022633,False,False,True
13,AffectedUnit,0.0,0.0,0.0,True,False,False
13,AvailableRequiredDocumentCount,0.0,0.0,0.0,True,False,True
13,BatteryDiagnosticAvailable,0.0,0.0,0.0,True,False,False
13,BatterySymptomReported,0.0,0.0,0.0,True,False,False
13,Brand,0.0,0.0,0.0,True,False,False
13,ClaimDayOfWeek,0.0,0.0,0.0,True,False,False
13,ClaimMonth,0.0,0.0,0.0,True,False,False
13,ClaimSubmissionChannel,0.0,0.0,0.0,True,False,False
13,ClaimedComponent,0.0,0.0,0.0,True,False,False
13,ComponentIdentityEvidenceAvailable,0.0,0.0,0.0,True,False,False
13,ComponentWarrantyEligible,0.0,0.0,0.0,True,False,False
13,ConsumableTypeUsed,0.0,0.0,0.0,True,False,False
13,CustomerIssueArea,0.0,0.0,0.0,True,False,False
13,CustomerReportedDamageIndicator,0.0,0.0,0.0,True,False,False
13,DocumentDuplicateIndicator,0.0,0.0,0.0,True,False,False
13,ErrorCodeAvailable,0.0,0.0,0.0,True,False,False
13,ExtendedWarranty,0.0,0.0,0.0,True,False,False
13,FaultEvidenceAvailable,0.0,0.0,0.0,True,False,False
13,FaultType,0.0,0.0,0.0,True,False,False
13,ForeignObjectIncidentReported,0.0,0.0,0.0,True,False,False
13,InstallationEvidenceAvailable,0.0,0.0,0.0,True,False,False
13,IntermittentIssueReported,0.0,0.0,0.0,True,False,False
13,LiquidExposureReported,0.0,0.0,0.0,True,False,False
13,PhysicalDamageReported,0.0,0.0,0.0,True,False,False
13,PreviousRepair,0.0,0.0,0.0,True,False,True
13,PreviousRepairCost,0.0,0.0,0.0,True,False,True
13,PreviousReplacement,0.0,0.0,0.0,True,False,True
13,PriorClaimCount,0.0,0.0,0.0,True,False,False
13,ProductAgeDays,0.0,0.0,0.0,True,False,False
13,ProductCategory,0.0,0.0,0.0,True,False,False
13,ProductImageAvailable,0.0,0.0,0.0,True,False,False
13,ProductPurchasePrice,0.0,0.0,0.0,True,False,True
13,ProductSubtype,0.0,0.0,0.0,True,False,False
13,PurchaseProofAvailable,0.0,0.0,0.0,True,False,True
13,ReceiptAvailable,0.0,0.0,0.0,True,False,True
13,RecentReinstallationReported,0.0,0.0,0.0,True,False,False
13,RepairCount,0.0,0.0,0.0,True,False,True
13,RepairReportAvailable,0.0,0.0,0.0,True,False,True
13,ReplacementWithinWarranty,0.0,0.0,0.0,True,False,True
13,ReportingDeadlineDays,0.0,0.0,0.0,True,False,False
13,RequiredDocumentCount,0.0,0.0,0.0,True,False,False
13,ScreenFaultImageAvailable,0.0,0.0,0.0,True,False,False
13,SerialEvidenceAvailable,0.0,0.0,0.0,True,False,False
13,ServiceDiagnosticAvailable,0.0,0.0,0.0,True,False,False
13,SpecialComponentWarrantyStatus,0.0,0.0,0.0,True,False,True
13,UnknownRequiredDocumentCount,0.0,0.0,0.0,True,False,False
13,UsageMeterEvidenceAvailable,0.0,0.0,0.0,True,False,False
13,UsageType,0.0,0.0,0.0,True,False,False
13,WarrantyCardAvailable,0.0,0.0,0.0,True,False,True
13,WarrantyDurationMonths,0.0,0.0,0.0,True,False,True
13,WarrantyProofAvailable,0.0,0.0,0.0,True,False,True
13,RequiredDocumentCoverageRatio,0.0022220206783965524,0.0022220206783965524,0.0,False,False,True
13,MissingDocumentCount,0.004397180174003715,0.004942513259920294,-0.0005453330859165797,False,False,True
13,WarrantyStatus,0.004466893958744458,0.002244928845396504,0.0022219651133479545,False,False,True
13,DuplicateClaimIndicator,0.005608363160957863,0.0029438935836437067,0.0026644695773141566,False,False,False
13,OCRQualityBand,0.008852291004878957,0.005414704692491088,0.0034375863123878685,False,False,False
13,ProductModelConsistent,0.011088464612014334,0.0031148853834277665,0.007973579228586568,False,False,False
13,MissingRequiredDocumentCount,0.017655630569175268,0.006995402319995165,0.010660228249180103,False,False,True
13,RequiredDocumentsComplete,0.017655630569175268,0.006995402319995165,0.010660228249180103,False,False,True
13,ContradictionIndicator,0.021578313501785212,0.007773567293697862,0.013804746208087349,False,False,False
13,RepairAuthorized,0.03062455075681783,0.003508751362114605,0.027115799394703224,False,False,True
13,SerialNumberMatch,0.0436119549897787,0.004025100578837999,0.0395868544109407,False,False,True
13,ProductIdentityMatch,0.052350699164102496,0.005888079046056759,0.046462620118045736,False,False,True
13,ClaimReportingDelayDays,0.056073361456599385,0.003258253786866842,0.05281510766973254,False,False,True
13,ClaimReportingWithinPeriod,0.0646234199083926,0.004934245008476864,0.05968917489991574,False,False,True
13,OCRConfidence,0.06614931261128343,0.007150567517259891,0.05899874509402354,False,False,False
13,WarrantyRemainingDays,0.12522746916815683,0.011281364252089763,0.11394610491606706,False,False,True
13,FaultCovered,0.2020086295941776,0.008948124831261747,0.19306050476291584,False,False,True
14,AffectedUnit,0.0,0.0,0.0,True,False,False
14,AvailableRequiredDocumentCount,0.0,0.0,0.0,True,False,True
14,BatteryDiagnosticAvailable,0.0,0.0,0.0,True,False,False
14,BatterySymptomReported,0.0,0.0,0.0,True,False,False
14,Brand,0.0,0.0,0.0,True,False,False
14,ClaimDayOfWeek,0.0,0.0,0.0,True,False,False
14,ClaimMonth,0.0,0.0,0.0,True,False,False
14,ClaimSubmissionChannel,0.0,0.0,0.0,True,False,False
14,ClaimedComponent,0.0,0.0,0.0,True,False,False
14,ComponentIdentityEvidenceAvailable,0.0,0.0,0.0,True,False,False
14,ComponentWarrantyEligible,0.0,0.0,0.0,True,False,False
14,ConsumableTypeUsed,0.0,0.0,0.0,True,False,False
14,CustomerIssueArea,0.0,0.0,0.0,True,False,False
14,CustomerReportedDamageIndicator,0.0,0.0,0.0,True,False,False
14,DocumentDuplicateIndicator,0.0,0.0,0.0,True,False,False
14,ExtendedWarranty,0.0,0.0,0.0,True,False,False
14,FaultEvidenceAvailable,0.0,0.0,0.0,True,False,False
14,FaultType,0.0,0.0,0.0,True,False,False
14,ForeignObjectIncidentReported,0.0,0.0,0.0,True,False,False
14,InstallationEvidenceAvailable,0.0,0.0,0.0,True,False,False
14,IntermittentIssueReported,0.0,0.0,0.0,True,False,False
14,LiquidExposureReported,0.0,0.0,0.0,True,False,False
14,PhysicalDamageReported,0.0,0.0,0.0,True,False,False
14,PreviousRepairCost,0.0,0.0,0.0,True,False,True
14,PreviousReplacement,0.0,0.0,0.0,True,False,True
14,PriorClaimCount,0.0,0.0,0.0,True,False,False
14,ProductAgeDays,0.0,0.0,0.0,True,False,False
14,ProductCategory,0.0,0.0,0.0,True,False,False
14,ProductImageAvailable,0.0,0.0,0.0,True,False,False
14,ProductPurchasePrice,0.0,0.0,0.0,True,False,True
14,ProductSubtype,0.0,0.0,0.0,True,False,False
14,PurchaseProofAvailable,0.0,0.0,0.0,True,False,True
14,ReceiptAvailable,0.0,0.0,0.0,True,False,True
14,RecentReinstallationReported,0.0,0.0,0.0,True,False,False
14,RepairCount,0.0,0.0,0.0,True,False,True
14,RepairReportAvailable,0.0,0.0,0.0,True,False,True
14,ReplacementWithinWarranty,0.0,0.0,0.0,True,False,True
14,ReportingDeadlineDays,0.0,0.0,0.0,True,False,False
14,RequiredDocumentCount,0.0,0.0,0.0,True,False,False
14,ScreenFaultImageAvailable,0.0,0.0,0.0,True,False,False
14,SerialEvidenceAvailable,0.0,0.0,0.0,True,False,False
14,ServiceDiagnosticAvailable,0.0,0.0,0.0,True,False,False
14,SpecialComponentWarrantyStatus,0.0,0.0,0.0,True,False,True
14,UnknownRequiredDocumentCount,0.0,0.0,0.0,True,False,False
14,UsageMeterEvidenceAvailable,0.0,0.0,0.0,True,False,False
14,UsageType,0.0,0.0,0.0,True,False,False
14,WarrantyCardAvailable,0.0,0.0,0.0,True,False,True
14,WarrantyDurationMonths,0.0,0.0,0.0,True,False,True
14,WarrantyProofAvailable,0.0,0.0,0.0,True,False,True
14,ErrorCodeAvailable,0.0005555051695991381,0.0014697285307700774,-0.0009142233611709393,True,False,False
14,RequiredDocumentCoverageRatio,0.0011110103391982762,0.0019243263552257465,-0.0008133160160274703,True,False,True
14,WarrantyStatus,0.0038885361871939667,0.0014697285307700774,0.0024188076564238895,False,False,True
14,MissingRequiredDocumentCount,0.004952563766163001,0.00465842708298023,0.00029413668318277117,False,False,True
14,DuplicateClaimIndicator,0.005632059109955567,0.0019523803051170517,0.0036796788048385157,False,False,False
14,MissingDocumentCount,0.006049078880204797,0.00697593431936347,-0.0009268554391586728,False,False,True
14,OCRQualityBand,0.00720326063831736,0.003067499890514749,0.004135760747802611,False,False,False
14,RequiredDocumentsComplete,0.011565988511321318,0.009880151088041755,0.0016858374232795632,False,False,True
14,ProductModelConsistent,0.011632263476601151,0.004902599393398482,0.006729664083202669,False,False,False
14,ContradictionIndicator,0.022678360961302588,0.004082149847439403,0.018596211113863184,False,False,False
14,RepairAuthorized,0.024524790737216653,0.007068699717054783,0.017456091020161872,False,False,True
14,SerialNumberMatch,0.03774807839446245,0.006559322700718726,0.031188755693743728,False,False,True
14,ClaimReportingDelayDays,0.05717803257288788,0.003273821488790996,0.05390421108409688,False,False,True
14,ClaimReportingWithinPeriod,0.06052629419237657,0.004616476312982814,0.05590981787939375,False,False,True
14,ProductIdentityMatch,0.060791890159068204,0.006495346140198239,0.05429654401886996,False,False,True
14,OCRConfidence,0.07106451213635685,0.007958269279686665,0.06310624285667019,False,False,False
14,WarrantyRemainingDays,0.12249870011609278,0.013020177335418182,0.10947852278067459,False,False,True
14,FaultCovered,0.20085981897004068,0.0045873880598626,0.19627243091017807,False,False,True
15,AffectedUnit,0.0,0.0,0.0,True,False,False
15,AvailableRequiredDocumentCount,0.0,0.0,0.0,True,False,True
15,BatteryDiagnosticAvailable,0.0,0.0,0.0,True,False,False
15,BatterySymptomReported,0.0,0.0,0.0,True,False,False
15,Brand,0.0,0.0,0.0,True,False,False
15,ClaimDayOfWeek,0.0,0.0,0.0,True,False,False
15,ClaimMonth,0.0,0.0,0.0,True,False,False
15,ClaimSubmissionChannel,0.0,0.0,0.0,True,False,False
15,ClaimedComponent,0.0,0.0,0.0,True,False,False
15,ComponentIdentityEvidenceAvailable,0.0,0.0,0.0,True,False,False
15,ComponentWarrantyEligible,0.0,0.0,0.0,True,False,False
15,ConsumableTypeUsed,0.0,0.0,0.0,True,False,False
15,CustomerIssueArea,0.0,0.0,0.0,True,False,False
15,CustomerReportedDamageIndicator,0.0,0.0,0.0,True,False,False
15,DocumentDuplicateIndicator,0.0,0.0,0.0,True,False,False
15,ErrorCodeAvailable,0.0,0.0,0.0,True,False,False
15,ExtendedWarranty,0.0,0.0,0.0,True,False,False
15,FaultEvidenceAvailable,0.0,0.0,0.0,True,False,False
15,FaultType,0.0,0.0,0.0,True,False,False
15,ForeignObjectIncidentReported,0.0,0.0,0.0,True,False,False
15,InstallationEvidenceAvailable,0.0,0.0,0.0,True,False,False
15,IntermittentIssueReported,0.0,0.0,0.0,True,False,False
15,LiquidExposureReported,0.0,0.0,0.0,True,False,False
15,PhysicalDamageReported,0.0,0.0,0.0,True,False,False
15,PreviousReplacement,0.0,0.0,0.0,True,False,True
15,PriorClaimCount,0.0,0.0,0.0,True,False,False
15,ProductAgeDays,0.0,0.0,0.0,True,False,False
15,ProductCategory,0.0,0.0,0.0,True,False,False
15,ProductImageAvailable,0.0,0.0,0.0,True,False,False
15,ProductPurchasePrice,0.0,0.0,0.0,True,False,True
15,ProductSubtype,0.0,0.0,0.0,True,False,False
15,PurchaseProofAvailable,0.0,0.0,0.0,True,False,True
15,ReceiptAvailable,0.0,0.0,0.0,True,False,True
15,RecentReinstallationReported,0.0,0.0,0.0,True,False,False
15,RepairCount,0.0,0.0,0.0,True,False,True
15,RepairReportAvailable,0.0,0.0,0.0,True,False,True
15,ReplacementWithinWarranty,0.0,0.0,0.0,True,False,True
15,ReportingDeadlineDays,0.0,0.0,0.0,True,False,False
15,RequiredDocumentCount,0.0,0.0,0.0,True,False,False
15,ScreenFaultImageAvailable,0.0,0.0,0.0,True,False,False
15,SerialEvidenceAvailable,0.0,0.0,0.0,True,False,False
15,ServiceDiagnosticAvailable,0.0,0.0,0.0,True,False,False
15,SpecialComponentWarrantyStatus,0.0,0.0,0.0,True,False,True
15,UnknownRequiredDocumentCount,0.0,0.0,0.0,True,False,False
15,UsageMeterEvidenceAvailable,0.0,0.0,0.0,True,False,False
15,UsageType,0.0,0.0,0.0,True,False,False
15,WarrantyCardAvailable,0.0,0.0,0.0,True,False,True
15,WarrantyDurationMonths,0.0,0.0,0.0,True,False,True
15,WarrantyProofAvailable,0.0,0.0,0.0,True,False,True
15,RequiredDocumentCoverageRatio,0.0027775258479956905,0.0021514622705895887,0.0006260635774061017,False,False,True
15,WarrantyStatus,0.004455378196989004,0.0022447802422983706,0.0022105979546906337,False,False,True
15,MissingDocumentCount,0.004964534031582091,0.004090921090207102,0.0008736129413749886,False,False,True
15,DuplicateClaimIndicator,0.005021848564602471,0.0014850942973250324,0.003536754267277439,False,False,False
15,OCRQualityBand,0.009399777832973966,0.007145210436880618,0.002254567396093347,False,False,False
15,ProductModelConsistent,0.009442475187598984,0.007177878678819899,0.0022645965087790846,False,False,False
15,MissingRequiredDocumentCount,0.01156639513879168,0.00491549665955653,0.0066508984792351495,False,False,True
15,RequiredDocumentsComplete,0.01156639513879168,0.00491549665955653,0.0066508984792351495,False,False,True
15,ProductIdentityMatch,0.022247248555986643,0.003833712788898052,0.018413535767088592,False,False,True
15,ContradictionIndicator,0.02378778249805273,0.0030698690383235013,0.02071791345972923,False,False,False
15,RepairAuthorized,0.026171983135429733,0.004158082309053198,0.022013900826376533,False,False,True
15,ClaimReportingWithinPeriod,0.05431842994226506,0.004054720199983315,0.05026370974228175,False,False,True
15,SerialNumberMatch,0.06009501239323041,0.007493815791412148,0.052601196601818265,False,False,True
15,ClaimReportingDelayDays,0.062209395226108924,0.007147292727215972,0.05506210249889295,False,False,True
15,OCRConfidence,0.0682941064096019,0.01034250963085536,0.05795159677874654,False,False,False
15,WarrantyRemainingDays,0.11450184265456598,0.010661135243555163,0.10384070741101081,False,False,True
15,FaultCovered,0.2039492866896645,0.016852867840007585,0.18709641884965691,False,False,True
16,AffectedUnit,0.0,0.0,0.0,True,False,False
16,AvailableRequiredDocumentCount,0.0,0.0,0.0,True,False,True
16,BatteryDiagnosticAvailable,0.0,0.0,0.0,True,False,False
16,BatterySymptomReported,0.0,0.0,0.0,True,False,False
16,Brand,0.0,0.0,0.0,True,False,False
16,ClaimDayOfWeek,0.0,0.0,0.0,True,False,False
16,ClaimMonth,0.0,0.0,0.0,True,False,False
16,ClaimSubmissionChannel,0.0,0.0,0.0,True,False,False
16,ClaimedComponent,0.0,0.0,0.0,True,False,False
16,ComponentIdentityEvidenceAvailable,0.0,0.0,0.0,True,False,False
16,ComponentWarrantyEligible,0.0,0.0,0.0,True,False,False
16,ConsumableTypeUsed,0.0,0.0,0.0,True,False,False
16,CustomerIssueArea,0.0,0.0,0.0,True,False,False
16,CustomerReportedDamageIndicator,0.0,0.0,0.0,True,False,False
16,DocumentDuplicateIndicator,0.0,0.0,0.0,True,False,False
16,ExtendedWarranty,0.0,0.0,0.0,True,False,False
16,FaultEvidenceAvailable,0.0,0.0,0.0,True,False,False
16,FaultType,0.0,0.0,0.0,True,False,False
16,ForeignObjectIncidentReported,0.0,0.0,0.0,True,False,False
16,InstallationEvidenceAvailable,0.0,0.0,0.0,True,False,False
16,IntermittentIssueReported,0.0,0.0,0.0,True,False,False
16,LiquidExposureReported,0.0,0.0,0.0,True,False,False
16,PhysicalDamageReported,0.0,0.0,0.0,True,False,False
16,PriorClaimCount,0.0,0.0,0.0,True,False,False
16,ProductAgeDays,0.0,0.0,0.0,True,False,False
16,ProductCategory,0.0,0.0,0.0,True,False,False
16,ProductImageAvailable,0.0,0.0,0.0,True,False,False
16,ProductPurchasePrice,0.0,0.0,0.0,True,False,True
16,ProductSubtype,0.0,0.0,0.0,True,False,False
16,PurchaseProofAvailable,0.0,0.0,0.0,True,False,True
16,ReceiptAvailable,0.0,0.0,0.0,True,False,True
16,RecentReinstallationReported,0.0,0.0,0.0,True,False,False
16,RepairCount,0.0,0.0,0.0,True,False,True
16,RepairReportAvailable,0.0,0.0,0.0,True,False,True
16,ReplacementWithinWarranty,0.0,0.0,0.0,True,False,True
16,ReportingDeadlineDays,0.0,0.0,0.0,True,False,False
16,RequiredDocumentCount,0.0,0.0,0.0,True,False,False
16,RequiredDocumentCoverageRatio,0.0,0.0,0.0,True,False,True
16,ScreenFaultImageAvailable,0.0,0.0,0.0,True,False,False
16,SerialEvidenceAvailable,0.0,0.0,0.0,True,False,False
16,ServiceDiagnosticAvailable,0.0,0.0,0.0,True,False,False
16,SpecialComponentWarrantyStatus,0.0,0.0,0.0,True,False,True
16,UnknownRequiredDocumentCount,0.0,0.0,0.0,True,False,False
16,UsageMeterEvidenceAvailable,0.0,0.0,0.0,True,False,False
16,UsageType,0.0,0.0,0.0,True,False,False
16,WarrantyCardAvailable,0.0,0.0,0.0,True,False,True
16,WarrantyDurationMonths,0.0,0.0,0.0,True,False,True
16,WarrantyProofAvailable,0.0,0.0,0.0,True,False,True
16,MissingDocumentCount,0.0010945062798613098,0.004283953600397094,-0.0031894473205357843,True,False,True
16,ErrorCodeAvailable,0.0011031638574390268,0.0019107358501580642,-0.0008075719927190374,True,False,False
16,WarrantyStatus,0.003344444979152636,0.003701815173989223,-0.00035737019483658705,False,False,True
16,OCRQualityBand,0.006080964287102891,0.006237538144490868,-0.00015657385738797672,False,False,False
16,DuplicateClaimIndicator,0.007294951340830552,0.0021369448123462723,0.00515800652848428,False,False,False
16,MissingRequiredDocumentCount,0.011023017563726631,0.006250266048981712,0.004772751514744919,False,False,True
16,ProductModelConsistent,0.011089166888609225,0.004415324141995719,0.006673842746613506,False,False,False
16,RequiredDocumentsComplete,0.013233747052457653,0.007328795099302941,0.005904951953154713,False,False,True
16,ContradictionIndicator,0.02212663059237846,0.00310885069488938,0.01901777989748908,False,False,False
16,RepairAuthorized,0.030116017715690918,0.006975174565744143,0.023140843149946775,False,False,True
16,SerialNumberMatch,0.03923527733540828,0.005569148049445695,0.03366612928596259,False,False,True
16,ProductIdentityMatch,0.053006413331310814,0.007266308750785934,0.04574010458052488,False,False,True
16,ClaimReportingDelayDays,0.053790582435649534,0.0027987764151189034,0.05099180602053063,False,False,True
16,ClaimReportingWithinPeriod,0.0628633868939801,0.0027671424878433666,0.06009624440613674,False,False,True
16,OCRConfidence,0.069925852128536,0.010947513902970645,0.05897833822556535,False,False,False
16,WarrantyRemainingDays,0.12226503443288893,0.007727701926983839,0.11453733250590509,False,False,True
16,FaultCovered,0.20340430179948454,0.01462447533712354,0.188779826462361,False,False,True
17,AffectedUnit,0.0,0.0,0.0,True,False,False
17,AvailableRequiredDocumentCount,0.0,0.0,0.0,True,False,True
17,BatteryDiagnosticAvailable,0.0,0.0,0.0,True,False,False
17,BatterySymptomReported,0.0,0.0,0.0,True,False,False
17,Brand,0.0,0.0,0.0,True,False,False
17,ClaimDayOfWeek,0.0,0.0,0.0,True,False,False
17,ClaimMonth,0.0,0.0,0.0,True,False,False
17,ClaimSubmissionChannel,0.0,0.0,0.0,True,False,False
17,ClaimedComponent,0.0,0.0,0.0,True,False,False
17,ComponentIdentityEvidenceAvailable,0.0,0.0,0.0,True,False,False
17,ComponentWarrantyEligible,0.0,0.0,0.0,True,False,False
17,ConsumableTypeUsed,0.0,0.0,0.0,True,False,False
17,CustomerIssueArea,0.0,0.0,0.0,True,False,False
17,CustomerReportedDamageIndicator,0.0,0.0,0.0,True,False,False
17,DocumentDuplicateIndicator,0.0,0.0,0.0,True,False,False
17,ErrorCodeAvailable,0.0,0.0,0.0,True,False,False
17,ExtendedWarranty,0.0,0.0,0.0,True,False,False
17,FaultEvidenceAvailable,0.0,0.0,0.0,True,False,False
17,FaultType,0.0,0.0,0.0,True,False,False
17,ForeignObjectIncidentReported,0.0,0.0,0.0,True,False,False
17,InstallationEvidenceAvailable,0.0,0.0,0.0,True,False,False
17,IntermittentIssueReported,0.0,0.0,0.0,True,False,False
17,LiquidExposureReported,0.0,0.0,0.0,True,False,False
17,PhysicalDamageReported,0.0,0.0,0.0,True,False,False
17,PriorClaimCount,0.0,0.0,0.0,True,False,False
17,ProductAgeDays,0.0,0.0,0.0,True,False,False
17,ProductCategory,0.0,0.0,0.0,True,False,False
17,ProductImageAvailable,0.0,0.0,0.0,True,False,False
17,ProductPurchasePrice,0.0,0.0,0.0,True,False,True
17,ProductSubtype,0.0,0.0,0.0,True,False,False
17,ReceiptAvailable,0.0,0.0,0.0,True,False,True
17,RecentReinstallationReported,0.0,0.0,0.0,True,False,False
17,RepairCount,0.0,0.0,0.0,True,False,True
17,RepairReportAvailable,0.0,0.0,0.0,True,False,True
17,ReplacementWithinWarranty,0.0,0.0,0.0,True,False,True
17,ReportingDeadlineDays,0.0,0.0,0.0,True,False,False
17,RequiredDocumentCount,0.0,0.0,0.0,True,False,False
17,RequiredDocumentCoverageRatio,0.0,0.0,0.0,True,False,True
17,ScreenFaultImageAvailable,0.0,0.0,0.0,True,False,False
17,SerialEvidenceAvailable,0.0,0.0,0.0,True,False,False
17,ServiceDiagnosticAvailable,0.0,0.0,0.0,True,False,False
17,SpecialComponentWarrantyStatus,0.0,0.0,0.0,True,False,True
17,UnknownRequiredDocumentCount,0.0,0.0,0.0,True,False,False
17,UsageMeterEvidenceAvailable,0.0,0.0,0.0,True,False,False
17,UsageType,0.0,0.0,0.0,True,False,False
17,WarrantyCardAvailable,0.0,0.0,0.0,True,False,True
17,WarrantyDurationMonths,0.0,0.0,0.0,True,False,True
17,WarrantyProofAvailable,0.0,0.0,0.0,True,False,True
17,MissingRequiredDocumentCount,0.002193476227769456,0.004427966483802422,-0.002234490256032966,False,False,True
17,DuplicateClaimIndicator,0.004462902421477621,0.003153367981962791,0.0013095344395148306,False,False,False
17,WarrantyStatus,0.0050108833665881425,0.0014997229905817087,0.0035111603760064336,False,False,True
17,MissingDocumentCount,0.008807566322730817,0.007336107135202905,0.001471459187527912,False,False,True
17,RequiredDocumentsComplete,0.008807566322730817,0.007336107135202905,0.001471459187527912,False,False,True
17,ProductModelConsistent,0.010536865364620576,0.005400790702191907,0.005136074662428669,False,False,False
17,SerialNumberMatch,0.011678614394288925,0.004400039053401928,0.007278575340886996,False,False,True
17,OCRQualityBand,0.013268970239108835,0.004941604333684418,0.008327365905424416,False,False,False
17,ContradictionIndicator,0.01827065595161005,0.006413785290846698,0.011856870660763352,False,False,False
17,RepairAuthorized,0.02783768039478772,0.006997280307552624,0.020840400087235096,False,False,True
17,ClaimReportingWithinPeriod,0.054924953187706,0.00364243899947945,0.051282514188226554,False,False,True
17,ClaimReportingDelayDays,0.05774103681354925,0.005010144361536533,0.05273089245201272,False,False,True
17,ProductIdentityMatch,0.0723513390422246,0.007353541968091614,0.06499779707413299,False,False,True
17,OCRConfidence,0.07986422086034355,0.006966414921422842,0.0728978059389207,False,False,False
17,WarrantyRemainingDays,0.12035081390398104,0.008004498744222694,0.11234631515975835,False,False,True
17,FaultCovered,0.20661070587941333,0.018924339601685887,0.18768636627772745,False,False,True
18,AffectedUnit,0.0,0.0,0.0,True,False,False
18,AvailableRequiredDocumentCount,0.0,0.0,0.0,True,False,True
18,BatteryDiagnosticAvailable,0.0,0.0,0.0,True,False,False
18,BatterySymptomReported,0.0,0.0,0.0,True,False,False
18,Brand,0.0,0.0,0.0,True,False,False
18,ClaimDayOfWeek,0.0,0.0,0.0,True,False,False
18,ClaimMonth,0.0,0.0,0.0,True,False,False
18,ClaimSubmissionChannel,0.0,0.0,0.0,True,False,False
18,ClaimedComponent,0.0,0.0,0.0,True,False,False
18,ComponentIdentityEvidenceAvailable,0.0,0.0,0.0,True,False,False
18,ComponentWarrantyEligible,0.0,0.0,0.0,True,False,False
18,ConsumableTypeUsed,0.0,0.0,0.0,True,False,False
18,CustomerIssueArea,0.0,0.0,0.0,True,False,False
18,CustomerReportedDamageIndicator,0.0,0.0,0.0,True,False,False
18,DocumentDuplicateIndicator,0.0,0.0,0.0,True,False,False
18,ErrorCodeAvailable,0.0,0.0,0.0,True,False,False
18,ExtendedWarranty,0.0,0.0,0.0,True,False,False
18,FaultEvidenceAvailable,0.0,0.0,0.0,True,False,False
18,FaultType,0.0,0.0,0.0,True,False,False
18,ForeignObjectIncidentReported,0.0,0.0,0.0,True,False,False
18,InstallationEvidenceAvailable,0.0,0.0,0.0,True,False,False
18,IntermittentIssueReported,0.0,0.0,0.0,True,False,False
18,LiquidExposureReported,0.0,0.0,0.0,True,False,False
18,PhysicalDamageReported,0.0,0.0,0.0,True,False,False
18,PriorClaimCount,0.0,0.0,0.0,True,False,False
18,ProductAgeDays,0.0,0.0,0.0,True,False,False
18,ProductCategory,0.0,0.0,0.0,True,False,False
18,ProductImageAvailable,0.0,0.0,0.0,True,False,False
18,ProductPurchasePrice,0.0,0.0,0.0,True,False,True
18,ProductSubtype,0.0,0.0,0.0,True,False,False
18,RecentReinstallationReported,0.0,0.0,0.0,True,False,False
18,RepairCount,0.0,0.0,0.0,True,False,True
18,RepairReportAvailable,0.0,0.0,0.0,True,False,True
18,ReplacementWithinWarranty,0.0,0.0,0.0,True,False,True
18,ReportingDeadlineDays,0.0,0.0,0.0,True,False,False
18,RequiredDocumentCount,0.0,0.0,0.0,True,False,False
18,ScreenFaultImageAvailable,0.0,0.0,0.0,True,False,False
18,SerialEvidenceAvailable,0.0,0.0,0.0,True,False,False
18,ServiceDiagnosticAvailable,0.0,0.0,0.0,True,False,False
18,SpecialComponentWarrantyStatus,0.0,0.0,0.0,True,False,True
18,UnknownRequiredDocumentCount,0.0,0.0,0.0,True,False,False
18,UsageMeterEvidenceAvailable,0.0,0.0,0.0,True,False,False
18,UsageType,0.0,0.0,0.0,True,False,False
18,WarrantyCardAvailable,0.0,0.0,0.0,True,False,True
18,WarrantyDurationMonths,0.0,0.0,0.0,True,False,True
18,WarrantyProofAvailable,0.0,0.0,0.0,True,False,True
18,RequiredDocumentCoverageRatio,0.0011110103391982762,0.0019243263552257465,-0.0008133160160274703,True,False,True
18,MissingDocumentCount,0.004386678108295114,0.004433546544365419,-4.686843607030512e-05,False,False,True
18,DuplicateClaimIndicator,0.0044935732246725035,0.0031767336678568455,0.001316839556815658,False,False,False
18,WarrantyStatus,0.005033735968539496,0.002694989228129552,0.002338746740409944,False,False,True
18,OCRQualityBand,0.007745325535825881,0.005739975949599706,0.0020053495862261753,False,False,False
18,MissingRequiredDocumentCount,0.012118709132337799,0.006550163961616184,0.005568545170721615,False,False,True
18,RequiredDocumentsComplete,0.012118709132337799,0.006550163961616184,0.005568545170721615,False,False,True
18,ProductModelConsistent,0.012203542447155366,0.004301239539711653,0.007902302907443714,False,False,False
18,ContradictionIndicator,0.018841397093737763,0.005296432513685296,0.013544964580052467,False,False,False
18,RepairAuthorized,0.025629362710218304,0.006202559548086755,0.01942680316213155,False,False,True
18,ProductIdentityMatch,0.04197499782989293,0.0030890421458447796,0.03888595568404815,False,False,True
18,SerialNumberMatch,0.046384171883673955,0.0030828614510144156,0.04330131043265954,False,False,True
18,ClaimReportingDelayDays,0.05429034037775664,0.005156907652469478,0.04913343272528716,False,False,True
18,ClaimReportingWithinPeriod,0.05933108461418708,0.005809331355355533,0.05352175325883155,False,False,True
18,OCRConfidence,0.0705176505044927,0.008881543678540061,0.061636106825952636,False,False,False
18,WarrantyRemainingDays,0.11920071223846367,0.009432303493131174,0.10976840874533249,False,False,True
18,FaultCovered,0.20327979045272154,0.01100585461795473,0.19227393583476682,False,False,True
19,AffectedUnit,0.0,0.0,0.0,True,False,False
19,AvailableRequiredDocumentCount,0.0,0.0,0.0,True,False,True
19,BatteryDiagnosticAvailable,0.0,0.0,0.0,True,False,False
19,BatterySymptomReported,0.0,0.0,0.0,True,False,False
19,Brand,0.0,0.0,0.0,True,False,False
19,ClaimDayOfWeek,0.0,0.0,0.0,True,False,False
19,ClaimMonth,0.0,0.0,0.0,True,False,False
19,ClaimSubmissionChannel,0.0,0.0,0.0,True,False,False
19,ClaimedComponent,0.0,0.0,0.0,True,False,False
19,ComponentIdentityEvidenceAvailable,0.0,0.0,0.0,True,False,False
19,ComponentWarrantyEligible,0.0,0.0,0.0,True,False,False
19,ConsumableTypeUsed,0.0,0.0,0.0,True,False,False
19,CustomerIssueArea,0.0,0.0,0.0,True,False,False
19,CustomerReportedDamageIndicator,0.0,0.0,0.0,True,False,False
19,DocumentDuplicateIndicator,0.0,0.0,0.0,True,False,False
19,ErrorCodeAvailable,0.0,0.0,0.0,True,False,False
19,ExtendedWarranty,0.0,0.0,0.0,True,False,False
19,FaultEvidenceAvailable,0.0,0.0,0.0,True,False,False
19,FaultType,0.0,0.0,0.0,True,False,False
19,ForeignObjectIncidentReported,0.0,0.0,0.0,True,False,False
19,InstallationEvidenceAvailable,0.0,0.0,0.0,True,False,False
19,IntermittentIssueReported,0.0,0.0,0.0,True,False,False
19,LiquidExposureReported,0.0,0.0,0.0,True,False,False
19,PhysicalDamageReported,0.0,0.0,0.0,True,False,False
19,PriorClaimCount,0.0,0.0,0.0,True,False,False
19,ProductAgeDays,0.0,0.0,0.0,True,False,False
19,ProductCategory,0.0,0.0,0.0,True,False,False
19,ProductImageAvailable,0.0,0.0,0.0,True,False,False
19,ProductPurchasePrice,0.0,0.0,0.0,True,False,True
19,ProductSubtype,0.0,0.0,0.0,True,False,False
19,RecentReinstallationReported,0.0,0.0,0.0,True,False,False
19,RepairCount,0.0,0.0,0.0,True,False,True
19,RepairReportAvailable,0.0,0.0,0.0,True,False,True
19,ReplacementWithinWarranty,0.0,0.0,0.0,True,False,True
19,ReportingDeadlineDays,0.0,0.0,0.0,True,False,False
19,RequiredDocumentCount,0.0,0.0,0.0,True,False,False
19,ScreenFaultImageAvailable,0.0,0.0,0.0,True,False,False
19,SerialEvidenceAvailable,0.0,0.0,0.0,True,False,False
19,ServiceDiagnosticAvailable,0.0,0.0,0.0,True,False,False
19,UnknownRequiredDocumentCount,0.0,0.0,0.0,True,False,False
19,UsageMeterEvidenceAvailable,0.0,0.0,0.0,True,False,False
19,UsageType,0.0,0.0,0.0,True,False,False
19,WarrantyCardAvailable,0.0,0.0,0.0,True,False,True
19,WarrantyDurationMonths,0.0,0.0,0.0,True,False,True
19,WarrantyProofAvailable,0.0,0.0,0.0,True,False,True
19,WarrantyStatus,0.0033330310175948286,0.0019243263552257465,0.001408704662369082,False,False,True
19,RequiredDocumentCoverageRatio,0.0038885361871939667,0.0014697285307700774,0.0024188076564238895,False,False,True
19,DuplicateClaimIndicator,0.005570117934614455,0.0036987327962449026,0.001871385138369552,False,False,False
19,MissingRequiredDocumentCount,0.00935975980553408,0.0064205022913541845,0.0029392575141798946,False,False,True
19,MissingDocumentCount,0.011017318200921195,0.006251669797190399,0.004765648403730795,False,False,True
19,RequiredDocumentsComplete,0.011017318200921195,0.006251669797190399,0.004765648403730795,False,False,True
19,OCRQualityBand,0.01161890642794429,0.0030703287752147515,0.008548577652729539,False,False,False
19,ProductModelConsistent,0.013847161090714072,0.00638842091279995,0.007458740177914122,False,False,False
19,ProductIdentityMatch,0.01940502873966883,0.0048466175476443414,0.01455841119202449,False,False,True
19,ContradictionIndicator,0.02213008047729277,0.00910414705969926,0.013025933417593512,False,False,False
19,RepairAuthorized,0.027325186562942347,0.0064722515116622135,0.020852935051280132,False,False,True
19,ClaimReportingDelayDays,0.05491287215080552,0.003636965769860904,0.05127590638094462,False,False,True
19,ClaimReportingWithinPeriod,0.05771843084403508,0.0038165884681343985,0.05390184237590068,False,False,True
19,SerialNumberMatch,0.06348951485883307,0.012751984834998727,0.05073753002383434,False,False,True
19,OCRConfidence,0.0782469363736254,0.009521233607567558,0.06872570276605784,False,False,False
19,WarrantyRemainingDays,0.11484121775441737,0.009313536220193664,0.1055276815342237,False,False,True
19,FaultCovered,0.19977244939341388,0.006818001888284374,0.1929544475051295,False,False,True
20,AffectedUnit,0.0,0.0,0.0,True,False,False
20,AvailableRequiredDocumentCount,0.0,0.0,0.0,True,False,True
20,BatteryDiagnosticAvailable,0.0,0.0,0.0,True,False,False
20,BatterySymptomReported,0.0,0.0,0.0,True,False,False
20,Brand,0.0,0.0,0.0,True,False,False
20,ClaimDayOfWeek,0.0,0.0,0.0,True,False,False
20,ClaimMonth,0.0,0.0,0.0,True,False,False
20,ClaimSubmissionChannel,0.0,0.0,0.0,True,False,False
20,ClaimedComponent,0.0,0.0,0.0,True,False,False
20,ComponentIdentityEvidenceAvailable,0.0,0.0,0.0,True,False,False
20,ComponentWarrantyEligible,0.0,0.0,0.0,True,False,False
20,ConsumableTypeUsed,0.0,0.0,0.0,True,False,False
20,CustomerIssueArea,0.0,0.0,0.0,True,False,False
20,CustomerReportedDamageIndicator,0.0,0.0,0.0,True,False,False
20,DocumentDuplicateIndicator,0.0,0.0,0.0,True,False,False
20,ErrorCodeAvailable,0.0,0.0,0.0,True,False,False
20,ExtendedWarranty,0.0,0.0,0.0,True,False,False
20,FaultEvidenceAvailable,0.0,0.0,0.0,True,False,False
20,FaultType,0.0,0.0,0.0,True,False,False
20,ForeignObjectIncidentReported,0.0,0.0,0.0,True,False,False
20,InstallationEvidenceAvailable,0.0,0.0,0.0,True,False,False
20,IntermittentIssueReported,0.0,0.0,0.0,True,False,False
20,LiquidExposureReported,0.0,0.0,0.0,True,False,False
20,PhysicalDamageReported,0.0,0.0,0.0,True,False,False
20,PriorClaimCount,0.0,0.0,0.0,True,False,False
20,ProductAgeDays,0.0,0.0,0.0,True,False,False
20,ProductCategory,0.0,0.0,0.0,True,False,False
20,ProductImageAvailable,0.0,0.0,0.0,True,False,False
20,ProductPurchasePrice,0.0,0.0,0.0,True,False,True
20,ProductSubtype,0.0,0.0,0.0,True,False,False
20,RecentReinstallationReported,0.0,0.0,0.0,True,False,False
20,RepairCount,0.0,0.0,0.0,True,False,True
20,RepairReportAvailable,0.0,0.0,0.0,True,False,True
20,ReplacementWithinWarranty,0.0,0.0,0.0,True,False,True
20,ReportingDeadlineDays,0.0,0.0,0.0,True,False,False
20,RequiredDocumentCount,0.0,0.0,0.0,True,False,False
20,RequiredDocumentCoverageRatio,0.0,0.0,0.0,True,False,True
20,ScreenFaultImageAvailable,0.0,0.0,0.0,True,False,False
20,SerialEvidenceAvailable,0.0,0.0,0.0,True,False,False
20,ServiceDiagnosticAvailable,0.0,0.0,0.0,True,False,False
20,UnknownRequiredDocumentCount,0.0,0.0,0.0,True,False,False
20,UsageMeterEvidenceAvailable,0.0,0.0,0.0,True,False,False
20,UsageType,0.0,0.0,0.0,True,False,False
20,WarrantyDurationMonths,0.0,0.0,0.0,True,False,True
20,WarrantyProofAvailable,0.0,0.0,0.0,True,False,True
20,MissingRequiredDocumentCount,0.003290165177303808,0.0061549093305225165,-0.0028647441532187084,False,False,True
20,WarrantyStatus,0.0038885361871939667,0.0014697285307700774,0.0024188076564238895,False,False,True
20,DuplicateClaimIndicator,0.0050299233528322135,0.002670805236382069,0.0023591181164501446,False,False,False
20,OCRQualityBand,0.007754594992198674,0.0019074125949740276,0.005847182397224647,False,False,False
20,MissingDocumentCount,0.008809876914206538,0.004422177511088962,0.004387699403117576,False,False,True
20,RequiredDocumentsComplete,0.008809876914206538,0.004422177511088962,0.004387699403117576,False,False,True
20,ProductModelConsistent,0.010546437776479997,0.006255759389094524,0.0042906783873854736,False,False,False
20,ContradictionIndicator,0.023778262906203593,0.009096868813177877,0.014681394093025716,False,False,False
20,ProductIdentityMatch,0.024991766577652202,0.0037833002610902864,0.021208466316561918,False,False,True
20,RepairAuthorized,0.030146016943778456,0.004226829446765984,0.025919187497012473,False,False,True
20,SerialNumberMatch,0.059398259304727793,0.006887886656700135,0.05251037264802766,False,False,True
20,ClaimReportingDelayDays,0.06297408471485502,0.003585724766383902,0.05938835994847112,False,False,True
20,ClaimReportingWithinPeriod,0.0685883104969341,0.00573954279679757,0.06284876770013653,False,False,True
20,OCRConfidence,0.07659288903668143,0.0061167080273193675,0.07047618100936207,False,False,False
20,WarrantyRemainingDays,0.11528142753644274,0.011964251355160037,0.10331717618128271,False,False,True
20,FaultCovered,0.20009475060734838,0.012983102530234839,0.18711164807711356,False,False,True
21,AffectedUnit,0.0,0.0,0.0,True,False,False
21,AvailableRequiredDocumentCount,0.0,0.0,0.0,True,False,True
21,BatteryDiagnosticAvailable,0.0,0.0,0.0,True,False,False
21,BatterySymptomReported,0.0,0.0,0.0,True,False,False
21,Brand,0.0,0.0,0.0,True,False,False
21,ClaimDayOfWeek,0.0,0.0,0.0,True,False,False
21,ClaimMonth,0.0,0.0,0.0,True,False,False
21,ClaimSubmissionChannel,0.0,0.0,0.0,True,False,False
21,ClaimedComponent,0.0,0.0,0.0,True,False,False
21,ComponentIdentityEvidenceAvailable,0.0,0.0,0.0,True,False,False
21,ComponentWarrantyEligible,0.0,0.0,0.0,True,False,False
21,ConsumableTypeUsed,0.0,0.0,0.0,True,False,False
21,CustomerIssueArea,0.0,0.0,0.0,True,False,False
21,CustomerReportedDamageIndicator,0.0,0.0,0.0,True,False,False
21,DocumentDuplicateIndicator,0.0,0.0,0.0,True,False,False
21,ErrorCodeAvailable,0.0,0.0,0.0,True,False,False
21,ExtendedWarranty,0.0,0.0,0.0,True,False,False
21,FaultEvidenceAvailable,0.0,0.0,0.0,True,False,False
21,FaultType,0.0,0.0,0.0,True,False,False
21,ForeignObjectIncidentReported,0.0,0.0,0.0,True,False,False
21,InstallationEvidenceAvailable,0.0,0.0,0.0,True,False,False
21,IntermittentIssueReported,0.0,0.0,0.0,True,False,False
21,LiquidExposureReported,0.0,0.0,0.0,True,False,False
21,PhysicalDamageReported,0.0,0.0,0.0,True,False,False
21,PriorClaimCount,0.0,0.0,0.0,True,False,False
21,ProductAgeDays,0.0,0.0,0.0,True,False,False
21,ProductCategory,0.0,0.0,0.0,True,False,False
21,ProductImageAvailable,0.0,0.0,0.0,True,False,False
21,ProductPurchasePrice,0.0,0.0,0.0,True,False,True
21,ProductSubtype,0.0,0.0,0.0,True,False,False
21,RecentReinstallationReported,0.0,0.0,0.0,True,False,False
21,RepairCount,0.0,0.0,0.0,True,False,True
21,RepairReportAvailable,0.0,0.0,0.0,True,False,True
21,ReplacementWithinWarranty,0.0,0.0,0.0,True,False,True
21,ReportingDeadlineDays,0.0,0.0,0.0,True,False,False
21,RequiredDocumentCount,0.0,0.0,0.0,True,False,False
21,ScreenFaultImageAvailable,0.0,0.0,0.0,True,False,False
21,SerialEvidenceAvailable,0.0,0.0,0.0,True,False,False
21,ServiceDiagnosticAvailable,0.0,0.0,0.0,True,False,False
21,UnknownRequiredDocumentCount,0.0,0.0,0.0,True,False,False
21,UsageMeterEvidenceAvailable,0.0,0.0,0.0,True,False,False
21,UsageType,0.0,0.0,0.0,True,False,False
21,WarrantyDurationMonths,0.0,0.0,0.0,True,False,True
21,WarrantyProofAvailable,0.0,0.0,0.0,True,False,True
21,WarrantyStatus,0.0027775258479956905,0.0021514622705895887,0.0006260635774061017,False,False,True
21,MissingDocumentCount,0.004964459863305473,0.0034448774487674284,0.0015195824145380447,False,False,True
21,DuplicateClaimIndicator,0.007295019174159159,0.0021859299696209865,0.005109089204538173,False,False,False
21,OCRQualityBand,0.007749840174684872,0.005295300699970653,0.002454539474714219,False,False,False
21,ProductModelConsistent,0.008879271977369901,0.004958235370206838,0.003921036607163063,False,False,False
21,MissingRequiredDocumentCount,0.0154421269783096,0.010616087161663667,0.004826039816645934,False,False,True
21,ContradictionIndicator,0.022128938271696624,0.004421739197328201,0.017707199074368424,False,False,False
21,RepairAuthorized,0.03178222796187291,0.0052441367484948355,0.026538091213378075,False,False,True
21,ProductIdentityMatch,0.044680097047512135,0.004601580088889254,0.040078516958622884,False,False,True
21,ClaimReportingWithinPeriod,0.0450605383373856,0.004617457505197376,0.04044308083218823,False,False,True
21,SerialNumberMatch,0.050149500021174034,0.006148825135413728,0.04400067488576031,False,False,True
21,ClaimReportingDelayDays,0.06677580785417589,0.008454886286397359,0.05832092156777853,False,False,True
21,OCRConfidence,0.0683168868559219,0.011246284119470068,0.05707060273645183,False,False,False
21,RequiredDocumentsComplete,0.11426340953043963,0.018345279696853463,0.09591812983358616,False,False,True
21,WarrantyRemainingDays,0.12291101246472062,0.007102011829116324,0.1158090006356043,False,False,True
21,FaultCovered,0.20373388078034962,0.0123368803236028,0.19139700045674682,False,False,True
22,AvailableRequiredDocumentCount,0.0,0.0,0.0,True,False,True
22,BatteryDiagnosticAvailable,0.0,0.0,0.0,True,False,False
22,BatterySymptomReported,0.0,0.0,0.0,True,False,False
22,Brand,0.0,0.0,0.0,True,False,False
22,ClaimDayOfWeek,0.0,0.0,0.0,True,False,False
22,ClaimMonth,0.0,0.0,0.0,True,False,False
22,ClaimSubmissionChannel,0.0,0.0,0.0,True,False,False
22,ClaimedComponent,0.0,0.0,0.0,True,False,False
22,ComponentIdentityEvidenceAvailable,0.0,0.0,0.0,True,False,False
22,ComponentWarrantyEligible,0.0,0.0,0.0,True,False,False
22,ConsumableTypeUsed,0.0,0.0,0.0,True,False,False
22,CustomerIssueArea,0.0,0.0,0.0,True,False,False
22,CustomerReportedDamageIndicator,0.0,0.0,0.0,True,False,False
22,DocumentDuplicateIndicator,0.0,0.0,0.0,True,False,False
22,ErrorCodeAvailable,0.0,0.0,0.0,True,False,False
22,ExtendedWarranty,0.0,0.0,0.0,True,False,False
22,FaultEvidenceAvailable,0.0,0.0,0.0,True,False,False
22,FaultType,0.0,0.0,0.0,True,False,False
22,ForeignObjectIncidentReported,0.0,0.0,0.0,True,False,False
22,InstallationEvidenceAvailable,0.0,0.0,0.0,True,False,False
22,IntermittentIssueReported,0.0,0.0,0.0,True,False,False
22,LiquidExposureReported,0.0,0.0,0.0,True,False,False
22,PhysicalDamageReported,0.0,0.0,0.0,True,False,False
22,PriorClaimCount,0.0,0.0,0.0,True,False,False
22,ProductAgeDays,0.0,0.0,0.0,True,False,False
22,ProductCategory,0.0,0.0,0.0,True,False,False
22,ProductImageAvailable,0.0,0.0,0.0,True,False,False
22,ProductPurchasePrice,0.0,0.0,0.0,True,False,True
22,ProductSubtype,0.0,0.0,0.0,True,False,False
22,RecentReinstallationReported,0.0,0.0,0.0,True,False,False
22,RepairCount,0.0,0.0,0.0,True,False,True
22,RepairReportAvailable,0.0,0.0,0.0,True,False,True
22,ReplacementWithinWarranty,0.0,0.0,0.0,True,False,True
22,ReportingDeadlineDays,0.0,0.0,0.0,True,False,False
22,RequiredDocumentCount,0.0,0.0,0.0,True,False,False
22,ScreenFaultImageAvailable,0.0,0.0,0.0,True,False,False
22,SerialEvidenceAvailable,0.0,0.0,0.0,True,False,False
22,ServiceDiagnosticAvailable,0.0,0.0,0.0,True,False,False
22,UnknownRequiredDocumentCount,0.0,0.0,0.0,True,False,False
22,UsageMeterEvidenceAvailable,0.0,0.0,0.0,True,False,False
22,UsageType,0.0,0.0,0.0,True,False,False
22,WarrantyDurationMonths,0.0,0.0,0.0,True,False,True
22,WarrantyProofAvailable,0.0,0.0,0.0,True,False,True
22,MissingDocumentCount,0.002745598739133312,0.004386591831909696,-0.0016409930927763841,False,False,True
22,WarrantyStatus,0.003344444979152636,0.003701815173989223,-0.00035737019483658705,False,False,True
22,OCRQualityBand,0.005543631594051773,0.0036724103682766653,0.001871221225775108,False,False,False
22,DuplicateClaimIndicator,0.006723557578385525,0.0022268487945478715,0.004496708783837653,False,False,False
22,MissingRequiredDocumentCount,0.007702764722240324,0.006540459091382036,0.0011623056308582881,False,False,True
22,ProductModelConsistent,0.008304628404631781,0.007790240516914721,0.0005143878877170603,False,False,False
22,ContradictionIndicator,0.021561160000960852,0.0064040643374158246,0.015157095663545027,False,False,False
22,RepairAuthorized,0.02782923235934298,0.0036873742498573863,0.024141858109485596,False,False,True
22,SerialNumberMatch,0.045883756361452185,0.004928260362454841,0.040955495998997345,False,False,True
22,ClaimReportingWithinPeriod,0.0496113466981615,0.0033037626451063746,0.04630758405305513,False,False,True
22,ProductIdentityMatch,0.05289962270477375,0.004345170581605039,0.04855445212316871,False,False,True
22,ClaimReportingDelayDays,0.06560630449290124,0.006347165847184939,0.0592591386457163,False,False,True
22,OCRConfidence,0.07445715413892305,0.009562446124770911,0.06489470801415215,False,False,False
22,RequiredDocumentsComplete,0.10842921989282557,0.021743722925234233,0.08668549696759134,False,False,True
22,WarrantyRemainingDays,0.11518974750189011,0.011566974939893969,0.10362277256199615,False,False,True
22,FaultCovered,0.19915520149202726,0.012242500949487799,0.18691270054253944,False,False,True
23,BatteryDiagnosticAvailable,0.0,0.0,0.0,True,False,False
23,BatterySymptomReported,0.0,0.0,0.0,True,False,False
23,Brand,0.0,0.0,0.0,True,False,False
23,ClaimDayOfWeek,0.0,0.0,0.0,True,False,False
23,ClaimMonth,0.0,0.0,0.0,True,False,False
23,ClaimSubmissionChannel,0.0,0.0,0.0,True,False,False
23,ClaimedComponent,0.0,0.0,0.0,True,False,False
23,ComponentIdentityEvidenceAvailable,0.0,0.0,0.0,True,False,False
23,ComponentWarrantyEligible,0.0,0.0,0.0,True,False,False
23,ConsumableTypeUsed,0.0,0.0,0.0,True,False,False
23,CustomerIssueArea,0.0,0.0,0.0,True,False,False
23,CustomerReportedDamageIndicator,0.0,0.0,0.0,True,False,False
23,DocumentDuplicateIndicator,0.0,0.0,0.0,True,False,False
23,ErrorCodeAvailable,0.0,0.0,0.0,True,False,False
23,ExtendedWarranty,0.0,0.0,0.0,True,False,False
23,FaultEvidenceAvailable,0.0,0.0,0.0,True,False,False
23,FaultType,0.0,0.0,0.0,True,False,False
23,ForeignObjectIncidentReported,0.0,0.0,0.0,True,False,False
23,InstallationEvidenceAvailable,0.0,0.0,0.0,True,False,False
23,IntermittentIssueReported,0.0,0.0,0.0,True,False,False
23,LiquidExposureReported,0.0,0.0,0.0,True,False,False
23,PhysicalDamageReported,0.0,0.0,0.0,True,False,False
23,PriorClaimCount,0.0,0.0,0.0,True,False,False
23,ProductAgeDays,0.0,0.0,0.0,True,False,False
23,ProductCategory,0.0,0.0,0.0,True,False,False
23,ProductImageAvailable,0.0,0.0,0.0,True,False,False
23,ProductPurchasePrice,0.0,0.0,0.0,True,False,True
23,ProductSubtype,0.0,0.0,0.0,True,False,False
23,RecentReinstallationReported,0.0,0.0,0.0,True,False,False
23,RepairCount,0.0,0.0,0.0,True,False,True
23,RepairReportAvailable,0.0,0.0,0.0,True,False,True
23,ReplacementWithinWarranty,0.0,0.0,0.0,True,False,True
23,ReportingDeadlineDays,0.0,0.0,0.0,True,False,False
23,RequiredDocumentCount,0.0,0.0,0.0,True,False,False
23,ScreenFaultImageAvailable,0.0,0.0,0.0,True,False,False
23,SerialEvidenceAvailable,0.0,0.0,0.0,True,False,False
23,ServiceDiagnosticAvailable,0.0,0.0,0.0,True,False,False
23,UnknownRequiredDocumentCount,0.0,0.0,0.0,True,False,False
23,UsageMeterEvidenceAvailable,0.0,0.0,0.0,True,False,False
23,UsageType,0.0,0.0,0.0,True,False,False
23,WarrantyDurationMonths,0.0,0.0,0.0,True,False,True
23,WarrantyProofAvailable,0.0,0.0,0.0,True,False,True
23,WarrantyStatus,1.159288311736173e-05,0.002244987757642302,-0.0022333948745249404,True,False,True
23,MissingRequiredDocumentCount,0.0027413306613258137,0.003794279392290305,-0.0010529487309644914,False,False,True
23,DuplicateClaimIndicator,0.007302708904366462,0.0021922895152504934,0.005110419389115968,False,False,False
23,ProductModelConsistent,0.007760292582164333,0.009076275757012076,-0.0013159831748477437,False,False,False
23,OCRQualityBand,0.009951063984965258,0.0036682367780213367,0.006282827206943922,False,False,False
23,SerialNumberMatch,0.013885974249335742,0.001440096602433185,0.012445877646902557,False,False,True
23,MissingDocumentCount,0.016546331947243656,0.005305205206947126,0.01124112674029653,False,False,True
23,ContradictionIndicator,0.022669901001537623,0.0034365696303693873,0.019233331371168234,False,False,False
23,RepairAuthorized,0.028418925346462162,0.00585708993761866,0.022561835408843503,False,False,True
23,ClaimReportingWithinPeriod,0.060596575512604695,0.003913140137121828,0.056683435375482864,False,False,True
23,ClaimReportingDelayDays,0.061783297518465966,0.00310430857852317,0.0586789889399428,False,False,True
23,ProductIdentityMatch,0.06443413199803136,0.008443758158379396,0.05599037383965196,False,False,True
23,OCRConfidence,0.07217162392221975,0.009522514297872809,0.06264910962434694,False,False,False
23,RequiredDocumentsComplete,0.11323346663156052,0.01717891380181308,0.09605455282974744,False,False,True
23,WarrantyRemainingDays,0.12368373368305596,0.010553798119372544,0.11312993556368342,False,False,True
23,FaultCovered,0.20608257327086188,0.014435631320492304,0.19164694195036958,False,False,True
24,BatteryDiagnosticAvailable,0.0,0.0,0.0,True,False,False
24,BatterySymptomReported,0.0,0.0,0.0,True,False,False
24,Brand,0.0,0.0,0.0,True,False,False
24,ClaimDayOfWeek,0.0,0.0,0.0,True,False,False
24,ClaimMonth,0.0,0.0,0.0,True,False,False
24,ClaimSubmissionChannel,0.0,0.0,0.0,True,False,False
24,ClaimedComponent,0.0,0.0,0.0,True,False,False
24,ComponentIdentityEvidenceAvailable,0.0,0.0,0.0,True,False,False
24,ComponentWarrantyEligible,0.0,0.0,0.0,True,False,False
24,ConsumableTypeUsed,0.0,0.0,0.0,True,False,False
24,CustomerIssueArea,0.0,0.0,0.0,True,False,False
24,CustomerReportedDamageIndicator,0.0,0.0,0.0,True,False,False
24,DocumentDuplicateIndicator,0.0,0.0,0.0,True,False,False
24,ErrorCodeAvailable,0.0,0.0,0.0,True,False,False
24,ExtendedWarranty,0.0,0.0,0.0,True,False,False
24,FaultEvidenceAvailable,0.0,0.0,0.0,True,False,False
24,FaultType,0.0,0.0,0.0,True,False,False
24,ForeignObjectIncidentReported,0.0,0.0,0.0,True,False,False
24,InstallationEvidenceAvailable,0.0,0.0,0.0,True,False,False
24,IntermittentIssueReported,0.0,0.0,0.0,True,False,False
24,LiquidExposureReported,0.0,0.0,0.0,True,False,False
24,PhysicalDamageReported,0.0,0.0,0.0,True,False,False
24,PriorClaimCount,0.0,0.0,0.0,True,False,False
24,ProductAgeDays,0.0,0.0,0.0,True,False,False
24,ProductCategory,0.0,0.0,0.0,True,False,False
24,ProductImageAvailable,0.0,0.0,0.0,True,False,False
24,ProductPurchasePrice,0.0,0.0,0.0,True,False,True
24,ProductSubtype,0.0,0.0,0.0,True,False,False
24,RecentReinstallationReported,0.0,0.0,0.0,True,False,False
24,RepairCount,0.0,0.0,0.0,True,False,True
24,RepairReportAvailable,0.0,0.0,0.0,True,False,True
24,ReplacementWithinWarranty,0.0,0.0,0.0,True,False,True
24,ReportingDeadlineDays,0.0,0.0,0.0,True,False,False
24,RequiredDocumentCount,0.0,0.0,0.0,True,False,False
24,ScreenFaultImageAvailable,0.0,0.0,0.0,True,False,False
24,SerialEvidenceAvailable,0.0,0.0,0.0,True,False,False
24,ServiceDiagnosticAvailable,0.0,0.0,0.0,True,False,False
24,UnknownRequiredDocumentCount,0.0,0.0,0.0,True,False,False
24,UsageMeterEvidenceAvailable,0.0,0.0,0.0,True,False,False
24,UsageType,0.0,0.0,0.0,True,False,False
24,WarrantyDurationMonths,0.0,0.0,0.0,True,False,True
24,WarrantyProofAvailable,0.0,0.0,0.0,True,False,True
24,DuplicateClaimIndicator,0.003907443686339551,0.0026811765424838104,0.0012262671438557408,False,False,False
24,MissingDocumentCount,0.007708876170740633,0.00530047434178159,0.002408401828959043,False,False,True
24,OCRQualityBand,0.007754325181856994,0.002923019519066883,0.004831305662790111,False,False,False
24,ProductModelConsistent,0.008881775498711483,0.0038390187322165244,0.0050427567664949585,False,False,False
24,MissingRequiredDocumentCount,0.015447585048602316,0.0073446895342622704,0.008102895514340045,False,False,True
24,ContradictionIndicator,0.023235821823461206,0.006889798954513325,0.01634602286894788,False,False,False
24,ProductIdentityMatch,0.02990786291527925,0.0029051505460199,0.02700271236925935,False,False,True
24,RepairAuthorized,0.032944045235079225,0.005388247671730177,0.027555797563349048,False,False,True
24,ClaimReportingDelayDays,0.05491762015572614,0.0067079050393644216,0.04820971511636172,False,False,True
24,ClaimReportingWithinPeriod,0.05712410099436885,0.0072298900972898004,0.049894210897079044,False,False,True
24,SerialNumberMatch,0.061143641217520486,0.005084127248364681,0.0560595139691558,False,False,True
24,OCRConfidence,0.07327336327410973,0.010055140808518262,0.06321822246559147,False,False,False
24,RequiredDocumentsComplete,0.11457856505280206,0.012746622756807055,0.101831942295995,False,False,True
24,WarrantyRemainingDays,0.11853009518252192,0.01223021333731156,0.10629988184521036,False,False,True
24,FaultCovered,0.1963492533502389,0.01909724464792007,0.17725200870231883,False,False,True
25,BatterySymptomReported,0.0,0.0,0.0,True,False,False
25,Brand,0.0,0.0,0.0,True,False,False
25,ClaimDayOfWeek,0.0,0.0,0.0,True,False,False
25,ClaimMonth,0.0,0.0,0.0,True,False,False
25,ClaimSubmissionChannel,0.0,0.0,0.0,True,False,False
25,ClaimedComponent,0.0,0.0,0.0,True,False,False
25,ComponentIdentityEvidenceAvailable,0.0,0.0,0.0,True,False,False
25,ComponentWarrantyEligible,0.0,0.0,0.0,True,False,False
25,ConsumableTypeUsed,0.0,0.0,0.0,True,False,False
25,CustomerIssueArea,0.0,0.0,0.0,True,False,False
25,CustomerReportedDamageIndicator,0.0,0.0,0.0,True,False,False
25,DocumentDuplicateIndicator,0.0,0.0,0.0,True,False,False
25,ErrorCodeAvailable,0.0,0.0,0.0,True,False,False
25,ExtendedWarranty,0.0,0.0,0.0,True,False,False
25,FaultEvidenceAvailable,0.0,0.0,0.0,True,False,False
25,FaultType,0.0,0.0,0.0,True,False,False
25,ForeignObjectIncidentReported,0.0,0.0,0.0,True,False,False
25,InstallationEvidenceAvailable,0.0,0.0,0.0,True,False,False
25,IntermittentIssueReported,0.0,0.0,0.0,True,False,False
25,LiquidExposureReported,0.0,0.0,0.0,True,False,False
25,PhysicalDamageReported,0.0,0.0,0.0,True,False,False
25,PriorClaimCount,0.0,0.0,0.0,True,False,False
25,ProductAgeDays,0.0,0.0,0.0,True,False,False
25,ProductCategory,0.0,0.0,0.0,True,False,False
25,ProductImageAvailable,0.0,0.0,0.0,True,False,False
25,ProductPurchasePrice,0.0,0.0,0.0,True,False,True
25,ProductSubtype,0.0,0.0,0.0,True,False,False
25,RecentReinstallationReported,0.0,0.0,0.0,True,False,False
25,RepairCount,0.0,0.0,0.0,True,False,True
25,RepairReportAvailable,0.0,0.0,0.0,True,False,True
25,ReplacementWithinWarranty,0.0,0.0,0.0,True,False,True
25,ReportingDeadlineDays,0.0,0.0,0.0,True,False,False
25,RequiredDocumentCount,0.0,0.0,0.0,True,False,False
25,ScreenFaultImageAvailable,0.0,0.0,0.0,True,False,False
25,SerialEvidenceAvailable,0.0,0.0,0.0,True,False,False
25,ServiceDiagnosticAvailable,0.0,0.0,0.0,True,False,False
25,UnknownRequiredDocumentCount,0.0,0.0,0.0,True,False,False
25,UsageMeterEvidenceAvailable,0.0,0.0,0.0,True,False,False
25,UsageType,0.0,0.0,0.0,True,False,False
25,WarrantyDurationMonths,0.0,0.0,0.0,True,False,True
25,WarrantyProofAvailable,0.0,0.0,0.0,True,False,True
25,OCRQualityBand,0.0055388744369944815,0.004285041901124085,0.0012538325358703965,False,False,False
25,MissingRequiredDocumentCount,0.006067844003439321,0.003072005500841036,0.0029958385025982853,False,False,True
25,DuplicateClaimIndicator,0.007295019174159159,0.0021859299696209865,0.005109089204538173,False,False,False
25,ProductModelConsistent,0.009971127730334942,0.006161241772386603,0.0038098859579483385,False,False,False
25,MissingDocumentCount,0.015441860248196576,0.010389685368622266,0.0050521748795743105,False,False,True
25,ContradictionIndicator,0.01826215815309787,0.00465001389830005,0.013612144254797818,False,False,False
25,RepairAuthorized,0.02787332960666189,0.005740584919141066,0.022132744687520824,False,False,True
25,RequiredDocumentsComplete,0.042570721074221954,0.010676240434330353,0.0318944806398916,False,False,True
25,SerialNumberMatch,0.044214824254816126,0.004886351688524461,0.03932847256629166,False,False,True
25,ProductIdentityMatch,0.045325688507467,0.0028412155101845567,0.042484472997282446,False,False,True
25,ClaimReportingWithinPeriod,0.0525604766470297,0.0022318414495656838,0.05032863519746402,False,False,True
25,OCRConfidence,0.06436506122044577,0.011504701596874188,0.052860359623571586,False,False,False
25,ClaimReportingDelayDays,0.06757418030904096,0.005795731913436618,0.06177844839560434,False,False,True
25,WarrantyRemainingDays,0.12302024346000935,0.017326072452351335,0.10569417100765802,False,False,True
25,FaultCovered,0.20911841980775,0.014340733225841612,0.1947776865819084,False,False,True
26,Brand,0.0,0.0,0.0,True,False,False
26,ClaimDayOfWeek,0.0,0.0,0.0,True,False,False
26,ClaimMonth,0.0,0.0,0.0,True,False,False
26,ClaimSubmissionChannel,0.0,0.0,0.0,True,False,False
26,ClaimedComponent,0.0,0.0,0.0,True,False,False
26,ComponentIdentityEvidenceAvailable,0.0,0.0,0.0,True,False,False
26,ComponentWarrantyEligible,0.0,0.0,0.0,True,False,False
26,ConsumableTypeUsed,0.0,0.0,0.0,True,False,False
26,CustomerIssueArea,0.0,0.0,0.0,True,False,False
26,CustomerReportedDamageIndicator,0.0,0.0,0.0,True,False,False
26,DocumentDuplicateIndicator,0.0,0.0,0.0,True,False,False
26,ErrorCodeAvailable,0.0,0.0,0.0,True,False,False
26,ExtendedWarranty,0.0,0.0,0.0,True,False,False
26,FaultEvidenceAvailable,0.0,0.0,0.0,True,False,False
26,FaultType,0.0,0.0,0.0,True,False,False
26,ForeignObjectIncidentReported,0.0,0.0,0.0,True,False,False
26,InstallationEvidenceAvailable,0.0,0.0,0.0,True,False,False
26,IntermittentIssueReported,0.0,0.0,0.0,True,False,False
26,LiquidExposureReported,0.0,0.0,0.0,True,False,False
26,PhysicalDamageReported,0.0,0.0,0.0,True,False,False
26,PriorClaimCount,0.0,0.0,0.0,True,False,False
26,ProductAgeDays,0.0,0.0,0.0,True,False,False
26,ProductCategory,0.0,0.0,0.0,True,False,False
26,ProductImageAvailable,0.0,0.0,0.0,True,False,False
26,ProductPurchasePrice,0.0,0.0,0.0,True,False,True
26,ProductSubtype,0.0,0.0,0.0,True,False,False
26,RecentReinstallationReported,0.0,0.0,0.0,True,False,False
26,RepairCount,0.0,0.0,0.0,True,False,True
26,RepairReportAvailable,0.0,0.0,0.0,True,False,True
26,ReplacementWithinWarranty,0.0,0.0,0.0,True,False,True
26,ReportingDeadlineDays,0.0,0.0,0.0,True,False,False
26,RequiredDocumentCount,0.0,0.0,0.0,True,False,False
26,ScreenFaultImageAvailable,0.0,0.0,0.0,True,False,False
26,SerialEvidenceAvailable,0.0,0.0,0.0,True,False,False
26,ServiceDiagnosticAvailable,0.0,0.0,0.0,True,False,False
26,UnknownRequiredDocumentCount,0.0,0.0,0.0,True,False,False
26,UsageMeterEvidenceAvailable,0.0,0.0,0.0,True,False,False
26,UsageType,0.0,0.0,0.0,True,False,False
26,WarrantyDurationMonths,0.0,0.0,0.0,True,False,True
26,WarrantyProofAvailable,0.0,0.0,0.0,True,False,True
26,OCRQualityBand,0.0038799584199738363,0.004671247315470632,-0.0007912888954967959,False,False,False
26,DuplicateClaimIndicator,0.006759125295505333,0.0031760457044618337,0.0035830795910434996,False,False,False
26,MissingRequiredDocumentCount,0.009359565280975812,0.007801133181087651,0.0015584320998881613,False,False,True
26,ProductModelConsistent,0.011072969624267556,0.004958503774878539,0.006114465849389017,False,False,False
26,MissingDocumentCount,0.012677520678683857,0.009509547781417136,0.003167972897266721,False,False,True
26,ContradictionIndicator,0.018266854171777702,0.003443207468975067,0.014823646702802635,False,False,False
26,SerialNumberMatch,0.021689083679829538,0.002649470533976777,0.01903961314585276,False,False,True
26,RepairAuthorized,0.02841500562285816,0.007030176833059276,0.021384828789798884,False,False,True
26,ClaimReportingWithinPeriod,0.04732574093592809,0.004574342862748129,0.04275139807317996,False,False,True
26,ProductIdentityMatch,0.05888423821113299,0.008052257339367402,0.05083198087176559,False,False,True
26,ClaimReportingDelayDays,0.06055677284578949,0.006824259621643377,0.053732513224146114,False,False,True
26,OCRConfidence,0.07215652099775584,0.013909350786753209,0.05824717021100263,False,False,False
26,WarrantyRemainingDays,0.11580689892115684,0.014415626317960976,0.10139127260319586,False,False,True
26,RequiredDocumentsComplete,0.12784913421796684,0.01172779773106359,0.11612133648690326,False,False,True
26,FaultCovered,0.20431798520530822,0.019600589254698805,0.18471739595060943,False,False,True
27,ClaimDayOfWeek,0.0,0.0,0.0,True,False,False
27,ClaimMonth,0.0,0.0,0.0,True,False,False
27,ClaimSubmissionChannel,0.0,0.0,0.0,True,False,False
27,ClaimedComponent,0.0,0.0,0.0,True,False,False
27,ComponentIdentityEvidenceAvailable,0.0,0.0,0.0,True,False,False
27,ComponentWarrantyEligible,0.0,0.0,0.0,True,False,False
27,ConsumableTypeUsed,0.0,0.0,0.0,True,False,False
27,CustomerIssueArea,0.0,0.0,0.0,True,False,False
27,CustomerReportedDamageIndicator,0.0,0.0,0.0,True,False,False
27,DocumentDuplicateIndicator,0.0,0.0,0.0,True,False,False
27,ErrorCodeAvailable,0.0,0.0,0.0,True,False,False
27,ExtendedWarranty,0.0,0.0,0.0,True,False,False
27,FaultEvidenceAvailable,0.0,0.0,0.0,True,False,False
27,FaultType,0.0,0.0,0.0,True,False,False
27,ForeignObjectIncidentReported,0.0,0.0,0.0,True,False,False
27,InstallationEvidenceAvailable,0.0,0.0,0.0,True,False,False
27,IntermittentIssueReported,0.0,0.0,0.0,True,False,False
27,LiquidExposureReported,0.0,0.0,0.0,True,False,False
27,PhysicalDamageReported,0.0,0.0,0.0,True,False,False
27,PriorClaimCount,0.0,0.0,0.0,True,False,False
27,ProductAgeDays,0.0,0.0,0.0,True,False,False
27,ProductCategory,0.0,0.0,0.0,True,False,False
27,ProductImageAvailable,0.0,0.0,0.0,True,False,False
27,ProductPurchasePrice,0.0,0.0,0.0,True,False,True
27,ProductSubtype,0.0,0.0,0.0,True,False,False
27,RecentReinstallationReported,0.0,0.0,0.0,True,False,False
27,RepairCount,0.0,0.0,0.0,True,False,True
27,RepairReportAvailable,0.0,0.0,0.0,True,False,True
27,ReplacementWithinWarranty,0.0,0.0,0.0,True,False,True
27,ReportingDeadlineDays,0.0,0.0,0.0,True,False,False
27,RequiredDocumentCount,0.0,0.0,0.0,True,False,False
27,ScreenFaultImageAvailable,0.0,0.0,0.0,True,False,False
27,SerialEvidenceAvailable,0.0,0.0,0.0,True,False,False
27,ServiceDiagnosticAvailable,0.0,0.0,0.0,True,False,False
27,UnknownRequiredDocumentCount,0.0,0.0,0.0,True,False,False
27,UsageMeterEvidenceAvailable,0.0,0.0,0.0,True,False,False
27,UsageType,0.0,0.0,0.0,True,False,False
27,WarrantyDurationMonths,0.0,0.0,0.0,True,False,True
27,WarrantyProofAvailable,0.0,0.0,0.0,True,False,True
27,DuplicateClaimIndicator,0.003375592960110002,0.003735383756636928,-0.00035979079652692604,False,False,False
27,MissingDocumentCount,0.005504758223668443,0.003664066707376309,0.0018406915162921342,False,False,True
27,OCRQualityBand,0.006095215862314776,0.005385790074286849,0.0007094257880279273,False,False,False
27,MissingRequiredDocumentCount,0.014880706083149661,0.006619233039590308,0.008261473043559352,False,False,True
27,ProductModelConsistent,0.014964004328721608,0.003782786573291344,0.011181217755430264,False,False,False
27,ContradictionIndicator,0.01881692128521198,0.004807358588550504,0.014009562696661475,False,False,False
27,RepairAuthorized,0.02840254485806154,0.006275677419968749,0.022126867438092793,False,False,True
27,SerialNumberMatch,0.04310212365447637,0.002899120058095498,0.04020300359638087,False,False,True
27,ClaimReportingWithinPeriod,0.048511814277912124,0.005025043009923333,0.04348677126798879,False,False,True
27,ProductIdentityMatch,0.051413743166597636,0.004905662113853589,0.046508081052744045,False,False,True
27,ClaimReportingDelayDays,0.06510917020176454,0.007525534926705602,0.05758363527505894,False,False,True
27,OCRConfidence,0.07216122717133516,0.005271478153377003,0.06688974901795816,False,False,False
27,RequiredDocumentsComplete,0.10825452748567621,0.014720549613898034,0.09353397787177818,False,False,True
27,WarrantyRemainingDays,0.12723214340905922,0.013449203682817046,0.11378293972624218,False,False,True
27,FaultCovered,0.20814626439557163,0.017306045870851005,0.19084021852472063,False,False,True
28,ClaimMonth,0.0,0.0,0.0,True,False,False
28,ClaimSubmissionChannel,0.0,0.0,0.0,True,False,False
28,ClaimedComponent,0.0,0.0,0.0,True,False,False
28,ComponentIdentityEvidenceAvailable,0.0,0.0,0.0,True,False,False
28,ComponentWarrantyEligible,0.0,0.0,0.0,True,False,False
28,ConsumableTypeUsed,0.0,0.0,0.0,True,False,False
28,CustomerIssueArea,0.0,0.0,0.0,True,False,False
28,CustomerReportedDamageIndicator,0.0,0.0,0.0,True,False,False
28,DocumentDuplicateIndicator,0.0,0.0,0.0,True,False,False
28,ErrorCodeAvailable,0.0,0.0,0.0,True,False,False
28,ExtendedWarranty,0.0,0.0,0.0,True,False,False
28,FaultEvidenceAvailable,0.0,0.0,0.0,True,False,False
28,FaultType,0.0,0.0,0.0,True,False,False
28,ForeignObjectIncidentReported,0.0,0.0,0.0,True,False,False
28,InstallationEvidenceAvailable,0.0,0.0,0.0,True,False,False
28,IntermittentIssueReported,0.0,0.0,0.0,True,False,False
28,LiquidExposureReported,0.0,0.0,0.0,True,False,False
28,PhysicalDamageReported,0.0,0.0,0.0,True,False,False
28,PriorClaimCount,0.0,0.0,0.0,True,False,False
28,ProductAgeDays,0.0,0.0,0.0,True,False,False
28,ProductCategory,0.0,0.0,0.0,True,False,False
28,ProductImageAvailable,0.0,0.0,0.0,True,False,False
28,ProductPurchasePrice,0.0,0.0,0.0,True,False,True
28,ProductSubtype,0.0,0.0,0.0,True,False,False
28,RecentReinstallationReported,0.0,0.0,0.0,True,False,False
28,RepairCount,0.0,0.0,0.0,True,False,True
28,RepairReportAvailable,0.0,0.0,0.0,True,False,True
28,ReplacementWithinWarranty,0.0,0.0,0.0,True,False,True
28,ReportingDeadlineDays,0.0,0.0,0.0,True,False,False
28,RequiredDocumentCount,0.0,0.0,0.0,True,False,False
28,ScreenFaultImageAvailable,0.0,0.0,0.0,True,False,False
28,SerialEvidenceAvailable,0.0,0.0,0.0,True,False,False
28,ServiceDiagnosticAvailable,0.0,0.0,0.0,True,False,False
28,UnknownRequiredDocumentCount,0.0,0.0,0.0,True,False,False
28,UsageMeterEvidenceAvailable,0.0,0.0,0.0,True,False,False
28,UsageType,0.0,0.0,0.0,True,False,False
28,WarrantyDurationMonths,0.0,0.0,0.0,True,False,True
28,WarrantyProofAvailable,0.0,0.0,0.0,True,False,True
28,DuplicateClaimIndicator,0.003919053356286242,0.0026836715787938556,0.0012353817774923867,False,False,False
28,MissingRequiredDocumentCount,0.004396739517703849,0.004945799033123874,-0.0005490595154200254,False,False,True
28,OCRQualityBand,0.00498748815034003,0.0034584545827158874,0.001529033567624143,False,False,False
28,ProductModelConsistent,0.008871009246139455,0.004433569981265518,0.0044374392648739375,False,False,False
28,MissingDocumentCount,0.012124702377638005,0.008495527266824171,0.003629175110813834,False,False,True
28,ContradictionIndicator,0.017146098602959278,0.004107518780106547,0.013038579822852732,False,False,False
28,RepairAuthorized,0.029577652731372528,0.003804981827343192,0.025772670904029335,False,False,True
28,ProductIdentityMatch,0.046327024550950655,0.0038178276691533796,0.04250919688179727,False,False,True
28,ClaimReportingWithinPeriod,0.04963599036893665,0.0033038090851015786,0.046332181283835074,False,False,True
28,SerialNumberMatch,0.05291968948196439,0.00222179146820432,0.05069789801376007,False,False,True
28,ClaimReportingDelayDays,0.06287337291815635,0.006587912449180366,0.056285460468975985,False,False,True
28,OCRConfidence,0.06824904561871967,0.011462360380289463,0.0567866852384302,False,False,False
28,RequiredDocumentsComplete,0.10571210152243811,0.017251370958167284,0.08846073056427083,False,False,True
28,WarrantyRemainingDays,0.1267728497469383,0.011513770340137225,0.11525907940680108,False,False,True
28,FaultCovered,0.20725777178370408,0.019807403897138406,0.18745036788656566,False,False,True
29,ClaimSubmissionChannel,0.0,0.0,0.0,True,False,False
29,ClaimedComponent,0.0,0.0,0.0,True,False,False
29,ComponentIdentityEvidenceAvailable,0.0,0.0,0.0,True,False,False
29,ComponentWarrantyEligible,0.0,0.0,0.0,True,False,False
29,ConsumableTypeUsed,0.0,0.0,0.0,True,False,False
29,CustomerIssueArea,0.0,0.0,0.0,True,False,False
29,CustomerReportedDamageIndicator,0.0,0.0,0.0,True,False,False
29,DocumentDuplicateIndicator,0.0,0.0,0.0,True,False,False
29,ErrorCodeAvailable,0.0,0.0,0.0,True,False,False
29,ExtendedWarranty,0.0,0.0,0.0,True,False,False
29,FaultEvidenceAvailable,0.0,0.0,0.0,True,False,False
29,FaultType,0.0,0.0,0.0,True,False,False
29,ForeignObjectIncidentReported,0.0,0.0,0.0,True,False,False
29,InstallationEvidenceAvailable,0.0,0.0,0.0,True,False,False
29,IntermittentIssueReported,0.0,0.0,0.0,True,False,False
29,LiquidExposureReported,0.0,0.0,0.0,True,False,False
29,PhysicalDamageReported,0.0,0.0,0.0,True,False,False
29,PriorClaimCount,0.0,0.0,0.0,True,False,False
29,ProductAgeDays,0.0,0.0,0.0,True,False,False
29,ProductCategory,0.0,0.0,0.0,True,False,False
29,ProductImageAvailable,0.0,0.0,0.0,True,False,False
29,ProductPurchasePrice,0.0,0.0,0.0,True,False,True
29,ProductSubtype,0.0,0.0,0.0,True,False,False
29,RecentReinstallationReported,0.0,0.0,0.0,True,False,False
29,RepairCount,0.0,0.0,0.0,True,False,True
29,RepairReportAvailable,0.0,0.0,0.0,True,False,True
29,ReplacementWithinWarranty,0.0,0.0,0.0,True,False,True
29,ReportingDeadlineDays,0.0,0.0,0.0,True,False,False
29,RequiredDocumentCount,0.0,0.0,0.0,True,False,False
29,ScreenFaultImageAvailable,0.0,0.0,0.0,True,False,False
29,SerialEvidenceAvailable,0.0,0.0,0.0,True,False,False
29,ServiceDiagnosticAvailable,0.0,0.0,0.0,True,False,False
29,UnknownRequiredDocumentCount,0.0,0.0,0.0,True,False,False
29,UsageMeterEvidenceAvailable,0.0,0.0,0.0,True,False,False
29,UsageType,0.0,0.0,0.0,True,False,False
29,WarrantyDurationMonths,0.0,0.0,0.0,True,False,True
29,WarrantyProofAvailable,0.0,0.0,0.0,True,False,True
29,DuplicateClaimIndicator,0.0045403451941181255,0.003208510238689637,0.0013318349554284886,False,False,False
29,OCRQualityBand,0.00885268462855257,0.005410767489513966,0.0034419171390386045,False,False,False
29,ProductModelConsistent,0.010534293957403296,0.006247863505787314,0.0042864304516159815,False,False,False
29,MissingDocumentCount,0.011012570051251738,0.004945936412393097,0.006066633638858641,False,False,True
29,MissingRequiredDocumentCount,0.011012570051251738,0.004945936412393097,0.006066633638858641,False,False,True
29,ContradictionIndicator,0.019921004850835408,0.005406005733991131,0.014514999116844278,False,False,False
29,SerialNumberMatch,0.02337277404462028,0.003671665072754387,0.019701108971865892,False,False,True
29,RepairAuthorized,0.030670329743597055,0.0034891214801421647,0.02718120826345489,False,False,True
29,ClaimReportingWithinPeriod,0.05143656691160163,0.00460602334447625,0.04683054356712538,False,False,True
29,ProductIdentityMatch,0.05948424544290459,0.006139247073251195,0.053344998369653396,False,False,True
29,ClaimReportingDelayDays,0.059991631047043525,0.006405354563577775,0.05358627648346575,False,False,True
29,OCRConfidence,0.07162941801318337,0.009896728191889526,0.061732689821293846,False,False,False
29,RequiredDocumentsComplete,0.11303985452091317,0.012825747991952189,0.10021410652896098,False,False,True
29,WarrantyRemainingDays,0.11850535899243864,0.008568782639420828,0.1099365763530178,False,False,True
29,FaultCovered,0.20242716314890877,0.018621077631652543,0.18380608551725622,False,False,True
30,ClaimedComponent,0.0,0.0,0.0,True,False,False
30,ComponentIdentityEvidenceAvailable,0.0,0.0,0.0,True,False,False
30,ComponentWarrantyEligible,0.0,0.0,0.0,True,False,False
30,ConsumableTypeUsed,0.0,0.0,0.0,True,False,False
30,CustomerIssueArea,0.0,0.0,0.0,True,False,False
30,CustomerReportedDamageIndicator,0.0,0.0,0.0,True,False,False
30,DocumentDuplicateIndicator,0.0,0.0,0.0,True,False,False
30,ErrorCodeAvailable,0.0,0.0,0.0,True,False,False
30,ExtendedWarranty,0.0,0.0,0.0,True,False,False
30,FaultEvidenceAvailable,0.0,0.0,0.0,True,False,False
30,FaultType,0.0,0.0,0.0,True,False,False
30,ForeignObjectIncidentReported,0.0,0.0,0.0,True,False,False
30,InstallationEvidenceAvailable,0.0,0.0,0.0,True,False,False
30,IntermittentIssueReported,0.0,0.0,0.0,True,False,False
30,LiquidExposureReported,0.0,0.0,0.0,True,False,False
30,PhysicalDamageReported,0.0,0.0,0.0,True,False,False
30,PriorClaimCount,0.0,0.0,0.0,True,False,False
30,ProductAgeDays,0.0,0.0,0.0,True,False,False
30,ProductCategory,0.0,0.0,0.0,True,False,False
30,ProductImageAvailable,0.0,0.0,0.0,True,False,False
30,ProductPurchasePrice,0.0,0.0,0.0,True,False,True
30,ProductSubtype,0.0,0.0,0.0,True,False,False
30,RecentReinstallationReported,0.0,0.0,0.0,True,False,False
30,RepairCount,0.0,0.0,0.0,True,False,True
30,RepairReportAvailable,0.0,0.0,0.0,True,False,True
30,ReplacementWithinWarranty,0.0,0.0,0.0,True,False,True
30,ReportingDeadlineDays,0.0,0.0,0.0,True,False,False
30,RequiredDocumentCount,0.0,0.0,0.0,True,False,False
30,ScreenFaultImageAvailable,0.0,0.0,0.0,True,False,False
30,SerialEvidenceAvailable,0.0,0.0,0.0,True,False,False
30,ServiceDiagnosticAvailable,0.0,0.0,0.0,True,False,False
30,UnknownRequiredDocumentCount,0.0,0.0,0.0,True,False,False
30,UsageMeterEvidenceAvailable,0.0,0.0,0.0,True,False,False
30,UsageType,0.0,0.0,0.0,True,False,False
30,WarrantyDurationMonths,0.0,0.0,0.0,True,False,True
30,WarrantyProofAvailable,0.0,0.0,0.0,True,False,True
30,MissingDocumentCount,0.0038610735010365937,0.0014593486110691882,0.0024017248899674054,False,False,True
30,DuplicateClaimIndicator,0.0061954255579010215,0.0021665724034813753,0.004028853154419646,False,False,False
30,OCRQualityBand,0.007193277140912946,0.004913805617230136,0.0022794715236828097,False,False,False
30,ProductModelConsistent,0.009429308220325255,0.005155547083568141,0.004273761136757114,False,False,False
30,MissingRequiredDocumentCount,0.01322265806048506,0.004428599199168049,0.008794058861317011,False,False,True
30,ContradictionIndicator,0.018827292505166363,0.006139211344764204,0.012688081160402159,False,False,False
30,ProductIdentityMatch,0.01996235288757757,0.0030879541193480323,0.016874398768229538,False,False,True
30,RepairAuthorized,0.030126410607647924,0.008244254316029024,0.021882156291618902,False,False,True
30,ClaimReportingWithinPeriod,0.0496389546561036,0.004039159268166744,0.045599795387936855,False,False,True
30,SerialNumberMatch,0.06389239355959875,0.005395280635477581,0.058497112924121165,False,False,True
30,ClaimReportingDelayDays,0.06684795711743176,0.0063444850260317215,0.060503472091400036,False,False,True
30,OCRConfidence,0.07326503608138227,0.01151863292389054,0.061746403157491726,False,False,False
30,RequiredDocumentsComplete,0.10933578887237476,0.018525646013674884,0.09081014285869987,False,False,True
30,WarrantyRemainingDays,0.12425105760347308,0.008385688453076834,0.11586536915039625,False,False,True
30,FaultCovered,0.21269227952682063,0.01812910461054237,0.19456317491627825,False,False,True
31,ComponentIdentityEvidenceAvailable,0.0,0.0,0.0,True,False,False
31,ComponentWarrantyEligible,0.0,0.0,0.0,True,False,False
31,ConsumableTypeUsed,0.0,0.0,0.0,True,False,False
31,CustomerIssueArea,0.0,0.0,0.0,True,False,False
31,CustomerReportedDamageIndicator,0.0,0.0,0.0,True,False,False
31,DocumentDuplicateIndicator,0.0,0.0,0.0,True,False,False
31,ErrorCodeAvailable,0.0,0.0,0.0,True,False,False
31,ExtendedWarranty,0.0,0.0,0.0,True,False,False
31,FaultEvidenceAvailable,0.0,0.0,0.0,True,False,False
31,FaultType,0.0,0.0,0.0,True,False,False
31,ForeignObjectIncidentReported,0.0,0.0,0.0,True,False,False
31,InstallationEvidenceAvailable,0.0,0.0,0.0,True,False,False
31,IntermittentIssueReported,0.0,0.0,0.0,True,False,False
31,LiquidExposureReported,0.0,0.0,0.0,True,False,False
31,PhysicalDamageReported,0.0,0.0,0.0,True,False,False
31,PriorClaimCount,0.0,0.0,0.0,True,False,False
31,ProductAgeDays,0.0,0.0,0.0,True,False,False
31,ProductCategory,0.0,0.0,0.0,True,False,False
31,ProductImageAvailable,0.0,0.0,0.0,True,False,False
31,ProductPurchasePrice,0.0,0.0,0.0,True,False,True
31,ProductSubtype,0.0,0.0,0.0,True,False,False
31,RecentReinstallationReported,0.0,0.0,0.0,True,False,False
31,RepairCount,0.0,0.0,0.0,True,False,True
31,RepairReportAvailable,0.0,0.0,0.0,True,False,True
31,ReplacementWithinWarranty,0.0,0.0,0.0,True,False,True
31,ReportingDeadlineDays,0.0,0.0,0.0,True,False,False
31,RequiredDocumentCount,0.0,0.0,0.0,True,False,False
31,ScreenFaultImageAvailable,0.0,0.0,0.0,True,False,False
31,SerialEvidenceAvailable,0.0,0.0,0.0,True,False,False
31,ServiceDiagnosticAvailable,0.0,0.0,0.0,True,False,False
31,UnknownRequiredDocumentCount,0.0,0.0,0.0,True,False,False
31,UsageMeterEvidenceAvailable,0.0,0.0,0.0,True,False,False
31,UsageType,0.0,0.0,0.0,True,False,False
31,WarrantyDurationMonths,0.0,0.0,0.0,True,False,True
31,WarrantyProofAvailable,0.0,0.0,0.0,True,False,True
31,MissingDocumentCount,0.003842136414405742,0.005153501439755504,-0.0013113650253497623,False,False,True
31,DuplicateClaimIndicator,0.006724010469736572,0.0031676927005326147,0.003556317769203957,False,False,False
31,MissingRequiredDocumentCount,0.007706222209141564,0.005744091703839879,0.0019621305053016845,False,False,True
31,OCRQualityBand,0.009409120183692263,0.005149199280943536,0.004259920902748727,False,False,False
31,ProductModelConsistent,0.010530358368528211,0.0037752754552046026,0.0067550829133236085,False,False,False
31,SerialNumberMatch,0.017228244382242505,0.002647536694733292,0.014580707687509213,False,False,True
31,ContradictionIndicator,0.02046354530645672,0.0069690943735628294,0.013494450932893892,False,False,False
31,RepairAuthorized,0.0284316954860262,0.00737883219526595,0.021052863290760247,False,False,True
31,ClaimReportingWithinPeriod,0.05665254805391842,0.004643970534953815,0.05200857751896461,False,False,True
31,ProductIdentityMatch,0.057834710543560736,0.01033242003133071,0.047502290512230025,False,False,True
31,ClaimReportingDelayDays,0.06350513889960663,0.004653182778303261,0.05885195612130337,False,False,True
31,OCRConfidence,0.07101325519433448,0.009383527131902708,0.06162972806243177,False,False,False
31,RequiredDocumentsComplete,0.11951256913262448,0.019343813247638886,0.1001687558849856,False,False,True
31,WarrantyRemainingDays,0.12517361976342645,0.012619240663044009,0.11255437910038243,False,False,True
31,FaultCovered,0.205829282721543,0.019999025040568205,0.18583025768097478,False,False,True
32,ComponentWarrantyEligible,0.0,0.0,0.0,True,False,False
32,ConsumableTypeUsed,0.0,0.0,0.0,True,False,False
32,CustomerIssueArea,0.0,0.0,0.0,True,False,False
32,CustomerReportedDamageIndicator,0.0,0.0,0.0,True,False,False
32,DocumentDuplicateIndicator,0.0,0.0,0.0,True,False,False
32,ErrorCodeAvailable,0.0,0.0,0.0,True,False,False
32,ExtendedWarranty,0.0,0.0,0.0,True,False,False
32,FaultEvidenceAvailable,0.0,0.0,0.0,True,False,False
32,FaultType,0.0,0.0,0.0,True,False,False
32,ForeignObjectIncidentReported,0.0,0.0,0.0,True,False,False
32,InstallationEvidenceAvailable,0.0,0.0,0.0,True,False,False
32,IntermittentIssueReported,0.0,0.0,0.0,True,False,False
32,LiquidExposureReported,0.0,0.0,0.0,True,False,False
32,PhysicalDamageReported,0.0,0.0,0.0,True,False,False
32,PriorClaimCount,0.0,0.0,0.0,True,False,False
32,ProductAgeDays,0.0,0.0,0.0,True,False,False
32,ProductCategory,0.0,0.0,0.0,True,False,False
32,ProductImageAvailable,0.0,0.0,0.0,True,False,False
32,ProductPurchasePrice,0.0,0.0,0.0,True,False,True
32,ProductSubtype,0.0,0.0,0.0,True,False,False
32,RecentReinstallationReported,0.0,0.0,0.0,True,False,False
32,RepairCount,0.0,0.0,0.0,True,False,True
32,RepairReportAvailable,0.0,0.0,0.0,True,False,True
32,ReplacementWithinWarranty,0.0,0.0,0.0,True,False,True
32,ReportingDeadlineDays,0.0,0.0,0.0,True,False,False
32,RequiredDocumentCount,0.0,0.0,0.0,True,False,False
32,ScreenFaultImageAvailable,0.0,0.0,0.0,True,False,False
32,SerialEvidenceAvailable,0.0,0.0,0.0,True,False,False
32,ServiceDiagnosticAvailable,0.0,0.0,0.0,True,False,False
32,UnknownRequiredDocumentCount,0.0,0.0,0.0,True,False,False
32,UsageMeterEvidenceAvailable,0.0,0.0,0.0,True,False,False
32,UsageType,0.0,0.0,0.0,True,False,False
32,WarrantyDurationMonths,0.0,0.0,0.0,True,False,True
32,WarrantyProofAvailable,0.0,0.0,0.0,True,False,True
32,MissingRequiredDocumentCount,0.0010825360144422064,0.007250244284468657,-0.006167708270026451,True,False,True
32,OCRQualityBand,0.007193498749364577,0.004385901386241971,0.002807597363122606,False,False,False
32,DuplicateClaimIndicator,0.0072636063055297045,0.002161566102453305,0.0051020402030764,False,False,False
32,ProductModelConsistent,0.00833014809835278,0.005179570336736831,0.003150577761615949,False,False,False
32,MissingDocumentCount,0.01045877638491105,0.009375695706540505,0.0010830806783705457,False,False,True
32,ContradictionIndicator,0.021032099202924745,0.005288728967053904,0.01574337023587084,False,False,False
32,SerialNumberMatch,0.026078429170300274,0.004074442841425485,0.022003986328874788,False,False,True
32,RepairAuthorized,0.030092118348870364,0.0029508941297807694,0.027141224219089596,False,False,True
32,ClaimReportingWithinPeriod,0.050811394928677645,0.0030507456672244715,0.047760649261453174,False,False,True
32,ClaimReportingDelayDays,0.061040789810475546,0.007785236811918636,0.05325555299855691,False,False,True
32,ProductIdentityMatch,0.06661875431361595,0.005126985962520684,0.06149176835109527,False,False,True
32,OCRConfidence,0.07164021528193658,0.013842849506037046,0.05779736577589953,False,False,False
32,RequiredDocumentsComplete,0.09927856104113268,0.008423072943376993,0.09085548809775569,False,False,True
32,WarrantyRemainingDays,0.12443085435724192,0.00659442695643319,0.11783642740080874,False,False,True
32,FaultCovered,0.21017010429240882,0.01637075908458694,0.19379934520782188,False,False,True
33,ComponentWarrantyEligible,0.0,0.0,0.0,True,False,False
33,ConsumableTypeUsed,0.0,0.0,0.0,True,False,False
33,CustomerIssueArea,0.0,0.0,0.0,True,False,False
33,CustomerReportedDamageIndicator,0.0,0.0,0.0,True,False,False
33,DocumentDuplicateIndicator,0.0,0.0,0.0,True,False,False
33,ErrorCodeAvailable,0.0,0.0,0.0,True,False,False
33,ExtendedWarranty,0.0,0.0,0.0,True,False,False
33,FaultEvidenceAvailable,0.0,0.0,0.0,True,False,False
33,FaultType,0.0,0.0,0.0,True,False,False
33,ForeignObjectIncidentReported,0.0,0.0,0.0,True,False,False
33,InstallationEvidenceAvailable,0.0,0.0,0.0,True,False,False
33,IntermittentIssueReported,0.0,0.0,0.0,True,False,False
33,LiquidExposureReported,0.0,0.0,0.0,True,False,False
33,PhysicalDamageReported,0.0,0.0,0.0,True,False,False
33,PriorClaimCount,0.0,0.0,0.0,True,False,False
33,ProductAgeDays,0.0,0.0,0.0,True,False,False
33,ProductCategory,0.0,0.0,0.0,True,False,False
33,ProductImageAvailable,0.0,0.0,0.0,True,False,False
33,ProductPurchasePrice,0.0,0.0,0.0,True,False,True
33,ProductSubtype,0.0,0.0,0.0,True,False,False
33,RecentReinstallationReported,0.0,0.0,0.0,True,False,False
33,RepairCount,0.0,0.0,0.0,True,False,True
33,RepairReportAvailable,0.0,0.0,0.0,True,False,True
33,ReplacementWithinWarranty,0.0,0.0,0.0,True,False,True
33,ReportingDeadlineDays,0.0,0.0,0.0,True,False,False
33,RequiredDocumentCount,0.0,0.0,0.0,True,False,False
33,ScreenFaultImageAvailable,0.0,0.0,0.0,True,False,False
33,SerialEvidenceAvailable,0.0,0.0,0.0,True,False,False
33,ServiceDiagnosticAvailable,0.0,0.0,0.0,True,False,False
33,UnknownRequiredDocumentCount,0.0,0.0,0.0,True,False,False
33,UsageMeterEvidenceAvailable,0.0,0.0,0.0,True,False,False
33,UsageType,0.0,0.0,0.0,True,False,False
33,WarrantyDurationMonths,0.0,0.0,0.0,True,False,True
33,WarrantyProofAvailable,0.0,0.0,0.0,True,False,True
33,OCRQualityBand,0.006628548962143294,0.003827447235068056,0.0028011017270752375,False,False,False
33,DuplicateClaimIndicator,0.00675117010896778,0.0022621099535969566,0.004489060155370823,False,False,False
33,ProductModelConsistent,0.013302026620694643,0.00441971630048968,0.008882310320204964,False,False,False
33,ContradictionIndicator,0.014958383196036762,0.00538048122715596,0.009577901968880802,False,False,False
33,MissingDocumentCount,0.01655324981525977,0.010554720110334084,0.0059985297049256845,False,False,True
33,RepairAuthorized,0.031211334501845697,0.006656690343862704,0.024554644157982995,False,False,True
33,SerialNumberMatch,0.04424784718943382,0.0037623510335164432,0.04048549615591738,False,False,True
33,ProductIdentityMatch,0.05076624368370278,0.004391919361704408,0.04637432432199837,False,False,True
33,ClaimReportingWithinPeriod,0.05256198753748022,0.003247063722984596,0.04931492381449562,False,False,True
33,ClaimReportingDelayDays,0.06114955007237079,0.004614022545489122,0.056535527526881665,False,False,True
33,OCRConfidence,0.06827086337795997,0.009393688368050239,0.05887717500990973,False,False,False
33,WarrantyRemainingDays,0.1185745851304144,0.008141882764037465,0.11043270236637694,False,False,True
33,FaultCovered,0.20361159289776046,0.02292754287475936,0.18068405002300109,False,False,True
33,RequiredDocumentsComplete,0.20897383557561183,0.025043253350100506,0.18393058222551134,False,False,True
34,ConsumableTypeUsed,0.0,0.0,0.0,True,False,False
34,CustomerIssueArea,0.0,0.0,0.0,True,False,False
34,CustomerReportedDamageIndicator,0.0,0.0,0.0,True,False,False
34,DocumentDuplicateIndicator,0.0,0.0,0.0,True,False,False
34,ErrorCodeAvailable,0.0,0.0,0.0,True,False,False
34,ExtendedWarranty,0.0,0.0,0.0,True,False,False
34,FaultEvidenceAvailable,0.0,0.0,0.0,True,False,False
34,FaultType,0.0,0.0,0.0,True,False,False
34,ForeignObjectIncidentReported,0.0,0.0,0.0,True,False,False
34,InstallationEvidenceAvailable,0.0,0.0,0.0,True,False,False
34,IntermittentIssueReported,0.0,0.0,0.0,True,False,False
34,LiquidExposureReported,0.0,0.0,0.0,True,False,False
34,PhysicalDamageReported,0.0,0.0,0.0,True,False,False
34,PriorClaimCount,0.0,0.0,0.0,True,False,False
34,ProductAgeDays,0.0,0.0,0.0,True,False,False
34,ProductCategory,0.0,0.0,0.0,True,False,False
34,ProductImageAvailable,0.0,0.0,0.0,True,False,False
34,ProductPurchasePrice,0.0,0.0,0.0,True,False,True
34,ProductSubtype,0.0,0.0,0.0,True,False,False
34,RecentReinstallationReported,0.0,0.0,0.0,True,False,False
34,RepairCount,0.0,0.0,0.0,True,False,True
34,RepairReportAvailable,0.0,0.0,0.0,True,False,True
34,ReplacementWithinWarranty,0.0,0.0,0.0,True,False,True
34,ReportingDeadlineDays,0.0,0.0,0.0,True,False,False
34,RequiredDocumentCount,0.0,0.0,0.0,True,False,False
34,ScreenFaultImageAvailable,0.0,0.0,0.0,True,False,False
34,SerialEvidenceAvailable,0.0,0.0,0.0,True,False,False
34,ServiceDiagnosticAvailable,0.0,0.0,0.0,True,False,False
34,UnknownRequiredDocumentCount,0.0,0.0,0.0,True,False,False
34,UsageMeterEvidenceAvailable,0.0,0.0,0.0,True,False,False
34,UsageType,0.0,0.0,0.0,True,False,False
34,WarrantyDurationMonths,0.0,0.0,0.0,True,False,True
34,WarrantyProofAvailable,0.0,0.0,0.0,True,False,True
34,DuplicateClaimIndicator,0.0061838633616845,0.0031095770924196645,0.003074286269264835,False,False,False
34,ProductModelConsistent,0.008882042754139508,0.006282609736079271,0.0025994330180602364,False,False,False
34,OCRQualityBand,0.009404684769749788,0.0051448033987811755,0.004259881370968613,False,False,False
34,MissingDocumentCount,0.013228290844463267,0.005848959872949817,0.0073793309715134495,False,False,True
34,ContradictionIndicator,0.01606060046825243,0.0037801143185650474,0.012280486149687384,False,False,False
34,RepairAuthorized,0.027862216485141478,0.007326665206058769,0.020535551279082707,False,False,True
34,ProductIdentityMatch,0.042542506834213734,0.0037507877253584432,0.03879171910885529,False,False,True
34,SerialNumberMatch,0.050733792373704706,0.0058006562639932235,0.04493313610971148,False,False,True
34,ClaimReportingWithinPeriod,0.05079542269233969,0.007925236013858687,0.042870186678481005,False,False,True
34,ClaimReportingDelayDays,0.05822827656017443,0.006316579361985271,0.05191169719818916,False,False,True
34,OCRConfidence,0.07598785503197161,0.013795889187750284,0.06219196584422133,False,False,False
34,WarrantyRemainingDays,0.11937390604733991,0.013123531639049031,0.10625037440829088,False,False,True
34,FaultCovered,0.19582128533883092,0.017052959568924424,0.1787683257699065,False,False,True
34,RequiredDocumentsComplete,0.22231155805443814,0.017274245412940873,0.20503731264149727,False,False,True
35,CustomerIssueArea,0.0,0.0,0.0,True,False,False
35,CustomerReportedDamageIndicator,0.0,0.0,0.0,True,False,False
35,DocumentDuplicateIndicator,0.0,0.0,0.0,True,False,False
35,ErrorCodeAvailable,0.0,0.0,0.0,True,False,False
35,ExtendedWarranty,0.0,0.0,0.0,True,False,False
35,FaultEvidenceAvailable,0.0,0.0,0.0,True,False,False
35,FaultType,0.0,0.0,0.0,True,False,False
35,ForeignObjectIncidentReported,0.0,0.0,0.0,True,False,False
35,InstallationEvidenceAvailable,0.0,0.0,0.0,True,False,False
35,IntermittentIssueReported,0.0,0.0,0.0,True,False,False
35,LiquidExposureReported,0.0,0.0,0.0,True,False,False
35,PhysicalDamageReported,0.0,0.0,0.0,True,False,False
35,PriorClaimCount,0.0,0.0,0.0,True,False,False
35,ProductAgeDays,0.0,0.0,0.0,True,False,False
35,ProductCategory,0.0,0.0,0.0,True,False,False
35,ProductImageAvailable,0.0,0.0,0.0,True,False,False
35,ProductPurchasePrice,0.0,0.0,0.0,True,False,True
35,ProductSubtype,0.0,0.0,0.0,True,False,False
35,RecentReinstallationReported,0.0,0.0,0.0,True,False,False
35,RepairCount,0.0,0.0,0.0,True,False,True
35,RepairReportAvailable,0.0,0.0,0.0,True,False,True
35,ReplacementWithinWarranty,0.0,0.0,0.0,True,False,True
35,ReportingDeadlineDays,0.0,0.0,0.0,True,False,False
35,RequiredDocumentCount,0.0,0.0,0.0,True,False,False
35,ScreenFaultImageAvailable,0.0,0.0,0.0,True,False,False
35,SerialEvidenceAvailable,0.0,0.0,0.0,True,False,False
35,ServiceDiagnosticAvailable,0.0,0.0,0.0,True,False,False
35,UnknownRequiredDocumentCount,0.0,0.0,0.0,True,False,False
35,UsageMeterEvidenceAvailable,0.0,0.0,0.0,True,False,False
35,UsageType,0.0,0.0,0.0,True,False,False
35,WarrantyDurationMonths,0.0,0.0,0.0,True,False,True
35,WarrantyProofAvailable,0.0,0.0,0.0,True,False,True
35,OCRQualityBand,0.004987783927068279,0.003452677562422605,0.001535106364645674,False,False,False
35,DuplicateClaimIndicator,0.006739560439021089,0.0022736569294421294,0.004465903509578959,False,False,False
35,MissingDocumentCount,0.012122821272335285,0.005304641237440833,0.006818180034894452,False,False,True
35,ProductModelConsistent,0.012761884461803402,0.003454971555641196,0.009306912906162207,False,False,False
35,ContradictionIndicator,0.02157564744552537,0.006021035002646382,0.015554612442878988,False,False,False
35,SerialNumberMatch,0.022846716228772906,0.002697457715211768,0.020149258513561138,False,False,True
35,RepairAuthorized,0.027897528252639414,0.007649992040246194,0.02024753621239322,False,False,True
35,ClaimReportingWithinPeriod,0.047337537179517636,0.007937872847117616,0.03939966433240002,False,False,True
35,ProductIdentityMatch,0.056801172590256466,0.007235071191948994,0.04956610139830747,False,False,True
35,ClaimReportingDelayDays,0.0661342444509119,0.007632661871173112,0.05850158257973879,False,False,True
35,OCRConfidence,0.07055019823918338,0.00514377076881002,0.06540642747037335,False,False,False
35,WarrantyRemainingDays,0.11476328729772195,0.01460576859269881,0.10015751870502314,False,False,True
35,FaultCovered,0.19038839438784072,0.014369031773802395,0.17601936261403833,False,False,True
35,RequiredDocumentsComplete,0.20060888261782872,0.014756434493348437,0.1858524481244803,False,False,True
36,CustomerReportedDamageIndicator,0.0,0.0,0.0,True,False,False
36,DocumentDuplicateIndicator,0.0,0.0,0.0,True,False,False
36,ExtendedWarranty,0.0,0.0,0.0,True,False,False
36,FaultEvidenceAvailable,0.0,0.0,0.0,True,False,False
36,FaultType,0.0,0.0,0.0,True,False,False
36,ForeignObjectIncidentReported,0.0,0.0,0.0,True,False,False
36,InstallationEvidenceAvailable,0.0,0.0,0.0,True,False,False
36,IntermittentIssueReported,0.0,0.0,0.0,True,False,False
36,LiquidExposureReported,0.0,0.0,0.0,True,False,False
36,PhysicalDamageReported,0.0,0.0,0.0,True,False,False
36,PriorClaimCount,0.0,0.0,0.0,True,False,False
36,ProductAgeDays,0.0,0.0,0.0,True,False,False
36,ProductCategory,0.0,0.0,0.0,True,False,False
36,ProductImageAvailable,0.0,0.0,0.0,True,False,False
36,ProductPurchasePrice,0.0,0.0,0.0,True,False,True
36,ProductSubtype,0.0,0.0,0.0,True,False,False
36,RecentReinstallationReported,0.0,0.0,0.0,True,False,False
36,RepairCount,0.0,0.0,0.0,True,False,True
36,RepairReportAvailable,0.0,0.0,0.0,True,False,True
36,ReplacementWithinWarranty,0.0,0.0,0.0,True,False,True
36,ReportingDeadlineDays,0.0,0.0,0.0,True,False,False
36,ScreenFaultImageAvailable,0.0,0.0,0.0,True,False,False
36,SerialEvidenceAvailable,0.0,0.0,0.0,True,False,False
36,ServiceDiagnosticAvailable,0.0,0.0,0.0,True,False,False
36,UnknownRequiredDocumentCount,0.0,0.0,0.0,True,False,False
36,UsageMeterEvidenceAvailable,0.0,0.0,0.0,True,False,False
36,UsageType,0.0,0.0,0.0,True,False,False
36,WarrantyDurationMonths,0.0,0.0,0.0,True,False,True
36,WarrantyProofAvailable,0.0,0.0,0.0,True,False,True
36,ErrorCodeAvailable,0.0005515819287195134,0.0014593486110691882,-0.0009077666823496748,True,False,False
36,RequiredDocumentCount,0.0005515819287195134,0.0014593486110691882,-0.0009077666823496748,True,False,False
36,DuplicateClaimIndicator,0.003934698273031098,0.003506696411780181,0.0004280018612509173,False,False,False
36,OCRQualityBand,0.005543657560438342,0.004283803281338369,0.0012598542790999727,False,False,False
36,ProductModelConsistent,0.009977155934916188,0.00482031406997688,0.005156841864939307,False,False,False
36,MissingDocumentCount,0.01599966584196351,0.008264512396625791,0.007735153445337718,False,False,True
36,ContradictionIndicator,0.017713507213679605,0.005413828430335323,0.012299678783344283,False,False,False
36,ProductIdentityMatch,0.018304173158659107,0.0034218944984584806,0.014882278660200626,False,False,True
36,RepairAuthorized,0.031241479118297347,0.005483173700770207,0.02575830541752714,False,False,True
36,ClaimReportingWithinPeriod,0.03993219955344092,0.006234867932426186,0.03369733162101474,False,False,True
36,SerialNumberMatch,0.05465829357517643,0.006541177007332829,0.0481171165678436,False,False,True
36,OCRConfidence,0.06444204161618686,0.013390233831178858,0.051051807785008,False,False,False
36,ClaimReportingDelayDays,0.06627432706207448,0.006462985584171305,0.05981134147790317,False,False,True
36,WarrantyRemainingDays,0.1174605634869911,0.010667164607878546,0.10679339887911256,False,False,True
36,RequiredDocumentsComplete,0.2073823314732951,0.02679467116048821,0.1805876603128069,False,False,True
36,FaultCovered,0.20805622294919535,0.016413820544364445,0.1916424024048309,False,False,True
37,DocumentDuplicateIndicator,0.0,0.0,0.0,True,False,False
37,ErrorCodeAvailable,0.0,0.0,0.0,True,False,False
37,ExtendedWarranty,0.0,0.0,0.0,True,False,False
37,FaultEvidenceAvailable,0.0,0.0,0.0,True,False,False
37,FaultType,0.0,0.0,0.0,True,False,False
37,ForeignObjectIncidentReported,0.0,0.0,0.0,True,False,False
37,InstallationEvidenceAvailable,0.0,0.0,0.0,True,False,False
37,IntermittentIssueReported,0.0,0.0,0.0,True,False,False
37,LiquidExposureReported,0.0,0.0,0.0,True,False,False
37,PhysicalDamageReported,0.0,0.0,0.0,True,False,False
37,PriorClaimCount,0.0,0.0,0.0,True,False,False
37,ProductAgeDays,0.0,0.0,0.0,True,False,False
37,ProductCategory,0.0,0.0,0.0,True,False,False
37,ProductImageAvailable,0.0,0.0,0.0,True,False,False
37,ProductPurchasePrice,0.0,0.0,0.0,True,False,True
37,ProductSubtype,0.0,0.0,0.0,True,False,False
37,RecentReinstallationReported,0.0,0.0,0.0,True,False,False
37,RepairCount,0.0,0.0,0.0,True,False,True
37,RepairReportAvailable,0.0,0.0,0.0,True,False,True
37,ReplacementWithinWarranty,0.0,0.0,0.0,True,False,True
37,ReportingDeadlineDays,0.0,0.0,0.0,True,False,False
37,RequiredDocumentCount,0.0,0.0,0.0,True,False,False
37,ScreenFaultImageAvailable,0.0,0.0,0.0,True,False,False
37,SerialEvidenceAvailable,0.0,0.0,0.0,True,False,False
37,ServiceDiagnosticAvailable,0.0,0.0,0.0,True,False,False
37,UnknownRequiredDocumentCount,0.0,0.0,0.0,True,False,False
37,UsageMeterEvidenceAvailable,0.0,0.0,0.0,True,False,False
37,UsageType,0.0,0.0,0.0,True,False,False
37,WarrantyDurationMonths,0.0,0.0,0.0,True,False,True
37,WarrantyProofAvailable,0.0,0.0,0.0,True,False,True
37,OCRQualityBand,0.0038845459013526346,0.0034600868287345027,0.00042445907261813185,False,False,False
37,DuplicateClaimIndicator,0.006191437784833026,0.0021369448123462723,0.004054492972486754,False,False,False
37,ProductIdentityMatch,0.00997848921975232,0.0028981858421679415,0.007080303377584379,False,False,True
37,ProductModelConsistent,0.009985856397479037,0.002931379344663117,0.00705447705281592,False,False,False
37,ContradictionIndicator,0.024889272972447557,0.006606081984026334,0.018283190988421225,False,False,False
37,MissingDocumentCount,0.026512297672463117,0.005427410854240238,0.02108488681822288,False,False,True
37,RepairAuthorized,0.02842762150934075,0.0074050844879001865,0.021022537021440565,False,False,True
37,ClaimReportingWithinPeriod,0.04734748036212831,0.004585106747800509,0.0427623736143278,False,False,True
37,ClaimReportingDelayDays,0.06852408865321168,0.008913552842129427,0.05961053581108225,False,False,True
37,SerialNumberMatch,0.06964521775862603,0.008722602689359902,0.060922615069266134,False,False,True
37,OCRConfidence,0.07274405263663943,0.011034163635824925,0.0617098890008145,False,False,False
37,WarrantyRemainingDays,0.12470196473978565,0.004748678759198585,0.11995328598058706,False,False,True
37,FaultCovered,0.203896552301259,0.02041129895784659,0.1834852533434124,False,False,True
37,RequiredDocumentsComplete,0.21355958020924204,0.01963381313041429,0.19392576707882775,False,False,True
38,ErrorCodeAvailable,0.0,0.0,0.0,True,False,False
38,ExtendedWarranty,0.0,0.0,0.0,True,False,False
38,FaultEvidenceAvailable,0.0,0.0,0.0,True,False,False
38,FaultType,0.0,0.0,0.0,True,False,False
38,ForeignObjectIncidentReported,0.0,0.0,0.0,True,False,False
38,InstallationEvidenceAvailable,0.0,0.0,0.0,True,False,False
38,IntermittentIssueReported,0.0,0.0,0.0,True,False,False
38,LiquidExposureReported,0.0,0.0,0.0,True,False,False
38,PhysicalDamageReported,0.0,0.0,0.0,True,False,False
38,PriorClaimCount,0.0,0.0,0.0,True,False,False
38,ProductAgeDays,0.0,0.0,0.0,True,False,False
38,ProductCategory,0.0,0.0,0.0,True,False,False
38,ProductImageAvailable,0.0,0.0,0.0,True,False,False
38,ProductPurchasePrice,0.0,0.0,0.0,True,False,True
38,ProductSubtype,0.0,0.0,0.0,True,False,False
38,RecentReinstallationReported,0.0,0.0,0.0,True,False,False
38,RepairCount,0.0,0.0,0.0,True,False,True
38,RepairReportAvailable,0.0,0.0,0.0,True,False,True
38,ReplacementWithinWarranty,0.0,0.0,0.0,True,False,True
38,ReportingDeadlineDays,0.0,0.0,0.0,True,False,False
38,RequiredDocumentCount,0.0,0.0,0.0,True,False,False
38,ScreenFaultImageAvailable,0.0,0.0,0.0,True,False,False
38,SerialEvidenceAvailable,0.0,0.0,0.0,True,False,False
38,ServiceDiagnosticAvailable,0.0,0.0,0.0,True,False,False
38,UnknownRequiredDocumentCount,0.0,0.0,0.0,True,False,False
38,UsageMeterEvidenceAvailable,0.0,0.0,0.0,True,False,False
38,UsageType,0.0,0.0,0.0,True,False,False
38,WarrantyDurationMonths,0.0,0.0,0.0,True,False,True
38,WarrantyProofAvailable,0.0,0.0,0.0,True,False,True
38,OCRQualityBand,0.0038847675098042656,0.002657877475338643,0.0012268900344656226,False,False,False
38,DuplicateClaimIndicator,0.005612541727201492,0.0019457528584435582,0.003666788868757934,False,False,False
38,ProductModelConsistent,0.010538043375531561,0.006251958011870706,0.004286085363660855,False,False,False
38,ContradictionIndicator,0.017162953515516943,0.005569111435677006,0.011593842079839937,False,False,False
38,MissingDocumentCount,0.02596333969575154,0.005177699255028646,0.020785640440722897,False,False,True
38,RepairAuthorized,0.026767468997097532,0.0066658270872477585,0.020101641909849775,False,False,True
38,SerialNumberMatch,0.03977760952108854,0.0038028029015915745,0.035974806619496966,False,False,True
38,ProductIdentityMatch,0.04213189806321259,0.007002963877092454,0.035128934186120134,False,False,True
38,ClaimReportingWithinPeriod,0.054327760728368396,0.00401328251543052,0.05031447821293788,False,False,True
38,ClaimReportingDelayDays,0.060591053801908046,0.0071793242751137,0.05341172952679435,False,False,True
38,OCRConfidence,0.07229651463604485,0.00930611927080756,0.06299039536523729,False,False,False
38,WarrantyRemainingDays,0.1242159062090604,0.008492712905788227,0.11572319330327217,False,False,True
38,RequiredDocumentsComplete,0.18804895298851954,0.022939548031942033,0.1651094049565775,False,False,True
38,FaultCovered,0.1887792135077946,0.021487617143658336,0.16729159636413626,False,False,True
39,ExtendedWarranty,0.0,0.0,0.0,True,False,False
39,FaultEvidenceAvailable,0.0,0.0,0.0,True,False,False
39,FaultType,0.0,0.0,0.0,True,False,False
39,ForeignObjectIncidentReported,0.0,0.0,0.0,True,False,False
39,InstallationEvidenceAvailable,0.0,0.0,0.0,True,False,False
39,IntermittentIssueReported,0.0,0.0,0.0,True,False,False
39,LiquidExposureReported,0.0,0.0,0.0,True,False,False
39,PhysicalDamageReported,0.0,0.0,0.0,True,False,False
39,PriorClaimCount,0.0,0.0,0.0,True,False,False
39,ProductAgeDays,0.0,0.0,0.0,True,False,False
39,ProductCategory,0.0,0.0,0.0,True,False,False
39,ProductImageAvailable,0.0,0.0,0.0,True,False,False
39,ProductPurchasePrice,0.0,0.0,0.0,True,False,True
39,ProductSubtype,0.0,0.0,0.0,True,False,False
39,RecentReinstallationReported,0.0,0.0,0.0,True,False,False
39,RepairCount,0.0,0.0,0.0,True,False,True
39,RepairReportAvailable,0.0,0.0,0.0,True,False,True
39,ReplacementWithinWarranty,0.0,0.0,0.0,True,False,True
39,ReportingDeadlineDays,0.0,0.0,0.0,True,False,False
39,RequiredDocumentCount,0.0,0.0,0.0,True,False,False
39,ScreenFaultImageAvailable,0.0,0.0,0.0,True,False,False
39,SerialEvidenceAvailable,0.0,0.0,0.0,True,False,False
39,ServiceDiagnosticAvailable,0.0,0.0,0.0,True,False,False
39,UnknownRequiredDocumentCount,0.0,0.0,0.0,True,False,False
39,UsageMeterEvidenceAvailable,0.0,0.0,0.0,True,False,False
39,UsageType,0.0,0.0,0.0,True,False,False
39,WarrantyDurationMonths,0.0,0.0,0.0,True,False,True
39,WarrantyProofAvailable,0.0,0.0,0.0,True,False,True
39,OCRQualityBand,0.0038847675098042656,0.002657877475338643,0.0012268900344656226,False,False,False
39,DuplicateClaimIndicator,0.005029875879102044,0.0014822711296693513,0.003547604749432693,False,False,False
39,ProductModelConsistent,0.007204802231254734,0.004922584432224612,0.002282217799030122,False,False,False
39,MissingDocumentCount,0.014907617874618903,0.011048400746380768,0.0038592171282381352,False,False,True
39,ContradictionIndicator,0.018811962974192256,0.0061602264836471314,0.012651736490545126,False,False,False
39,SerialNumberMatch,0.02169246832150383,0.006409136392239663,0.015283331929264166,False,False,True
39,RepairAuthorized,0.029545351592797114,0.006685287485259792,0.022860064107537322,False,False,True
39,ClaimReportingWithinPeriod,0.041610273956831575,0.001971853371298049,0.039638420585533525,False,False,True
39,ProductIdentityMatch,0.05397012040665104,0.004221792389342541,0.0497483280173085,False,False,True
39,OCRConfidence,0.07167594508221016,0.007774968951904908,0.06390097613030525,False,False,False
39,ClaimReportingDelayDays,0.0755939084226893,0.006487289964950593,0.0691066184577387,False,False,True
39,WarrantyRemainingDays,0.12067065629462076,0.010717466414859506,0.10995318987976126,False,False,True
39,FaultCovered,0.1991368621952361,0.01947750499578337,0.17965935719945272,False,False,True
39,RequiredDocumentsComplete,0.2205698071342539,0.019245299582023825,0.20132450755223008,False,False,True
40,FaultEvidenceAvailable,0.0,0.0,0.0,True,False,False
40,FaultType,0.0,0.0,0.0,True,False,False
40,ForeignObjectIncidentReported,0.0,0.0,0.0,True,False,False
40,InstallationEvidenceAvailable,0.0,0.0,0.0,True,False,False
40,IntermittentIssueReported,0.0,0.0,0.0,True,False,False
40,LiquidExposureReported,0.0,0.0,0.0,True,False,False
40,PhysicalDamageReported,0.0,0.0,0.0,True,False,False
40,PriorClaimCount,0.0,0.0,0.0,True,False,False
40,ProductAgeDays,0.0,0.0,0.0,True,False,False
40,ProductCategory,0.0,0.0,0.0,True,False,False
40,ProductImageAvailable,0.0,0.0,0.0,True,False,False
40,ProductPurchasePrice,0.0,0.0,0.0,True,False,True
40,RecentReinstallationReported,0.0,0.0,0.0,True,False,False
40,RepairCount,0.0,0.0,0.0,True,False,True
40,RepairReportAvailable,0.0,0.0,0.0,True,False,True
40,ReplacementWithinWarranty,0.0,0.0,0.0,True,False,True
40,ReportingDeadlineDays,0.0,0.0,0.0,True,False,False
40,RequiredDocumentCount,0.0,0.0,0.0,True,False,False
40,ScreenFaultImageAvailable,0.0,0.0,0.0,True,False,False
40,SerialEvidenceAvailable,0.0,0.0,0.0,True,False,False
40,ServiceDiagnosticAvailable,0.0,0.0,0.0,True,False,False
40,UnknownRequiredDocumentCount,0.0,0.0,0.0,True,False,False
40,UsageMeterEvidenceAvailable,0.0,0.0,0.0,True,False,False
40,UsageType,0.0,0.0,0.0,True,False,False
40,WarrantyDurationMonths,0.0,0.0,0.0,True,False,True
40,WarrantyProofAvailable,0.0,0.0,0.0,True,False,True
40,ProductSubtype,7.165647372811557e-06,1.8958520931242716e-05,-1.179287355843116e-05,True,False,False
40,DuplicateClaimIndicator,0.005597543030175914,0.0037095419241117496,0.0018880011060641642,False,False,False
40,OCRQualityBand,0.008291657874908112,0.005620371110674648,0.002671286764233464,False,False,False
40,MissingDocumentCount,0.013229088859783827,0.0070018861060037905,0.006227202753780037,False,False,True
40,ProductModelConsistent,0.013842439457598346,0.0026355034859865214,0.011206935971611825,False,False,False
40,ProductIdentityMatch,0.018334584362886458,0.002633250118977014,0.015701334243909446,False,False,True
40,ContradictionIndicator,0.02378817627727217,0.004375493532006768,0.019412682745265405,False,False,False
40,RepairAuthorized,0.024526960416010143,0.005921674696116113,0.018605285719894032,False,False,True
40,ClaimReportingDelayDays,0.05432354610378175,0.004630697240632426,0.04969284886314932,False,False,True
40,ClaimReportingWithinPeriod,0.05657629137142327,0.0060820923218701944,0.050494199049553073,False,False,True
40,SerialNumberMatch,0.06507926440758773,0.010692758263433322,0.054386506144154405,False,False,True
40,OCRConfidence,0.06770586861829891,0.01098580839186936,0.05672006022642956,False,False,False
40,WarrantyRemainingDays,0.12242833282167877,0.012551398166438934,0.10987693465523983,False,False,True
40,FaultCovered,0.20501281651738607,0.020706939680405587,0.18430587683698046,False,False,True
40,RequiredDocumentsComplete,0.205520787264727,0.025733307296506115,0.1797874799682209,False,False,True
41,FaultType,0.0,0.0,0.0,True,False,False
41,ForeignObjectIncidentReported,0.0,0.0,0.0,True,False,False
41,InstallationEvidenceAvailable,0.0,0.0,0.0,True,False,False
41,IntermittentIssueReported,0.0,0.0,0.0,True,False,False
41,LiquidExposureReported,0.0,0.0,0.0,True,False,False
41,PhysicalDamageReported,0.0,0.0,0.0,True,False,False
41,PriorClaimCount,0.0,0.0,0.0,True,False,False
41,ProductAgeDays,0.0,0.0,0.0,True,False,False
41,ProductCategory,0.0,0.0,0.0,True,False,False
41,ProductImageAvailable,0.0,0.0,0.0,True,False,False
41,ProductPurchasePrice,0.0,0.0,0.0,True,False,True
41,ProductSubtype,0.0,0.0,0.0,True,False,False
41,RecentReinstallationReported,0.0,0.0,0.0,True,False,False
41,RepairCount,0.0,0.0,0.0,True,False,True
41,RepairReportAvailable,0.0,0.0,0.0,True,False,True
41,ReplacementWithinWarranty,0.0,0.0,0.0,True,False,True
41,ReportingDeadlineDays,0.0,0.0,0.0,True,False,False
41,RequiredDocumentCount,0.0,0.0,0.0,True,False,False
41,ScreenFaultImageAvailable,0.0,0.0,0.0,True,False,False
41,SerialEvidenceAvailable,0.0,0.0,0.0,True,False,False
41,ServiceDiagnosticAvailable,0.0,0.0,0.0,True,False,False
41,UnknownRequiredDocumentCount,0.0,0.0,0.0,True,False,False
41,UsageMeterEvidenceAvailable,0.0,0.0,0.0,True,False,False
41,UsageType,0.0,0.0,0.0,True,False,False
41,WarrantyDurationMonths,0.0,0.0,0.0,True,False,True
41,WarrantyProofAvailable,0.0,0.0,0.0,True,False,True
41,DuplicateClaimIndicator,0.0072519966355830134,0.0021763825114475177,0.005075614124135496,False,False,False
41,OCRQualityBand,0.01161054798042499,0.005814439912568175,0.005796108067856815,False,False,False
41,ProductModelConsistent,0.011659084119835322,0.0054092891945060105,0.006249794925329312,False,False,False
41,MissingDocumentCount,0.013232117390225243,0.005410789226001434,0.007821328164223809,False,False,True
41,ContradictionIndicator,0.0204731825756624,0.00436575597959268,0.01610742659606972,False,False,False
41,RepairAuthorized,0.02788400133797836,0.006131346650266415,0.021752654687711946,False,False,True
41,ProductIdentityMatch,0.04416104081762391,0.0062314718814968926,0.03792956893612702,False,False,True
41,SerialNumberMatch,0.04600652179251996,0.00495801243989825,0.04104850935262171,False,False,True
41,ClaimReportingWithinPeriod,0.05140400279595861,0.00402003268970742,0.047383970106251186,False,False,True
41,ClaimReportingDelayDays,0.0649574096483719,0.006387973186699389,0.058569436461672515,False,False,True
41,OCRConfidence,0.0715576669163558,0.01116677911222536,0.06039088780413045,False,False,False
41,WarrantyRemainingDays,0.11796940872976946,0.010349795608144134,0.10761961312162532,False,False,True
41,FaultCovered,0.19969458927098754,0.01628609107456105,0.1834084981964265,False,False,True
41,RequiredDocumentsComplete,0.2140688007796898,0.02014827887033397,0.19392052190935583,False,False,True
42,ForeignObjectIncidentReported,0.0,0.0,0.0,True,False,False
42,InstallationEvidenceAvailable,0.0,0.0,0.0,True,False,False
42,IntermittentIssueReported,0.0,0.0,0.0,True,False,False
42,LiquidExposureReported,0.0,0.0,0.0,True,False,False
42,PhysicalDamageReported,0.0,0.0,0.0,True,False,False
42,PriorClaimCount,0.0,0.0,0.0,True,False,False
42,ProductAgeDays,0.0,0.0,0.0,True,False,False
42,ProductCategory,0.0,0.0,0.0,True,False,False
42,ProductImageAvailable,0.0,0.0,0.0,True,False,False
42,ProductPurchasePrice,0.0,0.0,0.0,True,False,True
42,RecentReinstallationReported,0.0,0.0,0.0,True,False,False
42,RepairCount,0.0,0.0,0.0,True,False,True
42,RepairReportAvailable,0.0,0.0,0.0,True,False,True
42,ReplacementWithinWarranty,0.0,0.0,0.0,True,False,True
42,ReportingDeadlineDays,0.0,0.0,0.0,True,False,False
42,RequiredDocumentCount,0.0,0.0,0.0,True,False,False
42,ScreenFaultImageAvailable,0.0,0.0,0.0,True,False,False
42,SerialEvidenceAvailable,0.0,0.0,0.0,True,False,False
42,ServiceDiagnosticAvailable,0.0,0.0,0.0,True,False,False
42,UnknownRequiredDocumentCount,0.0,0.0,0.0,True,False,False
42,UsageMeterEvidenceAvailable,0.0,0.0,0.0,True,False,False
42,UsageType,0.0,0.0,0.0,True,False,False
42,WarrantyDurationMonths,0.0,0.0,0.0,True,False,True
42,WarrantyProofAvailable,0.0,0.0,0.0,True,False,True
42,ProductSubtype,0.0011031638574390268,0.0019107358501580642,-0.0008075719927190374,True,False,False
42,OCRQualityBand,0.005553641057842756,0.001909968175962841,0.003643672881879915,False,False,False
42,DuplicateClaimIndicator,0.005608887243792354,0.0029665326508512527,0.0026423545929411016,False,False,False
42,ProductModelConsistent,0.01052810186701525,0.005379502258653569,0.005148599608361681,False,False,False
42,MissingDocumentCount,0.011561696184281406,0.0053944460467800865,0.006167250137501319,False,False,True
42,ContradictionIndicator,0.01881565819719097,0.0068887153931005835,0.011926942804090387,False,False,False
42,ProductIdentityMatch,0.025020436053219172,0.007302045734719948,0.017718390318499224,False,False,True
42,RepairAuthorized,0.029561788939542616,0.003789934798935709,0.02577185414060691,False,False,True
42,ClaimReportingWithinPeriod,0.044463097100897006,0.0014992654078987426,0.042963831692998264,False,False,True
42,SerialNumberMatch,0.055590438123924696,0.005728849514210657,0.04986158860971404,False,False,True
42,ClaimReportingDelayDays,0.06108161534625926,0.005109782450336966,0.055971832895922294,False,False,True
42,OCRConfidence,0.07495619150665454,0.010659614717508462,0.06429657678914608,False,False,False
42,WarrantyRemainingDays,0.11965567576745757,0.0071797522488889235,0.11247592351856865,False,False,True
42,RequiredDocumentsComplete,0.21059384160273992,0.01699781374813011,0.1935960278546098,False,False,True
42,FaultCovered,0.2130166029922238,0.020604957110116826,0.19241164588210696,False,False,True
43,InstallationEvidenceAvailable,0.0,0.0,0.0,True,False,False
43,IntermittentIssueReported,0.0,0.0,0.0,True,False,False
43,LiquidExposureReported,0.0,0.0,0.0,True,False,False
43,PhysicalDamageReported,0.0,0.0,0.0,True,False,False
43,PriorClaimCount,0.0,0.0,0.0,True,False,False
43,ProductAgeDays,0.0,0.0,0.0,True,False,False
43,ProductCategory,0.0,0.0,0.0,True,False,False
43,ProductImageAvailable,0.0,0.0,0.0,True,False,False
43,ProductPurchasePrice,0.0,0.0,0.0,True,False,True
43,ProductSubtype,0.0,0.0,0.0,True,False,False
43,RecentReinstallationReported,0.0,0.0,0.0,True,False,False
43,RepairCount,0.0,0.0,0.0,True,False,True
43,RepairReportAvailable,0.0,0.0,0.0,True,False,True
43,ReplacementWithinWarranty,0.0,0.0,0.0,True,False,True
43,ReportingDeadlineDays,0.0,0.0,0.0,True,False,False
43,RequiredDocumentCount,0.0,0.0,0.0,True,False,False
43,ScreenFaultImageAvailable,0.0,0.0,0.0,True,False,False
43,SerialEvidenceAvailable,0.0,0.0,0.0,True,False,False
43,ServiceDiagnosticAvailable,0.0,0.0,0.0,True,False,False
43,UnknownRequiredDocumentCount,0.0,0.0,0.0,True,False,False
43,UsageMeterEvidenceAvailable,0.0,0.0,0.0,True,False,False
43,UsageType,0.0,0.0,0.0,True,False,False
43,WarrantyDurationMonths,0.0,0.0,0.0,True,False,True
43,WarrantyProofAvailable,0.0,0.0,0.0,True,False,True
43,OCRQualityBand,0.0044459156854115,0.0022154677034287593,0.0022304479819827408,False,False,False
43,DuplicateClaimIndicator,0.005632439873344594,0.0037275061820205985,0.0019049336913239956,False,False,False
43,ProductModelConsistent,0.0066606306085519595,0.005869807189930539,0.0007908234186214209,False,False,False
43,ContradictionIndicator,0.021578966964738933,0.002643261962125594,0.018935705002613337,False,False,False
43,SerialNumberMatch,0.02279965275247675,0.005577085960960774,0.017222566791515976,False,False,True
43,MissingDocumentCount,0.027086949094268967,0.011200714642767479,0.015886234451501488,False,False,True
43,RepairAuthorized,0.03402832788023667,0.006684878349955323,0.02734344953028135,False,False,True
43,ClaimReportingWithinPeriod,0.0543165840853759,0.003993550401698984,0.05032303368367692,False,False,True
43,ProductIdentityMatch,0.05575440874814297,0.00815120237513633,0.04760320637300664,False,False,True
43,ClaimReportingDelayDays,0.058839454094631,0.007878769596938485,0.05096068449769251,False,False,True
43,OCRConfidence,0.07387221691529593,0.01167226774666013,0.0621999491686358,False,False,False
43,WarrantyRemainingDays,0.12138524357693536,0.01003142578961703,0.11135381778731833,False,False,True
43,FaultCovered,0.20117858890412063,0.010761391386896057,0.19041719751722458,False,False,True
43,RequiredDocumentsComplete,0.21131246195369202,0.02867117765328857,0.18264128430040344,False,False,True
44,IntermittentIssueReported,0.0,0.0,0.0,True,False,False
44,LiquidExposureReported,0.0,0.0,0.0,True,False,False
44,PhysicalDamageReported,0.0,0.0,0.0,True,False,False
44,PriorClaimCount,0.0,0.0,0.0,True,False,False
44,ProductAgeDays,0.0,0.0,0.0,True,False,False
44,ProductCategory,0.0,0.0,0.0,True,False,False
44,ProductImageAvailable,0.0,0.0,0.0,True,False,False
44,ProductPurchasePrice,0.0,0.0,0.0,True,False,True
44,ProductSubtype,0.0,0.0,0.0,True,False,False
44,RecentReinstallationReported,0.0,0.0,0.0,True,False,False
44,RepairCount,0.0,0.0,0.0,True,False,True
44,RepairReportAvailable,0.0,0.0,0.0,True,False,True
44,ReplacementWithinWarranty,0.0,0.0,0.0,True,False,True
44,ReportingDeadlineDays,0.0,0.0,0.0,True,False,False
44,RequiredDocumentCount,0.0,0.0,0.0,True,False,False
44,ScreenFaultImageAvailable,0.0,0.0,0.0,True,False,False
44,SerialEvidenceAvailable,0.0,0.0,0.0,True,False,False
44,ServiceDiagnosticAvailable,0.0,0.0,0.0,True,False,False
44,UnknownRequiredDocumentCount,0.0,0.0,0.0,True,False,False
44,UsageMeterEvidenceAvailable,0.0,0.0,0.0,True,False,False
44,UsageType,0.0,0.0,0.0,True,False,False
44,WarrantyDurationMonths,0.0,0.0,0.0,True,False,True
44,WarrantyProofAvailable,0.0,0.0,0.0,True,False,True
44,DuplicateClaimIndicator,0.006164298505200255,0.0021746745446891073,0.0039896239605111475,False,False,False
44,ProductModelConsistent,0.0072152413454866365,0.004404818234914042,0.0028104231105725947,False,False,False
44,OCRQualityBand,0.008305687841668366,0.005151238688262212,0.0031544491534061542,False,False,False
44,ContradictionIndicator,0.018822140033384185,0.00365212147473661,0.015170018558647575,False,False,False
44,RepairAuthorized,0.027377471185133534,0.006411509047647972,0.020965962137485562,False,False,True
44,ClaimReportingWithinPeriod,0.03989173264764578,0.005327504993846321,0.03456422765379946,False,False,True
44,SerialNumberMatch,0.04413696006640605,0.004879113458759004,0.03925784660764704,False,False,True
44,ProductIdentityMatch,0.045848385663572494,0.00371557376432014,0.04213281189925235,False,False,True
44,ClaimReportingDelayDays,0.06993233426260427,0.008743279426249239,0.061189054836355034,False,False,True
44,OCRConfidence,0.08105364427687214,0.006120007769462114,0.07493363650741003,False,False,False
44,MissingDocumentCount,0.10233398250079229,0.017960359765551003,0.08437362273524128,False,False,True
44,RequiredDocumentsComplete,0.10575416133713758,0.01751279379004422,0.08824136754709336,False,False,True
44,WarrantyRemainingDays,0.12624079297770519,0.01575334558097608,0.11048744739672911,False,False,True
44,FaultCovered,0.19574204458287525,0.021149969209141344,0.17459207537373392,False,False,True
45,LiquidExposureReported,0.0,0.0,0.0,True,False,False
45,PhysicalDamageReported,0.0,0.0,0.0,True,False,False
45,PriorClaimCount,0.0,0.0,0.0,True,False,False
45,ProductAgeDays,0.0,0.0,0.0,True,False,False
45,ProductCategory,0.0,0.0,0.0,True,False,False
45,ProductImageAvailable,0.0,0.0,0.0,True,False,False
45,ProductPurchasePrice,0.0,0.0,0.0,True,False,True
45,ProductSubtype,0.0,0.0,0.0,True,False,False
45,RecentReinstallationReported,0.0,0.0,0.0,True,False,False
45,RepairCount,0.0,0.0,0.0,True,False,True
45,RepairReportAvailable,0.0,0.0,0.0,True,False,True
45,ReplacementWithinWarranty,0.0,0.0,0.0,True,False,True
45,ReportingDeadlineDays,0.0,0.0,0.0,True,False,False
45,RequiredDocumentCount,0.0,0.0,0.0,True,False,False
45,ScreenFaultImageAvailable,0.0,0.0,0.0,True,False,False
45,SerialEvidenceAvailable,0.0,0.0,0.0,True,False,False
45,ServiceDiagnosticAvailable,0.0,0.0,0.0,True,False,False
45,UnknownRequiredDocumentCount,0.0,0.0,0.0,True,False,False
45,UsageMeterEvidenceAvailable,0.0,0.0,0.0,True,False,False
45,UsageType,0.0,0.0,0.0,True,False,False
45,WarrantyDurationMonths,0.0,0.0,0.0,True,False,True
45,WarrantyProofAvailable,0.0,0.0,0.0,True,False,True
45,DuplicateClaimIndicator,0.005596681363049152,0.002959161337907002,0.0026375200251421505,False,False,False
45,ProductModelConsistent,0.006667638026019107,0.005875768691930887,0.0007918693340882204,False,False,False
45,OCRQualityBand,0.0071982818728084375,0.004382885908163359,0.0028153959646450783,False,False,False
45,MissingDocumentCount,0.011028896226044083,0.009643787286143402,0.001385108939900681,False,False,True
45,ContradictionIndicator,0.021582210333193103,0.0026439239479456376,0.018938286385247464,False,False,False
45,RepairAuthorized,0.03175407252537088,0.0034910340160878802,0.028263038509283,False,False,True
45,ClaimReportingWithinPeriod,0.04105278035938674,0.002750202144841642,0.0383025782145451,False,False,True
45,ProductIdentityMatch,0.041912556478086796,0.006579042901942452,0.035333513576144344,False,False,True
45,SerialNumberMatch,0.04305440689641506,0.0051966191901492344,0.03785778770626582,False,False,True
45,ClaimReportingDelayDays,0.0655547975109399,0.0063551533502621506,0.05919964416067775,False,False,True
45,OCRConfidence,0.08162753861782661,0.010959314092319006,0.0706682245255076,False,False,False
45,WarrantyRemainingDays,0.11641181667421292,0.008954468027633488,0.10745734864657944,False,False,True
45,FaultCovered,0.201768778772244,0.011581415774464074,0.19018736299777994,False,False,True
45,RequiredDocumentsComplete,0.20248087106176013,0.01776355347944714,0.184717317582313,False,False,True
46,PhysicalDamageReported,0.0,0.0,0.0,True,False,False
46,PriorClaimCount,0.0,0.0,0.0,True,False,False
46,ProductAgeDays,0.0,0.0,0.0,True,False,False
46,ProductCategory,0.0,0.0,0.0,True,False,False
46,ProductImageAvailable,0.0,0.0,0.0,True,False,False
46,ProductPurchasePrice,0.0,0.0,0.0,True,False,True
46,ProductSubtype,0.0,0.0,0.0,True,False,False
46,RecentReinstallationReported,0.0,0.0,0.0,True,False,False
46,RepairCount,0.0,0.0,0.0,True,False,True
46,RepairReportAvailable,0.0,0.0,0.0,True,False,True
46,ReplacementWithinWarranty,0.0,0.0,0.0,True,False,True
46,ReportingDeadlineDays,0.0,0.0,0.0,True,False,False
46,RequiredDocumentCount,0.0,0.0,0.0,True,False,False
46,ScreenFaultImageAvailable,0.0,0.0,0.0,True,False,False
46,SerialEvidenceAvailable,0.0,0.0,0.0,True,False,False
46,ServiceDiagnosticAvailable,0.0,0.0,0.0,True,False,False
46,UnknownRequiredDocumentCount,0.0,0.0,0.0,True,False,False
46,UsageMeterEvidenceAvailable,0.0,0.0,0.0,True,False,False
46,UsageType,0.0,0.0,0.0,True,False,False
46,WarrantyDurationMonths,0.0,0.0,0.0,True,False,True
46,WarrantyProofAvailable,0.0,0.0,0.0,True,False,True
46,DuplicateClaimIndicator,0.006167809669163929,0.0021720640881550887,0.00399574558100884,False,False,False
46,OCRQualityBand,0.008296219389900342,0.004103110275502959,0.004193109114397383,False,False,False
46,ProductModelConsistent,0.010540003367591949,0.004932899215566268,0.005607104152025681,False,False,False
46,ContradictionIndicator,0.018822867796676745,0.002912725095836354,0.01591014270084039,False,False,False
46,ProductIdentityMatch,0.025537028718066526,0.005799392256931959,0.019737636461134567,False,False,True
46,RepairAuthorized,0.026762307735125043,0.004992634881662763,0.02176967285346228,False,False,True
46,ClaimReportingWithinPeriod,0.056048756938566896,0.006128848155081004,0.04991990878348589,False,False,True
46,ClaimReportingDelayDays,0.06005731309932845,0.007104519791287113,0.052952793308041333,False,False,True
46,SerialNumberMatch,0.06325967416906919,0.007540024587197354,0.05571964958187184,False,False,True
46,OCRConfidence,0.07098657969214464,0.008831850694373368,0.062154728997771275,False,False,False
46,MissingDocumentCount,0.10554660835327447,0.01253126330156224,0.09301534505171223,False,False,True
46,RequiredDocumentsComplete,0.10797011075581482,0.012766546714755704,0.09520356404105912,False,False,True
46,WarrantyRemainingDays,0.12301726056168806,0.0118570079876219,0.11116025257406616,False,False,True
46,FaultCovered,0.20628557005825246,0.012576064757960817,0.19370950530029163,False,False,True
47,PriorClaimCount,0.0,0.0,0.0,True,False,False
47,ProductAgeDays,0.0,0.0,0.0,True,False,False
47,ProductCategory,0.0,0.0,0.0,True,False,False
47,ProductImageAvailable,0.0,0.0,0.0,True,False,False
47,ProductPurchasePrice,0.0,0.0,0.0,True,False,True
47,ProductSubtype,0.0,0.0,0.0,True,False,False
47,RecentReinstallationReported,0.0,0.0,0.0,True,False,False
47,RepairCount,0.0,0.0,0.0,True,False,True
47,RepairReportAvailable,0.0,0.0,0.0,True,False,True
47,ReplacementWithinWarranty,0.0,0.0,0.0,True,False,True
47,ReportingDeadlineDays,0.0,0.0,0.0,True,False,False
47,RequiredDocumentCount,0.0,0.0,0.0,True,False,False
47,ScreenFaultImageAvailable,0.0,0.0,0.0,True,False,False
47,SerialEvidenceAvailable,0.0,0.0,0.0,True,False,False
47,ServiceDiagnosticAvailable,0.0,0.0,0.0,True,False,False
47,UnknownRequiredDocumentCount,0.0,0.0,0.0,True,False,False
47,UsageMeterEvidenceAvailable,0.0,0.0,0.0,True,False,False
47,UsageType,0.0,0.0,0.0,True,False,False
47,WarrantyDurationMonths,0.0,0.0,0.0,True,False,True
47,WarrantyProofAvailable,0.0,0.0,0.0,True,False,True
47,DuplicateClaimIndicator,0.00671244827352005,0.0038758139743952052,0.0028366342991248445,False,False,False
47,OCRQualityBand,0.007754353487787052,0.005737095574807327,0.0020172579129797254,False,False,False
47,ProductModelConsistent,0.00941955605847497,0.005149522754009254,0.004270033304465717,False,False,False
47,MissingDocumentCount,0.015430823442993846,0.006645893451829049,0.008784929991164796,False,False,True
47,ContradictionIndicator,0.019361528152431473,0.008245316441594992,0.01111621171083648,False,False,False
47,RepairAuthorized,0.027896574371710406,0.0037062002060670356,0.02419037416564337,False,False,True
47,ProductIdentityMatch,0.03537838557719446,0.004904460075143854,0.0304739255020506,False,False,True
47,ClaimReportingWithinPeriod,0.039890954612352134,0.0027467319645419607,0.03714422264781017,False,False,True
47,SerialNumberMatch,0.052960885828463714,0.005339012464297297,0.047621873364166414,False,False,True
47,ClaimReportingDelayDays,0.07212983326076734,0.00707006430377073,0.06505976895699661,False,False,True
47,OCRConfidence,0.0760178390789287,0.009740145208185714,0.06627769387074299,False,False,False
47,WarrantyRemainingDays,0.1151744815993883,0.017783725851294126,0.09739075574809417,False,False,True
47,RequiredDocumentsComplete,0.19443733764547627,0.015495200869078801,0.17894213677639748,False,False,True
47,FaultCovered,0.20610369310004953,0.01355821927981548,0.19254547382023404,False,False,True
48,ProductAgeDays,0.0,0.0,0.0,True,False,False
48,ProductCategory,0.0,0.0,0.0,True,False,False
48,ProductImageAvailable,0.0,0.0,0.0,True,False,False
48,ProductPurchasePrice,0.0,0.0,0.0,True,False,True
48,ProductSubtype,0.0,0.0,0.0,True,False,False
48,RecentReinstallationReported,0.0,0.0,0.0,True,False,False
48,RepairCount,0.0,0.0,0.0,True,False,True
48,RepairReportAvailable,0.0,0.0,0.0,True,False,True
48,ReplacementWithinWarranty,0.0,0.0,0.0,True,False,True
48,ReportingDeadlineDays,0.0,0.0,0.0,True,False,False
48,RequiredDocumentCount,0.0,0.0,0.0,True,False,False
48,ScreenFaultImageAvailable,0.0,0.0,0.0,True,False,False
48,SerialEvidenceAvailable,0.0,0.0,0.0,True,False,False
48,ServiceDiagnosticAvailable,0.0,0.0,0.0,True,False,False
48,UnknownRequiredDocumentCount,0.0,0.0,0.0,True,False,False
48,UsageMeterEvidenceAvailable,0.0,0.0,0.0,True,False,False
48,UsageType,0.0,0.0,0.0,True,False,False
48,WarrantyDurationMonths,0.0,0.0,0.0,True,False,True
48,WarrantyProofAvailable,0.0,0.0,0.0,True,False,True
48,OCRQualityBand,0.005543879168889973,0.00366638064286896,0.0018774985260210132,False,False,False
48,ProductModelConsistent,0.00665780053429417,0.005866943369983536,0.0007908571643106335,False,False,False
48,DuplicateClaimIndicator,0.007298939113898548,0.0021645403337081787,0.005134398780190369,False,False,False
48,MissingDocumentCount,0.012672800966447267,0.006039393120930963,0.0066334078455163046,False,False,True
48,ContradictionIndicator,0.020490819785437958,0.004394460617282069,0.01609635916815589,False,False,False
48,RepairAuthorized,0.0273310369352895,0.006896752090165241,0.02043428484512426,False,False,True
48,ProductIdentityMatch,0.04462871499254677,0.0060017224212512935,0.038626992571295475,False,False,True
48,SerialNumberMatch,0.04792822267581798,0.007095259071222669,0.04083296360459531,False,False,True
48,ClaimReportingWithinPeriod,0.05430136039859737,0.005197420456605833,0.04910393994199154,False,False,True
48,ClaimReportingDelayDays,0.056610617806993835,0.005653870105554316,0.05095674770143952,False,False,True
48,OCRConfidence,0.06829239405360134,0.008304282780741894,0.05998811127285944,False,False,False
48,WarrantyRemainingDays,0.1233872741074475,0.010720939053221266,0.11266633505422624,False,False,True
48,FaultCovered,0.20310238095454738,0.020550366539682643,0.18255201441486474,False,False,True
48,RequiredDocumentsComplete,0.20841828346054936,0.01301772275076758,0.1954005607097818,False,False,True
49,ProductCategory,0.0,0.0,0.0,True,False,False
49,ProductImageAvailable,0.0,0.0,0.0,True,False,False
49,ProductPurchasePrice,0.0,0.0,0.0,True,False,True
49,ProductSubtype,0.0,0.0,0.0,True,False,False
49,RecentReinstallationReported,0.0,0.0,0.0,True,False,False
49,RepairCount,0.0,0.0,0.0,True,False,True
49,RepairReportAvailable,0.0,0.0,0.0,True,False,True
49,ReplacementWithinWarranty,0.0,0.0,0.0,True,False,True
49,ReportingDeadlineDays,0.0,0.0,0.0,True,False,False
49,RequiredDocumentCount,0.0,0.0,0.0,True,False,False
49,ScreenFaultImageAvailable,0.0,0.0,0.0,True,False,False
49,SerialEvidenceAvailable,0.0,0.0,0.0,True,False,False
49,ServiceDiagnosticAvailable,0.0,0.0,0.0,True,False,False
49,UnknownRequiredDocumentCount,0.0,0.0,0.0,True,False,False
49,UsageMeterEvidenceAvailable,0.0,0.0,0.0,True,False,False
49,UsageType,0.0,0.0,0.0,True,False,False
49,WarrantyDurationMonths,0.0,0.0,0.0,True,False,True
49,WarrantyProofAvailable,0.0,0.0,0.0,True,False,True
49,DuplicateClaimIndicator,0.006673032744622873,0.0022298267851432905,0.004443205959479582,False,False,False
49,ProductModelConsistent,0.009433922336219425,0.002652432537358723,0.0067814897988607015,False,False,False
49,OCRQualityBand,0.010503943319262687,0.006223294185843417,0.0042806491334192705,False,False,False
49,MissingDocumentCount,0.019308931321627365,0.008273880883686897,0.011035050437940468,False,False,True
49,ContradictionIndicator,0.021032099202924745,0.005288728967053904,0.01574337023587084,False,False,False
49,SerialNumberMatch,0.025571070173547622,0.0029157636165446903,0.02265530655700293,False,False,True
49,RepairAuthorized,0.026163790790228736,0.00686896003134035,0.019294830758888385,False,False,True
49,ClaimReportingWithinPeriod,0.05715059432641127,0.0038707993961984515,0.05327979493021282,False,False,True
49,ClaimReportingDelayDays,0.058898825979066524,0.004564165367432184,0.05433466061163434,False,False,True
49,ProductIdentityMatch,0.06238048124213583,0.006130314601556473,0.05625016664057936,False,False,True
49,OCRConfidence,0.07433375812582498,0.010269528675580767,0.0640642294502442,False,False,False
49,WarrantyRemainingDays,0.12137244512246546,0.010493458314536307,0.11087898680792915,False,False,True
49,RequiredDocumentsComplete,0.20918210418632666,0.020437139288844317,0.18874496489748233,False,False,True
49,FaultCovered,0.20943849321380525,0.018069826087193777,0.1913686671266115,False,False,True
50,ProductImageAvailable,0.0,0.0,0.0,True,False,False
50,ProductPurchasePrice,0.0,0.0,0.0,True,False,True
50,ProductSubtype,0.0,0.0,0.0,True,False,False
50,RecentReinstallationReported,0.0,0.0,0.0,True,False,False
50,RepairCount,0.0,0.0,0.0,True,False,True
50,RepairReportAvailable,0.0,0.0,0.0,True,False,True
50,ReplacementWithinWarranty,0.0,0.0,0.0,True,False,True
50,ReportingDeadlineDays,0.0,0.0,0.0,True,False,False
50,RequiredDocumentCount,0.0,0.0,0.0,True,False,False
50,ScreenFaultImageAvailable,0.0,0.0,0.0,True,False,False
50,SerialEvidenceAvailable,0.0,0.0,0.0,True,False,False
50,ServiceDiagnosticAvailable,0.0,0.0,0.0,True,False,False
50,UnknownRequiredDocumentCount,0.0,0.0,0.0,True,False,False
50,UsageMeterEvidenceAvailable,0.0,0.0,0.0,True,False,False
50,UsageType,0.0,0.0,0.0,True,False,False
50,WarrantyDurationMonths,0.0,0.0,0.0,True,False,True
50,WarrantyProofAvailable,0.0,0.0,0.0,True,False,True
50,OCRQualityBand,0.004983148243799432,0.0014661007016813282,0.0035170475421181036,False,False,False
50,DuplicateClaimIndicator,0.0061364442742646436,0.0030784883734598883,0.0030579559008047552,False,False,False
50,MissingDocumentCount,0.006591505417311863,0.007340190034968947,-0.0007486846176570838,False,False,True
50,ProductModelConsistent,0.008880040244853865,0.003130065761055305,0.00574997448379856,False,False,False
50,SerialNumberMatch,0.0216868490723318,0.005099492807484632,0.01658735626484717,False,False,True
50,ContradictionIndicator,0.022686210861027623,0.005595737501855127,0.017090473359172496,False,False,False
50,RepairAuthorized,0.028444926216276936,0.006275667543722591,0.022169258672554346,False,False,True
50,ClaimReportingWithinPeriod,0.05652145176364158,0.007857570836049498,0.04866388092759208,False,False,True
50,ClaimReportingDelayDays,0.06000750893313761,0.007134922435889714,0.052872586497247895,False,False,True
50,ProductIdentityMatch,0.06056939903720357,0.006383407559928996,0.05418599147727457,False,False,True
50,OCRConfidence,0.07216662635977167,0.007247873473157197,0.06491875288661447,False,False,False
50,WarrantyRemainingDays,0.1236279362108027,0.010220673046939091,0.11340726316386361,False,False,True
50,RequiredDocumentsComplete,0.200247721482201,0.030653529690969517,0.16959419179123147,False,False,True
50,FaultCovered,0.2042506325967476,0.013084840653417952,0.19116579194332967,False,False,True
51,ProductPurchasePrice,0.0,0.0,0.0,True,False,True
51,ProductSubtype,0.0,0.0,0.0,True,False,False
51,RecentReinstallationReported,0.0,0.0,0.0,True,False,False
51,RepairCount,0.0,0.0,0.0,True,False,True
51,RepairReportAvailable,0.0,0.0,0.0,True,False,True
51,ReplacementWithinWarranty,0.0,0.0,0.0,True,False,True
51,ReportingDeadlineDays,0.0,0.0,0.0,True,False,False
51,RequiredDocumentCount,0.0,0.0,0.0,True,False,False
51,ScreenFaultImageAvailable,0.0,0.0,0.0,True,False,False
51,SerialEvidenceAvailable,0.0,0.0,0.0,True,False,False
51,ServiceDiagnosticAvailable,0.0,0.0,0.0,True,False,False
51,UnknownRequiredDocumentCount,0.0,0.0,0.0,True,False,False
51,UsageMeterEvidenceAvailable,0.0,0.0,0.0,True,False,False
51,UsageType,0.0,0.0,0.0,True,False,False
51,WarrantyDurationMonths,0.0,0.0,0.0,True,False,True
51,WarrantyProofAvailable,0.0,0.0,0.0,True,False,True
51,DuplicateClaimIndicator,0.005605232760383216,0.003716806564847553,0.0018884261955356635,False,False,False
51,ProductModelConsistent,0.006103795740677986,0.0038017648424491447,0.0023020308982288416,False,False,False
51,OCRQualityBand,0.007739856677280457,0.006541181324461918,0.0011986753528185389,False,False,False
51,MissingDocumentCount,0.012117205513832024,0.007905833718090794,0.00421137179574123,False,False,True
51,ContradictionIndicator,0.018805931035856316,0.006878915015828665,0.011927016020027652,False,False,False
51,ProductIdentityMatch,0.023943847923797654,0.006631221304585835,0.01731262661921182,False,False,True
51,RepairAuthorized,0.02900873124404256,0.006250917518747515,0.022757813725295045,False,False,True
51,SerialNumberMatch,0.053984704648821866,0.010198824044505285,0.04378588060431658,False,False,True
51,ClaimReportingWithinPeriod,0.05721495170565742,0.003230798965549361,0.05398415274010806,False,False,True
51,ClaimReportingDelayDays,0.06287050816707884,0.005808428843708508,0.05706207932337033,False,False,True
51,OCRConfidence,0.06548725447818504,0.01243252603285532,0.05305472844532972,False,False,False
51,WarrantyRemainingDays,0.11622695641735271,0.007940590033745837,0.10828636638360688,False,False,True
51,RequiredDocumentsComplete,0.19317164519852748,0.02254079536071313,0.17063084983781435,False,False,True
51,FaultCovered,0.20527854420751923,0.015884775346877166,0.18939376886064208,False,False,True
52,ProductSubtype,0.0,0.0,0.0,True,False,False
52,RecentReinstallationReported,0.0,0.0,0.0,True,False,False
52,RepairCount,0.0,0.0,0.0,True,False,True
52,RepairReportAvailable,0.0,0.0,0.0,True,False,True
52,ReplacementWithinWarranty,0.0,0.0,0.0,True,False,True
52,ReportingDeadlineDays,0.0,0.0,0.0,True,False,False
52,RequiredDocumentCount,0.0,0.0,0.0,True,False,False
52,ScreenFaultImageAvailable,0.0,0.0,0.0,True,False,False
52,SerialEvidenceAvailable,0.0,0.0,0.0,True,False,False
52,ServiceDiagnosticAvailable,0.0,0.0,0.0,True,False,False
52,UnknownRequiredDocumentCount,0.0,0.0,0.0,True,False,False
52,UsageMeterEvidenceAvailable,0.0,0.0,0.0,True,False,False
52,UsageType,0.0,0.0,0.0,True,False,False
52,WarrantyDurationMonths,0.0,0.0,0.0,True,False,True
52,WarrantyProofAvailable,0.0,0.0,0.0,True,False,True
52,OCRQualityBand,0.006095239489157855,0.003790132750068362,0.0023051067390894935,False,False,False
52,DuplicateClaimIndicator,0.006712067510131023,0.002222665727958567,0.004489401782172456,False,False,False
52,ProductModelConsistent,0.010539974260006496,0.004920972238139296,0.0056190020218672004,False,False,False
52,MissingDocumentCount,0.016546830900944512,0.006913641697038593,0.009633189203905919,False,False,True
52,ContradictionIndicator,0.021570034048395373,0.00890096378021491,0.012669070268180463,False,False,False
52,ProductIdentityMatch,0.022788424657828987,0.004133547554101856,0.01865487710372713,False,False,True
52,RepairAuthorized,0.030705330066001832,0.004145393935156383,0.02655993613084545,False,False,True
52,ClaimReportingDelayDays,0.054354689037570125,0.0040528980471297195,0.05030179099044041,False,False,True
52,ClaimReportingWithinPeriod,0.05883334326156704,0.006075420906567547,0.052757922354999494,False,False,True
52,SerialNumberMatch,0.06003833504815087,0.006164881588782843,0.053873453459368024,False,False,True
52,OCRConfidence,0.07436941475013914,0.00978700420079112,0.06458241054934802,False,False,False
52,WarrantyRemainingDays,0.11693231580977181,0.01669566324600867,0.10023665256376314,False,False,True
52,RequiredDocumentsComplete,0.2051069664164538,0.015892879955649586,0.1892140864608042,False,False,True
52,FaultCovered,0.20789052784866197,0.016094587380810137,0.19179594046785184,False,False,True
53,RecentReinstallationReported,0.0,0.0,0.0,True,False,False
53,RepairCount,0.0,0.0,0.0,True,False,True
53,RepairReportAvailable,0.0,0.0,0.0,True,False,True
53,ReplacementWithinWarranty,0.0,0.0,0.0,True,False,True
53,ReportingDeadlineDays,0.0,0.0,0.0,True,False,False
53,RequiredDocumentCount,0.0,0.0,0.0,True,False,False
53,ScreenFaultImageAvailable,0.0,0.0,0.0,True,False,False
53,SerialEvidenceAvailable,0.0,0.0,0.0,True,False,False
53,ServiceDiagnosticAvailable,0.0,0.0,0.0,True,False,False
53,UnknownRequiredDocumentCount,0.0,0.0,0.0,True,False,False
53,UsageMeterEvidenceAvailable,0.0,0.0,0.0,True,False,False
53,UsageType,0.0,0.0,0.0,True,False,False
53,WarrantyDurationMonths,0.0,0.0,0.0,True,False,True
53,WarrantyProofAvailable,0.0,0.0,0.0,True,False,True
53,DuplicateClaimIndicator,0.00503417658223046,0.0034935369256898236,0.001540639656540636,False,False,False
53,ProductModelConsistent,0.011654326762963255,0.0037884240973408453,0.007865902665622409,False,False,False
53,OCRQualityBand,0.013280009858842923,0.005411682746941138,0.007868327111901784,False,False,False
53,ContradictionIndicator,0.017717201677816374,0.007601841286280435,0.01011536039153594,False,False,False
53,MissingDocumentCount,0.02598198370725538,0.007497213745055805,0.018484769962199575,False,False,True
53,RepairAuthorized,0.027329871016690363,0.006872204344260015,0.020457666672430347,False,False,True
53,ProductIdentityMatch,0.03049984585370441,0.0034447990586475266,0.027055046795056884,False,False,True
53,SerialNumberMatch,0.052341086656442076,0.008847166543541684,0.04349392011290039,False,False,True
53,ClaimReportingDelayDays,0.060759397645632277,0.004070459619685761,0.05668893802594652,False,False,True
53,ClaimReportingWithinPeriod,0.06413108031495098,0.003601818390708507,0.06052926192424247,False,False,True
53,OCRConfidence,0.07598870935511798,0.012573128681984297,0.06341558067313369,False,False,False
53,WarrantyRemainingDays,0.11968693610481514,0.011825136475504193,0.10786179962931094,False,False,True
53,FaultCovered,0.2015513699252893,0.01939530831160885,0.18215606161368045,False,False,True
53,RequiredDocumentsComplete,0.20176874057280952,0.009042882956632437,0.19272585761617708,False,False,True
54,RepairCount,0.0,0.0,0.0,True,False,True
54,RepairReportAvailable,0.0,0.0,0.0,True,False,True
54,ReplacementWithinWarranty,0.0,0.0,0.0,True,False,True
54,ReportingDeadlineDays,0.0,0.0,0.0,True,False,False
54,RequiredDocumentCount,0.0,0.0,0.0,True,False,False
54,ScreenFaultImageAvailable,0.0,0.0,0.0,True,False,False
54,SerialEvidenceAvailable,0.0,0.0,0.0,True,False,False
54,ServiceDiagnosticAvailable,0.0,0.0,0.0,True,False,False
54,UnknownRequiredDocumentCount,0.0,0.0,0.0,True,False,False
54,UsageMeterEvidenceAvailable,0.0,0.0,0.0,True,False,False
54,UsageType,0.0,0.0,0.0,True,False,False
54,WarrantyDurationMonths,0.0,0.0,0.0,True,False,True
54,WarrantyProofAvailable,0.0,0.0,0.0,True,False,True
54,DuplicateClaimIndicator,0.006176241464805804,0.0031362919902781566,0.0030399494745276473,False,False,False
54,OCRQualityBand,0.00886182894583662,0.0022054932143032403,0.006656335731533379,False,False,False
54,MissingDocumentCount,0.009363317520351438,0.007142396695329546,0.0022209208250218923,False,False,True
54,ProductModelConsistent,0.009421655074774937,0.004657188417435555,0.004764466657339382,False,False,False
54,ContradictionIndicator,0.021016183642581635,0.005718410507454605,0.015297773135127028,False,False,False
54,RepairAuthorized,0.03013420581171318,0.005313243851868422,0.024820961959844758,False,False,True
54,SerialNumberMatch,0.0349228924877715,0.004667707580723794,0.030255184907047705,False,False,True
54,ProductIdentityMatch,0.047417740961627736,0.003601485319897606,0.04381625564173013,False,False,True
54,ClaimReportingDelayDays,0.05839388349641601,0.0054397457739988,0.052954137722417215,False,False,True
54,ClaimReportingWithinPeriod,0.05947557803404532,0.00676256405801885,0.05271301397602647,False,False,True
54,OCRConfidence,0.07329123984116225,0.015681162569189513,0.05761007727197273,False,False,False
54,WarrantyRemainingDays,0.13108857739983681,0.010989506866133507,0.1200990705337033,False,False,True
54,RequiredDocumentsComplete,0.202450277476016,0.013442497304243487,0.1890077801717725,False,False,True
54,FaultCovered,0.21237368238972193,0.01664612677279844,0.19572755561692348,False,False,True
55,RepairReportAvailable,0.0,0.0,0.0,True,False,True
55,ReplacementWithinWarranty,0.0,0.0,0.0,True,False,True
55,ReportingDeadlineDays,0.0,0.0,0.0,True,False,False
55,RequiredDocumentCount,0.0,0.0,0.0,True,False,False
55,ScreenFaultImageAvailable,0.0,0.0,0.0,True,False,False
55,SerialEvidenceAvailable,0.0,0.0,0.0,True,False,False
55,ServiceDiagnosticAvailable,0.0,0.0,0.0,True,False,False
55,UnknownRequiredDocumentCount,0.0,0.0,0.0,True,False,False
55,UsageMeterEvidenceAvailable,0.0,0.0,0.0,True,False,False
55,UsageType,0.0,0.0,0.0,True,False,False
55,WarrantyDurationMonths,0.0,0.0,0.0,True,False,True
55,WarrantyProofAvailable,0.0,0.0,0.0,True,False,True
55,DuplicateClaimIndicator,0.0050378310656395975,0.002682282425451967,0.0023555486401876306,False,False,False
55,OCRQualityBand,0.01054714871129199,0.0030964524979931046,0.007450696213298885,False,False,False
55,ProductModelConsistent,0.012199470557029163,0.005766761634319808,0.006432708922709355,False,False,False
55,ContradictionIndicator,0.016627716320430613,0.0036577405538853317,0.012969975766545282,False,False,False
55,MissingDocumentCount,0.017112986370450403,0.00950711164386001,0.007605874726590392,False,False,True
55,RepairAuthorized,0.02729140212818275,0.006470890546329682,0.020820511581853066,False,False,True
55,SerialNumberMatch,0.03866005104634429,0.004231925678151412,0.034428125368192876,False,False,True
55,ProductIdentityMatch,0.03924644231151375,0.00459638325949123,0.03465005905202252,False,False,True
55,ClaimReportingWithinPeriod,0.05835332878237719,0.007512868183084274,0.05084046059929291,False,False,True
55,ClaimReportingDelayDays,0.06063664112232646,0.00731897077247091,0.05331767034985555,False,False,True
55,OCRConfidence,0.06939782401696407,0.00437809232184745,0.06501973169511661,False,False,False
55,WarrantyRemainingDays,0.12080131867836064,0.009129035030816045,0.11167228364754458,False,False,True
55,FaultCovered,0.20119684002589927,0.016756060061578655,0.18444077996432062,False,False,True
55,RequiredDocumentsComplete,0.21001550250394935,0.018349807420538867,0.19166569508341047,False,False,True
56,ReplacementWithinWarranty,0.0,0.0,0.0,True,False,True
56,ReportingDeadlineDays,0.0,0.0,0.0,True,False,False
56,RequiredDocumentCount,0.0,0.0,0.0,True,False,False
56,ScreenFaultImageAvailable,0.0,0.0,0.0,True,False,False
56,SerialEvidenceAvailable,0.0,0.0,0.0,True,False,False
56,ServiceDiagnosticAvailable,0.0,0.0,0.0,True,False,False
56,UnknownRequiredDocumentCount,0.0,0.0,0.0,True,False,False
56,UsageMeterEvidenceAvailable,0.0,0.0,0.0,True,False,False
56,UsageType,0.0,0.0,0.0,True,False,False
56,WarrantyDurationMonths,0.0,0.0,0.0,True,False,True
56,WarrantyProofAvailable,0.0,0.0,0.0,True,False,True
56,DuplicateClaimIndicator,0.003934946942532019,0.00470832500894077,-0.0007733780664087508,False,False,False
56,OCRQualityBand,0.007197986096080189,0.004387587293983945,0.002810398802096244,False,False,False
56,ProductModelConsistent,0.008309984957669422,0.0056088114737322965,0.002701173483937126,False,False,False
56,ContradictionIndicator,0.018819858475998402,0.0052769812261620735,0.013542877249836329,False,False,False
56,RepairAuthorized,0.023410355421075627,0.006616110918891756,0.01679424450218387,False,False,True
56,MissingDocumentCount,0.02432226124039269,0.012744960979448234,0.011577300260944456,False,False,True
56,SerialNumberMatch,0.025519587916725484,0.0019225305298664623,0.02359705738685902,False,False,True
56,ProductIdentityMatch,0.05456147192621923,0.007176011813346108,0.04738546011287312,False,False,True
56,ClaimReportingWithinPeriod,0.059495424313719736,0.0058444778097418715,0.053650946503977864,False,False,True
56,ClaimReportingDelayDays,0.062309963923295186,0.006786963745318256,0.05552300017797693,False,False,True
56,OCRConfidence,0.06777462029957759,0.007586071084016264,0.06018854921556133,False,False,False
56,WarrantyRemainingDays,0.12083165132619071,0.006718220124365757,0.11411343120182496,False,False,True
56,RequiredDocumentsComplete,0.18210927378941877,0.014275857459959566,0.1678334163294592,False,False,True
56,FaultCovered,0.2038109950063201,0.017880214649880082,0.18593078035644003,False,False,True
57,ReportingDeadlineDays,0.0,0.0,0.0,True,False,False
57,RequiredDocumentCount,0.0,0.0,0.0,True,False,False
57,ScreenFaultImageAvailable,0.0,0.0,0.0,True,False,False
57,SerialEvidenceAvailable,0.0,0.0,0.0,True,False,False
57,ServiceDiagnosticAvailable,0.0,0.0,0.0,True,False,False
57,UnknownRequiredDocumentCount,0.0,0.0,0.0,True,False,False
57,UsageMeterEvidenceAvailable,0.0,0.0,0.0,True,False,False
57,UsageType,0.0,0.0,0.0,True,False,False
57,WarrantyDurationMonths,0.0,0.0,0.0,True,False,True
57,WarrantyProofAvailable,0.0,0.0,0.0,True,False,True
57,DuplicateClaimIndicator,0.004494029474178388,0.00316456555075135,0.0013294639234270374,False,False,False
57,OCRQualityBand,0.006090728515599164,0.005383497599797319,0.0007072309158018455,False,False,False
57,ProductModelConsistent,0.009434179919354538,0.005618178715958229,0.0038160012033963088,False,False,False
57,MissingDocumentCount,0.011574671995256927,0.0037854849266138256,0.007789187068643101,False,False,True
57,ContradictionIndicator,0.02045118361530876,0.0065726787876314256,0.013878504827677334,False,False,False
57,RepairAuthorized,0.023337970764575777,0.008571510696583975,0.014766460067991802,False,False,True
57,SerialNumberMatch,0.02880068260085529,0.004902812001260606,0.023897870599594685,False,False,True
57,ProductIdentityMatch,0.05788265789284086,0.007341105812729636,0.05054155208011123,False,False,True
57,ClaimReportingDelayDays,0.05901548170610453,0.004088600572227589,0.05492688113387694,False,False,True
57,ClaimReportingWithinPeriod,0.06347601050473048,0.00330438314085446,0.06017162736387602,False,False,True
57,OCRConfidence,0.07487719662019314,0.01021472853330735,0.06466246808688579,False,False,False
57,WarrantyRemainingDays,0.1172920996356852,0.015004480124697931,0.10228761951098726,False,False,True
57,RequiredDocumentsComplete,0.19592223295380004,0.022765701879924643,0.1731565310738754,False,False,True
57,FaultCovered,0.19730870183442506,0.019900426000398364,0.17740827583402669,False,False,True
58,RequiredDocumentCount,0.0,0.0,0.0,True,False,False
58,ScreenFaultImageAvailable,0.0,0.0,0.0,True,False,False
58,SerialEvidenceAvailable,0.0,0.0,0.0,True,False,False
58,ServiceDiagnosticAvailable,0.0,0.0,0.0,True,False,False
58,UnknownRequiredDocumentCount,0.0,0.0,0.0,True,False,False
58,UsageMeterEvidenceAvailable,0.0,0.0,0.0,True,False,False
58,UsageType,0.0,0.0,0.0,True,False,False
58,WarrantyDurationMonths,0.0,0.0,0.0,True,False,True
58,WarrantyProofAvailable,0.0,0.0,0.0,True,False,True
58,OCRQualityBand,0.0027818252608168698,0.002154792581440568,0.0006270326793763018,False,False,False
58,DuplicateClaimIndicator,0.006149034351844426,0.00312830092772897,0.003020733424115456,False,False,False
58,ProductModelConsistent,0.011076889055530406,0.005415165038753307,0.005661724016777099,False,False,False
58,ContradictionIndicator,0.01386297523206155,0.004080567966415526,0.009782407265646024,False,False,False
58,RepairAuthorized,0.029539834325752468,0.0038006995335901003,0.025739134792162367,False,False,True
58,ProductIdentityMatch,0.03759620090468274,0.0031193456779753173,0.034476855226707424,False,False,True
58,MissingDocumentCount,0.05167519061209783,0.012752016605180605,0.03892317400691722,False,False,True
58,SerialNumberMatch,0.05515053595716386,0.004935656899956214,0.050214879057207645,False,False,True
58,ClaimReportingDelayDays,0.058409745590215376,0.004962914984237243,0.05344683060597813,False,False,True
58,ClaimReportingWithinPeriod,0.06229586374625429,0.00551456006852624,0.056781303677728046,False,False,True
58,OCRConfidence,0.06777071543310591,0.013584205103059098,0.05418651033004681,False,False,False
58,WarrantyRemainingDays,0.12668102281285143,0.012164664928709329,0.1145163578841421,False,False,True
58,RequiredDocumentsComplete,0.16655202900462843,0.02406160130548622,0.14249042769914222,False,False,True
58,FaultCovered,0.20127446386018832,0.022204623847592798,0.17906984001259552,False,False,True
59,ScreenFaultImageAvailable,0.0,0.0,0.0,True,False,False
59,SerialEvidenceAvailable,0.0,0.0,0.0,True,False,False
59,ServiceDiagnosticAvailable,0.0,0.0,0.0,True,False,False
59,UnknownRequiredDocumentCount,0.0,0.0,0.0,True,False,False
59,UsageMeterEvidenceAvailable,0.0,0.0,0.0,True,False,False
59,UsageType,0.0,0.0,0.0,True,False,False
59,WarrantyDurationMonths,0.0,0.0,0.0,True,False,True
59,WarrantyProofAvailable,0.0,0.0,0.0,True,False,True
59,DuplicateClaimIndicator,0.005049297416140824,0.00349120771875661,0.0015580896973842145,False,False,False
59,OCRQualityBand,0.010516159821021956,0.00378039846836247,0.0067357613526594865,False,False,False
59,ProductModelConsistent,0.011639272219821181,0.003792191833340942,0.00784708038648024,False,False,False
59,ContradictionIndicator,0.018816476808768773,0.006523818358381694,0.01229265845038708,False,False,False
59,RepairAuthorized,0.026820213642262752,0.0049416474696322935,0.02187856617263046,False,False,True
59,MissingDocumentCount,0.03600203635428173,0.008175019043929966,0.027827017310351764,False,False,True
59,SerialNumberMatch,0.04362216016792776,0.004569354725251616,0.03905280544267615,False,False,True
59,ClaimReportingWithinPeriod,0.047383442849018464,0.004016115711730241,0.04336732713728822,False,False,True
59,ProductIdentityMatch,0.04805781246986296,0.0026369341209193735,0.04542087834894359,False,False,True
59,ClaimReportingDelayDays,0.06213037832423156,0.007171706623590984,0.054958671700640574,False,False,True
59,OCRConfidence,0.07489779368499096,0.009212846094033191,0.06568494759095776,False,False,False
59,WarrantyRemainingDays,0.11891144583581392,0.014658602648728987,0.10425284318708494,False,False,True
59,RequiredDocumentsComplete,0.17194083425040668,0.026018433099248794,0.1459224011511579,False,False,True
59,FaultCovered,0.20282710211421456,0.021899370916551617,0.18092773119766295,False,False,True
60,SerialEvidenceAvailable,0.0,0.0,0.0,True,False,False
60,ServiceDiagnosticAvailable,0.0,0.0,0.0,True,False,False
60,UnknownRequiredDocumentCount,0.0,0.0,0.0,True,False,False
60,UsageMeterEvidenceAvailable,0.0,0.0,0.0,True,False,False
60,UsageType,0.0,0.0,0.0,True,False,False
60,WarrantyDurationMonths,0.0,0.0,0.0,True,False,True
60,WarrantyProofAvailable,0.0,0.0,0.0,True,False,True
60,DuplicateClaimIndicator,0.003919053356286242,0.0026836715787938556,0.0012353817774923867,False,False,False
60,OCRQualityBand,0.006651382932869598,0.00382866279355669,0.0028227201393129083,False,False,False
60,ProductModelConsistent,0.008881726456650182,0.007692702493652748,0.0011890239629974344,False,False,False
60,MissingDocumentCount,0.017113639657571234,0.006040678924460129,0.011072960733111105,False,False,True
60,ContradictionIndicator,0.018822207736530205,0.006142553500479681,0.012679654236050525,False,False,False
60,SerialNumberMatch,0.023912918315676684,0.0030517507934177753,0.02086116752225891,False,False,True
60,RepairAuthorized,0.025594033447583445,0.0070179971688807095,0.018576036278702735,False,False,True
60,ClaimReportingDelayDays,0.05493290180439776,0.005856078285018072,0.04907682351937969,False,False,True
60,ClaimReportingWithinPeriod,0.059977749596206734,0.009376860486743611,0.05060088910946312,False,False,True
60,ProductIdentityMatch,0.06371034920581914,0.005735275596572056,0.057975073609247085,False,False,True
60,OCRConfidence,0.07609547174729431,0.009775030319822492,0.06632044142747182,False,False,False
60,WarrantyRemainingDays,0.1245431487915828,0.009497354787783269,0.11504579400379954,False,False,True
60,FaultCovered,0.20048945188201578,0.012329311915647838,0.18816013996636793,False,False,True
60,RequiredDocumentsComplete,0.20566103505151243,0.016955036452573076,0.18870599859893936,False,False,True
61,ServiceDiagnosticAvailable,0.0,0.0,0.0,True,False,False
61,UnknownRequiredDocumentCount,0.0,0.0,0.0,True,False,False
61,UsageMeterEvidenceAvailable,0.0,0.0,0.0,True,False,False
61,UsageType,0.0,0.0,0.0,True,False,False
61,WarrantyDurationMonths,0.0,0.0,0.0,True,False,True
61,WarrantyProofAvailable,0.0,0.0,0.0,True,False,True
61,DuplicateClaimIndicator,0.0061954255579010215,0.0021665724034813753,0.004028853154419646,False,False,False
61,OCRQualityBand,0.009399140351588148,0.006421862704324442,0.0029772776472637057,False,False,False
61,ProductModelConsistent,0.010536600601261409,0.004399730190731044,0.006136870410530365,False,False,False
61,ContradictionIndicator,0.018261650131879886,0.004653094762917871,0.013608555368962015,False,False,False
61,MissingDocumentCount,0.019883355263028216,0.00663770532000734,0.013245649943020875,False,False,True
61,RepairAuthorized,0.027372804953254545,0.004702886836620808,0.022669918116633738,False,False,True
61,SerialNumberMatch,0.04202177884611788,0.003758892235721525,0.038262886610396354,False,False,True
61,ProductIdentityMatch,0.04419837677664103,0.003151344947854253,0.04104703182878677,False,False,True
61,ClaimReportingWithinPeriod,0.050846724052637626,0.004467389895890696,0.04637933415674693,False,False,True
61,OCRConfidence,0.06498995487092755,0.010075780881152881,0.054914173989774676,False,False,False
61,ClaimReportingDelayDays,0.06906805282176101,0.005834577387166949,0.06323347543459407,False,False,True
61,WarrantyRemainingDays,0.12292149604716257,0.006161760797250623,0.11675973524991194,False,False,True
61,RequiredDocumentsComplete,0.20438807214160773,0.01969919040289573,0.184688881738712,False,False,True
61,FaultCovered,0.20960629369904404,0.01485638030968129,0.19474991338936276,False,False,True
62,UnknownRequiredDocumentCount,0.0,0.0,0.0,True,False,False
62,UsageMeterEvidenceAvailable,0.0,0.0,0.0,True,False,False
62,UsageType,0.0,0.0,0.0,True,False,False
62,WarrantyDurationMonths,0.0,0.0,0.0,True,False,True
62,WarrantyProofAvailable,0.0,0.0,0.0,True,False,True
62,DuplicateClaimIndicator,0.006152954291583815,0.0031148348433719074,0.0030381194482119074,False,False,False
62,OCRQualityBand,0.0077399074915995986,0.002913813386309558,0.00482609410529004,False,False,False
62,ProductModelConsistent,0.009425404282068908,0.00515764174108904,0.004267762540979868,False,False,False
62,MissingDocumentCount,0.011019581840351109,0.0066329002233783685,0.00438668161697274,False,False,True
62,ContradictionIndicator,0.02045332247360669,0.006582213610017281,0.01387110886358941,False,False,False
62,ProductIdentityMatch,0.02608934815858363,0.002675989855797788,0.023413358302785844,False,False,True
62,RepairAuthorized,0.030675127198902127,0.003545390141359803,0.027129737057542326,False,False,True
62,ClaimReportingWithinPeriod,0.04795892261888399,0.003993321230931103,0.043965601387952885,False,False,True
62,SerialNumberMatch,0.055555968760561486,0.009251873370295476,0.04630409539026601,False,False,True
62,ClaimReportingDelayDays,0.06333866797771652,0.005556698704352992,0.05778196927336353,False,False,True
62,OCRConfidence,0.07487042162403548,0.011325941345612225,0.06354448027842326,False,False,False
62,WarrantyRemainingDays,0.12112086415891218,0.00850560027456079,0.11261526388435139,False,False,True
62,FaultCovered,0.20748385169452419,0.016677059509428344,0.19080679218509583,False,False,True
62,RequiredDocumentsComplete,0.208883334237987,0.01698987074358765,0.19189346349439934,False,False,True
63,UsageMeterEvidenceAvailable,0.0,0.0,0.0,True,False,False
63,UsageType,0.0,0.0,0.0,True,False,False
63,WarrantyDurationMonths,0.0,0.0,0.0,True,False,True
63,WarrantyProofAvailable,0.0,0.0,0.0,True,False,True
63,DuplicateClaimIndicator,0.00562453216053721,0.0037205198466299452,0.0019040123139072648,False,False,False
63,OCRQualityBand,0.007213451065101836,0.004902129258814398,0.0023113218062874386,False,False,False
63,ProductModelConsistent,0.011622584745502873,0.005809485502499902,0.0058130992430029714,False,False,False
63,MissingDocumentCount,0.014909386194225618,0.00583328318330451,0.009076103010921108,False,False,True
63,ContradictionIndicator,0.019932151512207202,0.006241020982923215,0.013691130529283987,False,False,False
63,RepairAuthorized,0.025735783943621166,0.004876203960101523,0.020859579983519644,False,False,True
63,ProductIdentityMatch,0.04256122507783823,0.002085368843560967,0.04047585623427726,False,False,True
63,SerialNumberMatch,0.04367437956321271,0.0027350253779804875,0.04093935418523222,False,False,True
63,ClaimReportingWithinPeriod,0.05146307446020491,0.003227972298346556,0.048235102161858355,False,False,True
63,ClaimReportingDelayDays,0.06904564661998312,0.006695423582215847,0.06235022303776727,False,False,True
63,OCRConfidence,0.07545784351466846,0.010805603858808084,0.06465223965586037,False,False,False
63,WarrantyRemainingDays,0.12579111208474758,0.010169370661190799,0.11562174142355679,False,False,True
63,FaultCovered,0.207702179982253,0.01901214996203609,0.1886900300202169,False,False,True
63,RequiredDocumentsComplete,0.21198134530522483,0.012246125055648377,0.19973522024957646,False,False,True
64,UsageType,0.0,0.0,0.0,True,False,False
64,WarrantyDurationMonths,0.0,0.0,0.0,True,False,True
64,WarrantyProofAvailable,0.0,0.0,0.0,True,False,True
64,DuplicateClaimIndicator,0.007318118912360352,0.0021720882972847823,0.00514603061507557,False,False,False
64,OCRQualityBand,0.010515987805799973,0.003069937616620181,0.007446050189179792,False,False,False
64,ProductModelConsistent,0.012203089285366231,0.005767211938197135,0.006435877347169096,False,False,False
64,ContradictionIndicator,0.021025822149334503,0.004805140444390778,0.016220681704943726,False,False,False
64,RepairAuthorized,0.031234522928590566,0.008596807933975978,0.02263771499461459,False,False,True
64,MissingDocumentCount,0.03931946297872052,0.006486465777742731,0.03283299720097779,False,False,True
64,SerialNumberMatch,0.044158943471639886,0.0069411238087409245,0.037217819662898964,False,False,True
64,ProductIdentityMatch,0.049196262853408335,0.007748660917395924,0.04144760193601241,False,False,True
64,ClaimReportingWithinPeriod,0.05711932192937351,0.0038990852224577172,0.053220236706915794,False,False,True
64,ClaimReportingDelayDays,0.06302986142905949,0.002707365618999655,0.060322495810059835,False,False,True
64,OCRConfidence,0.06997121606025487,0.007195966200234386,0.06277524986002049,False,False,False
64,WarrantyRemainingDays,0.115907745839814,0.011879893520738443,0.10402785231907556,False,False,True
64,RequiredDocumentsComplete,0.1799520576903306,0.010953073420664953,0.16899898426966564,False,False,True
64,FaultCovered,0.20194993514762866,0.016002548201368753,0.1859473869462599,False,False,True
65,WarrantyDurationMonths,0.0,0.0,0.0,True,False,True
65,WarrantyProofAvailable,0.0,0.0,0.0,True,False,True
65,DuplicateClaimIndicator,0.005049440735586289,0.0026798838877790574,0.002369556847807231,False,False,False
65,OCRQualityBand,0.008332071438408223,0.004081061690564874,0.004251009747843349,False,False,False
65,ProductModelConsistent,0.008863382254193239,0.006641335763309208,0.0022220464908840306,False,False,False
65,MissingDocumentCount,0.014888896558101092,0.007319511562039261,0.00756938499606183,False,False,True
65,ContradictionIndicator,0.024352181035813686,0.006952484046816788,0.017399696988996897,False,False,False
65,RepairAuthorized,0.025624947476504137,0.004353892133243463,0.021271055343260674,False,False,True
65,SerialNumberMatch,0.04410058608516222,0.005381184820516936,0.038719401264645285,False,False,True
65,ProductIdentityMatch,0.046308920013042126,0.005807049597261647,0.04050187041578048,False,False,True
65,ClaimReportingWithinPeriod,0.04737796121089277,0.003293512549499263,0.04408444866139351,False,False,True
65,ClaimReportingDelayDays,0.058808841463545106,0.0032455856658250492,0.055563255797720056,False,False,True
65,OCRConfidence,0.07110099301760194,0.006611160243007574,0.06448983277459436,False,False,False
65,WarrantyRemainingDays,0.12314464231022072,0.010651780289518959,0.11249286202070176,False,False,True
65,FaultCovered,0.21525035952713856,0.009931465683572404,0.20531889384356616,False,False,True
65,RequiredDocumentsComplete,0.22044852088252082,0.019241148611981403,0.20120737227053942,False,False,True
66,WarrantyProofAvailable,0.0,0.0,0.0,True,False,True
66,DuplicateClaimIndicator,0.003922755313425549,0.002671377983708209,0.0012513773297173404,False,False,False
66,OCRQualityBand,0.009415306125180503,0.00410108001877818,0.005314226106402323,False,False,False
66,ContradictionIndicator,0.011655266723364283,0.005810167710752098,0.005845099012612184,False,False,False
66,ProductModelConsistent,0.012191996140342498,0.0042709618156696535,0.007921034324672845,False,False,False
66,MissingDocumentCount,0.01324725275425448,0.008563216146095814,0.004684036608158665,False,False,True
66,RepairAuthorized,0.03011043889548795,0.006190166933479065,0.023920271962008886,False,False,True
66,SerialNumberMatch,0.03975136396924091,0.0030808767101509786,0.03667048725908993,False,False,True
66,ProductIdentityMatch,0.04697043384765323,0.004923629456471898,0.04204680439118133,False,False,True
66,ClaimReportingWithinPeriod,0.04853507427167009,0.005039838455119898,0.04349523581655019,False,False,True
66,ClaimReportingDelayDays,0.06289188220861323,0.00778232102020698,0.05510956118840625,False,False,True
66,OCRConfidence,0.07434895075984224,0.007552047708834432,0.06679690305100781,False,False,False
66,WarrantyRemainingDays,0.12995456455944382,0.01106363473968682,0.118890929819757,False,False,True
66,RequiredDocumentsComplete,0.1945645199228888,0.016097829788011327,0.17846669013487748,False,False,True
66,FaultCovered,0.21108549186453476,0.016145518062219366,0.1949399738023154,False,False,True
67,DuplicateClaimIndicator,0.0061563186644308515,0.0031131600409014543,0.003043158623529397,False,False,False
67,OCRQualityBand,0.008301198155409265,0.002650367499119115,0.00565083065629015,False,False,False
67,ProductModelConsistent,0.009996493473234197,0.0036837739947020148,0.006312719478532182,False,False,False
67,MissingDocumentCount,0.016552063932678746,0.00789232079780155,0.008659743134877195,False,False,True
67,ContradictionIndicator,0.02158717649759602,0.008944962586709217,0.012642213910886803,False,False,False
67,RepairAuthorized,0.027896977649087232,0.005748923842438251,0.02214805380664898,False,False,True
67,ProductIdentityMatch,0.03919919426267096,0.005518143341109643,0.03368105092156132,False,False,True
67,SerialNumberMatch,0.044651158639106694,0.0073807399627424854,0.03727041867636421,False,False,True
67,ClaimReportingWithinPeriod,0.049725348648308285,0.004002164055269714,0.04572318459303857,False,False,True
67,ClaimReportingDelayDays,0.06350211215733015,0.0031937919375475705,0.06030832021978258,False,False,True
67,OCRConfidence,0.07379746480528525,0.00852416812796451,0.06527329667732074,False,False,False
67,WarrantyRemainingDays,0.11862407621944025,0.008414003829695179,0.11021007238974508,False,False,True
67,RequiredDocumentsComplete,0.20578359488707026,0.011965214249113234,0.19381838063795703,False,False,True
67,FaultCovered,0.20587872407772725,0.015378428025605333,0.19050029605212193,False,False,True
